2025-09-30 06:45:44.312 | DEBUG    | function.arguments:log:104 - Arguments: 
[Experiment Config]
Model Type: FedMSE
Noise Type: label_flipping
Aggregation Type: FedMSE
Learning Rate: 0.01
Coefficient Shrink AE: 1.0
Threshold Multiplier: 0.0
Noise STD: 0.001
Attack Noise STD: 3.0
Number of Poisoned Clients: 0
Poisoned Sample Ratio: 1.0
Dimension: 17
Epochs: 500
Number of Multi-Class Clients: 0

[System Config]
Number of Workers: 20
Early Stop Offset: 500
Threshold Factor: 0
Cuda Enabled: True
Shuffle: False
Loss Function: <class 'torch.nn.modules.loss.MSELoss'>

[Dataset Config]
Dataset: wsn_ds
Train Batch Size: 128
Val Batch Size: 128
Test Batch Size: 1
Malicious Batch Size: 128
Train Data Path: data_loaders/wsn_ds/train_data_loader.pickle
Val Data Path: data_loaders/wsn_ds/val_data_loader.pickle
Test Data Path: data_loaders/wsn_ds/test_data_loader.pickle
Malicious Data Path: data_loaders/wsn_ds/mal_data_loader.pickle
Default Model Save Path: default_models/wsn_ds

2025-09-30 06:45:44.312 | INFO     | function.utils.data_loader_util:load_data_loader_from_file:191 - Loading data loader from file: data_loaders/wsn_ds/train_data_loader.pickle
2025-09-30 06:45:44.335 | INFO     | function.utils.data_loader_util:load_data_loader_from_file:191 - Loading data loader from file: data_loaders/wsn_ds/val_data_loader.pickle
2025-09-30 06:45:44.338 | INFO     | function.utils.data_loader_util:load_data_loader_from_file:191 - Loading data loader from file: data_loaders/wsn_ds/test_data_loader.pickle
2025-09-30 06:45:44.342 | INFO     | function.utils.data_loader_util:load_data_loader_from_file:191 - Loading data loader from file: data_loaders/wsn_ds/mal_data_loader.pickle
2025-09-30 06:45:44.343 | INFO     | core.experiment_runner:run_exp:56 - Multi-class client IDs: []
2025-09-30 06:45:44.344 | INFO     | core.experiment_runner:run_exp:61 - Single-class client IDs: [0, 1, 2, 3, 4, 5, 6, 7, 8, 9, 10, 11, 12, 13, 14, 15, 16, 17, 18, 19]
2025-09-30 06:45:48.751 | INFO     | function.utils.data_util:poison_data:100 - Poisoning data for workers: []
2025-09-30 06:45:54.143 | INFO     | function.utils.data_util:poison_data:100 - Poisoning data for workers: []
2025-09-30 06:46:01.596 | INFO     | agents.servers.serverFedMSE:train_on_clients:32 - Training FedMSE model epoch #1
2025-09-30 06:46:01.941 | INFO     | agents.servers.serverFedMSE:train_on_clients:54 - Client 0 gets new best val_loss at epoch #1: 0.014074
2025-09-30 06:46:02.174 | INFO     | agents.servers.serverFedMSE:train_on_clients:54 - Client 1 gets new best val_loss at epoch #1: 0.014703
2025-09-30 06:46:02.411 | INFO     | agents.servers.serverFedMSE:train_on_clients:54 - Client 2 gets new best val_loss at epoch #1: 0.014540
2025-09-30 06:46:02.639 | INFO     | agents.servers.serverFedMSE:train_on_clients:54 - Client 3 gets new best val_loss at epoch #1: 0.014811
2025-09-30 06:46:02.869 | INFO     | agents.servers.serverFedMSE:train_on_clients:54 - Client 4 gets new best val_loss at epoch #1: 0.015577
2025-09-30 06:46:03.104 | INFO     | agents.servers.serverFedMSE:train_on_clients:54 - Client 5 gets new best val_loss at epoch #1: 0.013297
2025-09-30 06:46:03.337 | INFO     | agents.servers.serverFedMSE:train_on_clients:54 - Client 6 gets new best val_loss at epoch #1: 0.013635
2025-09-30 06:46:03.566 | INFO     | agents.servers.serverFedMSE:train_on_clients:54 - Client 7 gets new best val_loss at epoch #1: 0.014137
2025-09-30 06:46:03.795 | INFO     | agents.servers.serverFedMSE:train_on_clients:54 - Client 8 gets new best val_loss at epoch #1: 0.014204
2025-09-30 06:46:04.024 | INFO     | agents.servers.serverFedMSE:train_on_clients:54 - Client 9 gets new best val_loss at epoch #1: 0.014434
2025-09-30 06:46:04.254 | INFO     | agents.servers.serverFedMSE:train_on_clients:54 - Client 10 gets new best val_loss at epoch #1: 0.015415
2025-09-30 06:46:04.492 | INFO     | agents.servers.serverFedMSE:train_on_clients:54 - Client 11 gets new best val_loss at epoch #1: 0.013053
2025-09-30 06:46:04.721 | INFO     | agents.servers.serverFedMSE:train_on_clients:54 - Client 12 gets new best val_loss at epoch #1: 0.017304
2025-09-30 06:46:04.953 | INFO     | agents.servers.serverFedMSE:train_on_clients:54 - Client 13 gets new best val_loss at epoch #1: 0.018207
2025-09-30 06:46:05.182 | INFO     | agents.servers.serverFedMSE:train_on_clients:54 - Client 14 gets new best val_loss at epoch #1: 0.014064
2025-09-30 06:46:05.413 | INFO     | agents.servers.serverFedMSE:train_on_clients:54 - Client 15 gets new best val_loss at epoch #1: 0.016688
2025-09-30 06:46:05.642 | INFO     | agents.servers.serverFedMSE:train_on_clients:54 - Client 16 gets new best val_loss at epoch #1: 0.015909
2025-09-30 06:46:05.875 | INFO     | agents.servers.serverFedMSE:train_on_clients:54 - Client 17 gets new best val_loss at epoch #1: 0.013702
2025-09-30 06:46:06.111 | INFO     | agents.servers.serverFedMSE:train_on_clients:54 - Client 18 gets new best val_loss at epoch #1: 0.014772
2025-09-30 06:46:06.351 | INFO     | agents.servers.serverFedMSE:train_on_clients:54 - Client 19 gets new best val_loss at epoch #1: 0.015675
2025-09-30 06:46:06.353 | INFO     | agents.servers.serverFedMSE:train_on_clients:76 - 20 clients still training at epoch #1
2025-09-30 06:46:20.890 | INFO     | agents.servers.serverFedMSE:train_on_clients:32 - Training FedMSE model epoch #2
2025-09-30 06:46:21.164 | INFO     | agents.servers.serverFedMSE:train_on_clients:54 - Client 0 gets new best val_loss at epoch #2: 0.011588
2025-09-30 06:46:21.406 | INFO     | agents.servers.serverFedMSE:train_on_clients:54 - Client 1 gets new best val_loss at epoch #2: 0.011671
2025-09-30 06:46:21.642 | INFO     | agents.servers.serverFedMSE:train_on_clients:54 - Client 2 gets new best val_loss at epoch #2: 0.011583
2025-09-30 06:46:21.875 | INFO     | agents.servers.serverFedMSE:train_on_clients:54 - Client 3 gets new best val_loss at epoch #2: 0.012294
2025-09-30 06:46:22.107 | INFO     | agents.servers.serverFedMSE:train_on_clients:54 - Client 4 gets new best val_loss at epoch #2: 0.011691
2025-09-30 06:46:22.341 | INFO     | agents.servers.serverFedMSE:train_on_clients:54 - Client 5 gets new best val_loss at epoch #2: 0.010909
2025-09-30 06:46:22.595 | INFO     | agents.servers.serverFedMSE:train_on_clients:54 - Client 6 gets new best val_loss at epoch #2: 0.011225
2025-09-30 06:46:22.844 | INFO     | agents.servers.serverFedMSE:train_on_clients:54 - Client 7 gets new best val_loss at epoch #2: 0.011938
2025-09-30 06:46:23.079 | INFO     | agents.servers.serverFedMSE:train_on_clients:54 - Client 8 gets new best val_loss at epoch #2: 0.011934
2025-09-30 06:46:23.314 | INFO     | agents.servers.serverFedMSE:train_on_clients:54 - Client 9 gets new best val_loss at epoch #2: 0.011643
2025-09-30 06:46:23.547 | INFO     | agents.servers.serverFedMSE:train_on_clients:54 - Client 10 gets new best val_loss at epoch #2: 0.011912
2025-09-30 06:46:23.780 | INFO     | agents.servers.serverFedMSE:train_on_clients:54 - Client 11 gets new best val_loss at epoch #2: 0.011206
2025-09-30 06:46:24.014 | INFO     | agents.servers.serverFedMSE:train_on_clients:54 - Client 12 gets new best val_loss at epoch #2: 0.011194
2025-09-30 06:46:24.246 | INFO     | agents.servers.serverFedMSE:train_on_clients:54 - Client 13 gets new best val_loss at epoch #2: 0.010724
2025-09-30 06:46:24.480 | INFO     | agents.servers.serverFedMSE:train_on_clients:54 - Client 14 gets new best val_loss at epoch #2: 0.011405
2025-09-30 06:46:24.713 | INFO     | agents.servers.serverFedMSE:train_on_clients:54 - Client 15 gets new best val_loss at epoch #2: 0.010927
2025-09-30 06:46:24.949 | INFO     | agents.servers.serverFedMSE:train_on_clients:54 - Client 16 gets new best val_loss at epoch #2: 0.011688
2025-09-30 06:46:25.170 | INFO     | agents.servers.serverFedMSE:train_on_clients:54 - Client 17 gets new best val_loss at epoch #2: 0.010168
2025-09-30 06:46:25.392 | INFO     | agents.servers.serverFedMSE:train_on_clients:54 - Client 18 gets new best val_loss at epoch #2: 0.012000
2025-09-30 06:46:25.614 | INFO     | agents.servers.serverFedMSE:train_on_clients:54 - Client 19 gets new best val_loss at epoch #2: 0.011886
2025-09-30 06:46:25.615 | INFO     | agents.servers.serverFedMSE:train_on_clients:76 - 20 clients still training at epoch #2
2025-09-30 06:46:56.660 | INFO     | agents.servers.serverFedMSE:train_on_clients:32 - Training FedMSE model epoch #3
2025-09-30 06:46:56.923 | INFO     | agents.servers.serverFedMSE:train_on_clients:54 - Client 0 gets new best val_loss at epoch #3: 0.007226
2025-09-30 06:46:57.186 | INFO     | agents.servers.serverFedMSE:train_on_clients:54 - Client 1 gets new best val_loss at epoch #3: 0.008427
2025-09-30 06:46:57.445 | INFO     | agents.servers.serverFedMSE:train_on_clients:54 - Client 2 gets new best val_loss at epoch #3: 0.008390
2025-09-30 06:46:57.704 | INFO     | agents.servers.serverFedMSE:train_on_clients:54 - Client 3 gets new best val_loss at epoch #3: 0.007928
2025-09-30 06:46:57.965 | INFO     | agents.servers.serverFedMSE:train_on_clients:54 - Client 4 gets new best val_loss at epoch #3: 0.007833
2025-09-30 06:46:58.229 | INFO     | agents.servers.serverFedMSE:train_on_clients:54 - Client 5 gets new best val_loss at epoch #3: 0.007337
2025-09-30 06:46:58.490 | INFO     | agents.servers.serverFedMSE:train_on_clients:54 - Client 6 gets new best val_loss at epoch #3: 0.009022
2025-09-30 06:46:58.755 | INFO     | agents.servers.serverFedMSE:train_on_clients:54 - Client 7 gets new best val_loss at epoch #3: 0.007774
2025-09-30 06:46:59.020 | INFO     | agents.servers.serverFedMSE:train_on_clients:54 - Client 8 gets new best val_loss at epoch #3: 0.008080
2025-09-30 06:46:59.283 | INFO     | agents.servers.serverFedMSE:train_on_clients:54 - Client 9 gets new best val_loss at epoch #3: 0.007199
2025-09-30 06:46:59.547 | INFO     | agents.servers.serverFedMSE:train_on_clients:54 - Client 10 gets new best val_loss at epoch #3: 0.007742
2025-09-30 06:46:59.809 | INFO     | agents.servers.serverFedMSE:train_on_clients:54 - Client 11 gets new best val_loss at epoch #3: 0.007115
2025-09-30 06:47:00.073 | INFO     | agents.servers.serverFedMSE:train_on_clients:54 - Client 12 gets new best val_loss at epoch #3: 0.007337
2025-09-30 06:47:00.337 | INFO     | agents.servers.serverFedMSE:train_on_clients:54 - Client 13 gets new best val_loss at epoch #3: 0.009063
2025-09-30 06:47:00.603 | INFO     | agents.servers.serverFedMSE:train_on_clients:54 - Client 14 gets new best val_loss at epoch #3: 0.007127
2025-09-30 06:47:00.867 | INFO     | agents.servers.serverFedMSE:train_on_clients:54 - Client 15 gets new best val_loss at epoch #3: 0.007053
2025-09-30 06:47:01.133 | INFO     | agents.servers.serverFedMSE:train_on_clients:54 - Client 16 gets new best val_loss at epoch #3: 0.007589
2025-09-30 06:47:01.398 | INFO     | agents.servers.serverFedMSE:train_on_clients:54 - Client 17 gets new best val_loss at epoch #3: 0.006630
2025-09-30 06:47:01.662 | INFO     | agents.servers.serverFedMSE:train_on_clients:54 - Client 18 gets new best val_loss at epoch #3: 0.007724
2025-09-30 06:47:01.928 | INFO     | agents.servers.serverFedMSE:train_on_clients:54 - Client 19 gets new best val_loss at epoch #3: 0.007977
2025-09-30 06:47:01.929 | INFO     | agents.servers.serverFedMSE:train_on_clients:76 - 20 clients still training at epoch #3
2025-09-30 06:47:36.655 | INFO     | agents.servers.serverFedMSE:train_on_clients:32 - Training FedMSE model epoch #4
2025-09-30 06:47:36.926 | INFO     | agents.servers.serverFedMSE:train_on_clients:54 - Client 0 gets new best val_loss at epoch #4: 0.006962
2025-09-30 06:47:37.196 | INFO     | agents.servers.serverFedMSE:train_on_clients:54 - Client 1 gets new best val_loss at epoch #4: 0.007258
2025-09-30 06:47:37.465 | INFO     | agents.servers.serverFedMSE:train_on_clients:54 - Client 2 gets new best val_loss at epoch #4: 0.007249
2025-09-30 06:47:37.734 | INFO     | agents.servers.serverFedMSE:train_on_clients:54 - Client 3 gets new best val_loss at epoch #4: 0.007304
2025-09-30 06:47:38.001 | INFO     | agents.servers.serverFedMSE:train_on_clients:54 - Client 4 gets new best val_loss at epoch #4: 0.007420
2025-09-30 06:47:38.268 | INFO     | agents.servers.serverFedMSE:train_on_clients:54 - Client 5 gets new best val_loss at epoch #4: 0.006992
2025-09-30 06:47:38.537 | INFO     | agents.servers.serverFedMSE:train_on_clients:54 - Client 6 gets new best val_loss at epoch #4: 0.007303
2025-09-30 06:47:38.803 | INFO     | agents.servers.serverFedMSE:train_on_clients:54 - Client 7 gets new best val_loss at epoch #4: 0.007347
2025-09-30 06:47:39.065 | INFO     | agents.servers.serverFedMSE:train_on_clients:54 - Client 8 gets new best val_loss at epoch #4: 0.007194
2025-09-30 06:47:39.327 | INFO     | agents.servers.serverFedMSE:train_on_clients:54 - Client 9 gets new best val_loss at epoch #4: 0.006772
2025-09-30 06:47:39.586 | INFO     | agents.servers.serverFedMSE:train_on_clients:54 - Client 10 gets new best val_loss at epoch #4: 0.007120
2025-09-30 06:47:39.847 | INFO     | agents.servers.serverFedMSE:train_on_clients:54 - Client 11 gets new best val_loss at epoch #4: 0.006950
2025-09-30 06:47:40.105 | INFO     | agents.servers.serverFedMSE:train_on_clients:54 - Client 12 gets new best val_loss at epoch #4: 0.007051
2025-09-30 06:47:40.367 | INFO     | agents.servers.serverFedMSE:train_on_clients:54 - Client 13 gets new best val_loss at epoch #4: 0.006433
2025-09-30 06:47:40.626 | INFO     | agents.servers.serverFedMSE:train_on_clients:54 - Client 14 gets new best val_loss at epoch #4: 0.006963
2025-09-30 06:47:40.885 | INFO     | agents.servers.serverFedMSE:train_on_clients:54 - Client 15 gets new best val_loss at epoch #4: 0.006823
2025-09-30 06:47:41.143 | INFO     | agents.servers.serverFedMSE:train_on_clients:54 - Client 16 gets new best val_loss at epoch #4: 0.007007
2025-09-30 06:47:41.419 | INFO     | agents.servers.serverFedMSE:train_on_clients:54 - Client 17 gets new best val_loss at epoch #4: 0.006142
2025-09-30 06:47:41.680 | INFO     | agents.servers.serverFedMSE:train_on_clients:54 - Client 18 gets new best val_loss at epoch #4: 0.007526
2025-09-30 06:47:41.940 | INFO     | agents.servers.serverFedMSE:train_on_clients:54 - Client 19 gets new best val_loss at epoch #4: 0.007380
2025-09-30 06:47:41.941 | INFO     | agents.servers.serverFedMSE:train_on_clients:76 - 20 clients still training at epoch #4
2025-09-30 06:48:17.228 | INFO     | agents.servers.serverFedMSE:train_on_clients:32 - Training FedMSE model epoch #5
2025-09-30 06:48:17.490 | INFO     | agents.servers.serverFedMSE:train_on_clients:54 - Client 0 gets new best val_loss at epoch #5: 0.006797
2025-09-30 06:48:17.750 | INFO     | agents.servers.serverFedMSE:train_on_clients:54 - Client 1 gets new best val_loss at epoch #5: 0.007140
2025-09-30 06:48:18.010 | INFO     | agents.servers.serverFedMSE:train_on_clients:54 - Client 2 gets new best val_loss at epoch #5: 0.007053
2025-09-30 06:48:18.530 | INFO     | agents.servers.serverFedMSE:train_on_clients:54 - Client 4 gets new best val_loss at epoch #5: 0.007125
2025-09-30 06:48:18.791 | INFO     | agents.servers.serverFedMSE:train_on_clients:54 - Client 5 gets new best val_loss at epoch #5: 0.006780
2025-09-30 06:48:19.050 | INFO     | agents.servers.serverFedMSE:train_on_clients:54 - Client 6 gets new best val_loss at epoch #5: 0.006761
2025-09-30 06:48:19.313 | INFO     | agents.servers.serverFedMSE:train_on_clients:54 - Client 7 gets new best val_loss at epoch #5: 0.007133
2025-09-30 06:48:19.571 | INFO     | agents.servers.serverFedMSE:train_on_clients:54 - Client 8 gets new best val_loss at epoch #5: 0.006867
2025-09-30 06:48:19.833 | INFO     | agents.servers.serverFedMSE:train_on_clients:54 - Client 9 gets new best val_loss at epoch #5: 0.006584
2025-09-30 06:48:20.097 | INFO     | agents.servers.serverFedMSE:train_on_clients:54 - Client 10 gets new best val_loss at epoch #5: 0.007042
2025-09-30 06:48:20.359 | INFO     | agents.servers.serverFedMSE:train_on_clients:54 - Client 11 gets new best val_loss at epoch #5: 0.006493
2025-09-30 06:48:20.621 | INFO     | agents.servers.serverFedMSE:train_on_clients:54 - Client 12 gets new best val_loss at epoch #5: 0.006791
2025-09-30 06:48:20.878 | INFO     | agents.servers.serverFedMSE:train_on_clients:54 - Client 13 gets new best val_loss at epoch #5: 0.006247
2025-09-30 06:48:21.401 | INFO     | agents.servers.serverFedMSE:train_on_clients:54 - Client 15 gets new best val_loss at epoch #5: 0.006607
2025-09-30 06:48:21.660 | INFO     | agents.servers.serverFedMSE:train_on_clients:54 - Client 16 gets new best val_loss at epoch #5: 0.006958
2025-09-30 06:48:21.919 | INFO     | agents.servers.serverFedMSE:train_on_clients:54 - Client 17 gets new best val_loss at epoch #5: 0.005993
2025-09-30 06:48:22.182 | INFO     | agents.servers.serverFedMSE:train_on_clients:54 - Client 18 gets new best val_loss at epoch #5: 0.007211
2025-09-30 06:48:22.442 | INFO     | agents.servers.serverFedMSE:train_on_clients:54 - Client 19 gets new best val_loss at epoch #5: 0.007248
2025-09-30 06:48:22.443 | INFO     | agents.servers.serverFedMSE:train_on_clients:76 - 20 clients still training at epoch #5
2025-09-30 06:48:57.780 | INFO     | agents.servers.serverFedMSE:train_on_clients:32 - Training FedMSE model epoch #6
2025-09-30 06:48:58.304 | INFO     | agents.servers.serverFedMSE:train_on_clients:54 - Client 1 gets new best val_loss at epoch #6: 0.006357
2025-09-30 06:48:59.091 | INFO     | agents.servers.serverFedMSE:train_on_clients:54 - Client 4 gets new best val_loss at epoch #6: 0.006899
2025-09-30 06:48:59.352 | INFO     | agents.servers.serverFedMSE:train_on_clients:54 - Client 5 gets new best val_loss at epoch #6: 0.006301
2025-09-30 06:48:59.611 | INFO     | agents.servers.serverFedMSE:train_on_clients:54 - Client 6 gets new best val_loss at epoch #6: 0.006352
2025-09-30 06:49:00.135 | INFO     | agents.servers.serverFedMSE:train_on_clients:54 - Client 8 gets new best val_loss at epoch #6: 0.006441
2025-09-30 06:49:00.397 | INFO     | agents.servers.serverFedMSE:train_on_clients:54 - Client 9 gets new best val_loss at epoch #6: 0.006307
2025-09-30 06:49:00.658 | INFO     | agents.servers.serverFedMSE:train_on_clients:54 - Client 10 gets new best val_loss at epoch #6: 0.006611
2025-09-30 06:49:00.920 | INFO     | agents.servers.serverFedMSE:train_on_clients:54 - Client 11 gets new best val_loss at epoch #6: 0.005980
2025-09-30 06:49:01.181 | INFO     | agents.servers.serverFedMSE:train_on_clients:54 - Client 12 gets new best val_loss at epoch #6: 0.006178
2025-09-30 06:49:01.441 | INFO     | agents.servers.serverFedMSE:train_on_clients:54 - Client 13 gets new best val_loss at epoch #6: 0.005891
2025-09-30 06:49:01.702 | INFO     | agents.servers.serverFedMSE:train_on_clients:54 - Client 14 gets new best val_loss at epoch #6: 0.006349
2025-09-30 06:49:01.961 | INFO     | agents.servers.serverFedMSE:train_on_clients:54 - Client 15 gets new best val_loss at epoch #6: 0.006029
2025-09-30 06:49:02.221 | INFO     | agents.servers.serverFedMSE:train_on_clients:54 - Client 16 gets new best val_loss at epoch #6: 0.006651
2025-09-30 06:49:02.481 | INFO     | agents.servers.serverFedMSE:train_on_clients:54 - Client 17 gets new best val_loss at epoch #6: 0.005518
2025-09-30 06:49:02.741 | INFO     | agents.servers.serverFedMSE:train_on_clients:54 - Client 18 gets new best val_loss at epoch #6: 0.006438
2025-09-30 06:49:03.002 | INFO     | agents.servers.serverFedMSE:train_on_clients:54 - Client 19 gets new best val_loss at epoch #6: 0.006589
2025-09-30 06:49:03.003 | INFO     | agents.servers.serverFedMSE:train_on_clients:76 - 20 clients still training at epoch #6
2025-09-30 06:49:38.371 | INFO     | agents.servers.serverFedMSE:train_on_clients:32 - Training FedMSE model epoch #7
2025-09-30 06:49:38.634 | INFO     | agents.servers.serverFedMSE:train_on_clients:54 - Client 0 gets new best val_loss at epoch #7: 0.005720
2025-09-30 06:49:38.896 | INFO     | agents.servers.serverFedMSE:train_on_clients:54 - Client 1 gets new best val_loss at epoch #7: 0.006038
2025-09-30 06:49:39.161 | INFO     | agents.servers.serverFedMSE:train_on_clients:54 - Client 2 gets new best val_loss at epoch #7: 0.005994
2025-09-30 06:49:39.435 | INFO     | agents.servers.serverFedMSE:train_on_clients:54 - Client 3 gets new best val_loss at epoch #7: 0.006157
2025-09-30 06:49:39.707 | INFO     | agents.servers.serverFedMSE:train_on_clients:54 - Client 4 gets new best val_loss at epoch #7: 0.006263
2025-09-30 06:49:40.244 | INFO     | agents.servers.serverFedMSE:train_on_clients:54 - Client 6 gets new best val_loss at epoch #7: 0.005798
2025-09-30 06:49:40.542 | INFO     | agents.servers.serverFedMSE:train_on_clients:54 - Client 7 gets new best val_loss at epoch #7: 0.006236
2025-09-30 06:49:40.806 | INFO     | agents.servers.serverFedMSE:train_on_clients:54 - Client 8 gets new best val_loss at epoch #7: 0.005929
2025-09-30 06:49:41.076 | INFO     | agents.servers.serverFedMSE:train_on_clients:54 - Client 9 gets new best val_loss at epoch #7: 0.005737
2025-09-30 06:49:41.345 | INFO     | agents.servers.serverFedMSE:train_on_clients:54 - Client 10 gets new best val_loss at epoch #7: 0.006232
2025-09-30 06:49:42.169 | INFO     | agents.servers.serverFedMSE:train_on_clients:54 - Client 13 gets new best val_loss at epoch #7: 0.005545
2025-09-30 06:49:42.707 | INFO     | agents.servers.serverFedMSE:train_on_clients:54 - Client 15 gets new best val_loss at epoch #7: 0.005885
2025-09-30 06:49:42.978 | INFO     | agents.servers.serverFedMSE:train_on_clients:54 - Client 16 gets new best val_loss at epoch #7: 0.006099
2025-09-30 06:49:43.249 | INFO     | agents.servers.serverFedMSE:train_on_clients:54 - Client 17 gets new best val_loss at epoch #7: 0.005229
2025-09-30 06:49:43.519 | INFO     | agents.servers.serverFedMSE:train_on_clients:54 - Client 18 gets new best val_loss at epoch #7: 0.006084
2025-09-30 06:49:43.787 | INFO     | agents.servers.serverFedMSE:train_on_clients:54 - Client 19 gets new best val_loss at epoch #7: 0.006296
2025-09-30 06:49:43.789 | INFO     | agents.servers.serverFedMSE:train_on_clients:76 - 20 clients still training at epoch #7
2025-09-30 06:50:19.572 | INFO     | agents.servers.serverFedMSE:train_on_clients:32 - Training FedMSE model epoch #8
2025-09-30 06:50:19.841 | INFO     | agents.servers.serverFedMSE:train_on_clients:54 - Client 0 gets new best val_loss at epoch #8: 0.005665
2025-09-30 06:50:20.110 | INFO     | agents.servers.serverFedMSE:train_on_clients:54 - Client 1 gets new best val_loss at epoch #8: 0.005940
2025-09-30 06:50:20.644 | INFO     | agents.servers.serverFedMSE:train_on_clients:54 - Client 3 gets new best val_loss at epoch #8: 0.006022
2025-09-30 06:50:20.911 | INFO     | agents.servers.serverFedMSE:train_on_clients:54 - Client 4 gets new best val_loss at epoch #8: 0.005972
2025-09-30 06:50:21.179 | INFO     | agents.servers.serverFedMSE:train_on_clients:54 - Client 5 gets new best val_loss at epoch #8: 0.005763
2025-09-30 06:50:21.713 | INFO     | agents.servers.serverFedMSE:train_on_clients:54 - Client 7 gets new best val_loss at epoch #8: 0.006126
2025-09-30 06:50:21.980 | INFO     | agents.servers.serverFedMSE:train_on_clients:54 - Client 8 gets new best val_loss at epoch #8: 0.005837
2025-09-30 06:50:22.514 | INFO     | agents.servers.serverFedMSE:train_on_clients:54 - Client 10 gets new best val_loss at epoch #8: 0.006062
2025-09-30 06:50:22.781 | INFO     | agents.servers.serverFedMSE:train_on_clients:54 - Client 11 gets new best val_loss at epoch #8: 0.005512
2025-09-30 06:50:23.047 | INFO     | agents.servers.serverFedMSE:train_on_clients:54 - Client 12 gets new best val_loss at epoch #8: 0.005623
2025-09-30 06:50:23.312 | INFO     | agents.servers.serverFedMSE:train_on_clients:54 - Client 13 gets new best val_loss at epoch #8: 0.005335
2025-09-30 06:50:23.580 | INFO     | agents.servers.serverFedMSE:train_on_clients:54 - Client 14 gets new best val_loss at epoch #8: 0.005514
2025-09-30 06:50:23.849 | INFO     | agents.servers.serverFedMSE:train_on_clients:54 - Client 15 gets new best val_loss at epoch #8: 0.005823
2025-09-30 06:50:24.117 | INFO     | agents.servers.serverFedMSE:train_on_clients:54 - Client 16 gets new best val_loss at epoch #8: 0.005765
2025-09-30 06:50:24.387 | INFO     | agents.servers.serverFedMSE:train_on_clients:54 - Client 17 gets new best val_loss at epoch #8: 0.005107
2025-09-30 06:50:24.654 | INFO     | agents.servers.serverFedMSE:train_on_clients:54 - Client 18 gets new best val_loss at epoch #8: 0.006016
2025-09-30 06:50:24.922 | INFO     | agents.servers.serverFedMSE:train_on_clients:54 - Client 19 gets new best val_loss at epoch #8: 0.006029
2025-09-30 06:50:24.923 | INFO     | agents.servers.serverFedMSE:train_on_clients:76 - 20 clients still training at epoch #8
2025-09-30 06:51:00.618 | INFO     | agents.servers.serverFedMSE:train_on_clients:32 - Training FedMSE model epoch #9
2025-09-30 06:51:01.415 | INFO     | agents.servers.serverFedMSE:train_on_clients:54 - Client 2 gets new best val_loss at epoch #9: 0.005656
2025-09-30 06:51:01.683 | INFO     | agents.servers.serverFedMSE:train_on_clients:54 - Client 3 gets new best val_loss at epoch #9: 0.005828
2025-09-30 06:51:01.951 | INFO     | agents.servers.serverFedMSE:train_on_clients:54 - Client 4 gets new best val_loss at epoch #9: 0.005777
2025-09-30 06:51:02.220 | INFO     | agents.servers.serverFedMSE:train_on_clients:54 - Client 5 gets new best val_loss at epoch #9: 0.005599
2025-09-30 06:51:02.488 | INFO     | agents.servers.serverFedMSE:train_on_clients:54 - Client 6 gets new best val_loss at epoch #9: 0.005489
2025-09-30 06:51:02.753 | INFO     | agents.servers.serverFedMSE:train_on_clients:54 - Client 7 gets new best val_loss at epoch #9: 0.006083
2025-09-30 06:51:03.288 | INFO     | agents.servers.serverFedMSE:train_on_clients:54 - Client 9 gets new best val_loss at epoch #9: 0.005526
2025-09-30 06:51:03.552 | INFO     | agents.servers.serverFedMSE:train_on_clients:54 - Client 10 gets new best val_loss at epoch #9: 0.005973
2025-09-30 06:51:03.818 | INFO     | agents.servers.serverFedMSE:train_on_clients:54 - Client 11 gets new best val_loss at epoch #9: 0.005506
2025-09-30 06:51:04.086 | INFO     | agents.servers.serverFedMSE:train_on_clients:54 - Client 12 gets new best val_loss at epoch #9: 0.005607
2025-09-30 06:51:04.886 | INFO     | agents.servers.serverFedMSE:train_on_clients:54 - Client 15 gets new best val_loss at epoch #9: 0.005426
2025-09-30 06:51:05.152 | INFO     | agents.servers.serverFedMSE:train_on_clients:54 - Client 16 gets new best val_loss at epoch #9: 0.005712
2025-09-30 06:51:05.418 | INFO     | agents.servers.serverFedMSE:train_on_clients:54 - Client 17 gets new best val_loss at epoch #9: 0.005102
2025-09-30 06:51:05.687 | INFO     | agents.servers.serverFedMSE:train_on_clients:54 - Client 18 gets new best val_loss at epoch #9: 0.005884
2025-09-30 06:51:05.954 | INFO     | agents.servers.serverFedMSE:train_on_clients:54 - Client 19 gets new best val_loss at epoch #9: 0.005979
2025-09-30 06:51:05.955 | INFO     | agents.servers.serverFedMSE:train_on_clients:76 - 20 clients still training at epoch #9
2025-09-30 06:51:41.237 | INFO     | agents.servers.serverFedMSE:train_on_clients:32 - Training FedMSE model epoch #10
2025-09-30 06:51:41.505 | INFO     | agents.servers.serverFedMSE:train_on_clients:54 - Client 0 gets new best val_loss at epoch #10: 0.005326
2025-09-30 06:51:41.506 | INFO     | agents.servers.serverFedMSE:train_on_clients:70 - Saved model for client 0 at epoch 10 -> saved_models/FedMSE/FedMSE/wsn_ds/epoch_10_client_0.pt
2025-09-30 06:51:41.775 | INFO     | agents.servers.serverFedMSE:train_on_clients:54 - Client 1 gets new best val_loss at epoch #10: 0.005611
2025-09-30 06:51:41.776 | INFO     | agents.servers.serverFedMSE:train_on_clients:70 - Saved model for client 1 at epoch 10 -> saved_models/FedMSE/FedMSE/wsn_ds/epoch_10_client_1.pt
2025-09-30 06:51:42.043 | INFO     | agents.servers.serverFedMSE:train_on_clients:70 - Saved model for client 2 at epoch 10 -> saved_models/FedMSE/FedMSE/wsn_ds/epoch_10_client_2.pt
2025-09-30 06:51:42.314 | INFO     | agents.servers.serverFedMSE:train_on_clients:70 - Saved model for client 3 at epoch 10 -> saved_models/FedMSE/FedMSE/wsn_ds/epoch_10_client_3.pt
2025-09-30 06:51:42.584 | INFO     | agents.servers.serverFedMSE:train_on_clients:70 - Saved model for client 4 at epoch 10 -> saved_models/FedMSE/FedMSE/wsn_ds/epoch_10_client_4.pt
2025-09-30 06:51:42.852 | INFO     | agents.servers.serverFedMSE:train_on_clients:70 - Saved model for client 5 at epoch 10 -> saved_models/FedMSE/FedMSE/wsn_ds/epoch_10_client_5.pt
2025-09-30 06:51:43.118 | INFO     | agents.servers.serverFedMSE:train_on_clients:54 - Client 6 gets new best val_loss at epoch #10: 0.005390
2025-09-30 06:51:43.120 | INFO     | agents.servers.serverFedMSE:train_on_clients:70 - Saved model for client 6 at epoch 10 -> saved_models/FedMSE/FedMSE/wsn_ds/epoch_10_client_6.pt
2025-09-30 06:51:43.388 | INFO     | agents.servers.serverFedMSE:train_on_clients:54 - Client 7 gets new best val_loss at epoch #10: 0.005856
2025-09-30 06:51:43.389 | INFO     | agents.servers.serverFedMSE:train_on_clients:70 - Saved model for client 7 at epoch 10 -> saved_models/FedMSE/FedMSE/wsn_ds/epoch_10_client_7.pt
2025-09-30 06:51:43.656 | INFO     | agents.servers.serverFedMSE:train_on_clients:54 - Client 8 gets new best val_loss at epoch #10: 0.005477
2025-09-30 06:51:43.657 | INFO     | agents.servers.serverFedMSE:train_on_clients:70 - Saved model for client 8 at epoch 10 -> saved_models/FedMSE/FedMSE/wsn_ds/epoch_10_client_8.pt
2025-09-30 06:51:43.926 | INFO     | agents.servers.serverFedMSE:train_on_clients:54 - Client 9 gets new best val_loss at epoch #10: 0.005254
2025-09-30 06:51:43.927 | INFO     | agents.servers.serverFedMSE:train_on_clients:70 - Saved model for client 9 at epoch 10 -> saved_models/FedMSE/FedMSE/wsn_ds/epoch_10_client_9.pt
2025-09-30 06:51:44.191 | INFO     | agents.servers.serverFedMSE:train_on_clients:54 - Client 10 gets new best val_loss at epoch #10: 0.005592
2025-09-30 06:51:44.193 | INFO     | agents.servers.serverFedMSE:train_on_clients:70 - Saved model for client 10 at epoch 10 -> saved_models/FedMSE/FedMSE/wsn_ds/epoch_10_client_10.pt
2025-09-30 06:51:44.460 | INFO     | agents.servers.serverFedMSE:train_on_clients:70 - Saved model for client 11 at epoch 10 -> saved_models/FedMSE/FedMSE/wsn_ds/epoch_10_client_11.pt
2025-09-30 06:51:44.726 | INFO     | agents.servers.serverFedMSE:train_on_clients:54 - Client 12 gets new best val_loss at epoch #10: 0.005522
2025-09-30 06:51:44.728 | INFO     | agents.servers.serverFedMSE:train_on_clients:70 - Saved model for client 12 at epoch 10 -> saved_models/FedMSE/FedMSE/wsn_ds/epoch_10_client_12.pt
2025-09-30 06:51:44.996 | INFO     | agents.servers.serverFedMSE:train_on_clients:54 - Client 13 gets new best val_loss at epoch #10: 0.005084
2025-09-30 06:51:44.997 | INFO     | agents.servers.serverFedMSE:train_on_clients:70 - Saved model for client 13 at epoch 10 -> saved_models/FedMSE/FedMSE/wsn_ds/epoch_10_client_13.pt
2025-09-30 06:51:45.262 | INFO     | agents.servers.serverFedMSE:train_on_clients:54 - Client 14 gets new best val_loss at epoch #10: 0.005327
2025-09-30 06:51:45.263 | INFO     | agents.servers.serverFedMSE:train_on_clients:70 - Saved model for client 14 at epoch 10 -> saved_models/FedMSE/FedMSE/wsn_ds/epoch_10_client_14.pt
2025-09-30 06:51:45.532 | INFO     | agents.servers.serverFedMSE:train_on_clients:54 - Client 15 gets new best val_loss at epoch #10: 0.005307
2025-09-30 06:51:45.534 | INFO     | agents.servers.serverFedMSE:train_on_clients:70 - Saved model for client 15 at epoch 10 -> saved_models/FedMSE/FedMSE/wsn_ds/epoch_10_client_15.pt
2025-09-30 06:51:45.801 | INFO     | agents.servers.serverFedMSE:train_on_clients:54 - Client 16 gets new best val_loss at epoch #10: 0.005706
2025-09-30 06:51:45.803 | INFO     | agents.servers.serverFedMSE:train_on_clients:70 - Saved model for client 16 at epoch 10 -> saved_models/FedMSE/FedMSE/wsn_ds/epoch_10_client_16.pt
2025-09-30 06:51:46.069 | INFO     | agents.servers.serverFedMSE:train_on_clients:54 - Client 17 gets new best val_loss at epoch #10: 0.004968
2025-09-30 06:51:46.070 | INFO     | agents.servers.serverFedMSE:train_on_clients:70 - Saved model for client 17 at epoch 10 -> saved_models/FedMSE/FedMSE/wsn_ds/epoch_10_client_17.pt
2025-09-30 06:51:46.340 | INFO     | agents.servers.serverFedMSE:train_on_clients:70 - Saved model for client 18 at epoch 10 -> saved_models/FedMSE/FedMSE/wsn_ds/epoch_10_client_18.pt
2025-09-30 06:51:46.606 | INFO     | agents.servers.serverFedMSE:train_on_clients:54 - Client 19 gets new best val_loss at epoch #10: 0.005756
2025-09-30 06:51:46.608 | INFO     | agents.servers.serverFedMSE:train_on_clients:70 - Saved model for client 19 at epoch 10 -> saved_models/FedMSE/FedMSE/wsn_ds/epoch_10_client_19.pt
2025-09-30 06:51:46.609 | INFO     | agents.servers.serverFedMSE:train_on_clients:76 - 20 clients still training at epoch #10
2025-09-30 06:52:22.095 | INFO     | agents.servers.serverFedMSE:train_on_clients:32 - Training FedMSE model epoch #11
2025-09-30 06:52:22.365 | INFO     | agents.servers.serverFedMSE:train_on_clients:54 - Client 0 gets new best val_loss at epoch #11: 0.004735
2025-09-30 06:52:22.898 | INFO     | agents.servers.serverFedMSE:train_on_clients:54 - Client 2 gets new best val_loss at epoch #11: 0.004907
2025-09-30 06:52:23.166 | INFO     | agents.servers.serverFedMSE:train_on_clients:54 - Client 3 gets new best val_loss at epoch #11: 0.005040
2025-09-30 06:52:23.436 | INFO     | agents.servers.serverFedMSE:train_on_clients:54 - Client 4 gets new best val_loss at epoch #11: 0.004991
2025-09-30 06:52:23.705 | INFO     | agents.servers.serverFedMSE:train_on_clients:54 - Client 5 gets new best val_loss at epoch #11: 0.004856
2025-09-30 06:52:23.973 | INFO     | agents.servers.serverFedMSE:train_on_clients:54 - Client 6 gets new best val_loss at epoch #11: 0.004793
2025-09-30 06:52:24.241 | INFO     | agents.servers.serverFedMSE:train_on_clients:54 - Client 7 gets new best val_loss at epoch #11: 0.005282
2025-09-30 06:52:24.510 | INFO     | agents.servers.serverFedMSE:train_on_clients:54 - Client 8 gets new best val_loss at epoch #11: 0.004862
2025-09-30 06:52:24.778 | INFO     | agents.servers.serverFedMSE:train_on_clients:54 - Client 9 gets new best val_loss at epoch #11: 0.004657
2025-09-30 06:52:25.049 | INFO     | agents.servers.serverFedMSE:train_on_clients:54 - Client 10 gets new best val_loss at epoch #11: 0.004961
2025-09-30 06:52:25.317 | INFO     | agents.servers.serverFedMSE:train_on_clients:54 - Client 11 gets new best val_loss at epoch #11: 0.004691
2025-09-30 06:52:25.585 | INFO     | agents.servers.serverFedMSE:train_on_clients:54 - Client 12 gets new best val_loss at epoch #11: 0.004908
2025-09-30 06:52:25.854 | INFO     | agents.servers.serverFedMSE:train_on_clients:54 - Client 13 gets new best val_loss at epoch #11: 0.004562
2025-09-30 06:52:26.120 | INFO     | agents.servers.serverFedMSE:train_on_clients:54 - Client 14 gets new best val_loss at epoch #11: 0.004660
2025-09-30 06:52:26.387 | INFO     | agents.servers.serverFedMSE:train_on_clients:54 - Client 15 gets new best val_loss at epoch #11: 0.004665
2025-09-30 06:52:26.653 | INFO     | agents.servers.serverFedMSE:train_on_clients:54 - Client 16 gets new best val_loss at epoch #11: 0.004891
2025-09-30 06:52:26.922 | INFO     | agents.servers.serverFedMSE:train_on_clients:54 - Client 17 gets new best val_loss at epoch #11: 0.004218
2025-09-30 06:52:27.190 | INFO     | agents.servers.serverFedMSE:train_on_clients:54 - Client 18 gets new best val_loss at epoch #11: 0.005019
2025-09-30 06:52:27.457 | INFO     | agents.servers.serverFedMSE:train_on_clients:54 - Client 19 gets new best val_loss at epoch #11: 0.005190
2025-09-30 06:52:27.458 | INFO     | agents.servers.serverFedMSE:train_on_clients:76 - 20 clients still training at epoch #11
2025-09-30 06:53:02.920 | INFO     | agents.servers.serverFedMSE:train_on_clients:32 - Training FedMSE model epoch #12
2025-09-30 06:53:03.191 | INFO     | agents.servers.serverFedMSE:train_on_clients:54 - Client 0 gets new best val_loss at epoch #12: 0.004066
2025-09-30 06:53:03.470 | INFO     | agents.servers.serverFedMSE:train_on_clients:54 - Client 1 gets new best val_loss at epoch #12: 0.004147
2025-09-30 06:53:03.738 | INFO     | agents.servers.serverFedMSE:train_on_clients:54 - Client 2 gets new best val_loss at epoch #12: 0.004437
2025-09-30 06:53:04.008 | INFO     | agents.servers.serverFedMSE:train_on_clients:54 - Client 3 gets new best val_loss at epoch #12: 0.004280
2025-09-30 06:53:04.545 | INFO     | agents.servers.serverFedMSE:train_on_clients:54 - Client 5 gets new best val_loss at epoch #12: 0.004592
2025-09-30 06:53:04.819 | INFO     | agents.servers.serverFedMSE:train_on_clients:54 - Client 6 gets new best val_loss at epoch #12: 0.004776
2025-09-30 06:53:05.088 | INFO     | agents.servers.serverFedMSE:train_on_clients:54 - Client 7 gets new best val_loss at epoch #12: 0.004571
2025-09-30 06:53:05.357 | INFO     | agents.servers.serverFedMSE:train_on_clients:54 - Client 8 gets new best val_loss at epoch #12: 0.004261
2025-09-30 06:53:05.625 | INFO     | agents.servers.serverFedMSE:train_on_clients:54 - Client 9 gets new best val_loss at epoch #12: 0.004317
2025-09-30 06:53:05.889 | INFO     | agents.servers.serverFedMSE:train_on_clients:54 - Client 10 gets new best val_loss at epoch #12: 0.004466
2025-09-30 06:53:06.158 | INFO     | agents.servers.serverFedMSE:train_on_clients:54 - Client 11 gets new best val_loss at epoch #12: 0.004120
2025-09-30 06:53:06.427 | INFO     | agents.servers.serverFedMSE:train_on_clients:54 - Client 12 gets new best val_loss at epoch #12: 0.004194
2025-09-30 06:53:06.689 | INFO     | agents.servers.serverFedMSE:train_on_clients:54 - Client 13 gets new best val_loss at epoch #12: 0.004086
2025-09-30 06:53:06.952 | INFO     | agents.servers.serverFedMSE:train_on_clients:54 - Client 14 gets new best val_loss at epoch #12: 0.004164
2025-09-30 06:53:07.215 | INFO     | agents.servers.serverFedMSE:train_on_clients:54 - Client 15 gets new best val_loss at epoch #12: 0.004188
2025-09-30 06:53:07.742 | INFO     | agents.servers.serverFedMSE:train_on_clients:54 - Client 17 gets new best val_loss at epoch #12: 0.003663
2025-09-30 06:53:08.005 | INFO     | agents.servers.serverFedMSE:train_on_clients:54 - Client 18 gets new best val_loss at epoch #12: 0.004258
2025-09-30 06:53:08.270 | INFO     | agents.servers.serverFedMSE:train_on_clients:54 - Client 19 gets new best val_loss at epoch #12: 0.004542
2025-09-30 06:53:08.271 | INFO     | agents.servers.serverFedMSE:train_on_clients:76 - 20 clients still training at epoch #12
2025-09-30 06:53:43.898 | INFO     | agents.servers.serverFedMSE:train_on_clients:32 - Training FedMSE model epoch #13
2025-09-30 06:53:44.172 | INFO     | agents.servers.serverFedMSE:train_on_clients:54 - Client 0 gets new best val_loss at epoch #13: 0.003909
2025-09-30 06:53:44.442 | INFO     | agents.servers.serverFedMSE:train_on_clients:54 - Client 1 gets new best val_loss at epoch #13: 0.003911
2025-09-30 06:53:44.713 | INFO     | agents.servers.serverFedMSE:train_on_clients:54 - Client 2 gets new best val_loss at epoch #13: 0.003911
2025-09-30 06:53:44.982 | INFO     | agents.servers.serverFedMSE:train_on_clients:54 - Client 3 gets new best val_loss at epoch #13: 0.004109
2025-09-30 06:53:45.252 | INFO     | agents.servers.serverFedMSE:train_on_clients:54 - Client 4 gets new best val_loss at epoch #13: 0.004274
2025-09-30 06:53:45.524 | INFO     | agents.servers.serverFedMSE:train_on_clients:54 - Client 5 gets new best val_loss at epoch #13: 0.003923
2025-09-30 06:53:45.792 | INFO     | agents.servers.serverFedMSE:train_on_clients:54 - Client 6 gets new best val_loss at epoch #13: 0.003787
2025-09-30 06:53:46.328 | INFO     | agents.servers.serverFedMSE:train_on_clients:54 - Client 8 gets new best val_loss at epoch #13: 0.003930
2025-09-30 06:53:46.596 | INFO     | agents.servers.serverFedMSE:train_on_clients:54 - Client 9 gets new best val_loss at epoch #13: 0.003800
2025-09-30 06:53:46.864 | INFO     | agents.servers.serverFedMSE:train_on_clients:54 - Client 10 gets new best val_loss at epoch #13: 0.004406
2025-09-30 06:53:47.134 | INFO     | agents.servers.serverFedMSE:train_on_clients:54 - Client 11 gets new best val_loss at epoch #13: 0.003786
2025-09-30 06:53:47.403 | INFO     | agents.servers.serverFedMSE:train_on_clients:54 - Client 12 gets new best val_loss at epoch #13: 0.003934
2025-09-30 06:53:47.673 | INFO     | agents.servers.serverFedMSE:train_on_clients:54 - Client 13 gets new best val_loss at epoch #13: 0.003732
2025-09-30 06:53:47.942 | INFO     | agents.servers.serverFedMSE:train_on_clients:54 - Client 14 gets new best val_loss at epoch #13: 0.004136
2025-09-30 06:53:48.211 | INFO     | agents.servers.serverFedMSE:train_on_clients:54 - Client 15 gets new best val_loss at epoch #13: 0.003824
2025-09-30 06:53:48.480 | INFO     | agents.servers.serverFedMSE:train_on_clients:54 - Client 16 gets new best val_loss at epoch #13: 0.003985
2025-09-30 06:53:49.017 | INFO     | agents.servers.serverFedMSE:train_on_clients:54 - Client 18 gets new best val_loss at epoch #13: 0.004079
2025-09-30 06:53:49.286 | INFO     | agents.servers.serverFedMSE:train_on_clients:54 - Client 19 gets new best val_loss at epoch #13: 0.004133
2025-09-30 06:53:49.287 | INFO     | agents.servers.serverFedMSE:train_on_clients:76 - 20 clients still training at epoch #13
2025-09-30 06:54:24.909 | INFO     | agents.servers.serverFedMSE:train_on_clients:32 - Training FedMSE model epoch #14
2025-09-30 06:54:25.180 | INFO     | agents.servers.serverFedMSE:train_on_clients:54 - Client 0 gets new best val_loss at epoch #14: 0.003859
2025-09-30 06:54:26.248 | INFO     | agents.servers.serverFedMSE:train_on_clients:54 - Client 4 gets new best val_loss at epoch #14: 0.003789
2025-09-30 06:54:26.785 | INFO     | agents.servers.serverFedMSE:train_on_clients:54 - Client 6 gets new best val_loss at epoch #14: 0.003730
2025-09-30 06:54:27.051 | INFO     | agents.servers.serverFedMSE:train_on_clients:54 - Client 7 gets new best val_loss at epoch #14: 0.004053
2025-09-30 06:54:27.852 | INFO     | agents.servers.serverFedMSE:train_on_clients:54 - Client 10 gets new best val_loss at epoch #14: 0.003906
2025-09-30 06:54:28.122 | INFO     | agents.servers.serverFedMSE:train_on_clients:54 - Client 11 gets new best val_loss at epoch #14: 0.003744
2025-09-30 06:54:28.393 | INFO     | agents.servers.serverFedMSE:train_on_clients:54 - Client 12 gets new best val_loss at epoch #14: 0.003792
2025-09-30 06:54:28.660 | INFO     | agents.servers.serverFedMSE:train_on_clients:54 - Client 13 gets new best val_loss at epoch #14: 0.003650
2025-09-30 06:54:29.194 | INFO     | agents.servers.serverFedMSE:train_on_clients:54 - Client 15 gets new best val_loss at epoch #14: 0.003808
2025-09-30 06:54:29.993 | INFO     | agents.servers.serverFedMSE:train_on_clients:54 - Client 18 gets new best val_loss at epoch #14: 0.003871
2025-09-30 06:54:30.259 | INFO     | agents.servers.serverFedMSE:train_on_clients:54 - Client 19 gets new best val_loss at epoch #14: 0.004059
2025-09-30 06:54:30.260 | INFO     | agents.servers.serverFedMSE:train_on_clients:76 - 20 clients still training at epoch #14
2025-09-30 06:55:05.844 | INFO     | agents.servers.serverFedMSE:train_on_clients:32 - Training FedMSE model epoch #15
2025-09-30 06:55:06.114 | INFO     | agents.servers.serverFedMSE:train_on_clients:54 - Client 0 gets new best val_loss at epoch #15: 0.003843
2025-09-30 06:55:06.379 | INFO     | agents.servers.serverFedMSE:train_on_clients:54 - Client 1 gets new best val_loss at epoch #15: 0.003798
2025-09-30 06:55:06.649 | INFO     | agents.servers.serverFedMSE:train_on_clients:54 - Client 2 gets new best val_loss at epoch #15: 0.003841
2025-09-30 06:55:07.444 | INFO     | agents.servers.serverFedMSE:train_on_clients:54 - Client 5 gets new best val_loss at epoch #15: 0.003815
2025-09-30 06:55:07.710 | INFO     | agents.servers.serverFedMSE:train_on_clients:54 - Client 6 gets new best val_loss at epoch #15: 0.003694
2025-09-30 06:55:07.976 | INFO     | agents.servers.serverFedMSE:train_on_clients:54 - Client 7 gets new best val_loss at epoch #15: 0.004025
2025-09-30 06:55:08.241 | INFO     | agents.servers.serverFedMSE:train_on_clients:54 - Client 8 gets new best val_loss at epoch #15: 0.003820
2025-09-30 06:55:08.506 | INFO     | agents.servers.serverFedMSE:train_on_clients:54 - Client 9 gets new best val_loss at epoch #15: 0.003619
2025-09-30 06:55:09.040 | INFO     | agents.servers.serverFedMSE:train_on_clients:54 - Client 11 gets new best val_loss at epoch #15: 0.003717
2025-09-30 06:55:09.305 | INFO     | agents.servers.serverFedMSE:train_on_clients:54 - Client 12 gets new best val_loss at epoch #15: 0.003650
2025-09-30 06:55:09.572 | INFO     | agents.servers.serverFedMSE:train_on_clients:54 - Client 13 gets new best val_loss at epoch #15: 0.003605
2025-09-30 06:55:09.841 | INFO     | agents.servers.serverFedMSE:train_on_clients:54 - Client 14 gets new best val_loss at epoch #15: 0.003705
2025-09-30 06:55:10.105 | INFO     | agents.servers.serverFedMSE:train_on_clients:54 - Client 15 gets new best val_loss at epoch #15: 0.003746
2025-09-30 06:55:10.380 | INFO     | agents.servers.serverFedMSE:train_on_clients:54 - Client 16 gets new best val_loss at epoch #15: 0.003798
2025-09-30 06:55:10.652 | INFO     | agents.servers.serverFedMSE:train_on_clients:54 - Client 17 gets new best val_loss at epoch #15: 0.003511
2025-09-30 06:55:11.198 | INFO     | agents.servers.serverFedMSE:train_on_clients:54 - Client 19 gets new best val_loss at epoch #15: 0.003943
2025-09-30 06:55:11.200 | INFO     | agents.servers.serverFedMSE:train_on_clients:76 - 20 clients still training at epoch #15
2025-09-30 06:55:46.922 | INFO     | agents.servers.serverFedMSE:train_on_clients:32 - Training FedMSE model epoch #16
2025-09-30 06:55:47.190 | INFO     | agents.servers.serverFedMSE:train_on_clients:54 - Client 0 gets new best val_loss at epoch #16: 0.003815
2025-09-30 06:55:47.459 | INFO     | agents.servers.serverFedMSE:train_on_clients:54 - Client 1 gets new best val_loss at epoch #16: 0.003795
2025-09-30 06:55:47.727 | INFO     | agents.servers.serverFedMSE:train_on_clients:54 - Client 2 gets new best val_loss at epoch #16: 0.003787
2025-09-30 06:55:47.996 | INFO     | agents.servers.serverFedMSE:train_on_clients:54 - Client 3 gets new best val_loss at epoch #16: 0.004101
2025-09-30 06:55:48.262 | INFO     | agents.servers.serverFedMSE:train_on_clients:54 - Client 4 gets new best val_loss at epoch #16: 0.003683
2025-09-30 06:55:49.064 | INFO     | agents.servers.serverFedMSE:train_on_clients:54 - Client 7 gets new best val_loss at epoch #16: 0.003958
2025-09-30 06:55:49.863 | INFO     | agents.servers.serverFedMSE:train_on_clients:54 - Client 10 gets new best val_loss at epoch #16: 0.003805
2025-09-30 06:55:50.397 | INFO     | agents.servers.serverFedMSE:train_on_clients:54 - Client 12 gets new best val_loss at epoch #16: 0.003597
2025-09-30 06:55:51.727 | INFO     | agents.servers.serverFedMSE:train_on_clients:54 - Client 17 gets new best val_loss at epoch #16: 0.003486
2025-09-30 06:55:52.260 | INFO     | agents.servers.serverFedMSE:train_on_clients:54 - Client 19 gets new best val_loss at epoch #16: 0.003876
2025-09-30 06:55:52.261 | INFO     | agents.servers.serverFedMSE:train_on_clients:76 - 20 clients still training at epoch #16
2025-09-30 06:56:27.696 | INFO     | agents.servers.serverFedMSE:train_on_clients:32 - Training FedMSE model epoch #17
2025-09-30 06:56:27.967 | INFO     | agents.servers.serverFedMSE:train_on_clients:54 - Client 0 gets new best val_loss at epoch #17: 0.003791
2025-09-30 06:56:28.238 | INFO     | agents.servers.serverFedMSE:train_on_clients:54 - Client 1 gets new best val_loss at epoch #17: 0.003741
2025-09-30 06:56:28.506 | INFO     | agents.servers.serverFedMSE:train_on_clients:54 - Client 2 gets new best val_loss at epoch #17: 0.003686
2025-09-30 06:56:28.773 | INFO     | agents.servers.serverFedMSE:train_on_clients:54 - Client 3 gets new best val_loss at epoch #17: 0.003838
2025-09-30 06:56:29.043 | INFO     | agents.servers.serverFedMSE:train_on_clients:54 - Client 4 gets new best val_loss at epoch #17: 0.003666
2025-09-30 06:56:29.312 | INFO     | agents.servers.serverFedMSE:train_on_clients:54 - Client 5 gets new best val_loss at epoch #17: 0.003753
2025-09-30 06:56:30.115 | INFO     | agents.servers.serverFedMSE:train_on_clients:54 - Client 8 gets new best val_loss at epoch #17: 0.003813
2025-09-30 06:56:30.385 | INFO     | agents.servers.serverFedMSE:train_on_clients:54 - Client 9 gets new best val_loss at epoch #17: 0.003536
2025-09-30 06:56:31.191 | INFO     | agents.servers.serverFedMSE:train_on_clients:54 - Client 12 gets new best val_loss at epoch #17: 0.003572
2025-09-30 06:56:31.459 | INFO     | agents.servers.serverFedMSE:train_on_clients:54 - Client 13 gets new best val_loss at epoch #17: 0.003569
2025-09-30 06:56:31.729 | INFO     | agents.servers.serverFedMSE:train_on_clients:54 - Client 14 gets new best val_loss at epoch #17: 0.003532
2025-09-30 06:56:31.998 | INFO     | agents.servers.serverFedMSE:train_on_clients:54 - Client 15 gets new best val_loss at epoch #17: 0.003676
2025-09-30 06:56:32.266 | INFO     | agents.servers.serverFedMSE:train_on_clients:54 - Client 16 gets new best val_loss at epoch #17: 0.003766
2025-09-30 06:56:32.533 | INFO     | agents.servers.serverFedMSE:train_on_clients:54 - Client 17 gets new best val_loss at epoch #17: 0.003467
2025-09-30 06:56:32.803 | INFO     | agents.servers.serverFedMSE:train_on_clients:54 - Client 18 gets new best val_loss at epoch #17: 0.003787
2025-09-30 06:56:33.070 | INFO     | agents.servers.serverFedMSE:train_on_clients:76 - 20 clients still training at epoch #17
2025-09-30 06:57:08.706 | INFO     | agents.servers.serverFedMSE:train_on_clients:32 - Training FedMSE model epoch #18
2025-09-30 06:57:09.246 | INFO     | agents.servers.serverFedMSE:train_on_clients:54 - Client 1 gets new best val_loss at epoch #18: 0.003664
2025-09-30 06:57:09.781 | INFO     | agents.servers.serverFedMSE:train_on_clients:54 - Client 3 gets new best val_loss at epoch #18: 0.003726
2025-09-30 06:57:10.053 | INFO     | agents.servers.serverFedMSE:train_on_clients:54 - Client 4 gets new best val_loss at epoch #18: 0.003568
2025-09-30 06:57:10.595 | INFO     | agents.servers.serverFedMSE:train_on_clients:54 - Client 6 gets new best val_loss at epoch #18: 0.003479
2025-09-30 06:57:11.402 | INFO     | agents.servers.serverFedMSE:train_on_clients:54 - Client 9 gets new best val_loss at epoch #18: 0.003499
2025-09-30 06:57:11.942 | INFO     | agents.servers.serverFedMSE:train_on_clients:54 - Client 11 gets new best val_loss at epoch #18: 0.003582
2025-09-30 06:57:12.481 | INFO     | agents.servers.serverFedMSE:train_on_clients:54 - Client 13 gets new best val_loss at epoch #18: 0.003470
2025-09-30 06:57:13.015 | INFO     | agents.servers.serverFedMSE:train_on_clients:54 - Client 15 gets new best val_loss at epoch #18: 0.003517
2025-09-30 06:57:13.550 | INFO     | agents.servers.serverFedMSE:train_on_clients:54 - Client 17 gets new best val_loss at epoch #18: 0.003441
2025-09-30 06:57:13.817 | INFO     | agents.servers.serverFedMSE:train_on_clients:54 - Client 18 gets new best val_loss at epoch #18: 0.003763
2025-09-30 06:57:14.085 | INFO     | agents.servers.serverFedMSE:train_on_clients:76 - 20 clients still training at epoch #18
2025-09-30 06:57:49.690 | INFO     | agents.servers.serverFedMSE:train_on_clients:32 - Training FedMSE model epoch #19
2025-09-30 06:57:49.962 | INFO     | agents.servers.serverFedMSE:train_on_clients:54 - Client 0 gets new best val_loss at epoch #19: 0.002981
2025-09-30 06:57:50.234 | INFO     | agents.servers.serverFedMSE:train_on_clients:54 - Client 1 gets new best val_loss at epoch #19: 0.003011
2025-09-30 06:57:50.503 | INFO     | agents.servers.serverFedMSE:train_on_clients:54 - Client 2 gets new best val_loss at epoch #19: 0.002962
2025-09-30 06:57:50.771 | INFO     | agents.servers.serverFedMSE:train_on_clients:54 - Client 3 gets new best val_loss at epoch #19: 0.003003
2025-09-30 06:57:51.038 | INFO     | agents.servers.serverFedMSE:train_on_clients:54 - Client 4 gets new best val_loss at epoch #19: 0.002881
2025-09-30 06:57:51.305 | INFO     | agents.servers.serverFedMSE:train_on_clients:54 - Client 5 gets new best val_loss at epoch #19: 0.003124
2025-09-30 06:57:51.573 | INFO     | agents.servers.serverFedMSE:train_on_clients:54 - Client 6 gets new best val_loss at epoch #19: 0.002848
2025-09-30 06:57:51.843 | INFO     | agents.servers.serverFedMSE:train_on_clients:54 - Client 7 gets new best val_loss at epoch #19: 0.003089
2025-09-30 06:57:52.111 | INFO     | agents.servers.serverFedMSE:train_on_clients:54 - Client 8 gets new best val_loss at epoch #19: 0.002933
2025-09-30 06:57:52.380 | INFO     | agents.servers.serverFedMSE:train_on_clients:54 - Client 9 gets new best val_loss at epoch #19: 0.002684
2025-09-30 06:57:52.649 | INFO     | agents.servers.serverFedMSE:train_on_clients:54 - Client 10 gets new best val_loss at epoch #19: 0.002977
2025-09-30 06:57:52.922 | INFO     | agents.servers.serverFedMSE:train_on_clients:54 - Client 11 gets new best val_loss at epoch #19: 0.002792
2025-09-30 06:57:53.191 | INFO     | agents.servers.serverFedMSE:train_on_clients:54 - Client 12 gets new best val_loss at epoch #19: 0.002795
2025-09-30 06:57:53.461 | INFO     | agents.servers.serverFedMSE:train_on_clients:54 - Client 13 gets new best val_loss at epoch #19: 0.003217
2025-09-30 06:57:53.730 | INFO     | agents.servers.serverFedMSE:train_on_clients:54 - Client 14 gets new best val_loss at epoch #19: 0.002851
2025-09-30 06:57:53.996 | INFO     | agents.servers.serverFedMSE:train_on_clients:54 - Client 15 gets new best val_loss at epoch #19: 0.003119
2025-09-30 06:57:54.273 | INFO     | agents.servers.serverFedMSE:train_on_clients:54 - Client 16 gets new best val_loss at epoch #19: 0.002916
2025-09-30 06:57:54.541 | INFO     | agents.servers.serverFedMSE:train_on_clients:54 - Client 17 gets new best val_loss at epoch #19: 0.002612
2025-09-30 06:57:54.810 | INFO     | agents.servers.serverFedMSE:train_on_clients:54 - Client 18 gets new best val_loss at epoch #19: 0.003168
2025-09-30 06:57:55.080 | INFO     | agents.servers.serverFedMSE:train_on_clients:54 - Client 19 gets new best val_loss at epoch #19: 0.003282
2025-09-30 06:57:55.081 | INFO     | agents.servers.serverFedMSE:train_on_clients:76 - 20 clients still training at epoch #19
2025-09-30 06:58:30.663 | INFO     | agents.servers.serverFedMSE:train_on_clients:32 - Training FedMSE model epoch #20
2025-09-30 06:58:30.936 | INFO     | agents.servers.serverFedMSE:train_on_clients:54 - Client 0 gets new best val_loss at epoch #20: 0.002898
2025-09-30 06:58:30.938 | INFO     | agents.servers.serverFedMSE:train_on_clients:70 - Saved model for client 0 at epoch 20 -> saved_models/FedMSE/FedMSE/wsn_ds/epoch_20_client_0.pt
2025-09-30 06:58:31.203 | INFO     | agents.servers.serverFedMSE:train_on_clients:70 - Saved model for client 1 at epoch 20 -> saved_models/FedMSE/FedMSE/wsn_ds/epoch_20_client_1.pt
2025-09-30 06:58:31.478 | INFO     | agents.servers.serverFedMSE:train_on_clients:70 - Saved model for client 2 at epoch 20 -> saved_models/FedMSE/FedMSE/wsn_ds/epoch_20_client_2.pt
2025-09-30 06:58:31.749 | INFO     | agents.servers.serverFedMSE:train_on_clients:54 - Client 3 gets new best val_loss at epoch #20: 0.002835
2025-09-30 06:58:31.750 | INFO     | agents.servers.serverFedMSE:train_on_clients:70 - Saved model for client 3 at epoch 20 -> saved_models/FedMSE/FedMSE/wsn_ds/epoch_20_client_3.pt
2025-09-30 06:58:32.021 | INFO     | agents.servers.serverFedMSE:train_on_clients:70 - Saved model for client 4 at epoch 20 -> saved_models/FedMSE/FedMSE/wsn_ds/epoch_20_client_4.pt
2025-09-30 06:58:32.289 | INFO     | agents.servers.serverFedMSE:train_on_clients:54 - Client 5 gets new best val_loss at epoch #20: 0.002823
2025-09-30 06:58:32.291 | INFO     | agents.servers.serverFedMSE:train_on_clients:70 - Saved model for client 5 at epoch 20 -> saved_models/FedMSE/FedMSE/wsn_ds/epoch_20_client_5.pt
2025-09-30 06:58:32.558 | INFO     | agents.servers.serverFedMSE:train_on_clients:54 - Client 6 gets new best val_loss at epoch #20: 0.002665
2025-09-30 06:58:32.560 | INFO     | agents.servers.serverFedMSE:train_on_clients:70 - Saved model for client 6 at epoch 20 -> saved_models/FedMSE/FedMSE/wsn_ds/epoch_20_client_6.pt
2025-09-30 06:58:32.829 | INFO     | agents.servers.serverFedMSE:train_on_clients:70 - Saved model for client 7 at epoch 20 -> saved_models/FedMSE/FedMSE/wsn_ds/epoch_20_client_7.pt
2025-09-30 06:58:33.129 | INFO     | agents.servers.serverFedMSE:train_on_clients:70 - Saved model for client 8 at epoch 20 -> saved_models/FedMSE/FedMSE/wsn_ds/epoch_20_client_8.pt
2025-09-30 06:58:33.398 | INFO     | agents.servers.serverFedMSE:train_on_clients:70 - Saved model for client 9 at epoch 20 -> saved_models/FedMSE/FedMSE/wsn_ds/epoch_20_client_9.pt
2025-09-30 06:58:33.669 | INFO     | agents.servers.serverFedMSE:train_on_clients:70 - Saved model for client 10 at epoch 20 -> saved_models/FedMSE/FedMSE/wsn_ds/epoch_20_client_10.pt
2025-09-30 06:58:33.941 | INFO     | agents.servers.serverFedMSE:train_on_clients:70 - Saved model for client 11 at epoch 20 -> saved_models/FedMSE/FedMSE/wsn_ds/epoch_20_client_11.pt
2025-09-30 06:58:34.213 | INFO     | agents.servers.serverFedMSE:train_on_clients:54 - Client 12 gets new best val_loss at epoch #20: 0.002725
2025-09-30 06:58:34.214 | INFO     | agents.servers.serverFedMSE:train_on_clients:70 - Saved model for client 12 at epoch 20 -> saved_models/FedMSE/FedMSE/wsn_ds/epoch_20_client_12.pt
2025-09-30 06:58:34.486 | INFO     | agents.servers.serverFedMSE:train_on_clients:54 - Client 13 gets new best val_loss at epoch #20: 0.002734
2025-09-30 06:58:34.487 | INFO     | agents.servers.serverFedMSE:train_on_clients:70 - Saved model for client 13 at epoch 20 -> saved_models/FedMSE/FedMSE/wsn_ds/epoch_20_client_13.pt
2025-09-30 06:58:34.756 | INFO     | agents.servers.serverFedMSE:train_on_clients:54 - Client 14 gets new best val_loss at epoch #20: 0.002796
2025-09-30 06:58:34.758 | INFO     | agents.servers.serverFedMSE:train_on_clients:70 - Saved model for client 14 at epoch 20 -> saved_models/FedMSE/FedMSE/wsn_ds/epoch_20_client_14.pt
2025-09-30 06:58:35.029 | INFO     | agents.servers.serverFedMSE:train_on_clients:54 - Client 15 gets new best val_loss at epoch #20: 0.002700
2025-09-30 06:58:35.030 | INFO     | agents.servers.serverFedMSE:train_on_clients:70 - Saved model for client 15 at epoch 20 -> saved_models/FedMSE/FedMSE/wsn_ds/epoch_20_client_15.pt
2025-09-30 06:58:35.301 | INFO     | agents.servers.serverFedMSE:train_on_clients:70 - Saved model for client 16 at epoch 20 -> saved_models/FedMSE/FedMSE/wsn_ds/epoch_20_client_16.pt
2025-09-30 06:58:35.570 | INFO     | agents.servers.serverFedMSE:train_on_clients:70 - Saved model for client 17 at epoch 20 -> saved_models/FedMSE/FedMSE/wsn_ds/epoch_20_client_17.pt
2025-09-30 06:58:35.838 | INFO     | agents.servers.serverFedMSE:train_on_clients:54 - Client 18 gets new best val_loss at epoch #20: 0.002859
2025-09-30 06:58:35.840 | INFO     | agents.servers.serverFedMSE:train_on_clients:70 - Saved model for client 18 at epoch 20 -> saved_models/FedMSE/FedMSE/wsn_ds/epoch_20_client_18.pt
2025-09-30 06:58:36.108 | INFO     | agents.servers.serverFedMSE:train_on_clients:54 - Client 19 gets new best val_loss at epoch #20: 0.003009
2025-09-30 06:58:36.109 | INFO     | agents.servers.serverFedMSE:train_on_clients:70 - Saved model for client 19 at epoch 20 -> saved_models/FedMSE/FedMSE/wsn_ds/epoch_20_client_19.pt
2025-09-30 06:58:36.111 | INFO     | agents.servers.serverFedMSE:train_on_clients:76 - 20 clients still training at epoch #20
2025-09-30 06:59:11.658 | INFO     | agents.servers.serverFedMSE:train_on_clients:32 - Training FedMSE model epoch #21
2025-09-30 06:59:11.924 | INFO     | agents.servers.serverFedMSE:train_on_clients:54 - Client 0 gets new best val_loss at epoch #21: 0.002779
2025-09-30 06:59:12.193 | INFO     | agents.servers.serverFedMSE:train_on_clients:54 - Client 1 gets new best val_loss at epoch #21: 0.002858
2025-09-30 06:59:12.457 | INFO     | agents.servers.serverFedMSE:train_on_clients:54 - Client 2 gets new best val_loss at epoch #21: 0.002760
2025-09-30 06:59:12.988 | INFO     | agents.servers.serverFedMSE:train_on_clients:54 - Client 4 gets new best val_loss at epoch #21: 0.002769
2025-09-30 06:59:13.255 | INFO     | agents.servers.serverFedMSE:train_on_clients:54 - Client 5 gets new best val_loss at epoch #21: 0.002793
2025-09-30 06:59:13.520 | INFO     | agents.servers.serverFedMSE:train_on_clients:54 - Client 6 gets new best val_loss at epoch #21: 0.002606
2025-09-30 06:59:13.788 | INFO     | agents.servers.serverFedMSE:train_on_clients:54 - Client 7 gets new best val_loss at epoch #21: 0.002834
2025-09-30 06:59:14.055 | INFO     | agents.servers.serverFedMSE:train_on_clients:54 - Client 8 gets new best val_loss at epoch #21: 0.002863
2025-09-30 06:59:14.322 | INFO     | agents.servers.serverFedMSE:train_on_clients:54 - Client 9 gets new best val_loss at epoch #21: 0.002683
2025-09-30 06:59:14.590 | INFO     | agents.servers.serverFedMSE:train_on_clients:54 - Client 10 gets new best val_loss at epoch #21: 0.002776
2025-09-30 06:59:14.856 | INFO     | agents.servers.serverFedMSE:train_on_clients:54 - Client 11 gets new best val_loss at epoch #21: 0.002637
2025-09-30 06:59:15.126 | INFO     | agents.servers.serverFedMSE:train_on_clients:54 - Client 12 gets new best val_loss at epoch #21: 0.002702
2025-09-30 06:59:15.393 | INFO     | agents.servers.serverFedMSE:train_on_clients:54 - Client 13 gets new best val_loss at epoch #21: 0.002702
2025-09-30 06:59:16.187 | INFO     | agents.servers.serverFedMSE:train_on_clients:54 - Client 16 gets new best val_loss at epoch #21: 0.002755
2025-09-30 06:59:16.455 | INFO     | agents.servers.serverFedMSE:train_on_clients:54 - Client 17 gets new best val_loss at epoch #21: 0.002425
2025-09-30 06:59:16.988 | INFO     | agents.servers.serverFedMSE:train_on_clients:54 - Client 19 gets new best val_loss at epoch #21: 0.002913
2025-09-30 06:59:16.990 | INFO     | agents.servers.serverFedMSE:train_on_clients:76 - 20 clients still training at epoch #21
2025-09-30 06:59:52.495 | INFO     | agents.servers.serverFedMSE:train_on_clients:32 - Training FedMSE model epoch #22
2025-09-30 06:59:53.033 | INFO     | agents.servers.serverFedMSE:train_on_clients:54 - Client 1 gets new best val_loss at epoch #22: 0.002807
2025-09-30 06:59:53.565 | INFO     | agents.servers.serverFedMSE:train_on_clients:54 - Client 3 gets new best val_loss at epoch #22: 0.002732
2025-09-30 06:59:54.369 | INFO     | agents.servers.serverFedMSE:train_on_clients:54 - Client 6 gets new best val_loss at epoch #22: 0.002595
2025-09-30 06:59:54.637 | INFO     | agents.servers.serverFedMSE:train_on_clients:54 - Client 7 gets new best val_loss at epoch #22: 0.002775
2025-09-30 06:59:54.907 | INFO     | agents.servers.serverFedMSE:train_on_clients:54 - Client 8 gets new best val_loss at epoch #22: 0.002723
2025-09-30 06:59:55.173 | INFO     | agents.servers.serverFedMSE:train_on_clients:54 - Client 9 gets new best val_loss at epoch #22: 0.002531
2025-09-30 06:59:55.440 | INFO     | agents.servers.serverFedMSE:train_on_clients:54 - Client 10 gets new best val_loss at epoch #22: 0.002741
2025-09-30 06:59:55.976 | INFO     | agents.servers.serverFedMSE:train_on_clients:54 - Client 12 gets new best val_loss at epoch #22: 0.002660
2025-09-30 06:59:56.245 | INFO     | agents.servers.serverFedMSE:train_on_clients:54 - Client 13 gets new best val_loss at epoch #22: 0.002541
2025-09-30 06:59:56.515 | INFO     | agents.servers.serverFedMSE:train_on_clients:54 - Client 14 gets new best val_loss at epoch #22: 0.002586
2025-09-30 06:59:56.782 | INFO     | agents.servers.serverFedMSE:train_on_clients:54 - Client 15 gets new best val_loss at epoch #22: 0.002587
2025-09-30 06:59:57.053 | INFO     | agents.servers.serverFedMSE:train_on_clients:54 - Client 16 gets new best val_loss at epoch #22: 0.002695
2025-09-30 06:59:57.323 | INFO     | agents.servers.serverFedMSE:train_on_clients:54 - Client 17 gets new best val_loss at epoch #22: 0.002416
2025-09-30 06:59:57.590 | INFO     | agents.servers.serverFedMSE:train_on_clients:54 - Client 18 gets new best val_loss at epoch #22: 0.002712
2025-09-30 06:59:57.858 | INFO     | agents.servers.serverFedMSE:train_on_clients:76 - 20 clients still training at epoch #22
2025-09-30 07:00:33.545 | INFO     | agents.servers.serverFedMSE:train_on_clients:32 - Training FedMSE model epoch #23
2025-09-30 07:00:33.815 | INFO     | agents.servers.serverFedMSE:train_on_clients:54 - Client 0 gets new best val_loss at epoch #23: 0.002668
2025-09-30 07:00:34.082 | INFO     | agents.servers.serverFedMSE:train_on_clients:54 - Client 1 gets new best val_loss at epoch #23: 0.002644
2025-09-30 07:00:34.347 | INFO     | agents.servers.serverFedMSE:train_on_clients:54 - Client 2 gets new best val_loss at epoch #23: 0.002623
2025-09-30 07:00:34.611 | INFO     | agents.servers.serverFedMSE:train_on_clients:54 - Client 3 gets new best val_loss at epoch #23: 0.002678
2025-09-30 07:00:34.877 | INFO     | agents.servers.serverFedMSE:train_on_clients:54 - Client 4 gets new best val_loss at epoch #23: 0.002756
2025-09-30 07:00:35.143 | INFO     | agents.servers.serverFedMSE:train_on_clients:54 - Client 5 gets new best val_loss at epoch #23: 0.002699
2025-09-30 07:00:35.677 | INFO     | agents.servers.serverFedMSE:train_on_clients:54 - Client 7 gets new best val_loss at epoch #23: 0.002761
2025-09-30 07:00:35.942 | INFO     | agents.servers.serverFedMSE:train_on_clients:54 - Client 8 gets new best val_loss at epoch #23: 0.002721
2025-09-30 07:00:36.208 | INFO     | agents.servers.serverFedMSE:train_on_clients:54 - Client 9 gets new best val_loss at epoch #23: 0.002430
2025-09-30 07:00:36.474 | INFO     | agents.servers.serverFedMSE:train_on_clients:54 - Client 10 gets new best val_loss at epoch #23: 0.002649
2025-09-30 07:00:36.742 | INFO     | agents.servers.serverFedMSE:train_on_clients:54 - Client 11 gets new best val_loss at epoch #23: 0.002532
2025-09-30 07:00:37.005 | INFO     | agents.servers.serverFedMSE:train_on_clients:54 - Client 12 gets new best val_loss at epoch #23: 0.002536
2025-09-30 07:00:37.537 | INFO     | agents.servers.serverFedMSE:train_on_clients:54 - Client 14 gets new best val_loss at epoch #23: 0.002585
2025-09-30 07:00:37.802 | INFO     | agents.servers.serverFedMSE:train_on_clients:54 - Client 15 gets new best val_loss at epoch #23: 0.002556
2025-09-30 07:00:38.601 | INFO     | agents.servers.serverFedMSE:train_on_clients:54 - Client 18 gets new best val_loss at epoch #23: 0.002693
2025-09-30 07:00:38.866 | INFO     | agents.servers.serverFedMSE:train_on_clients:76 - 20 clients still training at epoch #23
2025-09-30 07:01:14.148 | INFO     | agents.servers.serverFedMSE:train_on_clients:32 - Training FedMSE model epoch #24
2025-09-30 07:01:14.676 | INFO     | agents.servers.serverFedMSE:train_on_clients:54 - Client 1 gets new best val_loss at epoch #24: 0.002538
2025-09-30 07:01:15.195 | INFO     | agents.servers.serverFedMSE:train_on_clients:54 - Client 3 gets new best val_loss at epoch #24: 0.002565
2025-09-30 07:01:15.458 | INFO     | agents.servers.serverFedMSE:train_on_clients:54 - Client 4 gets new best val_loss at epoch #24: 0.002505
2025-09-30 07:01:15.718 | INFO     | agents.servers.serverFedMSE:train_on_clients:54 - Client 5 gets new best val_loss at epoch #24: 0.002636
2025-09-30 07:01:15.978 | INFO     | agents.servers.serverFedMSE:train_on_clients:54 - Client 6 gets new best val_loss at epoch #24: 0.002515
2025-09-30 07:01:16.495 | INFO     | agents.servers.serverFedMSE:train_on_clients:54 - Client 8 gets new best val_loss at epoch #24: 0.002550
2025-09-30 07:01:16.755 | INFO     | agents.servers.serverFedMSE:train_on_clients:54 - Client 9 gets new best val_loss at epoch #24: 0.002372
2025-09-30 07:01:17.268 | INFO     | agents.servers.serverFedMSE:train_on_clients:54 - Client 11 gets new best val_loss at epoch #24: 0.002433
2025-09-30 07:01:17.527 | INFO     | agents.servers.serverFedMSE:train_on_clients:54 - Client 12 gets new best val_loss at epoch #24: 0.002477
2025-09-30 07:01:17.787 | INFO     | agents.servers.serverFedMSE:train_on_clients:54 - Client 13 gets new best val_loss at epoch #24: 0.002475
2025-09-30 07:01:18.046 | INFO     | agents.servers.serverFedMSE:train_on_clients:54 - Client 14 gets new best val_loss at epoch #24: 0.002429
2025-09-30 07:01:18.308 | INFO     | agents.servers.serverFedMSE:train_on_clients:54 - Client 15 gets new best val_loss at epoch #24: 0.002496
2025-09-30 07:01:18.572 | INFO     | agents.servers.serverFedMSE:train_on_clients:54 - Client 16 gets new best val_loss at epoch #24: 0.002518
2025-09-30 07:01:18.832 | INFO     | agents.servers.serverFedMSE:train_on_clients:54 - Client 17 gets new best val_loss at epoch #24: 0.002256
2025-09-30 07:01:19.094 | INFO     | agents.servers.serverFedMSE:train_on_clients:54 - Client 18 gets new best val_loss at epoch #24: 0.002619
2025-09-30 07:01:19.353 | INFO     | agents.servers.serverFedMSE:train_on_clients:54 - Client 19 gets new best val_loss at epoch #24: 0.002777
2025-09-30 07:01:19.355 | INFO     | agents.servers.serverFedMSE:train_on_clients:76 - 20 clients still training at epoch #24
2025-09-30 07:01:54.819 | INFO     | agents.servers.serverFedMSE:train_on_clients:32 - Training FedMSE model epoch #25
2025-09-30 07:01:55.087 | INFO     | agents.servers.serverFedMSE:train_on_clients:54 - Client 0 gets new best val_loss at epoch #25: 0.002484
2025-09-30 07:01:55.365 | INFO     | agents.servers.serverFedMSE:train_on_clients:54 - Client 1 gets new best val_loss at epoch #25: 0.002455
2025-09-30 07:01:55.642 | INFO     | agents.servers.serverFedMSE:train_on_clients:54 - Client 2 gets new best val_loss at epoch #25: 0.002564
2025-09-30 07:01:55.907 | INFO     | agents.servers.serverFedMSE:train_on_clients:54 - Client 3 gets new best val_loss at epoch #25: 0.002458
2025-09-30 07:01:56.175 | INFO     | agents.servers.serverFedMSE:train_on_clients:54 - Client 4 gets new best val_loss at epoch #25: 0.002462
2025-09-30 07:01:56.442 | INFO     | agents.servers.serverFedMSE:train_on_clients:54 - Client 5 gets new best val_loss at epoch #25: 0.002555
2025-09-30 07:01:56.710 | INFO     | agents.servers.serverFedMSE:train_on_clients:54 - Client 6 gets new best val_loss at epoch #25: 0.002362
2025-09-30 07:01:56.975 | INFO     | agents.servers.serverFedMSE:train_on_clients:54 - Client 7 gets new best val_loss at epoch #25: 0.002581
2025-09-30 07:01:57.242 | INFO     | agents.servers.serverFedMSE:train_on_clients:54 - Client 8 gets new best val_loss at epoch #25: 0.002419
2025-09-30 07:01:57.511 | INFO     | agents.servers.serverFedMSE:train_on_clients:54 - Client 9 gets new best val_loss at epoch #25: 0.002358
2025-09-30 07:01:57.778 | INFO     | agents.servers.serverFedMSE:train_on_clients:54 - Client 10 gets new best val_loss at epoch #25: 0.002547
2025-09-30 07:01:58.047 | INFO     | agents.servers.serverFedMSE:train_on_clients:54 - Client 11 gets new best val_loss at epoch #25: 0.002348
2025-09-30 07:01:58.317 | INFO     | agents.servers.serverFedMSE:train_on_clients:54 - Client 12 gets new best val_loss at epoch #25: 0.002389
2025-09-30 07:01:58.585 | INFO     | agents.servers.serverFedMSE:train_on_clients:54 - Client 13 gets new best val_loss at epoch #25: 0.002363
2025-09-30 07:01:59.115 | INFO     | agents.servers.serverFedMSE:train_on_clients:54 - Client 15 gets new best val_loss at epoch #25: 0.002361
2025-09-30 07:01:59.380 | INFO     | agents.servers.serverFedMSE:train_on_clients:54 - Client 16 gets new best val_loss at epoch #25: 0.002414
2025-09-30 07:01:59.649 | INFO     | agents.servers.serverFedMSE:train_on_clients:54 - Client 17 gets new best val_loss at epoch #25: 0.002240
2025-09-30 07:01:59.917 | INFO     | agents.servers.serverFedMSE:train_on_clients:54 - Client 18 gets new best val_loss at epoch #25: 0.002588
2025-09-30 07:02:00.185 | INFO     | agents.servers.serverFedMSE:train_on_clients:76 - 20 clients still training at epoch #25
2025-09-30 07:02:35.871 | INFO     | agents.servers.serverFedMSE:train_on_clients:32 - Training FedMSE model epoch #26
2025-09-30 07:02:36.673 | INFO     | agents.servers.serverFedMSE:train_on_clients:54 - Client 2 gets new best val_loss at epoch #26: 0.002435
2025-09-30 07:02:36.941 | INFO     | agents.servers.serverFedMSE:train_on_clients:54 - Client 3 gets new best val_loss at epoch #26: 0.002400
2025-09-30 07:02:37.208 | INFO     | agents.servers.serverFedMSE:train_on_clients:54 - Client 4 gets new best val_loss at epoch #26: 0.002377
2025-09-30 07:02:38.003 | INFO     | agents.servers.serverFedMSE:train_on_clients:54 - Client 7 gets new best val_loss at epoch #26: 0.002457
2025-09-30 07:02:38.269 | INFO     | agents.servers.serverFedMSE:train_on_clients:54 - Client 8 gets new best val_loss at epoch #26: 0.002402
2025-09-30 07:02:38.536 | INFO     | agents.servers.serverFedMSE:train_on_clients:54 - Client 9 gets new best val_loss at epoch #26: 0.002232
2025-09-30 07:02:38.803 | INFO     | agents.servers.serverFedMSE:train_on_clients:54 - Client 10 gets new best val_loss at epoch #26: 0.002482
2025-09-30 07:02:39.069 | INFO     | agents.servers.serverFedMSE:train_on_clients:54 - Client 11 gets new best val_loss at epoch #26: 0.002225
2025-09-30 07:02:39.337 | INFO     | agents.servers.serverFedMSE:train_on_clients:54 - Client 12 gets new best val_loss at epoch #26: 0.002314
2025-09-30 07:02:39.604 | INFO     | agents.servers.serverFedMSE:train_on_clients:54 - Client 13 gets new best val_loss at epoch #26: 0.002204
2025-09-30 07:02:39.873 | INFO     | agents.servers.serverFedMSE:train_on_clients:54 - Client 14 gets new best val_loss at epoch #26: 0.002262
2025-09-30 07:02:40.403 | INFO     | agents.servers.serverFedMSE:train_on_clients:54 - Client 16 gets new best val_loss at epoch #26: 0.002400
2025-09-30 07:02:40.671 | INFO     | agents.servers.serverFedMSE:train_on_clients:54 - Client 17 gets new best val_loss at epoch #26: 0.002093
2025-09-30 07:02:40.939 | INFO     | agents.servers.serverFedMSE:train_on_clients:54 - Client 18 gets new best val_loss at epoch #26: 0.002443
2025-09-30 07:02:41.207 | INFO     | agents.servers.serverFedMSE:train_on_clients:76 - 20 clients still training at epoch #26
2025-09-30 07:03:16.677 | INFO     | agents.servers.serverFedMSE:train_on_clients:32 - Training FedMSE model epoch #27
2025-09-30 07:03:16.944 | INFO     | agents.servers.serverFedMSE:train_on_clients:54 - Client 0 gets new best val_loss at epoch #27: 0.002340
2025-09-30 07:03:17.213 | INFO     | agents.servers.serverFedMSE:train_on_clients:54 - Client 1 gets new best val_loss at epoch #27: 0.002257
2025-09-30 07:03:18.013 | INFO     | agents.servers.serverFedMSE:train_on_clients:54 - Client 4 gets new best val_loss at epoch #27: 0.002373
2025-09-30 07:03:18.281 | INFO     | agents.servers.serverFedMSE:train_on_clients:54 - Client 5 gets new best val_loss at epoch #27: 0.002462
2025-09-30 07:03:18.550 | INFO     | agents.servers.serverFedMSE:train_on_clients:54 - Client 6 gets new best val_loss at epoch #27: 0.002308
2025-09-30 07:03:19.350 | INFO     | agents.servers.serverFedMSE:train_on_clients:54 - Client 9 gets new best val_loss at epoch #27: 0.002100
2025-09-30 07:03:19.615 | INFO     | agents.servers.serverFedMSE:train_on_clients:54 - Client 10 gets new best val_loss at epoch #27: 0.002439
2025-09-30 07:03:20.690 | INFO     | agents.servers.serverFedMSE:train_on_clients:54 - Client 14 gets new best val_loss at epoch #27: 0.002207
2025-09-30 07:03:20.960 | INFO     | agents.servers.serverFedMSE:train_on_clients:54 - Client 15 gets new best val_loss at epoch #27: 0.002345
2025-09-30 07:03:21.230 | INFO     | agents.servers.serverFedMSE:train_on_clients:54 - Client 16 gets new best val_loss at epoch #27: 0.002347
2025-09-30 07:03:22.026 | INFO     | agents.servers.serverFedMSE:train_on_clients:54 - Client 19 gets new best val_loss at epoch #27: 0.002694
2025-09-30 07:03:22.028 | INFO     | agents.servers.serverFedMSE:train_on_clients:76 - 20 clients still training at epoch #27
2025-09-30 07:03:57.637 | INFO     | agents.servers.serverFedMSE:train_on_clients:32 - Training FedMSE model epoch #28
2025-09-30 07:03:57.909 | INFO     | agents.servers.serverFedMSE:train_on_clients:54 - Client 0 gets new best val_loss at epoch #28: 0.002222
2025-09-30 07:03:58.446 | INFO     | agents.servers.serverFedMSE:train_on_clients:54 - Client 2 gets new best val_loss at epoch #28: 0.002266
2025-09-30 07:03:58.712 | INFO     | agents.servers.serverFedMSE:train_on_clients:54 - Client 3 gets new best val_loss at epoch #28: 0.002232
2025-09-30 07:03:59.247 | INFO     | agents.servers.serverFedMSE:train_on_clients:54 - Client 5 gets new best val_loss at epoch #28: 0.002405
2025-09-30 07:03:59.514 | INFO     | agents.servers.serverFedMSE:train_on_clients:54 - Client 6 gets new best val_loss at epoch #28: 0.002192
2025-09-30 07:03:59.780 | INFO     | agents.servers.serverFedMSE:train_on_clients:54 - Client 7 gets new best val_loss at epoch #28: 0.002292
2025-09-30 07:04:00.051 | INFO     | agents.servers.serverFedMSE:train_on_clients:54 - Client 8 gets new best val_loss at epoch #28: 0.002202
2025-09-30 07:04:00.607 | INFO     | agents.servers.serverFedMSE:train_on_clients:54 - Client 10 gets new best val_loss at epoch #28: 0.002381
2025-09-30 07:04:00.877 | INFO     | agents.servers.serverFedMSE:train_on_clients:54 - Client 11 gets new best val_loss at epoch #28: 0.002086
2025-09-30 07:04:01.418 | INFO     | agents.servers.serverFedMSE:train_on_clients:54 - Client 13 gets new best val_loss at epoch #28: 0.002122
2025-09-30 07:04:01.691 | INFO     | agents.servers.serverFedMSE:train_on_clients:54 - Client 14 gets new best val_loss at epoch #28: 0.002194
2025-09-30 07:04:01.961 | INFO     | agents.servers.serverFedMSE:train_on_clients:54 - Client 15 gets new best val_loss at epoch #28: 0.002229
2025-09-30 07:04:02.246 | INFO     | agents.servers.serverFedMSE:train_on_clients:54 - Client 16 gets new best val_loss at epoch #28: 0.002298
2025-09-30 07:04:02.522 | INFO     | agents.servers.serverFedMSE:train_on_clients:54 - Client 17 gets new best val_loss at epoch #28: 0.001953
2025-09-30 07:04:02.790 | INFO     | agents.servers.serverFedMSE:train_on_clients:54 - Client 18 gets new best val_loss at epoch #28: 0.002273
2025-09-30 07:04:03.057 | INFO     | agents.servers.serverFedMSE:train_on_clients:54 - Client 19 gets new best val_loss at epoch #28: 0.002422
2025-09-30 07:04:03.058 | INFO     | agents.servers.serverFedMSE:train_on_clients:76 - 20 clients still training at epoch #28
2025-09-30 07:04:38.603 | INFO     | agents.servers.serverFedMSE:train_on_clients:32 - Training FedMSE model epoch #29
2025-09-30 07:04:39.138 | INFO     | agents.servers.serverFedMSE:train_on_clients:54 - Client 1 gets new best val_loss at epoch #29: 0.002230
2025-09-30 07:04:39.406 | INFO     | agents.servers.serverFedMSE:train_on_clients:54 - Client 2 gets new best val_loss at epoch #29: 0.002226
2025-09-30 07:04:39.942 | INFO     | agents.servers.serverFedMSE:train_on_clients:54 - Client 4 gets new best val_loss at epoch #29: 0.002329
2025-09-30 07:04:40.477 | INFO     | agents.servers.serverFedMSE:train_on_clients:54 - Client 6 gets new best val_loss at epoch #29: 0.002144
2025-09-30 07:04:40.748 | INFO     | agents.servers.serverFedMSE:train_on_clients:54 - Client 7 gets new best val_loss at epoch #29: 0.002262
2025-09-30 07:04:41.016 | INFO     | agents.servers.serverFedMSE:train_on_clients:54 - Client 8 gets new best val_loss at epoch #29: 0.002193
2025-09-30 07:04:41.286 | INFO     | agents.servers.serverFedMSE:train_on_clients:54 - Client 9 gets new best val_loss at epoch #29: 0.002029
2025-09-30 07:04:41.557 | INFO     | agents.servers.serverFedMSE:train_on_clients:54 - Client 10 gets new best val_loss at epoch #29: 0.002305
2025-09-30 07:04:42.091 | INFO     | agents.servers.serverFedMSE:train_on_clients:54 - Client 12 gets new best val_loss at epoch #29: 0.002177
2025-09-30 07:04:42.358 | INFO     | agents.servers.serverFedMSE:train_on_clients:54 - Client 13 gets new best val_loss at epoch #29: 0.002092
2025-09-30 07:04:42.626 | INFO     | agents.servers.serverFedMSE:train_on_clients:54 - Client 14 gets new best val_loss at epoch #29: 0.002105
2025-09-30 07:04:42.896 | INFO     | agents.servers.serverFedMSE:train_on_clients:54 - Client 15 gets new best val_loss at epoch #29: 0.002083
2025-09-30 07:04:43.163 | INFO     | agents.servers.serverFedMSE:train_on_clients:54 - Client 16 gets new best val_loss at epoch #29: 0.002196
2025-09-30 07:04:43.965 | INFO     | agents.servers.serverFedMSE:train_on_clients:54 - Client 19 gets new best val_loss at epoch #29: 0.002280
2025-09-30 07:04:43.967 | INFO     | agents.servers.serverFedMSE:train_on_clients:76 - 20 clients still training at epoch #29
2025-09-30 07:05:19.643 | INFO     | agents.servers.serverFedMSE:train_on_clients:32 - Training FedMSE model epoch #30
2025-09-30 07:05:19.913 | INFO     | agents.servers.serverFedMSE:train_on_clients:54 - Client 0 gets new best val_loss at epoch #30: 0.002207
2025-09-30 07:05:19.914 | INFO     | agents.servers.serverFedMSE:train_on_clients:70 - Saved model for client 0 at epoch 30 -> saved_models/FedMSE/FedMSE/wsn_ds/epoch_30_client_0.pt
2025-09-30 07:05:20.181 | INFO     | agents.servers.serverFedMSE:train_on_clients:54 - Client 1 gets new best val_loss at epoch #30: 0.002093
2025-09-30 07:05:20.182 | INFO     | agents.servers.serverFedMSE:train_on_clients:70 - Saved model for client 1 at epoch 30 -> saved_models/FedMSE/FedMSE/wsn_ds/epoch_30_client_1.pt
2025-09-30 07:05:20.453 | INFO     | agents.servers.serverFedMSE:train_on_clients:54 - Client 2 gets new best val_loss at epoch #30: 0.002121
2025-09-30 07:05:20.455 | INFO     | agents.servers.serverFedMSE:train_on_clients:70 - Saved model for client 2 at epoch 30 -> saved_models/FedMSE/FedMSE/wsn_ds/epoch_30_client_2.pt
2025-09-30 07:05:20.718 | INFO     | agents.servers.serverFedMSE:train_on_clients:54 - Client 3 gets new best val_loss at epoch #30: 0.002079
2025-09-30 07:05:20.720 | INFO     | agents.servers.serverFedMSE:train_on_clients:70 - Saved model for client 3 at epoch 30 -> saved_models/FedMSE/FedMSE/wsn_ds/epoch_30_client_3.pt
2025-09-30 07:05:20.986 | INFO     | agents.servers.serverFedMSE:train_on_clients:54 - Client 4 gets new best val_loss at epoch #30: 0.002083
2025-09-30 07:05:20.987 | INFO     | agents.servers.serverFedMSE:train_on_clients:70 - Saved model for client 4 at epoch 30 -> saved_models/FedMSE/FedMSE/wsn_ds/epoch_30_client_4.pt
2025-09-30 07:05:21.256 | INFO     | agents.servers.serverFedMSE:train_on_clients:54 - Client 5 gets new best val_loss at epoch #30: 0.002381
2025-09-30 07:05:21.257 | INFO     | agents.servers.serverFedMSE:train_on_clients:70 - Saved model for client 5 at epoch 30 -> saved_models/FedMSE/FedMSE/wsn_ds/epoch_30_client_5.pt
2025-09-30 07:05:21.524 | INFO     | agents.servers.serverFedMSE:train_on_clients:54 - Client 6 gets new best val_loss at epoch #30: 0.002067
2025-09-30 07:05:21.525 | INFO     | agents.servers.serverFedMSE:train_on_clients:70 - Saved model for client 6 at epoch 30 -> saved_models/FedMSE/FedMSE/wsn_ds/epoch_30_client_6.pt
2025-09-30 07:05:21.792 | INFO     | agents.servers.serverFedMSE:train_on_clients:54 - Client 7 gets new best val_loss at epoch #30: 0.002153
2025-09-30 07:05:21.793 | INFO     | agents.servers.serverFedMSE:train_on_clients:70 - Saved model for client 7 at epoch 30 -> saved_models/FedMSE/FedMSE/wsn_ds/epoch_30_client_7.pt
2025-09-30 07:05:22.059 | INFO     | agents.servers.serverFedMSE:train_on_clients:54 - Client 8 gets new best val_loss at epoch #30: 0.002064
2025-09-30 07:05:22.060 | INFO     | agents.servers.serverFedMSE:train_on_clients:70 - Saved model for client 8 at epoch 30 -> saved_models/FedMSE/FedMSE/wsn_ds/epoch_30_client_8.pt
2025-09-30 07:05:22.324 | INFO     | agents.servers.serverFedMSE:train_on_clients:70 - Saved model for client 9 at epoch 30 -> saved_models/FedMSE/FedMSE/wsn_ds/epoch_30_client_9.pt
2025-09-30 07:05:22.592 | INFO     | agents.servers.serverFedMSE:train_on_clients:54 - Client 10 gets new best val_loss at epoch #30: 0.002239
2025-09-30 07:05:22.593 | INFO     | agents.servers.serverFedMSE:train_on_clients:70 - Saved model for client 10 at epoch 30 -> saved_models/FedMSE/FedMSE/wsn_ds/epoch_30_client_10.pt
2025-09-30 07:05:22.860 | INFO     | agents.servers.serverFedMSE:train_on_clients:54 - Client 11 gets new best val_loss at epoch #30: 0.001905
2025-09-30 07:05:22.861 | INFO     | agents.servers.serverFedMSE:train_on_clients:70 - Saved model for client 11 at epoch 30 -> saved_models/FedMSE/FedMSE/wsn_ds/epoch_30_client_11.pt
2025-09-30 07:05:23.125 | INFO     | agents.servers.serverFedMSE:train_on_clients:70 - Saved model for client 12 at epoch 30 -> saved_models/FedMSE/FedMSE/wsn_ds/epoch_30_client_12.pt
2025-09-30 07:05:23.393 | INFO     | agents.servers.serverFedMSE:train_on_clients:70 - Saved model for client 13 at epoch 30 -> saved_models/FedMSE/FedMSE/wsn_ds/epoch_30_client_13.pt
2025-09-30 07:05:23.659 | INFO     | agents.servers.serverFedMSE:train_on_clients:54 - Client 14 gets new best val_loss at epoch #30: 0.002059
2025-09-30 07:05:23.661 | INFO     | agents.servers.serverFedMSE:train_on_clients:70 - Saved model for client 14 at epoch 30 -> saved_models/FedMSE/FedMSE/wsn_ds/epoch_30_client_14.pt
2025-09-30 07:05:23.927 | INFO     | agents.servers.serverFedMSE:train_on_clients:54 - Client 15 gets new best val_loss at epoch #30: 0.002060
2025-09-30 07:05:23.930 | INFO     | agents.servers.serverFedMSE:train_on_clients:70 - Saved model for client 15 at epoch 30 -> saved_models/FedMSE/FedMSE/wsn_ds/epoch_30_client_15.pt
2025-09-30 07:05:24.202 | INFO     | agents.servers.serverFedMSE:train_on_clients:54 - Client 16 gets new best val_loss at epoch #30: 0.002047
2025-09-30 07:05:24.203 | INFO     | agents.servers.serverFedMSE:train_on_clients:70 - Saved model for client 16 at epoch 30 -> saved_models/FedMSE/FedMSE/wsn_ds/epoch_30_client_16.pt
2025-09-30 07:05:24.472 | INFO     | agents.servers.serverFedMSE:train_on_clients:54 - Client 17 gets new best val_loss at epoch #30: 0.001945
2025-09-30 07:05:24.473 | INFO     | agents.servers.serverFedMSE:train_on_clients:70 - Saved model for client 17 at epoch 30 -> saved_models/FedMSE/FedMSE/wsn_ds/epoch_30_client_17.pt
2025-09-30 07:05:24.741 | INFO     | agents.servers.serverFedMSE:train_on_clients:54 - Client 18 gets new best val_loss at epoch #30: 0.002150
2025-09-30 07:05:24.742 | INFO     | agents.servers.serverFedMSE:train_on_clients:70 - Saved model for client 18 at epoch 30 -> saved_models/FedMSE/FedMSE/wsn_ds/epoch_30_client_18.pt
2025-09-30 07:05:25.009 | INFO     | agents.servers.serverFedMSE:train_on_clients:70 - Saved model for client 19 at epoch 30 -> saved_models/FedMSE/FedMSE/wsn_ds/epoch_30_client_19.pt
2025-09-30 07:05:25.010 | INFO     | agents.servers.serverFedMSE:train_on_clients:76 - 20 clients still training at epoch #30
2025-09-30 07:06:00.609 | INFO     | agents.servers.serverFedMSE:train_on_clients:32 - Training FedMSE model epoch #31
2025-09-30 07:06:00.876 | INFO     | agents.servers.serverFedMSE:train_on_clients:54 - Client 0 gets new best val_loss at epoch #31: 0.002123
2025-09-30 07:06:01.412 | INFO     | agents.servers.serverFedMSE:train_on_clients:54 - Client 2 gets new best val_loss at epoch #31: 0.002071
2025-09-30 07:06:01.677 | INFO     | agents.servers.serverFedMSE:train_on_clients:54 - Client 3 gets new best val_loss at epoch #31: 0.002065
2025-09-30 07:06:02.469 | INFO     | agents.servers.serverFedMSE:train_on_clients:54 - Client 6 gets new best val_loss at epoch #31: 0.001948
2025-09-30 07:06:02.728 | INFO     | agents.servers.serverFedMSE:train_on_clients:54 - Client 7 gets new best val_loss at epoch #31: 0.002094
2025-09-30 07:06:02.990 | INFO     | agents.servers.serverFedMSE:train_on_clients:54 - Client 8 gets new best val_loss at epoch #31: 0.002023
2025-09-30 07:06:03.258 | INFO     | agents.servers.serverFedMSE:train_on_clients:54 - Client 9 gets new best val_loss at epoch #31: 0.001913
2025-09-30 07:06:03.518 | INFO     | agents.servers.serverFedMSE:train_on_clients:54 - Client 10 gets new best val_loss at epoch #31: 0.002179
2025-09-30 07:06:03.780 | INFO     | agents.servers.serverFedMSE:train_on_clients:54 - Client 11 gets new best val_loss at epoch #31: 0.001860
2025-09-30 07:06:04.039 | INFO     | agents.servers.serverFedMSE:train_on_clients:54 - Client 12 gets new best val_loss at epoch #31: 0.002112
2025-09-30 07:06:04.302 | INFO     | agents.servers.serverFedMSE:train_on_clients:54 - Client 13 gets new best val_loss at epoch #31: 0.001968
2025-09-30 07:06:04.825 | INFO     | agents.servers.serverFedMSE:train_on_clients:54 - Client 15 gets new best val_loss at epoch #31: 0.001869
2025-09-30 07:06:05.086 | INFO     | agents.servers.serverFedMSE:train_on_clients:54 - Client 16 gets new best val_loss at epoch #31: 0.002017
2025-09-30 07:06:05.346 | INFO     | agents.servers.serverFedMSE:train_on_clients:54 - Client 17 gets new best val_loss at epoch #31: 0.001894
2025-09-30 07:06:05.609 | INFO     | agents.servers.serverFedMSE:train_on_clients:54 - Client 18 gets new best val_loss at epoch #31: 0.002103
2025-09-30 07:06:05.870 | INFO     | agents.servers.serverFedMSE:train_on_clients:54 - Client 19 gets new best val_loss at epoch #31: 0.002223
2025-09-30 07:06:05.872 | INFO     | agents.servers.serverFedMSE:train_on_clients:76 - 20 clients still training at epoch #31
2025-09-30 07:06:41.586 | INFO     | agents.servers.serverFedMSE:train_on_clients:32 - Training FedMSE model epoch #32
2025-09-30 07:06:42.107 | INFO     | agents.servers.serverFedMSE:train_on_clients:54 - Client 1 gets new best val_loss at epoch #32: 0.002030
2025-09-30 07:06:42.629 | INFO     | agents.servers.serverFedMSE:train_on_clients:54 - Client 3 gets new best val_loss at epoch #32: 0.002028
2025-09-30 07:06:42.890 | INFO     | agents.servers.serverFedMSE:train_on_clients:54 - Client 4 gets new best val_loss at epoch #32: 0.001912
2025-09-30 07:06:43.150 | INFO     | agents.servers.serverFedMSE:train_on_clients:54 - Client 5 gets new best val_loss at epoch #32: 0.002161
2025-09-30 07:06:43.412 | INFO     | agents.servers.serverFedMSE:train_on_clients:54 - Client 6 gets new best val_loss at epoch #32: 0.001913
2025-09-30 07:06:43.672 | INFO     | agents.servers.serverFedMSE:train_on_clients:54 - Client 7 gets new best val_loss at epoch #32: 0.002054
2025-09-30 07:06:43.933 | INFO     | agents.servers.serverFedMSE:train_on_clients:54 - Client 8 gets new best val_loss at epoch #32: 0.001980
2025-09-30 07:06:44.453 | INFO     | agents.servers.serverFedMSE:train_on_clients:54 - Client 10 gets new best val_loss at epoch #32: 0.002082
2025-09-30 07:06:45.488 | INFO     | agents.servers.serverFedMSE:train_on_clients:54 - Client 14 gets new best val_loss at epoch #32: 0.001878
2025-09-30 07:06:45.749 | INFO     | agents.servers.serverFedMSE:train_on_clients:54 - Client 15 gets new best val_loss at epoch #32: 0.001823
2025-09-30 07:06:46.010 | INFO     | agents.servers.serverFedMSE:train_on_clients:54 - Client 16 gets new best val_loss at epoch #32: 0.001942
2025-09-30 07:06:46.531 | INFO     | agents.servers.serverFedMSE:train_on_clients:54 - Client 18 gets new best val_loss at epoch #32: 0.002058
2025-09-30 07:06:46.792 | INFO     | agents.servers.serverFedMSE:train_on_clients:54 - Client 19 gets new best val_loss at epoch #32: 0.002088
2025-09-30 07:06:46.793 | INFO     | agents.servers.serverFedMSE:train_on_clients:76 - 20 clients still training at epoch #32
2025-09-30 07:07:22.564 | INFO     | agents.servers.serverFedMSE:train_on_clients:32 - Training FedMSE model epoch #33
2025-09-30 07:07:22.824 | INFO     | agents.servers.serverFedMSE:train_on_clients:54 - Client 0 gets new best val_loss at epoch #33: 0.002013
2025-09-30 07:07:23.347 | INFO     | agents.servers.serverFedMSE:train_on_clients:54 - Client 2 gets new best val_loss at epoch #33: 0.001915
2025-09-30 07:07:23.615 | INFO     | agents.servers.serverFedMSE:train_on_clients:54 - Client 3 gets new best val_loss at epoch #33: 0.001908
2025-09-30 07:07:25.010 | INFO     | agents.servers.serverFedMSE:train_on_clients:54 - Client 8 gets new best val_loss at epoch #33: 0.001928
2025-09-30 07:07:25.285 | INFO     | agents.servers.serverFedMSE:train_on_clients:54 - Client 9 gets new best val_loss at epoch #33: 0.001811
2025-09-30 07:07:25.558 | INFO     | agents.servers.serverFedMSE:train_on_clients:54 - Client 10 gets new best val_loss at epoch #33: 0.002063
2025-09-30 07:07:25.827 | INFO     | agents.servers.serverFedMSE:train_on_clients:54 - Client 11 gets new best val_loss at epoch #33: 0.001764
2025-09-30 07:07:26.358 | INFO     | agents.servers.serverFedMSE:train_on_clients:54 - Client 13 gets new best val_loss at epoch #33: 0.001823
2025-09-30 07:07:26.627 | INFO     | agents.servers.serverFedMSE:train_on_clients:54 - Client 14 gets new best val_loss at epoch #33: 0.001829
2025-09-30 07:07:26.903 | INFO     | agents.servers.serverFedMSE:train_on_clients:54 - Client 15 gets new best val_loss at epoch #33: 0.001746
2025-09-30 07:07:27.174 | INFO     | agents.servers.serverFedMSE:train_on_clients:54 - Client 16 gets new best val_loss at epoch #33: 0.001913
2025-09-30 07:07:27.973 | INFO     | agents.servers.serverFedMSE:train_on_clients:54 - Client 19 gets new best val_loss at epoch #33: 0.002041
2025-09-30 07:07:27.975 | INFO     | agents.servers.serverFedMSE:train_on_clients:76 - 20 clients still training at epoch #33
2025-09-30 07:08:03.756 | INFO     | agents.servers.serverFedMSE:train_on_clients:32 - Training FedMSE model epoch #34
2025-09-30 07:08:04.026 | INFO     | agents.servers.serverFedMSE:train_on_clients:54 - Client 0 gets new best val_loss at epoch #34: 0.001981
2025-09-30 07:08:04.295 | INFO     | agents.servers.serverFedMSE:train_on_clients:54 - Client 1 gets new best val_loss at epoch #34: 0.001967
2025-09-30 07:08:04.563 | INFO     | agents.servers.serverFedMSE:train_on_clients:54 - Client 2 gets new best val_loss at epoch #34: 0.001870
2025-09-30 07:08:05.636 | INFO     | agents.servers.serverFedMSE:train_on_clients:54 - Client 6 gets new best val_loss at epoch #34: 0.001899
2025-09-30 07:08:05.908 | INFO     | agents.servers.serverFedMSE:train_on_clients:54 - Client 7 gets new best val_loss at epoch #34: 0.001925
2025-09-30 07:08:06.175 | INFO     | agents.servers.serverFedMSE:train_on_clients:54 - Client 8 gets new best val_loss at epoch #34: 0.001905
2025-09-30 07:08:06.712 | INFO     | agents.servers.serverFedMSE:train_on_clients:54 - Client 10 gets new best val_loss at epoch #34: 0.001985
2025-09-30 07:08:06.982 | INFO     | agents.servers.serverFedMSE:train_on_clients:54 - Client 11 gets new best val_loss at epoch #34: 0.001708
2025-09-30 07:08:07.252 | INFO     | agents.servers.serverFedMSE:train_on_clients:54 - Client 12 gets new best val_loss at epoch #34: 0.001947
2025-09-30 07:08:07.788 | INFO     | agents.servers.serverFedMSE:train_on_clients:54 - Client 14 gets new best val_loss at epoch #34: 0.001825
2025-09-30 07:08:08.590 | INFO     | agents.servers.serverFedMSE:train_on_clients:54 - Client 17 gets new best val_loss at epoch #34: 0.001705
2025-09-30 07:08:08.861 | INFO     | agents.servers.serverFedMSE:train_on_clients:54 - Client 18 gets new best val_loss at epoch #34: 0.001985
2025-09-30 07:08:09.130 | INFO     | agents.servers.serverFedMSE:train_on_clients:76 - 20 clients still training at epoch #34
2025-09-30 07:08:44.427 | INFO     | agents.servers.serverFedMSE:train_on_clients:32 - Training FedMSE model epoch #35
2025-09-30 07:08:44.954 | INFO     | agents.servers.serverFedMSE:train_on_clients:54 - Client 1 gets new best val_loss at epoch #35: 0.001842
2025-09-30 07:08:45.218 | INFO     | agents.servers.serverFedMSE:train_on_clients:54 - Client 2 gets new best val_loss at epoch #35: 0.001821
2025-09-30 07:08:45.480 | INFO     | agents.servers.serverFedMSE:train_on_clients:54 - Client 3 gets new best val_loss at epoch #35: 0.001895
2025-09-30 07:08:46.004 | INFO     | agents.servers.serverFedMSE:train_on_clients:54 - Client 5 gets new best val_loss at epoch #35: 0.002008
2025-09-30 07:08:46.267 | INFO     | agents.servers.serverFedMSE:train_on_clients:54 - Client 6 gets new best val_loss at epoch #35: 0.001796
2025-09-30 07:08:46.794 | INFO     | agents.servers.serverFedMSE:train_on_clients:54 - Client 8 gets new best val_loss at epoch #35: 0.001880
2025-09-30 07:08:47.059 | INFO     | agents.servers.serverFedMSE:train_on_clients:54 - Client 9 gets new best val_loss at epoch #35: 0.001807
2025-09-30 07:08:48.110 | INFO     | agents.servers.serverFedMSE:train_on_clients:54 - Client 13 gets new best val_loss at epoch #35: 0.001734
2025-09-30 07:08:48.636 | INFO     | agents.servers.serverFedMSE:train_on_clients:54 - Client 15 gets new best val_loss at epoch #35: 0.001741
2025-09-30 07:08:48.898 | INFO     | agents.servers.serverFedMSE:train_on_clients:54 - Client 16 gets new best val_loss at epoch #35: 0.001860
2025-09-30 07:08:49.162 | INFO     | agents.servers.serverFedMSE:train_on_clients:54 - Client 17 gets new best val_loss at epoch #35: 0.001689
2025-09-30 07:08:49.429 | INFO     | agents.servers.serverFedMSE:train_on_clients:54 - Client 18 gets new best val_loss at epoch #35: 0.001822
2025-09-30 07:08:49.692 | INFO     | agents.servers.serverFedMSE:train_on_clients:76 - 20 clients still training at epoch #35
2025-09-30 07:09:25.162 | INFO     | agents.servers.serverFedMSE:train_on_clients:32 - Training FedMSE model epoch #36
2025-09-30 07:09:25.430 | INFO     | agents.servers.serverFedMSE:train_on_clients:54 - Client 0 gets new best val_loss at epoch #36: 0.001797
2025-09-30 07:09:25.964 | INFO     | agents.servers.serverFedMSE:train_on_clients:54 - Client 2 gets new best val_loss at epoch #36: 0.001809
2025-09-30 07:09:26.230 | INFO     | agents.servers.serverFedMSE:train_on_clients:54 - Client 3 gets new best val_loss at epoch #36: 0.001833
2025-09-30 07:09:27.030 | INFO     | agents.servers.serverFedMSE:train_on_clients:54 - Client 6 gets new best val_loss at epoch #36: 0.001729
2025-09-30 07:09:27.562 | INFO     | agents.servers.serverFedMSE:train_on_clients:54 - Client 8 gets new best val_loss at epoch #36: 0.001872
2025-09-30 07:09:27.829 | INFO     | agents.servers.serverFedMSE:train_on_clients:54 - Client 9 gets new best val_loss at epoch #36: 0.001729
2025-09-30 07:09:28.097 | INFO     | agents.servers.serverFedMSE:train_on_clients:54 - Client 10 gets new best val_loss at epoch #36: 0.001862
2025-09-30 07:09:28.363 | INFO     | agents.servers.serverFedMSE:train_on_clients:54 - Client 11 gets new best val_loss at epoch #36: 0.001701
2025-09-30 07:09:29.164 | INFO     | agents.servers.serverFedMSE:train_on_clients:54 - Client 14 gets new best val_loss at epoch #36: 0.001760
2025-09-30 07:09:29.429 | INFO     | agents.servers.serverFedMSE:train_on_clients:54 - Client 15 gets new best val_loss at epoch #36: 0.001656
2025-09-30 07:09:29.699 | INFO     | agents.servers.serverFedMSE:train_on_clients:54 - Client 16 gets new best val_loss at epoch #36: 0.001823
2025-09-30 07:09:29.966 | INFO     | agents.servers.serverFedMSE:train_on_clients:54 - Client 17 gets new best val_loss at epoch #36: 0.001640
2025-09-30 07:09:30.497 | INFO     | agents.servers.serverFedMSE:train_on_clients:54 - Client 19 gets new best val_loss at epoch #36: 0.001956
2025-09-30 07:09:30.498 | INFO     | agents.servers.serverFedMSE:train_on_clients:76 - 20 clients still training at epoch #36
2025-09-30 07:10:05.195 | INFO     | agents.servers.serverFedMSE:train_on_clients:32 - Training FedMSE model epoch #37
2025-09-30 07:10:05.467 | INFO     | agents.servers.serverFedMSE:train_on_clients:54 - Client 0 gets new best val_loss at epoch #37: 0.001768
2025-09-30 07:10:05.735 | INFO     | agents.servers.serverFedMSE:train_on_clients:54 - Client 1 gets new best val_loss at epoch #37: 0.001722
2025-09-30 07:10:06.004 | INFO     | agents.servers.serverFedMSE:train_on_clients:54 - Client 2 gets new best val_loss at epoch #37: 0.001745
2025-09-30 07:10:06.277 | INFO     | agents.servers.serverFedMSE:train_on_clients:54 - Client 3 gets new best val_loss at epoch #37: 0.001679
2025-09-30 07:10:06.808 | INFO     | agents.servers.serverFedMSE:train_on_clients:54 - Client 5 gets new best val_loss at epoch #37: 0.001958
2025-09-30 07:10:07.352 | INFO     | agents.servers.serverFedMSE:train_on_clients:54 - Client 7 gets new best val_loss at epoch #37: 0.001899
2025-09-30 07:10:07.623 | INFO     | agents.servers.serverFedMSE:train_on_clients:54 - Client 8 gets new best val_loss at epoch #37: 0.001738
2025-09-30 07:10:08.700 | INFO     | agents.servers.serverFedMSE:train_on_clients:54 - Client 12 gets new best val_loss at epoch #37: 0.001772
2025-09-30 07:10:08.974 | INFO     | agents.servers.serverFedMSE:train_on_clients:54 - Client 13 gets new best val_loss at epoch #37: 0.001636
2025-09-30 07:10:09.507 | INFO     | agents.servers.serverFedMSE:train_on_clients:54 - Client 15 gets new best val_loss at epoch #37: 0.001605
2025-09-30 07:10:09.774 | INFO     | agents.servers.serverFedMSE:train_on_clients:54 - Client 16 gets new best val_loss at epoch #37: 0.001743
2025-09-30 07:10:10.308 | INFO     | agents.servers.serverFedMSE:train_on_clients:54 - Client 18 gets new best val_loss at epoch #37: 0.001769
2025-09-30 07:10:10.572 | INFO     | agents.servers.serverFedMSE:train_on_clients:76 - 20 clients still training at epoch #37
2025-09-30 07:10:45.117 | INFO     | agents.servers.serverFedMSE:train_on_clients:32 - Training FedMSE model epoch #38
2025-09-30 07:10:45.387 | INFO     | agents.servers.serverFedMSE:train_on_clients:54 - Client 0 gets new best val_loss at epoch #38: 0.001764
2025-09-30 07:10:45.656 | INFO     | agents.servers.serverFedMSE:train_on_clients:54 - Client 1 gets new best val_loss at epoch #38: 0.001630
2025-09-30 07:10:45.930 | INFO     | agents.servers.serverFedMSE:train_on_clients:54 - Client 2 gets new best val_loss at epoch #38: 0.001644
2025-09-30 07:10:46.472 | INFO     | agents.servers.serverFedMSE:train_on_clients:54 - Client 4 gets new best val_loss at epoch #38: 0.001632
2025-09-30 07:10:46.745 | INFO     | agents.servers.serverFedMSE:train_on_clients:54 - Client 5 gets new best val_loss at epoch #38: 0.001708
2025-09-30 07:10:47.015 | INFO     | agents.servers.serverFedMSE:train_on_clients:54 - Client 6 gets new best val_loss at epoch #38: 0.001614
2025-09-30 07:10:47.284 | INFO     | agents.servers.serverFedMSE:train_on_clients:54 - Client 7 gets new best val_loss at epoch #38: 0.001692
2025-09-30 07:10:47.553 | INFO     | agents.servers.serverFedMSE:train_on_clients:54 - Client 8 gets new best val_loss at epoch #38: 0.001621
2025-09-30 07:10:47.822 | INFO     | agents.servers.serverFedMSE:train_on_clients:54 - Client 9 gets new best val_loss at epoch #38: 0.001571
2025-09-30 07:10:48.092 | INFO     | agents.servers.serverFedMSE:train_on_clients:54 - Client 10 gets new best val_loss at epoch #38: 0.001790
2025-09-30 07:10:48.359 | INFO     | agents.servers.serverFedMSE:train_on_clients:54 - Client 11 gets new best val_loss at epoch #38: 0.001474
2025-09-30 07:10:48.627 | INFO     | agents.servers.serverFedMSE:train_on_clients:54 - Client 12 gets new best val_loss at epoch #38: 0.001745
2025-09-30 07:10:48.896 | INFO     | agents.servers.serverFedMSE:train_on_clients:54 - Client 13 gets new best val_loss at epoch #38: 0.001584
2025-09-30 07:10:49.163 | INFO     | agents.servers.serverFedMSE:train_on_clients:54 - Client 14 gets new best val_loss at epoch #38: 0.001759
2025-09-30 07:10:49.430 | INFO     | agents.servers.serverFedMSE:train_on_clients:54 - Client 15 gets new best val_loss at epoch #38: 0.001585
2025-09-30 07:10:49.969 | INFO     | agents.servers.serverFedMSE:train_on_clients:54 - Client 17 gets new best val_loss at epoch #38: 0.001442
2025-09-30 07:10:50.503 | INFO     | agents.servers.serverFedMSE:train_on_clients:54 - Client 19 gets new best val_loss at epoch #38: 0.001759
2025-09-30 07:10:50.504 | INFO     | agents.servers.serverFedMSE:train_on_clients:76 - 20 clients still training at epoch #38
2025-09-30 07:11:26.212 | INFO     | agents.servers.serverFedMSE:train_on_clients:32 - Training FedMSE model epoch #39
2025-09-30 07:11:26.480 | INFO     | agents.servers.serverFedMSE:train_on_clients:54 - Client 0 gets new best val_loss at epoch #39: 0.001608
2025-09-30 07:11:26.750 | INFO     | agents.servers.serverFedMSE:train_on_clients:54 - Client 1 gets new best val_loss at epoch #39: 0.001610
2025-09-30 07:11:27.019 | INFO     | agents.servers.serverFedMSE:train_on_clients:54 - Client 2 gets new best val_loss at epoch #39: 0.001563
2025-09-30 07:11:27.554 | INFO     | agents.servers.serverFedMSE:train_on_clients:54 - Client 4 gets new best val_loss at epoch #39: 0.001546
2025-09-30 07:11:27.821 | INFO     | agents.servers.serverFedMSE:train_on_clients:54 - Client 5 gets new best val_loss at epoch #39: 0.001564
2025-09-30 07:11:28.084 | INFO     | agents.servers.serverFedMSE:train_on_clients:54 - Client 6 gets new best val_loss at epoch #39: 0.001598
2025-09-30 07:11:28.346 | INFO     | agents.servers.serverFedMSE:train_on_clients:54 - Client 7 gets new best val_loss at epoch #39: 0.001661
2025-09-30 07:11:28.608 | INFO     | agents.servers.serverFedMSE:train_on_clients:54 - Client 8 gets new best val_loss at epoch #39: 0.001537
2025-09-30 07:11:28.869 | INFO     | agents.servers.serverFedMSE:train_on_clients:54 - Client 9 gets new best val_loss at epoch #39: 0.001533
2025-09-30 07:11:29.132 | INFO     | agents.servers.serverFedMSE:train_on_clients:54 - Client 10 gets new best val_loss at epoch #39: 0.001672
2025-09-30 07:11:29.651 | INFO     | agents.servers.serverFedMSE:train_on_clients:54 - Client 12 gets new best val_loss at epoch #39: 0.001639
2025-09-30 07:11:29.910 | INFO     | agents.servers.serverFedMSE:train_on_clients:54 - Client 13 gets new best val_loss at epoch #39: 0.001497
2025-09-30 07:11:30.173 | INFO     | agents.servers.serverFedMSE:train_on_clients:54 - Client 14 gets new best val_loss at epoch #39: 0.001563
2025-09-30 07:11:30.434 | INFO     | agents.servers.serverFedMSE:train_on_clients:54 - Client 15 gets new best val_loss at epoch #39: 0.001412
2025-09-30 07:11:30.695 | INFO     | agents.servers.serverFedMSE:train_on_clients:54 - Client 16 gets new best val_loss at epoch #39: 0.001586
2025-09-30 07:11:30.956 | INFO     | agents.servers.serverFedMSE:train_on_clients:54 - Client 17 gets new best val_loss at epoch #39: 0.001386
2025-09-30 07:11:31.218 | INFO     | agents.servers.serverFedMSE:train_on_clients:54 - Client 18 gets new best val_loss at epoch #39: 0.001533
2025-09-30 07:11:31.477 | INFO     | agents.servers.serverFedMSE:train_on_clients:76 - 20 clients still training at epoch #39
2025-09-30 07:12:06.731 | INFO     | agents.servers.serverFedMSE:train_on_clients:32 - Training FedMSE model epoch #40
2025-09-30 07:12:06.987 | INFO     | agents.servers.serverFedMSE:train_on_clients:70 - Saved model for client 0 at epoch 40 -> saved_models/FedMSE/FedMSE/wsn_ds/epoch_40_client_0.pt
2025-09-30 07:12:07.246 | INFO     | agents.servers.serverFedMSE:train_on_clients:54 - Client 1 gets new best val_loss at epoch #40: 0.001587
2025-09-30 07:12:07.247 | INFO     | agents.servers.serverFedMSE:train_on_clients:70 - Saved model for client 1 at epoch 40 -> saved_models/FedMSE/FedMSE/wsn_ds/epoch_40_client_1.pt
2025-09-30 07:12:07.503 | INFO     | agents.servers.serverFedMSE:train_on_clients:70 - Saved model for client 2 at epoch 40 -> saved_models/FedMSE/FedMSE/wsn_ds/epoch_40_client_2.pt
2025-09-30 07:12:07.763 | INFO     | agents.servers.serverFedMSE:train_on_clients:54 - Client 3 gets new best val_loss at epoch #40: 0.001538
2025-09-30 07:12:07.764 | INFO     | agents.servers.serverFedMSE:train_on_clients:70 - Saved model for client 3 at epoch 40 -> saved_models/FedMSE/FedMSE/wsn_ds/epoch_40_client_3.pt
2025-09-30 07:12:08.022 | INFO     | agents.servers.serverFedMSE:train_on_clients:54 - Client 4 gets new best val_loss at epoch #40: 0.001462
2025-09-30 07:12:08.024 | INFO     | agents.servers.serverFedMSE:train_on_clients:70 - Saved model for client 4 at epoch 40 -> saved_models/FedMSE/FedMSE/wsn_ds/epoch_40_client_4.pt
2025-09-30 07:12:08.280 | INFO     | agents.servers.serverFedMSE:train_on_clients:70 - Saved model for client 5 at epoch 40 -> saved_models/FedMSE/FedMSE/wsn_ds/epoch_40_client_5.pt
2025-09-30 07:12:08.539 | INFO     | agents.servers.serverFedMSE:train_on_clients:54 - Client 6 gets new best val_loss at epoch #40: 0.001410
2025-09-30 07:12:08.541 | INFO     | agents.servers.serverFedMSE:train_on_clients:70 - Saved model for client 6 at epoch 40 -> saved_models/FedMSE/FedMSE/wsn_ds/epoch_40_client_6.pt
2025-09-30 07:12:08.799 | INFO     | agents.servers.serverFedMSE:train_on_clients:54 - Client 7 gets new best val_loss at epoch #40: 0.001534
2025-09-30 07:12:08.801 | INFO     | agents.servers.serverFedMSE:train_on_clients:70 - Saved model for client 7 at epoch 40 -> saved_models/FedMSE/FedMSE/wsn_ds/epoch_40_client_7.pt
2025-09-30 07:12:09.059 | INFO     | agents.servers.serverFedMSE:train_on_clients:70 - Saved model for client 8 at epoch 40 -> saved_models/FedMSE/FedMSE/wsn_ds/epoch_40_client_8.pt
2025-09-30 07:12:09.318 | INFO     | agents.servers.serverFedMSE:train_on_clients:70 - Saved model for client 9 at epoch 40 -> saved_models/FedMSE/FedMSE/wsn_ds/epoch_40_client_9.pt
2025-09-30 07:12:09.577 | INFO     | agents.servers.serverFedMSE:train_on_clients:54 - Client 10 gets new best val_loss at epoch #40: 0.001624
2025-09-30 07:12:09.578 | INFO     | agents.servers.serverFedMSE:train_on_clients:70 - Saved model for client 10 at epoch 40 -> saved_models/FedMSE/FedMSE/wsn_ds/epoch_40_client_10.pt
2025-09-30 07:12:09.834 | INFO     | agents.servers.serverFedMSE:train_on_clients:54 - Client 11 gets new best val_loss at epoch #40: 0.001369
2025-09-30 07:12:09.835 | INFO     | agents.servers.serverFedMSE:train_on_clients:70 - Saved model for client 11 at epoch 40 -> saved_models/FedMSE/FedMSE/wsn_ds/epoch_40_client_11.pt
2025-09-30 07:12:10.093 | INFO     | agents.servers.serverFedMSE:train_on_clients:54 - Client 12 gets new best val_loss at epoch #40: 0.001575
2025-09-30 07:12:10.094 | INFO     | agents.servers.serverFedMSE:train_on_clients:70 - Saved model for client 12 at epoch 40 -> saved_models/FedMSE/FedMSE/wsn_ds/epoch_40_client_12.pt
2025-09-30 07:12:10.354 | INFO     | agents.servers.serverFedMSE:train_on_clients:54 - Client 13 gets new best val_loss at epoch #40: 0.001451
2025-09-30 07:12:10.356 | INFO     | agents.servers.serverFedMSE:train_on_clients:70 - Saved model for client 13 at epoch 40 -> saved_models/FedMSE/FedMSE/wsn_ds/epoch_40_client_13.pt
2025-09-30 07:12:10.616 | INFO     | agents.servers.serverFedMSE:train_on_clients:70 - Saved model for client 14 at epoch 40 -> saved_models/FedMSE/FedMSE/wsn_ds/epoch_40_client_14.pt
2025-09-30 07:12:10.874 | INFO     | agents.servers.serverFedMSE:train_on_clients:70 - Saved model for client 15 at epoch 40 -> saved_models/FedMSE/FedMSE/wsn_ds/epoch_40_client_15.pt
2025-09-30 07:12:11.132 | INFO     | agents.servers.serverFedMSE:train_on_clients:70 - Saved model for client 16 at epoch 40 -> saved_models/FedMSE/FedMSE/wsn_ds/epoch_40_client_16.pt
2025-09-30 07:12:11.390 | INFO     | agents.servers.serverFedMSE:train_on_clients:54 - Client 17 gets new best val_loss at epoch #40: 0.001303
2025-09-30 07:12:11.392 | INFO     | agents.servers.serverFedMSE:train_on_clients:70 - Saved model for client 17 at epoch 40 -> saved_models/FedMSE/FedMSE/wsn_ds/epoch_40_client_17.pt
2025-09-30 07:12:11.650 | INFO     | agents.servers.serverFedMSE:train_on_clients:54 - Client 18 gets new best val_loss at epoch #40: 0.001480
2025-09-30 07:12:11.651 | INFO     | agents.servers.serverFedMSE:train_on_clients:70 - Saved model for client 18 at epoch 40 -> saved_models/FedMSE/FedMSE/wsn_ds/epoch_40_client_18.pt
2025-09-30 07:12:11.907 | INFO     | agents.servers.serverFedMSE:train_on_clients:54 - Client 19 gets new best val_loss at epoch #40: 0.001538
2025-09-30 07:12:11.909 | INFO     | agents.servers.serverFedMSE:train_on_clients:70 - Saved model for client 19 at epoch 40 -> saved_models/FedMSE/FedMSE/wsn_ds/epoch_40_client_19.pt
2025-09-30 07:12:11.910 | INFO     | agents.servers.serverFedMSE:train_on_clients:76 - 20 clients still training at epoch #40
2025-09-30 07:12:47.183 | INFO     | agents.servers.serverFedMSE:train_on_clients:32 - Training FedMSE model epoch #41
2025-09-30 07:12:47.965 | INFO     | agents.servers.serverFedMSE:train_on_clients:54 - Client 2 gets new best val_loss at epoch #41: 0.001469
2025-09-30 07:12:48.226 | INFO     | agents.servers.serverFedMSE:train_on_clients:54 - Client 3 gets new best val_loss at epoch #41: 0.001489
2025-09-30 07:12:48.746 | INFO     | agents.servers.serverFedMSE:train_on_clients:54 - Client 5 gets new best val_loss at epoch #41: 0.001438
2025-09-30 07:12:49.008 | INFO     | agents.servers.serverFedMSE:train_on_clients:54 - Client 6 gets new best val_loss at epoch #41: 0.001342
2025-09-30 07:12:49.270 | INFO     | agents.servers.serverFedMSE:train_on_clients:54 - Client 7 gets new best val_loss at epoch #41: 0.001434
2025-09-30 07:12:49.532 | INFO     | agents.servers.serverFedMSE:train_on_clients:54 - Client 8 gets new best val_loss at epoch #41: 0.001458
2025-09-30 07:12:50.055 | INFO     | agents.servers.serverFedMSE:train_on_clients:54 - Client 10 gets new best val_loss at epoch #41: 0.001534
2025-09-30 07:12:50.316 | INFO     | agents.servers.serverFedMSE:train_on_clients:54 - Client 11 gets new best val_loss at epoch #41: 0.001330
2025-09-30 07:12:50.840 | INFO     | agents.servers.serverFedMSE:train_on_clients:54 - Client 13 gets new best val_loss at epoch #41: 0.001381
2025-09-30 07:12:51.624 | INFO     | agents.servers.serverFedMSE:train_on_clients:54 - Client 16 gets new best val_loss at epoch #41: 0.001497
2025-09-30 07:12:52.405 | INFO     | agents.servers.serverFedMSE:train_on_clients:54 - Client 19 gets new best val_loss at epoch #41: 0.001498
2025-09-30 07:12:52.406 | INFO     | agents.servers.serverFedMSE:train_on_clients:76 - 20 clients still training at epoch #41
2025-09-30 07:13:28.001 | INFO     | agents.servers.serverFedMSE:train_on_clients:32 - Training FedMSE model epoch #42
2025-09-30 07:13:28.262 | INFO     | agents.servers.serverFedMSE:train_on_clients:54 - Client 0 gets new best val_loss at epoch #42: 0.001456
2025-09-30 07:13:28.526 | INFO     | agents.servers.serverFedMSE:train_on_clients:54 - Client 1 gets new best val_loss at epoch #42: 0.001442
2025-09-30 07:13:29.050 | INFO     | agents.servers.serverFedMSE:train_on_clients:54 - Client 3 gets new best val_loss at epoch #42: 0.001489
2025-09-30 07:13:29.312 | INFO     | agents.servers.serverFedMSE:train_on_clients:54 - Client 4 gets new best val_loss at epoch #42: 0.001458
2025-09-30 07:13:29.837 | INFO     | agents.servers.serverFedMSE:train_on_clients:54 - Client 6 gets new best val_loss at epoch #42: 0.001322
2025-09-30 07:13:30.359 | INFO     | agents.servers.serverFedMSE:train_on_clients:54 - Client 8 gets new best val_loss at epoch #42: 0.001377
2025-09-30 07:13:30.623 | INFO     | agents.servers.serverFedMSE:train_on_clients:54 - Client 9 gets new best val_loss at epoch #42: 0.001446
2025-09-30 07:13:31.406 | INFO     | agents.servers.serverFedMSE:train_on_clients:54 - Client 12 gets new best val_loss at epoch #42: 0.001483
2025-09-30 07:13:31.929 | INFO     | agents.servers.serverFedMSE:train_on_clients:54 - Client 14 gets new best val_loss at epoch #42: 0.001557
2025-09-30 07:13:32.190 | INFO     | agents.servers.serverFedMSE:train_on_clients:54 - Client 15 gets new best val_loss at epoch #42: 0.001403
2025-09-30 07:13:32.973 | INFO     | agents.servers.serverFedMSE:train_on_clients:54 - Client 18 gets new best val_loss at epoch #42: 0.001363
2025-09-30 07:13:33.237 | INFO     | agents.servers.serverFedMSE:train_on_clients:54 - Client 19 gets new best val_loss at epoch #42: 0.001487
2025-09-30 07:13:33.239 | INFO     | agents.servers.serverFedMSE:train_on_clients:76 - 20 clients still training at epoch #42
2025-09-30 07:14:08.900 | INFO     | agents.servers.serverFedMSE:train_on_clients:32 - Training FedMSE model epoch #43
2025-09-30 07:14:09.434 | INFO     | agents.servers.serverFedMSE:train_on_clients:54 - Client 1 gets new best val_loss at epoch #43: 0.001409
2025-09-30 07:14:09.697 | INFO     | agents.servers.serverFedMSE:train_on_clients:54 - Client 2 gets new best val_loss at epoch #43: 0.001357
2025-09-30 07:14:09.963 | INFO     | agents.servers.serverFedMSE:train_on_clients:54 - Client 3 gets new best val_loss at epoch #43: 0.001451
2025-09-30 07:14:10.223 | INFO     | agents.servers.serverFedMSE:train_on_clients:54 - Client 4 gets new best val_loss at epoch #43: 0.001444
2025-09-30 07:14:10.484 | INFO     | agents.servers.serverFedMSE:train_on_clients:54 - Client 5 gets new best val_loss at epoch #43: 0.001394
2025-09-30 07:14:10.746 | INFO     | agents.servers.serverFedMSE:train_on_clients:54 - Client 6 gets new best val_loss at epoch #43: 0.001298
2025-09-30 07:14:11.007 | INFO     | agents.servers.serverFedMSE:train_on_clients:54 - Client 7 gets new best val_loss at epoch #43: 0.001432
2025-09-30 07:14:11.527 | INFO     | agents.servers.serverFedMSE:train_on_clients:54 - Client 9 gets new best val_loss at epoch #43: 0.001427
2025-09-30 07:14:11.789 | INFO     | agents.servers.serverFedMSE:train_on_clients:54 - Client 10 gets new best val_loss at epoch #43: 0.001484
2025-09-30 07:14:12.051 | INFO     | agents.servers.serverFedMSE:train_on_clients:54 - Client 11 gets new best val_loss at epoch #43: 0.001317
2025-09-30 07:14:12.571 | INFO     | agents.servers.serverFedMSE:train_on_clients:54 - Client 13 gets new best val_loss at epoch #43: 0.001351
2025-09-30 07:14:12.832 | INFO     | agents.servers.serverFedMSE:train_on_clients:54 - Client 14 gets new best val_loss at epoch #43: 0.001327
2025-09-30 07:14:13.352 | INFO     | agents.servers.serverFedMSE:train_on_clients:54 - Client 16 gets new best val_loss at epoch #43: 0.001454
2025-09-30 07:14:14.129 | INFO     | agents.servers.serverFedMSE:train_on_clients:54 - Client 19 gets new best val_loss at epoch #43: 0.001468
2025-09-30 07:14:14.131 | INFO     | agents.servers.serverFedMSE:train_on_clients:76 - 20 clients still training at epoch #43
2025-09-30 07:14:49.695 | INFO     | agents.servers.serverFedMSE:train_on_clients:32 - Training FedMSE model epoch #44
2025-09-30 07:14:50.481 | INFO     | agents.servers.serverFedMSE:train_on_clients:54 - Client 2 gets new best val_loss at epoch #44: 0.001336
2025-09-30 07:14:51.004 | INFO     | agents.servers.serverFedMSE:train_on_clients:54 - Client 4 gets new best val_loss at epoch #44: 0.001322
2025-09-30 07:14:51.781 | INFO     | agents.servers.serverFedMSE:train_on_clients:54 - Client 7 gets new best val_loss at epoch #44: 0.001370
2025-09-30 07:14:52.301 | INFO     | agents.servers.serverFedMSE:train_on_clients:54 - Client 9 gets new best val_loss at epoch #44: 0.001355
2025-09-30 07:14:52.560 | INFO     | agents.servers.serverFedMSE:train_on_clients:54 - Client 10 gets new best val_loss at epoch #44: 0.001456
2025-09-30 07:14:52.824 | INFO     | agents.servers.serverFedMSE:train_on_clients:54 - Client 11 gets new best val_loss at epoch #44: 0.001282
2025-09-30 07:14:54.383 | INFO     | agents.servers.serverFedMSE:train_on_clients:54 - Client 17 gets new best val_loss at epoch #44: 0.001271
2025-09-30 07:14:54.907 | INFO     | agents.servers.serverFedMSE:train_on_clients:54 - Client 19 gets new best val_loss at epoch #44: 0.001460
2025-09-30 07:14:54.908 | INFO     | agents.servers.serverFedMSE:train_on_clients:76 - 20 clients still training at epoch #44
2025-09-30 07:15:30.240 | INFO     | agents.servers.serverFedMSE:train_on_clients:32 - Training FedMSE model epoch #45
2025-09-30 07:15:30.505 | INFO     | agents.servers.serverFedMSE:train_on_clients:54 - Client 0 gets new best val_loss at epoch #45: 0.001400
2025-09-30 07:15:30.769 | INFO     | agents.servers.serverFedMSE:train_on_clients:54 - Client 1 gets new best val_loss at epoch #45: 0.001392
2025-09-30 07:15:31.030 | INFO     | agents.servers.serverFedMSE:train_on_clients:54 - Client 2 gets new best val_loss at epoch #45: 0.001290
2025-09-30 07:15:31.302 | INFO     | agents.servers.serverFedMSE:train_on_clients:54 - Client 3 gets new best val_loss at epoch #45: 0.001385
2025-09-30 07:15:31.837 | INFO     | agents.servers.serverFedMSE:train_on_clients:54 - Client 5 gets new best val_loss at epoch #45: 0.001347
2025-09-30 07:15:32.637 | INFO     | agents.servers.serverFedMSE:train_on_clients:54 - Client 8 gets new best val_loss at epoch #45: 0.001308
2025-09-30 07:15:33.440 | INFO     | agents.servers.serverFedMSE:train_on_clients:54 - Client 11 gets new best val_loss at epoch #45: 0.001217
2025-09-30 07:15:34.232 | INFO     | agents.servers.serverFedMSE:train_on_clients:54 - Client 14 gets new best val_loss at epoch #45: 0.001316
2025-09-30 07:15:34.494 | INFO     | agents.servers.serverFedMSE:train_on_clients:54 - Client 15 gets new best val_loss at epoch #45: 0.001320
2025-09-30 07:15:35.535 | INFO     | agents.servers.serverFedMSE:train_on_clients:76 - 20 clients still training at epoch #45
2025-09-30 07:16:10.937 | INFO     | agents.servers.serverFedMSE:train_on_clients:32 - Training FedMSE model epoch #46
2025-09-30 07:16:12.268 | INFO     | agents.servers.serverFedMSE:train_on_clients:54 - Client 4 gets new best val_loss at epoch #46: 0.001260
2025-09-30 07:16:12.811 | INFO     | agents.servers.serverFedMSE:train_on_clients:54 - Client 6 gets new best val_loss at epoch #46: 0.001244
2025-09-30 07:16:13.593 | INFO     | agents.servers.serverFedMSE:train_on_clients:54 - Client 9 gets new best val_loss at epoch #46: 0.001296
2025-09-30 07:16:13.891 | INFO     | agents.servers.serverFedMSE:train_on_clients:54 - Client 10 gets new best val_loss at epoch #46: 0.001441
2025-09-30 07:16:14.691 | INFO     | agents.servers.serverFedMSE:train_on_clients:54 - Client 13 gets new best val_loss at epoch #46: 0.001244
2025-09-30 07:16:15.779 | INFO     | agents.servers.serverFedMSE:train_on_clients:54 - Client 17 gets new best val_loss at epoch #46: 0.001229
2025-09-30 07:16:16.044 | INFO     | agents.servers.serverFedMSE:train_on_clients:54 - Client 18 gets new best val_loss at epoch #46: 0.001338
2025-09-30 07:16:16.305 | INFO     | agents.servers.serverFedMSE:train_on_clients:76 - 20 clients still training at epoch #46
2025-09-30 07:16:51.774 | INFO     | agents.servers.serverFedMSE:train_on_clients:32 - Training FedMSE model epoch #47
2025-09-30 07:16:52.038 | INFO     | agents.servers.serverFedMSE:train_on_clients:54 - Client 0 gets new best val_loss at epoch #47: 0.001390
2025-09-30 07:16:52.298 | INFO     | agents.servers.serverFedMSE:train_on_clients:54 - Client 1 gets new best val_loss at epoch #47: 0.001359
2025-09-30 07:16:52.817 | INFO     | agents.servers.serverFedMSE:train_on_clients:54 - Client 3 gets new best val_loss at epoch #47: 0.001335
2025-09-30 07:16:53.590 | INFO     | agents.servers.serverFedMSE:train_on_clients:54 - Client 6 gets new best val_loss at epoch #47: 0.001230
2025-09-30 07:16:54.113 | INFO     | agents.servers.serverFedMSE:train_on_clients:54 - Client 8 gets new best val_loss at epoch #47: 0.001227
2025-09-30 07:16:54.643 | INFO     | agents.servers.serverFedMSE:train_on_clients:54 - Client 10 gets new best val_loss at epoch #47: 0.001413
2025-09-30 07:16:55.175 | INFO     | agents.servers.serverFedMSE:train_on_clients:54 - Client 12 gets new best val_loss at epoch #47: 0.001442
2025-09-30 07:16:55.706 | INFO     | agents.servers.serverFedMSE:train_on_clients:54 - Client 14 gets new best val_loss at epoch #47: 0.001309
2025-09-30 07:16:55.971 | INFO     | agents.servers.serverFedMSE:train_on_clients:54 - Client 15 gets new best val_loss at epoch #47: 0.001300
2025-09-30 07:16:56.237 | INFO     | agents.servers.serverFedMSE:train_on_clients:54 - Client 16 gets new best val_loss at epoch #47: 0.001399
2025-09-30 07:16:57.035 | INFO     | agents.servers.serverFedMSE:train_on_clients:54 - Client 19 gets new best val_loss at epoch #47: 0.001456
2025-09-30 07:16:57.037 | INFO     | agents.servers.serverFedMSE:train_on_clients:76 - 20 clients still training at epoch #47
2025-09-30 07:17:32.519 | INFO     | agents.servers.serverFedMSE:train_on_clients:32 - Training FedMSE model epoch #48
2025-09-30 07:17:32.788 | INFO     | agents.servers.serverFedMSE:train_on_clients:54 - Client 0 gets new best val_loss at epoch #48: 0.001354
2025-09-30 07:17:33.321 | INFO     | agents.servers.serverFedMSE:train_on_clients:54 - Client 2 gets new best val_loss at epoch #48: 0.001228
2025-09-30 07:17:34.118 | INFO     | agents.servers.serverFedMSE:train_on_clients:54 - Client 5 gets new best val_loss at epoch #48: 0.001266
2025-09-30 07:17:34.385 | INFO     | agents.servers.serverFedMSE:train_on_clients:54 - Client 6 gets new best val_loss at epoch #48: 0.001209
2025-09-30 07:17:35.184 | INFO     | agents.servers.serverFedMSE:train_on_clients:54 - Client 9 gets new best val_loss at epoch #48: 0.001236
2025-09-30 07:17:35.448 | INFO     | agents.servers.serverFedMSE:train_on_clients:54 - Client 10 gets new best val_loss at epoch #48: 0.001396
2025-09-30 07:17:35.984 | INFO     | agents.servers.serverFedMSE:train_on_clients:54 - Client 12 gets new best val_loss at epoch #48: 0.001409
2025-09-30 07:17:36.251 | INFO     | agents.servers.serverFedMSE:train_on_clients:54 - Client 13 gets new best val_loss at epoch #48: 0.001200
2025-09-30 07:17:37.583 | INFO     | agents.servers.serverFedMSE:train_on_clients:54 - Client 18 gets new best val_loss at epoch #48: 0.001240
2025-09-30 07:17:37.852 | INFO     | agents.servers.serverFedMSE:train_on_clients:54 - Client 19 gets new best val_loss at epoch #48: 0.001332
2025-09-30 07:17:37.853 | INFO     | agents.servers.serverFedMSE:train_on_clients:76 - 20 clients still training at epoch #48
2025-09-30 07:18:13.395 | INFO     | agents.servers.serverFedMSE:train_on_clients:32 - Training FedMSE model epoch #49
2025-09-30 07:18:13.664 | INFO     | agents.servers.serverFedMSE:train_on_clients:54 - Client 0 gets new best val_loss at epoch #49: 0.001302
2025-09-30 07:18:13.930 | INFO     | agents.servers.serverFedMSE:train_on_clients:54 - Client 1 gets new best val_loss at epoch #49: 0.001323
2025-09-30 07:18:15.248 | INFO     | agents.servers.serverFedMSE:train_on_clients:54 - Client 6 gets new best val_loss at epoch #49: 0.001174
2025-09-30 07:18:15.781 | INFO     | agents.servers.serverFedMSE:train_on_clients:54 - Client 8 gets new best val_loss at epoch #49: 0.001197
2025-09-30 07:18:16.315 | INFO     | agents.servers.serverFedMSE:train_on_clients:54 - Client 10 gets new best val_loss at epoch #49: 0.001377
2025-09-30 07:18:17.373 | INFO     | agents.servers.serverFedMSE:train_on_clients:54 - Client 14 gets new best val_loss at epoch #49: 0.001307
2025-09-30 07:18:18.165 | INFO     | agents.servers.serverFedMSE:train_on_clients:54 - Client 17 gets new best val_loss at epoch #49: 0.001124
2025-09-30 07:18:18.697 | INFO     | agents.servers.serverFedMSE:train_on_clients:76 - 20 clients still training at epoch #49
2025-09-30 07:18:54.303 | INFO     | agents.servers.serverFedMSE:train_on_clients:32 - Training FedMSE model epoch #50
2025-09-30 07:18:54.565 | INFO     | agents.servers.serverFedMSE:train_on_clients:70 - Saved model for client 0 at epoch 50 -> saved_models/FedMSE/FedMSE/wsn_ds/epoch_50_client_0.pt
2025-09-30 07:18:54.826 | INFO     | agents.servers.serverFedMSE:train_on_clients:70 - Saved model for client 1 at epoch 50 -> saved_models/FedMSE/FedMSE/wsn_ds/epoch_50_client_1.pt
2025-09-30 07:18:55.095 | INFO     | agents.servers.serverFedMSE:train_on_clients:54 - Client 2 gets new best val_loss at epoch #50: 0.001203
2025-09-30 07:18:55.097 | INFO     | agents.servers.serverFedMSE:train_on_clients:70 - Saved model for client 2 at epoch 50 -> saved_models/FedMSE/FedMSE/wsn_ds/epoch_50_client_2.pt
2025-09-30 07:18:55.358 | INFO     | agents.servers.serverFedMSE:train_on_clients:54 - Client 3 gets new best val_loss at epoch #50: 0.001298
2025-09-30 07:18:55.360 | INFO     | agents.servers.serverFedMSE:train_on_clients:70 - Saved model for client 3 at epoch 50 -> saved_models/FedMSE/FedMSE/wsn_ds/epoch_50_client_3.pt
2025-09-30 07:18:55.621 | INFO     | agents.servers.serverFedMSE:train_on_clients:70 - Saved model for client 4 at epoch 50 -> saved_models/FedMSE/FedMSE/wsn_ds/epoch_50_client_4.pt
2025-09-30 07:18:55.884 | INFO     | agents.servers.serverFedMSE:train_on_clients:70 - Saved model for client 5 at epoch 50 -> saved_models/FedMSE/FedMSE/wsn_ds/epoch_50_client_5.pt
2025-09-30 07:18:56.155 | INFO     | agents.servers.serverFedMSE:train_on_clients:70 - Saved model for client 6 at epoch 50 -> saved_models/FedMSE/FedMSE/wsn_ds/epoch_50_client_6.pt
2025-09-30 07:18:56.424 | INFO     | agents.servers.serverFedMSE:train_on_clients:70 - Saved model for client 7 at epoch 50 -> saved_models/FedMSE/FedMSE/wsn_ds/epoch_50_client_7.pt
2025-09-30 07:18:56.691 | INFO     | agents.servers.serverFedMSE:train_on_clients:70 - Saved model for client 8 at epoch 50 -> saved_models/FedMSE/FedMSE/wsn_ds/epoch_50_client_8.pt
2025-09-30 07:18:56.959 | INFO     | agents.servers.serverFedMSE:train_on_clients:70 - Saved model for client 9 at epoch 50 -> saved_models/FedMSE/FedMSE/wsn_ds/epoch_50_client_9.pt
2025-09-30 07:18:57.228 | INFO     | agents.servers.serverFedMSE:train_on_clients:54 - Client 10 gets new best val_loss at epoch #50: 0.001374
2025-09-30 07:18:57.229 | INFO     | agents.servers.serverFedMSE:train_on_clients:70 - Saved model for client 10 at epoch 50 -> saved_models/FedMSE/FedMSE/wsn_ds/epoch_50_client_10.pt
2025-09-30 07:18:57.493 | INFO     | agents.servers.serverFedMSE:train_on_clients:70 - Saved model for client 11 at epoch 50 -> saved_models/FedMSE/FedMSE/wsn_ds/epoch_50_client_11.pt
2025-09-30 07:18:57.758 | INFO     | agents.servers.serverFedMSE:train_on_clients:54 - Client 12 gets new best val_loss at epoch #50: 0.001311
2025-09-30 07:18:57.759 | INFO     | agents.servers.serverFedMSE:train_on_clients:70 - Saved model for client 12 at epoch 50 -> saved_models/FedMSE/FedMSE/wsn_ds/epoch_50_client_12.pt
2025-09-30 07:18:58.027 | INFO     | agents.servers.serverFedMSE:train_on_clients:54 - Client 13 gets new best val_loss at epoch #50: 0.001159
2025-09-30 07:18:58.028 | INFO     | agents.servers.serverFedMSE:train_on_clients:70 - Saved model for client 13 at epoch 50 -> saved_models/FedMSE/FedMSE/wsn_ds/epoch_50_client_13.pt
2025-09-30 07:18:58.297 | INFO     | agents.servers.serverFedMSE:train_on_clients:54 - Client 14 gets new best val_loss at epoch #50: 0.001223
2025-09-30 07:18:58.298 | INFO     | agents.servers.serverFedMSE:train_on_clients:70 - Saved model for client 14 at epoch 50 -> saved_models/FedMSE/FedMSE/wsn_ds/epoch_50_client_14.pt
2025-09-30 07:18:58.565 | INFO     | agents.servers.serverFedMSE:train_on_clients:54 - Client 15 gets new best val_loss at epoch #50: 0.001228
2025-09-30 07:18:58.567 | INFO     | agents.servers.serverFedMSE:train_on_clients:70 - Saved model for client 15 at epoch 50 -> saved_models/FedMSE/FedMSE/wsn_ds/epoch_50_client_15.pt
2025-09-30 07:18:58.833 | INFO     | agents.servers.serverFedMSE:train_on_clients:54 - Client 16 gets new best val_loss at epoch #50: 0.001349
2025-09-30 07:18:58.834 | INFO     | agents.servers.serverFedMSE:train_on_clients:70 - Saved model for client 16 at epoch 50 -> saved_models/FedMSE/FedMSE/wsn_ds/epoch_50_client_16.pt
2025-09-30 07:18:59.100 | INFO     | agents.servers.serverFedMSE:train_on_clients:70 - Saved model for client 17 at epoch 50 -> saved_models/FedMSE/FedMSE/wsn_ds/epoch_50_client_17.pt
2025-09-30 07:18:59.368 | INFO     | agents.servers.serverFedMSE:train_on_clients:70 - Saved model for client 18 at epoch 50 -> saved_models/FedMSE/FedMSE/wsn_ds/epoch_50_client_18.pt
2025-09-30 07:18:59.634 | INFO     | agents.servers.serverFedMSE:train_on_clients:54 - Client 19 gets new best val_loss at epoch #50: 0.001297
2025-09-30 07:18:59.636 | INFO     | agents.servers.serverFedMSE:train_on_clients:70 - Saved model for client 19 at epoch 50 -> saved_models/FedMSE/FedMSE/wsn_ds/epoch_50_client_19.pt
2025-09-30 07:18:59.637 | INFO     | agents.servers.serverFedMSE:train_on_clients:76 - 20 clients still training at epoch #50
2025-09-30 07:19:35.287 | INFO     | agents.servers.serverFedMSE:train_on_clients:32 - Training FedMSE model epoch #51
2025-09-30 07:19:35.805 | INFO     | agents.servers.serverFedMSE:train_on_clients:54 - Client 1 gets new best val_loss at epoch #51: 0.001297
2025-09-30 07:19:36.322 | INFO     | agents.servers.serverFedMSE:train_on_clients:54 - Client 3 gets new best val_loss at epoch #51: 0.001261
2025-09-30 07:19:36.583 | INFO     | agents.servers.serverFedMSE:train_on_clients:54 - Client 4 gets new best val_loss at epoch #51: 0.001231
2025-09-30 07:19:36.843 | INFO     | agents.servers.serverFedMSE:train_on_clients:54 - Client 5 gets new best val_loss at epoch #51: 0.001245
2025-09-30 07:19:37.648 | INFO     | agents.servers.serverFedMSE:train_on_clients:54 - Client 8 gets new best val_loss at epoch #51: 0.001149
2025-09-30 07:19:37.917 | INFO     | agents.servers.serverFedMSE:train_on_clients:54 - Client 9 gets new best val_loss at epoch #51: 0.001217
2025-09-30 07:19:38.181 | INFO     | agents.servers.serverFedMSE:train_on_clients:54 - Client 10 gets new best val_loss at epoch #51: 0.001361
2025-09-30 07:19:40.575 | INFO     | agents.servers.serverFedMSE:train_on_clients:76 - 20 clients still training at epoch #51
2025-09-30 07:20:16.369 | INFO     | agents.servers.serverFedMSE:train_on_clients:32 - Training FedMSE model epoch #52
2025-09-30 07:20:16.641 | INFO     | agents.servers.serverFedMSE:train_on_clients:54 - Client 0 gets new best val_loss at epoch #52: 0.001278
2025-09-30 07:20:16.911 | INFO     | agents.servers.serverFedMSE:train_on_clients:54 - Client 1 gets new best val_loss at epoch #52: 0.001276
2025-09-30 07:20:17.179 | INFO     | agents.servers.serverFedMSE:train_on_clients:54 - Client 2 gets new best val_loss at epoch #52: 0.001170
2025-09-30 07:20:17.722 | INFO     | agents.servers.serverFedMSE:train_on_clients:54 - Client 4 gets new best val_loss at epoch #52: 0.001225
2025-09-30 07:20:19.339 | INFO     | agents.servers.serverFedMSE:train_on_clients:54 - Client 10 gets new best val_loss at epoch #52: 0.001347
2025-09-30 07:20:19.875 | INFO     | agents.servers.serverFedMSE:train_on_clients:54 - Client 12 gets new best val_loss at epoch #52: 0.001244
2025-09-30 07:20:20.414 | INFO     | agents.servers.serverFedMSE:train_on_clients:54 - Client 14 gets new best val_loss at epoch #52: 0.001163
2025-09-30 07:20:20.953 | INFO     | agents.servers.serverFedMSE:train_on_clients:54 - Client 16 gets new best val_loss at epoch #52: 0.001341
2025-09-30 07:20:21.496 | INFO     | agents.servers.serverFedMSE:train_on_clients:54 - Client 18 gets new best val_loss at epoch #52: 0.001211
2025-09-30 07:20:21.767 | INFO     | agents.servers.serverFedMSE:train_on_clients:76 - 20 clients still training at epoch #52
2025-09-30 07:20:57.310 | INFO     | agents.servers.serverFedMSE:train_on_clients:32 - Training FedMSE model epoch #53
2025-09-30 07:20:57.587 | INFO     | agents.servers.serverFedMSE:train_on_clients:54 - Client 0 gets new best val_loss at epoch #53: 0.001208
2025-09-30 07:20:58.413 | INFO     | agents.servers.serverFedMSE:train_on_clients:54 - Client 3 gets new best val_loss at epoch #53: 0.001242
2025-09-30 07:20:58.686 | INFO     | agents.servers.serverFedMSE:train_on_clients:54 - Client 4 gets new best val_loss at epoch #53: 0.001151
2025-09-30 07:20:58.961 | INFO     | agents.servers.serverFedMSE:train_on_clients:54 - Client 5 gets new best val_loss at epoch #53: 0.001230
2025-09-30 07:20:59.494 | INFO     | agents.servers.serverFedMSE:train_on_clients:54 - Client 7 gets new best val_loss at epoch #53: 0.001345
2025-09-30 07:21:00.028 | INFO     | agents.servers.serverFedMSE:train_on_clients:54 - Client 9 gets new best val_loss at epoch #53: 0.001178
2025-09-30 07:21:00.297 | INFO     | agents.servers.serverFedMSE:train_on_clients:54 - Client 10 gets new best val_loss at epoch #53: 0.001325
2025-09-30 07:21:01.097 | INFO     | agents.servers.serverFedMSE:train_on_clients:54 - Client 13 gets new best val_loss at epoch #53: 0.001156
2025-09-30 07:21:02.436 | INFO     | agents.servers.serverFedMSE:train_on_clients:54 - Client 18 gets new best val_loss at epoch #53: 0.001178
2025-09-30 07:21:02.706 | INFO     | agents.servers.serverFedMSE:train_on_clients:76 - 20 clients still training at epoch #53
2025-09-30 07:21:38.162 | INFO     | agents.servers.serverFedMSE:train_on_clients:32 - Training FedMSE model epoch #54
2025-09-30 07:21:38.433 | INFO     | agents.servers.serverFedMSE:train_on_clients:54 - Client 0 gets new best val_loss at epoch #54: 0.001203
2025-09-30 07:21:41.121 | INFO     | agents.servers.serverFedMSE:train_on_clients:54 - Client 10 gets new best val_loss at epoch #54: 0.001300
2025-09-30 07:21:41.389 | INFO     | agents.servers.serverFedMSE:train_on_clients:54 - Client 11 gets new best val_loss at epoch #54: 0.001205
2025-09-30 07:21:42.194 | INFO     | agents.servers.serverFedMSE:train_on_clients:54 - Client 14 gets new best val_loss at epoch #54: 0.001129
2025-09-30 07:21:42.728 | INFO     | agents.servers.serverFedMSE:train_on_clients:54 - Client 16 gets new best val_loss at epoch #54: 0.001332
2025-09-30 07:21:42.995 | INFO     | agents.servers.serverFedMSE:train_on_clients:54 - Client 17 gets new best val_loss at epoch #54: 0.001108
2025-09-30 07:21:43.531 | INFO     | agents.servers.serverFedMSE:train_on_clients:76 - 20 clients still training at epoch #54
2025-09-30 07:22:18.840 | INFO     | agents.servers.serverFedMSE:train_on_clients:32 - Training FedMSE model epoch #55
2025-09-30 07:22:20.184 | INFO     | agents.servers.serverFedMSE:train_on_clients:54 - Client 4 gets new best val_loss at epoch #55: 0.001112
2025-09-30 07:22:20.986 | INFO     | agents.servers.serverFedMSE:train_on_clients:54 - Client 7 gets new best val_loss at epoch #55: 0.001323
2025-09-30 07:22:23.117 | INFO     | agents.servers.serverFedMSE:train_on_clients:54 - Client 15 gets new best val_loss at epoch #55: 0.001144
2025-09-30 07:22:23.648 | INFO     | agents.servers.serverFedMSE:train_on_clients:54 - Client 17 gets new best val_loss at epoch #55: 0.001101
2025-09-30 07:22:24.185 | INFO     | agents.servers.serverFedMSE:train_on_clients:76 - 20 clients still training at epoch #55
2025-09-30 07:22:59.510 | INFO     | agents.servers.serverFedMSE:train_on_clients:32 - Training FedMSE model epoch #56
2025-09-30 07:22:59.781 | INFO     | agents.servers.serverFedMSE:train_on_clients:54 - Client 0 gets new best val_loss at epoch #56: 0.001177
2025-09-30 07:23:00.058 | INFO     | agents.servers.serverFedMSE:train_on_clients:54 - Client 1 gets new best val_loss at epoch #56: 0.001220
2025-09-30 07:23:00.333 | INFO     | agents.servers.serverFedMSE:train_on_clients:54 - Client 2 gets new best val_loss at epoch #56: 0.001162
2025-09-30 07:23:01.157 | INFO     | agents.servers.serverFedMSE:train_on_clients:54 - Client 5 gets new best val_loss at epoch #56: 0.001205
2025-09-30 07:23:01.432 | INFO     | agents.servers.serverFedMSE:train_on_clients:54 - Client 6 gets new best val_loss at epoch #56: 0.001118
2025-09-30 07:23:02.524 | INFO     | agents.servers.serverFedMSE:train_on_clients:54 - Client 10 gets new best val_loss at epoch #56: 0.001269
2025-09-30 07:23:02.795 | INFO     | agents.servers.serverFedMSE:train_on_clients:54 - Client 11 gets new best val_loss at epoch #56: 0.001142
2025-09-30 07:23:03.334 | INFO     | agents.servers.serverFedMSE:train_on_clients:54 - Client 13 gets new best val_loss at epoch #56: 0.001092
2025-09-30 07:23:04.677 | INFO     | agents.servers.serverFedMSE:train_on_clients:54 - Client 18 gets new best val_loss at epoch #56: 0.001139
2025-09-30 07:23:04.944 | INFO     | agents.servers.serverFedMSE:train_on_clients:76 - 20 clients still training at epoch #56
2025-09-30 07:23:40.562 | INFO     | agents.servers.serverFedMSE:train_on_clients:32 - Training FedMSE model epoch #57
2025-09-30 07:23:42.937 | INFO     | agents.servers.serverFedMSE:train_on_clients:54 - Client 8 gets new best val_loss at epoch #57: 0.001120
2025-09-30 07:23:43.991 | INFO     | agents.servers.serverFedMSE:train_on_clients:54 - Client 12 gets new best val_loss at epoch #57: 0.001211
2025-09-30 07:23:44.781 | INFO     | agents.servers.serverFedMSE:train_on_clients:54 - Client 15 gets new best val_loss at epoch #57: 0.001143
2025-09-30 07:23:45.046 | INFO     | agents.servers.serverFedMSE:train_on_clients:54 - Client 16 gets new best val_loss at epoch #57: 0.001242
2025-09-30 07:23:45.835 | INFO     | agents.servers.serverFedMSE:train_on_clients:54 - Client 19 gets new best val_loss at epoch #57: 0.001165
2025-09-30 07:23:45.837 | INFO     | agents.servers.serverFedMSE:train_on_clients:76 - 20 clients still training at epoch #57
2025-09-30 07:24:21.563 | INFO     | agents.servers.serverFedMSE:train_on_clients:32 - Training FedMSE model epoch #58
2025-09-30 07:24:22.354 | INFO     | agents.servers.serverFedMSE:train_on_clients:54 - Client 2 gets new best val_loss at epoch #58: 0.001155
2025-09-30 07:24:23.938 | INFO     | agents.servers.serverFedMSE:train_on_clients:54 - Client 8 gets new best val_loss at epoch #58: 0.001118
2025-09-30 07:24:24.202 | INFO     | agents.servers.serverFedMSE:train_on_clients:54 - Client 9 gets new best val_loss at epoch #58: 0.001140
2025-09-30 07:24:25.518 | INFO     | agents.servers.serverFedMSE:train_on_clients:54 - Client 14 gets new best val_loss at epoch #58: 0.001103
2025-09-30 07:24:25.784 | INFO     | agents.servers.serverFedMSE:train_on_clients:54 - Client 15 gets new best val_loss at epoch #58: 0.001136
2025-09-30 07:24:26.837 | INFO     | agents.servers.serverFedMSE:train_on_clients:76 - 20 clients still training at epoch #58
2025-09-30 07:25:02.395 | INFO     | agents.servers.serverFedMSE:train_on_clients:32 - Training FedMSE model epoch #59
2025-09-30 07:25:03.713 | INFO     | agents.servers.serverFedMSE:train_on_clients:54 - Client 4 gets new best val_loss at epoch #59: 0.001105
2025-09-30 07:25:04.513 | INFO     | agents.servers.serverFedMSE:train_on_clients:54 - Client 7 gets new best val_loss at epoch #59: 0.001283
2025-09-30 07:25:05.336 | INFO     | agents.servers.serverFedMSE:train_on_clients:54 - Client 10 gets new best val_loss at epoch #59: 0.001240
2025-09-30 07:25:05.604 | INFO     | agents.servers.serverFedMSE:train_on_clients:54 - Client 11 gets new best val_loss at epoch #59: 0.001082
2025-09-30 07:25:06.131 | INFO     | agents.servers.serverFedMSE:train_on_clients:54 - Client 13 gets new best val_loss at epoch #59: 0.001084
2025-09-30 07:25:07.217 | INFO     | agents.servers.serverFedMSE:train_on_clients:54 - Client 17 gets new best val_loss at epoch #59: 0.001054
2025-09-30 07:25:07.754 | INFO     | agents.servers.serverFedMSE:train_on_clients:76 - 20 clients still training at epoch #59
2025-09-30 07:25:43.373 | INFO     | agents.servers.serverFedMSE:train_on_clients:32 - Training FedMSE model epoch #60
2025-09-30 07:25:43.646 | INFO     | agents.servers.serverFedMSE:train_on_clients:70 - Saved model for client 0 at epoch 60 -> saved_models/FedMSE/FedMSE/wsn_ds/epoch_60_client_0.pt
2025-09-30 07:25:43.916 | INFO     | agents.servers.serverFedMSE:train_on_clients:70 - Saved model for client 1 at epoch 60 -> saved_models/FedMSE/FedMSE/wsn_ds/epoch_60_client_1.pt
2025-09-30 07:25:44.188 | INFO     | agents.servers.serverFedMSE:train_on_clients:54 - Client 2 gets new best val_loss at epoch #60: 0.001143
2025-09-30 07:25:44.189 | INFO     | agents.servers.serverFedMSE:train_on_clients:70 - Saved model for client 2 at epoch 60 -> saved_models/FedMSE/FedMSE/wsn_ds/epoch_60_client_2.pt
2025-09-30 07:25:44.461 | INFO     | agents.servers.serverFedMSE:train_on_clients:70 - Saved model for client 3 at epoch 60 -> saved_models/FedMSE/FedMSE/wsn_ds/epoch_60_client_3.pt
2025-09-30 07:25:44.731 | INFO     | agents.servers.serverFedMSE:train_on_clients:70 - Saved model for client 4 at epoch 60 -> saved_models/FedMSE/FedMSE/wsn_ds/epoch_60_client_4.pt
2025-09-30 07:25:45.001 | INFO     | agents.servers.serverFedMSE:train_on_clients:70 - Saved model for client 5 at epoch 60 -> saved_models/FedMSE/FedMSE/wsn_ds/epoch_60_client_5.pt
2025-09-30 07:25:45.271 | INFO     | agents.servers.serverFedMSE:train_on_clients:70 - Saved model for client 6 at epoch 60 -> saved_models/FedMSE/FedMSE/wsn_ds/epoch_60_client_6.pt
2025-09-30 07:25:45.543 | INFO     | agents.servers.serverFedMSE:train_on_clients:70 - Saved model for client 7 at epoch 60 -> saved_models/FedMSE/FedMSE/wsn_ds/epoch_60_client_7.pt
2025-09-30 07:25:45.811 | INFO     | agents.servers.serverFedMSE:train_on_clients:54 - Client 8 gets new best val_loss at epoch #60: 0.001077
2025-09-30 07:25:45.812 | INFO     | agents.servers.serverFedMSE:train_on_clients:70 - Saved model for client 8 at epoch 60 -> saved_models/FedMSE/FedMSE/wsn_ds/epoch_60_client_8.pt
2025-09-30 07:25:46.080 | INFO     | agents.servers.serverFedMSE:train_on_clients:70 - Saved model for client 9 at epoch 60 -> saved_models/FedMSE/FedMSE/wsn_ds/epoch_60_client_9.pt
2025-09-30 07:25:46.349 | INFO     | agents.servers.serverFedMSE:train_on_clients:70 - Saved model for client 10 at epoch 60 -> saved_models/FedMSE/FedMSE/wsn_ds/epoch_60_client_10.pt
2025-09-30 07:25:46.620 | INFO     | agents.servers.serverFedMSE:train_on_clients:70 - Saved model for client 11 at epoch 60 -> saved_models/FedMSE/FedMSE/wsn_ds/epoch_60_client_11.pt
2025-09-30 07:25:46.892 | INFO     | agents.servers.serverFedMSE:train_on_clients:54 - Client 12 gets new best val_loss at epoch #60: 0.001203
2025-09-30 07:25:46.894 | INFO     | agents.servers.serverFedMSE:train_on_clients:70 - Saved model for client 12 at epoch 60 -> saved_models/FedMSE/FedMSE/wsn_ds/epoch_60_client_12.pt
2025-09-30 07:25:47.162 | INFO     | agents.servers.serverFedMSE:train_on_clients:70 - Saved model for client 13 at epoch 60 -> saved_models/FedMSE/FedMSE/wsn_ds/epoch_60_client_13.pt
2025-09-30 07:25:47.430 | INFO     | agents.servers.serverFedMSE:train_on_clients:70 - Saved model for client 14 at epoch 60 -> saved_models/FedMSE/FedMSE/wsn_ds/epoch_60_client_14.pt
2025-09-30 07:25:47.702 | INFO     | agents.servers.serverFedMSE:train_on_clients:54 - Client 15 gets new best val_loss at epoch #60: 0.001122
2025-09-30 07:25:47.703 | INFO     | agents.servers.serverFedMSE:train_on_clients:70 - Saved model for client 15 at epoch 60 -> saved_models/FedMSE/FedMSE/wsn_ds/epoch_60_client_15.pt
2025-09-30 07:25:47.973 | INFO     | agents.servers.serverFedMSE:train_on_clients:70 - Saved model for client 16 at epoch 60 -> saved_models/FedMSE/FedMSE/wsn_ds/epoch_60_client_16.pt
2025-09-30 07:25:48.244 | INFO     | agents.servers.serverFedMSE:train_on_clients:70 - Saved model for client 17 at epoch 60 -> saved_models/FedMSE/FedMSE/wsn_ds/epoch_60_client_17.pt
2025-09-30 07:25:48.513 | INFO     | agents.servers.serverFedMSE:train_on_clients:54 - Client 18 gets new best val_loss at epoch #60: 0.001126
2025-09-30 07:25:48.515 | INFO     | agents.servers.serverFedMSE:train_on_clients:70 - Saved model for client 18 at epoch 60 -> saved_models/FedMSE/FedMSE/wsn_ds/epoch_60_client_18.pt
2025-09-30 07:25:48.785 | INFO     | agents.servers.serverFedMSE:train_on_clients:70 - Saved model for client 19 at epoch 60 -> saved_models/FedMSE/FedMSE/wsn_ds/epoch_60_client_19.pt
2025-09-30 07:25:48.786 | INFO     | agents.servers.serverFedMSE:train_on_clients:76 - 20 clients still training at epoch #60
2025-09-30 07:26:24.351 | INFO     | agents.servers.serverFedMSE:train_on_clients:32 - Training FedMSE model epoch #61
2025-09-30 07:26:25.426 | INFO     | agents.servers.serverFedMSE:train_on_clients:54 - Client 3 gets new best val_loss at epoch #61: 0.001207
2025-09-30 07:26:26.225 | INFO     | agents.servers.serverFedMSE:train_on_clients:54 - Client 6 gets new best val_loss at epoch #61: 0.001114
2025-09-30 07:26:26.496 | INFO     | agents.servers.serverFedMSE:train_on_clients:54 - Client 7 gets new best val_loss at epoch #61: 0.001267
2025-09-30 07:26:27.030 | INFO     | agents.servers.serverFedMSE:train_on_clients:54 - Client 9 gets new best val_loss at epoch #61: 0.001094
2025-09-30 07:26:27.297 | INFO     | agents.servers.serverFedMSE:train_on_clients:54 - Client 10 gets new best val_loss at epoch #61: 0.001229
2025-09-30 07:26:28.368 | INFO     | agents.servers.serverFedMSE:train_on_clients:54 - Client 14 gets new best val_loss at epoch #61: 0.001103
2025-09-30 07:26:29.687 | INFO     | agents.servers.serverFedMSE:train_on_clients:54 - Client 19 gets new best val_loss at epoch #61: 0.001113
2025-09-30 07:26:29.688 | INFO     | agents.servers.serverFedMSE:train_on_clients:76 - 20 clients still training at epoch #61
2025-09-30 07:27:05.149 | INFO     | agents.servers.serverFedMSE:train_on_clients:32 - Training FedMSE model epoch #62
2025-09-30 07:27:05.950 | INFO     | agents.servers.serverFedMSE:train_on_clients:54 - Client 2 gets new best val_loss at epoch #62: 0.001106
2025-09-30 07:27:06.219 | INFO     | agents.servers.serverFedMSE:train_on_clients:54 - Client 3 gets new best val_loss at epoch #62: 0.001137
2025-09-30 07:27:06.760 | INFO     | agents.servers.serverFedMSE:train_on_clients:54 - Client 5 gets new best val_loss at epoch #62: 0.001155
2025-09-30 07:27:07.028 | INFO     | agents.servers.serverFedMSE:train_on_clients:54 - Client 6 gets new best val_loss at epoch #62: 0.001063
2025-09-30 07:27:07.832 | INFO     | agents.servers.serverFedMSE:train_on_clients:54 - Client 9 gets new best val_loss at epoch #62: 0.001088
2025-09-30 07:27:09.712 | INFO     | agents.servers.serverFedMSE:train_on_clients:54 - Client 16 gets new best val_loss at epoch #62: 0.001241
2025-09-30 07:27:10.510 | INFO     | agents.servers.serverFedMSE:train_on_clients:76 - 20 clients still training at epoch #62
2025-09-30 07:27:46.022 | INFO     | agents.servers.serverFedMSE:train_on_clients:32 - Training FedMSE model epoch #63
2025-09-30 07:27:46.288 | INFO     | agents.servers.serverFedMSE:train_on_clients:54 - Client 0 gets new best val_loss at epoch #63: 0.001109
2025-09-30 07:27:46.554 | INFO     | agents.servers.serverFedMSE:train_on_clients:54 - Client 1 gets new best val_loss at epoch #63: 0.001193
2025-09-30 07:27:48.129 | INFO     | agents.servers.serverFedMSE:train_on_clients:54 - Client 7 gets new best val_loss at epoch #63: 0.001187
2025-09-30 07:27:48.390 | INFO     | agents.servers.serverFedMSE:train_on_clients:54 - Client 8 gets new best val_loss at epoch #63: 0.001068
2025-09-30 07:27:50.216 | INFO     | agents.servers.serverFedMSE:train_on_clients:54 - Client 15 gets new best val_loss at epoch #63: 0.001116
2025-09-30 07:27:50.478 | INFO     | agents.servers.serverFedMSE:train_on_clients:54 - Client 16 gets new best val_loss at epoch #63: 0.001214
2025-09-30 07:27:50.743 | INFO     | agents.servers.serverFedMSE:train_on_clients:54 - Client 17 gets new best val_loss at epoch #63: 0.001046
2025-09-30 07:27:51.004 | INFO     | agents.servers.serverFedMSE:train_on_clients:54 - Client 18 gets new best val_loss at epoch #63: 0.001094
2025-09-30 07:27:51.264 | INFO     | agents.servers.serverFedMSE:train_on_clients:76 - 20 clients still training at epoch #63
2025-09-30 07:28:26.630 | INFO     | agents.servers.serverFedMSE:train_on_clients:32 - Training FedMSE model epoch #64
2025-09-30 07:28:27.697 | INFO     | agents.servers.serverFedMSE:train_on_clients:54 - Client 3 gets new best val_loss at epoch #64: 0.001126
2025-09-30 07:28:28.234 | INFO     | agents.servers.serverFedMSE:train_on_clients:54 - Client 5 gets new best val_loss at epoch #64: 0.001109
2025-09-30 07:28:29.040 | INFO     | agents.servers.serverFedMSE:train_on_clients:54 - Client 8 gets new best val_loss at epoch #64: 0.001060
2025-09-30 07:28:30.652 | INFO     | agents.servers.serverFedMSE:train_on_clients:54 - Client 14 gets new best val_loss at epoch #64: 0.001101
2025-09-30 07:28:30.917 | INFO     | agents.servers.serverFedMSE:train_on_clients:54 - Client 15 gets new best val_loss at epoch #64: 0.001102
2025-09-30 07:28:31.971 | INFO     | agents.servers.serverFedMSE:train_on_clients:76 - 20 clients still training at epoch #64
2025-09-30 07:29:07.554 | INFO     | agents.servers.serverFedMSE:train_on_clients:32 - Training FedMSE model epoch #65
2025-09-30 07:29:08.868 | INFO     | agents.servers.serverFedMSE:train_on_clients:54 - Client 4 gets new best val_loss at epoch #65: 0.001091
2025-09-30 07:29:10.458 | INFO     | agents.servers.serverFedMSE:train_on_clients:54 - Client 10 gets new best val_loss at epoch #65: 0.001206
2025-09-30 07:29:10.985 | INFO     | agents.servers.serverFedMSE:train_on_clients:54 - Client 12 gets new best val_loss at epoch #65: 0.001154
2025-09-30 07:29:12.305 | INFO     | agents.servers.serverFedMSE:train_on_clients:54 - Client 17 gets new best val_loss at epoch #65: 0.001044
2025-09-30 07:29:12.830 | INFO     | agents.servers.serverFedMSE:train_on_clients:76 - 20 clients still training at epoch #65
2025-09-30 07:29:48.571 | INFO     | agents.servers.serverFedMSE:train_on_clients:32 - Training FedMSE model epoch #66
2025-09-30 07:29:49.098 | INFO     | agents.servers.serverFedMSE:train_on_clients:54 - Client 1 gets new best val_loss at epoch #66: 0.001172
2025-09-30 07:29:50.417 | INFO     | agents.servers.serverFedMSE:train_on_clients:54 - Client 6 gets new best val_loss at epoch #66: 0.001055
2025-09-30 07:29:50.947 | INFO     | agents.servers.serverFedMSE:train_on_clients:54 - Client 8 gets new best val_loss at epoch #66: 0.001051
2025-09-30 07:29:53.849 | INFO     | agents.servers.serverFedMSE:train_on_clients:54 - Client 19 gets new best val_loss at epoch #66: 0.001097
2025-09-30 07:29:53.850 | INFO     | agents.servers.serverFedMSE:train_on_clients:76 - 20 clients still training at epoch #66
2025-09-30 07:30:29.319 | INFO     | agents.servers.serverFedMSE:train_on_clients:32 - Training FedMSE model epoch #67
2025-09-30 07:30:32.220 | INFO     | agents.servers.serverFedMSE:train_on_clients:54 - Client 10 gets new best val_loss at epoch #67: 0.001198
2025-09-30 07:30:33.799 | INFO     | agents.servers.serverFedMSE:train_on_clients:54 - Client 16 gets new best val_loss at epoch #67: 0.001170
2025-09-30 07:30:34.065 | INFO     | agents.servers.serverFedMSE:train_on_clients:54 - Client 17 gets new best val_loss at epoch #67: 0.001009
2025-09-30 07:30:34.589 | INFO     | agents.servers.serverFedMSE:train_on_clients:76 - 20 clients still training at epoch #67
2025-09-30 07:31:10.136 | INFO     | agents.servers.serverFedMSE:train_on_clients:32 - Training FedMSE model epoch #68
2025-09-30 07:31:11.990 | INFO     | agents.servers.serverFedMSE:train_on_clients:54 - Client 6 gets new best val_loss at epoch #68: 0.001042
2025-09-30 07:31:14.097 | INFO     | agents.servers.serverFedMSE:train_on_clients:54 - Client 14 gets new best val_loss at epoch #68: 0.001053
2025-09-30 07:31:14.623 | INFO     | agents.servers.serverFedMSE:train_on_clients:54 - Client 16 gets new best val_loss at epoch #68: 0.001168
2025-09-30 07:31:15.428 | INFO     | agents.servers.serverFedMSE:train_on_clients:76 - 20 clients still training at epoch #68
2025-09-30 07:31:51.117 | INFO     | agents.servers.serverFedMSE:train_on_clients:32 - Training FedMSE model epoch #69
2025-09-30 07:31:51.667 | INFO     | agents.servers.serverFedMSE:train_on_clients:54 - Client 1 gets new best val_loss at epoch #69: 0.001143
2025-09-30 07:31:51.938 | INFO     | agents.servers.serverFedMSE:train_on_clients:54 - Client 2 gets new best val_loss at epoch #69: 0.001020
2025-09-30 07:31:54.333 | INFO     | agents.servers.serverFedMSE:train_on_clients:54 - Client 11 gets new best val_loss at epoch #69: 0.001018
2025-09-30 07:31:56.202 | INFO     | agents.servers.serverFedMSE:train_on_clients:54 - Client 18 gets new best val_loss at epoch #69: 0.001060
2025-09-30 07:31:56.462 | INFO     | agents.servers.serverFedMSE:train_on_clients:76 - 20 clients still training at epoch #69
2025-09-30 07:32:31.763 | INFO     | agents.servers.serverFedMSE:train_on_clients:32 - Training FedMSE model epoch #70
2025-09-30 07:32:32.035 | INFO     | agents.servers.serverFedMSE:train_on_clients:70 - Saved model for client 0 at epoch 70 -> saved_models/FedMSE/FedMSE/wsn_ds/epoch_70_client_0.pt
2025-09-30 07:32:32.304 | INFO     | agents.servers.serverFedMSE:train_on_clients:70 - Saved model for client 1 at epoch 70 -> saved_models/FedMSE/FedMSE/wsn_ds/epoch_70_client_1.pt
2025-09-30 07:32:32.572 | INFO     | agents.servers.serverFedMSE:train_on_clients:70 - Saved model for client 2 at epoch 70 -> saved_models/FedMSE/FedMSE/wsn_ds/epoch_70_client_2.pt
2025-09-30 07:32:32.842 | INFO     | agents.servers.serverFedMSE:train_on_clients:70 - Saved model for client 3 at epoch 70 -> saved_models/FedMSE/FedMSE/wsn_ds/epoch_70_client_3.pt
2025-09-30 07:32:33.112 | INFO     | agents.servers.serverFedMSE:train_on_clients:70 - Saved model for client 4 at epoch 70 -> saved_models/FedMSE/FedMSE/wsn_ds/epoch_70_client_4.pt
2025-09-30 07:32:33.382 | INFO     | agents.servers.serverFedMSE:train_on_clients:70 - Saved model for client 5 at epoch 70 -> saved_models/FedMSE/FedMSE/wsn_ds/epoch_70_client_5.pt
2025-09-30 07:32:33.654 | INFO     | agents.servers.serverFedMSE:train_on_clients:70 - Saved model for client 6 at epoch 70 -> saved_models/FedMSE/FedMSE/wsn_ds/epoch_70_client_6.pt
2025-09-30 07:32:33.923 | INFO     | agents.servers.serverFedMSE:train_on_clients:70 - Saved model for client 7 at epoch 70 -> saved_models/FedMSE/FedMSE/wsn_ds/epoch_70_client_7.pt
2025-09-30 07:32:34.193 | INFO     | agents.servers.serverFedMSE:train_on_clients:70 - Saved model for client 8 at epoch 70 -> saved_models/FedMSE/FedMSE/wsn_ds/epoch_70_client_8.pt
2025-09-30 07:32:34.465 | INFO     | agents.servers.serverFedMSE:train_on_clients:70 - Saved model for client 9 at epoch 70 -> saved_models/FedMSE/FedMSE/wsn_ds/epoch_70_client_9.pt
2025-09-30 07:32:34.733 | INFO     | agents.servers.serverFedMSE:train_on_clients:70 - Saved model for client 10 at epoch 70 -> saved_models/FedMSE/FedMSE/wsn_ds/epoch_70_client_10.pt
2025-09-30 07:32:35.002 | INFO     | agents.servers.serverFedMSE:train_on_clients:70 - Saved model for client 11 at epoch 70 -> saved_models/FedMSE/FedMSE/wsn_ds/epoch_70_client_11.pt
2025-09-30 07:32:35.273 | INFO     | agents.servers.serverFedMSE:train_on_clients:70 - Saved model for client 12 at epoch 70 -> saved_models/FedMSE/FedMSE/wsn_ds/epoch_70_client_12.pt
2025-09-30 07:32:35.543 | INFO     | agents.servers.serverFedMSE:train_on_clients:54 - Client 13 gets new best val_loss at epoch #70: 0.001047
2025-09-30 07:32:35.545 | INFO     | agents.servers.serverFedMSE:train_on_clients:70 - Saved model for client 13 at epoch 70 -> saved_models/FedMSE/FedMSE/wsn_ds/epoch_70_client_13.pt
2025-09-30 07:32:35.816 | INFO     | agents.servers.serverFedMSE:train_on_clients:70 - Saved model for client 14 at epoch 70 -> saved_models/FedMSE/FedMSE/wsn_ds/epoch_70_client_14.pt
2025-09-30 07:32:36.086 | INFO     | agents.servers.serverFedMSE:train_on_clients:54 - Client 15 gets new best val_loss at epoch #70: 0.001073
2025-09-30 07:32:36.087 | INFO     | agents.servers.serverFedMSE:train_on_clients:70 - Saved model for client 15 at epoch 70 -> saved_models/FedMSE/FedMSE/wsn_ds/epoch_70_client_15.pt
2025-09-30 07:32:36.357 | INFO     | agents.servers.serverFedMSE:train_on_clients:54 - Client 16 gets new best val_loss at epoch #70: 0.001154
2025-09-30 07:32:36.358 | INFO     | agents.servers.serverFedMSE:train_on_clients:70 - Saved model for client 16 at epoch 70 -> saved_models/FedMSE/FedMSE/wsn_ds/epoch_70_client_16.pt
2025-09-30 07:32:36.630 | INFO     | agents.servers.serverFedMSE:train_on_clients:54 - Client 17 gets new best val_loss at epoch #70: 0.000970
2025-09-30 07:32:36.631 | INFO     | agents.servers.serverFedMSE:train_on_clients:70 - Saved model for client 17 at epoch 70 -> saved_models/FedMSE/FedMSE/wsn_ds/epoch_70_client_17.pt
2025-09-30 07:32:36.902 | INFO     | agents.servers.serverFedMSE:train_on_clients:70 - Saved model for client 18 at epoch 70 -> saved_models/FedMSE/FedMSE/wsn_ds/epoch_70_client_18.pt
2025-09-30 07:32:37.171 | INFO     | agents.servers.serverFedMSE:train_on_clients:70 - Saved model for client 19 at epoch 70 -> saved_models/FedMSE/FedMSE/wsn_ds/epoch_70_client_19.pt
2025-09-30 07:32:37.173 | INFO     | agents.servers.serverFedMSE:train_on_clients:76 - 20 clients still training at epoch #70
2025-09-30 07:33:13.695 | INFO     | agents.servers.serverFedMSE:train_on_clients:32 - Training FedMSE model epoch #71
2025-09-30 07:33:16.217 | INFO     | agents.servers.serverFedMSE:train_on_clients:54 - Client 8 gets new best val_loss at epoch #71: 0.001028
2025-09-30 07:33:17.057 | INFO     | agents.servers.serverFedMSE:train_on_clients:54 - Client 11 gets new best val_loss at epoch #71: 0.001002
2025-09-30 07:33:17.338 | INFO     | agents.servers.serverFedMSE:train_on_clients:54 - Client 12 gets new best val_loss at epoch #71: 0.001117
2025-09-30 07:33:17.620 | INFO     | agents.servers.serverFedMSE:train_on_clients:54 - Client 13 gets new best val_loss at epoch #71: 0.001045
2025-09-30 07:33:17.903 | INFO     | agents.servers.serverFedMSE:train_on_clients:54 - Client 14 gets new best val_loss at epoch #71: 0.001053
2025-09-30 07:33:19.310 | INFO     | agents.servers.serverFedMSE:train_on_clients:76 - 20 clients still training at epoch #71
2025-09-30 07:33:56.512 | INFO     | agents.servers.serverFedMSE:train_on_clients:32 - Training FedMSE model epoch #72
2025-09-30 07:33:58.516 | INFO     | agents.servers.serverFedMSE:train_on_clients:54 - Client 6 gets new best val_loss at epoch #72: 0.001025
2025-09-30 07:33:59.075 | INFO     | agents.servers.serverFedMSE:train_on_clients:54 - Client 8 gets new best val_loss at epoch #72: 0.001024
2025-09-30 07:34:01.298 | INFO     | agents.servers.serverFedMSE:train_on_clients:54 - Client 16 gets new best val_loss at epoch #72: 0.001149
2025-09-30 07:34:02.132 | INFO     | agents.servers.serverFedMSE:train_on_clients:76 - 20 clients still training at epoch #72
2025-09-30 07:34:38.486 | INFO     | agents.servers.serverFedMSE:train_on_clients:32 - Training FedMSE model epoch #73
2025-09-30 07:34:38.756 | INFO     | agents.servers.serverFedMSE:train_on_clients:54 - Client 0 gets new best val_loss at epoch #73: 0.001102
2025-09-30 07:34:40.092 | INFO     | agents.servers.serverFedMSE:train_on_clients:54 - Client 5 gets new best val_loss at epoch #73: 0.001099
2025-09-30 07:34:40.628 | INFO     | agents.servers.serverFedMSE:train_on_clients:54 - Client 7 gets new best val_loss at epoch #73: 0.001169
2025-09-30 07:34:40.897 | INFO     | agents.servers.serverFedMSE:train_on_clients:54 - Client 8 gets new best val_loss at epoch #73: 0.000995
2025-09-30 07:34:41.167 | INFO     | agents.servers.serverFedMSE:train_on_clients:54 - Client 9 gets new best val_loss at epoch #73: 0.001054
2025-09-30 07:34:42.513 | INFO     | agents.servers.serverFedMSE:train_on_clients:54 - Client 14 gets new best val_loss at epoch #73: 0.001050
2025-09-30 07:34:42.786 | INFO     | agents.servers.serverFedMSE:train_on_clients:54 - Client 15 gets new best val_loss at epoch #73: 0.001039
2025-09-30 07:34:43.052 | INFO     | agents.servers.serverFedMSE:train_on_clients:54 - Client 16 gets new best val_loss at epoch #73: 0.001139
2025-09-30 07:34:43.856 | INFO     | agents.servers.serverFedMSE:train_on_clients:76 - 20 clients still training at epoch #73
2025-09-30 07:35:20.209 | INFO     | agents.servers.serverFedMSE:train_on_clients:32 - Training FedMSE model epoch #74
2025-09-30 07:35:23.715 | INFO     | agents.servers.serverFedMSE:train_on_clients:54 - Client 12 gets new best val_loss at epoch #74: 0.001099
2025-09-30 07:35:24.786 | INFO     | agents.servers.serverFedMSE:train_on_clients:54 - Client 16 gets new best val_loss at epoch #74: 0.001134
2025-09-30 07:35:25.322 | INFO     | agents.servers.serverFedMSE:train_on_clients:54 - Client 18 gets new best val_loss at epoch #74: 0.001048
2025-09-30 07:35:25.591 | INFO     | agents.servers.serverFedMSE:train_on_clients:54 - Client 19 gets new best val_loss at epoch #74: 0.001087
2025-09-30 07:35:25.592 | INFO     | agents.servers.serverFedMSE:train_on_clients:76 - 20 clients still training at epoch #74
2025-09-30 07:36:01.781 | INFO     | agents.servers.serverFedMSE:train_on_clients:32 - Training FedMSE model epoch #75
2025-09-30 07:36:02.056 | INFO     | agents.servers.serverFedMSE:train_on_clients:54 - Client 0 gets new best val_loss at epoch #75: 0.001067
2025-09-30 07:36:02.865 | INFO     | agents.servers.serverFedMSE:train_on_clients:54 - Client 3 gets new best val_loss at epoch #75: 0.001119
2025-09-30 07:36:03.671 | INFO     | agents.servers.serverFedMSE:train_on_clients:54 - Client 6 gets new best val_loss at epoch #75: 0.000935
2025-09-30 07:36:05.013 | INFO     | agents.servers.serverFedMSE:train_on_clients:54 - Client 11 gets new best val_loss at epoch #75: 0.000985
2025-09-30 07:36:05.827 | INFO     | agents.servers.serverFedMSE:train_on_clients:54 - Client 14 gets new best val_loss at epoch #75: 0.001048
2025-09-30 07:36:07.175 | INFO     | agents.servers.serverFedMSE:train_on_clients:76 - 20 clients still training at epoch #75
2025-09-30 07:36:44.078 | INFO     | agents.servers.serverFedMSE:train_on_clients:32 - Training FedMSE model epoch #76
2025-09-30 07:36:44.618 | INFO     | agents.servers.serverFedMSE:train_on_clients:54 - Client 1 gets new best val_loss at epoch #76: 0.001115
2025-09-30 07:36:45.422 | INFO     | agents.servers.serverFedMSE:train_on_clients:54 - Client 4 gets new best val_loss at epoch #76: 0.001057
2025-09-30 07:36:45.955 | INFO     | agents.servers.serverFedMSE:train_on_clients:54 - Client 6 gets new best val_loss at epoch #76: 0.000933
2025-09-30 07:36:46.497 | INFO     | agents.servers.serverFedMSE:train_on_clients:54 - Client 8 gets new best val_loss at epoch #76: 0.000989
2025-09-30 07:36:48.907 | INFO     | agents.servers.serverFedMSE:train_on_clients:54 - Client 17 gets new best val_loss at epoch #76: 0.000960
2025-09-30 07:36:49.175 | INFO     | agents.servers.serverFedMSE:train_on_clients:54 - Client 18 gets new best val_loss at epoch #76: 0.001044
2025-09-30 07:36:49.450 | INFO     | agents.servers.serverFedMSE:train_on_clients:54 - Client 19 gets new best val_loss at epoch #76: 0.001078
2025-09-30 07:36:49.452 | INFO     | agents.servers.serverFedMSE:train_on_clients:76 - 20 clients still training at epoch #76
2025-09-30 07:37:25.787 | INFO     | agents.servers.serverFedMSE:train_on_clients:32 - Training FedMSE model epoch #77
2025-09-30 07:37:26.592 | INFO     | agents.servers.serverFedMSE:train_on_clients:54 - Client 2 gets new best val_loss at epoch #77: 0.000975
2025-09-30 07:37:27.661 | INFO     | agents.servers.serverFedMSE:train_on_clients:54 - Client 6 gets new best val_loss at epoch #77: 0.000926
2025-09-30 07:37:27.929 | INFO     | agents.servers.serverFedMSE:train_on_clients:54 - Client 7 gets new best val_loss at epoch #77: 0.001154
2025-09-30 07:37:29.799 | INFO     | agents.servers.serverFedMSE:train_on_clients:54 - Client 14 gets new best val_loss at epoch #77: 0.001004
2025-09-30 07:37:30.337 | INFO     | agents.servers.serverFedMSE:train_on_clients:54 - Client 16 gets new best val_loss at epoch #77: 0.001131
2025-09-30 07:37:31.140 | INFO     | agents.servers.serverFedMSE:train_on_clients:76 - 20 clients still training at epoch #77
2025-09-30 07:38:07.244 | INFO     | agents.servers.serverFedMSE:train_on_clients:32 - Training FedMSE model epoch #78
2025-09-30 07:38:07.518 | INFO     | agents.servers.serverFedMSE:train_on_clients:54 - Client 0 gets new best val_loss at epoch #78: 0.001060
2025-09-30 07:38:09.127 | INFO     | agents.servers.serverFedMSE:train_on_clients:54 - Client 6 gets new best val_loss at epoch #78: 0.000924
2025-09-30 07:38:10.474 | INFO     | agents.servers.serverFedMSE:train_on_clients:54 - Client 11 gets new best val_loss at epoch #78: 0.000952
2025-09-30 07:38:10.745 | INFO     | agents.servers.serverFedMSE:train_on_clients:54 - Client 12 gets new best val_loss at epoch #78: 0.001083
2025-09-30 07:38:12.082 | INFO     | agents.servers.serverFedMSE:train_on_clients:54 - Client 17 gets new best val_loss at epoch #78: 0.000944
2025-09-30 07:38:12.353 | INFO     | agents.servers.serverFedMSE:train_on_clients:54 - Client 18 gets new best val_loss at epoch #78: 0.001032
2025-09-30 07:38:12.623 | INFO     | agents.servers.serverFedMSE:train_on_clients:76 - 20 clients still training at epoch #78
2025-09-30 07:38:48.557 | INFO     | agents.servers.serverFedMSE:train_on_clients:32 - Training FedMSE model epoch #79
2025-09-30 07:38:49.883 | INFO     | agents.servers.serverFedMSE:train_on_clients:54 - Client 4 gets new best val_loss at epoch #79: 0.001040
2025-09-30 07:38:50.682 | INFO     | agents.servers.serverFedMSE:train_on_clients:54 - Client 7 gets new best val_loss at epoch #79: 0.001152
2025-09-30 07:38:52.275 | INFO     | agents.servers.serverFedMSE:train_on_clients:54 - Client 13 gets new best val_loss at epoch #79: 0.001015
2025-09-30 07:38:53.605 | INFO     | agents.servers.serverFedMSE:train_on_clients:54 - Client 18 gets new best val_loss at epoch #79: 0.001000
2025-09-30 07:38:53.873 | INFO     | agents.servers.serverFedMSE:train_on_clients:76 - 20 clients still training at epoch #79
2025-09-30 07:39:29.816 | INFO     | agents.servers.serverFedMSE:train_on_clients:32 - Training FedMSE model epoch #80
2025-09-30 07:39:30.084 | INFO     | agents.servers.serverFedMSE:train_on_clients:70 - Saved model for client 0 at epoch 80 -> saved_models/FedMSE/FedMSE/wsn_ds/epoch_80_client_0.pt
2025-09-30 07:39:30.353 | INFO     | agents.servers.serverFedMSE:train_on_clients:70 - Saved model for client 1 at epoch 80 -> saved_models/FedMSE/FedMSE/wsn_ds/epoch_80_client_1.pt
2025-09-30 07:39:30.624 | INFO     | agents.servers.serverFedMSE:train_on_clients:70 - Saved model for client 2 at epoch 80 -> saved_models/FedMSE/FedMSE/wsn_ds/epoch_80_client_2.pt
2025-09-30 07:39:30.897 | INFO     | agents.servers.serverFedMSE:train_on_clients:54 - Client 3 gets new best val_loss at epoch #80: 0.001118
2025-09-30 07:39:30.898 | INFO     | agents.servers.serverFedMSE:train_on_clients:70 - Saved model for client 3 at epoch 80 -> saved_models/FedMSE/FedMSE/wsn_ds/epoch_80_client_3.pt
2025-09-30 07:39:31.175 | INFO     | agents.servers.serverFedMSE:train_on_clients:70 - Saved model for client 4 at epoch 80 -> saved_models/FedMSE/FedMSE/wsn_ds/epoch_80_client_4.pt
2025-09-30 07:39:31.446 | INFO     | agents.servers.serverFedMSE:train_on_clients:54 - Client 5 gets new best val_loss at epoch #80: 0.001061
2025-09-30 07:39:31.447 | INFO     | agents.servers.serverFedMSE:train_on_clients:70 - Saved model for client 5 at epoch 80 -> saved_models/FedMSE/FedMSE/wsn_ds/epoch_80_client_5.pt
2025-09-30 07:39:31.722 | INFO     | agents.servers.serverFedMSE:train_on_clients:70 - Saved model for client 6 at epoch 80 -> saved_models/FedMSE/FedMSE/wsn_ds/epoch_80_client_6.pt
2025-09-30 07:39:31.995 | INFO     | agents.servers.serverFedMSE:train_on_clients:70 - Saved model for client 7 at epoch 80 -> saved_models/FedMSE/FedMSE/wsn_ds/epoch_80_client_7.pt
2025-09-30 07:39:32.270 | INFO     | agents.servers.serverFedMSE:train_on_clients:54 - Client 8 gets new best val_loss at epoch #80: 0.000986
2025-09-30 07:39:32.272 | INFO     | agents.servers.serverFedMSE:train_on_clients:70 - Saved model for client 8 at epoch 80 -> saved_models/FedMSE/FedMSE/wsn_ds/epoch_80_client_8.pt
2025-09-30 07:39:32.547 | INFO     | agents.servers.serverFedMSE:train_on_clients:70 - Saved model for client 9 at epoch 80 -> saved_models/FedMSE/FedMSE/wsn_ds/epoch_80_client_9.pt
2025-09-30 07:39:32.824 | INFO     | agents.servers.serverFedMSE:train_on_clients:54 - Client 10 gets new best val_loss at epoch #80: 0.001179
2025-09-30 07:39:32.825 | INFO     | agents.servers.serverFedMSE:train_on_clients:70 - Saved model for client 10 at epoch 80 -> saved_models/FedMSE/FedMSE/wsn_ds/epoch_80_client_10.pt
2025-09-30 07:39:33.096 | INFO     | agents.servers.serverFedMSE:train_on_clients:70 - Saved model for client 11 at epoch 80 -> saved_models/FedMSE/FedMSE/wsn_ds/epoch_80_client_11.pt
2025-09-30 07:39:33.369 | INFO     | agents.servers.serverFedMSE:train_on_clients:70 - Saved model for client 12 at epoch 80 -> saved_models/FedMSE/FedMSE/wsn_ds/epoch_80_client_12.pt
2025-09-30 07:39:33.638 | INFO     | agents.servers.serverFedMSE:train_on_clients:70 - Saved model for client 13 at epoch 80 -> saved_models/FedMSE/FedMSE/wsn_ds/epoch_80_client_13.pt
2025-09-30 07:39:33.915 | INFO     | agents.servers.serverFedMSE:train_on_clients:70 - Saved model for client 14 at epoch 80 -> saved_models/FedMSE/FedMSE/wsn_ds/epoch_80_client_14.pt
2025-09-30 07:39:34.187 | INFO     | agents.servers.serverFedMSE:train_on_clients:70 - Saved model for client 15 at epoch 80 -> saved_models/FedMSE/FedMSE/wsn_ds/epoch_80_client_15.pt
2025-09-30 07:39:34.459 | INFO     | agents.servers.serverFedMSE:train_on_clients:70 - Saved model for client 16 at epoch 80 -> saved_models/FedMSE/FedMSE/wsn_ds/epoch_80_client_16.pt
2025-09-30 07:39:34.726 | INFO     | agents.servers.serverFedMSE:train_on_clients:70 - Saved model for client 17 at epoch 80 -> saved_models/FedMSE/FedMSE/wsn_ds/epoch_80_client_17.pt
2025-09-30 07:39:34.996 | INFO     | agents.servers.serverFedMSE:train_on_clients:54 - Client 18 gets new best val_loss at epoch #80: 0.000984
2025-09-30 07:39:34.997 | INFO     | agents.servers.serverFedMSE:train_on_clients:70 - Saved model for client 18 at epoch 80 -> saved_models/FedMSE/FedMSE/wsn_ds/epoch_80_client_18.pt
2025-09-30 07:39:35.267 | INFO     | agents.servers.serverFedMSE:train_on_clients:70 - Saved model for client 19 at epoch 80 -> saved_models/FedMSE/FedMSE/wsn_ds/epoch_80_client_19.pt
2025-09-30 07:39:35.269 | INFO     | agents.servers.serverFedMSE:train_on_clients:76 - 20 clients still training at epoch #80
2025-09-30 07:40:11.206 | INFO     | agents.servers.serverFedMSE:train_on_clients:32 - Training FedMSE model epoch #81
2025-09-30 07:40:12.281 | INFO     | agents.servers.serverFedMSE:train_on_clients:54 - Client 3 gets new best val_loss at epoch #81: 0.001096
2025-09-30 07:40:13.886 | INFO     | agents.servers.serverFedMSE:train_on_clients:54 - Client 9 gets new best val_loss at epoch #81: 0.001037
2025-09-30 07:40:14.958 | INFO     | agents.servers.serverFedMSE:train_on_clients:54 - Client 13 gets new best val_loss at epoch #81: 0.001010
2025-09-30 07:40:16.563 | INFO     | agents.servers.serverFedMSE:train_on_clients:76 - 20 clients still training at epoch #81
2025-09-30 07:40:52.603 | INFO     | agents.servers.serverFedMSE:train_on_clients:32 - Training FedMSE model epoch #82
2025-09-30 07:40:56.365 | INFO     | agents.servers.serverFedMSE:train_on_clients:54 - Client 13 gets new best val_loss at epoch #82: 0.001002
2025-09-30 07:40:56.903 | INFO     | agents.servers.serverFedMSE:train_on_clients:54 - Client 15 gets new best val_loss at epoch #82: 0.001025
2025-09-30 07:40:57.175 | INFO     | agents.servers.serverFedMSE:train_on_clients:54 - Client 16 gets new best val_loss at epoch #82: 0.001097
2025-09-30 07:40:57.445 | INFO     | agents.servers.serverFedMSE:train_on_clients:54 - Client 17 gets new best val_loss at epoch #82: 0.000916
2025-09-30 07:40:57.983 | INFO     | agents.servers.serverFedMSE:train_on_clients:76 - 20 clients still training at epoch #82
2025-09-30 07:41:33.986 | INFO     | agents.servers.serverFedMSE:train_on_clients:32 - Training FedMSE model epoch #83
2025-09-30 07:41:34.259 | INFO     | agents.servers.serverFedMSE:train_on_clients:54 - Client 0 gets new best val_loss at epoch #83: 0.001060
2025-09-30 07:41:35.063 | INFO     | agents.servers.serverFedMSE:train_on_clients:54 - Client 3 gets new best val_loss at epoch #83: 0.001067
2025-09-30 07:41:35.332 | INFO     | agents.servers.serverFedMSE:train_on_clients:54 - Client 4 gets new best val_loss at epoch #83: 0.001016
2025-09-30 07:41:36.137 | INFO     | agents.servers.serverFedMSE:train_on_clients:54 - Client 7 gets new best val_loss at epoch #83: 0.001135
2025-09-30 07:41:38.545 | INFO     | agents.servers.serverFedMSE:train_on_clients:54 - Client 16 gets new best val_loss at epoch #83: 0.001096
2025-09-30 07:41:39.351 | INFO     | agents.servers.serverFedMSE:train_on_clients:76 - 20 clients still training at epoch #83
2025-09-30 07:42:15.384 | INFO     | agents.servers.serverFedMSE:train_on_clients:32 - Training FedMSE model epoch #84
2025-09-30 07:42:15.927 | INFO     | agents.servers.serverFedMSE:train_on_clients:54 - Client 1 gets new best val_loss at epoch #84: 0.001115
2025-09-30 07:42:20.739 | INFO     | agents.servers.serverFedMSE:train_on_clients:76 - 20 clients still training at epoch #84
2025-09-30 07:42:56.826 | INFO     | agents.servers.serverFedMSE:train_on_clients:32 - Training FedMSE model epoch #85
2025-09-30 07:42:57.635 | INFO     | agents.servers.serverFedMSE:train_on_clients:54 - Client 2 gets new best val_loss at epoch #85: 0.000964
2025-09-30 07:42:59.243 | INFO     | agents.servers.serverFedMSE:train_on_clients:54 - Client 8 gets new best val_loss at epoch #85: 0.000976
2025-09-30 07:43:01.640 | INFO     | agents.servers.serverFedMSE:train_on_clients:54 - Client 17 gets new best val_loss at epoch #85: 0.000906
2025-09-30 07:43:02.175 | INFO     | agents.servers.serverFedMSE:train_on_clients:76 - 20 clients still training at epoch #85
2025-09-30 07:43:38.143 | INFO     | agents.servers.serverFedMSE:train_on_clients:32 - Training FedMSE model epoch #86
2025-09-30 07:43:40.552 | INFO     | agents.servers.serverFedMSE:train_on_clients:54 - Client 8 gets new best val_loss at epoch #86: 0.000963
2025-09-30 07:43:41.618 | INFO     | agents.servers.serverFedMSE:train_on_clients:54 - Client 12 gets new best val_loss at epoch #86: 0.001064
2025-09-30 07:43:41.888 | INFO     | agents.servers.serverFedMSE:train_on_clients:54 - Client 13 gets new best val_loss at epoch #86: 0.000995
2025-09-30 07:43:43.500 | INFO     | agents.servers.serverFedMSE:train_on_clients:76 - 20 clients still training at epoch #86
2025-09-30 07:44:19.658 | INFO     | agents.servers.serverFedMSE:train_on_clients:32 - Training FedMSE model epoch #87
2025-09-30 07:44:19.926 | INFO     | agents.servers.serverFedMSE:train_on_clients:54 - Client 0 gets new best val_loss at epoch #87: 0.001013
2025-09-30 07:44:22.323 | INFO     | agents.servers.serverFedMSE:train_on_clients:54 - Client 9 gets new best val_loss at epoch #87: 0.001006
2025-09-30 07:44:24.451 | INFO     | agents.servers.serverFedMSE:train_on_clients:54 - Client 17 gets new best val_loss at epoch #87: 0.000886
2025-09-30 07:44:24.720 | INFO     | agents.servers.serverFedMSE:train_on_clients:54 - Client 18 gets new best val_loss at epoch #87: 0.000973
2025-09-30 07:44:24.988 | INFO     | agents.servers.serverFedMSE:train_on_clients:54 - Client 19 gets new best val_loss at epoch #87: 0.001042
2025-09-30 07:44:24.989 | INFO     | agents.servers.serverFedMSE:train_on_clients:76 - 20 clients still training at epoch #87
2025-09-30 07:45:00.938 | INFO     | agents.servers.serverFedMSE:train_on_clients:32 - Training FedMSE model epoch #88
2025-09-30 07:45:01.521 | INFO     | agents.servers.serverFedMSE:train_on_clients:54 - Client 1 gets new best val_loss at epoch #88: 0.001102
2025-09-30 07:45:01.789 | INFO     | agents.servers.serverFedMSE:train_on_clients:54 - Client 2 gets new best val_loss at epoch #88: 0.000960
2025-09-30 07:45:04.732 | INFO     | agents.servers.serverFedMSE:train_on_clients:54 - Client 13 gets new best val_loss at epoch #88: 0.000979
2025-09-30 07:45:06.049 | INFO     | agents.servers.serverFedMSE:train_on_clients:54 - Client 18 gets new best val_loss at epoch #88: 0.000967
2025-09-30 07:45:06.305 | INFO     | agents.servers.serverFedMSE:train_on_clients:76 - 20 clients still training at epoch #88
2025-09-30 07:45:42.750 | INFO     | agents.servers.serverFedMSE:train_on_clients:32 - Training FedMSE model epoch #89
2025-09-30 07:45:43.813 | INFO     | agents.servers.serverFedMSE:train_on_clients:54 - Client 3 gets new best val_loss at epoch #89: 0.001060
2025-09-30 07:45:44.611 | INFO     | agents.servers.serverFedMSE:train_on_clients:54 - Client 6 gets new best val_loss at epoch #89: 0.000923
2025-09-30 07:45:44.880 | INFO     | agents.servers.serverFedMSE:train_on_clients:54 - Client 7 gets new best val_loss at epoch #89: 0.001103
2025-09-30 07:45:46.463 | INFO     | agents.servers.serverFedMSE:train_on_clients:54 - Client 13 gets new best val_loss at epoch #89: 0.000966
2025-09-30 07:45:46.731 | INFO     | agents.servers.serverFedMSE:train_on_clients:54 - Client 14 gets new best val_loss at epoch #89: 0.000967
2025-09-30 07:45:48.076 | INFO     | agents.servers.serverFedMSE:train_on_clients:76 - 20 clients still training at epoch #89
2025-09-30 07:46:25.398 | INFO     | agents.servers.serverFedMSE:train_on_clients:32 - Training FedMSE model epoch #90
2025-09-30 07:46:25.679 | INFO     | agents.servers.serverFedMSE:train_on_clients:70 - Saved model for client 0 at epoch 90 -> saved_models/FedMSE/FedMSE/wsn_ds/epoch_90_client_0.pt
2025-09-30 07:46:25.944 | INFO     | agents.servers.serverFedMSE:train_on_clients:70 - Saved model for client 1 at epoch 90 -> saved_models/FedMSE/FedMSE/wsn_ds/epoch_90_client_1.pt
2025-09-30 07:46:26.206 | INFO     | agents.servers.serverFedMSE:train_on_clients:70 - Saved model for client 2 at epoch 90 -> saved_models/FedMSE/FedMSE/wsn_ds/epoch_90_client_2.pt
2025-09-30 07:46:26.468 | INFO     | agents.servers.serverFedMSE:train_on_clients:70 - Saved model for client 3 at epoch 90 -> saved_models/FedMSE/FedMSE/wsn_ds/epoch_90_client_3.pt
2025-09-30 07:46:26.730 | INFO     | agents.servers.serverFedMSE:train_on_clients:70 - Saved model for client 4 at epoch 90 -> saved_models/FedMSE/FedMSE/wsn_ds/epoch_90_client_4.pt
2025-09-30 07:46:26.993 | INFO     | agents.servers.serverFedMSE:train_on_clients:70 - Saved model for client 5 at epoch 90 -> saved_models/FedMSE/FedMSE/wsn_ds/epoch_90_client_5.pt
2025-09-30 07:46:27.264 | INFO     | agents.servers.serverFedMSE:train_on_clients:54 - Client 6 gets new best val_loss at epoch #90: 0.000923
2025-09-30 07:46:27.265 | INFO     | agents.servers.serverFedMSE:train_on_clients:70 - Saved model for client 6 at epoch 90 -> saved_models/FedMSE/FedMSE/wsn_ds/epoch_90_client_6.pt
2025-09-30 07:46:27.541 | INFO     | agents.servers.serverFedMSE:train_on_clients:70 - Saved model for client 7 at epoch 90 -> saved_models/FedMSE/FedMSE/wsn_ds/epoch_90_client_7.pt
2025-09-30 07:46:27.819 | INFO     | agents.servers.serverFedMSE:train_on_clients:70 - Saved model for client 8 at epoch 90 -> saved_models/FedMSE/FedMSE/wsn_ds/epoch_90_client_8.pt
2025-09-30 07:46:28.099 | INFO     | agents.servers.serverFedMSE:train_on_clients:70 - Saved model for client 9 at epoch 90 -> saved_models/FedMSE/FedMSE/wsn_ds/epoch_90_client_9.pt
2025-09-30 07:46:28.368 | INFO     | agents.servers.serverFedMSE:train_on_clients:54 - Client 10 gets new best val_loss at epoch #90: 0.001122
2025-09-30 07:46:28.370 | INFO     | agents.servers.serverFedMSE:train_on_clients:70 - Saved model for client 10 at epoch 90 -> saved_models/FedMSE/FedMSE/wsn_ds/epoch_90_client_10.pt
2025-09-30 07:46:28.653 | INFO     | agents.servers.serverFedMSE:train_on_clients:54 - Client 11 gets new best val_loss at epoch #90: 0.000948
2025-09-30 07:46:28.655 | INFO     | agents.servers.serverFedMSE:train_on_clients:70 - Saved model for client 11 at epoch 90 -> saved_models/FedMSE/FedMSE/wsn_ds/epoch_90_client_11.pt
2025-09-30 07:46:28.926 | INFO     | agents.servers.serverFedMSE:train_on_clients:54 - Client 12 gets new best val_loss at epoch #90: 0.001045
2025-09-30 07:46:28.928 | INFO     | agents.servers.serverFedMSE:train_on_clients:70 - Saved model for client 12 at epoch 90 -> saved_models/FedMSE/FedMSE/wsn_ds/epoch_90_client_12.pt
2025-09-30 07:46:29.196 | INFO     | agents.servers.serverFedMSE:train_on_clients:70 - Saved model for client 13 at epoch 90 -> saved_models/FedMSE/FedMSE/wsn_ds/epoch_90_client_13.pt
2025-09-30 07:46:29.481 | INFO     | agents.servers.serverFedMSE:train_on_clients:70 - Saved model for client 14 at epoch 90 -> saved_models/FedMSE/FedMSE/wsn_ds/epoch_90_client_14.pt
2025-09-30 07:46:29.761 | INFO     | agents.servers.serverFedMSE:train_on_clients:70 - Saved model for client 15 at epoch 90 -> saved_models/FedMSE/FedMSE/wsn_ds/epoch_90_client_15.pt
2025-09-30 07:46:30.036 | INFO     | agents.servers.serverFedMSE:train_on_clients:54 - Client 16 gets new best val_loss at epoch #90: 0.001090
2025-09-30 07:46:30.038 | INFO     | agents.servers.serverFedMSE:train_on_clients:70 - Saved model for client 16 at epoch 90 -> saved_models/FedMSE/FedMSE/wsn_ds/epoch_90_client_16.pt
2025-09-30 07:46:30.302 | INFO     | agents.servers.serverFedMSE:train_on_clients:70 - Saved model for client 17 at epoch 90 -> saved_models/FedMSE/FedMSE/wsn_ds/epoch_90_client_17.pt
2025-09-30 07:46:30.567 | INFO     | agents.servers.serverFedMSE:train_on_clients:70 - Saved model for client 18 at epoch 90 -> saved_models/FedMSE/FedMSE/wsn_ds/epoch_90_client_18.pt
2025-09-30 07:46:30.831 | INFO     | agents.servers.serverFedMSE:train_on_clients:54 - Client 19 gets new best val_loss at epoch #90: 0.001034
2025-09-30 07:46:30.832 | INFO     | agents.servers.serverFedMSE:train_on_clients:70 - Saved model for client 19 at epoch 90 -> saved_models/FedMSE/FedMSE/wsn_ds/epoch_90_client_19.pt
2025-09-30 07:46:30.834 | INFO     | agents.servers.serverFedMSE:train_on_clients:76 - 20 clients still training at epoch #90
2025-09-30 07:47:07.992 | INFO     | agents.servers.serverFedMSE:train_on_clients:32 - Training FedMSE model epoch #91
2025-09-30 07:47:09.316 | INFO     | agents.servers.serverFedMSE:train_on_clients:54 - Client 4 gets new best val_loss at epoch #91: 0.001006
2025-09-30 07:47:09.837 | INFO     | agents.servers.serverFedMSE:train_on_clients:54 - Client 6 gets new best val_loss at epoch #91: 0.000922
2025-09-30 07:47:10.360 | INFO     | agents.servers.serverFedMSE:train_on_clients:54 - Client 8 gets new best val_loss at epoch #91: 0.000948
2025-09-30 07:47:13.350 | INFO     | agents.servers.serverFedMSE:train_on_clients:76 - 20 clients still training at epoch #91
2025-09-30 07:47:51.211 | INFO     | agents.servers.serverFedMSE:train_on_clients:32 - Training FedMSE model epoch #92
2025-09-30 07:47:51.757 | INFO     | agents.servers.serverFedMSE:train_on_clients:54 - Client 1 gets new best val_loss at epoch #92: 0.001077
2025-09-30 07:47:52.028 | INFO     | agents.servers.serverFedMSE:train_on_clients:54 - Client 2 gets new best val_loss at epoch #92: 0.000928
2025-09-30 07:47:52.297 | INFO     | agents.servers.serverFedMSE:train_on_clients:54 - Client 3 gets new best val_loss at epoch #92: 0.001048
2025-09-30 07:47:52.567 | INFO     | agents.servers.serverFedMSE:train_on_clients:54 - Client 4 gets new best val_loss at epoch #92: 0.000993
2025-09-30 07:47:52.840 | INFO     | agents.servers.serverFedMSE:train_on_clients:54 - Client 5 gets new best val_loss at epoch #92: 0.001037
2025-09-30 07:47:53.112 | INFO     | agents.servers.serverFedMSE:train_on_clients:54 - Client 6 gets new best val_loss at epoch #92: 0.000920
2025-09-30 07:47:53.389 | INFO     | agents.servers.serverFedMSE:train_on_clients:54 - Client 7 gets new best val_loss at epoch #92: 0.001007
2025-09-30 07:47:54.500 | INFO     | agents.servers.serverFedMSE:train_on_clients:54 - Client 11 gets new best val_loss at epoch #92: 0.000927
2025-09-30 07:47:56.674 | INFO     | agents.servers.serverFedMSE:train_on_clients:76 - 20 clients still training at epoch #92
2025-09-30 07:48:33.151 | INFO     | agents.servers.serverFedMSE:train_on_clients:32 - Training FedMSE model epoch #93
2025-09-30 07:48:35.293 | INFO     | agents.servers.serverFedMSE:train_on_clients:54 - Client 7 gets new best val_loss at epoch #93: 0.000999
2025-09-30 07:48:38.515 | INFO     | agents.servers.serverFedMSE:train_on_clients:76 - 20 clients still training at epoch #93
2025-09-30 07:49:15.706 | INFO     | agents.servers.serverFedMSE:train_on_clients:32 - Training FedMSE model epoch #94
2025-09-30 07:49:16.253 | INFO     | agents.servers.serverFedMSE:train_on_clients:54 - Client 1 gets new best val_loss at epoch #94: 0.001074
2025-09-30 07:49:21.152 | INFO     | agents.servers.serverFedMSE:train_on_clients:76 - 20 clients still training at epoch #94
2025-09-30 07:49:58.897 | INFO     | agents.servers.serverFedMSE:train_on_clients:32 - Training FedMSE model epoch #95
2025-09-30 07:49:59.172 | INFO     | agents.servers.serverFedMSE:train_on_clients:54 - Client 0 gets new best val_loss at epoch #95: 0.001009
2025-09-30 07:50:01.939 | INFO     | agents.servers.serverFedMSE:train_on_clients:54 - Client 10 gets new best val_loss at epoch #95: 0.001103
2025-09-30 07:50:02.201 | INFO     | agents.servers.serverFedMSE:train_on_clients:54 - Client 11 gets new best val_loss at epoch #95: 0.000925
2025-09-30 07:50:04.360 | INFO     | agents.servers.serverFedMSE:train_on_clients:54 - Client 19 gets new best val_loss at epoch #95: 0.000999
2025-09-30 07:50:04.361 | INFO     | agents.servers.serverFedMSE:train_on_clients:76 - 20 clients still training at epoch #95
2025-09-30 07:50:40.814 | INFO     | agents.servers.serverFedMSE:train_on_clients:32 - Training FedMSE model epoch #96
2025-09-30 07:50:41.356 | INFO     | agents.servers.serverFedMSE:train_on_clients:54 - Client 1 gets new best val_loss at epoch #96: 0.001071
2025-09-30 07:50:45.930 | INFO     | agents.servers.serverFedMSE:train_on_clients:54 - Client 18 gets new best val_loss at epoch #96: 0.000941
2025-09-30 07:50:46.199 | INFO     | agents.servers.serverFedMSE:train_on_clients:76 - 20 clients still training at epoch #96
2025-09-30 07:51:22.489 | INFO     | agents.servers.serverFedMSE:train_on_clients:32 - Training FedMSE model epoch #97
2025-09-30 07:51:23.558 | INFO     | agents.servers.serverFedMSE:train_on_clients:54 - Client 3 gets new best val_loss at epoch #97: 0.001032
2025-09-30 07:51:25.960 | INFO     | agents.servers.serverFedMSE:train_on_clients:54 - Client 12 gets new best val_loss at epoch #97: 0.001028
2025-09-30 07:51:26.229 | INFO     | agents.servers.serverFedMSE:train_on_clients:54 - Client 13 gets new best val_loss at epoch #97: 0.000953
2025-09-30 07:51:27.830 | INFO     | agents.servers.serverFedMSE:train_on_clients:76 - 20 clients still training at epoch #97
2025-09-30 07:52:04.156 | INFO     | agents.servers.serverFedMSE:train_on_clients:32 - Training FedMSE model epoch #98
2025-09-30 07:52:05.506 | INFO     | agents.servers.serverFedMSE:train_on_clients:54 - Client 4 gets new best val_loss at epoch #98: 0.000956
2025-09-30 07:52:09.555 | INFO     | agents.servers.serverFedMSE:train_on_clients:76 - 20 clients still training at epoch #98
2025-09-30 07:52:45.872 | INFO     | agents.servers.serverFedMSE:train_on_clients:32 - Training FedMSE model epoch #99
2025-09-30 07:52:46.712 | INFO     | agents.servers.serverFedMSE:train_on_clients:54 - Client 2 gets new best val_loss at epoch #99: 0.000914
2025-09-30 07:52:47.260 | INFO     | agents.servers.serverFedMSE:train_on_clients:54 - Client 4 gets new best val_loss at epoch #99: 0.000927
2025-09-30 07:52:47.531 | INFO     | agents.servers.serverFedMSE:train_on_clients:54 - Client 5 gets new best val_loss at epoch #99: 0.000918
2025-09-30 07:52:47.805 | INFO     | agents.servers.serverFedMSE:train_on_clients:54 - Client 6 gets new best val_loss at epoch #99: 0.000903
2025-09-30 07:52:50.520 | INFO     | agents.servers.serverFedMSE:train_on_clients:54 - Client 16 gets new best val_loss at epoch #99: 0.001081
2025-09-30 07:52:50.794 | INFO     | agents.servers.serverFedMSE:train_on_clients:54 - Client 17 gets new best val_loss at epoch #99: 0.000868
2025-09-30 07:52:51.343 | INFO     | agents.servers.serverFedMSE:train_on_clients:76 - 20 clients still training at epoch #99
2025-09-30 07:53:27.853 | INFO     | agents.servers.serverFedMSE:train_on_clients:32 - Training FedMSE model epoch #100
2025-09-30 07:53:28.125 | INFO     | agents.servers.serverFedMSE:train_on_clients:70 - Saved model for client 0 at epoch 100 -> saved_models/FedMSE/FedMSE/wsn_ds/epoch_100_client_0.pt
2025-09-30 07:53:28.396 | INFO     | agents.servers.serverFedMSE:train_on_clients:70 - Saved model for client 1 at epoch 100 -> saved_models/FedMSE/FedMSE/wsn_ds/epoch_100_client_1.pt
2025-09-30 07:53:28.669 | INFO     | agents.servers.serverFedMSE:train_on_clients:70 - Saved model for client 2 at epoch 100 -> saved_models/FedMSE/FedMSE/wsn_ds/epoch_100_client_2.pt
2025-09-30 07:53:28.942 | INFO     | agents.servers.serverFedMSE:train_on_clients:70 - Saved model for client 3 at epoch 100 -> saved_models/FedMSE/FedMSE/wsn_ds/epoch_100_client_3.pt
2025-09-30 07:53:29.213 | INFO     | agents.servers.serverFedMSE:train_on_clients:70 - Saved model for client 4 at epoch 100 -> saved_models/FedMSE/FedMSE/wsn_ds/epoch_100_client_4.pt
2025-09-30 07:53:29.491 | INFO     | agents.servers.serverFedMSE:train_on_clients:54 - Client 5 gets new best val_loss at epoch #100: 0.000909
2025-09-30 07:53:29.492 | INFO     | agents.servers.serverFedMSE:train_on_clients:70 - Saved model for client 5 at epoch 100 -> saved_models/FedMSE/FedMSE/wsn_ds/epoch_100_client_5.pt
2025-09-30 07:53:29.763 | INFO     | agents.servers.serverFedMSE:train_on_clients:70 - Saved model for client 6 at epoch 100 -> saved_models/FedMSE/FedMSE/wsn_ds/epoch_100_client_6.pt
2025-09-30 07:53:30.037 | INFO     | agents.servers.serverFedMSE:train_on_clients:70 - Saved model for client 7 at epoch 100 -> saved_models/FedMSE/FedMSE/wsn_ds/epoch_100_client_7.pt
2025-09-30 07:53:30.303 | INFO     | agents.servers.serverFedMSE:train_on_clients:70 - Saved model for client 8 at epoch 100 -> saved_models/FedMSE/FedMSE/wsn_ds/epoch_100_client_8.pt
2025-09-30 07:53:30.575 | INFO     | agents.servers.serverFedMSE:train_on_clients:54 - Client 9 gets new best val_loss at epoch #100: 0.000984
2025-09-30 07:53:30.576 | INFO     | agents.servers.serverFedMSE:train_on_clients:70 - Saved model for client 9 at epoch 100 -> saved_models/FedMSE/FedMSE/wsn_ds/epoch_100_client_9.pt
2025-09-30 07:53:30.846 | INFO     | agents.servers.serverFedMSE:train_on_clients:54 - Client 10 gets new best val_loss at epoch #100: 0.001102
2025-09-30 07:53:30.848 | INFO     | agents.servers.serverFedMSE:train_on_clients:70 - Saved model for client 10 at epoch 100 -> saved_models/FedMSE/FedMSE/wsn_ds/epoch_100_client_10.pt
2025-09-30 07:53:31.120 | INFO     | agents.servers.serverFedMSE:train_on_clients:54 - Client 11 gets new best val_loss at epoch #100: 0.000924
2025-09-30 07:53:31.121 | INFO     | agents.servers.serverFedMSE:train_on_clients:70 - Saved model for client 11 at epoch 100 -> saved_models/FedMSE/FedMSE/wsn_ds/epoch_100_client_11.pt
2025-09-30 07:53:31.393 | INFO     | agents.servers.serverFedMSE:train_on_clients:70 - Saved model for client 12 at epoch 100 -> saved_models/FedMSE/FedMSE/wsn_ds/epoch_100_client_12.pt
2025-09-30 07:53:31.665 | INFO     | agents.servers.serverFedMSE:train_on_clients:70 - Saved model for client 13 at epoch 100 -> saved_models/FedMSE/FedMSE/wsn_ds/epoch_100_client_13.pt
2025-09-30 07:53:31.936 | INFO     | agents.servers.serverFedMSE:train_on_clients:70 - Saved model for client 14 at epoch 100 -> saved_models/FedMSE/FedMSE/wsn_ds/epoch_100_client_14.pt
2025-09-30 07:53:32.210 | INFO     | agents.servers.serverFedMSE:train_on_clients:70 - Saved model for client 15 at epoch 100 -> saved_models/FedMSE/FedMSE/wsn_ds/epoch_100_client_15.pt
2025-09-30 07:53:32.481 | INFO     | agents.servers.serverFedMSE:train_on_clients:70 - Saved model for client 16 at epoch 100 -> saved_models/FedMSE/FedMSE/wsn_ds/epoch_100_client_16.pt
2025-09-30 07:53:32.752 | INFO     | agents.servers.serverFedMSE:train_on_clients:70 - Saved model for client 17 at epoch 100 -> saved_models/FedMSE/FedMSE/wsn_ds/epoch_100_client_17.pt
2025-09-30 07:53:33.025 | INFO     | agents.servers.serverFedMSE:train_on_clients:70 - Saved model for client 18 at epoch 100 -> saved_models/FedMSE/FedMSE/wsn_ds/epoch_100_client_18.pt
2025-09-30 07:53:33.296 | INFO     | agents.servers.serverFedMSE:train_on_clients:70 - Saved model for client 19 at epoch 100 -> saved_models/FedMSE/FedMSE/wsn_ds/epoch_100_client_19.pt
2025-09-30 07:53:33.297 | INFO     | agents.servers.serverFedMSE:train_on_clients:76 - 20 clients still training at epoch #100
2025-09-30 07:54:09.897 | INFO     | agents.servers.serverFedMSE:train_on_clients:32 - Training FedMSE model epoch #101
2025-09-30 07:54:10.436 | INFO     | agents.servers.serverFedMSE:train_on_clients:54 - Client 1 gets new best val_loss at epoch #101: 0.001058
2025-09-30 07:54:11.479 | INFO     | agents.servers.serverFedMSE:train_on_clients:54 - Client 5 gets new best val_loss at epoch #101: 0.000906
2025-09-30 07:54:13.564 | INFO     | agents.servers.serverFedMSE:train_on_clients:54 - Client 13 gets new best val_loss at epoch #101: 0.000936
2025-09-30 07:54:14.609 | INFO     | agents.servers.serverFedMSE:train_on_clients:54 - Client 17 gets new best val_loss at epoch #101: 0.000863
2025-09-30 07:54:15.132 | INFO     | agents.servers.serverFedMSE:train_on_clients:54 - Client 19 gets new best val_loss at epoch #101: 0.000983
2025-09-30 07:54:15.134 | INFO     | agents.servers.serverFedMSE:train_on_clients:76 - 20 clients still training at epoch #101
2025-09-30 07:54:51.543 | INFO     | agents.servers.serverFedMSE:train_on_clients:32 - Training FedMSE model epoch #102
2025-09-30 07:54:52.083 | INFO     | agents.servers.serverFedMSE:train_on_clients:54 - Client 1 gets new best val_loss at epoch #102: 0.001041
2025-09-30 07:54:52.622 | INFO     | agents.servers.serverFedMSE:train_on_clients:54 - Client 3 gets new best val_loss at epoch #102: 0.001020
2025-09-30 07:54:53.157 | INFO     | agents.servers.serverFedMSE:train_on_clients:54 - Client 5 gets new best val_loss at epoch #102: 0.000904
2025-09-30 07:54:55.564 | INFO     | agents.servers.serverFedMSE:train_on_clients:54 - Client 14 gets new best val_loss at epoch #102: 0.000950
2025-09-30 07:54:56.107 | INFO     | agents.servers.serverFedMSE:train_on_clients:54 - Client 16 gets new best val_loss at epoch #102: 0.001053
2025-09-30 07:54:56.387 | INFO     | agents.servers.serverFedMSE:train_on_clients:54 - Client 17 gets new best val_loss at epoch #102: 0.000817
2025-09-30 07:54:56.934 | INFO     | agents.servers.serverFedMSE:train_on_clients:76 - 20 clients still training at epoch #102
2025-09-30 07:55:33.337 | INFO     | agents.servers.serverFedMSE:train_on_clients:32 - Training FedMSE model epoch #103
2025-09-30 07:55:34.944 | INFO     | agents.servers.serverFedMSE:train_on_clients:54 - Client 5 gets new best val_loss at epoch #103: 0.000902
2025-09-30 07:55:35.747 | INFO     | agents.servers.serverFedMSE:train_on_clients:54 - Client 8 gets new best val_loss at epoch #103: 0.000918
2025-09-30 07:55:37.617 | INFO     | agents.servers.serverFedMSE:train_on_clients:54 - Client 15 gets new best val_loss at epoch #103: 0.001024
2025-09-30 07:55:38.151 | INFO     | agents.servers.serverFedMSE:train_on_clients:54 - Client 17 gets new best val_loss at epoch #103: 0.000813
2025-09-30 07:55:38.690 | INFO     | agents.servers.serverFedMSE:train_on_clients:76 - 20 clients still training at epoch #103
2025-09-30 07:56:15.222 | INFO     | agents.servers.serverFedMSE:train_on_clients:32 - Training FedMSE model epoch #104
2025-09-30 07:56:15.492 | INFO     | agents.servers.serverFedMSE:train_on_clients:54 - Client 0 gets new best val_loss at epoch #104: 0.000975
2025-09-30 07:56:16.029 | INFO     | agents.servers.serverFedMSE:train_on_clients:54 - Client 2 gets new best val_loss at epoch #104: 0.000904
2025-09-30 07:56:16.833 | INFO     | agents.servers.serverFedMSE:train_on_clients:54 - Client 5 gets new best val_loss at epoch #104: 0.000900
2025-09-30 07:56:18.708 | INFO     | agents.servers.serverFedMSE:train_on_clients:54 - Client 12 gets new best val_loss at epoch #104: 0.001023
2025-09-30 07:56:20.005 | INFO     | agents.servers.serverFedMSE:train_on_clients:54 - Client 17 gets new best val_loss at epoch #104: 0.000813
2025-09-30 07:56:20.521 | INFO     | agents.servers.serverFedMSE:train_on_clients:76 - 20 clients still training at epoch #104
2025-09-30 07:56:57.089 | INFO     | agents.servers.serverFedMSE:train_on_clients:32 - Training FedMSE model epoch #105
2025-09-30 07:56:58.123 | INFO     | agents.servers.serverFedMSE:train_on_clients:54 - Client 3 gets new best val_loss at epoch #105: 0.001006
2025-09-30 07:56:58.640 | INFO     | agents.servers.serverFedMSE:train_on_clients:54 - Client 5 gets new best val_loss at epoch #105: 0.000894
2025-09-30 07:56:59.663 | INFO     | agents.servers.serverFedMSE:train_on_clients:54 - Client 9 gets new best val_loss at epoch #105: 0.000921
2025-09-30 07:56:59.923 | INFO     | agents.servers.serverFedMSE:train_on_clients:54 - Client 10 gets new best val_loss at epoch #105: 0.001101
2025-09-30 07:57:02.262 | INFO     | agents.servers.serverFedMSE:train_on_clients:76 - 20 clients still training at epoch #105
2025-09-30 07:57:38.817 | INFO     | agents.servers.serverFedMSE:train_on_clients:32 - Training FedMSE model epoch #106
2025-09-30 07:57:39.896 | INFO     | agents.servers.serverFedMSE:train_on_clients:54 - Client 3 gets new best val_loss at epoch #106: 0.001002
2025-09-30 07:57:40.434 | INFO     | agents.servers.serverFedMSE:train_on_clients:54 - Client 5 gets new best val_loss at epoch #106: 0.000892
2025-09-30 07:57:42.856 | INFO     | agents.servers.serverFedMSE:train_on_clients:54 - Client 14 gets new best val_loss at epoch #106: 0.000921
2025-09-30 07:57:43.128 | INFO     | agents.servers.serverFedMSE:train_on_clients:54 - Client 15 gets new best val_loss at epoch #106: 0.000981
2025-09-30 07:57:44.205 | INFO     | agents.servers.serverFedMSE:train_on_clients:76 - 20 clients still training at epoch #106
2025-09-30 07:58:20.731 | INFO     | agents.servers.serverFedMSE:train_on_clients:32 - Training FedMSE model epoch #107
2025-09-30 07:58:21.802 | INFO     | agents.servers.serverFedMSE:train_on_clients:54 - Client 3 gets new best val_loss at epoch #107: 0.000999
2025-09-30 07:58:22.076 | INFO     | agents.servers.serverFedMSE:train_on_clients:54 - Client 4 gets new best val_loss at epoch #107: 0.000921
2025-09-30 07:58:22.348 | INFO     | agents.servers.serverFedMSE:train_on_clients:54 - Client 5 gets new best val_loss at epoch #107: 0.000890
2025-09-30 07:58:26.113 | INFO     | agents.servers.serverFedMSE:train_on_clients:76 - 20 clients still training at epoch #107
2025-09-30 07:59:02.595 | INFO     | agents.servers.serverFedMSE:train_on_clients:32 - Training FedMSE model epoch #108
2025-09-30 07:59:03.406 | INFO     | agents.servers.serverFedMSE:train_on_clients:54 - Client 2 gets new best val_loss at epoch #108: 0.000885
2025-09-30 07:59:04.216 | INFO     | agents.servers.serverFedMSE:train_on_clients:54 - Client 5 gets new best val_loss at epoch #108: 0.000884
2025-09-30 07:59:05.026 | INFO     | agents.servers.serverFedMSE:train_on_clients:54 - Client 8 gets new best val_loss at epoch #108: 0.000910
2025-09-30 07:59:05.566 | INFO     | agents.servers.serverFedMSE:train_on_clients:54 - Client 10 gets new best val_loss at epoch #108: 0.001095
2025-09-30 07:59:07.976 | INFO     | agents.servers.serverFedMSE:train_on_clients:76 - 20 clients still training at epoch #108
2025-09-30 07:59:44.497 | INFO     | agents.servers.serverFedMSE:train_on_clients:32 - Training FedMSE model epoch #109
2025-09-30 07:59:46.308 | INFO     | agents.servers.serverFedMSE:train_on_clients:54 - Client 6 gets new best val_loss at epoch #109: 0.000851
2025-09-30 07:59:46.835 | INFO     | agents.servers.serverFedMSE:train_on_clients:54 - Client 8 gets new best val_loss at epoch #109: 0.000894
2025-09-30 07:59:47.367 | INFO     | agents.servers.serverFedMSE:train_on_clients:54 - Client 10 gets new best val_loss at epoch #109: 0.001050
2025-09-30 07:59:48.983 | INFO     | agents.servers.serverFedMSE:train_on_clients:54 - Client 16 gets new best val_loss at epoch #109: 0.001033
2025-09-30 07:59:49.502 | INFO     | agents.servers.serverFedMSE:train_on_clients:54 - Client 18 gets new best val_loss at epoch #109: 0.000928
2025-09-30 07:59:49.760 | INFO     | agents.servers.serverFedMSE:train_on_clients:76 - 20 clients still training at epoch #109
2025-09-30 08:00:26.055 | INFO     | agents.servers.serverFedMSE:train_on_clients:32 - Training FedMSE model epoch #110
2025-09-30 08:00:26.321 | INFO     | agents.servers.serverFedMSE:train_on_clients:54 - Client 0 gets new best val_loss at epoch #110: 0.000969
2025-09-30 08:00:26.323 | INFO     | agents.servers.serverFedMSE:train_on_clients:70 - Saved model for client 0 at epoch 110 -> saved_models/FedMSE/FedMSE/wsn_ds/epoch_110_client_0.pt
2025-09-30 08:00:26.586 | INFO     | agents.servers.serverFedMSE:train_on_clients:70 - Saved model for client 1 at epoch 110 -> saved_models/FedMSE/FedMSE/wsn_ds/epoch_110_client_1.pt
2025-09-30 08:00:26.848 | INFO     | agents.servers.serverFedMSE:train_on_clients:70 - Saved model for client 2 at epoch 110 -> saved_models/FedMSE/FedMSE/wsn_ds/epoch_110_client_2.pt
2025-09-30 08:00:27.108 | INFO     | agents.servers.serverFedMSE:train_on_clients:70 - Saved model for client 3 at epoch 110 -> saved_models/FedMSE/FedMSE/wsn_ds/epoch_110_client_3.pt
2025-09-30 08:00:27.367 | INFO     | agents.servers.serverFedMSE:train_on_clients:70 - Saved model for client 4 at epoch 110 -> saved_models/FedMSE/FedMSE/wsn_ds/epoch_110_client_4.pt
2025-09-30 08:00:27.631 | INFO     | agents.servers.serverFedMSE:train_on_clients:54 - Client 5 gets new best val_loss at epoch #110: 0.000884
2025-09-30 08:00:27.633 | INFO     | agents.servers.serverFedMSE:train_on_clients:70 - Saved model for client 5 at epoch 110 -> saved_models/FedMSE/FedMSE/wsn_ds/epoch_110_client_5.pt
2025-09-30 08:00:27.895 | INFO     | agents.servers.serverFedMSE:train_on_clients:70 - Saved model for client 6 at epoch 110 -> saved_models/FedMSE/FedMSE/wsn_ds/epoch_110_client_6.pt
2025-09-30 08:00:28.158 | INFO     | agents.servers.serverFedMSE:train_on_clients:70 - Saved model for client 7 at epoch 110 -> saved_models/FedMSE/FedMSE/wsn_ds/epoch_110_client_7.pt
2025-09-30 08:00:28.422 | INFO     | agents.servers.serverFedMSE:train_on_clients:70 - Saved model for client 8 at epoch 110 -> saved_models/FedMSE/FedMSE/wsn_ds/epoch_110_client_8.pt
2025-09-30 08:00:28.684 | INFO     | agents.servers.serverFedMSE:train_on_clients:70 - Saved model for client 9 at epoch 110 -> saved_models/FedMSE/FedMSE/wsn_ds/epoch_110_client_9.pt
2025-09-30 08:00:28.962 | INFO     | agents.servers.serverFedMSE:train_on_clients:70 - Saved model for client 10 at epoch 110 -> saved_models/FedMSE/FedMSE/wsn_ds/epoch_110_client_10.pt
2025-09-30 08:00:29.239 | INFO     | agents.servers.serverFedMSE:train_on_clients:54 - Client 11 gets new best val_loss at epoch #110: 0.000864
2025-09-30 08:00:29.240 | INFO     | agents.servers.serverFedMSE:train_on_clients:70 - Saved model for client 11 at epoch 110 -> saved_models/FedMSE/FedMSE/wsn_ds/epoch_110_client_11.pt
2025-09-30 08:00:29.501 | INFO     | agents.servers.serverFedMSE:train_on_clients:70 - Saved model for client 12 at epoch 110 -> saved_models/FedMSE/FedMSE/wsn_ds/epoch_110_client_12.pt
2025-09-30 08:00:29.760 | INFO     | agents.servers.serverFedMSE:train_on_clients:70 - Saved model for client 13 at epoch 110 -> saved_models/FedMSE/FedMSE/wsn_ds/epoch_110_client_13.pt
2025-09-30 08:00:30.020 | INFO     | agents.servers.serverFedMSE:train_on_clients:70 - Saved model for client 14 at epoch 110 -> saved_models/FedMSE/FedMSE/wsn_ds/epoch_110_client_14.pt
2025-09-30 08:00:30.279 | INFO     | agents.servers.serverFedMSE:train_on_clients:70 - Saved model for client 15 at epoch 110 -> saved_models/FedMSE/FedMSE/wsn_ds/epoch_110_client_15.pt
2025-09-30 08:00:30.575 | INFO     | agents.servers.serverFedMSE:train_on_clients:70 - Saved model for client 16 at epoch 110 -> saved_models/FedMSE/FedMSE/wsn_ds/epoch_110_client_16.pt
2025-09-30 08:00:30.848 | INFO     | agents.servers.serverFedMSE:train_on_clients:70 - Saved model for client 17 at epoch 110 -> saved_models/FedMSE/FedMSE/wsn_ds/epoch_110_client_17.pt
2025-09-30 08:00:31.113 | INFO     | agents.servers.serverFedMSE:train_on_clients:70 - Saved model for client 18 at epoch 110 -> saved_models/FedMSE/FedMSE/wsn_ds/epoch_110_client_18.pt
2025-09-30 08:00:31.373 | INFO     | agents.servers.serverFedMSE:train_on_clients:70 - Saved model for client 19 at epoch 110 -> saved_models/FedMSE/FedMSE/wsn_ds/epoch_110_client_19.pt
2025-09-30 08:00:31.375 | INFO     | agents.servers.serverFedMSE:train_on_clients:76 - 20 clients still training at epoch #110
2025-09-30 08:01:07.710 | INFO     | agents.servers.serverFedMSE:train_on_clients:32 - Training FedMSE model epoch #111
2025-09-30 08:01:08.249 | INFO     | agents.servers.serverFedMSE:train_on_clients:54 - Client 1 gets new best val_loss at epoch #111: 0.001040
2025-09-30 08:01:08.784 | INFO     | agents.servers.serverFedMSE:train_on_clients:54 - Client 3 gets new best val_loss at epoch #111: 0.000967
2025-09-30 08:01:09.323 | INFO     | agents.servers.serverFedMSE:train_on_clients:54 - Client 5 gets new best val_loss at epoch #111: 0.000873
2025-09-30 08:01:10.669 | INFO     | agents.servers.serverFedMSE:train_on_clients:54 - Client 10 gets new best val_loss at epoch #111: 0.001043
2025-09-30 08:01:12.272 | INFO     | agents.servers.serverFedMSE:train_on_clients:54 - Client 16 gets new best val_loss at epoch #111: 0.001014
2025-09-30 08:01:13.077 | INFO     | agents.servers.serverFedMSE:train_on_clients:76 - 20 clients still training at epoch #111
2025-09-30 08:01:49.442 | INFO     | agents.servers.serverFedMSE:train_on_clients:32 - Training FedMSE model epoch #112
2025-09-30 08:01:49.711 | INFO     | agents.servers.serverFedMSE:train_on_clients:54 - Client 0 gets new best val_loss at epoch #112: 0.000932
2025-09-30 08:01:50.249 | INFO     | agents.servers.serverFedMSE:train_on_clients:54 - Client 2 gets new best val_loss at epoch #112: 0.000874
2025-09-30 08:01:51.592 | INFO     | agents.servers.serverFedMSE:train_on_clients:54 - Client 7 gets new best val_loss at epoch #112: 0.000971
2025-09-30 08:01:52.395 | INFO     | agents.servers.serverFedMSE:train_on_clients:54 - Client 10 gets new best val_loss at epoch #112: 0.001023
2025-09-30 08:01:52.932 | INFO     | agents.servers.serverFedMSE:train_on_clients:54 - Client 12 gets new best val_loss at epoch #112: 0.001000
2025-09-30 08:01:53.201 | INFO     | agents.servers.serverFedMSE:train_on_clients:54 - Client 13 gets new best val_loss at epoch #112: 0.000913
2025-09-30 08:01:54.804 | INFO     | agents.servers.serverFedMSE:train_on_clients:54 - Client 19 gets new best val_loss at epoch #112: 0.000965
2025-09-30 08:01:54.805 | INFO     | agents.servers.serverFedMSE:train_on_clients:76 - 20 clients still training at epoch #112
2025-09-30 08:02:31.206 | INFO     | agents.servers.serverFedMSE:train_on_clients:32 - Training FedMSE model epoch #113
2025-09-30 08:02:31.756 | INFO     | agents.servers.serverFedMSE:train_on_clients:54 - Client 1 gets new best val_loss at epoch #113: 0.001002
2025-09-30 08:02:32.030 | INFO     | agents.servers.serverFedMSE:train_on_clients:54 - Client 2 gets new best val_loss at epoch #113: 0.000842
2025-09-30 08:02:33.390 | INFO     | agents.servers.serverFedMSE:train_on_clients:54 - Client 7 gets new best val_loss at epoch #113: 0.000951
2025-09-30 08:02:36.386 | INFO     | agents.servers.serverFedMSE:train_on_clients:54 - Client 18 gets new best val_loss at epoch #113: 0.000892
2025-09-30 08:02:36.664 | INFO     | agents.servers.serverFedMSE:train_on_clients:76 - 20 clients still training at epoch #113
2025-09-30 08:03:13.155 | INFO     | agents.servers.serverFedMSE:train_on_clients:32 - Training FedMSE model epoch #114
2025-09-30 08:03:14.776 | INFO     | agents.servers.serverFedMSE:train_on_clients:54 - Client 5 gets new best val_loss at epoch #114: 0.000870
2025-09-30 08:03:15.578 | INFO     | agents.servers.serverFedMSE:train_on_clients:54 - Client 8 gets new best val_loss at epoch #114: 0.000893
2025-09-30 08:03:17.459 | INFO     | agents.servers.serverFedMSE:train_on_clients:54 - Client 15 gets new best val_loss at epoch #114: 0.000929
2025-09-30 08:03:17.728 | INFO     | agents.servers.serverFedMSE:train_on_clients:54 - Client 16 gets new best val_loss at epoch #114: 0.000998
2025-09-30 08:03:18.534 | INFO     | agents.servers.serverFedMSE:train_on_clients:76 - 20 clients still training at epoch #114
2025-09-30 08:03:54.998 | INFO     | agents.servers.serverFedMSE:train_on_clients:32 - Training FedMSE model epoch #115
2025-09-30 08:03:56.609 | INFO     | agents.servers.serverFedMSE:train_on_clients:54 - Client 5 gets new best val_loss at epoch #115: 0.000860
2025-09-30 08:03:57.413 | INFO     | agents.servers.serverFedMSE:train_on_clients:54 - Client 8 gets new best val_loss at epoch #115: 0.000887
2025-09-30 08:03:58.487 | INFO     | agents.servers.serverFedMSE:train_on_clients:54 - Client 12 gets new best val_loss at epoch #115: 0.000996
2025-09-30 08:03:58.756 | INFO     | agents.servers.serverFedMSE:train_on_clients:54 - Client 13 gets new best val_loss at epoch #115: 0.000912
2025-09-30 08:04:00.379 | INFO     | agents.servers.serverFedMSE:train_on_clients:76 - 20 clients still training at epoch #115
2025-09-30 08:04:36.738 | INFO     | agents.servers.serverFedMSE:train_on_clients:32 - Training FedMSE model epoch #116
2025-09-30 08:04:37.291 | INFO     | agents.servers.serverFedMSE:train_on_clients:54 - Client 1 gets new best val_loss at epoch #116: 0.000980
2025-09-30 08:04:37.841 | INFO     | agents.servers.serverFedMSE:train_on_clients:54 - Client 3 gets new best val_loss at epoch #116: 0.000900
2025-09-30 08:04:38.396 | INFO     | agents.servers.serverFedMSE:train_on_clients:54 - Client 5 gets new best val_loss at epoch #116: 0.000857
2025-09-30 08:04:39.492 | INFO     | agents.servers.serverFedMSE:train_on_clients:54 - Client 9 gets new best val_loss at epoch #116: 0.000919
2025-09-30 08:04:39.772 | INFO     | agents.servers.serverFedMSE:train_on_clients:54 - Client 10 gets new best val_loss at epoch #116: 0.000991
2025-09-30 08:04:40.061 | INFO     | agents.servers.serverFedMSE:train_on_clients:54 - Client 11 gets new best val_loss at epoch #116: 0.000826
2025-09-30 08:04:40.909 | INFO     | agents.servers.serverFedMSE:train_on_clients:54 - Client 14 gets new best val_loss at epoch #116: 0.000890
2025-09-30 08:04:41.190 | INFO     | agents.servers.serverFedMSE:train_on_clients:54 - Client 15 gets new best val_loss at epoch #116: 0.000909
2025-09-30 08:04:42.298 | INFO     | agents.servers.serverFedMSE:train_on_clients:76 - 20 clients still training at epoch #116
2025-09-30 08:05:19.247 | INFO     | agents.servers.serverFedMSE:train_on_clients:32 - Training FedMSE model epoch #117
2025-09-30 08:05:24.861 | INFO     | agents.servers.serverFedMSE:train_on_clients:76 - 20 clients still training at epoch #117
2025-09-30 08:06:02.380 | INFO     | agents.servers.serverFedMSE:train_on_clients:32 - Training FedMSE model epoch #118
2025-09-30 08:06:03.233 | INFO     | agents.servers.serverFedMSE:train_on_clients:54 - Client 2 gets new best val_loss at epoch #118: 0.000813
2025-09-30 08:06:04.055 | INFO     | agents.servers.serverFedMSE:train_on_clients:54 - Client 5 gets new best val_loss at epoch #118: 0.000856
2025-09-30 08:06:04.606 | INFO     | agents.servers.serverFedMSE:train_on_clients:54 - Client 7 gets new best val_loss at epoch #118: 0.000936
2025-09-30 08:06:05.169 | INFO     | agents.servers.serverFedMSE:train_on_clients:54 - Client 9 gets new best val_loss at epoch #118: 0.000919
2025-09-30 08:06:07.106 | INFO     | agents.servers.serverFedMSE:train_on_clients:54 - Client 16 gets new best val_loss at epoch #118: 0.000962
2025-09-30 08:06:07.940 | INFO     | agents.servers.serverFedMSE:train_on_clients:54 - Client 19 gets new best val_loss at epoch #118: 0.000904
2025-09-30 08:06:07.942 | INFO     | agents.servers.serverFedMSE:train_on_clients:76 - 20 clients still training at epoch #118
2025-09-30 08:06:45.292 | INFO     | agents.servers.serverFedMSE:train_on_clients:32 - Training FedMSE model epoch #119
2025-09-30 08:06:46.955 | INFO     | agents.servers.serverFedMSE:train_on_clients:54 - Client 5 gets new best val_loss at epoch #119: 0.000845
2025-09-30 08:06:48.895 | INFO     | agents.servers.serverFedMSE:train_on_clients:54 - Client 12 gets new best val_loss at epoch #119: 0.000936
2025-09-30 08:06:50.818 | INFO     | agents.servers.serverFedMSE:train_on_clients:76 - 20 clients still training at epoch #119
2025-09-30 08:07:28.230 | INFO     | agents.servers.serverFedMSE:train_on_clients:32 - Training FedMSE model epoch #120
2025-09-30 08:07:28.504 | INFO     | agents.servers.serverFedMSE:train_on_clients:70 - Saved model for client 0 at epoch 120 -> saved_models/FedMSE/FedMSE/wsn_ds/epoch_120_client_0.pt
2025-09-30 08:07:28.782 | INFO     | agents.servers.serverFedMSE:train_on_clients:70 - Saved model for client 1 at epoch 120 -> saved_models/FedMSE/FedMSE/wsn_ds/epoch_120_client_1.pt
2025-09-30 08:07:29.057 | INFO     | agents.servers.serverFedMSE:train_on_clients:70 - Saved model for client 2 at epoch 120 -> saved_models/FedMSE/FedMSE/wsn_ds/epoch_120_client_2.pt
2025-09-30 08:07:29.330 | INFO     | agents.servers.serverFedMSE:train_on_clients:70 - Saved model for client 3 at epoch 120 -> saved_models/FedMSE/FedMSE/wsn_ds/epoch_120_client_3.pt
2025-09-30 08:07:29.602 | INFO     | agents.servers.serverFedMSE:train_on_clients:54 - Client 4 gets new best val_loss at epoch #120: 0.000820
2025-09-30 08:07:29.604 | INFO     | agents.servers.serverFedMSE:train_on_clients:70 - Saved model for client 4 at epoch 120 -> saved_models/FedMSE/FedMSE/wsn_ds/epoch_120_client_4.pt
2025-09-30 08:07:29.875 | INFO     | agents.servers.serverFedMSE:train_on_clients:70 - Saved model for client 5 at epoch 120 -> saved_models/FedMSE/FedMSE/wsn_ds/epoch_120_client_5.pt
2025-09-30 08:07:30.148 | INFO     | agents.servers.serverFedMSE:train_on_clients:70 - Saved model for client 6 at epoch 120 -> saved_models/FedMSE/FedMSE/wsn_ds/epoch_120_client_6.pt
2025-09-30 08:07:30.418 | INFO     | agents.servers.serverFedMSE:train_on_clients:70 - Saved model for client 7 at epoch 120 -> saved_models/FedMSE/FedMSE/wsn_ds/epoch_120_client_7.pt
2025-09-30 08:07:30.697 | INFO     | agents.servers.serverFedMSE:train_on_clients:54 - Client 8 gets new best val_loss at epoch #120: 0.000837
2025-09-30 08:07:30.698 | INFO     | agents.servers.serverFedMSE:train_on_clients:70 - Saved model for client 8 at epoch 120 -> saved_models/FedMSE/FedMSE/wsn_ds/epoch_120_client_8.pt
2025-09-30 08:07:30.981 | INFO     | agents.servers.serverFedMSE:train_on_clients:70 - Saved model for client 9 at epoch 120 -> saved_models/FedMSE/FedMSE/wsn_ds/epoch_120_client_9.pt
2025-09-30 08:07:31.262 | INFO     | agents.servers.serverFedMSE:train_on_clients:70 - Saved model for client 10 at epoch 120 -> saved_models/FedMSE/FedMSE/wsn_ds/epoch_120_client_10.pt
2025-09-30 08:07:31.542 | INFO     | agents.servers.serverFedMSE:train_on_clients:70 - Saved model for client 11 at epoch 120 -> saved_models/FedMSE/FedMSE/wsn_ds/epoch_120_client_11.pt
2025-09-30 08:07:31.814 | INFO     | agents.servers.serverFedMSE:train_on_clients:70 - Saved model for client 12 at epoch 120 -> saved_models/FedMSE/FedMSE/wsn_ds/epoch_120_client_12.pt
2025-09-30 08:07:32.104 | INFO     | agents.servers.serverFedMSE:train_on_clients:54 - Client 13 gets new best val_loss at epoch #120: 0.000868
2025-09-30 08:07:32.105 | INFO     | agents.servers.serverFedMSE:train_on_clients:70 - Saved model for client 13 at epoch 120 -> saved_models/FedMSE/FedMSE/wsn_ds/epoch_120_client_13.pt
2025-09-30 08:07:32.386 | INFO     | agents.servers.serverFedMSE:train_on_clients:70 - Saved model for client 14 at epoch 120 -> saved_models/FedMSE/FedMSE/wsn_ds/epoch_120_client_14.pt
2025-09-30 08:07:32.661 | INFO     | agents.servers.serverFedMSE:train_on_clients:70 - Saved model for client 15 at epoch 120 -> saved_models/FedMSE/FedMSE/wsn_ds/epoch_120_client_15.pt
2025-09-30 08:07:32.944 | INFO     | agents.servers.serverFedMSE:train_on_clients:70 - Saved model for client 16 at epoch 120 -> saved_models/FedMSE/FedMSE/wsn_ds/epoch_120_client_16.pt
2025-09-30 08:07:33.225 | INFO     | agents.servers.serverFedMSE:train_on_clients:70 - Saved model for client 17 at epoch 120 -> saved_models/FedMSE/FedMSE/wsn_ds/epoch_120_client_17.pt
2025-09-30 08:07:33.500 | INFO     | agents.servers.serverFedMSE:train_on_clients:70 - Saved model for client 18 at epoch 120 -> saved_models/FedMSE/FedMSE/wsn_ds/epoch_120_client_18.pt
2025-09-30 08:07:33.792 | INFO     | agents.servers.serverFedMSE:train_on_clients:70 - Saved model for client 19 at epoch 120 -> saved_models/FedMSE/FedMSE/wsn_ds/epoch_120_client_19.pt
2025-09-30 08:07:33.794 | INFO     | agents.servers.serverFedMSE:train_on_clients:76 - 20 clients still training at epoch #120
2025-09-30 08:08:10.796 | INFO     | agents.servers.serverFedMSE:train_on_clients:32 - Training FedMSE model epoch #121
2025-09-30 08:08:11.069 | INFO     | agents.servers.serverFedMSE:train_on_clients:54 - Client 0 gets new best val_loss at epoch #121: 0.000914
2025-09-30 08:08:16.303 | INFO     | agents.servers.serverFedMSE:train_on_clients:76 - 20 clients still training at epoch #121
2025-09-30 08:08:58.509 | INFO     | agents.servers.serverFedMSE:train_on_clients:32 - Training FedMSE model epoch #122
2025-09-30 08:09:00.352 | INFO     | agents.servers.serverFedMSE:train_on_clients:54 - Client 6 gets new best val_loss at epoch #122: 0.000832
2025-09-30 08:09:01.398 | INFO     | agents.servers.serverFedMSE:train_on_clients:54 - Client 10 gets new best val_loss at epoch #122: 0.000979
2025-09-30 08:09:02.447 | INFO     | agents.servers.serverFedMSE:train_on_clients:54 - Client 14 gets new best val_loss at epoch #122: 0.000859
2025-09-30 08:09:02.709 | INFO     | agents.servers.serverFedMSE:train_on_clients:54 - Client 15 gets new best val_loss at epoch #122: 0.000894
2025-09-30 08:09:03.232 | INFO     | agents.servers.serverFedMSE:train_on_clients:54 - Client 17 gets new best val_loss at epoch #122: 0.000804
2025-09-30 08:09:03.495 | INFO     | agents.servers.serverFedMSE:train_on_clients:54 - Client 18 gets new best val_loss at epoch #122: 0.000840
2025-09-30 08:09:03.753 | INFO     | agents.servers.serverFedMSE:train_on_clients:76 - 20 clients still training at epoch #122
2025-09-30 08:09:51.477 | INFO     | agents.servers.serverFedMSE:train_on_clients:32 - Training FedMSE model epoch #123
2025-09-30 08:09:52.289 | INFO     | agents.servers.serverFedMSE:train_on_clients:54 - Client 2 gets new best val_loss at epoch #123: 0.000811
2025-09-30 08:09:53.159 | INFO     | agents.servers.serverFedMSE:train_on_clients:54 - Client 5 gets new best val_loss at epoch #123: 0.000842
2025-09-30 08:09:54.280 | INFO     | agents.servers.serverFedMSE:train_on_clients:54 - Client 9 gets new best val_loss at epoch #123: 0.000887
2025-09-30 08:09:55.138 | INFO     | agents.servers.serverFedMSE:train_on_clients:54 - Client 12 gets new best val_loss at epoch #123: 0.000923
2025-09-30 08:09:56.283 | INFO     | agents.servers.serverFedMSE:train_on_clients:54 - Client 16 gets new best val_loss at epoch #123: 0.000956
2025-09-30 08:09:57.132 | INFO     | agents.servers.serverFedMSE:train_on_clients:76 - 20 clients still training at epoch #123
2025-09-30 08:10:41.369 | INFO     | agents.servers.serverFedMSE:train_on_clients:32 - Training FedMSE model epoch #124
2025-09-30 08:10:41.906 | INFO     | agents.servers.serverFedMSE:train_on_clients:54 - Client 1 gets new best val_loss at epoch #124: 0.000972
2025-09-30 08:10:44.995 | INFO     | agents.servers.serverFedMSE:train_on_clients:54 - Client 12 gets new best val_loss at epoch #124: 0.000899
2025-09-30 08:10:46.951 | INFO     | agents.servers.serverFedMSE:train_on_clients:76 - 20 clients still training at epoch #124
2025-09-30 08:11:31.569 | INFO     | agents.servers.serverFedMSE:train_on_clients:32 - Training FedMSE model epoch #125
2025-09-30 08:11:37.228 | INFO     | agents.servers.serverFedMSE:train_on_clients:76 - 20 clients still training at epoch #125
2025-09-30 08:12:24.793 | INFO     | agents.servers.serverFedMSE:train_on_clients:32 - Training FedMSE model epoch #126
2025-09-30 08:12:28.391 | INFO     | agents.servers.serverFedMSE:train_on_clients:54 - Client 12 gets new best val_loss at epoch #126: 0.000898
2025-09-30 08:12:28.669 | INFO     | agents.servers.serverFedMSE:train_on_clients:54 - Client 13 gets new best val_loss at epoch #126: 0.000864
2025-09-30 08:12:29.457 | INFO     | agents.servers.serverFedMSE:train_on_clients:54 - Client 16 gets new best val_loss at epoch #126: 0.000928
2025-09-30 08:12:29.983 | INFO     | agents.servers.serverFedMSE:train_on_clients:54 - Client 18 gets new best val_loss at epoch #126: 0.000826
2025-09-30 08:12:30.248 | INFO     | agents.servers.serverFedMSE:train_on_clients:54 - Client 19 gets new best val_loss at epoch #126: 0.000892
2025-09-30 08:12:30.250 | INFO     | agents.servers.serverFedMSE:train_on_clients:76 - 20 clients still training at epoch #126
2025-09-30 08:13:19.034 | INFO     | agents.servers.serverFedMSE:train_on_clients:32 - Training FedMSE model epoch #127
2025-09-30 08:13:19.589 | INFO     | agents.servers.serverFedMSE:train_on_clients:54 - Client 1 gets new best val_loss at epoch #127: 0.000932
2025-09-30 08:13:19.866 | INFO     | agents.servers.serverFedMSE:train_on_clients:54 - Client 2 gets new best val_loss at epoch #127: 0.000797
2025-09-30 08:13:21.266 | INFO     | agents.servers.serverFedMSE:train_on_clients:54 - Client 7 gets new best val_loss at epoch #127: 0.000919
2025-09-30 08:13:22.377 | INFO     | agents.servers.serverFedMSE:train_on_clients:54 - Client 11 gets new best val_loss at epoch #127: 0.000810
2025-09-30 08:13:23.196 | INFO     | agents.servers.serverFedMSE:train_on_clients:54 - Client 14 gets new best val_loss at epoch #127: 0.000840
2025-09-30 08:13:24.009 | INFO     | agents.servers.serverFedMSE:train_on_clients:54 - Client 17 gets new best val_loss at epoch #127: 0.000788
2025-09-30 08:13:24.554 | INFO     | agents.servers.serverFedMSE:train_on_clients:54 - Client 19 gets new best val_loss at epoch #127: 0.000865
2025-09-30 08:13:24.556 | INFO     | agents.servers.serverFedMSE:train_on_clients:76 - 20 clients still training at epoch #127
2025-09-30 08:14:01.655 | INFO     | agents.servers.serverFedMSE:train_on_clients:32 - Training FedMSE model epoch #128
2025-09-30 08:14:02.748 | INFO     | agents.servers.serverFedMSE:train_on_clients:54 - Client 3 gets new best val_loss at epoch #128: 0.000883
2025-09-30 08:14:03.839 | INFO     | agents.servers.serverFedMSE:train_on_clients:54 - Client 7 gets new best val_loss at epoch #128: 0.000900
2025-09-30 08:14:04.113 | INFO     | agents.servers.serverFedMSE:train_on_clients:54 - Client 8 gets new best val_loss at epoch #128: 0.000810
2025-09-30 08:14:06.017 | INFO     | agents.servers.serverFedMSE:train_on_clients:54 - Client 15 gets new best val_loss at epoch #128: 0.000890
2025-09-30 08:14:07.107 | INFO     | agents.servers.serverFedMSE:train_on_clients:76 - 20 clients still training at epoch #128
2025-09-30 08:14:43.890 | INFO     | agents.servers.serverFedMSE:train_on_clients:32 - Training FedMSE model epoch #129
2025-09-30 08:14:49.370 | INFO     | agents.servers.serverFedMSE:train_on_clients:76 - 20 clients still training at epoch #129
2025-09-30 08:15:21.749 | INFO     | agents.servers.serverFedMSE:train_on_clients:32 - Training FedMSE model epoch #130
2025-09-30 08:15:22.001 | INFO     | agents.servers.serverFedMSE:train_on_clients:70 - Saved model for client 0 at epoch 130 -> saved_models/FedMSE/FedMSE/wsn_ds/epoch_130_client_0.pt
2025-09-30 08:15:22.251 | INFO     | agents.servers.serverFedMSE:train_on_clients:70 - Saved model for client 1 at epoch 130 -> saved_models/FedMSE/FedMSE/wsn_ds/epoch_130_client_1.pt
2025-09-30 08:15:22.503 | INFO     | agents.servers.serverFedMSE:train_on_clients:70 - Saved model for client 2 at epoch 130 -> saved_models/FedMSE/FedMSE/wsn_ds/epoch_130_client_2.pt
2025-09-30 08:15:22.754 | INFO     | agents.servers.serverFedMSE:train_on_clients:54 - Client 3 gets new best val_loss at epoch #130: 0.000873
2025-09-30 08:15:22.756 | INFO     | agents.servers.serverFedMSE:train_on_clients:70 - Saved model for client 3 at epoch 130 -> saved_models/FedMSE/FedMSE/wsn_ds/epoch_130_client_3.pt
2025-09-30 08:15:23.006 | INFO     | agents.servers.serverFedMSE:train_on_clients:70 - Saved model for client 4 at epoch 130 -> saved_models/FedMSE/FedMSE/wsn_ds/epoch_130_client_4.pt
2025-09-30 08:15:23.255 | INFO     | agents.servers.serverFedMSE:train_on_clients:70 - Saved model for client 5 at epoch 130 -> saved_models/FedMSE/FedMSE/wsn_ds/epoch_130_client_5.pt
2025-09-30 08:15:23.507 | INFO     | agents.servers.serverFedMSE:train_on_clients:54 - Client 6 gets new best val_loss at epoch #130: 0.000822
2025-09-30 08:15:23.508 | INFO     | agents.servers.serverFedMSE:train_on_clients:70 - Saved model for client 6 at epoch 130 -> saved_models/FedMSE/FedMSE/wsn_ds/epoch_130_client_6.pt
2025-09-30 08:15:23.758 | INFO     | agents.servers.serverFedMSE:train_on_clients:54 - Client 7 gets new best val_loss at epoch #130: 0.000885
2025-09-30 08:15:23.760 | INFO     | agents.servers.serverFedMSE:train_on_clients:70 - Saved model for client 7 at epoch 130 -> saved_models/FedMSE/FedMSE/wsn_ds/epoch_130_client_7.pt
2025-09-30 08:15:24.012 | INFO     | agents.servers.serverFedMSE:train_on_clients:70 - Saved model for client 8 at epoch 130 -> saved_models/FedMSE/FedMSE/wsn_ds/epoch_130_client_8.pt
2025-09-30 08:15:24.261 | INFO     | agents.servers.serverFedMSE:train_on_clients:70 - Saved model for client 9 at epoch 130 -> saved_models/FedMSE/FedMSE/wsn_ds/epoch_130_client_9.pt
2025-09-30 08:15:24.511 | INFO     | agents.servers.serverFedMSE:train_on_clients:70 - Saved model for client 10 at epoch 130 -> saved_models/FedMSE/FedMSE/wsn_ds/epoch_130_client_10.pt
2025-09-30 08:15:24.762 | INFO     | agents.servers.serverFedMSE:train_on_clients:70 - Saved model for client 11 at epoch 130 -> saved_models/FedMSE/FedMSE/wsn_ds/epoch_130_client_11.pt
2025-09-30 08:15:25.017 | INFO     | agents.servers.serverFedMSE:train_on_clients:54 - Client 12 gets new best val_loss at epoch #130: 0.000869
2025-09-30 08:15:25.018 | INFO     | agents.servers.serverFedMSE:train_on_clients:70 - Saved model for client 12 at epoch 130 -> saved_models/FedMSE/FedMSE/wsn_ds/epoch_130_client_12.pt
2025-09-30 08:15:25.267 | INFO     | agents.servers.serverFedMSE:train_on_clients:70 - Saved model for client 13 at epoch 130 -> saved_models/FedMSE/FedMSE/wsn_ds/epoch_130_client_13.pt
2025-09-30 08:15:25.515 | INFO     | agents.servers.serverFedMSE:train_on_clients:70 - Saved model for client 14 at epoch 130 -> saved_models/FedMSE/FedMSE/wsn_ds/epoch_130_client_14.pt
2025-09-30 08:15:25.764 | INFO     | agents.servers.serverFedMSE:train_on_clients:54 - Client 15 gets new best val_loss at epoch #130: 0.000861
2025-09-30 08:15:25.766 | INFO     | agents.servers.serverFedMSE:train_on_clients:70 - Saved model for client 15 at epoch 130 -> saved_models/FedMSE/FedMSE/wsn_ds/epoch_130_client_15.pt
2025-09-30 08:15:26.020 | INFO     | agents.servers.serverFedMSE:train_on_clients:70 - Saved model for client 16 at epoch 130 -> saved_models/FedMSE/FedMSE/wsn_ds/epoch_130_client_16.pt
2025-09-30 08:15:26.269 | INFO     | agents.servers.serverFedMSE:train_on_clients:54 - Client 17 gets new best val_loss at epoch #130: 0.000767
2025-09-30 08:15:26.270 | INFO     | agents.servers.serverFedMSE:train_on_clients:70 - Saved model for client 17 at epoch 130 -> saved_models/FedMSE/FedMSE/wsn_ds/epoch_130_client_17.pt
2025-09-30 08:15:26.518 | INFO     | agents.servers.serverFedMSE:train_on_clients:70 - Saved model for client 18 at epoch 130 -> saved_models/FedMSE/FedMSE/wsn_ds/epoch_130_client_18.pt
2025-09-30 08:15:26.767 | INFO     | agents.servers.serverFedMSE:train_on_clients:54 - Client 19 gets new best val_loss at epoch #130: 0.000821
2025-09-30 08:15:26.768 | INFO     | agents.servers.serverFedMSE:train_on_clients:70 - Saved model for client 19 at epoch 130 -> saved_models/FedMSE/FedMSE/wsn_ds/epoch_130_client_19.pt
2025-09-30 08:15:26.770 | INFO     | agents.servers.serverFedMSE:train_on_clients:76 - 20 clients still training at epoch #130
2025-09-30 08:15:59.042 | INFO     | agents.servers.serverFedMSE:train_on_clients:32 - Training FedMSE model epoch #131
2025-09-30 08:15:59.335 | INFO     | agents.servers.serverFedMSE:train_on_clients:54 - Client 0 gets new best val_loss at epoch #131: 0.000908
2025-09-30 08:15:59.834 | INFO     | agents.servers.serverFedMSE:train_on_clients:54 - Client 2 gets new best val_loss at epoch #131: 0.000791
2025-09-30 08:16:01.373 | INFO     | agents.servers.serverFedMSE:train_on_clients:54 - Client 8 gets new best val_loss at epoch #131: 0.000792
2025-09-30 08:16:01.874 | INFO     | agents.servers.serverFedMSE:train_on_clients:54 - Client 10 gets new best val_loss at epoch #131: 0.000952
2025-09-30 08:16:02.126 | INFO     | agents.servers.serverFedMSE:train_on_clients:54 - Client 11 gets new best val_loss at epoch #131: 0.000804
2025-09-30 08:16:02.874 | INFO     | agents.servers.serverFedMSE:train_on_clients:54 - Client 14 gets new best val_loss at epoch #131: 0.000777
2025-09-30 08:16:04.146 | INFO     | agents.servers.serverFedMSE:train_on_clients:76 - 20 clients still training at epoch #131
2025-09-30 08:16:36.437 | INFO     | agents.servers.serverFedMSE:train_on_clients:32 - Training FedMSE model epoch #132
2025-09-30 08:16:37.689 | INFO     | agents.servers.serverFedMSE:train_on_clients:54 - Client 4 gets new best val_loss at epoch #132: 0.000807
2025-09-30 08:16:38.193 | INFO     | agents.servers.serverFedMSE:train_on_clients:54 - Client 6 gets new best val_loss at epoch #132: 0.000754
2025-09-30 08:16:39.199 | INFO     | agents.servers.serverFedMSE:train_on_clients:54 - Client 10 gets new best val_loss at epoch #132: 0.000942
2025-09-30 08:16:39.451 | INFO     | agents.servers.serverFedMSE:train_on_clients:54 - Client 11 gets new best val_loss at epoch #132: 0.000791
2025-09-30 08:16:39.952 | INFO     | agents.servers.serverFedMSE:train_on_clients:54 - Client 13 gets new best val_loss at epoch #132: 0.000825
2025-09-30 08:16:40.456 | INFO     | agents.servers.serverFedMSE:train_on_clients:54 - Client 15 gets new best val_loss at epoch #132: 0.000849
2025-09-30 08:16:40.709 | INFO     | agents.servers.serverFedMSE:train_on_clients:54 - Client 16 gets new best val_loss at epoch #132: 0.000920
2025-09-30 08:16:41.469 | INFO     | agents.servers.serverFedMSE:train_on_clients:76 - 20 clients still training at epoch #132
2025-09-30 08:17:13.785 | INFO     | agents.servers.serverFedMSE:train_on_clients:32 - Training FedMSE model epoch #133
2025-09-30 08:17:14.041 | INFO     | agents.servers.serverFedMSE:train_on_clients:54 - Client 0 gets new best val_loss at epoch #133: 0.000840
2025-09-30 08:17:14.567 | INFO     | agents.servers.serverFedMSE:train_on_clients:54 - Client 2 gets new best val_loss at epoch #133: 0.000750
2025-09-30 08:17:14.822 | INFO     | agents.servers.serverFedMSE:train_on_clients:54 - Client 3 gets new best val_loss at epoch #133: 0.000819
2025-09-30 08:17:16.343 | INFO     | agents.servers.serverFedMSE:train_on_clients:54 - Client 9 gets new best val_loss at epoch #133: 0.000813
2025-09-30 08:17:16.597 | INFO     | agents.servers.serverFedMSE:train_on_clients:54 - Client 10 gets new best val_loss at epoch #133: 0.000898
2025-09-30 08:17:17.610 | INFO     | agents.servers.serverFedMSE:train_on_clients:54 - Client 14 gets new best val_loss at epoch #133: 0.000774
2025-09-30 08:17:18.617 | INFO     | agents.servers.serverFedMSE:train_on_clients:54 - Client 18 gets new best val_loss at epoch #133: 0.000803
2025-09-30 08:17:18.868 | INFO     | agents.servers.serverFedMSE:train_on_clients:76 - 20 clients still training at epoch #133
2025-09-30 08:17:51.183 | INFO     | agents.servers.serverFedMSE:train_on_clients:32 - Training FedMSE model epoch #134
2025-09-30 08:17:53.184 | INFO     | agents.servers.serverFedMSE:train_on_clients:54 - Client 7 gets new best val_loss at epoch #134: 0.000840
2025-09-30 08:17:53.436 | INFO     | agents.servers.serverFedMSE:train_on_clients:54 - Client 8 gets new best val_loss at epoch #134: 0.000737
2025-09-30 08:17:54.685 | INFO     | agents.servers.serverFedMSE:train_on_clients:54 - Client 13 gets new best val_loss at epoch #134: 0.000771
2025-09-30 08:17:55.436 | INFO     | agents.servers.serverFedMSE:train_on_clients:54 - Client 16 gets new best val_loss at epoch #134: 0.000907
2025-09-30 08:17:55.689 | INFO     | agents.servers.serverFedMSE:train_on_clients:54 - Client 17 gets new best val_loss at epoch #134: 0.000703
2025-09-30 08:17:56.190 | INFO     | agents.servers.serverFedMSE:train_on_clients:76 - 20 clients still training at epoch #134
2025-09-30 08:18:28.462 | INFO     | agents.servers.serverFedMSE:train_on_clients:32 - Training FedMSE model epoch #135
2025-09-30 08:18:28.715 | INFO     | agents.servers.serverFedMSE:train_on_clients:54 - Client 0 gets new best val_loss at epoch #135: 0.000795
2025-09-30 08:18:28.967 | INFO     | agents.servers.serverFedMSE:train_on_clients:54 - Client 1 gets new best val_loss at epoch #135: 0.000912
2025-09-30 08:18:29.469 | INFO     | agents.servers.serverFedMSE:train_on_clients:54 - Client 3 gets new best val_loss at epoch #135: 0.000805
2025-09-30 08:18:30.720 | INFO     | agents.servers.serverFedMSE:train_on_clients:54 - Client 8 gets new best val_loss at epoch #135: 0.000688
2025-09-30 08:18:32.468 | INFO     | agents.servers.serverFedMSE:train_on_clients:54 - Client 15 gets new best val_loss at epoch #135: 0.000756
2025-09-30 08:18:33.218 | INFO     | agents.servers.serverFedMSE:train_on_clients:54 - Client 18 gets new best val_loss at epoch #135: 0.000708
2025-09-30 08:18:33.468 | INFO     | agents.servers.serverFedMSE:train_on_clients:76 - 20 clients still training at epoch #135
2025-09-30 08:19:05.727 | INFO     | agents.servers.serverFedMSE:train_on_clients:32 - Training FedMSE model epoch #136
2025-09-30 08:19:05.977 | INFO     | agents.servers.serverFedMSE:train_on_clients:54 - Client 0 gets new best val_loss at epoch #136: 0.000770
2025-09-30 08:19:06.227 | INFO     | agents.servers.serverFedMSE:train_on_clients:54 - Client 1 gets new best val_loss at epoch #136: 0.000909
2025-09-30 08:19:06.479 | INFO     | agents.servers.serverFedMSE:train_on_clients:54 - Client 2 gets new best val_loss at epoch #136: 0.000738
2025-09-30 08:19:06.727 | INFO     | agents.servers.serverFedMSE:train_on_clients:54 - Client 3 gets new best val_loss at epoch #136: 0.000757
2025-09-30 08:19:06.977 | INFO     | agents.servers.serverFedMSE:train_on_clients:54 - Client 4 gets new best val_loss at epoch #136: 0.000803
2025-09-30 08:19:07.729 | INFO     | agents.servers.serverFedMSE:train_on_clients:54 - Client 7 gets new best val_loss at epoch #136: 0.000815
2025-09-30 08:19:08.475 | INFO     | agents.servers.serverFedMSE:train_on_clients:54 - Client 10 gets new best val_loss at epoch #136: 0.000840
2025-09-30 08:19:08.971 | INFO     | agents.servers.serverFedMSE:train_on_clients:54 - Client 12 gets new best val_loss at epoch #136: 0.000859
2025-09-30 08:19:09.965 | INFO     | agents.servers.serverFedMSE:train_on_clients:54 - Client 16 gets new best val_loss at epoch #136: 0.000756
2025-09-30 08:19:10.704 | INFO     | agents.servers.serverFedMSE:train_on_clients:54 - Client 19 gets new best val_loss at epoch #136: 0.000807
2025-09-30 08:19:10.705 | INFO     | agents.servers.serverFedMSE:train_on_clients:76 - 20 clients still training at epoch #136
2025-09-30 08:19:42.940 | INFO     | agents.servers.serverFedMSE:train_on_clients:32 - Training FedMSE model epoch #137
2025-09-30 08:19:43.186 | INFO     | agents.servers.serverFedMSE:train_on_clients:54 - Client 0 gets new best val_loss at epoch #137: 0.000745
2025-09-30 08:19:43.921 | INFO     | agents.servers.serverFedMSE:train_on_clients:54 - Client 3 gets new best val_loss at epoch #137: 0.000748
2025-09-30 08:19:44.172 | INFO     | agents.servers.serverFedMSE:train_on_clients:54 - Client 4 gets new best val_loss at epoch #137: 0.000788
2025-09-30 08:19:44.419 | INFO     | agents.servers.serverFedMSE:train_on_clients:54 - Client 5 gets new best val_loss at epoch #137: 0.000768
2025-09-30 08:19:44.922 | INFO     | agents.servers.serverFedMSE:train_on_clients:54 - Client 7 gets new best val_loss at epoch #137: 0.000799
2025-09-30 08:19:45.421 | INFO     | agents.servers.serverFedMSE:train_on_clients:54 - Client 9 gets new best val_loss at epoch #137: 0.000770
2025-09-30 08:19:45.666 | INFO     | agents.servers.serverFedMSE:train_on_clients:54 - Client 10 gets new best val_loss at epoch #137: 0.000824
2025-09-30 08:19:45.914 | INFO     | agents.servers.serverFedMSE:train_on_clients:54 - Client 11 gets new best val_loss at epoch #137: 0.000768
2025-09-30 08:19:46.164 | INFO     | agents.servers.serverFedMSE:train_on_clients:54 - Client 12 gets new best val_loss at epoch #137: 0.000858
2025-09-30 08:19:46.411 | INFO     | agents.servers.serverFedMSE:train_on_clients:54 - Client 13 gets new best val_loss at epoch #137: 0.000694
2025-09-30 08:19:46.659 | INFO     | agents.servers.serverFedMSE:train_on_clients:54 - Client 14 gets new best val_loss at epoch #137: 0.000679
2025-09-30 08:19:46.908 | INFO     | agents.servers.serverFedMSE:train_on_clients:54 - Client 15 gets new best val_loss at epoch #137: 0.000742
2025-09-30 08:19:47.405 | INFO     | agents.servers.serverFedMSE:train_on_clients:54 - Client 17 gets new best val_loss at epoch #137: 0.000615
2025-09-30 08:19:47.899 | INFO     | agents.servers.serverFedMSE:train_on_clients:54 - Client 19 gets new best val_loss at epoch #137: 0.000785
2025-09-30 08:19:47.900 | INFO     | agents.servers.serverFedMSE:train_on_clients:76 - 20 clients still training at epoch #137
2025-09-30 08:20:20.026 | INFO     | agents.servers.serverFedMSE:train_on_clients:32 - Training FedMSE model epoch #138
2025-09-30 08:20:20.276 | INFO     | agents.servers.serverFedMSE:train_on_clients:54 - Client 0 gets new best val_loss at epoch #138: 0.000731
2025-09-30 08:20:20.524 | INFO     | agents.servers.serverFedMSE:train_on_clients:54 - Client 1 gets new best val_loss at epoch #138: 0.000854
2025-09-30 08:20:20.773 | INFO     | agents.servers.serverFedMSE:train_on_clients:54 - Client 2 gets new best val_loss at epoch #138: 0.000722
2025-09-30 08:20:21.268 | INFO     | agents.servers.serverFedMSE:train_on_clients:54 - Client 4 gets new best val_loss at epoch #138: 0.000679
2025-09-30 08:20:21.760 | INFO     | agents.servers.serverFedMSE:train_on_clients:54 - Client 6 gets new best val_loss at epoch #138: 0.000722
2025-09-30 08:20:22.008 | INFO     | agents.servers.serverFedMSE:train_on_clients:54 - Client 7 gets new best val_loss at epoch #138: 0.000754
2025-09-30 08:20:22.747 | INFO     | agents.servers.serverFedMSE:train_on_clients:54 - Client 10 gets new best val_loss at epoch #138: 0.000773
2025-09-30 08:20:22.995 | INFO     | agents.servers.serverFedMSE:train_on_clients:54 - Client 11 gets new best val_loss at epoch #138: 0.000712
2025-09-30 08:20:23.250 | INFO     | agents.servers.serverFedMSE:train_on_clients:54 - Client 12 gets new best val_loss at epoch #138: 0.000803
2025-09-30 08:20:23.747 | INFO     | agents.servers.serverFedMSE:train_on_clients:54 - Client 14 gets new best val_loss at epoch #138: 0.000670
2025-09-30 08:20:24.000 | INFO     | agents.servers.serverFedMSE:train_on_clients:54 - Client 15 gets new best val_loss at epoch #138: 0.000739
2025-09-30 08:20:24.252 | INFO     | agents.servers.serverFedMSE:train_on_clients:54 - Client 16 gets new best val_loss at epoch #138: 0.000673
2025-09-30 08:20:24.779 | INFO     | agents.servers.serverFedMSE:train_on_clients:54 - Client 18 gets new best val_loss at epoch #138: 0.000599
2025-09-30 08:20:25.028 | INFO     | agents.servers.serverFedMSE:train_on_clients:54 - Client 19 gets new best val_loss at epoch #138: 0.000654
2025-09-30 08:20:25.029 | INFO     | agents.servers.serverFedMSE:train_on_clients:76 - 20 clients still training at epoch #138
2025-09-30 08:20:57.228 | INFO     | agents.servers.serverFedMSE:train_on_clients:32 - Training FedMSE model epoch #139
2025-09-30 08:20:57.723 | INFO     | agents.servers.serverFedMSE:train_on_clients:54 - Client 1 gets new best val_loss at epoch #139: 0.000848
2025-09-30 08:20:57.972 | INFO     | agents.servers.serverFedMSE:train_on_clients:54 - Client 2 gets new best val_loss at epoch #139: 0.000669
2025-09-30 08:20:58.221 | INFO     | agents.servers.serverFedMSE:train_on_clients:54 - Client 3 gets new best val_loss at epoch #139: 0.000689
2025-09-30 08:20:58.716 | INFO     | agents.servers.serverFedMSE:train_on_clients:54 - Client 5 gets new best val_loss at epoch #139: 0.000758
2025-09-30 08:20:58.964 | INFO     | agents.servers.serverFedMSE:train_on_clients:54 - Client 6 gets new best val_loss at epoch #139: 0.000693
2025-09-30 08:20:59.460 | INFO     | agents.servers.serverFedMSE:train_on_clients:54 - Client 8 gets new best val_loss at epoch #139: 0.000678
2025-09-30 08:20:59.954 | INFO     | agents.servers.serverFedMSE:train_on_clients:54 - Client 10 gets new best val_loss at epoch #139: 0.000731
2025-09-30 08:21:00.445 | INFO     | agents.servers.serverFedMSE:train_on_clients:54 - Client 12 gets new best val_loss at epoch #139: 0.000698
2025-09-30 08:21:00.696 | INFO     | agents.servers.serverFedMSE:train_on_clients:54 - Client 13 gets new best val_loss at epoch #139: 0.000615
2025-09-30 08:21:00.947 | INFO     | agents.servers.serverFedMSE:train_on_clients:54 - Client 14 gets new best val_loss at epoch #139: 0.000645
2025-09-30 08:21:01.200 | INFO     | agents.servers.serverFedMSE:train_on_clients:54 - Client 15 gets new best val_loss at epoch #139: 0.000649
2025-09-30 08:21:01.706 | INFO     | agents.servers.serverFedMSE:train_on_clients:54 - Client 17 gets new best val_loss at epoch #139: 0.000530
2025-09-30 08:21:01.956 | INFO     | agents.servers.serverFedMSE:train_on_clients:54 - Client 18 gets new best val_loss at epoch #139: 0.000574
2025-09-30 08:21:02.204 | INFO     | agents.servers.serverFedMSE:train_on_clients:76 - 20 clients still training at epoch #139
2025-09-30 08:21:34.388 | INFO     | agents.servers.serverFedMSE:train_on_clients:32 - Training FedMSE model epoch #140
2025-09-30 08:21:34.639 | INFO     | agents.servers.serverFedMSE:train_on_clients:54 - Client 0 gets new best val_loss at epoch #140: 0.000703
2025-09-30 08:21:34.641 | INFO     | agents.servers.serverFedMSE:train_on_clients:70 - Saved model for client 0 at epoch 140 -> saved_models/FedMSE/FedMSE/wsn_ds/epoch_140_client_0.pt
2025-09-30 08:21:34.892 | INFO     | agents.servers.serverFedMSE:train_on_clients:54 - Client 1 gets new best val_loss at epoch #140: 0.000693
2025-09-30 08:21:34.893 | INFO     | agents.servers.serverFedMSE:train_on_clients:70 - Saved model for client 1 at epoch 140 -> saved_models/FedMSE/FedMSE/wsn_ds/epoch_140_client_1.pt
2025-09-30 08:21:35.145 | INFO     | agents.servers.serverFedMSE:train_on_clients:54 - Client 2 gets new best val_loss at epoch #140: 0.000584
2025-09-30 08:21:35.147 | INFO     | agents.servers.serverFedMSE:train_on_clients:70 - Saved model for client 2 at epoch 140 -> saved_models/FedMSE/FedMSE/wsn_ds/epoch_140_client_2.pt
2025-09-30 08:21:35.399 | INFO     | agents.servers.serverFedMSE:train_on_clients:70 - Saved model for client 3 at epoch 140 -> saved_models/FedMSE/FedMSE/wsn_ds/epoch_140_client_3.pt
2025-09-30 08:21:35.660 | INFO     | agents.servers.serverFedMSE:train_on_clients:54 - Client 4 gets new best val_loss at epoch #140: 0.000615
2025-09-30 08:21:35.661 | INFO     | agents.servers.serverFedMSE:train_on_clients:70 - Saved model for client 4 at epoch 140 -> saved_models/FedMSE/FedMSE/wsn_ds/epoch_140_client_4.pt
2025-09-30 08:21:35.916 | INFO     | agents.servers.serverFedMSE:train_on_clients:54 - Client 5 gets new best val_loss at epoch #140: 0.000744
2025-09-30 08:21:35.917 | INFO     | agents.servers.serverFedMSE:train_on_clients:70 - Saved model for client 5 at epoch 140 -> saved_models/FedMSE/FedMSE/wsn_ds/epoch_140_client_5.pt
2025-09-30 08:21:36.169 | INFO     | agents.servers.serverFedMSE:train_on_clients:54 - Client 6 gets new best val_loss at epoch #140: 0.000654
2025-09-30 08:21:36.170 | INFO     | agents.servers.serverFedMSE:train_on_clients:70 - Saved model for client 6 at epoch 140 -> saved_models/FedMSE/FedMSE/wsn_ds/epoch_140_client_6.pt
2025-09-30 08:21:36.421 | INFO     | agents.servers.serverFedMSE:train_on_clients:70 - Saved model for client 7 at epoch 140 -> saved_models/FedMSE/FedMSE/wsn_ds/epoch_140_client_7.pt
2025-09-30 08:21:36.672 | INFO     | agents.servers.serverFedMSE:train_on_clients:54 - Client 8 gets new best val_loss at epoch #140: 0.000656
2025-09-30 08:21:36.673 | INFO     | agents.servers.serverFedMSE:train_on_clients:70 - Saved model for client 8 at epoch 140 -> saved_models/FedMSE/FedMSE/wsn_ds/epoch_140_client_8.pt
2025-09-30 08:21:36.931 | INFO     | agents.servers.serverFedMSE:train_on_clients:54 - Client 9 gets new best val_loss at epoch #140: 0.000556
2025-09-30 08:21:36.932 | INFO     | agents.servers.serverFedMSE:train_on_clients:70 - Saved model for client 9 at epoch 140 -> saved_models/FedMSE/FedMSE/wsn_ds/epoch_140_client_9.pt
2025-09-30 08:21:37.181 | INFO     | agents.servers.serverFedMSE:train_on_clients:54 - Client 10 gets new best val_loss at epoch #140: 0.000696
2025-09-30 08:21:37.182 | INFO     | agents.servers.serverFedMSE:train_on_clients:70 - Saved model for client 10 at epoch 140 -> saved_models/FedMSE/FedMSE/wsn_ds/epoch_140_client_10.pt
2025-09-30 08:21:37.431 | INFO     | agents.servers.serverFedMSE:train_on_clients:54 - Client 11 gets new best val_loss at epoch #140: 0.000617
2025-09-30 08:21:37.432 | INFO     | agents.servers.serverFedMSE:train_on_clients:70 - Saved model for client 11 at epoch 140 -> saved_models/FedMSE/FedMSE/wsn_ds/epoch_140_client_11.pt
2025-09-30 08:21:37.682 | INFO     | agents.servers.serverFedMSE:train_on_clients:70 - Saved model for client 12 at epoch 140 -> saved_models/FedMSE/FedMSE/wsn_ds/epoch_140_client_12.pt
2025-09-30 08:21:37.929 | INFO     | agents.servers.serverFedMSE:train_on_clients:70 - Saved model for client 13 at epoch 140 -> saved_models/FedMSE/FedMSE/wsn_ds/epoch_140_client_13.pt
2025-09-30 08:21:38.179 | INFO     | agents.servers.serverFedMSE:train_on_clients:70 - Saved model for client 14 at epoch 140 -> saved_models/FedMSE/FedMSE/wsn_ds/epoch_140_client_14.pt
2025-09-30 08:21:38.426 | INFO     | agents.servers.serverFedMSE:train_on_clients:70 - Saved model for client 15 at epoch 140 -> saved_models/FedMSE/FedMSE/wsn_ds/epoch_140_client_15.pt
2025-09-30 08:21:38.675 | INFO     | agents.servers.serverFedMSE:train_on_clients:54 - Client 16 gets new best val_loss at epoch #140: 0.000625
2025-09-30 08:21:38.676 | INFO     | agents.servers.serverFedMSE:train_on_clients:70 - Saved model for client 16 at epoch 140 -> saved_models/FedMSE/FedMSE/wsn_ds/epoch_140_client_16.pt
2025-09-30 08:21:38.925 | INFO     | agents.servers.serverFedMSE:train_on_clients:54 - Client 17 gets new best val_loss at epoch #140: 0.000523
2025-09-30 08:21:38.927 | INFO     | agents.servers.serverFedMSE:train_on_clients:70 - Saved model for client 17 at epoch 140 -> saved_models/FedMSE/FedMSE/wsn_ds/epoch_140_client_17.pt
2025-09-30 08:21:39.181 | INFO     | agents.servers.serverFedMSE:train_on_clients:54 - Client 18 gets new best val_loss at epoch #140: 0.000537
2025-09-30 08:21:39.182 | INFO     | agents.servers.serverFedMSE:train_on_clients:70 - Saved model for client 18 at epoch 140 -> saved_models/FedMSE/FedMSE/wsn_ds/epoch_140_client_18.pt
2025-09-30 08:21:39.435 | INFO     | agents.servers.serverFedMSE:train_on_clients:54 - Client 19 gets new best val_loss at epoch #140: 0.000595
2025-09-30 08:21:39.437 | INFO     | agents.servers.serverFedMSE:train_on_clients:70 - Saved model for client 19 at epoch 140 -> saved_models/FedMSE/FedMSE/wsn_ds/epoch_140_client_19.pt
2025-09-30 08:21:39.438 | INFO     | agents.servers.serverFedMSE:train_on_clients:76 - 20 clients still training at epoch #140
2025-09-30 08:22:11.638 | INFO     | agents.servers.serverFedMSE:train_on_clients:32 - Training FedMSE model epoch #141
2025-09-30 08:22:13.378 | INFO     | agents.servers.serverFedMSE:train_on_clients:54 - Client 6 gets new best val_loss at epoch #141: 0.000591
2025-09-30 08:22:13.628 | INFO     | agents.servers.serverFedMSE:train_on_clients:54 - Client 7 gets new best val_loss at epoch #141: 0.000669
2025-09-30 08:22:14.121 | INFO     | agents.servers.serverFedMSE:train_on_clients:54 - Client 9 gets new best val_loss at epoch #141: 0.000531
2025-09-30 08:22:14.371 | INFO     | agents.servers.serverFedMSE:train_on_clients:54 - Client 10 gets new best val_loss at epoch #141: 0.000642
2025-09-30 08:22:14.621 | INFO     | agents.servers.serverFedMSE:train_on_clients:54 - Client 11 gets new best val_loss at epoch #141: 0.000595
2025-09-30 08:22:14.869 | INFO     | agents.servers.serverFedMSE:train_on_clients:54 - Client 12 gets new best val_loss at epoch #141: 0.000677
2025-09-30 08:22:15.365 | INFO     | agents.servers.serverFedMSE:train_on_clients:54 - Client 14 gets new best val_loss at epoch #141: 0.000556
2025-09-30 08:22:16.109 | INFO     | agents.servers.serverFedMSE:train_on_clients:54 - Client 17 gets new best val_loss at epoch #141: 0.000485
2025-09-30 08:22:16.603 | INFO     | agents.servers.serverFedMSE:train_on_clients:76 - 20 clients still training at epoch #141
2025-09-30 08:22:48.813 | INFO     | agents.servers.serverFedMSE:train_on_clients:32 - Training FedMSE model epoch #142
2025-09-30 08:22:49.316 | INFO     | agents.servers.serverFedMSE:train_on_clients:54 - Client 1 gets new best val_loss at epoch #142: 0.000675
2025-09-30 08:22:49.816 | INFO     | agents.servers.serverFedMSE:train_on_clients:54 - Client 3 gets new best val_loss at epoch #142: 0.000592
2025-09-30 08:22:50.066 | INFO     | agents.servers.serverFedMSE:train_on_clients:54 - Client 4 gets new best val_loss at epoch #142: 0.000578
2025-09-30 08:22:50.317 | INFO     | agents.servers.serverFedMSE:train_on_clients:54 - Client 5 gets new best val_loss at epoch #142: 0.000597
2025-09-30 08:22:50.568 | INFO     | agents.servers.serverFedMSE:train_on_clients:54 - Client 6 gets new best val_loss at epoch #142: 0.000573
2025-09-30 08:22:50.819 | INFO     | agents.servers.serverFedMSE:train_on_clients:54 - Client 7 gets new best val_loss at epoch #142: 0.000626
2025-09-30 08:22:51.069 | INFO     | agents.servers.serverFedMSE:train_on_clients:54 - Client 8 gets new best val_loss at epoch #142: 0.000600
2025-09-30 08:22:51.321 | INFO     | agents.servers.serverFedMSE:train_on_clients:54 - Client 9 gets new best val_loss at epoch #142: 0.000511
2025-09-30 08:22:51.820 | INFO     | agents.servers.serverFedMSE:train_on_clients:54 - Client 11 gets new best val_loss at epoch #142: 0.000581
2025-09-30 08:22:52.813 | INFO     | agents.servers.serverFedMSE:train_on_clients:54 - Client 15 gets new best val_loss at epoch #142: 0.000587
2025-09-30 08:22:53.315 | INFO     | agents.servers.serverFedMSE:train_on_clients:54 - Client 17 gets new best val_loss at epoch #142: 0.000480
2025-09-30 08:22:53.814 | INFO     | agents.servers.serverFedMSE:train_on_clients:54 - Client 19 gets new best val_loss at epoch #142: 0.000587
2025-09-30 08:22:53.816 | INFO     | agents.servers.serverFedMSE:train_on_clients:76 - 20 clients still training at epoch #142
2025-09-30 08:23:25.945 | INFO     | agents.servers.serverFedMSE:train_on_clients:32 - Training FedMSE model epoch #143
2025-09-30 08:23:26.196 | INFO     | agents.servers.serverFedMSE:train_on_clients:54 - Client 0 gets new best val_loss at epoch #143: 0.000647
2025-09-30 08:23:27.677 | INFO     | agents.servers.serverFedMSE:train_on_clients:54 - Client 6 gets new best val_loss at epoch #143: 0.000550
2025-09-30 08:23:28.911 | INFO     | agents.servers.serverFedMSE:train_on_clients:54 - Client 11 gets new best val_loss at epoch #143: 0.000518
2025-09-30 08:23:29.158 | INFO     | agents.servers.serverFedMSE:train_on_clients:54 - Client 12 gets new best val_loss at epoch #143: 0.000593
2025-09-30 08:23:29.407 | INFO     | agents.servers.serverFedMSE:train_on_clients:54 - Client 13 gets new best val_loss at epoch #143: 0.000561
2025-09-30 08:23:29.655 | INFO     | agents.servers.serverFedMSE:train_on_clients:54 - Client 14 gets new best val_loss at epoch #143: 0.000529
2025-09-30 08:23:30.393 | INFO     | agents.servers.serverFedMSE:train_on_clients:54 - Client 17 gets new best val_loss at epoch #143: 0.000477
2025-09-30 08:23:30.887 | INFO     | agents.servers.serverFedMSE:train_on_clients:76 - 20 clients still training at epoch #143
2025-09-30 08:24:03.191 | INFO     | agents.servers.serverFedMSE:train_on_clients:32 - Training FedMSE model epoch #144
2025-09-30 08:24:04.422 | INFO     | agents.servers.serverFedMSE:train_on_clients:54 - Client 4 gets new best val_loss at epoch #144: 0.000564
2025-09-30 08:24:04.672 | INFO     | agents.servers.serverFedMSE:train_on_clients:54 - Client 5 gets new best val_loss at epoch #144: 0.000577
2025-09-30 08:24:04.918 | INFO     | agents.servers.serverFedMSE:train_on_clients:54 - Client 6 gets new best val_loss at epoch #144: 0.000539
2025-09-30 08:24:07.624 | INFO     | agents.servers.serverFedMSE:train_on_clients:54 - Client 17 gets new best val_loss at epoch #144: 0.000468
2025-09-30 08:24:08.130 | INFO     | agents.servers.serverFedMSE:train_on_clients:76 - 20 clients still training at epoch #144
2025-09-30 08:24:40.453 | INFO     | agents.servers.serverFedMSE:train_on_clients:32 - Training FedMSE model epoch #145
2025-09-30 08:24:40.934 | INFO     | agents.servers.serverFedMSE:train_on_clients:54 - Client 1 gets new best val_loss at epoch #145: 0.000671
2025-09-30 08:24:41.655 | INFO     | agents.servers.serverFedMSE:train_on_clients:54 - Client 4 gets new best val_loss at epoch #145: 0.000555
2025-09-30 08:24:42.159 | INFO     | agents.servers.serverFedMSE:train_on_clients:54 - Client 6 gets new best val_loss at epoch #145: 0.000535
2025-09-30 08:24:42.654 | INFO     | agents.servers.serverFedMSE:train_on_clients:54 - Client 8 gets new best val_loss at epoch #145: 0.000531
2025-09-30 08:24:43.160 | INFO     | agents.servers.serverFedMSE:train_on_clients:54 - Client 10 gets new best val_loss at epoch #145: 0.000592
2025-09-30 08:24:43.910 | INFO     | agents.servers.serverFedMSE:train_on_clients:54 - Client 13 gets new best val_loss at epoch #145: 0.000554
2025-09-30 08:24:44.159 | INFO     | agents.servers.serverFedMSE:train_on_clients:54 - Client 14 gets new best val_loss at epoch #145: 0.000519
2025-09-30 08:24:44.913 | INFO     | agents.servers.serverFedMSE:train_on_clients:54 - Client 17 gets new best val_loss at epoch #145: 0.000465
2025-09-30 08:24:45.162 | INFO     | agents.servers.serverFedMSE:train_on_clients:54 - Client 18 gets new best val_loss at epoch #145: 0.000511
2025-09-30 08:24:45.410 | INFO     | agents.servers.serverFedMSE:train_on_clients:76 - 20 clients still training at epoch #145
2025-09-30 08:25:17.659 | INFO     | agents.servers.serverFedMSE:train_on_clients:32 - Training FedMSE model epoch #146
2025-09-30 08:25:17.909 | INFO     | agents.servers.serverFedMSE:train_on_clients:54 - Client 0 gets new best val_loss at epoch #146: 0.000606
2025-09-30 08:25:18.158 | INFO     | agents.servers.serverFedMSE:train_on_clients:54 - Client 1 gets new best val_loss at epoch #146: 0.000643
2025-09-30 08:25:18.406 | INFO     | agents.servers.serverFedMSE:train_on_clients:54 - Client 2 gets new best val_loss at epoch #146: 0.000557
2025-09-30 08:25:18.655 | INFO     | agents.servers.serverFedMSE:train_on_clients:54 - Client 3 gets new best val_loss at epoch #146: 0.000581
2025-09-30 08:25:19.152 | INFO     | agents.servers.serverFedMSE:train_on_clients:54 - Client 5 gets new best val_loss at epoch #146: 0.000549
2025-09-30 08:25:20.392 | INFO     | agents.servers.serverFedMSE:train_on_clients:54 - Client 10 gets new best val_loss at epoch #146: 0.000585
2025-09-30 08:25:21.652 | INFO     | agents.servers.serverFedMSE:train_on_clients:54 - Client 15 gets new best val_loss at epoch #146: 0.000559
2025-09-30 08:25:22.153 | INFO     | agents.servers.serverFedMSE:train_on_clients:54 - Client 17 gets new best val_loss at epoch #146: 0.000439
2025-09-30 08:25:22.653 | INFO     | agents.servers.serverFedMSE:train_on_clients:54 - Client 19 gets new best val_loss at epoch #146: 0.000584
2025-09-30 08:25:22.655 | INFO     | agents.servers.serverFedMSE:train_on_clients:76 - 20 clients still training at epoch #146
2025-09-30 08:25:54.887 | INFO     | agents.servers.serverFedMSE:train_on_clients:32 - Training FedMSE model epoch #147
2025-09-30 08:25:55.634 | INFO     | agents.servers.serverFedMSE:train_on_clients:54 - Client 2 gets new best val_loss at epoch #147: 0.000527
2025-09-30 08:25:55.882 | INFO     | agents.servers.serverFedMSE:train_on_clients:54 - Client 3 gets new best val_loss at epoch #147: 0.000563
2025-09-30 08:25:56.134 | INFO     | agents.servers.serverFedMSE:train_on_clients:54 - Client 4 gets new best val_loss at epoch #147: 0.000539
2025-09-30 08:25:56.669 | INFO     | agents.servers.serverFedMSE:train_on_clients:54 - Client 6 gets new best val_loss at epoch #147: 0.000526
2025-09-30 08:25:57.664 | INFO     | agents.servers.serverFedMSE:train_on_clients:54 - Client 10 gets new best val_loss at epoch #147: 0.000585
2025-09-30 08:25:58.953 | INFO     | agents.servers.serverFedMSE:train_on_clients:54 - Client 15 gets new best val_loss at epoch #147: 0.000536
2025-09-30 08:25:59.946 | INFO     | agents.servers.serverFedMSE:train_on_clients:76 - 20 clients still training at epoch #147
2025-09-30 08:26:32.195 | INFO     | agents.servers.serverFedMSE:train_on_clients:32 - Training FedMSE model epoch #148
2025-09-30 08:26:32.445 | INFO     | agents.servers.serverFedMSE:train_on_clients:54 - Client 0 gets new best val_loss at epoch #148: 0.000605
2025-09-30 08:26:33.191 | INFO     | agents.servers.serverFedMSE:train_on_clients:54 - Client 3 gets new best val_loss at epoch #148: 0.000561
2025-09-30 08:26:33.689 | INFO     | agents.servers.serverFedMSE:train_on_clients:54 - Client 5 gets new best val_loss at epoch #148: 0.000530
2025-09-30 08:26:33.938 | INFO     | agents.servers.serverFedMSE:train_on_clients:54 - Client 6 gets new best val_loss at epoch #148: 0.000508
2025-09-30 08:26:35.923 | INFO     | agents.servers.serverFedMSE:train_on_clients:54 - Client 14 gets new best val_loss at epoch #148: 0.000499
2025-09-30 08:26:36.172 | INFO     | agents.servers.serverFedMSE:train_on_clients:54 - Client 15 gets new best val_loss at epoch #148: 0.000519
2025-09-30 08:26:36.423 | INFO     | agents.servers.serverFedMSE:train_on_clients:54 - Client 16 gets new best val_loss at epoch #148: 0.000581
2025-09-30 08:26:37.175 | INFO     | agents.servers.serverFedMSE:train_on_clients:76 - 20 clients still training at epoch #148
2025-09-30 08:27:09.412 | INFO     | agents.servers.serverFedMSE:train_on_clients:32 - Training FedMSE model epoch #149
2025-09-30 08:27:09.914 | INFO     | agents.servers.serverFedMSE:train_on_clients:54 - Client 1 gets new best val_loss at epoch #149: 0.000629
2025-09-30 08:27:11.158 | INFO     | agents.servers.serverFedMSE:train_on_clients:54 - Client 6 gets new best val_loss at epoch #149: 0.000501
2025-09-30 08:27:11.407 | INFO     | agents.servers.serverFedMSE:train_on_clients:54 - Client 7 gets new best val_loss at epoch #149: 0.000617
2025-09-30 08:27:12.154 | INFO     | agents.servers.serverFedMSE:train_on_clients:54 - Client 10 gets new best val_loss at epoch #149: 0.000550
2025-09-30 08:27:12.404 | INFO     | agents.servers.serverFedMSE:train_on_clients:54 - Client 11 gets new best val_loss at epoch #149: 0.000477
2025-09-30 08:27:13.894 | INFO     | agents.servers.serverFedMSE:train_on_clients:54 - Client 17 gets new best val_loss at epoch #149: 0.000403
2025-09-30 08:27:14.145 | INFO     | agents.servers.serverFedMSE:train_on_clients:54 - Client 18 gets new best val_loss at epoch #149: 0.000486
2025-09-30 08:27:14.394 | INFO     | agents.servers.serverFedMSE:train_on_clients:76 - 20 clients still training at epoch #149
2025-09-30 08:27:46.700 | INFO     | agents.servers.serverFedMSE:train_on_clients:32 - Training FedMSE model epoch #150
2025-09-30 08:27:46.949 | INFO     | agents.servers.serverFedMSE:train_on_clients:70 - Saved model for client 0 at epoch 150 -> saved_models/FedMSE/FedMSE/wsn_ds/epoch_150_client_0.pt
2025-09-30 08:27:47.200 | INFO     | agents.servers.serverFedMSE:train_on_clients:70 - Saved model for client 1 at epoch 150 -> saved_models/FedMSE/FedMSE/wsn_ds/epoch_150_client_1.pt
2025-09-30 08:27:47.450 | INFO     | agents.servers.serverFedMSE:train_on_clients:54 - Client 2 gets new best val_loss at epoch #150: 0.000484
2025-09-30 08:27:47.451 | INFO     | agents.servers.serverFedMSE:train_on_clients:70 - Saved model for client 2 at epoch 150 -> saved_models/FedMSE/FedMSE/wsn_ds/epoch_150_client_2.pt
2025-09-30 08:27:47.702 | INFO     | agents.servers.serverFedMSE:train_on_clients:54 - Client 3 gets new best val_loss at epoch #150: 0.000533
2025-09-30 08:27:47.703 | INFO     | agents.servers.serverFedMSE:train_on_clients:70 - Saved model for client 3 at epoch 150 -> saved_models/FedMSE/FedMSE/wsn_ds/epoch_150_client_3.pt
2025-09-30 08:27:47.954 | INFO     | agents.servers.serverFedMSE:train_on_clients:70 - Saved model for client 4 at epoch 150 -> saved_models/FedMSE/FedMSE/wsn_ds/epoch_150_client_4.pt
2025-09-30 08:27:48.203 | INFO     | agents.servers.serverFedMSE:train_on_clients:70 - Saved model for client 5 at epoch 150 -> saved_models/FedMSE/FedMSE/wsn_ds/epoch_150_client_5.pt
2025-09-30 08:27:48.453 | INFO     | agents.servers.serverFedMSE:train_on_clients:70 - Saved model for client 6 at epoch 150 -> saved_models/FedMSE/FedMSE/wsn_ds/epoch_150_client_6.pt
2025-09-30 08:27:48.705 | INFO     | agents.servers.serverFedMSE:train_on_clients:70 - Saved model for client 7 at epoch 150 -> saved_models/FedMSE/FedMSE/wsn_ds/epoch_150_client_7.pt
2025-09-30 08:27:48.956 | INFO     | agents.servers.serverFedMSE:train_on_clients:54 - Client 8 gets new best val_loss at epoch #150: 0.000492
2025-09-30 08:27:48.957 | INFO     | agents.servers.serverFedMSE:train_on_clients:70 - Saved model for client 8 at epoch 150 -> saved_models/FedMSE/FedMSE/wsn_ds/epoch_150_client_8.pt
2025-09-30 08:27:49.202 | INFO     | agents.servers.serverFedMSE:train_on_clients:70 - Saved model for client 9 at epoch 150 -> saved_models/FedMSE/FedMSE/wsn_ds/epoch_150_client_9.pt
2025-09-30 08:27:49.450 | INFO     | agents.servers.serverFedMSE:train_on_clients:70 - Saved model for client 10 at epoch 150 -> saved_models/FedMSE/FedMSE/wsn_ds/epoch_150_client_10.pt
2025-09-30 08:27:49.699 | INFO     | agents.servers.serverFedMSE:train_on_clients:70 - Saved model for client 11 at epoch 150 -> saved_models/FedMSE/FedMSE/wsn_ds/epoch_150_client_11.pt
2025-09-30 08:27:49.949 | INFO     | agents.servers.serverFedMSE:train_on_clients:54 - Client 12 gets new best val_loss at epoch #150: 0.000585
2025-09-30 08:27:49.950 | INFO     | agents.servers.serverFedMSE:train_on_clients:70 - Saved model for client 12 at epoch 150 -> saved_models/FedMSE/FedMSE/wsn_ds/epoch_150_client_12.pt
2025-09-30 08:27:50.207 | INFO     | agents.servers.serverFedMSE:train_on_clients:54 - Client 13 gets new best val_loss at epoch #150: 0.000517
2025-09-30 08:27:50.208 | INFO     | agents.servers.serverFedMSE:train_on_clients:70 - Saved model for client 13 at epoch 150 -> saved_models/FedMSE/FedMSE/wsn_ds/epoch_150_client_13.pt
2025-09-30 08:27:50.458 | INFO     | agents.servers.serverFedMSE:train_on_clients:70 - Saved model for client 14 at epoch 150 -> saved_models/FedMSE/FedMSE/wsn_ds/epoch_150_client_14.pt
2025-09-30 08:27:50.712 | INFO     | agents.servers.serverFedMSE:train_on_clients:70 - Saved model for client 15 at epoch 150 -> saved_models/FedMSE/FedMSE/wsn_ds/epoch_150_client_15.pt
2025-09-30 08:27:50.961 | INFO     | agents.servers.serverFedMSE:train_on_clients:70 - Saved model for client 16 at epoch 150 -> saved_models/FedMSE/FedMSE/wsn_ds/epoch_150_client_16.pt
2025-09-30 08:27:51.213 | INFO     | agents.servers.serverFedMSE:train_on_clients:70 - Saved model for client 17 at epoch 150 -> saved_models/FedMSE/FedMSE/wsn_ds/epoch_150_client_17.pt
2025-09-30 08:27:51.462 | INFO     | agents.servers.serverFedMSE:train_on_clients:70 - Saved model for client 18 at epoch 150 -> saved_models/FedMSE/FedMSE/wsn_ds/epoch_150_client_18.pt
2025-09-30 08:27:51.711 | INFO     | agents.servers.serverFedMSE:train_on_clients:54 - Client 19 gets new best val_loss at epoch #150: 0.000583
2025-09-30 08:27:51.712 | INFO     | agents.servers.serverFedMSE:train_on_clients:70 - Saved model for client 19 at epoch 150 -> saved_models/FedMSE/FedMSE/wsn_ds/epoch_150_client_19.pt
2025-09-30 08:27:51.714 | INFO     | agents.servers.serverFedMSE:train_on_clients:76 - 20 clients still training at epoch #150
2025-09-30 08:28:23.973 | INFO     | agents.servers.serverFedMSE:train_on_clients:32 - Training FedMSE model epoch #151
2025-09-30 08:28:24.226 | INFO     | agents.servers.serverFedMSE:train_on_clients:54 - Client 0 gets new best val_loss at epoch #151: 0.000599
2025-09-30 08:28:24.477 | INFO     | agents.servers.serverFedMSE:train_on_clients:54 - Client 1 gets new best val_loss at epoch #151: 0.000599
2025-09-30 08:28:27.961 | INFO     | agents.servers.serverFedMSE:train_on_clients:54 - Client 15 gets new best val_loss at epoch #151: 0.000503
2025-09-30 08:28:28.467 | INFO     | agents.servers.serverFedMSE:train_on_clients:54 - Client 17 gets new best val_loss at epoch #151: 0.000388
2025-09-30 08:28:28.965 | INFO     | agents.servers.serverFedMSE:train_on_clients:54 - Client 19 gets new best val_loss at epoch #151: 0.000528
2025-09-30 08:28:28.966 | INFO     | agents.servers.serverFedMSE:train_on_clients:76 - 20 clients still training at epoch #151
2025-09-30 08:29:01.180 | INFO     | agents.servers.serverFedMSE:train_on_clients:32 - Training FedMSE model epoch #152
2025-09-30 08:29:02.174 | INFO     | agents.servers.serverFedMSE:train_on_clients:54 - Client 3 gets new best val_loss at epoch #152: 0.000517
2025-09-30 08:29:02.425 | INFO     | agents.servers.serverFedMSE:train_on_clients:54 - Client 4 gets new best val_loss at epoch #152: 0.000457
2025-09-30 08:29:02.673 | INFO     | agents.servers.serverFedMSE:train_on_clients:54 - Client 5 gets new best val_loss at epoch #152: 0.000526
2025-09-30 08:29:02.922 | INFO     | agents.servers.serverFedMSE:train_on_clients:54 - Client 6 gets new best val_loss at epoch #152: 0.000466
2025-09-30 08:29:03.173 | INFO     | agents.servers.serverFedMSE:train_on_clients:54 - Client 7 gets new best val_loss at epoch #152: 0.000615
2025-09-30 08:29:04.159 | INFO     | agents.servers.serverFedMSE:train_on_clients:54 - Client 11 gets new best val_loss at epoch #152: 0.000469
2025-09-30 08:29:06.140 | INFO     | agents.servers.serverFedMSE:train_on_clients:76 - 20 clients still training at epoch #152
2025-09-30 08:29:38.500 | INFO     | agents.servers.serverFedMSE:train_on_clients:32 - Training FedMSE model epoch #153
2025-09-30 08:29:40.495 | INFO     | agents.servers.serverFedMSE:train_on_clients:54 - Client 7 gets new best val_loss at epoch #153: 0.000607
2025-09-30 08:29:41.743 | INFO     | agents.servers.serverFedMSE:train_on_clients:54 - Client 12 gets new best val_loss at epoch #153: 0.000561
2025-09-30 08:29:41.991 | INFO     | agents.servers.serverFedMSE:train_on_clients:54 - Client 13 gets new best val_loss at epoch #153: 0.000502
2025-09-30 08:29:42.740 | INFO     | agents.servers.serverFedMSE:train_on_clients:54 - Client 16 gets new best val_loss at epoch #153: 0.000565
2025-09-30 08:29:43.238 | INFO     | agents.servers.serverFedMSE:train_on_clients:54 - Client 18 gets new best val_loss at epoch #153: 0.000454
2025-09-30 08:29:43.488 | INFO     | agents.servers.serverFedMSE:train_on_clients:76 - 20 clients still training at epoch #153
2025-09-30 08:30:15.997 | INFO     | agents.servers.serverFedMSE:train_on_clients:32 - Training FedMSE model epoch #154
2025-09-30 08:30:17.796 | INFO     | agents.servers.serverFedMSE:train_on_clients:54 - Client 6 gets new best val_loss at epoch #154: 0.000450
2025-09-30 08:30:18.542 | INFO     | agents.servers.serverFedMSE:train_on_clients:54 - Client 9 gets new best val_loss at epoch #154: 0.000506
2025-09-30 08:30:19.043 | INFO     | agents.servers.serverFedMSE:train_on_clients:54 - Client 11 gets new best val_loss at epoch #154: 0.000460
2025-09-30 08:30:21.109 | INFO     | agents.servers.serverFedMSE:train_on_clients:76 - 20 clients still training at epoch #154
2025-09-30 08:30:56.542 | INFO     | agents.servers.serverFedMSE:train_on_clients:32 - Training FedMSE model epoch #155
2025-09-30 08:30:56.818 | INFO     | agents.servers.serverFedMSE:train_on_clients:54 - Client 0 gets new best val_loss at epoch #155: 0.000598
2025-09-30 08:30:59.571 | INFO     | agents.servers.serverFedMSE:train_on_clients:54 - Client 10 gets new best val_loss at epoch #155: 0.000549
2025-09-30 08:31:02.125 | INFO     | agents.servers.serverFedMSE:train_on_clients:76 - 20 clients still training at epoch #155
2025-09-30 08:31:39.518 | INFO     | agents.servers.serverFedMSE:train_on_clients:32 - Training FedMSE model epoch #156
2025-09-30 08:31:40.616 | INFO     | agents.servers.serverFedMSE:train_on_clients:54 - Client 3 gets new best val_loss at epoch #156: 0.000511
2025-09-30 08:31:42.257 | INFO     | agents.servers.serverFedMSE:train_on_clients:54 - Client 9 gets new best val_loss at epoch #156: 0.000502
2025-09-30 08:31:43.353 | INFO     | agents.servers.serverFedMSE:train_on_clients:54 - Client 13 gets new best val_loss at epoch #156: 0.000454
2025-09-30 08:31:43.632 | INFO     | agents.servers.serverFedMSE:train_on_clients:54 - Client 14 gets new best val_loss at epoch #156: 0.000491
2025-09-30 08:31:44.183 | INFO     | agents.servers.serverFedMSE:train_on_clients:54 - Client 16 gets new best val_loss at epoch #156: 0.000540
2025-09-30 08:31:44.731 | INFO     | agents.servers.serverFedMSE:train_on_clients:54 - Client 18 gets new best val_loss at epoch #156: 0.000441
2025-09-30 08:31:45.006 | INFO     | agents.servers.serverFedMSE:train_on_clients:76 - 20 clients still training at epoch #156
2025-09-30 08:32:21.460 | INFO     | agents.servers.serverFedMSE:train_on_clients:32 - Training FedMSE model epoch #157
2025-09-30 08:32:24.471 | INFO     | agents.servers.serverFedMSE:train_on_clients:54 - Client 10 gets new best val_loss at epoch #157: 0.000547
2025-09-30 08:32:24.753 | INFO     | agents.servers.serverFedMSE:train_on_clients:54 - Client 11 gets new best val_loss at epoch #157: 0.000443
2025-09-30 08:32:25.857 | INFO     | agents.servers.serverFedMSE:train_on_clients:54 - Client 15 gets new best val_loss at epoch #157: 0.000492
2025-09-30 08:32:26.950 | INFO     | agents.servers.serverFedMSE:train_on_clients:76 - 20 clients still training at epoch #157
2025-09-30 08:33:03.472 | INFO     | agents.servers.serverFedMSE:train_on_clients:32 - Training FedMSE model epoch #158
2025-09-30 08:33:04.293 | INFO     | agents.servers.serverFedMSE:train_on_clients:54 - Client 2 gets new best val_loss at epoch #158: 0.000454
2025-09-30 08:33:05.387 | INFO     | agents.servers.serverFedMSE:train_on_clients:54 - Client 6 gets new best val_loss at epoch #158: 0.000441
2025-09-30 08:33:05.937 | INFO     | agents.servers.serverFedMSE:train_on_clients:54 - Client 8 gets new best val_loss at epoch #158: 0.000484
2025-09-30 08:33:07.577 | INFO     | agents.servers.serverFedMSE:train_on_clients:54 - Client 14 gets new best val_loss at epoch #158: 0.000458
2025-09-30 08:33:08.940 | INFO     | agents.servers.serverFedMSE:train_on_clients:54 - Client 19 gets new best val_loss at epoch #158: 0.000498
2025-09-30 08:33:08.942 | INFO     | agents.servers.serverFedMSE:train_on_clients:76 - 20 clients still training at epoch #158
2025-09-30 08:33:45.560 | INFO     | agents.servers.serverFedMSE:train_on_clients:32 - Training FedMSE model epoch #159
2025-09-30 08:33:50.220 | INFO     | agents.servers.serverFedMSE:train_on_clients:54 - Client 16 gets new best val_loss at epoch #159: 0.000528
2025-09-30 08:33:51.039 | INFO     | agents.servers.serverFedMSE:train_on_clients:76 - 20 clients still training at epoch #159
2025-09-30 08:34:27.536 | INFO     | agents.servers.serverFedMSE:train_on_clients:32 - Training FedMSE model epoch #160
2025-09-30 08:34:27.811 | INFO     | agents.servers.serverFedMSE:train_on_clients:70 - Saved model for client 0 at epoch 160 -> saved_models/FedMSE/FedMSE/wsn_ds/epoch_160_client_0.pt
2025-09-30 08:34:28.085 | INFO     | agents.servers.serverFedMSE:train_on_clients:54 - Client 1 gets new best val_loss at epoch #160: 0.000589
2025-09-30 08:34:28.086 | INFO     | agents.servers.serverFedMSE:train_on_clients:70 - Saved model for client 1 at epoch 160 -> saved_models/FedMSE/FedMSE/wsn_ds/epoch_160_client_1.pt
2025-09-30 08:34:28.362 | INFO     | agents.servers.serverFedMSE:train_on_clients:70 - Saved model for client 2 at epoch 160 -> saved_models/FedMSE/FedMSE/wsn_ds/epoch_160_client_2.pt
2025-09-30 08:34:28.638 | INFO     | agents.servers.serverFedMSE:train_on_clients:70 - Saved model for client 3 at epoch 160 -> saved_models/FedMSE/FedMSE/wsn_ds/epoch_160_client_3.pt
2025-09-30 08:34:28.912 | INFO     | agents.servers.serverFedMSE:train_on_clients:70 - Saved model for client 4 at epoch 160 -> saved_models/FedMSE/FedMSE/wsn_ds/epoch_160_client_4.pt
2025-09-30 08:34:29.184 | INFO     | agents.servers.serverFedMSE:train_on_clients:70 - Saved model for client 5 at epoch 160 -> saved_models/FedMSE/FedMSE/wsn_ds/epoch_160_client_5.pt
2025-09-30 08:34:29.458 | INFO     | agents.servers.serverFedMSE:train_on_clients:70 - Saved model for client 6 at epoch 160 -> saved_models/FedMSE/FedMSE/wsn_ds/epoch_160_client_6.pt
2025-09-30 08:34:29.733 | INFO     | agents.servers.serverFedMSE:train_on_clients:70 - Saved model for client 7 at epoch 160 -> saved_models/FedMSE/FedMSE/wsn_ds/epoch_160_client_7.pt
2025-09-30 08:34:30.009 | INFO     | agents.servers.serverFedMSE:train_on_clients:70 - Saved model for client 8 at epoch 160 -> saved_models/FedMSE/FedMSE/wsn_ds/epoch_160_client_8.pt
2025-09-30 08:34:30.283 | INFO     | agents.servers.serverFedMSE:train_on_clients:70 - Saved model for client 9 at epoch 160 -> saved_models/FedMSE/FedMSE/wsn_ds/epoch_160_client_9.pt
2025-09-30 08:34:30.555 | INFO     | agents.servers.serverFedMSE:train_on_clients:70 - Saved model for client 10 at epoch 160 -> saved_models/FedMSE/FedMSE/wsn_ds/epoch_160_client_10.pt
2025-09-30 08:34:30.830 | INFO     | agents.servers.serverFedMSE:train_on_clients:54 - Client 11 gets new best val_loss at epoch #160: 0.000427
2025-09-30 08:34:30.831 | INFO     | agents.servers.serverFedMSE:train_on_clients:70 - Saved model for client 11 at epoch 160 -> saved_models/FedMSE/FedMSE/wsn_ds/epoch_160_client_11.pt
2025-09-30 08:34:31.106 | INFO     | agents.servers.serverFedMSE:train_on_clients:54 - Client 12 gets new best val_loss at epoch #160: 0.000537
2025-09-30 08:34:31.107 | INFO     | agents.servers.serverFedMSE:train_on_clients:70 - Saved model for client 12 at epoch 160 -> saved_models/FedMSE/FedMSE/wsn_ds/epoch_160_client_12.pt
2025-09-30 08:34:31.379 | INFO     | agents.servers.serverFedMSE:train_on_clients:70 - Saved model for client 13 at epoch 160 -> saved_models/FedMSE/FedMSE/wsn_ds/epoch_160_client_13.pt
2025-09-30 08:34:31.652 | INFO     | agents.servers.serverFedMSE:train_on_clients:70 - Saved model for client 14 at epoch 160 -> saved_models/FedMSE/FedMSE/wsn_ds/epoch_160_client_14.pt
2025-09-30 08:34:31.925 | INFO     | agents.servers.serverFedMSE:train_on_clients:70 - Saved model for client 15 at epoch 160 -> saved_models/FedMSE/FedMSE/wsn_ds/epoch_160_client_15.pt
2025-09-30 08:34:32.201 | INFO     | agents.servers.serverFedMSE:train_on_clients:70 - Saved model for client 16 at epoch 160 -> saved_models/FedMSE/FedMSE/wsn_ds/epoch_160_client_16.pt
2025-09-30 08:34:32.474 | INFO     | agents.servers.serverFedMSE:train_on_clients:70 - Saved model for client 17 at epoch 160 -> saved_models/FedMSE/FedMSE/wsn_ds/epoch_160_client_17.pt
2025-09-30 08:34:32.749 | INFO     | agents.servers.serverFedMSE:train_on_clients:70 - Saved model for client 18 at epoch 160 -> saved_models/FedMSE/FedMSE/wsn_ds/epoch_160_client_18.pt
2025-09-30 08:34:33.023 | INFO     | agents.servers.serverFedMSE:train_on_clients:70 - Saved model for client 19 at epoch 160 -> saved_models/FedMSE/FedMSE/wsn_ds/epoch_160_client_19.pt
2025-09-30 08:34:33.024 | INFO     | agents.servers.serverFedMSE:train_on_clients:76 - 20 clients still training at epoch #160
2025-09-30 08:35:09.543 | INFO     | agents.servers.serverFedMSE:train_on_clients:32 - Training FedMSE model epoch #161
2025-09-30 08:35:10.096 | INFO     | agents.servers.serverFedMSE:train_on_clients:54 - Client 1 gets new best val_loss at epoch #161: 0.000559
2025-09-30 08:35:12.274 | INFO     | agents.servers.serverFedMSE:train_on_clients:54 - Client 9 gets new best val_loss at epoch #161: 0.000482
2025-09-30 08:35:13.091 | INFO     | agents.servers.serverFedMSE:train_on_clients:54 - Client 12 gets new best val_loss at epoch #161: 0.000489
2025-09-30 08:35:14.182 | INFO     | agents.servers.serverFedMSE:train_on_clients:54 - Client 16 gets new best val_loss at epoch #161: 0.000519
2025-09-30 08:35:14.457 | INFO     | agents.servers.serverFedMSE:train_on_clients:54 - Client 17 gets new best val_loss at epoch #161: 0.000323
2025-09-30 08:35:15.003 | INFO     | agents.servers.serverFedMSE:train_on_clients:76 - 20 clients still training at epoch #161
2025-09-30 08:35:51.344 | INFO     | agents.servers.serverFedMSE:train_on_clients:32 - Training FedMSE model epoch #162
2025-09-30 08:35:52.435 | INFO     | agents.servers.serverFedMSE:train_on_clients:54 - Client 3 gets new best val_loss at epoch #162: 0.000486
2025-09-30 08:35:53.538 | INFO     | agents.servers.serverFedMSE:train_on_clients:54 - Client 7 gets new best val_loss at epoch #162: 0.000586
2025-09-30 08:35:54.400 | INFO     | agents.servers.serverFedMSE:train_on_clients:54 - Client 10 gets new best val_loss at epoch #162: 0.000509
2025-09-30 08:35:56.327 | INFO     | agents.servers.serverFedMSE:train_on_clients:54 - Client 17 gets new best val_loss at epoch #162: 0.000322
2025-09-30 08:35:56.871 | INFO     | agents.servers.serverFedMSE:train_on_clients:76 - 20 clients still training at epoch #162
2025-09-30 08:36:33.279 | INFO     | agents.servers.serverFedMSE:train_on_clients:32 - Training FedMSE model epoch #163
2025-09-30 08:36:34.920 | INFO     | agents.servers.serverFedMSE:train_on_clients:54 - Client 5 gets new best val_loss at epoch #163: 0.000516
2025-09-30 08:36:35.742 | INFO     | agents.servers.serverFedMSE:train_on_clients:54 - Client 8 gets new best val_loss at epoch #163: 0.000474
2025-09-30 08:36:38.201 | INFO     | agents.servers.serverFedMSE:train_on_clients:54 - Client 17 gets new best val_loss at epoch #163: 0.000322
2025-09-30 08:36:38.752 | INFO     | agents.servers.serverFedMSE:train_on_clients:54 - Client 19 gets new best val_loss at epoch #163: 0.000455
2025-09-30 08:36:38.753 | INFO     | agents.servers.serverFedMSE:train_on_clients:76 - 20 clients still training at epoch #163
2025-09-30 08:37:15.382 | INFO     | agents.servers.serverFedMSE:train_on_clients:32 - Training FedMSE model epoch #164
2025-09-30 08:37:16.204 | INFO     | agents.servers.serverFedMSE:train_on_clients:54 - Client 2 gets new best val_loss at epoch #164: 0.000451
2025-09-30 08:37:17.844 | INFO     | agents.servers.serverFedMSE:train_on_clients:54 - Client 8 gets new best val_loss at epoch #164: 0.000468
2025-09-30 08:37:18.118 | INFO     | agents.servers.serverFedMSE:train_on_clients:54 - Client 9 gets new best val_loss at epoch #164: 0.000452
2025-09-30 08:37:19.751 | INFO     | agents.servers.serverFedMSE:train_on_clients:54 - Client 15 gets new best val_loss at epoch #164: 0.000466
2025-09-30 08:37:20.297 | INFO     | agents.servers.serverFedMSE:train_on_clients:54 - Client 17 gets new best val_loss at epoch #164: 0.000319
2025-09-30 08:37:20.843 | INFO     | agents.servers.serverFedMSE:train_on_clients:76 - 20 clients still training at epoch #164
2025-09-30 08:37:57.697 | INFO     | agents.servers.serverFedMSE:train_on_clients:32 - Training FedMSE model epoch #165
2025-09-30 08:37:57.972 | INFO     | agents.servers.serverFedMSE:train_on_clients:54 - Client 0 gets new best val_loss at epoch #165: 0.000591
2025-09-30 08:37:59.360 | INFO     | agents.servers.serverFedMSE:train_on_clients:54 - Client 5 gets new best val_loss at epoch #165: 0.000464
2025-09-30 08:37:59.918 | INFO     | agents.servers.serverFedMSE:train_on_clients:54 - Client 7 gets new best val_loss at epoch #165: 0.000541
2025-09-30 08:38:01.836 | INFO     | agents.servers.serverFedMSE:train_on_clients:54 - Client 14 gets new best val_loss at epoch #165: 0.000444
2025-09-30 08:38:02.663 | INFO     | agents.servers.serverFedMSE:train_on_clients:54 - Client 17 gets new best val_loss at epoch #165: 0.000316
2025-09-30 08:38:03.211 | INFO     | agents.servers.serverFedMSE:train_on_clients:54 - Client 19 gets new best val_loss at epoch #165: 0.000454
2025-09-30 08:38:03.213 | INFO     | agents.servers.serverFedMSE:train_on_clients:76 - 20 clients still training at epoch #165
2025-09-30 08:38:39.976 | INFO     | agents.servers.serverFedMSE:train_on_clients:32 - Training FedMSE model epoch #166
2025-09-30 08:38:43.276 | INFO     | agents.servers.serverFedMSE:train_on_clients:54 - Client 11 gets new best val_loss at epoch #166: 0.000410
2025-09-30 08:38:44.927 | INFO     | agents.servers.serverFedMSE:train_on_clients:54 - Client 17 gets new best val_loss at epoch #166: 0.000315
2025-09-30 08:38:45.472 | INFO     | agents.servers.serverFedMSE:train_on_clients:76 - 20 clients still training at epoch #166
2025-09-30 08:39:18.723 | INFO     | agents.servers.serverFedMSE:train_on_clients:32 - Training FedMSE model epoch #167
2025-09-30 08:39:21.717 | INFO     | agents.servers.serverFedMSE:train_on_clients:54 - Client 11 gets new best val_loss at epoch #167: 0.000409
2025-09-30 08:39:23.232 | INFO     | agents.servers.serverFedMSE:train_on_clients:54 - Client 17 gets new best val_loss at epoch #167: 0.000310
2025-09-30 08:39:23.730 | INFO     | agents.servers.serverFedMSE:train_on_clients:76 - 20 clients still training at epoch #167
2025-09-30 08:39:56.662 | INFO     | agents.servers.serverFedMSE:train_on_clients:32 - Training FedMSE model epoch #168
2025-09-30 08:39:57.902 | INFO     | agents.servers.serverFedMSE:train_on_clients:54 - Client 4 gets new best val_loss at epoch #168: 0.000448
2025-09-30 08:39:59.395 | INFO     | agents.servers.serverFedMSE:train_on_clients:54 - Client 10 gets new best val_loss at epoch #168: 0.000497
2025-09-30 08:40:01.634 | INFO     | agents.servers.serverFedMSE:train_on_clients:76 - 20 clients still training at epoch #168
2025-09-30 08:40:35.827 | INFO     | agents.servers.serverFedMSE:train_on_clients:32 - Training FedMSE model epoch #169
2025-09-30 08:40:36.087 | INFO     | agents.servers.serverFedMSE:train_on_clients:54 - Client 0 gets new best val_loss at epoch #169: 0.000558
2025-09-30 08:40:38.884 | INFO     | agents.servers.serverFedMSE:train_on_clients:54 - Client 11 gets new best val_loss at epoch #169: 0.000399
2025-09-30 08:40:40.917 | INFO     | agents.servers.serverFedMSE:train_on_clients:76 - 20 clients still training at epoch #169
2025-09-30 08:41:15.072 | INFO     | agents.servers.serverFedMSE:train_on_clients:32 - Training FedMSE model epoch #170
2025-09-30 08:41:15.326 | INFO     | agents.servers.serverFedMSE:train_on_clients:70 - Saved model for client 0 at epoch 170 -> saved_models/FedMSE/FedMSE/wsn_ds/epoch_170_client_0.pt
2025-09-30 08:41:15.585 | INFO     | agents.servers.serverFedMSE:train_on_clients:70 - Saved model for client 1 at epoch 170 -> saved_models/FedMSE/FedMSE/wsn_ds/epoch_170_client_1.pt
2025-09-30 08:41:15.841 | INFO     | agents.servers.serverFedMSE:train_on_clients:54 - Client 2 gets new best val_loss at epoch #170: 0.000447
2025-09-30 08:41:15.843 | INFO     | agents.servers.serverFedMSE:train_on_clients:70 - Saved model for client 2 at epoch 170 -> saved_models/FedMSE/FedMSE/wsn_ds/epoch_170_client_2.pt
2025-09-30 08:41:16.098 | INFO     | agents.servers.serverFedMSE:train_on_clients:70 - Saved model for client 3 at epoch 170 -> saved_models/FedMSE/FedMSE/wsn_ds/epoch_170_client_3.pt
2025-09-30 08:41:16.355 | INFO     | agents.servers.serverFedMSE:train_on_clients:70 - Saved model for client 4 at epoch 170 -> saved_models/FedMSE/FedMSE/wsn_ds/epoch_170_client_4.pt
2025-09-30 08:41:16.611 | INFO     | agents.servers.serverFedMSE:train_on_clients:70 - Saved model for client 5 at epoch 170 -> saved_models/FedMSE/FedMSE/wsn_ds/epoch_170_client_5.pt
2025-09-30 08:41:16.866 | INFO     | agents.servers.serverFedMSE:train_on_clients:70 - Saved model for client 6 at epoch 170 -> saved_models/FedMSE/FedMSE/wsn_ds/epoch_170_client_6.pt
2025-09-30 08:41:17.123 | INFO     | agents.servers.serverFedMSE:train_on_clients:54 - Client 7 gets new best val_loss at epoch #170: 0.000528
2025-09-30 08:41:17.124 | INFO     | agents.servers.serverFedMSE:train_on_clients:70 - Saved model for client 7 at epoch 170 -> saved_models/FedMSE/FedMSE/wsn_ds/epoch_170_client_7.pt
2025-09-30 08:41:17.381 | INFO     | agents.servers.serverFedMSE:train_on_clients:70 - Saved model for client 8 at epoch 170 -> saved_models/FedMSE/FedMSE/wsn_ds/epoch_170_client_8.pt
2025-09-30 08:41:17.635 | INFO     | agents.servers.serverFedMSE:train_on_clients:70 - Saved model for client 9 at epoch 170 -> saved_models/FedMSE/FedMSE/wsn_ds/epoch_170_client_9.pt
2025-09-30 08:41:17.890 | INFO     | agents.servers.serverFedMSE:train_on_clients:70 - Saved model for client 10 at epoch 170 -> saved_models/FedMSE/FedMSE/wsn_ds/epoch_170_client_10.pt
2025-09-30 08:41:18.147 | INFO     | agents.servers.serverFedMSE:train_on_clients:70 - Saved model for client 11 at epoch 170 -> saved_models/FedMSE/FedMSE/wsn_ds/epoch_170_client_11.pt
2025-09-30 08:41:18.404 | INFO     | agents.servers.serverFedMSE:train_on_clients:70 - Saved model for client 12 at epoch 170 -> saved_models/FedMSE/FedMSE/wsn_ds/epoch_170_client_12.pt
2025-09-30 08:41:18.660 | INFO     | agents.servers.serverFedMSE:train_on_clients:54 - Client 13 gets new best val_loss at epoch #170: 0.000447
2025-09-30 08:41:18.662 | INFO     | agents.servers.serverFedMSE:train_on_clients:70 - Saved model for client 13 at epoch 170 -> saved_models/FedMSE/FedMSE/wsn_ds/epoch_170_client_13.pt
2025-09-30 08:41:18.918 | INFO     | agents.servers.serverFedMSE:train_on_clients:70 - Saved model for client 14 at epoch 170 -> saved_models/FedMSE/FedMSE/wsn_ds/epoch_170_client_14.pt
2025-09-30 08:41:19.173 | INFO     | agents.servers.serverFedMSE:train_on_clients:70 - Saved model for client 15 at epoch 170 -> saved_models/FedMSE/FedMSE/wsn_ds/epoch_170_client_15.pt
2025-09-30 08:41:19.429 | INFO     | agents.servers.serverFedMSE:train_on_clients:70 - Saved model for client 16 at epoch 170 -> saved_models/FedMSE/FedMSE/wsn_ds/epoch_170_client_16.pt
2025-09-30 08:41:19.683 | INFO     | agents.servers.serverFedMSE:train_on_clients:70 - Saved model for client 17 at epoch 170 -> saved_models/FedMSE/FedMSE/wsn_ds/epoch_170_client_17.pt
2025-09-30 08:41:19.938 | INFO     | agents.servers.serverFedMSE:train_on_clients:70 - Saved model for client 18 at epoch 170 -> saved_models/FedMSE/FedMSE/wsn_ds/epoch_170_client_18.pt
2025-09-30 08:41:20.192 | INFO     | agents.servers.serverFedMSE:train_on_clients:70 - Saved model for client 19 at epoch 170 -> saved_models/FedMSE/FedMSE/wsn_ds/epoch_170_client_19.pt
2025-09-30 08:41:20.194 | INFO     | agents.servers.serverFedMSE:train_on_clients:76 - 20 clients still training at epoch #170
2025-09-30 08:41:54.353 | INFO     | agents.servers.serverFedMSE:train_on_clients:32 - Training FedMSE model epoch #171
2025-09-30 08:41:59.439 | INFO     | agents.servers.serverFedMSE:train_on_clients:76 - 20 clients still training at epoch #171
2025-09-30 08:42:33.764 | INFO     | agents.servers.serverFedMSE:train_on_clients:32 - Training FedMSE model epoch #172
2025-09-30 08:42:34.501 | INFO     | agents.servers.serverFedMSE:train_on_clients:54 - Client 2 gets new best val_loss at epoch #172: 0.000424
2025-09-30 08:42:38.832 | INFO     | agents.servers.serverFedMSE:train_on_clients:54 - Client 19 gets new best val_loss at epoch #172: 0.000436
2025-09-30 08:42:38.834 | INFO     | agents.servers.serverFedMSE:train_on_clients:76 - 20 clients still training at epoch #172
2025-09-30 08:43:13.073 | INFO     | agents.servers.serverFedMSE:train_on_clients:32 - Training FedMSE model epoch #173
2025-09-30 08:43:13.848 | INFO     | agents.servers.serverFedMSE:train_on_clients:54 - Client 2 gets new best val_loss at epoch #173: 0.000419
2025-09-30 08:43:14.864 | INFO     | agents.servers.serverFedMSE:train_on_clients:54 - Client 6 gets new best val_loss at epoch #173: 0.000434
2025-09-30 08:43:15.630 | INFO     | agents.servers.serverFedMSE:train_on_clients:54 - Client 9 gets new best val_loss at epoch #173: 0.000450
2025-09-30 08:43:17.415 | INFO     | agents.servers.serverFedMSE:train_on_clients:54 - Client 16 gets new best val_loss at epoch #173: 0.000417
2025-09-30 08:43:18.177 | INFO     | agents.servers.serverFedMSE:train_on_clients:76 - 20 clients still training at epoch #173
2025-09-30 08:43:52.305 | INFO     | agents.servers.serverFedMSE:train_on_clients:32 - Training FedMSE model epoch #174
2025-09-30 08:43:54.602 | INFO     | agents.servers.serverFedMSE:train_on_clients:54 - Client 8 gets new best val_loss at epoch #174: 0.000434
2025-09-30 08:43:56.637 | INFO     | agents.servers.serverFedMSE:train_on_clients:54 - Client 16 gets new best val_loss at epoch #174: 0.000415
2025-09-30 08:43:56.883 | INFO     | agents.servers.serverFedMSE:train_on_clients:54 - Client 17 gets new best val_loss at epoch #174: 0.000304
2025-09-30 08:43:57.403 | INFO     | agents.servers.serverFedMSE:train_on_clients:54 - Client 19 gets new best val_loss at epoch #174: 0.000431
2025-09-30 08:43:57.404 | INFO     | agents.servers.serverFedMSE:train_on_clients:76 - 20 clients still training at epoch #174
2025-09-30 08:44:31.620 | INFO     | agents.servers.serverFedMSE:train_on_clients:32 - Training FedMSE model epoch #175
2025-09-30 08:44:35.947 | INFO     | agents.servers.serverFedMSE:train_on_clients:54 - Client 16 gets new best val_loss at epoch #175: 0.000414
2025-09-30 08:44:36.715 | INFO     | agents.servers.serverFedMSE:train_on_clients:54 - Client 19 gets new best val_loss at epoch #175: 0.000420
2025-09-30 08:44:36.717 | INFO     | agents.servers.serverFedMSE:train_on_clients:76 - 20 clients still training at epoch #175
2025-09-30 08:45:10.808 | INFO     | agents.servers.serverFedMSE:train_on_clients:32 - Training FedMSE model epoch #176
2025-09-30 08:45:15.918 | INFO     | agents.servers.serverFedMSE:train_on_clients:54 - Client 19 gets new best val_loss at epoch #176: 0.000401
2025-09-30 08:45:15.920 | INFO     | agents.servers.serverFedMSE:train_on_clients:76 - 20 clients still training at epoch #176
2025-09-30 08:45:49.942 | INFO     | agents.servers.serverFedMSE:train_on_clients:32 - Training FedMSE model epoch #177
2025-09-30 08:45:50.456 | INFO     | agents.servers.serverFedMSE:train_on_clients:54 - Client 1 gets new best val_loss at epoch #177: 0.000545
2025-09-30 08:45:54.830 | INFO     | agents.servers.serverFedMSE:train_on_clients:54 - Client 18 gets new best val_loss at epoch #177: 0.000441
2025-09-30 08:45:55.086 | INFO     | agents.servers.serverFedMSE:train_on_clients:76 - 20 clients still training at epoch #177
2025-09-30 08:46:28.897 | INFO     | agents.servers.serverFedMSE:train_on_clients:32 - Training FedMSE model epoch #178
2025-09-30 08:46:30.918 | INFO     | agents.servers.serverFedMSE:train_on_clients:54 - Client 7 gets new best val_loss at epoch #178: 0.000515
2025-09-30 08:46:31.425 | INFO     | agents.servers.serverFedMSE:train_on_clients:54 - Client 9 gets new best val_loss at epoch #178: 0.000439
2025-09-30 08:46:33.209 | INFO     | agents.servers.serverFedMSE:train_on_clients:54 - Client 16 gets new best val_loss at epoch #178: 0.000412
2025-09-30 08:46:33.975 | INFO     | agents.servers.serverFedMSE:train_on_clients:76 - 20 clients still training at epoch #178
2025-09-30 08:47:07.788 | INFO     | agents.servers.serverFedMSE:train_on_clients:32 - Training FedMSE model epoch #179
2025-09-30 08:47:08.565 | INFO     | agents.servers.serverFedMSE:train_on_clients:54 - Client 2 gets new best val_loss at epoch #179: 0.000416
2025-09-30 08:47:08.823 | INFO     | agents.servers.serverFedMSE:train_on_clients:54 - Client 3 gets new best val_loss at epoch #179: 0.000436
2025-09-30 08:47:12.948 | INFO     | agents.servers.serverFedMSE:train_on_clients:76 - 20 clients still training at epoch #179
2025-09-30 08:47:45.451 | INFO     | agents.servers.serverFedMSE:train_on_clients:32 - Training FedMSE model epoch #180
2025-09-30 08:47:45.702 | INFO     | agents.servers.serverFedMSE:train_on_clients:70 - Saved model for client 0 at epoch 180 -> saved_models/FedMSE/FedMSE/wsn_ds/epoch_180_client_0.pt
2025-09-30 08:47:45.951 | INFO     | agents.servers.serverFedMSE:train_on_clients:70 - Saved model for client 1 at epoch 180 -> saved_models/FedMSE/FedMSE/wsn_ds/epoch_180_client_1.pt
2025-09-30 08:47:46.199 | INFO     | agents.servers.serverFedMSE:train_on_clients:70 - Saved model for client 2 at epoch 180 -> saved_models/FedMSE/FedMSE/wsn_ds/epoch_180_client_2.pt
2025-09-30 08:47:46.448 | INFO     | agents.servers.serverFedMSE:train_on_clients:70 - Saved model for client 3 at epoch 180 -> saved_models/FedMSE/FedMSE/wsn_ds/epoch_180_client_3.pt
2025-09-30 08:47:46.696 | INFO     | agents.servers.serverFedMSE:train_on_clients:70 - Saved model for client 4 at epoch 180 -> saved_models/FedMSE/FedMSE/wsn_ds/epoch_180_client_4.pt
2025-09-30 08:47:46.944 | INFO     | agents.servers.serverFedMSE:train_on_clients:70 - Saved model for client 5 at epoch 180 -> saved_models/FedMSE/FedMSE/wsn_ds/epoch_180_client_5.pt
2025-09-30 08:47:47.191 | INFO     | agents.servers.serverFedMSE:train_on_clients:70 - Saved model for client 6 at epoch 180 -> saved_models/FedMSE/FedMSE/wsn_ds/epoch_180_client_6.pt
2025-09-30 08:47:47.439 | INFO     | agents.servers.serverFedMSE:train_on_clients:70 - Saved model for client 7 at epoch 180 -> saved_models/FedMSE/FedMSE/wsn_ds/epoch_180_client_7.pt
2025-09-30 08:47:47.687 | INFO     | agents.servers.serverFedMSE:train_on_clients:70 - Saved model for client 8 at epoch 180 -> saved_models/FedMSE/FedMSE/wsn_ds/epoch_180_client_8.pt
2025-09-30 08:47:47.935 | INFO     | agents.servers.serverFedMSE:train_on_clients:70 - Saved model for client 9 at epoch 180 -> saved_models/FedMSE/FedMSE/wsn_ds/epoch_180_client_9.pt
2025-09-30 08:47:48.184 | INFO     | agents.servers.serverFedMSE:train_on_clients:70 - Saved model for client 10 at epoch 180 -> saved_models/FedMSE/FedMSE/wsn_ds/epoch_180_client_10.pt
2025-09-30 08:47:48.432 | INFO     | agents.servers.serverFedMSE:train_on_clients:54 - Client 11 gets new best val_loss at epoch #180: 0.000398
2025-09-30 08:47:48.433 | INFO     | agents.servers.serverFedMSE:train_on_clients:70 - Saved model for client 11 at epoch 180 -> saved_models/FedMSE/FedMSE/wsn_ds/epoch_180_client_11.pt
2025-09-30 08:47:48.683 | INFO     | agents.servers.serverFedMSE:train_on_clients:70 - Saved model for client 12 at epoch 180 -> saved_models/FedMSE/FedMSE/wsn_ds/epoch_180_client_12.pt
2025-09-30 08:47:48.931 | INFO     | agents.servers.serverFedMSE:train_on_clients:70 - Saved model for client 13 at epoch 180 -> saved_models/FedMSE/FedMSE/wsn_ds/epoch_180_client_13.pt
2025-09-30 08:47:49.180 | INFO     | agents.servers.serverFedMSE:train_on_clients:70 - Saved model for client 14 at epoch 180 -> saved_models/FedMSE/FedMSE/wsn_ds/epoch_180_client_14.pt
2025-09-30 08:47:49.427 | INFO     | agents.servers.serverFedMSE:train_on_clients:54 - Client 15 gets new best val_loss at epoch #180: 0.000419
2025-09-30 08:47:49.428 | INFO     | agents.servers.serverFedMSE:train_on_clients:70 - Saved model for client 15 at epoch 180 -> saved_models/FedMSE/FedMSE/wsn_ds/epoch_180_client_15.pt
2025-09-30 08:47:49.678 | INFO     | agents.servers.serverFedMSE:train_on_clients:70 - Saved model for client 16 at epoch 180 -> saved_models/FedMSE/FedMSE/wsn_ds/epoch_180_client_16.pt
2025-09-30 08:47:49.927 | INFO     | agents.servers.serverFedMSE:train_on_clients:70 - Saved model for client 17 at epoch 180 -> saved_models/FedMSE/FedMSE/wsn_ds/epoch_180_client_17.pt
2025-09-30 08:47:50.176 | INFO     | agents.servers.serverFedMSE:train_on_clients:70 - Saved model for client 18 at epoch 180 -> saved_models/FedMSE/FedMSE/wsn_ds/epoch_180_client_18.pt
2025-09-30 08:47:50.424 | INFO     | agents.servers.serverFedMSE:train_on_clients:70 - Saved model for client 19 at epoch 180 -> saved_models/FedMSE/FedMSE/wsn_ds/epoch_180_client_19.pt
2025-09-30 08:47:50.426 | INFO     | agents.servers.serverFedMSE:train_on_clients:76 - 20 clients still training at epoch #180
2025-09-30 08:48:22.805 | INFO     | agents.servers.serverFedMSE:train_on_clients:32 - Training FedMSE model epoch #181
2025-09-30 08:48:24.307 | INFO     | agents.servers.serverFedMSE:train_on_clients:54 - Client 5 gets new best val_loss at epoch #181: 0.000439
2025-09-30 08:48:26.805 | INFO     | agents.servers.serverFedMSE:train_on_clients:54 - Client 15 gets new best val_loss at epoch #181: 0.000412
2025-09-30 08:48:27.799 | INFO     | agents.servers.serverFedMSE:train_on_clients:76 - 20 clients still training at epoch #181
2025-09-30 08:49:00.168 | INFO     | agents.servers.serverFedMSE:train_on_clients:32 - Training FedMSE model epoch #182
2025-09-30 08:49:02.155 | INFO     | agents.servers.serverFedMSE:train_on_clients:54 - Client 7 gets new best val_loss at epoch #182: 0.000496
2025-09-30 08:49:02.896 | INFO     | agents.servers.serverFedMSE:train_on_clients:54 - Client 10 gets new best val_loss at epoch #182: 0.000497
2025-09-30 08:49:05.140 | INFO     | agents.servers.serverFedMSE:train_on_clients:76 - 20 clients still training at epoch #182
2025-09-30 08:49:37.534 | INFO     | agents.servers.serverFedMSE:train_on_clients:32 - Training FedMSE model epoch #183
2025-09-30 08:49:41.329 | INFO     | agents.servers.serverFedMSE:train_on_clients:54 - Client 14 gets new best val_loss at epoch #183: 0.000442
2025-09-30 08:49:41.577 | INFO     | agents.servers.serverFedMSE:train_on_clients:54 - Client 15 gets new best val_loss at epoch #183: 0.000409
2025-09-30 08:49:42.572 | INFO     | agents.servers.serverFedMSE:train_on_clients:76 - 20 clients still training at epoch #183
2025-09-30 08:50:15.026 | INFO     | agents.servers.serverFedMSE:train_on_clients:32 - Training FedMSE model epoch #184
2025-09-30 08:50:15.286 | INFO     | agents.servers.serverFedMSE:train_on_clients:54 - Client 0 gets new best val_loss at epoch #184: 0.000534
2025-09-30 08:50:16.792 | INFO     | agents.servers.serverFedMSE:train_on_clients:54 - Client 6 gets new best val_loss at epoch #184: 0.000415
2025-09-30 08:50:19.896 | INFO     | agents.servers.serverFedMSE:train_on_clients:54 - Client 18 gets new best val_loss at epoch #184: 0.000357
2025-09-30 08:50:20.151 | INFO     | agents.servers.serverFedMSE:train_on_clients:76 - 20 clients still training at epoch #184
2025-09-30 08:50:52.550 | INFO     | agents.servers.serverFedMSE:train_on_clients:32 - Training FedMSE model epoch #185
2025-09-30 08:50:54.770 | INFO     | agents.servers.serverFedMSE:train_on_clients:54 - Client 8 gets new best val_loss at epoch #185: 0.000422
2025-09-30 08:50:55.262 | INFO     | agents.servers.serverFedMSE:train_on_clients:54 - Client 10 gets new best val_loss at epoch #185: 0.000493
2025-09-30 08:50:56.245 | INFO     | agents.servers.serverFedMSE:train_on_clients:54 - Client 14 gets new best val_loss at epoch #185: 0.000430
2025-09-30 08:50:57.474 | INFO     | agents.servers.serverFedMSE:train_on_clients:76 - 20 clients still training at epoch #185
2025-09-30 08:51:29.872 | INFO     | agents.servers.serverFedMSE:train_on_clients:32 - Training FedMSE model epoch #186
2025-09-30 08:51:30.376 | INFO     | agents.servers.serverFedMSE:train_on_clients:54 - Client 1 gets new best val_loss at epoch #186: 0.000536
2025-09-30 08:51:34.864 | INFO     | agents.servers.serverFedMSE:train_on_clients:76 - 20 clients still training at epoch #186
2025-09-30 08:52:07.243 | INFO     | agents.servers.serverFedMSE:train_on_clients:32 - Training FedMSE model epoch #187
2025-09-30 08:52:07.496 | INFO     | agents.servers.serverFedMSE:train_on_clients:54 - Client 0 gets new best val_loss at epoch #187: 0.000527
2025-09-30 08:52:07.745 | INFO     | agents.servers.serverFedMSE:train_on_clients:54 - Client 1 gets new best val_loss at epoch #187: 0.000476
2025-09-30 08:52:09.974 | INFO     | agents.servers.serverFedMSE:train_on_clients:54 - Client 10 gets new best val_loss at epoch #187: 0.000487
2025-09-30 08:52:12.202 | INFO     | agents.servers.serverFedMSE:train_on_clients:76 - 20 clients still training at epoch #187
2025-09-30 08:52:44.585 | INFO     | agents.servers.serverFedMSE:train_on_clients:32 - Training FedMSE model epoch #188
2025-09-30 08:52:44.837 | INFO     | agents.servers.serverFedMSE:train_on_clients:54 - Client 0 gets new best val_loss at epoch #188: 0.000522
2025-09-30 08:52:45.087 | INFO     | agents.servers.serverFedMSE:train_on_clients:54 - Client 1 gets new best val_loss at epoch #188: 0.000474
2025-09-30 08:52:45.334 | INFO     | agents.servers.serverFedMSE:train_on_clients:54 - Client 2 gets new best val_loss at epoch #188: 0.000405
2025-09-30 08:52:47.548 | INFO     | agents.servers.serverFedMSE:train_on_clients:54 - Client 11 gets new best val_loss at epoch #188: 0.000391
2025-09-30 08:52:49.027 | INFO     | agents.servers.serverFedMSE:train_on_clients:54 - Client 17 gets new best val_loss at epoch #188: 0.000303
2025-09-30 08:52:49.274 | INFO     | agents.servers.serverFedMSE:train_on_clients:54 - Client 18 gets new best val_loss at epoch #188: 0.000356
2025-09-30 08:52:49.523 | INFO     | agents.servers.serverFedMSE:train_on_clients:76 - 20 clients still training at epoch #188
2025-09-30 08:53:21.898 | INFO     | agents.servers.serverFedMSE:train_on_clients:32 - Training FedMSE model epoch #189
2025-09-30 08:53:22.397 | INFO     | agents.servers.serverFedMSE:train_on_clients:54 - Client 1 gets new best val_loss at epoch #189: 0.000472
2025-09-30 08:53:25.612 | INFO     | agents.servers.serverFedMSE:train_on_clients:54 - Client 14 gets new best val_loss at epoch #189: 0.000426
2025-09-30 08:53:26.863 | INFO     | agents.servers.serverFedMSE:train_on_clients:76 - 20 clients still training at epoch #189
2025-09-30 08:53:59.290 | INFO     | agents.servers.serverFedMSE:train_on_clients:32 - Training FedMSE model epoch #190
2025-09-30 08:53:59.538 | INFO     | agents.servers.serverFedMSE:train_on_clients:70 - Saved model for client 0 at epoch 190 -> saved_models/FedMSE/FedMSE/wsn_ds/epoch_190_client_0.pt
2025-09-30 08:53:59.786 | INFO     | agents.servers.serverFedMSE:train_on_clients:70 - Saved model for client 1 at epoch 190 -> saved_models/FedMSE/FedMSE/wsn_ds/epoch_190_client_1.pt
2025-09-30 08:54:00.035 | INFO     | agents.servers.serverFedMSE:train_on_clients:70 - Saved model for client 2 at epoch 190 -> saved_models/FedMSE/FedMSE/wsn_ds/epoch_190_client_2.pt
2025-09-30 08:54:00.283 | INFO     | agents.servers.serverFedMSE:train_on_clients:70 - Saved model for client 3 at epoch 190 -> saved_models/FedMSE/FedMSE/wsn_ds/epoch_190_client_3.pt
2025-09-30 08:54:00.531 | INFO     | agents.servers.serverFedMSE:train_on_clients:70 - Saved model for client 4 at epoch 190 -> saved_models/FedMSE/FedMSE/wsn_ds/epoch_190_client_4.pt
2025-09-30 08:54:00.779 | INFO     | agents.servers.serverFedMSE:train_on_clients:70 - Saved model for client 5 at epoch 190 -> saved_models/FedMSE/FedMSE/wsn_ds/epoch_190_client_5.pt
2025-09-30 08:54:01.028 | INFO     | agents.servers.serverFedMSE:train_on_clients:70 - Saved model for client 6 at epoch 190 -> saved_models/FedMSE/FedMSE/wsn_ds/epoch_190_client_6.pt
2025-09-30 08:54:01.275 | INFO     | agents.servers.serverFedMSE:train_on_clients:70 - Saved model for client 7 at epoch 190 -> saved_models/FedMSE/FedMSE/wsn_ds/epoch_190_client_7.pt
2025-09-30 08:54:01.524 | INFO     | agents.servers.serverFedMSE:train_on_clients:70 - Saved model for client 8 at epoch 190 -> saved_models/FedMSE/FedMSE/wsn_ds/epoch_190_client_8.pt
2025-09-30 08:54:01.771 | INFO     | agents.servers.serverFedMSE:train_on_clients:70 - Saved model for client 9 at epoch 190 -> saved_models/FedMSE/FedMSE/wsn_ds/epoch_190_client_9.pt
2025-09-30 08:54:02.019 | INFO     | agents.servers.serverFedMSE:train_on_clients:70 - Saved model for client 10 at epoch 190 -> saved_models/FedMSE/FedMSE/wsn_ds/epoch_190_client_10.pt
2025-09-30 08:54:02.265 | INFO     | agents.servers.serverFedMSE:train_on_clients:70 - Saved model for client 11 at epoch 190 -> saved_models/FedMSE/FedMSE/wsn_ds/epoch_190_client_11.pt
2025-09-30 08:54:02.511 | INFO     | agents.servers.serverFedMSE:train_on_clients:70 - Saved model for client 12 at epoch 190 -> saved_models/FedMSE/FedMSE/wsn_ds/epoch_190_client_12.pt
2025-09-30 08:54:02.760 | INFO     | agents.servers.serverFedMSE:train_on_clients:70 - Saved model for client 13 at epoch 190 -> saved_models/FedMSE/FedMSE/wsn_ds/epoch_190_client_13.pt
2025-09-30 08:54:03.007 | INFO     | agents.servers.serverFedMSE:train_on_clients:70 - Saved model for client 14 at epoch 190 -> saved_models/FedMSE/FedMSE/wsn_ds/epoch_190_client_14.pt
2025-09-30 08:54:03.255 | INFO     | agents.servers.serverFedMSE:train_on_clients:70 - Saved model for client 15 at epoch 190 -> saved_models/FedMSE/FedMSE/wsn_ds/epoch_190_client_15.pt
2025-09-30 08:54:03.502 | INFO     | agents.servers.serverFedMSE:train_on_clients:70 - Saved model for client 16 at epoch 190 -> saved_models/FedMSE/FedMSE/wsn_ds/epoch_190_client_16.pt
2025-09-30 08:54:03.751 | INFO     | agents.servers.serverFedMSE:train_on_clients:70 - Saved model for client 17 at epoch 190 -> saved_models/FedMSE/FedMSE/wsn_ds/epoch_190_client_17.pt
2025-09-30 08:54:03.998 | INFO     | agents.servers.serverFedMSE:train_on_clients:70 - Saved model for client 18 at epoch 190 -> saved_models/FedMSE/FedMSE/wsn_ds/epoch_190_client_18.pt
2025-09-30 08:54:04.247 | INFO     | agents.servers.serverFedMSE:train_on_clients:70 - Saved model for client 19 at epoch 190 -> saved_models/FedMSE/FedMSE/wsn_ds/epoch_190_client_19.pt
2025-09-30 08:54:04.249 | INFO     | agents.servers.serverFedMSE:train_on_clients:76 - 20 clients still training at epoch #190
2025-09-30 08:54:36.530 | INFO     | agents.servers.serverFedMSE:train_on_clients:32 - Training FedMSE model epoch #191
2025-09-30 08:54:37.028 | INFO     | agents.servers.serverFedMSE:train_on_clients:54 - Client 1 gets new best val_loss at epoch #191: 0.000471
2025-09-30 08:54:41.506 | INFO     | agents.servers.serverFedMSE:train_on_clients:76 - 20 clients still training at epoch #191
2025-09-30 08:55:13.788 | INFO     | agents.servers.serverFedMSE:train_on_clients:32 - Training FedMSE model epoch #192
2025-09-30 08:55:14.285 | INFO     | agents.servers.serverFedMSE:train_on_clients:54 - Client 1 gets new best val_loss at epoch #192: 0.000470
2025-09-30 08:55:15.020 | INFO     | agents.servers.serverFedMSE:train_on_clients:54 - Client 4 gets new best val_loss at epoch #192: 0.000436
2025-09-30 08:55:18.735 | INFO     | agents.servers.serverFedMSE:train_on_clients:76 - 20 clients still training at epoch #192
2025-09-30 08:55:50.953 | INFO     | agents.servers.serverFedMSE:train_on_clients:32 - Training FedMSE model epoch #193
2025-09-30 08:55:55.989 | INFO     | agents.servers.serverFedMSE:train_on_clients:76 - 20 clients still training at epoch #193
2025-09-30 08:56:28.382 | INFO     | agents.servers.serverFedMSE:train_on_clients:32 - Training FedMSE model epoch #194
2025-09-30 08:56:30.597 | INFO     | agents.servers.serverFedMSE:train_on_clients:54 - Client 8 gets new best val_loss at epoch #194: 0.000388
2025-09-30 08:56:32.067 | INFO     | agents.servers.serverFedMSE:train_on_clients:54 - Client 14 gets new best val_loss at epoch #194: 0.000367
2025-09-30 08:56:33.292 | INFO     | agents.servers.serverFedMSE:train_on_clients:76 - 20 clients still training at epoch #194
2025-09-30 08:57:05.489 | INFO     | agents.servers.serverFedMSE:train_on_clients:32 - Training FedMSE model epoch #195
2025-09-30 08:57:07.717 | INFO     | agents.servers.serverFedMSE:train_on_clients:54 - Client 8 gets new best val_loss at epoch #195: 0.000382
2025-09-30 08:57:09.200 | INFO     | agents.servers.serverFedMSE:train_on_clients:54 - Client 14 gets new best val_loss at epoch #195: 0.000364
2025-09-30 08:57:10.437 | INFO     | agents.servers.serverFedMSE:train_on_clients:76 - 20 clients still training at epoch #195
2025-09-30 08:57:42.705 | INFO     | agents.servers.serverFedMSE:train_on_clients:32 - Training FedMSE model epoch #196
2025-09-30 08:57:45.958 | INFO     | agents.servers.serverFedMSE:train_on_clients:54 - Client 12 gets new best val_loss at epoch #196: 0.000489
2025-09-30 08:57:46.213 | INFO     | agents.servers.serverFedMSE:train_on_clients:54 - Client 13 gets new best val_loss at epoch #196: 0.000416
2025-09-30 08:57:47.711 | INFO     | agents.servers.serverFedMSE:train_on_clients:76 - 20 clients still training at epoch #196
2025-09-30 08:58:20.039 | INFO     | agents.servers.serverFedMSE:train_on_clients:32 - Training FedMSE model epoch #197
2025-09-30 08:58:21.300 | INFO     | agents.servers.serverFedMSE:train_on_clients:54 - Client 4 gets new best val_loss at epoch #197: 0.000402
2025-09-30 08:58:21.801 | INFO     | agents.servers.serverFedMSE:train_on_clients:54 - Client 6 gets new best val_loss at epoch #197: 0.000413
2025-09-30 08:58:22.552 | INFO     | agents.servers.serverFedMSE:train_on_clients:54 - Client 9 gets new best val_loss at epoch #197: 0.000432
2025-09-30 08:58:25.072 | INFO     | agents.servers.serverFedMSE:train_on_clients:76 - 20 clients still training at epoch #197
2025-09-30 08:58:40.306 | INFO     | agents.servers.serverFedMSE:train_on_clients:32 - Training FedMSE model epoch #198
2025-09-30 08:58:40.788 | INFO     | agents.servers.serverFedMSE:train_on_clients:54 - Client 1 gets new best val_loss at epoch #198: 0.000468
2025-09-30 08:58:41.514 | INFO     | agents.servers.serverFedMSE:train_on_clients:54 - Client 4 gets new best val_loss at epoch #198: 0.000394
2025-09-30 08:58:42.468 | INFO     | agents.servers.serverFedMSE:train_on_clients:54 - Client 8 gets new best val_loss at epoch #198: 0.000379
2025-09-30 08:58:45.035 | INFO     | agents.servers.serverFedMSE:train_on_clients:76 - 20 clients still training at epoch #198
2025-09-30 08:58:59.748 | INFO     | agents.servers.serverFedMSE:train_on_clients:32 - Training FedMSE model epoch #199
2025-09-30 08:59:00.231 | INFO     | agents.servers.serverFedMSE:train_on_clients:54 - Client 1 gets new best val_loss at epoch #199: 0.000467
2025-09-30 08:59:01.652 | INFO     | agents.servers.serverFedMSE:train_on_clients:54 - Client 7 gets new best val_loss at epoch #199: 0.000496
2025-09-30 08:59:01.884 | INFO     | agents.servers.serverFedMSE:train_on_clients:54 - Client 8 gets new best val_loss at epoch #199: 0.000377
2025-09-30 08:59:04.450 | INFO     | agents.servers.serverFedMSE:train_on_clients:76 - 20 clients still training at epoch #199
2025-09-30 08:59:19.184 | INFO     | agents.servers.serverFedMSE:train_on_clients:32 - Training FedMSE model epoch #200
2025-09-30 08:59:19.429 | INFO     | agents.servers.serverFedMSE:train_on_clients:70 - Saved model for client 0 at epoch 200 -> saved_models/FedMSE/FedMSE/wsn_ds/epoch_200_client_0.pt
2025-09-30 08:59:19.666 | INFO     | agents.servers.serverFedMSE:train_on_clients:70 - Saved model for client 1 at epoch 200 -> saved_models/FedMSE/FedMSE/wsn_ds/epoch_200_client_1.pt
2025-09-30 08:59:19.915 | INFO     | agents.servers.serverFedMSE:train_on_clients:70 - Saved model for client 2 at epoch 200 -> saved_models/FedMSE/FedMSE/wsn_ds/epoch_200_client_2.pt
2025-09-30 08:59:20.159 | INFO     | agents.servers.serverFedMSE:train_on_clients:70 - Saved model for client 3 at epoch 200 -> saved_models/FedMSE/FedMSE/wsn_ds/epoch_200_client_3.pt
2025-09-30 08:59:20.400 | INFO     | agents.servers.serverFedMSE:train_on_clients:70 - Saved model for client 4 at epoch 200 -> saved_models/FedMSE/FedMSE/wsn_ds/epoch_200_client_4.pt
2025-09-30 08:59:20.640 | INFO     | agents.servers.serverFedMSE:train_on_clients:70 - Saved model for client 5 at epoch 200 -> saved_models/FedMSE/FedMSE/wsn_ds/epoch_200_client_5.pt
2025-09-30 08:59:20.876 | INFO     | agents.servers.serverFedMSE:train_on_clients:70 - Saved model for client 6 at epoch 200 -> saved_models/FedMSE/FedMSE/wsn_ds/epoch_200_client_6.pt
2025-09-30 08:59:21.116 | INFO     | agents.servers.serverFedMSE:train_on_clients:70 - Saved model for client 7 at epoch 200 -> saved_models/FedMSE/FedMSE/wsn_ds/epoch_200_client_7.pt
2025-09-30 08:59:21.354 | INFO     | agents.servers.serverFedMSE:train_on_clients:54 - Client 8 gets new best val_loss at epoch #200: 0.000377
2025-09-30 08:59:21.355 | INFO     | agents.servers.serverFedMSE:train_on_clients:70 - Saved model for client 8 at epoch 200 -> saved_models/FedMSE/FedMSE/wsn_ds/epoch_200_client_8.pt
2025-09-30 08:59:21.599 | INFO     | agents.servers.serverFedMSE:train_on_clients:70 - Saved model for client 9 at epoch 200 -> saved_models/FedMSE/FedMSE/wsn_ds/epoch_200_client_9.pt
2025-09-30 08:59:21.842 | INFO     | agents.servers.serverFedMSE:train_on_clients:70 - Saved model for client 10 at epoch 200 -> saved_models/FedMSE/FedMSE/wsn_ds/epoch_200_client_10.pt
2025-09-30 08:59:22.085 | INFO     | agents.servers.serverFedMSE:train_on_clients:70 - Saved model for client 11 at epoch 200 -> saved_models/FedMSE/FedMSE/wsn_ds/epoch_200_client_11.pt
2025-09-30 08:59:22.325 | INFO     | agents.servers.serverFedMSE:train_on_clients:70 - Saved model for client 12 at epoch 200 -> saved_models/FedMSE/FedMSE/wsn_ds/epoch_200_client_12.pt
2025-09-30 08:59:22.560 | INFO     | agents.servers.serverFedMSE:train_on_clients:70 - Saved model for client 13 at epoch 200 -> saved_models/FedMSE/FedMSE/wsn_ds/epoch_200_client_13.pt
2025-09-30 08:59:22.794 | INFO     | agents.servers.serverFedMSE:train_on_clients:70 - Saved model for client 14 at epoch 200 -> saved_models/FedMSE/FedMSE/wsn_ds/epoch_200_client_14.pt
2025-09-30 08:59:23.028 | INFO     | agents.servers.serverFedMSE:train_on_clients:70 - Saved model for client 15 at epoch 200 -> saved_models/FedMSE/FedMSE/wsn_ds/epoch_200_client_15.pt
2025-09-30 08:59:23.262 | INFO     | agents.servers.serverFedMSE:train_on_clients:70 - Saved model for client 16 at epoch 200 -> saved_models/FedMSE/FedMSE/wsn_ds/epoch_200_client_16.pt
2025-09-30 08:59:23.499 | INFO     | agents.servers.serverFedMSE:train_on_clients:70 - Saved model for client 17 at epoch 200 -> saved_models/FedMSE/FedMSE/wsn_ds/epoch_200_client_17.pt
2025-09-30 08:59:23.730 | INFO     | agents.servers.serverFedMSE:train_on_clients:70 - Saved model for client 18 at epoch 200 -> saved_models/FedMSE/FedMSE/wsn_ds/epoch_200_client_18.pt
2025-09-30 08:59:23.967 | INFO     | agents.servers.serverFedMSE:train_on_clients:70 - Saved model for client 19 at epoch 200 -> saved_models/FedMSE/FedMSE/wsn_ds/epoch_200_client_19.pt
2025-09-30 08:59:23.969 | INFO     | agents.servers.serverFedMSE:train_on_clients:76 - 20 clients still training at epoch #200
2025-09-30 08:59:38.738 | INFO     | agents.servers.serverFedMSE:train_on_clients:32 - Training FedMSE model epoch #201
2025-09-30 08:59:39.207 | INFO     | agents.servers.serverFedMSE:train_on_clients:54 - Client 1 gets new best val_loss at epoch #201: 0.000466
2025-09-30 08:59:43.407 | INFO     | agents.servers.serverFedMSE:train_on_clients:76 - 20 clients still training at epoch #201
2025-09-30 08:59:57.273 | INFO     | agents.servers.serverFedMSE:train_on_clients:32 - Training FedMSE model epoch #202
2025-09-30 08:59:58.433 | INFO     | agents.servers.serverFedMSE:train_on_clients:54 - Client 4 gets new best val_loss at epoch #202: 0.000390
2025-09-30 08:59:59.595 | INFO     | agents.servers.serverFedMSE:train_on_clients:54 - Client 9 gets new best val_loss at epoch #202: 0.000426
2025-09-30 09:00:01.955 | INFO     | agents.servers.serverFedMSE:train_on_clients:76 - 20 clients still training at epoch #202
2025-09-30 09:00:16.633 | INFO     | agents.servers.serverFedMSE:train_on_clients:32 - Training FedMSE model epoch #203
2025-09-30 09:00:17.121 | INFO     | agents.servers.serverFedMSE:train_on_clients:54 - Client 1 gets new best val_loss at epoch #203: 0.000465
2025-09-30 09:00:21.301 | INFO     | agents.servers.serverFedMSE:train_on_clients:76 - 20 clients still training at epoch #203
2025-09-30 09:00:35.546 | INFO     | agents.servers.serverFedMSE:train_on_clients:32 - Training FedMSE model epoch #204
2025-09-30 09:00:36.014 | INFO     | agents.servers.serverFedMSE:train_on_clients:54 - Client 1 gets new best val_loss at epoch #204: 0.000464
2025-09-30 09:00:38.093 | INFO     | agents.servers.serverFedMSE:train_on_clients:54 - Client 10 gets new best val_loss at epoch #204: 0.000479
2025-09-30 09:00:38.566 | INFO     | agents.servers.serverFedMSE:train_on_clients:54 - Client 12 gets new best val_loss at epoch #204: 0.000487
2025-09-30 09:00:40.222 | INFO     | agents.servers.serverFedMSE:train_on_clients:76 - 20 clients still training at epoch #204
2025-09-30 09:00:55.055 | INFO     | agents.servers.serverFedMSE:train_on_clients:32 - Training FedMSE model epoch #205
2025-09-30 09:00:59.784 | INFO     | agents.servers.serverFedMSE:train_on_clients:76 - 20 clients still training at epoch #205
2025-09-30 09:01:13.927 | INFO     | agents.servers.serverFedMSE:train_on_clients:32 - Training FedMSE model epoch #206
2025-09-30 09:01:15.778 | INFO     | agents.servers.serverFedMSE:train_on_clients:54 - Client 7 gets new best val_loss at epoch #206: 0.000494
2025-09-30 09:01:18.553 | INFO     | agents.servers.serverFedMSE:train_on_clients:76 - 20 clients still training at epoch #206
2025-09-30 09:01:32.673 | INFO     | agents.servers.serverFedMSE:train_on_clients:32 - Training FedMSE model epoch #207
2025-09-30 09:01:35.913 | INFO     | agents.servers.serverFedMSE:train_on_clients:54 - Client 13 gets new best val_loss at epoch #207: 0.000358
2025-09-30 09:01:37.310 | INFO     | agents.servers.serverFedMSE:train_on_clients:76 - 20 clients still training at epoch #207
2025-09-30 09:01:51.208 | INFO     | agents.servers.serverFedMSE:train_on_clients:32 - Training FedMSE model epoch #208
2025-09-30 09:01:52.836 | INFO     | agents.servers.serverFedMSE:train_on_clients:54 - Client 6 gets new best val_loss at epoch #208: 0.000366
2025-09-30 09:01:53.763 | INFO     | agents.servers.serverFedMSE:train_on_clients:54 - Client 10 gets new best val_loss at epoch #208: 0.000430
2025-09-30 09:01:54.228 | INFO     | agents.servers.serverFedMSE:train_on_clients:54 - Client 12 gets new best val_loss at epoch #208: 0.000485
2025-09-30 09:01:55.849 | INFO     | agents.servers.serverFedMSE:train_on_clients:76 - 20 clients still training at epoch #208
2025-09-30 09:02:09.798 | INFO     | agents.servers.serverFedMSE:train_on_clients:32 - Training FedMSE model epoch #209
2025-09-30 09:02:11.560 | INFO     | agents.servers.serverFedMSE:train_on_clients:54 - Client 7 gets new best val_loss at epoch #209: 0.000407
2025-09-30 09:02:12.240 | INFO     | agents.servers.serverFedMSE:train_on_clients:54 - Client 10 gets new best val_loss at epoch #209: 0.000425
2025-09-30 09:02:14.259 | INFO     | agents.servers.serverFedMSE:train_on_clients:76 - 20 clients still training at epoch #209
2025-09-30 09:02:28.107 | INFO     | agents.servers.serverFedMSE:train_on_clients:32 - Training FedMSE model epoch #210
2025-09-30 09:02:28.339 | INFO     | agents.servers.serverFedMSE:train_on_clients:70 - Saved model for client 0 at epoch 210 -> saved_models/FedMSE/FedMSE/wsn_ds/epoch_210_client_0.pt
2025-09-30 09:02:28.571 | INFO     | agents.servers.serverFedMSE:train_on_clients:70 - Saved model for client 1 at epoch 210 -> saved_models/FedMSE/FedMSE/wsn_ds/epoch_210_client_1.pt
2025-09-30 09:02:28.807 | INFO     | agents.servers.serverFedMSE:train_on_clients:70 - Saved model for client 2 at epoch 210 -> saved_models/FedMSE/FedMSE/wsn_ds/epoch_210_client_2.pt
2025-09-30 09:02:29.070 | INFO     | agents.servers.serverFedMSE:train_on_clients:70 - Saved model for client 3 at epoch 210 -> saved_models/FedMSE/FedMSE/wsn_ds/epoch_210_client_3.pt
2025-09-30 09:02:29.302 | INFO     | agents.servers.serverFedMSE:train_on_clients:70 - Saved model for client 4 at epoch 210 -> saved_models/FedMSE/FedMSE/wsn_ds/epoch_210_client_4.pt
2025-09-30 09:02:29.543 | INFO     | agents.servers.serverFedMSE:train_on_clients:70 - Saved model for client 5 at epoch 210 -> saved_models/FedMSE/FedMSE/wsn_ds/epoch_210_client_5.pt
2025-09-30 09:02:29.774 | INFO     | agents.servers.serverFedMSE:train_on_clients:70 - Saved model for client 6 at epoch 210 -> saved_models/FedMSE/FedMSE/wsn_ds/epoch_210_client_6.pt
2025-09-30 09:02:30.006 | INFO     | agents.servers.serverFedMSE:train_on_clients:54 - Client 7 gets new best val_loss at epoch #210: 0.000406
2025-09-30 09:02:30.008 | INFO     | agents.servers.serverFedMSE:train_on_clients:70 - Saved model for client 7 at epoch 210 -> saved_models/FedMSE/FedMSE/wsn_ds/epoch_210_client_7.pt
2025-09-30 09:02:30.239 | INFO     | agents.servers.serverFedMSE:train_on_clients:70 - Saved model for client 8 at epoch 210 -> saved_models/FedMSE/FedMSE/wsn_ds/epoch_210_client_8.pt
2025-09-30 09:02:30.467 | INFO     | agents.servers.serverFedMSE:train_on_clients:70 - Saved model for client 9 at epoch 210 -> saved_models/FedMSE/FedMSE/wsn_ds/epoch_210_client_9.pt
2025-09-30 09:02:30.698 | INFO     | agents.servers.serverFedMSE:train_on_clients:54 - Client 10 gets new best val_loss at epoch #210: 0.000425
2025-09-30 09:02:30.699 | INFO     | agents.servers.serverFedMSE:train_on_clients:70 - Saved model for client 10 at epoch 210 -> saved_models/FedMSE/FedMSE/wsn_ds/epoch_210_client_10.pt
2025-09-30 09:02:30.930 | INFO     | agents.servers.serverFedMSE:train_on_clients:70 - Saved model for client 11 at epoch 210 -> saved_models/FedMSE/FedMSE/wsn_ds/epoch_210_client_11.pt
2025-09-30 09:02:31.160 | INFO     | agents.servers.serverFedMSE:train_on_clients:70 - Saved model for client 12 at epoch 210 -> saved_models/FedMSE/FedMSE/wsn_ds/epoch_210_client_12.pt
2025-09-30 09:02:31.391 | INFO     | agents.servers.serverFedMSE:train_on_clients:70 - Saved model for client 13 at epoch 210 -> saved_models/FedMSE/FedMSE/wsn_ds/epoch_210_client_13.pt
2025-09-30 09:02:31.620 | INFO     | agents.servers.serverFedMSE:train_on_clients:70 - Saved model for client 14 at epoch 210 -> saved_models/FedMSE/FedMSE/wsn_ds/epoch_210_client_14.pt
2025-09-30 09:02:31.851 | INFO     | agents.servers.serverFedMSE:train_on_clients:70 - Saved model for client 15 at epoch 210 -> saved_models/FedMSE/FedMSE/wsn_ds/epoch_210_client_15.pt
2025-09-30 09:02:32.086 | INFO     | agents.servers.serverFedMSE:train_on_clients:70 - Saved model for client 16 at epoch 210 -> saved_models/FedMSE/FedMSE/wsn_ds/epoch_210_client_16.pt
2025-09-30 09:02:32.320 | INFO     | agents.servers.serverFedMSE:train_on_clients:70 - Saved model for client 17 at epoch 210 -> saved_models/FedMSE/FedMSE/wsn_ds/epoch_210_client_17.pt
2025-09-30 09:02:32.551 | INFO     | agents.servers.serverFedMSE:train_on_clients:70 - Saved model for client 18 at epoch 210 -> saved_models/FedMSE/FedMSE/wsn_ds/epoch_210_client_18.pt
2025-09-30 09:02:32.783 | INFO     | agents.servers.serverFedMSE:train_on_clients:70 - Saved model for client 19 at epoch 210 -> saved_models/FedMSE/FedMSE/wsn_ds/epoch_210_client_19.pt
2025-09-30 09:02:32.785 | INFO     | agents.servers.serverFedMSE:train_on_clients:76 - 20 clients still training at epoch #210
2025-09-30 09:02:46.534 | INFO     | agents.servers.serverFedMSE:train_on_clients:32 - Training FedMSE model epoch #211
2025-09-30 09:02:51.179 | INFO     | agents.servers.serverFedMSE:train_on_clients:76 - 20 clients still training at epoch #211
2025-09-30 09:03:04.889 | INFO     | agents.servers.serverFedMSE:train_on_clients:32 - Training FedMSE model epoch #212
2025-09-30 09:03:06.270 | INFO     | agents.servers.serverFedMSE:train_on_clients:54 - Client 5 gets new best val_loss at epoch #212: 0.000432
2025-09-30 09:03:06.734 | INFO     | agents.servers.serverFedMSE:train_on_clients:54 - Client 7 gets new best val_loss at epoch #212: 0.000406
2025-09-30 09:03:09.496 | INFO     | agents.servers.serverFedMSE:train_on_clients:76 - 20 clients still training at epoch #212
2025-09-30 09:03:23.306 | INFO     | agents.servers.serverFedMSE:train_on_clients:32 - Training FedMSE model epoch #213
2025-09-30 09:03:24.001 | INFO     | agents.servers.serverFedMSE:train_on_clients:54 - Client 2 gets new best val_loss at epoch #213: 0.000404
2025-09-30 09:03:25.152 | INFO     | agents.servers.serverFedMSE:train_on_clients:54 - Client 7 gets new best val_loss at epoch #213: 0.000405
2025-09-30 09:03:27.915 | INFO     | agents.servers.serverFedMSE:train_on_clients:76 - 20 clients still training at epoch #213
2025-09-30 09:03:42.045 | INFO     | agents.servers.serverFedMSE:train_on_clients:32 - Training FedMSE model epoch #214
2025-09-30 09:03:46.724 | INFO     | agents.servers.serverFedMSE:train_on_clients:76 - 20 clients still training at epoch #214
2025-09-30 09:04:00.783 | INFO     | agents.servers.serverFedMSE:train_on_clients:32 - Training FedMSE model epoch #215
2025-09-30 09:04:03.128 | INFO     | agents.servers.serverFedMSE:train_on_clients:54 - Client 9 gets new best val_loss at epoch #215: 0.000356
2025-09-30 09:04:03.364 | INFO     | agents.servers.serverFedMSE:train_on_clients:54 - Client 10 gets new best val_loss at epoch #215: 0.000422
2025-09-30 09:04:05.499 | INFO     | agents.servers.serverFedMSE:train_on_clients:76 - 20 clients still training at epoch #215
2025-09-30 09:04:19.396 | INFO     | agents.servers.serverFedMSE:train_on_clients:32 - Training FedMSE model epoch #216
2025-09-30 09:04:24.057 | INFO     | agents.servers.serverFedMSE:train_on_clients:76 - 20 clients still training at epoch #216
2025-09-30 09:04:37.949 | INFO     | agents.servers.serverFedMSE:train_on_clients:32 - Training FedMSE model epoch #217
2025-09-30 09:04:38.192 | INFO     | agents.servers.serverFedMSE:train_on_clients:54 - Client 0 gets new best val_loss at epoch #217: 0.000522
2025-09-30 09:04:40.554 | INFO     | agents.servers.serverFedMSE:train_on_clients:54 - Client 10 gets new best val_loss at epoch #217: 0.000421
2025-09-30 09:04:42.604 | INFO     | agents.servers.serverFedMSE:train_on_clients:76 - 20 clients still training at epoch #217
2025-09-30 09:04:56.525 | INFO     | agents.servers.serverFedMSE:train_on_clients:32 - Training FedMSE model epoch #218
2025-09-30 09:04:57.848 | INFO     | agents.servers.serverFedMSE:train_on_clients:54 - Client 5 gets new best val_loss at epoch #218: 0.000373
2025-09-30 09:04:58.926 | INFO     | agents.servers.serverFedMSE:train_on_clients:54 - Client 10 gets new best val_loss at epoch #218: 0.000420
2025-09-30 09:05:00.893 | INFO     | agents.servers.serverFedMSE:train_on_clients:76 - 20 clients still training at epoch #218
2025-09-30 09:05:14.864 | INFO     | agents.servers.serverFedMSE:train_on_clients:32 - Training FedMSE model epoch #219
2025-09-30 09:05:16.197 | INFO     | agents.servers.serverFedMSE:train_on_clients:54 - Client 5 gets new best val_loss at epoch #219: 0.000367
2025-09-30 09:05:19.260 | INFO     | agents.servers.serverFedMSE:train_on_clients:76 - 20 clients still training at epoch #219
2025-09-30 09:05:33.344 | INFO     | agents.servers.serverFedMSE:train_on_clients:32 - Training FedMSE model epoch #220
2025-09-30 09:05:33.561 | INFO     | agents.servers.serverFedMSE:train_on_clients:70 - Saved model for client 0 at epoch 220 -> saved_models/FedMSE/FedMSE/wsn_ds/epoch_220_client_0.pt
2025-09-30 09:05:33.779 | INFO     | agents.servers.serverFedMSE:train_on_clients:70 - Saved model for client 1 at epoch 220 -> saved_models/FedMSE/FedMSE/wsn_ds/epoch_220_client_1.pt
2025-09-30 09:05:33.997 | INFO     | agents.servers.serverFedMSE:train_on_clients:70 - Saved model for client 2 at epoch 220 -> saved_models/FedMSE/FedMSE/wsn_ds/epoch_220_client_2.pt
2025-09-30 09:05:34.213 | INFO     | agents.servers.serverFedMSE:train_on_clients:70 - Saved model for client 3 at epoch 220 -> saved_models/FedMSE/FedMSE/wsn_ds/epoch_220_client_3.pt
2025-09-30 09:05:34.429 | INFO     | agents.servers.serverFedMSE:train_on_clients:70 - Saved model for client 4 at epoch 220 -> saved_models/FedMSE/FedMSE/wsn_ds/epoch_220_client_4.pt
2025-09-30 09:05:34.647 | INFO     | agents.servers.serverFedMSE:train_on_clients:54 - Client 5 gets new best val_loss at epoch #220: 0.000365
2025-09-30 09:05:34.648 | INFO     | agents.servers.serverFedMSE:train_on_clients:70 - Saved model for client 5 at epoch 220 -> saved_models/FedMSE/FedMSE/wsn_ds/epoch_220_client_5.pt
2025-09-30 09:05:34.864 | INFO     | agents.servers.serverFedMSE:train_on_clients:70 - Saved model for client 6 at epoch 220 -> saved_models/FedMSE/FedMSE/wsn_ds/epoch_220_client_6.pt
2025-09-30 09:05:35.081 | INFO     | agents.servers.serverFedMSE:train_on_clients:70 - Saved model for client 7 at epoch 220 -> saved_models/FedMSE/FedMSE/wsn_ds/epoch_220_client_7.pt
2025-09-30 09:05:35.298 | INFO     | agents.servers.serverFedMSE:train_on_clients:70 - Saved model for client 8 at epoch 220 -> saved_models/FedMSE/FedMSE/wsn_ds/epoch_220_client_8.pt
2025-09-30 09:05:35.514 | INFO     | agents.servers.serverFedMSE:train_on_clients:70 - Saved model for client 9 at epoch 220 -> saved_models/FedMSE/FedMSE/wsn_ds/epoch_220_client_9.pt
2025-09-30 09:05:35.729 | INFO     | agents.servers.serverFedMSE:train_on_clients:70 - Saved model for client 10 at epoch 220 -> saved_models/FedMSE/FedMSE/wsn_ds/epoch_220_client_10.pt
2025-09-30 09:05:35.945 | INFO     | agents.servers.serverFedMSE:train_on_clients:70 - Saved model for client 11 at epoch 220 -> saved_models/FedMSE/FedMSE/wsn_ds/epoch_220_client_11.pt
2025-09-30 09:05:36.161 | INFO     | agents.servers.serverFedMSE:train_on_clients:70 - Saved model for client 12 at epoch 220 -> saved_models/FedMSE/FedMSE/wsn_ds/epoch_220_client_12.pt
2025-09-30 09:05:36.377 | INFO     | agents.servers.serverFedMSE:train_on_clients:70 - Saved model for client 13 at epoch 220 -> saved_models/FedMSE/FedMSE/wsn_ds/epoch_220_client_13.pt
2025-09-30 09:05:36.592 | INFO     | agents.servers.serverFedMSE:train_on_clients:70 - Saved model for client 14 at epoch 220 -> saved_models/FedMSE/FedMSE/wsn_ds/epoch_220_client_14.pt
2025-09-30 09:05:36.809 | INFO     | agents.servers.serverFedMSE:train_on_clients:70 - Saved model for client 15 at epoch 220 -> saved_models/FedMSE/FedMSE/wsn_ds/epoch_220_client_15.pt
2025-09-30 09:05:37.027 | INFO     | agents.servers.serverFedMSE:train_on_clients:70 - Saved model for client 16 at epoch 220 -> saved_models/FedMSE/FedMSE/wsn_ds/epoch_220_client_16.pt
2025-09-30 09:05:37.243 | INFO     | agents.servers.serverFedMSE:train_on_clients:70 - Saved model for client 17 at epoch 220 -> saved_models/FedMSE/FedMSE/wsn_ds/epoch_220_client_17.pt
2025-09-30 09:05:37.461 | INFO     | agents.servers.serverFedMSE:train_on_clients:70 - Saved model for client 18 at epoch 220 -> saved_models/FedMSE/FedMSE/wsn_ds/epoch_220_client_18.pt
2025-09-30 09:05:37.676 | INFO     | agents.servers.serverFedMSE:train_on_clients:70 - Saved model for client 19 at epoch 220 -> saved_models/FedMSE/FedMSE/wsn_ds/epoch_220_client_19.pt
2025-09-30 09:05:37.678 | INFO     | agents.servers.serverFedMSE:train_on_clients:76 - 20 clients still training at epoch #220
2025-09-30 09:05:51.752 | INFO     | agents.servers.serverFedMSE:train_on_clients:32 - Training FedMSE model epoch #221
2025-09-30 09:05:54.357 | INFO     | agents.servers.serverFedMSE:train_on_clients:54 - Client 11 gets new best val_loss at epoch #221: 0.000385
2025-09-30 09:05:56.123 | INFO     | agents.servers.serverFedMSE:train_on_clients:76 - 20 clients still training at epoch #221
2025-09-30 09:06:10.127 | INFO     | agents.servers.serverFedMSE:train_on_clients:32 - Training FedMSE model epoch #222
2025-09-30 09:06:14.563 | INFO     | agents.servers.serverFedMSE:train_on_clients:76 - 20 clients still training at epoch #222
2025-09-30 09:06:28.615 | INFO     | agents.servers.serverFedMSE:train_on_clients:32 - Training FedMSE model epoch #223
2025-09-30 09:06:33.261 | INFO     | agents.servers.serverFedMSE:train_on_clients:76 - 20 clients still training at epoch #223
2025-09-30 09:06:47.239 | INFO     | agents.servers.serverFedMSE:train_on_clients:32 - Training FedMSE model epoch #224
2025-09-30 09:06:51.902 | INFO     | agents.servers.serverFedMSE:train_on_clients:76 - 20 clients still training at epoch #224
2025-09-30 09:07:06.044 | INFO     | agents.servers.serverFedMSE:train_on_clients:32 - Training FedMSE model epoch #225
2025-09-30 09:07:07.444 | INFO     | agents.servers.serverFedMSE:train_on_clients:54 - Client 5 gets new best val_loss at epoch #225: 0.000365
2025-09-30 09:07:10.719 | INFO     | agents.servers.serverFedMSE:train_on_clients:76 - 20 clients still training at epoch #225
2025-09-30 09:07:24.702 | INFO     | agents.servers.serverFedMSE:train_on_clients:32 - Training FedMSE model epoch #226
2025-09-30 09:07:24.944 | INFO     | agents.servers.serverFedMSE:train_on_clients:54 - Client 0 gets new best val_loss at epoch #226: 0.000485
2025-09-30 09:07:25.416 | INFO     | agents.servers.serverFedMSE:train_on_clients:54 - Client 2 gets new best val_loss at epoch #226: 0.000389
2025-09-30 09:07:26.584 | INFO     | agents.servers.serverFedMSE:train_on_clients:54 - Client 7 gets new best val_loss at epoch #226: 0.000402
2025-09-30 09:07:29.381 | INFO     | agents.servers.serverFedMSE:train_on_clients:76 - 20 clients still training at epoch #226
2025-09-30 09:07:43.398 | INFO     | agents.servers.serverFedMSE:train_on_clients:32 - Training FedMSE model epoch #227
2025-09-30 09:07:43.635 | INFO     | agents.servers.serverFedMSE:train_on_clients:54 - Client 0 gets new best val_loss at epoch #227: 0.000461
2025-09-30 09:07:46.472 | INFO     | agents.servers.serverFedMSE:train_on_clients:54 - Client 12 gets new best val_loss at epoch #227: 0.000412
2025-09-30 09:07:48.139 | INFO     | agents.servers.serverFedMSE:train_on_clients:76 - 20 clients still training at epoch #227
2025-09-30 09:08:02.591 | INFO     | agents.servers.serverFedMSE:train_on_clients:32 - Training FedMSE model epoch #228
2025-09-30 09:08:02.829 | INFO     | agents.servers.serverFedMSE:train_on_clients:54 - Client 0 gets new best val_loss at epoch #228: 0.000460
2025-09-30 09:08:05.703 | INFO     | agents.servers.serverFedMSE:train_on_clients:54 - Client 12 gets new best val_loss at epoch #228: 0.000412
2025-09-30 09:08:07.326 | INFO     | agents.servers.serverFedMSE:train_on_clients:76 - 20 clients still training at epoch #228
2025-09-30 09:08:21.393 | INFO     | agents.servers.serverFedMSE:train_on_clients:32 - Training FedMSE model epoch #229
2025-09-30 09:08:26.027 | INFO     | agents.servers.serverFedMSE:train_on_clients:76 - 20 clients still training at epoch #229
2025-09-30 09:08:49.896 | INFO     | agents.servers.serverFedMSE:train_on_clients:32 - Training FedMSE model epoch #230
2025-09-30 09:08:50.161 | INFO     | agents.servers.serverFedMSE:train_on_clients:70 - Saved model for client 0 at epoch 230 -> saved_models/FedMSE/FedMSE/wsn_ds/epoch_230_client_0.pt
2025-09-30 09:08:50.425 | INFO     | agents.servers.serverFedMSE:train_on_clients:70 - Saved model for client 1 at epoch 230 -> saved_models/FedMSE/FedMSE/wsn_ds/epoch_230_client_1.pt
2025-09-30 09:08:50.688 | INFO     | agents.servers.serverFedMSE:train_on_clients:70 - Saved model for client 2 at epoch 230 -> saved_models/FedMSE/FedMSE/wsn_ds/epoch_230_client_2.pt
2025-09-30 09:08:50.949 | INFO     | agents.servers.serverFedMSE:train_on_clients:70 - Saved model for client 3 at epoch 230 -> saved_models/FedMSE/FedMSE/wsn_ds/epoch_230_client_3.pt
2025-09-30 09:08:51.218 | INFO     | agents.servers.serverFedMSE:train_on_clients:70 - Saved model for client 4 at epoch 230 -> saved_models/FedMSE/FedMSE/wsn_ds/epoch_230_client_4.pt
2025-09-30 09:08:51.492 | INFO     | agents.servers.serverFedMSE:train_on_clients:70 - Saved model for client 5 at epoch 230 -> saved_models/FedMSE/FedMSE/wsn_ds/epoch_230_client_5.pt
2025-09-30 09:08:51.763 | INFO     | agents.servers.serverFedMSE:train_on_clients:70 - Saved model for client 6 at epoch 230 -> saved_models/FedMSE/FedMSE/wsn_ds/epoch_230_client_6.pt
2025-09-30 09:08:52.029 | INFO     | agents.servers.serverFedMSE:train_on_clients:70 - Saved model for client 7 at epoch 230 -> saved_models/FedMSE/FedMSE/wsn_ds/epoch_230_client_7.pt
2025-09-30 09:08:52.299 | INFO     | agents.servers.serverFedMSE:train_on_clients:70 - Saved model for client 8 at epoch 230 -> saved_models/FedMSE/FedMSE/wsn_ds/epoch_230_client_8.pt
2025-09-30 09:08:52.568 | INFO     | agents.servers.serverFedMSE:train_on_clients:70 - Saved model for client 9 at epoch 230 -> saved_models/FedMSE/FedMSE/wsn_ds/epoch_230_client_9.pt
2025-09-30 09:08:52.838 | INFO     | agents.servers.serverFedMSE:train_on_clients:70 - Saved model for client 10 at epoch 230 -> saved_models/FedMSE/FedMSE/wsn_ds/epoch_230_client_10.pt
2025-09-30 09:08:53.105 | INFO     | agents.servers.serverFedMSE:train_on_clients:70 - Saved model for client 11 at epoch 230 -> saved_models/FedMSE/FedMSE/wsn_ds/epoch_230_client_11.pt
2025-09-30 09:08:53.379 | INFO     | agents.servers.serverFedMSE:train_on_clients:70 - Saved model for client 12 at epoch 230 -> saved_models/FedMSE/FedMSE/wsn_ds/epoch_230_client_12.pt
2025-09-30 09:08:53.650 | INFO     | agents.servers.serverFedMSE:train_on_clients:70 - Saved model for client 13 at epoch 230 -> saved_models/FedMSE/FedMSE/wsn_ds/epoch_230_client_13.pt
2025-09-30 09:08:53.920 | INFO     | agents.servers.serverFedMSE:train_on_clients:70 - Saved model for client 14 at epoch 230 -> saved_models/FedMSE/FedMSE/wsn_ds/epoch_230_client_14.pt
2025-09-30 09:08:54.192 | INFO     | agents.servers.serverFedMSE:train_on_clients:70 - Saved model for client 15 at epoch 230 -> saved_models/FedMSE/FedMSE/wsn_ds/epoch_230_client_15.pt
2025-09-30 09:08:54.464 | INFO     | agents.servers.serverFedMSE:train_on_clients:70 - Saved model for client 16 at epoch 230 -> saved_models/FedMSE/FedMSE/wsn_ds/epoch_230_client_16.pt
2025-09-30 09:08:54.735 | INFO     | agents.servers.serverFedMSE:train_on_clients:70 - Saved model for client 17 at epoch 230 -> saved_models/FedMSE/FedMSE/wsn_ds/epoch_230_client_17.pt
2025-09-30 09:08:55.009 | INFO     | agents.servers.serverFedMSE:train_on_clients:70 - Saved model for client 18 at epoch 230 -> saved_models/FedMSE/FedMSE/wsn_ds/epoch_230_client_18.pt
2025-09-30 09:08:55.280 | INFO     | agents.servers.serverFedMSE:train_on_clients:70 - Saved model for client 19 at epoch 230 -> saved_models/FedMSE/FedMSE/wsn_ds/epoch_230_client_19.pt
2025-09-30 09:08:55.281 | INFO     | agents.servers.serverFedMSE:train_on_clients:76 - 20 clients still training at epoch #230
2025-09-30 09:09:32.382 | INFO     | agents.servers.serverFedMSE:train_on_clients:32 - Training FedMSE model epoch #231
2025-09-30 09:09:37.806 | INFO     | agents.servers.serverFedMSE:train_on_clients:76 - 20 clients still training at epoch #231
2025-09-30 09:10:14.261 | INFO     | agents.servers.serverFedMSE:train_on_clients:32 - Training FedMSE model epoch #232
2025-09-30 09:10:17.827 | INFO     | agents.servers.serverFedMSE:train_on_clients:54 - Client 12 gets new best val_loss at epoch #232: 0.000411
2025-09-30 09:10:19.735 | INFO     | agents.servers.serverFedMSE:train_on_clients:76 - 20 clients still training at epoch #232
2025-09-30 09:10:56.812 | INFO     | agents.servers.serverFedMSE:train_on_clients:32 - Training FedMSE model epoch #233
2025-09-30 09:11:02.219 | INFO     | agents.servers.serverFedMSE:train_on_clients:76 - 20 clients still training at epoch #233
2025-09-30 09:11:38.562 | INFO     | agents.servers.serverFedMSE:train_on_clients:32 - Training FedMSE model epoch #234
2025-09-30 09:11:42.081 | INFO     | agents.servers.serverFedMSE:train_on_clients:54 - Client 12 gets new best val_loss at epoch #234: 0.000411
2025-09-30 09:11:43.962 | INFO     | agents.servers.serverFedMSE:train_on_clients:76 - 20 clients still training at epoch #234
2025-09-30 09:12:20.358 | INFO     | agents.servers.serverFedMSE:train_on_clients:32 - Training FedMSE model epoch #235
2025-09-30 09:12:21.167 | INFO     | agents.servers.serverFedMSE:train_on_clients:54 - Client 2 gets new best val_loss at epoch #235: 0.000342
2025-09-30 09:12:23.853 | INFO     | agents.servers.serverFedMSE:train_on_clients:54 - Client 12 gets new best val_loss at epoch #235: 0.000410
2025-09-30 09:12:25.813 | INFO     | agents.servers.serverFedMSE:train_on_clients:76 - 20 clients still training at epoch #235
2025-09-30 09:13:02.364 | INFO     | agents.servers.serverFedMSE:train_on_clients:32 - Training FedMSE model epoch #236
2025-09-30 09:13:07.840 | INFO     | agents.servers.serverFedMSE:train_on_clients:76 - 20 clients still training at epoch #236
2025-09-30 09:13:44.551 | INFO     | agents.servers.serverFedMSE:train_on_clients:32 - Training FedMSE model epoch #237
2025-09-30 09:13:49.989 | INFO     | agents.servers.serverFedMSE:train_on_clients:76 - 20 clients still training at epoch #237
2025-09-30 09:14:26.699 | INFO     | agents.servers.serverFedMSE:train_on_clients:32 - Training FedMSE model epoch #238
2025-09-30 09:14:32.235 | INFO     | agents.servers.serverFedMSE:train_on_clients:76 - 20 clients still training at epoch #238
2025-09-30 09:15:09.126 | INFO     | agents.servers.serverFedMSE:train_on_clients:32 - Training FedMSE model epoch #239
2025-09-30 09:15:14.568 | INFO     | agents.servers.serverFedMSE:train_on_clients:76 - 20 clients still training at epoch #239
2025-09-30 09:15:50.942 | INFO     | agents.servers.serverFedMSE:train_on_clients:32 - Training FedMSE model epoch #240
2025-09-30 09:15:51.215 | INFO     | agents.servers.serverFedMSE:train_on_clients:70 - Saved model for client 0 at epoch 240 -> saved_models/FedMSE/FedMSE/wsn_ds/epoch_240_client_0.pt
2025-09-30 09:15:51.488 | INFO     | agents.servers.serverFedMSE:train_on_clients:70 - Saved model for client 1 at epoch 240 -> saved_models/FedMSE/FedMSE/wsn_ds/epoch_240_client_1.pt
2025-09-30 09:15:51.759 | INFO     | agents.servers.serverFedMSE:train_on_clients:70 - Saved model for client 2 at epoch 240 -> saved_models/FedMSE/FedMSE/wsn_ds/epoch_240_client_2.pt
2025-09-30 09:15:52.030 | INFO     | agents.servers.serverFedMSE:train_on_clients:70 - Saved model for client 3 at epoch 240 -> saved_models/FedMSE/FedMSE/wsn_ds/epoch_240_client_3.pt
2025-09-30 09:15:52.302 | INFO     | agents.servers.serverFedMSE:train_on_clients:70 - Saved model for client 4 at epoch 240 -> saved_models/FedMSE/FedMSE/wsn_ds/epoch_240_client_4.pt
2025-09-30 09:15:52.574 | INFO     | agents.servers.serverFedMSE:train_on_clients:70 - Saved model for client 5 at epoch 240 -> saved_models/FedMSE/FedMSE/wsn_ds/epoch_240_client_5.pt
2025-09-30 09:15:52.843 | INFO     | agents.servers.serverFedMSE:train_on_clients:70 - Saved model for client 6 at epoch 240 -> saved_models/FedMSE/FedMSE/wsn_ds/epoch_240_client_6.pt
2025-09-30 09:15:53.113 | INFO     | agents.servers.serverFedMSE:train_on_clients:70 - Saved model for client 7 at epoch 240 -> saved_models/FedMSE/FedMSE/wsn_ds/epoch_240_client_7.pt
2025-09-30 09:15:53.384 | INFO     | agents.servers.serverFedMSE:train_on_clients:70 - Saved model for client 8 at epoch 240 -> saved_models/FedMSE/FedMSE/wsn_ds/epoch_240_client_8.pt
2025-09-30 09:15:53.654 | INFO     | agents.servers.serverFedMSE:train_on_clients:70 - Saved model for client 9 at epoch 240 -> saved_models/FedMSE/FedMSE/wsn_ds/epoch_240_client_9.pt
2025-09-30 09:15:53.924 | INFO     | agents.servers.serverFedMSE:train_on_clients:70 - Saved model for client 10 at epoch 240 -> saved_models/FedMSE/FedMSE/wsn_ds/epoch_240_client_10.pt
2025-09-30 09:15:54.192 | INFO     | agents.servers.serverFedMSE:train_on_clients:70 - Saved model for client 11 at epoch 240 -> saved_models/FedMSE/FedMSE/wsn_ds/epoch_240_client_11.pt
2025-09-30 09:15:54.464 | INFO     | agents.servers.serverFedMSE:train_on_clients:70 - Saved model for client 12 at epoch 240 -> saved_models/FedMSE/FedMSE/wsn_ds/epoch_240_client_12.pt
2025-09-30 09:15:54.735 | INFO     | agents.servers.serverFedMSE:train_on_clients:70 - Saved model for client 13 at epoch 240 -> saved_models/FedMSE/FedMSE/wsn_ds/epoch_240_client_13.pt
2025-09-30 09:15:55.004 | INFO     | agents.servers.serverFedMSE:train_on_clients:70 - Saved model for client 14 at epoch 240 -> saved_models/FedMSE/FedMSE/wsn_ds/epoch_240_client_14.pt
2025-09-30 09:15:55.274 | INFO     | agents.servers.serverFedMSE:train_on_clients:70 - Saved model for client 15 at epoch 240 -> saved_models/FedMSE/FedMSE/wsn_ds/epoch_240_client_15.pt
2025-09-30 09:15:55.543 | INFO     | agents.servers.serverFedMSE:train_on_clients:70 - Saved model for client 16 at epoch 240 -> saved_models/FedMSE/FedMSE/wsn_ds/epoch_240_client_16.pt
2025-09-30 09:15:55.813 | INFO     | agents.servers.serverFedMSE:train_on_clients:70 - Saved model for client 17 at epoch 240 -> saved_models/FedMSE/FedMSE/wsn_ds/epoch_240_client_17.pt
2025-09-30 09:15:56.084 | INFO     | agents.servers.serverFedMSE:train_on_clients:70 - Saved model for client 18 at epoch 240 -> saved_models/FedMSE/FedMSE/wsn_ds/epoch_240_client_18.pt
2025-09-30 09:15:56.355 | INFO     | agents.servers.serverFedMSE:train_on_clients:70 - Saved model for client 19 at epoch 240 -> saved_models/FedMSE/FedMSE/wsn_ds/epoch_240_client_19.pt
2025-09-30 09:15:56.357 | INFO     | agents.servers.serverFedMSE:train_on_clients:76 - 20 clients still training at epoch #240
2025-09-30 09:16:32.531 | INFO     | agents.servers.serverFedMSE:train_on_clients:32 - Training FedMSE model epoch #241
2025-09-30 09:16:37.958 | INFO     | agents.servers.serverFedMSE:train_on_clients:76 - 20 clients still training at epoch #241
2025-09-30 09:17:14.415 | INFO     | agents.servers.serverFedMSE:train_on_clients:32 - Training FedMSE model epoch #242
2025-09-30 09:17:19.859 | INFO     | agents.servers.serverFedMSE:train_on_clients:76 - 20 clients still training at epoch #242
2025-09-30 09:17:56.164 | INFO     | agents.servers.serverFedMSE:train_on_clients:32 - Training FedMSE model epoch #243
2025-09-30 09:18:01.465 | INFO     | agents.servers.serverFedMSE:train_on_clients:54 - Client 19 gets new best val_loss at epoch #243: 0.000392
2025-09-30 09:18:01.468 | INFO     | agents.servers.serverFedMSE:train_on_clients:76 - 20 clients still training at epoch #243
2025-09-30 09:18:37.538 | INFO     | agents.servers.serverFedMSE:train_on_clients:32 - Training FedMSE model epoch #244
2025-09-30 09:18:40.888 | INFO     | agents.servers.serverFedMSE:train_on_clients:54 - Client 12 gets new best val_loss at epoch #244: 0.000410
2025-09-30 09:18:42.695 | INFO     | agents.servers.serverFedMSE:train_on_clients:76 - 20 clients still training at epoch #244
2025-09-30 09:19:18.849 | INFO     | agents.servers.serverFedMSE:train_on_clients:32 - Training FedMSE model epoch #245
2025-09-30 09:19:19.881 | INFO     | agents.servers.serverFedMSE:train_on_clients:54 - Client 3 gets new best val_loss at epoch #245: 0.000420
2025-09-30 09:19:24.001 | INFO     | agents.servers.serverFedMSE:train_on_clients:76 - 20 clients still training at epoch #245
2025-09-30 09:20:00.070 | INFO     | agents.servers.serverFedMSE:train_on_clients:32 - Training FedMSE model epoch #246
2025-09-30 09:20:01.104 | INFO     | agents.servers.serverFedMSE:train_on_clients:54 - Client 3 gets new best val_loss at epoch #246: 0.000387
2025-09-30 09:20:05.237 | INFO     | agents.servers.serverFedMSE:train_on_clients:76 - 20 clients still training at epoch #246
2025-09-30 09:20:41.518 | INFO     | agents.servers.serverFedMSE:train_on_clients:32 - Training FedMSE model epoch #247
2025-09-30 09:20:46.445 | INFO     | agents.servers.serverFedMSE:train_on_clients:54 - Client 18 gets new best val_loss at epoch #247: 0.000321
2025-09-30 09:20:46.703 | INFO     | agents.servers.serverFedMSE:train_on_clients:76 - 20 clients still training at epoch #247
2025-09-30 09:21:23.070 | INFO     | agents.servers.serverFedMSE:train_on_clients:32 - Training FedMSE model epoch #248
2025-09-30 09:21:27.987 | INFO     | agents.servers.serverFedMSE:train_on_clients:54 - Client 18 gets new best val_loss at epoch #248: 0.000320
2025-09-30 09:21:28.243 | INFO     | agents.servers.serverFedMSE:train_on_clients:76 - 20 clients still training at epoch #248
2025-09-30 09:22:04.607 | INFO     | agents.servers.serverFedMSE:train_on_clients:32 - Training FedMSE model epoch #249
2025-09-30 09:22:09.862 | INFO     | agents.servers.serverFedMSE:train_on_clients:76 - 20 clients still training at epoch #249
2025-09-30 09:22:46.228 | INFO     | agents.servers.serverFedMSE:train_on_clients:32 - Training FedMSE model epoch #250
2025-09-30 09:22:46.502 | INFO     | agents.servers.serverFedMSE:train_on_clients:70 - Saved model for client 0 at epoch 250 -> saved_models/FedMSE/FedMSE/wsn_ds/epoch_250_client_0.pt
2025-09-30 09:22:46.771 | INFO     | agents.servers.serverFedMSE:train_on_clients:70 - Saved model for client 1 at epoch 250 -> saved_models/FedMSE/FedMSE/wsn_ds/epoch_250_client_1.pt
2025-09-30 09:22:47.044 | INFO     | agents.servers.serverFedMSE:train_on_clients:70 - Saved model for client 2 at epoch 250 -> saved_models/FedMSE/FedMSE/wsn_ds/epoch_250_client_2.pt
2025-09-30 09:22:47.314 | INFO     | agents.servers.serverFedMSE:train_on_clients:70 - Saved model for client 3 at epoch 250 -> saved_models/FedMSE/FedMSE/wsn_ds/epoch_250_client_3.pt
2025-09-30 09:22:47.586 | INFO     | agents.servers.serverFedMSE:train_on_clients:70 - Saved model for client 4 at epoch 250 -> saved_models/FedMSE/FedMSE/wsn_ds/epoch_250_client_4.pt
2025-09-30 09:22:47.856 | INFO     | agents.servers.serverFedMSE:train_on_clients:70 - Saved model for client 5 at epoch 250 -> saved_models/FedMSE/FedMSE/wsn_ds/epoch_250_client_5.pt
2025-09-30 09:22:48.125 | INFO     | agents.servers.serverFedMSE:train_on_clients:70 - Saved model for client 6 at epoch 250 -> saved_models/FedMSE/FedMSE/wsn_ds/epoch_250_client_6.pt
2025-09-30 09:22:48.394 | INFO     | agents.servers.serverFedMSE:train_on_clients:70 - Saved model for client 7 at epoch 250 -> saved_models/FedMSE/FedMSE/wsn_ds/epoch_250_client_7.pt
2025-09-30 09:22:48.666 | INFO     | agents.servers.serverFedMSE:train_on_clients:70 - Saved model for client 8 at epoch 250 -> saved_models/FedMSE/FedMSE/wsn_ds/epoch_250_client_8.pt
2025-09-30 09:22:48.935 | INFO     | agents.servers.serverFedMSE:train_on_clients:70 - Saved model for client 9 at epoch 250 -> saved_models/FedMSE/FedMSE/wsn_ds/epoch_250_client_9.pt
2025-09-30 09:22:49.207 | INFO     | agents.servers.serverFedMSE:train_on_clients:70 - Saved model for client 10 at epoch 250 -> saved_models/FedMSE/FedMSE/wsn_ds/epoch_250_client_10.pt
2025-09-30 09:22:49.476 | INFO     | agents.servers.serverFedMSE:train_on_clients:70 - Saved model for client 11 at epoch 250 -> saved_models/FedMSE/FedMSE/wsn_ds/epoch_250_client_11.pt
2025-09-30 09:22:49.747 | INFO     | agents.servers.serverFedMSE:train_on_clients:70 - Saved model for client 12 at epoch 250 -> saved_models/FedMSE/FedMSE/wsn_ds/epoch_250_client_12.pt
2025-09-30 09:22:50.015 | INFO     | agents.servers.serverFedMSE:train_on_clients:70 - Saved model for client 13 at epoch 250 -> saved_models/FedMSE/FedMSE/wsn_ds/epoch_250_client_13.pt
2025-09-30 09:22:50.285 | INFO     | agents.servers.serverFedMSE:train_on_clients:70 - Saved model for client 14 at epoch 250 -> saved_models/FedMSE/FedMSE/wsn_ds/epoch_250_client_14.pt
2025-09-30 09:22:50.556 | INFO     | agents.servers.serverFedMSE:train_on_clients:70 - Saved model for client 15 at epoch 250 -> saved_models/FedMSE/FedMSE/wsn_ds/epoch_250_client_15.pt
2025-09-30 09:22:50.825 | INFO     | agents.servers.serverFedMSE:train_on_clients:70 - Saved model for client 16 at epoch 250 -> saved_models/FedMSE/FedMSE/wsn_ds/epoch_250_client_16.pt
2025-09-30 09:22:51.095 | INFO     | agents.servers.serverFedMSE:train_on_clients:70 - Saved model for client 17 at epoch 250 -> saved_models/FedMSE/FedMSE/wsn_ds/epoch_250_client_17.pt
2025-09-30 09:22:51.365 | INFO     | agents.servers.serverFedMSE:train_on_clients:54 - Client 18 gets new best val_loss at epoch #250: 0.000319
2025-09-30 09:22:51.367 | INFO     | agents.servers.serverFedMSE:train_on_clients:70 - Saved model for client 18 at epoch 250 -> saved_models/FedMSE/FedMSE/wsn_ds/epoch_250_client_18.pt
2025-09-30 09:22:51.636 | INFO     | agents.servers.serverFedMSE:train_on_clients:70 - Saved model for client 19 at epoch 250 -> saved_models/FedMSE/FedMSE/wsn_ds/epoch_250_client_19.pt
2025-09-30 09:22:51.637 | INFO     | agents.servers.serverFedMSE:train_on_clients:76 - 20 clients still training at epoch #250
2025-09-30 09:23:27.966 | INFO     | agents.servers.serverFedMSE:train_on_clients:32 - Training FedMSE model epoch #251
2025-09-30 09:23:31.186 | INFO     | agents.servers.serverFedMSE:train_on_clients:54 - Client 11 gets new best val_loss at epoch #251: 0.000377
2025-09-30 09:23:33.324 | INFO     | agents.servers.serverFedMSE:train_on_clients:76 - 20 clients still training at epoch #251
2025-09-30 09:24:09.648 | INFO     | agents.servers.serverFedMSE:train_on_clients:32 - Training FedMSE model epoch #252
2025-09-30 09:24:12.790 | INFO     | agents.servers.serverFedMSE:train_on_clients:54 - Client 11 gets new best val_loss at epoch #252: 0.000370
2025-09-30 09:24:14.674 | INFO     | agents.servers.serverFedMSE:train_on_clients:54 - Client 18 gets new best val_loss at epoch #252: 0.000318
2025-09-30 09:24:14.943 | INFO     | agents.servers.serverFedMSE:train_on_clients:76 - 20 clients still training at epoch #252
2025-09-30 09:24:51.158 | INFO     | agents.servers.serverFedMSE:train_on_clients:32 - Training FedMSE model epoch #253
2025-09-30 09:24:56.272 | INFO     | agents.servers.serverFedMSE:train_on_clients:54 - Client 18 gets new best val_loss at epoch #253: 0.000316
2025-09-30 09:24:56.541 | INFO     | agents.servers.serverFedMSE:train_on_clients:76 - 20 clients still training at epoch #253
2025-09-30 09:25:32.756 | INFO     | agents.servers.serverFedMSE:train_on_clients:32 - Training FedMSE model epoch #254
2025-09-30 09:25:38.174 | INFO     | agents.servers.serverFedMSE:train_on_clients:76 - 20 clients still training at epoch #254
2025-09-30 09:26:14.459 | INFO     | agents.servers.serverFedMSE:train_on_clients:32 - Training FedMSE model epoch #255
2025-09-30 09:26:19.879 | INFO     | agents.servers.serverFedMSE:train_on_clients:76 - 20 clients still training at epoch #255
2025-09-30 09:26:56.124 | INFO     | agents.servers.serverFedMSE:train_on_clients:32 - Training FedMSE model epoch #256
2025-09-30 09:27:01.495 | INFO     | agents.servers.serverFedMSE:train_on_clients:76 - 20 clients still training at epoch #256
2025-09-30 09:27:37.845 | INFO     | agents.servers.serverFedMSE:train_on_clients:32 - Training FedMSE model epoch #257
2025-09-30 09:27:43.239 | INFO     | agents.servers.serverFedMSE:train_on_clients:76 - 20 clients still training at epoch #257
2025-09-30 09:28:19.612 | INFO     | agents.servers.serverFedMSE:train_on_clients:32 - Training FedMSE model epoch #258
2025-09-30 09:28:25.046 | INFO     | agents.servers.serverFedMSE:train_on_clients:76 - 20 clients still training at epoch #258
2025-09-30 09:29:01.360 | INFO     | agents.servers.serverFedMSE:train_on_clients:32 - Training FedMSE model epoch #259
2025-09-30 09:29:06.805 | INFO     | agents.servers.serverFedMSE:train_on_clients:76 - 20 clients still training at epoch #259
2025-09-30 09:29:43.054 | INFO     | agents.servers.serverFedMSE:train_on_clients:32 - Training FedMSE model epoch #260
2025-09-30 09:29:43.323 | INFO     | agents.servers.serverFedMSE:train_on_clients:70 - Saved model for client 0 at epoch 260 -> saved_models/FedMSE/FedMSE/wsn_ds/epoch_260_client_0.pt
2025-09-30 09:29:43.593 | INFO     | agents.servers.serverFedMSE:train_on_clients:70 - Saved model for client 1 at epoch 260 -> saved_models/FedMSE/FedMSE/wsn_ds/epoch_260_client_1.pt
2025-09-30 09:29:43.865 | INFO     | agents.servers.serverFedMSE:train_on_clients:70 - Saved model for client 2 at epoch 260 -> saved_models/FedMSE/FedMSE/wsn_ds/epoch_260_client_2.pt
2025-09-30 09:29:44.136 | INFO     | agents.servers.serverFedMSE:train_on_clients:70 - Saved model for client 3 at epoch 260 -> saved_models/FedMSE/FedMSE/wsn_ds/epoch_260_client_3.pt
2025-09-30 09:29:44.403 | INFO     | agents.servers.serverFedMSE:train_on_clients:70 - Saved model for client 4 at epoch 260 -> saved_models/FedMSE/FedMSE/wsn_ds/epoch_260_client_4.pt
2025-09-30 09:29:44.673 | INFO     | agents.servers.serverFedMSE:train_on_clients:70 - Saved model for client 5 at epoch 260 -> saved_models/FedMSE/FedMSE/wsn_ds/epoch_260_client_5.pt
2025-09-30 09:29:44.944 | INFO     | agents.servers.serverFedMSE:train_on_clients:70 - Saved model for client 6 at epoch 260 -> saved_models/FedMSE/FedMSE/wsn_ds/epoch_260_client_6.pt
2025-09-30 09:29:45.215 | INFO     | agents.servers.serverFedMSE:train_on_clients:70 - Saved model for client 7 at epoch 260 -> saved_models/FedMSE/FedMSE/wsn_ds/epoch_260_client_7.pt
2025-09-30 09:29:45.481 | INFO     | agents.servers.serverFedMSE:train_on_clients:70 - Saved model for client 8 at epoch 260 -> saved_models/FedMSE/FedMSE/wsn_ds/epoch_260_client_8.pt
2025-09-30 09:29:45.751 | INFO     | agents.servers.serverFedMSE:train_on_clients:70 - Saved model for client 9 at epoch 260 -> saved_models/FedMSE/FedMSE/wsn_ds/epoch_260_client_9.pt
2025-09-30 09:29:46.019 | INFO     | agents.servers.serverFedMSE:train_on_clients:70 - Saved model for client 10 at epoch 260 -> saved_models/FedMSE/FedMSE/wsn_ds/epoch_260_client_10.pt
2025-09-30 09:29:46.289 | INFO     | agents.servers.serverFedMSE:train_on_clients:70 - Saved model for client 11 at epoch 260 -> saved_models/FedMSE/FedMSE/wsn_ds/epoch_260_client_11.pt
2025-09-30 09:29:46.558 | INFO     | agents.servers.serverFedMSE:train_on_clients:70 - Saved model for client 12 at epoch 260 -> saved_models/FedMSE/FedMSE/wsn_ds/epoch_260_client_12.pt
2025-09-30 09:29:46.834 | INFO     | agents.servers.serverFedMSE:train_on_clients:70 - Saved model for client 13 at epoch 260 -> saved_models/FedMSE/FedMSE/wsn_ds/epoch_260_client_13.pt
2025-09-30 09:29:47.105 | INFO     | agents.servers.serverFedMSE:train_on_clients:70 - Saved model for client 14 at epoch 260 -> saved_models/FedMSE/FedMSE/wsn_ds/epoch_260_client_14.pt
2025-09-30 09:29:47.375 | INFO     | agents.servers.serverFedMSE:train_on_clients:70 - Saved model for client 15 at epoch 260 -> saved_models/FedMSE/FedMSE/wsn_ds/epoch_260_client_15.pt
2025-09-30 09:29:47.645 | INFO     | agents.servers.serverFedMSE:train_on_clients:70 - Saved model for client 16 at epoch 260 -> saved_models/FedMSE/FedMSE/wsn_ds/epoch_260_client_16.pt
2025-09-30 09:29:47.915 | INFO     | agents.servers.serverFedMSE:train_on_clients:70 - Saved model for client 17 at epoch 260 -> saved_models/FedMSE/FedMSE/wsn_ds/epoch_260_client_17.pt
2025-09-30 09:29:48.183 | INFO     | agents.servers.serverFedMSE:train_on_clients:70 - Saved model for client 18 at epoch 260 -> saved_models/FedMSE/FedMSE/wsn_ds/epoch_260_client_18.pt
2025-09-30 09:29:48.458 | INFO     | agents.servers.serverFedMSE:train_on_clients:70 - Saved model for client 19 at epoch 260 -> saved_models/FedMSE/FedMSE/wsn_ds/epoch_260_client_19.pt
2025-09-30 09:29:48.459 | INFO     | agents.servers.serverFedMSE:train_on_clients:76 - 20 clients still training at epoch #260
2025-09-30 09:30:24.767 | INFO     | agents.servers.serverFedMSE:train_on_clients:32 - Training FedMSE model epoch #261
2025-09-30 09:30:29.329 | INFO     | agents.servers.serverFedMSE:train_on_clients:54 - Client 16 gets new best val_loss at epoch #261: 0.000364
2025-09-30 09:30:30.132 | INFO     | agents.servers.serverFedMSE:train_on_clients:76 - 20 clients still training at epoch #261
2025-09-30 09:31:06.293 | INFO     | agents.servers.serverFedMSE:train_on_clients:32 - Training FedMSE model epoch #262
2025-09-30 09:31:10.844 | INFO     | agents.servers.serverFedMSE:train_on_clients:54 - Client 16 gets new best val_loss at epoch #262: 0.000357
2025-09-30 09:31:11.642 | INFO     | agents.servers.serverFedMSE:train_on_clients:76 - 20 clients still training at epoch #262
2025-09-30 09:31:47.813 | INFO     | agents.servers.serverFedMSE:train_on_clients:32 - Training FedMSE model epoch #263
2025-09-30 09:31:52.366 | INFO     | agents.servers.serverFedMSE:train_on_clients:54 - Client 16 gets new best val_loss at epoch #263: 0.000356
2025-09-30 09:31:53.165 | INFO     | agents.servers.serverFedMSE:train_on_clients:76 - 20 clients still training at epoch #263
2025-09-30 09:32:29.406 | INFO     | agents.servers.serverFedMSE:train_on_clients:32 - Training FedMSE model epoch #264
2025-09-30 09:32:34.762 | INFO     | agents.servers.serverFedMSE:train_on_clients:76 - 20 clients still training at epoch #264
2025-09-30 09:33:11.017 | INFO     | agents.servers.serverFedMSE:train_on_clients:32 - Training FedMSE model epoch #265
2025-09-30 09:33:15.842 | INFO     | agents.servers.serverFedMSE:train_on_clients:54 - Client 17 gets new best val_loss at epoch #265: 0.000300
2025-09-30 09:33:16.377 | INFO     | agents.servers.serverFedMSE:train_on_clients:76 - 20 clients still training at epoch #265
2025-09-30 09:33:52.726 | INFO     | agents.servers.serverFedMSE:train_on_clients:32 - Training FedMSE model epoch #266
2025-09-30 09:33:57.991 | INFO     | agents.servers.serverFedMSE:train_on_clients:76 - 20 clients still training at epoch #266
2025-09-30 09:34:34.179 | INFO     | agents.servers.serverFedMSE:train_on_clients:32 - Training FedMSE model epoch #267
2025-09-30 09:34:38.433 | INFO     | agents.servers.serverFedMSE:train_on_clients:54 - Client 15 gets new best val_loss at epoch #267: 0.000401
2025-09-30 09:34:39.484 | INFO     | agents.servers.serverFedMSE:train_on_clients:76 - 20 clients still training at epoch #267
2025-09-30 09:35:15.707 | INFO     | agents.servers.serverFedMSE:train_on_clients:32 - Training FedMSE model epoch #268
2025-09-30 09:35:21.065 | INFO     | agents.servers.serverFedMSE:train_on_clients:76 - 20 clients still training at epoch #268
2025-09-30 09:35:57.258 | INFO     | agents.servers.serverFedMSE:train_on_clients:32 - Training FedMSE model epoch #269
2025-09-30 09:35:59.135 | INFO     | agents.servers.serverFedMSE:train_on_clients:54 - Client 6 gets new best val_loss at epoch #269: 0.000333
2025-09-30 09:36:02.629 | INFO     | agents.servers.serverFedMSE:train_on_clients:76 - 20 clients still training at epoch #269
2025-09-30 09:36:38.911 | INFO     | agents.servers.serverFedMSE:train_on_clients:32 - Training FedMSE model epoch #270
2025-09-30 09:36:39.188 | INFO     | agents.servers.serverFedMSE:train_on_clients:70 - Saved model for client 0 at epoch 270 -> saved_models/FedMSE/FedMSE/wsn_ds/epoch_270_client_0.pt
2025-09-30 09:36:39.463 | INFO     | agents.servers.serverFedMSE:train_on_clients:70 - Saved model for client 1 at epoch 270 -> saved_models/FedMSE/FedMSE/wsn_ds/epoch_270_client_1.pt
2025-09-30 09:36:39.740 | INFO     | agents.servers.serverFedMSE:train_on_clients:70 - Saved model for client 2 at epoch 270 -> saved_models/FedMSE/FedMSE/wsn_ds/epoch_270_client_2.pt
2025-09-30 09:36:40.014 | INFO     | agents.servers.serverFedMSE:train_on_clients:70 - Saved model for client 3 at epoch 270 -> saved_models/FedMSE/FedMSE/wsn_ds/epoch_270_client_3.pt
2025-09-30 09:36:40.289 | INFO     | agents.servers.serverFedMSE:train_on_clients:70 - Saved model for client 4 at epoch 270 -> saved_models/FedMSE/FedMSE/wsn_ds/epoch_270_client_4.pt
2025-09-30 09:36:40.561 | INFO     | agents.servers.serverFedMSE:train_on_clients:70 - Saved model for client 5 at epoch 270 -> saved_models/FedMSE/FedMSE/wsn_ds/epoch_270_client_5.pt
2025-09-30 09:36:40.835 | INFO     | agents.servers.serverFedMSE:train_on_clients:54 - Client 6 gets new best val_loss at epoch #270: 0.000331
2025-09-30 09:36:40.837 | INFO     | agents.servers.serverFedMSE:train_on_clients:70 - Saved model for client 6 at epoch 270 -> saved_models/FedMSE/FedMSE/wsn_ds/epoch_270_client_6.pt
2025-09-30 09:36:41.109 | INFO     | agents.servers.serverFedMSE:train_on_clients:70 - Saved model for client 7 at epoch 270 -> saved_models/FedMSE/FedMSE/wsn_ds/epoch_270_client_7.pt
2025-09-30 09:36:41.384 | INFO     | agents.servers.serverFedMSE:train_on_clients:70 - Saved model for client 8 at epoch 270 -> saved_models/FedMSE/FedMSE/wsn_ds/epoch_270_client_8.pt
2025-09-30 09:36:41.657 | INFO     | agents.servers.serverFedMSE:train_on_clients:70 - Saved model for client 9 at epoch 270 -> saved_models/FedMSE/FedMSE/wsn_ds/epoch_270_client_9.pt
2025-09-30 09:36:41.930 | INFO     | agents.servers.serverFedMSE:train_on_clients:70 - Saved model for client 10 at epoch 270 -> saved_models/FedMSE/FedMSE/wsn_ds/epoch_270_client_10.pt
2025-09-30 09:36:42.200 | INFO     | agents.servers.serverFedMSE:train_on_clients:70 - Saved model for client 11 at epoch 270 -> saved_models/FedMSE/FedMSE/wsn_ds/epoch_270_client_11.pt
2025-09-30 09:36:42.463 | INFO     | agents.servers.serverFedMSE:train_on_clients:70 - Saved model for client 12 at epoch 270 -> saved_models/FedMSE/FedMSE/wsn_ds/epoch_270_client_12.pt
2025-09-30 09:36:42.727 | INFO     | agents.servers.serverFedMSE:train_on_clients:70 - Saved model for client 13 at epoch 270 -> saved_models/FedMSE/FedMSE/wsn_ds/epoch_270_client_13.pt
2025-09-30 09:36:42.990 | INFO     | agents.servers.serverFedMSE:train_on_clients:70 - Saved model for client 14 at epoch 270 -> saved_models/FedMSE/FedMSE/wsn_ds/epoch_270_client_14.pt
2025-09-30 09:36:43.256 | INFO     | agents.servers.serverFedMSE:train_on_clients:70 - Saved model for client 15 at epoch 270 -> saved_models/FedMSE/FedMSE/wsn_ds/epoch_270_client_15.pt
2025-09-30 09:36:43.522 | INFO     | agents.servers.serverFedMSE:train_on_clients:70 - Saved model for client 16 at epoch 270 -> saved_models/FedMSE/FedMSE/wsn_ds/epoch_270_client_16.pt
2025-09-30 09:36:43.791 | INFO     | agents.servers.serverFedMSE:train_on_clients:70 - Saved model for client 17 at epoch 270 -> saved_models/FedMSE/FedMSE/wsn_ds/epoch_270_client_17.pt
2025-09-30 09:36:44.057 | INFO     | agents.servers.serverFedMSE:train_on_clients:70 - Saved model for client 18 at epoch 270 -> saved_models/FedMSE/FedMSE/wsn_ds/epoch_270_client_18.pt
2025-09-30 09:36:44.330 | INFO     | agents.servers.serverFedMSE:train_on_clients:70 - Saved model for client 19 at epoch 270 -> saved_models/FedMSE/FedMSE/wsn_ds/epoch_270_client_19.pt
2025-09-30 09:36:44.332 | INFO     | agents.servers.serverFedMSE:train_on_clients:76 - 20 clients still training at epoch #270
2025-09-30 09:37:20.567 | INFO     | agents.servers.serverFedMSE:train_on_clients:32 - Training FedMSE model epoch #271
2025-09-30 09:37:22.449 | INFO     | agents.servers.serverFedMSE:train_on_clients:54 - Client 6 gets new best val_loss at epoch #271: 0.000330
2025-09-30 09:37:25.887 | INFO     | agents.servers.serverFedMSE:train_on_clients:76 - 20 clients still training at epoch #271
2025-09-30 09:38:02.240 | INFO     | agents.servers.serverFedMSE:train_on_clients:32 - Training FedMSE model epoch #272
2025-09-30 09:38:04.087 | INFO     | agents.servers.serverFedMSE:train_on_clients:54 - Client 6 gets new best val_loss at epoch #272: 0.000329
2025-09-30 09:38:07.658 | INFO     | agents.servers.serverFedMSE:train_on_clients:76 - 20 clients still training at epoch #272
2025-09-30 09:38:44.465 | INFO     | agents.servers.serverFedMSE:train_on_clients:32 - Training FedMSE model epoch #273
2025-09-30 09:38:46.362 | INFO     | agents.servers.serverFedMSE:train_on_clients:54 - Client 6 gets new best val_loss at epoch #273: 0.000329
2025-09-30 09:38:49.876 | INFO     | agents.servers.serverFedMSE:train_on_clients:76 - 20 clients still training at epoch #273
2025-09-30 09:39:26.056 | INFO     | agents.servers.serverFedMSE:train_on_clients:32 - Training FedMSE model epoch #274
2025-09-30 09:39:27.938 | INFO     | agents.servers.serverFedMSE:train_on_clients:54 - Client 6 gets new best val_loss at epoch #274: 0.000328
2025-09-30 09:39:31.416 | INFO     | agents.servers.serverFedMSE:train_on_clients:76 - 20 clients still training at epoch #274
2025-09-30 09:40:07.694 | INFO     | agents.servers.serverFedMSE:train_on_clients:32 - Training FedMSE model epoch #275
2025-09-30 09:40:13.095 | INFO     | agents.servers.serverFedMSE:train_on_clients:76 - 20 clients still training at epoch #275
2025-09-30 09:40:50.611 | INFO     | agents.servers.serverFedMSE:train_on_clients:32 - Training FedMSE model epoch #276
2025-09-30 09:40:56.161 | INFO     | agents.servers.serverFedMSE:train_on_clients:76 - 20 clients still training at epoch #276
2025-09-30 09:41:27.803 | INFO     | agents.servers.serverFedMSE:train_on_clients:32 - Training FedMSE model epoch #277
2025-09-30 09:41:29.432 | INFO     | agents.servers.serverFedMSE:train_on_clients:54 - Client 6 gets new best val_loss at epoch #277: 0.000328
2025-09-30 09:41:32.456 | INFO     | agents.servers.serverFedMSE:train_on_clients:76 - 20 clients still training at epoch #277
2025-09-30 09:41:46.469 | INFO     | agents.servers.serverFedMSE:train_on_clients:32 - Training FedMSE model epoch #278
2025-09-30 09:41:48.096 | INFO     | agents.servers.serverFedMSE:train_on_clients:54 - Client 6 gets new best val_loss at epoch #278: 0.000328
2025-09-30 09:41:51.100 | INFO     | agents.servers.serverFedMSE:train_on_clients:76 - 20 clients still training at epoch #278
2025-09-30 09:42:04.978 | INFO     | agents.servers.serverFedMSE:train_on_clients:32 - Training FedMSE model epoch #279
2025-09-30 09:42:08.468 | INFO     | agents.servers.serverFedMSE:train_on_clients:54 - Client 14 gets new best val_loss at epoch #279: 0.000339
2025-09-30 09:42:09.655 | INFO     | agents.servers.serverFedMSE:train_on_clients:76 - 20 clients still training at epoch #279
2025-09-30 09:42:24.089 | INFO     | agents.servers.serverFedMSE:train_on_clients:32 - Training FedMSE model epoch #280
2025-09-30 09:42:24.327 | INFO     | agents.servers.serverFedMSE:train_on_clients:70 - Saved model for client 0 at epoch 280 -> saved_models/FedMSE/FedMSE/wsn_ds/epoch_280_client_0.pt
2025-09-30 09:42:24.561 | INFO     | agents.servers.serverFedMSE:train_on_clients:70 - Saved model for client 1 at epoch 280 -> saved_models/FedMSE/FedMSE/wsn_ds/epoch_280_client_1.pt
2025-09-30 09:42:24.796 | INFO     | agents.servers.serverFedMSE:train_on_clients:70 - Saved model for client 2 at epoch 280 -> saved_models/FedMSE/FedMSE/wsn_ds/epoch_280_client_2.pt
2025-09-30 09:42:25.032 | INFO     | agents.servers.serverFedMSE:train_on_clients:70 - Saved model for client 3 at epoch 280 -> saved_models/FedMSE/FedMSE/wsn_ds/epoch_280_client_3.pt
2025-09-30 09:42:25.279 | INFO     | agents.servers.serverFedMSE:train_on_clients:70 - Saved model for client 4 at epoch 280 -> saved_models/FedMSE/FedMSE/wsn_ds/epoch_280_client_4.pt
2025-09-30 09:42:25.526 | INFO     | agents.servers.serverFedMSE:train_on_clients:70 - Saved model for client 5 at epoch 280 -> saved_models/FedMSE/FedMSE/wsn_ds/epoch_280_client_5.pt
2025-09-30 09:42:25.770 | INFO     | agents.servers.serverFedMSE:train_on_clients:70 - Saved model for client 6 at epoch 280 -> saved_models/FedMSE/FedMSE/wsn_ds/epoch_280_client_6.pt
2025-09-30 09:42:26.013 | INFO     | agents.servers.serverFedMSE:train_on_clients:70 - Saved model for client 7 at epoch 280 -> saved_models/FedMSE/FedMSE/wsn_ds/epoch_280_client_7.pt
2025-09-30 09:42:26.254 | INFO     | agents.servers.serverFedMSE:train_on_clients:70 - Saved model for client 8 at epoch 280 -> saved_models/FedMSE/FedMSE/wsn_ds/epoch_280_client_8.pt
2025-09-30 09:42:26.490 | INFO     | agents.servers.serverFedMSE:train_on_clients:54 - Client 9 gets new best val_loss at epoch #280: 0.000334
2025-09-30 09:42:26.492 | INFO     | agents.servers.serverFedMSE:train_on_clients:70 - Saved model for client 9 at epoch 280 -> saved_models/FedMSE/FedMSE/wsn_ds/epoch_280_client_9.pt
2025-09-30 09:42:26.734 | INFO     | agents.servers.serverFedMSE:train_on_clients:70 - Saved model for client 10 at epoch 280 -> saved_models/FedMSE/FedMSE/wsn_ds/epoch_280_client_10.pt
2025-09-30 09:42:26.968 | INFO     | agents.servers.serverFedMSE:train_on_clients:70 - Saved model for client 11 at epoch 280 -> saved_models/FedMSE/FedMSE/wsn_ds/epoch_280_client_11.pt
2025-09-30 09:42:27.205 | INFO     | agents.servers.serverFedMSE:train_on_clients:70 - Saved model for client 12 at epoch 280 -> saved_models/FedMSE/FedMSE/wsn_ds/epoch_280_client_12.pt
2025-09-30 09:42:27.448 | INFO     | agents.servers.serverFedMSE:train_on_clients:70 - Saved model for client 13 at epoch 280 -> saved_models/FedMSE/FedMSE/wsn_ds/epoch_280_client_13.pt
2025-09-30 09:42:27.685 | INFO     | agents.servers.serverFedMSE:train_on_clients:54 - Client 14 gets new best val_loss at epoch #280: 0.000321
2025-09-30 09:42:27.686 | INFO     | agents.servers.serverFedMSE:train_on_clients:70 - Saved model for client 14 at epoch 280 -> saved_models/FedMSE/FedMSE/wsn_ds/epoch_280_client_14.pt
2025-09-30 09:42:27.922 | INFO     | agents.servers.serverFedMSE:train_on_clients:70 - Saved model for client 15 at epoch 280 -> saved_models/FedMSE/FedMSE/wsn_ds/epoch_280_client_15.pt
2025-09-30 09:42:28.159 | INFO     | agents.servers.serverFedMSE:train_on_clients:70 - Saved model for client 16 at epoch 280 -> saved_models/FedMSE/FedMSE/wsn_ds/epoch_280_client_16.pt
2025-09-30 09:42:28.393 | INFO     | agents.servers.serverFedMSE:train_on_clients:70 - Saved model for client 17 at epoch 280 -> saved_models/FedMSE/FedMSE/wsn_ds/epoch_280_client_17.pt
2025-09-30 09:42:28.626 | INFO     | agents.servers.serverFedMSE:train_on_clients:70 - Saved model for client 18 at epoch 280 -> saved_models/FedMSE/FedMSE/wsn_ds/epoch_280_client_18.pt
2025-09-30 09:42:28.859 | INFO     | agents.servers.serverFedMSE:train_on_clients:70 - Saved model for client 19 at epoch 280 -> saved_models/FedMSE/FedMSE/wsn_ds/epoch_280_client_19.pt
2025-09-30 09:42:28.861 | INFO     | agents.servers.serverFedMSE:train_on_clients:76 - 20 clients still training at epoch #280
2025-09-30 09:42:43.192 | INFO     | agents.servers.serverFedMSE:train_on_clients:32 - Training FedMSE model epoch #281
2025-09-30 09:42:45.726 | INFO     | agents.servers.serverFedMSE:train_on_clients:54 - Client 10 gets new best val_loss at epoch #281: 0.000416
2025-09-30 09:42:46.672 | INFO     | agents.servers.serverFedMSE:train_on_clients:54 - Client 14 gets new best val_loss at epoch #281: 0.000320
2025-09-30 09:42:47.795 | INFO     | agents.servers.serverFedMSE:train_on_clients:76 - 20 clients still training at epoch #281
2025-09-30 09:43:01.879 | INFO     | agents.servers.serverFedMSE:train_on_clients:32 - Training FedMSE model epoch #282
2025-09-30 09:43:06.655 | INFO     | agents.servers.serverFedMSE:train_on_clients:76 - 20 clients still training at epoch #282
2025-09-30 09:43:20.686 | INFO     | agents.servers.serverFedMSE:train_on_clients:32 - Training FedMSE model epoch #283
2025-09-30 09:43:21.890 | INFO     | agents.servers.serverFedMSE:train_on_clients:54 - Client 4 gets new best val_loss at epoch #283: 0.000351
2025-09-30 09:43:25.447 | INFO     | agents.servers.serverFedMSE:train_on_clients:76 - 20 clients still training at epoch #283
2025-09-30 09:43:39.438 | INFO     | agents.servers.serverFedMSE:train_on_clients:32 - Training FedMSE model epoch #284
2025-09-30 09:43:40.615 | INFO     | agents.servers.serverFedMSE:train_on_clients:54 - Client 4 gets new best val_loss at epoch #284: 0.000350
2025-09-30 09:43:42.950 | INFO     | agents.servers.serverFedMSE:train_on_clients:54 - Client 14 gets new best val_loss at epoch #284: 0.000318
2025-09-30 09:43:44.115 | INFO     | agents.servers.serverFedMSE:train_on_clients:76 - 20 clients still training at epoch #284
2025-09-30 09:43:58.421 | INFO     | agents.servers.serverFedMSE:train_on_clients:32 - Training FedMSE model epoch #285
2025-09-30 09:44:00.806 | INFO     | agents.servers.serverFedMSE:train_on_clients:54 - Client 9 gets new best val_loss at epoch #285: 0.000331
2025-09-30 09:44:01.757 | INFO     | agents.servers.serverFedMSE:train_on_clients:54 - Client 13 gets new best val_loss at epoch #285: 0.000352
2025-09-30 09:44:01.998 | INFO     | agents.servers.serverFedMSE:train_on_clients:54 - Client 14 gets new best val_loss at epoch #285: 0.000318
2025-09-30 09:44:03.190 | INFO     | agents.servers.serverFedMSE:train_on_clients:76 - 20 clients still training at epoch #285
2025-09-30 09:44:17.814 | INFO     | agents.servers.serverFedMSE:train_on_clients:32 - Training FedMSE model epoch #286
2025-09-30 09:44:21.143 | INFO     | agents.servers.serverFedMSE:train_on_clients:54 - Client 13 gets new best val_loss at epoch #286: 0.000346
2025-09-30 09:44:21.383 | INFO     | agents.servers.serverFedMSE:train_on_clients:54 - Client 14 gets new best val_loss at epoch #286: 0.000318
2025-09-30 09:44:22.564 | INFO     | agents.servers.serverFedMSE:train_on_clients:76 - 20 clients still training at epoch #286
2025-09-30 09:44:36.891 | INFO     | agents.servers.serverFedMSE:train_on_clients:32 - Training FedMSE model epoch #287
2025-09-30 09:44:38.916 | INFO     | agents.servers.serverFedMSE:train_on_clients:54 - Client 8 gets new best val_loss at epoch #287: 0.000351
2025-09-30 09:44:40.053 | INFO     | agents.servers.serverFedMSE:train_on_clients:54 - Client 13 gets new best val_loss at epoch #287: 0.000346
2025-09-30 09:44:41.416 | INFO     | agents.servers.serverFedMSE:train_on_clients:76 - 20 clients still training at epoch #287
2025-09-30 09:44:55.758 | INFO     | agents.servers.serverFedMSE:train_on_clients:32 - Training FedMSE model epoch #288
2025-09-30 09:44:57.890 | INFO     | agents.servers.serverFedMSE:train_on_clients:54 - Client 8 gets new best val_loss at epoch #288: 0.000351
2025-09-30 09:44:59.076 | INFO     | agents.servers.serverFedMSE:train_on_clients:54 - Client 13 gets new best val_loss at epoch #288: 0.000345
2025-09-30 09:45:00.432 | INFO     | agents.servers.serverFedMSE:train_on_clients:76 - 20 clients still training at epoch #288
2025-09-30 09:45:14.437 | INFO     | agents.servers.serverFedMSE:train_on_clients:32 - Training FedMSE model epoch #289
2025-09-30 09:45:19.158 | INFO     | agents.servers.serverFedMSE:train_on_clients:76 - 20 clients still training at epoch #289
2025-09-30 09:45:33.235 | INFO     | agents.servers.serverFedMSE:train_on_clients:32 - Training FedMSE model epoch #290
2025-09-30 09:45:33.474 | INFO     | agents.servers.serverFedMSE:train_on_clients:70 - Saved model for client 0 at epoch 290 -> saved_models/FedMSE/FedMSE/wsn_ds/epoch_290_client_0.pt
2025-09-30 09:45:33.711 | INFO     | agents.servers.serverFedMSE:train_on_clients:70 - Saved model for client 1 at epoch 290 -> saved_models/FedMSE/FedMSE/wsn_ds/epoch_290_client_1.pt
2025-09-30 09:45:33.951 | INFO     | agents.servers.serverFedMSE:train_on_clients:70 - Saved model for client 2 at epoch 290 -> saved_models/FedMSE/FedMSE/wsn_ds/epoch_290_client_2.pt
2025-09-30 09:45:34.196 | INFO     | agents.servers.serverFedMSE:train_on_clients:70 - Saved model for client 3 at epoch 290 -> saved_models/FedMSE/FedMSE/wsn_ds/epoch_290_client_3.pt
2025-09-30 09:45:34.434 | INFO     | agents.servers.serverFedMSE:train_on_clients:70 - Saved model for client 4 at epoch 290 -> saved_models/FedMSE/FedMSE/wsn_ds/epoch_290_client_4.pt
2025-09-30 09:45:34.675 | INFO     | agents.servers.serverFedMSE:train_on_clients:70 - Saved model for client 5 at epoch 290 -> saved_models/FedMSE/FedMSE/wsn_ds/epoch_290_client_5.pt
2025-09-30 09:45:34.911 | INFO     | agents.servers.serverFedMSE:train_on_clients:70 - Saved model for client 6 at epoch 290 -> saved_models/FedMSE/FedMSE/wsn_ds/epoch_290_client_6.pt
2025-09-30 09:45:35.152 | INFO     | agents.servers.serverFedMSE:train_on_clients:70 - Saved model for client 7 at epoch 290 -> saved_models/FedMSE/FedMSE/wsn_ds/epoch_290_client_7.pt
2025-09-30 09:45:35.389 | INFO     | agents.servers.serverFedMSE:train_on_clients:70 - Saved model for client 8 at epoch 290 -> saved_models/FedMSE/FedMSE/wsn_ds/epoch_290_client_8.pt
2025-09-30 09:45:35.625 | INFO     | agents.servers.serverFedMSE:train_on_clients:70 - Saved model for client 9 at epoch 290 -> saved_models/FedMSE/FedMSE/wsn_ds/epoch_290_client_9.pt
2025-09-30 09:45:35.894 | INFO     | agents.servers.serverFedMSE:train_on_clients:70 - Saved model for client 10 at epoch 290 -> saved_models/FedMSE/FedMSE/wsn_ds/epoch_290_client_10.pt
2025-09-30 09:45:36.129 | INFO     | agents.servers.serverFedMSE:train_on_clients:70 - Saved model for client 11 at epoch 290 -> saved_models/FedMSE/FedMSE/wsn_ds/epoch_290_client_11.pt
2025-09-30 09:45:36.363 | INFO     | agents.servers.serverFedMSE:train_on_clients:70 - Saved model for client 12 at epoch 290 -> saved_models/FedMSE/FedMSE/wsn_ds/epoch_290_client_12.pt
2025-09-30 09:45:36.599 | INFO     | agents.servers.serverFedMSE:train_on_clients:70 - Saved model for client 13 at epoch 290 -> saved_models/FedMSE/FedMSE/wsn_ds/epoch_290_client_13.pt
2025-09-30 09:45:36.833 | INFO     | agents.servers.serverFedMSE:train_on_clients:54 - Client 14 gets new best val_loss at epoch #290: 0.000316
2025-09-30 09:45:36.834 | INFO     | agents.servers.serverFedMSE:train_on_clients:70 - Saved model for client 14 at epoch 290 -> saved_models/FedMSE/FedMSE/wsn_ds/epoch_290_client_14.pt
2025-09-30 09:45:37.073 | INFO     | agents.servers.serverFedMSE:train_on_clients:70 - Saved model for client 15 at epoch 290 -> saved_models/FedMSE/FedMSE/wsn_ds/epoch_290_client_15.pt
2025-09-30 09:45:37.309 | INFO     | agents.servers.serverFedMSE:train_on_clients:70 - Saved model for client 16 at epoch 290 -> saved_models/FedMSE/FedMSE/wsn_ds/epoch_290_client_16.pt
2025-09-30 09:45:37.580 | INFO     | agents.servers.serverFedMSE:train_on_clients:70 - Saved model for client 17 at epoch 290 -> saved_models/FedMSE/FedMSE/wsn_ds/epoch_290_client_17.pt
2025-09-30 09:45:37.816 | INFO     | agents.servers.serverFedMSE:train_on_clients:70 - Saved model for client 18 at epoch 290 -> saved_models/FedMSE/FedMSE/wsn_ds/epoch_290_client_18.pt
2025-09-30 09:45:38.054 | INFO     | agents.servers.serverFedMSE:train_on_clients:70 - Saved model for client 19 at epoch 290 -> saved_models/FedMSE/FedMSE/wsn_ds/epoch_290_client_19.pt
2025-09-30 09:45:38.056 | INFO     | agents.servers.serverFedMSE:train_on_clients:76 - 20 clients still training at epoch #290
2025-09-30 09:45:52.261 | INFO     | agents.servers.serverFedMSE:train_on_clients:32 - Training FedMSE model epoch #291
2025-09-30 09:45:56.995 | INFO     | agents.servers.serverFedMSE:train_on_clients:54 - Client 19 gets new best val_loss at epoch #291: 0.000356
2025-09-30 09:45:56.997 | INFO     | agents.servers.serverFedMSE:train_on_clients:76 - 20 clients still training at epoch #291
2025-09-30 09:46:11.020 | INFO     | agents.servers.serverFedMSE:train_on_clients:32 - Training FedMSE model epoch #292
2025-09-30 09:46:14.513 | INFO     | agents.servers.serverFedMSE:train_on_clients:54 - Client 14 gets new best val_loss at epoch #292: 0.000315
2025-09-30 09:46:15.680 | INFO     | agents.servers.serverFedMSE:train_on_clients:54 - Client 19 gets new best val_loss at epoch #292: 0.000344
2025-09-30 09:46:15.681 | INFO     | agents.servers.serverFedMSE:train_on_clients:76 - 20 clients still training at epoch #292
2025-09-30 09:46:29.608 | INFO     | agents.servers.serverFedMSE:train_on_clients:32 - Training FedMSE model epoch #293
2025-09-30 09:46:34.300 | INFO     | agents.servers.serverFedMSE:train_on_clients:54 - Client 19 gets new best val_loss at epoch #293: 0.000342
2025-09-30 09:46:34.302 | INFO     | agents.servers.serverFedMSE:train_on_clients:76 - 20 clients still training at epoch #293
2025-09-30 09:46:48.294 | INFO     | agents.servers.serverFedMSE:train_on_clients:32 - Training FedMSE model epoch #294
2025-09-30 09:46:49.453 | INFO     | agents.servers.serverFedMSE:train_on_clients:54 - Client 4 gets new best val_loss at epoch #294: 0.000349
2025-09-30 09:46:52.957 | INFO     | agents.servers.serverFedMSE:train_on_clients:54 - Client 19 gets new best val_loss at epoch #294: 0.000340
2025-09-30 09:46:52.959 | INFO     | agents.servers.serverFedMSE:train_on_clients:76 - 20 clients still training at epoch #294
2025-09-30 09:47:06.934 | INFO     | agents.servers.serverFedMSE:train_on_clients:32 - Training FedMSE model epoch #295
2025-09-30 09:47:08.102 | INFO     | agents.servers.serverFedMSE:train_on_clients:54 - Client 4 gets new best val_loss at epoch #295: 0.000348
2025-09-30 09:47:10.433 | INFO     | agents.servers.serverFedMSE:train_on_clients:54 - Client 14 gets new best val_loss at epoch #295: 0.000314
2025-09-30 09:47:11.600 | INFO     | agents.servers.serverFedMSE:train_on_clients:54 - Client 19 gets new best val_loss at epoch #295: 0.000338
2025-09-30 09:47:11.601 | INFO     | agents.servers.serverFedMSE:train_on_clients:76 - 20 clients still training at epoch #295
2025-09-30 09:47:25.537 | INFO     | agents.servers.serverFedMSE:train_on_clients:32 - Training FedMSE model epoch #296
2025-09-30 09:47:27.635 | INFO     | agents.servers.serverFedMSE:train_on_clients:54 - Client 8 gets new best val_loss at epoch #296: 0.000349
2025-09-30 09:47:30.200 | INFO     | agents.servers.serverFedMSE:train_on_clients:54 - Client 19 gets new best val_loss at epoch #296: 0.000338
2025-09-30 09:47:30.202 | INFO     | agents.servers.serverFedMSE:train_on_clients:76 - 20 clients still training at epoch #296
2025-09-30 09:47:44.192 | INFO     | agents.servers.serverFedMSE:train_on_clients:32 - Training FedMSE model epoch #297
2025-09-30 09:47:48.895 | INFO     | agents.servers.serverFedMSE:train_on_clients:54 - Client 19 gets new best val_loss at epoch #297: 0.000337
2025-09-30 09:47:48.897 | INFO     | agents.servers.serverFedMSE:train_on_clients:76 - 20 clients still training at epoch #297
2025-09-30 09:48:03.033 | INFO     | agents.servers.serverFedMSE:train_on_clients:32 - Training FedMSE model epoch #298
2025-09-30 09:48:07.497 | INFO     | agents.servers.serverFedMSE:train_on_clients:76 - 20 clients still training at epoch #298
2025-09-30 09:48:21.565 | INFO     | agents.servers.serverFedMSE:train_on_clients:32 - Training FedMSE model epoch #299
2025-09-30 09:48:23.323 | INFO     | agents.servers.serverFedMSE:train_on_clients:54 - Client 7 gets new best val_loss at epoch #299: 0.000388
2025-09-30 09:48:24.210 | INFO     | agents.servers.serverFedMSE:train_on_clients:54 - Client 11 gets new best val_loss at epoch #299: 0.000344
2025-09-30 09:48:26.081 | INFO     | agents.servers.serverFedMSE:train_on_clients:76 - 20 clients still training at epoch #299
2025-09-30 09:48:40.331 | INFO     | agents.servers.serverFedMSE:train_on_clients:32 - Training FedMSE model epoch #300
2025-09-30 09:48:40.563 | INFO     | agents.servers.serverFedMSE:train_on_clients:70 - Saved model for client 0 at epoch 300 -> saved_models/FedMSE/FedMSE/wsn_ds/epoch_300_client_0.pt
2025-09-30 09:48:40.785 | INFO     | agents.servers.serverFedMSE:train_on_clients:70 - Saved model for client 1 at epoch 300 -> saved_models/FedMSE/FedMSE/wsn_ds/epoch_300_client_1.pt
2025-09-30 09:48:41.005 | INFO     | agents.servers.serverFedMSE:train_on_clients:70 - Saved model for client 2 at epoch 300 -> saved_models/FedMSE/FedMSE/wsn_ds/epoch_300_client_2.pt
2025-09-30 09:48:41.224 | INFO     | agents.servers.serverFedMSE:train_on_clients:70 - Saved model for client 3 at epoch 300 -> saved_models/FedMSE/FedMSE/wsn_ds/epoch_300_client_3.pt
2025-09-30 09:48:41.457 | INFO     | agents.servers.serverFedMSE:train_on_clients:70 - Saved model for client 4 at epoch 300 -> saved_models/FedMSE/FedMSE/wsn_ds/epoch_300_client_4.pt
2025-09-30 09:48:41.677 | INFO     | agents.servers.serverFedMSE:train_on_clients:70 - Saved model for client 5 at epoch 300 -> saved_models/FedMSE/FedMSE/wsn_ds/epoch_300_client_5.pt
2025-09-30 09:48:41.901 | INFO     | agents.servers.serverFedMSE:train_on_clients:70 - Saved model for client 6 at epoch 300 -> saved_models/FedMSE/FedMSE/wsn_ds/epoch_300_client_6.pt
2025-09-30 09:48:42.120 | INFO     | agents.servers.serverFedMSE:train_on_clients:54 - Client 7 gets new best val_loss at epoch #300: 0.000384
2025-09-30 09:48:42.121 | INFO     | agents.servers.serverFedMSE:train_on_clients:70 - Saved model for client 7 at epoch 300 -> saved_models/FedMSE/FedMSE/wsn_ds/epoch_300_client_7.pt
2025-09-30 09:48:42.340 | INFO     | agents.servers.serverFedMSE:train_on_clients:70 - Saved model for client 8 at epoch 300 -> saved_models/FedMSE/FedMSE/wsn_ds/epoch_300_client_8.pt
2025-09-30 09:48:42.563 | INFO     | agents.servers.serverFedMSE:train_on_clients:70 - Saved model for client 9 at epoch 300 -> saved_models/FedMSE/FedMSE/wsn_ds/epoch_300_client_9.pt
2025-09-30 09:48:42.788 | INFO     | agents.servers.serverFedMSE:train_on_clients:70 - Saved model for client 10 at epoch 300 -> saved_models/FedMSE/FedMSE/wsn_ds/epoch_300_client_10.pt
2025-09-30 09:48:43.009 | INFO     | agents.servers.serverFedMSE:train_on_clients:54 - Client 11 gets new best val_loss at epoch #300: 0.000342
2025-09-30 09:48:43.010 | INFO     | agents.servers.serverFedMSE:train_on_clients:70 - Saved model for client 11 at epoch 300 -> saved_models/FedMSE/FedMSE/wsn_ds/epoch_300_client_11.pt
2025-09-30 09:48:43.231 | INFO     | agents.servers.serverFedMSE:train_on_clients:70 - Saved model for client 12 at epoch 300 -> saved_models/FedMSE/FedMSE/wsn_ds/epoch_300_client_12.pt
2025-09-30 09:48:43.453 | INFO     | agents.servers.serverFedMSE:train_on_clients:70 - Saved model for client 13 at epoch 300 -> saved_models/FedMSE/FedMSE/wsn_ds/epoch_300_client_13.pt
2025-09-30 09:48:43.677 | INFO     | agents.servers.serverFedMSE:train_on_clients:70 - Saved model for client 14 at epoch 300 -> saved_models/FedMSE/FedMSE/wsn_ds/epoch_300_client_14.pt
2025-09-30 09:48:43.897 | INFO     | agents.servers.serverFedMSE:train_on_clients:70 - Saved model for client 15 at epoch 300 -> saved_models/FedMSE/FedMSE/wsn_ds/epoch_300_client_15.pt
2025-09-30 09:48:44.115 | INFO     | agents.servers.serverFedMSE:train_on_clients:70 - Saved model for client 16 at epoch 300 -> saved_models/FedMSE/FedMSE/wsn_ds/epoch_300_client_16.pt
2025-09-30 09:48:44.340 | INFO     | agents.servers.serverFedMSE:train_on_clients:70 - Saved model for client 17 at epoch 300 -> saved_models/FedMSE/FedMSE/wsn_ds/epoch_300_client_17.pt
2025-09-30 09:48:44.558 | INFO     | agents.servers.serverFedMSE:train_on_clients:70 - Saved model for client 18 at epoch 300 -> saved_models/FedMSE/FedMSE/wsn_ds/epoch_300_client_18.pt
2025-09-30 09:48:44.781 | INFO     | agents.servers.serverFedMSE:train_on_clients:70 - Saved model for client 19 at epoch 300 -> saved_models/FedMSE/FedMSE/wsn_ds/epoch_300_client_19.pt
2025-09-30 09:48:44.783 | INFO     | agents.servers.serverFedMSE:train_on_clients:76 - 20 clients still training at epoch #300
2025-09-30 09:48:59.011 | INFO     | agents.servers.serverFedMSE:train_on_clients:32 - Training FedMSE model epoch #301
2025-09-30 09:49:03.516 | INFO     | agents.servers.serverFedMSE:train_on_clients:76 - 20 clients still training at epoch #301
2025-09-30 09:49:17.441 | INFO     | agents.servers.serverFedMSE:train_on_clients:32 - Training FedMSE model epoch #302
2025-09-30 09:49:18.549 | INFO     | agents.servers.serverFedMSE:train_on_clients:54 - Client 4 gets new best val_loss at epoch #302: 0.000348
2025-09-30 09:49:20.080 | INFO     | agents.servers.serverFedMSE:train_on_clients:54 - Client 11 gets new best val_loss at epoch #302: 0.000342
2025-09-30 09:49:21.423 | INFO     | agents.servers.serverFedMSE:train_on_clients:54 - Client 17 gets new best val_loss at epoch #302: 0.000292
2025-09-30 09:49:21.889 | INFO     | agents.servers.serverFedMSE:train_on_clients:76 - 20 clients still training at epoch #302
2025-09-30 09:49:35.741 | INFO     | agents.servers.serverFedMSE:train_on_clients:32 - Training FedMSE model epoch #303
2025-09-30 09:49:38.522 | INFO     | agents.servers.serverFedMSE:train_on_clients:54 - Client 11 gets new best val_loss at epoch #303: 0.000342
2025-09-30 09:49:39.934 | INFO     | agents.servers.serverFedMSE:train_on_clients:54 - Client 17 gets new best val_loss at epoch #303: 0.000259
2025-09-30 09:49:40.400 | INFO     | agents.servers.serverFedMSE:train_on_clients:76 - 20 clients still training at epoch #303
2025-09-30 09:49:54.590 | INFO     | agents.servers.serverFedMSE:train_on_clients:32 - Training FedMSE model epoch #304
2025-09-30 09:49:57.241 | INFO     | agents.servers.serverFedMSE:train_on_clients:54 - Client 11 gets new best val_loss at epoch #304: 0.000342
2025-09-30 09:49:59.033 | INFO     | agents.servers.serverFedMSE:train_on_clients:76 - 20 clients still training at epoch #304
2025-09-30 09:50:13.768 | INFO     | agents.servers.serverFedMSE:train_on_clients:32 - Training FedMSE model epoch #305
2025-09-30 09:50:18.345 | INFO     | agents.servers.serverFedMSE:train_on_clients:76 - 20 clients still training at epoch #305
2025-09-30 09:50:32.977 | INFO     | agents.servers.serverFedMSE:train_on_clients:32 - Training FedMSE model epoch #306
2025-09-30 09:50:36.733 | INFO     | agents.servers.serverFedMSE:train_on_clients:54 - Client 15 gets new best val_loss at epoch #306: 0.000346
2025-09-30 09:50:37.666 | INFO     | agents.servers.serverFedMSE:train_on_clients:76 - 20 clients still training at epoch #306
2025-09-30 09:50:52.498 | INFO     | agents.servers.serverFedMSE:train_on_clients:32 - Training FedMSE model epoch #307
2025-09-30 09:50:56.542 | INFO     | agents.servers.serverFedMSE:train_on_clients:54 - Client 17 gets new best val_loss at epoch #307: 0.000257
2025-09-30 09:50:56.987 | INFO     | agents.servers.serverFedMSE:train_on_clients:76 - 20 clients still training at epoch #307
2025-09-30 09:51:11.269 | INFO     | agents.servers.serverFedMSE:train_on_clients:32 - Training FedMSE model epoch #308
2025-09-30 09:51:15.464 | INFO     | agents.servers.serverFedMSE:train_on_clients:54 - Client 17 gets new best val_loss at epoch #308: 0.000257
2025-09-30 09:51:15.946 | INFO     | agents.servers.serverFedMSE:train_on_clients:76 - 20 clients still training at epoch #308
2025-09-30 09:51:30.661 | INFO     | agents.servers.serverFedMSE:train_on_clients:32 - Training FedMSE model epoch #309
2025-09-30 09:51:30.901 | INFO     | agents.servers.serverFedMSE:train_on_clients:54 - Client 0 gets new best val_loss at epoch #309: 0.000445
2025-09-30 09:51:33.214 | INFO     | agents.servers.serverFedMSE:train_on_clients:54 - Client 10 gets new best val_loss at epoch #309: 0.000381
2025-09-30 09:51:35.316 | INFO     | agents.servers.serverFedMSE:train_on_clients:76 - 20 clients still training at epoch #309
2025-09-30 09:51:49.715 | INFO     | agents.servers.serverFedMSE:train_on_clients:32 - Training FedMSE model epoch #310
2025-09-30 09:51:49.954 | INFO     | agents.servers.serverFedMSE:train_on_clients:54 - Client 0 gets new best val_loss at epoch #310: 0.000442
2025-09-30 09:51:49.956 | INFO     | agents.servers.serverFedMSE:train_on_clients:70 - Saved model for client 0 at epoch 310 -> saved_models/FedMSE/FedMSE/wsn_ds/epoch_310_client_0.pt
2025-09-30 09:51:50.193 | INFO     | agents.servers.serverFedMSE:train_on_clients:70 - Saved model for client 1 at epoch 310 -> saved_models/FedMSE/FedMSE/wsn_ds/epoch_310_client_1.pt
2025-09-30 09:51:50.432 | INFO     | agents.servers.serverFedMSE:train_on_clients:70 - Saved model for client 2 at epoch 310 -> saved_models/FedMSE/FedMSE/wsn_ds/epoch_310_client_2.pt
2025-09-30 09:51:50.670 | INFO     | agents.servers.serverFedMSE:train_on_clients:70 - Saved model for client 3 at epoch 310 -> saved_models/FedMSE/FedMSE/wsn_ds/epoch_310_client_3.pt
2025-09-30 09:51:50.910 | INFO     | agents.servers.serverFedMSE:train_on_clients:70 - Saved model for client 4 at epoch 310 -> saved_models/FedMSE/FedMSE/wsn_ds/epoch_310_client_4.pt
2025-09-30 09:51:51.148 | INFO     | agents.servers.serverFedMSE:train_on_clients:70 - Saved model for client 5 at epoch 310 -> saved_models/FedMSE/FedMSE/wsn_ds/epoch_310_client_5.pt
2025-09-30 09:51:51.381 | INFO     | agents.servers.serverFedMSE:train_on_clients:70 - Saved model for client 6 at epoch 310 -> saved_models/FedMSE/FedMSE/wsn_ds/epoch_310_client_6.pt
2025-09-30 09:51:51.613 | INFO     | agents.servers.serverFedMSE:train_on_clients:70 - Saved model for client 7 at epoch 310 -> saved_models/FedMSE/FedMSE/wsn_ds/epoch_310_client_7.pt
2025-09-30 09:51:51.846 | INFO     | agents.servers.serverFedMSE:train_on_clients:70 - Saved model for client 8 at epoch 310 -> saved_models/FedMSE/FedMSE/wsn_ds/epoch_310_client_8.pt
2025-09-30 09:51:52.081 | INFO     | agents.servers.serverFedMSE:train_on_clients:70 - Saved model for client 9 at epoch 310 -> saved_models/FedMSE/FedMSE/wsn_ds/epoch_310_client_9.pt
2025-09-30 09:51:52.314 | INFO     | agents.servers.serverFedMSE:train_on_clients:70 - Saved model for client 10 at epoch 310 -> saved_models/FedMSE/FedMSE/wsn_ds/epoch_310_client_10.pt
2025-09-30 09:51:52.547 | INFO     | agents.servers.serverFedMSE:train_on_clients:70 - Saved model for client 11 at epoch 310 -> saved_models/FedMSE/FedMSE/wsn_ds/epoch_310_client_11.pt
2025-09-30 09:51:52.777 | INFO     | agents.servers.serverFedMSE:train_on_clients:70 - Saved model for client 12 at epoch 310 -> saved_models/FedMSE/FedMSE/wsn_ds/epoch_310_client_12.pt
2025-09-30 09:51:53.012 | INFO     | agents.servers.serverFedMSE:train_on_clients:70 - Saved model for client 13 at epoch 310 -> saved_models/FedMSE/FedMSE/wsn_ds/epoch_310_client_13.pt
2025-09-30 09:51:53.243 | INFO     | agents.servers.serverFedMSE:train_on_clients:70 - Saved model for client 14 at epoch 310 -> saved_models/FedMSE/FedMSE/wsn_ds/epoch_310_client_14.pt
2025-09-30 09:51:53.471 | INFO     | agents.servers.serverFedMSE:train_on_clients:70 - Saved model for client 15 at epoch 310 -> saved_models/FedMSE/FedMSE/wsn_ds/epoch_310_client_15.pt
2025-09-30 09:51:53.704 | INFO     | agents.servers.serverFedMSE:train_on_clients:70 - Saved model for client 16 at epoch 310 -> saved_models/FedMSE/FedMSE/wsn_ds/epoch_310_client_16.pt
2025-09-30 09:51:53.938 | INFO     | agents.servers.serverFedMSE:train_on_clients:70 - Saved model for client 17 at epoch 310 -> saved_models/FedMSE/FedMSE/wsn_ds/epoch_310_client_17.pt
2025-09-30 09:51:54.167 | INFO     | agents.servers.serverFedMSE:train_on_clients:70 - Saved model for client 18 at epoch 310 -> saved_models/FedMSE/FedMSE/wsn_ds/epoch_310_client_18.pt
2025-09-30 09:51:54.399 | INFO     | agents.servers.serverFedMSE:train_on_clients:70 - Saved model for client 19 at epoch 310 -> saved_models/FedMSE/FedMSE/wsn_ds/epoch_310_client_19.pt
2025-09-30 09:51:54.401 | INFO     | agents.servers.serverFedMSE:train_on_clients:76 - 20 clients still training at epoch #310
2025-09-30 09:52:08.473 | INFO     | agents.servers.serverFedMSE:train_on_clients:32 - Training FedMSE model epoch #311
2025-09-30 09:52:08.707 | INFO     | agents.servers.serverFedMSE:train_on_clients:54 - Client 0 gets new best val_loss at epoch #311: 0.000440
2025-09-30 09:52:11.121 | INFO     | agents.servers.serverFedMSE:train_on_clients:54 - Client 10 gets new best val_loss at epoch #311: 0.000378
2025-09-30 09:52:13.231 | INFO     | agents.servers.serverFedMSE:train_on_clients:76 - 20 clients still training at epoch #311
2025-09-30 09:52:28.149 | INFO     | agents.servers.serverFedMSE:train_on_clients:32 - Training FedMSE model epoch #312
2025-09-30 09:52:32.796 | INFO     | agents.servers.serverFedMSE:train_on_clients:76 - 20 clients still training at epoch #312
2025-09-30 09:52:47.448 | INFO     | agents.servers.serverFedMSE:train_on_clients:32 - Training FedMSE model epoch #313
2025-09-30 09:52:47.685 | INFO     | agents.servers.serverFedMSE:train_on_clients:54 - Client 0 gets new best val_loss at epoch #313: 0.000439
2025-09-30 09:52:52.070 | INFO     | agents.servers.serverFedMSE:train_on_clients:76 - 20 clients still training at epoch #313
2025-09-30 09:53:05.913 | INFO     | agents.servers.serverFedMSE:train_on_clients:32 - Training FedMSE model epoch #314
2025-09-30 09:53:10.607 | INFO     | agents.servers.serverFedMSE:train_on_clients:76 - 20 clients still training at epoch #314
2025-09-30 09:53:25.346 | INFO     | agents.servers.serverFedMSE:train_on_clients:32 - Training FedMSE model epoch #315
2025-09-30 09:53:29.856 | INFO     | agents.servers.serverFedMSE:train_on_clients:76 - 20 clients still training at epoch #315
2025-09-30 09:53:44.489 | INFO     | agents.servers.serverFedMSE:train_on_clients:32 - Training FedMSE model epoch #316
2025-09-30 09:53:49.137 | INFO     | agents.servers.serverFedMSE:train_on_clients:76 - 20 clients still training at epoch #316
2025-09-30 09:54:02.965 | INFO     | agents.servers.serverFedMSE:train_on_clients:32 - Training FedMSE model epoch #317
2025-09-30 09:54:07.599 | INFO     | agents.servers.serverFedMSE:train_on_clients:76 - 20 clients still training at epoch #317
2025-09-30 09:54:21.392 | INFO     | agents.servers.serverFedMSE:train_on_clients:32 - Training FedMSE model epoch #318
2025-09-30 09:54:26.041 | INFO     | agents.servers.serverFedMSE:train_on_clients:76 - 20 clients still training at epoch #318
2025-09-30 09:54:40.140 | INFO     | agents.servers.serverFedMSE:train_on_clients:32 - Training FedMSE model epoch #319
2025-09-30 09:54:44.806 | INFO     | agents.servers.serverFedMSE:train_on_clients:76 - 20 clients still training at epoch #319
2025-09-30 09:54:58.599 | INFO     | agents.servers.serverFedMSE:train_on_clients:32 - Training FedMSE model epoch #320
2025-09-30 09:54:58.832 | INFO     | agents.servers.serverFedMSE:train_on_clients:70 - Saved model for client 0 at epoch 320 -> saved_models/FedMSE/FedMSE/wsn_ds/epoch_320_client_0.pt
2025-09-30 09:54:59.065 | INFO     | agents.servers.serverFedMSE:train_on_clients:70 - Saved model for client 1 at epoch 320 -> saved_models/FedMSE/FedMSE/wsn_ds/epoch_320_client_1.pt
2025-09-30 09:54:59.299 | INFO     | agents.servers.serverFedMSE:train_on_clients:70 - Saved model for client 2 at epoch 320 -> saved_models/FedMSE/FedMSE/wsn_ds/epoch_320_client_2.pt
2025-09-30 09:54:59.534 | INFO     | agents.servers.serverFedMSE:train_on_clients:70 - Saved model for client 3 at epoch 320 -> saved_models/FedMSE/FedMSE/wsn_ds/epoch_320_client_3.pt
2025-09-30 09:54:59.766 | INFO     | agents.servers.serverFedMSE:train_on_clients:70 - Saved model for client 4 at epoch 320 -> saved_models/FedMSE/FedMSE/wsn_ds/epoch_320_client_4.pt
2025-09-30 09:55:00.004 | INFO     | agents.servers.serverFedMSE:train_on_clients:70 - Saved model for client 5 at epoch 320 -> saved_models/FedMSE/FedMSE/wsn_ds/epoch_320_client_5.pt
2025-09-30 09:55:00.236 | INFO     | agents.servers.serverFedMSE:train_on_clients:70 - Saved model for client 6 at epoch 320 -> saved_models/FedMSE/FedMSE/wsn_ds/epoch_320_client_6.pt
2025-09-30 09:55:00.468 | INFO     | agents.servers.serverFedMSE:train_on_clients:70 - Saved model for client 7 at epoch 320 -> saved_models/FedMSE/FedMSE/wsn_ds/epoch_320_client_7.pt
2025-09-30 09:55:00.702 | INFO     | agents.servers.serverFedMSE:train_on_clients:70 - Saved model for client 8 at epoch 320 -> saved_models/FedMSE/FedMSE/wsn_ds/epoch_320_client_8.pt
2025-09-30 09:55:00.936 | INFO     | agents.servers.serverFedMSE:train_on_clients:70 - Saved model for client 9 at epoch 320 -> saved_models/FedMSE/FedMSE/wsn_ds/epoch_320_client_9.pt
2025-09-30 09:55:01.167 | INFO     | agents.servers.serverFedMSE:train_on_clients:70 - Saved model for client 10 at epoch 320 -> saved_models/FedMSE/FedMSE/wsn_ds/epoch_320_client_10.pt
2025-09-30 09:55:01.400 | INFO     | agents.servers.serverFedMSE:train_on_clients:70 - Saved model for client 11 at epoch 320 -> saved_models/FedMSE/FedMSE/wsn_ds/epoch_320_client_11.pt
2025-09-30 09:55:01.634 | INFO     | agents.servers.serverFedMSE:train_on_clients:70 - Saved model for client 12 at epoch 320 -> saved_models/FedMSE/FedMSE/wsn_ds/epoch_320_client_12.pt
2025-09-30 09:55:01.867 | INFO     | agents.servers.serverFedMSE:train_on_clients:70 - Saved model for client 13 at epoch 320 -> saved_models/FedMSE/FedMSE/wsn_ds/epoch_320_client_13.pt
2025-09-30 09:55:02.100 | INFO     | agents.servers.serverFedMSE:train_on_clients:70 - Saved model for client 14 at epoch 320 -> saved_models/FedMSE/FedMSE/wsn_ds/epoch_320_client_14.pt
2025-09-30 09:55:02.338 | INFO     | agents.servers.serverFedMSE:train_on_clients:70 - Saved model for client 15 at epoch 320 -> saved_models/FedMSE/FedMSE/wsn_ds/epoch_320_client_15.pt
2025-09-30 09:55:02.575 | INFO     | agents.servers.serverFedMSE:train_on_clients:70 - Saved model for client 16 at epoch 320 -> saved_models/FedMSE/FedMSE/wsn_ds/epoch_320_client_16.pt
2025-09-30 09:55:02.809 | INFO     | agents.servers.serverFedMSE:train_on_clients:70 - Saved model for client 17 at epoch 320 -> saved_models/FedMSE/FedMSE/wsn_ds/epoch_320_client_17.pt
2025-09-30 09:55:03.040 | INFO     | agents.servers.serverFedMSE:train_on_clients:70 - Saved model for client 18 at epoch 320 -> saved_models/FedMSE/FedMSE/wsn_ds/epoch_320_client_18.pt
2025-09-30 09:55:03.273 | INFO     | agents.servers.serverFedMSE:train_on_clients:70 - Saved model for client 19 at epoch 320 -> saved_models/FedMSE/FedMSE/wsn_ds/epoch_320_client_19.pt
2025-09-30 09:55:03.275 | INFO     | agents.servers.serverFedMSE:train_on_clients:76 - 20 clients still training at epoch #320
2025-09-30 09:55:17.240 | INFO     | agents.servers.serverFedMSE:train_on_clients:32 - Training FedMSE model epoch #321
2025-09-30 09:55:21.680 | INFO     | agents.servers.serverFedMSE:train_on_clients:76 - 20 clients still training at epoch #321
2025-09-30 09:55:35.739 | INFO     | agents.servers.serverFedMSE:train_on_clients:32 - Training FedMSE model epoch #322
2025-09-30 09:55:40.374 | INFO     | agents.servers.serverFedMSE:train_on_clients:76 - 20 clients still training at epoch #322
2025-09-30 09:55:54.333 | INFO     | agents.servers.serverFedMSE:train_on_clients:32 - Training FedMSE model epoch #323
2025-09-30 09:55:55.721 | INFO     | agents.servers.serverFedMSE:train_on_clients:54 - Client 5 gets new best val_loss at epoch #323: 0.000353
2025-09-30 09:55:58.963 | INFO     | agents.servers.serverFedMSE:train_on_clients:76 - 20 clients still training at epoch #323
2025-09-30 09:56:12.896 | INFO     | agents.servers.serverFedMSE:train_on_clients:32 - Training FedMSE model epoch #324
2025-09-30 09:56:14.289 | INFO     | agents.servers.serverFedMSE:train_on_clients:54 - Client 5 gets new best val_loss at epoch #324: 0.000342
2025-09-30 09:56:17.562 | INFO     | agents.servers.serverFedMSE:train_on_clients:76 - 20 clients still training at epoch #324
2025-09-30 09:56:31.527 | INFO     | agents.servers.serverFedMSE:train_on_clients:32 - Training FedMSE model epoch #325
2025-09-30 09:56:36.209 | INFO     | agents.servers.serverFedMSE:train_on_clients:76 - 20 clients still training at epoch #325
2025-09-30 09:56:50.363 | INFO     | agents.servers.serverFedMSE:train_on_clients:32 - Training FedMSE model epoch #326
2025-09-30 09:56:55.038 | INFO     | agents.servers.serverFedMSE:train_on_clients:76 - 20 clients still training at epoch #326
2025-09-30 09:57:09.013 | INFO     | agents.servers.serverFedMSE:train_on_clients:32 - Training FedMSE model epoch #327
2025-09-30 09:57:10.407 | INFO     | agents.servers.serverFedMSE:train_on_clients:54 - Client 5 gets new best val_loss at epoch #327: 0.000340
2025-09-30 09:57:13.681 | INFO     | agents.servers.serverFedMSE:train_on_clients:76 - 20 clients still training at epoch #327
2025-09-30 09:57:27.567 | INFO     | agents.servers.serverFedMSE:train_on_clients:32 - Training FedMSE model epoch #328
2025-09-30 09:57:28.964 | INFO     | agents.servers.serverFedMSE:train_on_clients:54 - Client 5 gets new best val_loss at epoch #328: 0.000339
2025-09-30 09:57:32.213 | INFO     | agents.servers.serverFedMSE:train_on_clients:76 - 20 clients still training at epoch #328
2025-09-30 09:57:46.141 | INFO     | agents.servers.serverFedMSE:train_on_clients:32 - Training FedMSE model epoch #329
2025-09-30 09:57:50.990 | INFO     | agents.servers.serverFedMSE:train_on_clients:76 - 20 clients still training at epoch #329
2025-09-30 09:58:05.453 | INFO     | agents.servers.serverFedMSE:train_on_clients:32 - Training FedMSE model epoch #330
2025-09-30 09:58:05.688 | INFO     | agents.servers.serverFedMSE:train_on_clients:70 - Saved model for client 0 at epoch 330 -> saved_models/FedMSE/FedMSE/wsn_ds/epoch_330_client_0.pt
2025-09-30 09:58:05.920 | INFO     | agents.servers.serverFedMSE:train_on_clients:70 - Saved model for client 1 at epoch 330 -> saved_models/FedMSE/FedMSE/wsn_ds/epoch_330_client_1.pt
2025-09-30 09:58:06.153 | INFO     | agents.servers.serverFedMSE:train_on_clients:70 - Saved model for client 2 at epoch 330 -> saved_models/FedMSE/FedMSE/wsn_ds/epoch_330_client_2.pt
2025-09-30 09:58:06.384 | INFO     | agents.servers.serverFedMSE:train_on_clients:70 - Saved model for client 3 at epoch 330 -> saved_models/FedMSE/FedMSE/wsn_ds/epoch_330_client_3.pt
2025-09-30 09:58:06.617 | INFO     | agents.servers.serverFedMSE:train_on_clients:70 - Saved model for client 4 at epoch 330 -> saved_models/FedMSE/FedMSE/wsn_ds/epoch_330_client_4.pt
2025-09-30 09:58:06.848 | INFO     | agents.servers.serverFedMSE:train_on_clients:70 - Saved model for client 5 at epoch 330 -> saved_models/FedMSE/FedMSE/wsn_ds/epoch_330_client_5.pt
2025-09-30 09:58:07.080 | INFO     | agents.servers.serverFedMSE:train_on_clients:70 - Saved model for client 6 at epoch 330 -> saved_models/FedMSE/FedMSE/wsn_ds/epoch_330_client_6.pt
2025-09-30 09:58:07.312 | INFO     | agents.servers.serverFedMSE:train_on_clients:70 - Saved model for client 7 at epoch 330 -> saved_models/FedMSE/FedMSE/wsn_ds/epoch_330_client_7.pt
2025-09-30 09:58:07.543 | INFO     | agents.servers.serverFedMSE:train_on_clients:70 - Saved model for client 8 at epoch 330 -> saved_models/FedMSE/FedMSE/wsn_ds/epoch_330_client_8.pt
2025-09-30 09:58:07.775 | INFO     | agents.servers.serverFedMSE:train_on_clients:70 - Saved model for client 9 at epoch 330 -> saved_models/FedMSE/FedMSE/wsn_ds/epoch_330_client_9.pt
2025-09-30 09:58:08.009 | INFO     | agents.servers.serverFedMSE:train_on_clients:70 - Saved model for client 10 at epoch 330 -> saved_models/FedMSE/FedMSE/wsn_ds/epoch_330_client_10.pt
2025-09-30 09:58:08.241 | INFO     | agents.servers.serverFedMSE:train_on_clients:70 - Saved model for client 11 at epoch 330 -> saved_models/FedMSE/FedMSE/wsn_ds/epoch_330_client_11.pt
2025-09-30 09:58:08.472 | INFO     | agents.servers.serverFedMSE:train_on_clients:70 - Saved model for client 12 at epoch 330 -> saved_models/FedMSE/FedMSE/wsn_ds/epoch_330_client_12.pt
2025-09-30 09:58:08.702 | INFO     | agents.servers.serverFedMSE:train_on_clients:70 - Saved model for client 13 at epoch 330 -> saved_models/FedMSE/FedMSE/wsn_ds/epoch_330_client_13.pt
2025-09-30 09:58:08.932 | INFO     | agents.servers.serverFedMSE:train_on_clients:70 - Saved model for client 14 at epoch 330 -> saved_models/FedMSE/FedMSE/wsn_ds/epoch_330_client_14.pt
2025-09-30 09:58:09.163 | INFO     | agents.servers.serverFedMSE:train_on_clients:70 - Saved model for client 15 at epoch 330 -> saved_models/FedMSE/FedMSE/wsn_ds/epoch_330_client_15.pt
2025-09-30 09:58:09.394 | INFO     | agents.servers.serverFedMSE:train_on_clients:70 - Saved model for client 16 at epoch 330 -> saved_models/FedMSE/FedMSE/wsn_ds/epoch_330_client_16.pt
2025-09-30 09:58:09.629 | INFO     | agents.servers.serverFedMSE:train_on_clients:70 - Saved model for client 17 at epoch 330 -> saved_models/FedMSE/FedMSE/wsn_ds/epoch_330_client_17.pt
2025-09-30 09:58:09.869 | INFO     | agents.servers.serverFedMSE:train_on_clients:70 - Saved model for client 18 at epoch 330 -> saved_models/FedMSE/FedMSE/wsn_ds/epoch_330_client_18.pt
2025-09-30 09:58:10.110 | INFO     | agents.servers.serverFedMSE:train_on_clients:70 - Saved model for client 19 at epoch 330 -> saved_models/FedMSE/FedMSE/wsn_ds/epoch_330_client_19.pt
2025-09-30 09:58:10.112 | INFO     | agents.servers.serverFedMSE:train_on_clients:76 - 20 clients still training at epoch #330
2025-09-30 09:58:24.905 | INFO     | agents.servers.serverFedMSE:train_on_clients:32 - Training FedMSE model epoch #331
2025-09-30 09:58:29.548 | INFO     | agents.servers.serverFedMSE:train_on_clients:76 - 20 clients still training at epoch #331
2025-09-30 09:58:43.694 | INFO     | agents.servers.serverFedMSE:train_on_clients:32 - Training FedMSE model epoch #332
2025-09-30 09:58:48.370 | INFO     | agents.servers.serverFedMSE:train_on_clients:76 - 20 clients still training at epoch #332
2025-09-30 09:59:03.010 | INFO     | agents.servers.serverFedMSE:train_on_clients:32 - Training FedMSE model epoch #333
2025-09-30 09:59:07.666 | INFO     | agents.servers.serverFedMSE:train_on_clients:76 - 20 clients still training at epoch #333
2025-09-30 09:59:22.262 | INFO     | agents.servers.serverFedMSE:train_on_clients:32 - Training FedMSE model epoch #334
2025-09-30 09:59:26.876 | INFO     | agents.servers.serverFedMSE:train_on_clients:76 - 20 clients still training at epoch #334
2025-09-30 09:59:41.237 | INFO     | agents.servers.serverFedMSE:train_on_clients:32 - Training FedMSE model epoch #335
2025-09-30 09:59:45.721 | INFO     | agents.servers.serverFedMSE:train_on_clients:76 - 20 clients still training at epoch #335
2025-09-30 10:00:00.046 | INFO     | agents.servers.serverFedMSE:train_on_clients:32 - Training FedMSE model epoch #336
2025-09-30 10:00:04.836 | INFO     | agents.servers.serverFedMSE:train_on_clients:76 - 20 clients still training at epoch #336
2025-09-30 10:00:19.279 | INFO     | agents.servers.serverFedMSE:train_on_clients:32 - Training FedMSE model epoch #337
2025-09-30 10:00:23.994 | INFO     | agents.servers.serverFedMSE:train_on_clients:76 - 20 clients still training at epoch #337
2025-09-30 10:00:38.170 | INFO     | agents.servers.serverFedMSE:train_on_clients:32 - Training FedMSE model epoch #338
2025-09-30 10:00:42.868 | INFO     | agents.servers.serverFedMSE:train_on_clients:76 - 20 clients still training at epoch #338
2025-09-30 10:00:57.081 | INFO     | agents.servers.serverFedMSE:train_on_clients:32 - Training FedMSE model epoch #339
2025-09-30 10:01:01.726 | INFO     | agents.servers.serverFedMSE:train_on_clients:76 - 20 clients still training at epoch #339
2025-09-30 10:01:15.746 | INFO     | agents.servers.serverFedMSE:train_on_clients:32 - Training FedMSE model epoch #340
2025-09-30 10:01:15.981 | INFO     | agents.servers.serverFedMSE:train_on_clients:70 - Saved model for client 0 at epoch 340 -> saved_models/FedMSE/FedMSE/wsn_ds/epoch_340_client_0.pt
2025-09-30 10:01:16.217 | INFO     | agents.servers.serverFedMSE:train_on_clients:70 - Saved model for client 1 at epoch 340 -> saved_models/FedMSE/FedMSE/wsn_ds/epoch_340_client_1.pt
2025-09-30 10:01:16.451 | INFO     | agents.servers.serverFedMSE:train_on_clients:70 - Saved model for client 2 at epoch 340 -> saved_models/FedMSE/FedMSE/wsn_ds/epoch_340_client_2.pt
2025-09-30 10:01:16.684 | INFO     | agents.servers.serverFedMSE:train_on_clients:70 - Saved model for client 3 at epoch 340 -> saved_models/FedMSE/FedMSE/wsn_ds/epoch_340_client_3.pt
2025-09-30 10:01:16.922 | INFO     | agents.servers.serverFedMSE:train_on_clients:70 - Saved model for client 4 at epoch 340 -> saved_models/FedMSE/FedMSE/wsn_ds/epoch_340_client_4.pt
2025-09-30 10:01:17.153 | INFO     | agents.servers.serverFedMSE:train_on_clients:70 - Saved model for client 5 at epoch 340 -> saved_models/FedMSE/FedMSE/wsn_ds/epoch_340_client_5.pt
2025-09-30 10:01:17.389 | INFO     | agents.servers.serverFedMSE:train_on_clients:70 - Saved model for client 6 at epoch 340 -> saved_models/FedMSE/FedMSE/wsn_ds/epoch_340_client_6.pt
2025-09-30 10:01:17.622 | INFO     | agents.servers.serverFedMSE:train_on_clients:70 - Saved model for client 7 at epoch 340 -> saved_models/FedMSE/FedMSE/wsn_ds/epoch_340_client_7.pt
2025-09-30 10:01:17.856 | INFO     | agents.servers.serverFedMSE:train_on_clients:70 - Saved model for client 8 at epoch 340 -> saved_models/FedMSE/FedMSE/wsn_ds/epoch_340_client_8.pt
2025-09-30 10:01:18.090 | INFO     | agents.servers.serverFedMSE:train_on_clients:70 - Saved model for client 9 at epoch 340 -> saved_models/FedMSE/FedMSE/wsn_ds/epoch_340_client_9.pt
2025-09-30 10:01:18.323 | INFO     | agents.servers.serverFedMSE:train_on_clients:70 - Saved model for client 10 at epoch 340 -> saved_models/FedMSE/FedMSE/wsn_ds/epoch_340_client_10.pt
2025-09-30 10:01:18.558 | INFO     | agents.servers.serverFedMSE:train_on_clients:70 - Saved model for client 11 at epoch 340 -> saved_models/FedMSE/FedMSE/wsn_ds/epoch_340_client_11.pt
2025-09-30 10:01:18.793 | INFO     | agents.servers.serverFedMSE:train_on_clients:70 - Saved model for client 12 at epoch 340 -> saved_models/FedMSE/FedMSE/wsn_ds/epoch_340_client_12.pt
2025-09-30 10:01:19.026 | INFO     | agents.servers.serverFedMSE:train_on_clients:70 - Saved model for client 13 at epoch 340 -> saved_models/FedMSE/FedMSE/wsn_ds/epoch_340_client_13.pt
2025-09-30 10:01:19.264 | INFO     | agents.servers.serverFedMSE:train_on_clients:70 - Saved model for client 14 at epoch 340 -> saved_models/FedMSE/FedMSE/wsn_ds/epoch_340_client_14.pt
2025-09-30 10:01:19.496 | INFO     | agents.servers.serverFedMSE:train_on_clients:70 - Saved model for client 15 at epoch 340 -> saved_models/FedMSE/FedMSE/wsn_ds/epoch_340_client_15.pt
2025-09-30 10:01:19.731 | INFO     | agents.servers.serverFedMSE:train_on_clients:70 - Saved model for client 16 at epoch 340 -> saved_models/FedMSE/FedMSE/wsn_ds/epoch_340_client_16.pt
2025-09-30 10:01:19.964 | INFO     | agents.servers.serverFedMSE:train_on_clients:70 - Saved model for client 17 at epoch 340 -> saved_models/FedMSE/FedMSE/wsn_ds/epoch_340_client_17.pt
2025-09-30 10:01:20.201 | INFO     | agents.servers.serverFedMSE:train_on_clients:70 - Saved model for client 18 at epoch 340 -> saved_models/FedMSE/FedMSE/wsn_ds/epoch_340_client_18.pt
2025-09-30 10:01:20.440 | INFO     | agents.servers.serverFedMSE:train_on_clients:70 - Saved model for client 19 at epoch 340 -> saved_models/FedMSE/FedMSE/wsn_ds/epoch_340_client_19.pt
2025-09-30 10:01:20.442 | INFO     | agents.servers.serverFedMSE:train_on_clients:76 - 20 clients still training at epoch #340
2025-09-30 10:01:34.611 | INFO     | agents.servers.serverFedMSE:train_on_clients:32 - Training FedMSE model epoch #341
2025-09-30 10:01:39.272 | INFO     | agents.servers.serverFedMSE:train_on_clients:76 - 20 clients still training at epoch #341
2025-09-30 10:01:53.576 | INFO     | agents.servers.serverFedMSE:train_on_clients:32 - Training FedMSE model epoch #342
2025-09-30 10:01:54.052 | INFO     | agents.servers.serverFedMSE:train_on_clients:54 - Client 1 gets new best val_loss at epoch #342: 0.000426
2025-09-30 10:01:55.448 | INFO     | agents.servers.serverFedMSE:train_on_clients:54 - Client 7 gets new best val_loss at epoch #342: 0.000367
2025-09-30 10:01:58.225 | INFO     | agents.servers.serverFedMSE:train_on_clients:76 - 20 clients still training at epoch #342
2025-09-30 10:02:12.133 | INFO     | agents.servers.serverFedMSE:train_on_clients:32 - Training FedMSE model epoch #343
2025-09-30 10:02:12.599 | INFO     | agents.servers.serverFedMSE:train_on_clients:54 - Client 1 gets new best val_loss at epoch #343: 0.000424
2025-09-30 10:02:14.026 | INFO     | agents.servers.serverFedMSE:train_on_clients:54 - Client 7 gets new best val_loss at epoch #343: 0.000364
2025-09-30 10:02:16.827 | INFO     | agents.servers.serverFedMSE:train_on_clients:76 - 20 clients still training at epoch #343
2025-09-30 10:02:30.904 | INFO     | agents.servers.serverFedMSE:train_on_clients:32 - Training FedMSE model epoch #344
2025-09-30 10:02:35.611 | INFO     | agents.servers.serverFedMSE:train_on_clients:76 - 20 clients still training at epoch #344
2025-09-30 10:02:49.578 | INFO     | agents.servers.serverFedMSE:train_on_clients:32 - Training FedMSE model epoch #345
2025-09-30 10:02:51.444 | INFO     | agents.servers.serverFedMSE:train_on_clients:54 - Client 7 gets new best val_loss at epoch #345: 0.000362
2025-09-30 10:02:54.307 | INFO     | agents.servers.serverFedMSE:train_on_clients:76 - 20 clients still training at epoch #345
2025-09-30 10:03:08.662 | INFO     | agents.servers.serverFedMSE:train_on_clients:32 - Training FedMSE model epoch #346
2025-09-30 10:03:13.343 | INFO     | agents.servers.serverFedMSE:train_on_clients:76 - 20 clients still training at epoch #346
2025-09-30 10:03:27.607 | INFO     | agents.servers.serverFedMSE:train_on_clients:32 - Training FedMSE model epoch #347
2025-09-30 10:03:32.341 | INFO     | agents.servers.serverFedMSE:train_on_clients:76 - 20 clients still training at epoch #347
2025-09-30 10:03:46.930 | INFO     | agents.servers.serverFedMSE:train_on_clients:32 - Training FedMSE model epoch #348
2025-09-30 10:03:51.634 | INFO     | agents.servers.serverFedMSE:train_on_clients:76 - 20 clients still training at epoch #348
2025-09-30 10:04:06.663 | INFO     | agents.servers.serverFedMSE:train_on_clients:32 - Training FedMSE model epoch #349
2025-09-30 10:04:07.760 | INFO     | agents.servers.serverFedMSE:train_on_clients:54 - Client 3 gets new best val_loss at epoch #349: 0.000361
2025-09-30 10:04:12.253 | INFO     | agents.servers.serverFedMSE:train_on_clients:76 - 20 clients still training at epoch #349
2025-09-30 10:05:12.463 | INFO     | agents.servers.serverFedMSE:train_on_clients:32 - Training FedMSE model epoch #350
2025-09-30 10:05:12.740 | INFO     | agents.servers.serverFedMSE:train_on_clients:70 - Saved model for client 0 at epoch 350 -> saved_models/FedMSE/FedMSE/wsn_ds/epoch_350_client_0.pt
2025-09-30 10:05:13.020 | INFO     | agents.servers.serverFedMSE:train_on_clients:70 - Saved model for client 1 at epoch 350 -> saved_models/FedMSE/FedMSE/wsn_ds/epoch_350_client_1.pt
2025-09-30 10:05:13.299 | INFO     | agents.servers.serverFedMSE:train_on_clients:70 - Saved model for client 2 at epoch 350 -> saved_models/FedMSE/FedMSE/wsn_ds/epoch_350_client_2.pt
2025-09-30 10:05:13.579 | INFO     | agents.servers.serverFedMSE:train_on_clients:70 - Saved model for client 3 at epoch 350 -> saved_models/FedMSE/FedMSE/wsn_ds/epoch_350_client_3.pt
2025-09-30 10:05:13.858 | INFO     | agents.servers.serverFedMSE:train_on_clients:70 - Saved model for client 4 at epoch 350 -> saved_models/FedMSE/FedMSE/wsn_ds/epoch_350_client_4.pt
2025-09-30 10:05:14.136 | INFO     | agents.servers.serverFedMSE:train_on_clients:70 - Saved model for client 5 at epoch 350 -> saved_models/FedMSE/FedMSE/wsn_ds/epoch_350_client_5.pt
2025-09-30 10:05:14.415 | INFO     | agents.servers.serverFedMSE:train_on_clients:70 - Saved model for client 6 at epoch 350 -> saved_models/FedMSE/FedMSE/wsn_ds/epoch_350_client_6.pt
2025-09-30 10:05:14.692 | INFO     | agents.servers.serverFedMSE:train_on_clients:70 - Saved model for client 7 at epoch 350 -> saved_models/FedMSE/FedMSE/wsn_ds/epoch_350_client_7.pt
2025-09-30 10:05:14.970 | INFO     | agents.servers.serverFedMSE:train_on_clients:70 - Saved model for client 8 at epoch 350 -> saved_models/FedMSE/FedMSE/wsn_ds/epoch_350_client_8.pt
2025-09-30 10:05:15.248 | INFO     | agents.servers.serverFedMSE:train_on_clients:54 - Client 9 gets new best val_loss at epoch #350: 0.000326
2025-09-30 10:05:15.249 | INFO     | agents.servers.serverFedMSE:train_on_clients:70 - Saved model for client 9 at epoch 350 -> saved_models/FedMSE/FedMSE/wsn_ds/epoch_350_client_9.pt
2025-09-30 10:05:15.529 | INFO     | agents.servers.serverFedMSE:train_on_clients:70 - Saved model for client 10 at epoch 350 -> saved_models/FedMSE/FedMSE/wsn_ds/epoch_350_client_10.pt
2025-09-30 10:05:15.809 | INFO     | agents.servers.serverFedMSE:train_on_clients:70 - Saved model for client 11 at epoch 350 -> saved_models/FedMSE/FedMSE/wsn_ds/epoch_350_client_11.pt
2025-09-30 10:05:16.088 | INFO     | agents.servers.serverFedMSE:train_on_clients:70 - Saved model for client 12 at epoch 350 -> saved_models/FedMSE/FedMSE/wsn_ds/epoch_350_client_12.pt
2025-09-30 10:05:16.366 | INFO     | agents.servers.serverFedMSE:train_on_clients:70 - Saved model for client 13 at epoch 350 -> saved_models/FedMSE/FedMSE/wsn_ds/epoch_350_client_13.pt
2025-09-30 10:05:16.648 | INFO     | agents.servers.serverFedMSE:train_on_clients:70 - Saved model for client 14 at epoch 350 -> saved_models/FedMSE/FedMSE/wsn_ds/epoch_350_client_14.pt
2025-09-30 10:05:16.926 | INFO     | agents.servers.serverFedMSE:train_on_clients:70 - Saved model for client 15 at epoch 350 -> saved_models/FedMSE/FedMSE/wsn_ds/epoch_350_client_15.pt
2025-09-30 10:05:17.204 | INFO     | agents.servers.serverFedMSE:train_on_clients:70 - Saved model for client 16 at epoch 350 -> saved_models/FedMSE/FedMSE/wsn_ds/epoch_350_client_16.pt
2025-09-30 10:05:17.481 | INFO     | agents.servers.serverFedMSE:train_on_clients:70 - Saved model for client 17 at epoch 350 -> saved_models/FedMSE/FedMSE/wsn_ds/epoch_350_client_17.pt
2025-09-30 10:05:17.760 | INFO     | agents.servers.serverFedMSE:train_on_clients:70 - Saved model for client 18 at epoch 350 -> saved_models/FedMSE/FedMSE/wsn_ds/epoch_350_client_18.pt
2025-09-30 10:05:18.036 | INFO     | agents.servers.serverFedMSE:train_on_clients:70 - Saved model for client 19 at epoch 350 -> saved_models/FedMSE/FedMSE/wsn_ds/epoch_350_client_19.pt
2025-09-30 10:05:18.038 | INFO     | agents.servers.serverFedMSE:train_on_clients:76 - 20 clients still training at epoch #350
2025-09-30 10:06:19.675 | INFO     | agents.servers.serverFedMSE:train_on_clients:32 - Training FedMSE model epoch #351
2025-09-30 10:06:20.821 | INFO     | agents.servers.serverFedMSE:train_on_clients:54 - Client 3 gets new best val_loss at epoch #351: 0.000360
2025-09-30 10:06:22.523 | INFO     | agents.servers.serverFedMSE:train_on_clients:54 - Client 9 gets new best val_loss at epoch #351: 0.000323
2025-09-30 10:06:25.519 | INFO     | agents.servers.serverFedMSE:train_on_clients:76 - 20 clients still training at epoch #351
2025-09-30 10:07:38.359 | INFO     | agents.servers.serverFedMSE:train_on_clients:32 - Training FedMSE model epoch #352
2025-09-30 10:07:44.254 | INFO     | agents.servers.serverFedMSE:train_on_clients:76 - 20 clients still training at epoch #352
2025-09-30 10:08:56.658 | INFO     | agents.servers.serverFedMSE:train_on_clients:32 - Training FedMSE model epoch #353
2025-09-30 10:09:02.652 | INFO     | agents.servers.serverFedMSE:train_on_clients:76 - 20 clients still training at epoch #353
2025-09-30 10:10:15.021 | INFO     | agents.servers.serverFedMSE:train_on_clients:32 - Training FedMSE model epoch #354
2025-09-30 10:10:19.202 | INFO     | agents.servers.serverFedMSE:train_on_clients:54 - Client 13 gets new best val_loss at epoch #354: 0.000323
2025-09-30 10:10:20.898 | INFO     | agents.servers.serverFedMSE:train_on_clients:76 - 20 clients still training at epoch #354
2025-09-30 10:11:33.266 | INFO     | agents.servers.serverFedMSE:train_on_clients:32 - Training FedMSE model epoch #355
2025-09-30 10:11:39.124 | INFO     | agents.servers.serverFedMSE:train_on_clients:76 - 20 clients still training at epoch #355
2025-09-30 10:12:51.519 | INFO     | agents.servers.serverFedMSE:train_on_clients:32 - Training FedMSE model epoch #356
2025-09-30 10:12:57.382 | INFO     | agents.servers.serverFedMSE:train_on_clients:76 - 20 clients still training at epoch #356
2025-09-30 10:14:09.732 | INFO     | agents.servers.serverFedMSE:train_on_clients:32 - Training FedMSE model epoch #357
2025-09-30 10:14:13.628 | INFO     | agents.servers.serverFedMSE:train_on_clients:54 - Client 12 gets new best val_loss at epoch #357: 0.000389
2025-09-30 10:14:15.756 | INFO     | agents.servers.serverFedMSE:train_on_clients:76 - 20 clients still training at epoch #357
2025-09-30 10:15:28.085 | INFO     | agents.servers.serverFedMSE:train_on_clients:32 - Training FedMSE model epoch #358
2025-09-30 10:15:32.048 | INFO     | agents.servers.serverFedMSE:train_on_clients:54 - Client 12 gets new best val_loss at epoch #358: 0.000389
2025-09-30 10:15:34.156 | INFO     | agents.servers.serverFedMSE:train_on_clients:76 - 20 clients still training at epoch #358
2025-09-30 10:16:46.523 | INFO     | agents.servers.serverFedMSE:train_on_clients:32 - Training FedMSE model epoch #359
2025-09-30 10:16:50.396 | INFO     | agents.servers.serverFedMSE:train_on_clients:54 - Client 12 gets new best val_loss at epoch #359: 0.000389
2025-09-30 10:16:52.433 | INFO     | agents.servers.serverFedMSE:train_on_clients:76 - 20 clients still training at epoch #359
2025-09-30 10:18:04.821 | INFO     | agents.servers.serverFedMSE:train_on_clients:32 - Training FedMSE model epoch #360
2025-09-30 10:18:05.119 | INFO     | agents.servers.serverFedMSE:train_on_clients:70 - Saved model for client 0 at epoch 360 -> saved_models/FedMSE/FedMSE/wsn_ds/epoch_360_client_0.pt
2025-09-30 10:18:05.414 | INFO     | agents.servers.serverFedMSE:train_on_clients:70 - Saved model for client 1 at epoch 360 -> saved_models/FedMSE/FedMSE/wsn_ds/epoch_360_client_1.pt
2025-09-30 10:18:05.706 | INFO     | agents.servers.serverFedMSE:train_on_clients:70 - Saved model for client 2 at epoch 360 -> saved_models/FedMSE/FedMSE/wsn_ds/epoch_360_client_2.pt
2025-09-30 10:18:06.014 | INFO     | agents.servers.serverFedMSE:train_on_clients:70 - Saved model for client 3 at epoch 360 -> saved_models/FedMSE/FedMSE/wsn_ds/epoch_360_client_3.pt
2025-09-30 10:18:06.324 | INFO     | agents.servers.serverFedMSE:train_on_clients:70 - Saved model for client 4 at epoch 360 -> saved_models/FedMSE/FedMSE/wsn_ds/epoch_360_client_4.pt
2025-09-30 10:18:06.634 | INFO     | agents.servers.serverFedMSE:train_on_clients:70 - Saved model for client 5 at epoch 360 -> saved_models/FedMSE/FedMSE/wsn_ds/epoch_360_client_5.pt
2025-09-30 10:18:06.943 | INFO     | agents.servers.serverFedMSE:train_on_clients:70 - Saved model for client 6 at epoch 360 -> saved_models/FedMSE/FedMSE/wsn_ds/epoch_360_client_6.pt
2025-09-30 10:18:07.247 | INFO     | agents.servers.serverFedMSE:train_on_clients:70 - Saved model for client 7 at epoch 360 -> saved_models/FedMSE/FedMSE/wsn_ds/epoch_360_client_7.pt
2025-09-30 10:18:07.555 | INFO     | agents.servers.serverFedMSE:train_on_clients:70 - Saved model for client 8 at epoch 360 -> saved_models/FedMSE/FedMSE/wsn_ds/epoch_360_client_8.pt
2025-09-30 10:18:07.862 | INFO     | agents.servers.serverFedMSE:train_on_clients:70 - Saved model for client 9 at epoch 360 -> saved_models/FedMSE/FedMSE/wsn_ds/epoch_360_client_9.pt
2025-09-30 10:18:08.170 | INFO     | agents.servers.serverFedMSE:train_on_clients:70 - Saved model for client 10 at epoch 360 -> saved_models/FedMSE/FedMSE/wsn_ds/epoch_360_client_10.pt
2025-09-30 10:18:08.478 | INFO     | agents.servers.serverFedMSE:train_on_clients:70 - Saved model for client 11 at epoch 360 -> saved_models/FedMSE/FedMSE/wsn_ds/epoch_360_client_11.pt
2025-09-30 10:18:08.789 | INFO     | agents.servers.serverFedMSE:train_on_clients:54 - Client 12 gets new best val_loss at epoch #360: 0.000388
2025-09-30 10:18:08.791 | INFO     | agents.servers.serverFedMSE:train_on_clients:70 - Saved model for client 12 at epoch 360 -> saved_models/FedMSE/FedMSE/wsn_ds/epoch_360_client_12.pt
2025-09-30 10:18:09.100 | INFO     | agents.servers.serverFedMSE:train_on_clients:70 - Saved model for client 13 at epoch 360 -> saved_models/FedMSE/FedMSE/wsn_ds/epoch_360_client_13.pt
2025-09-30 10:18:09.406 | INFO     | agents.servers.serverFedMSE:train_on_clients:70 - Saved model for client 14 at epoch 360 -> saved_models/FedMSE/FedMSE/wsn_ds/epoch_360_client_14.pt
2025-09-30 10:18:09.710 | INFO     | agents.servers.serverFedMSE:train_on_clients:70 - Saved model for client 15 at epoch 360 -> saved_models/FedMSE/FedMSE/wsn_ds/epoch_360_client_15.pt
2025-09-30 10:18:10.009 | INFO     | agents.servers.serverFedMSE:train_on_clients:70 - Saved model for client 16 at epoch 360 -> saved_models/FedMSE/FedMSE/wsn_ds/epoch_360_client_16.pt
2025-09-30 10:18:10.301 | INFO     | agents.servers.serverFedMSE:train_on_clients:70 - Saved model for client 17 at epoch 360 -> saved_models/FedMSE/FedMSE/wsn_ds/epoch_360_client_17.pt
2025-09-30 10:18:10.608 | INFO     | agents.servers.serverFedMSE:train_on_clients:70 - Saved model for client 18 at epoch 360 -> saved_models/FedMSE/FedMSE/wsn_ds/epoch_360_client_18.pt
2025-09-30 10:18:10.898 | INFO     | agents.servers.serverFedMSE:train_on_clients:70 - Saved model for client 19 at epoch 360 -> saved_models/FedMSE/FedMSE/wsn_ds/epoch_360_client_19.pt
2025-09-30 10:18:10.900 | INFO     | agents.servers.serverFedMSE:train_on_clients:76 - 20 clients still training at epoch #360
2025-09-30 10:19:23.314 | INFO     | agents.servers.serverFedMSE:train_on_clients:32 - Training FedMSE model epoch #361
2025-09-30 10:19:27.399 | INFO     | agents.servers.serverFedMSE:train_on_clients:54 - Client 12 gets new best val_loss at epoch #361: 0.000387
2025-09-30 10:19:29.581 | INFO     | agents.servers.serverFedMSE:train_on_clients:76 - 20 clients still training at epoch #361
2025-09-30 10:20:41.967 | INFO     | agents.servers.serverFedMSE:train_on_clients:32 - Training FedMSE model epoch #362
2025-09-30 10:20:48.202 | INFO     | agents.servers.serverFedMSE:train_on_clients:76 - 20 clients still training at epoch #362
2025-09-30 10:22:00.568 | INFO     | agents.servers.serverFedMSE:train_on_clients:32 - Training FedMSE model epoch #363
2025-09-30 10:22:05.940 | INFO     | agents.servers.serverFedMSE:train_on_clients:54 - Client 16 gets new best val_loss at epoch #363: 0.000337
2025-09-30 10:22:06.920 | INFO     | agents.servers.serverFedMSE:train_on_clients:76 - 20 clients still training at epoch #363
2025-09-30 10:23:19.305 | INFO     | agents.servers.serverFedMSE:train_on_clients:32 - Training FedMSE model epoch #364
2025-09-30 10:23:24.441 | INFO     | agents.servers.serverFedMSE:train_on_clients:54 - Client 16 gets new best val_loss at epoch #364: 0.000335
2025-09-30 10:23:25.340 | INFO     | agents.servers.serverFedMSE:train_on_clients:76 - 20 clients still training at epoch #364
2025-09-30 10:24:37.666 | INFO     | agents.servers.serverFedMSE:train_on_clients:32 - Training FedMSE model epoch #365
2025-09-30 10:24:42.866 | INFO     | agents.servers.serverFedMSE:train_on_clients:54 - Client 16 gets new best val_loss at epoch #365: 0.000334
2025-09-30 10:24:43.809 | INFO     | agents.servers.serverFedMSE:train_on_clients:76 - 20 clients still training at epoch #365
2025-09-30 10:25:56.141 | INFO     | agents.servers.serverFedMSE:train_on_clients:32 - Training FedMSE model epoch #366
2025-09-30 10:26:00.118 | INFO     | agents.servers.serverFedMSE:train_on_clients:54 - Client 12 gets new best val_loss at epoch #366: 0.000386
2025-09-30 10:26:01.310 | INFO     | agents.servers.serverFedMSE:train_on_clients:54 - Client 16 gets new best val_loss at epoch #366: 0.000333
2025-09-30 10:26:02.219 | INFO     | agents.servers.serverFedMSE:train_on_clients:76 - 20 clients still training at epoch #366
2025-09-30 10:27:14.597 | INFO     | agents.servers.serverFedMSE:train_on_clients:32 - Training FedMSE model epoch #367
2025-09-30 10:27:18.359 | INFO     | agents.servers.serverFedMSE:train_on_clients:54 - Client 12 gets new best val_loss at epoch #367: 0.000386
2025-09-30 10:27:19.596 | INFO     | agents.servers.serverFedMSE:train_on_clients:54 - Client 16 gets new best val_loss at epoch #367: 0.000331
2025-09-30 10:27:20.229 | INFO     | agents.servers.serverFedMSE:train_on_clients:54 - Client 18 gets new best val_loss at epoch #367: 0.000303
2025-09-30 10:27:20.547 | INFO     | agents.servers.serverFedMSE:train_on_clients:76 - 20 clients still training at epoch #367
2025-09-30 10:28:32.925 | INFO     | agents.servers.serverFedMSE:train_on_clients:32 - Training FedMSE model epoch #368
2025-09-30 10:28:38.184 | INFO     | agents.servers.serverFedMSE:train_on_clients:54 - Client 16 gets new best val_loss at epoch #368: 0.000330
2025-09-30 10:28:38.796 | INFO     | agents.servers.serverFedMSE:train_on_clients:54 - Client 18 gets new best val_loss at epoch #368: 0.000295
2025-09-30 10:28:39.106 | INFO     | agents.servers.serverFedMSE:train_on_clients:76 - 20 clients still training at epoch #368
2025-09-30 10:29:51.472 | INFO     | agents.servers.serverFedMSE:train_on_clients:32 - Training FedMSE model epoch #369
2025-09-30 10:29:56.828 | INFO     | agents.servers.serverFedMSE:train_on_clients:54 - Client 16 gets new best val_loss at epoch #369: 0.000330
2025-09-30 10:29:57.761 | INFO     | agents.servers.serverFedMSE:train_on_clients:76 - 20 clients still training at epoch #369
2025-09-30 10:31:10.155 | INFO     | agents.servers.serverFedMSE:train_on_clients:32 - Training FedMSE model epoch #370
2025-09-30 10:31:10.468 | INFO     | agents.servers.serverFedMSE:train_on_clients:70 - Saved model for client 0 at epoch 370 -> saved_models/FedMSE/FedMSE/wsn_ds/epoch_370_client_0.pt
2025-09-30 10:31:10.776 | INFO     | agents.servers.serverFedMSE:train_on_clients:70 - Saved model for client 1 at epoch 370 -> saved_models/FedMSE/FedMSE/wsn_ds/epoch_370_client_1.pt
2025-09-30 10:31:11.083 | INFO     | agents.servers.serverFedMSE:train_on_clients:70 - Saved model for client 2 at epoch 370 -> saved_models/FedMSE/FedMSE/wsn_ds/epoch_370_client_2.pt
2025-09-30 10:31:11.401 | INFO     | agents.servers.serverFedMSE:train_on_clients:70 - Saved model for client 3 at epoch 370 -> saved_models/FedMSE/FedMSE/wsn_ds/epoch_370_client_3.pt
2025-09-30 10:31:11.709 | INFO     | agents.servers.serverFedMSE:train_on_clients:70 - Saved model for client 4 at epoch 370 -> saved_models/FedMSE/FedMSE/wsn_ds/epoch_370_client_4.pt
2025-09-30 10:31:12.019 | INFO     | agents.servers.serverFedMSE:train_on_clients:70 - Saved model for client 5 at epoch 370 -> saved_models/FedMSE/FedMSE/wsn_ds/epoch_370_client_5.pt
2025-09-30 10:31:12.321 | INFO     | agents.servers.serverFedMSE:train_on_clients:70 - Saved model for client 6 at epoch 370 -> saved_models/FedMSE/FedMSE/wsn_ds/epoch_370_client_6.pt
2025-09-30 10:31:12.627 | INFO     | agents.servers.serverFedMSE:train_on_clients:70 - Saved model for client 7 at epoch 370 -> saved_models/FedMSE/FedMSE/wsn_ds/epoch_370_client_7.pt
2025-09-30 10:31:12.933 | INFO     | agents.servers.serverFedMSE:train_on_clients:70 - Saved model for client 8 at epoch 370 -> saved_models/FedMSE/FedMSE/wsn_ds/epoch_370_client_8.pt
2025-09-30 10:31:13.244 | INFO     | agents.servers.serverFedMSE:train_on_clients:70 - Saved model for client 9 at epoch 370 -> saved_models/FedMSE/FedMSE/wsn_ds/epoch_370_client_9.pt
2025-09-30 10:31:13.559 | INFO     | agents.servers.serverFedMSE:train_on_clients:70 - Saved model for client 10 at epoch 370 -> saved_models/FedMSE/FedMSE/wsn_ds/epoch_370_client_10.pt
2025-09-30 10:31:13.870 | INFO     | agents.servers.serverFedMSE:train_on_clients:70 - Saved model for client 11 at epoch 370 -> saved_models/FedMSE/FedMSE/wsn_ds/epoch_370_client_11.pt
2025-09-30 10:31:14.180 | INFO     | agents.servers.serverFedMSE:train_on_clients:70 - Saved model for client 12 at epoch 370 -> saved_models/FedMSE/FedMSE/wsn_ds/epoch_370_client_12.pt
2025-09-30 10:31:14.481 | INFO     | agents.servers.serverFedMSE:train_on_clients:70 - Saved model for client 13 at epoch 370 -> saved_models/FedMSE/FedMSE/wsn_ds/epoch_370_client_13.pt
2025-09-30 10:31:14.790 | INFO     | agents.servers.serverFedMSE:train_on_clients:70 - Saved model for client 14 at epoch 370 -> saved_models/FedMSE/FedMSE/wsn_ds/epoch_370_client_14.pt
2025-09-30 10:31:15.095 | INFO     | agents.servers.serverFedMSE:train_on_clients:70 - Saved model for client 15 at epoch 370 -> saved_models/FedMSE/FedMSE/wsn_ds/epoch_370_client_15.pt
2025-09-30 10:31:15.397 | INFO     | agents.servers.serverFedMSE:train_on_clients:70 - Saved model for client 16 at epoch 370 -> saved_models/FedMSE/FedMSE/wsn_ds/epoch_370_client_16.pt
2025-09-30 10:31:15.702 | INFO     | agents.servers.serverFedMSE:train_on_clients:70 - Saved model for client 17 at epoch 370 -> saved_models/FedMSE/FedMSE/wsn_ds/epoch_370_client_17.pt
2025-09-30 10:31:16.010 | INFO     | agents.servers.serverFedMSE:train_on_clients:70 - Saved model for client 18 at epoch 370 -> saved_models/FedMSE/FedMSE/wsn_ds/epoch_370_client_18.pt
2025-09-30 10:31:16.324 | INFO     | agents.servers.serverFedMSE:train_on_clients:70 - Saved model for client 19 at epoch 370 -> saved_models/FedMSE/FedMSE/wsn_ds/epoch_370_client_19.pt
2025-09-30 10:31:16.326 | INFO     | agents.servers.serverFedMSE:train_on_clients:76 - 20 clients still training at epoch #370
2025-09-30 10:32:28.728 | INFO     | agents.servers.serverFedMSE:train_on_clients:32 - Training FedMSE model epoch #371
2025-09-30 10:32:30.902 | INFO     | agents.servers.serverFedMSE:train_on_clients:54 - Client 6 gets new best val_loss at epoch #371: 0.000320
2025-09-30 10:32:34.938 | INFO     | agents.servers.serverFedMSE:train_on_clients:76 - 20 clients still training at epoch #371
2025-09-30 10:33:46.947 | INFO     | agents.servers.serverFedMSE:train_on_clients:32 - Training FedMSE model epoch #372
2025-09-30 10:33:52.299 | INFO     | agents.servers.serverFedMSE:train_on_clients:76 - 20 clients still training at epoch #372
2025-09-30 10:34:40.189 | INFO     | agents.servers.serverFedMSE:train_on_clients:32 - Training FedMSE model epoch #373
2025-09-30 10:34:45.581 | INFO     | agents.servers.serverFedMSE:train_on_clients:76 - 20 clients still training at epoch #373
2025-09-30 10:35:33.490 | INFO     | agents.servers.serverFedMSE:train_on_clients:32 - Training FedMSE model epoch #374
2025-09-30 10:35:38.818 | INFO     | agents.servers.serverFedMSE:train_on_clients:76 - 20 clients still training at epoch #374
2025-09-30 10:36:26.727 | INFO     | agents.servers.serverFedMSE:train_on_clients:32 - Training FedMSE model epoch #375
2025-09-30 10:36:27.559 | INFO     | agents.servers.serverFedMSE:train_on_clients:54 - Client 2 gets new best val_loss at epoch #375: 0.000294
2025-09-30 10:36:32.257 | INFO     | agents.servers.serverFedMSE:train_on_clients:76 - 20 clients still training at epoch #375
2025-09-30 10:37:20.164 | INFO     | agents.servers.serverFedMSE:train_on_clients:32 - Training FedMSE model epoch #376
2025-09-30 10:37:20.986 | INFO     | agents.servers.serverFedMSE:train_on_clients:54 - Client 2 gets new best val_loss at epoch #376: 0.000293
2025-09-30 10:37:25.565 | INFO     | agents.servers.serverFedMSE:train_on_clients:76 - 20 clients still training at epoch #376
2025-09-30 10:38:13.529 | INFO     | agents.servers.serverFedMSE:train_on_clients:32 - Training FedMSE model epoch #377
2025-09-30 10:38:18.923 | INFO     | agents.servers.serverFedMSE:train_on_clients:76 - 20 clients still training at epoch #377
2025-09-30 10:39:06.830 | INFO     | agents.servers.serverFedMSE:train_on_clients:32 - Training FedMSE model epoch #378
2025-09-30 10:39:12.172 | INFO     | agents.servers.serverFedMSE:train_on_clients:76 - 20 clients still training at epoch #378
2025-09-30 10:40:00.092 | INFO     | agents.servers.serverFedMSE:train_on_clients:32 - Training FedMSE model epoch #379
2025-09-30 10:40:05.477 | INFO     | agents.servers.serverFedMSE:train_on_clients:76 - 20 clients still training at epoch #379
2025-09-30 10:40:42.539 | INFO     | agents.servers.serverFedMSE:train_on_clients:32 - Training FedMSE model epoch #380
2025-09-30 10:40:42.776 | INFO     | agents.servers.serverFedMSE:train_on_clients:70 - Saved model for client 0 at epoch 380 -> saved_models/FedMSE/FedMSE/wsn_ds/epoch_380_client_0.pt
2025-09-30 10:40:43.013 | INFO     | agents.servers.serverFedMSE:train_on_clients:70 - Saved model for client 1 at epoch 380 -> saved_models/FedMSE/FedMSE/wsn_ds/epoch_380_client_1.pt
2025-09-30 10:40:43.249 | INFO     | agents.servers.serverFedMSE:train_on_clients:70 - Saved model for client 2 at epoch 380 -> saved_models/FedMSE/FedMSE/wsn_ds/epoch_380_client_2.pt
2025-09-30 10:40:43.484 | INFO     | agents.servers.serverFedMSE:train_on_clients:70 - Saved model for client 3 at epoch 380 -> saved_models/FedMSE/FedMSE/wsn_ds/epoch_380_client_3.pt
2025-09-30 10:40:43.719 | INFO     | agents.servers.serverFedMSE:train_on_clients:70 - Saved model for client 4 at epoch 380 -> saved_models/FedMSE/FedMSE/wsn_ds/epoch_380_client_4.pt
2025-09-30 10:40:43.954 | INFO     | agents.servers.serverFedMSE:train_on_clients:70 - Saved model for client 5 at epoch 380 -> saved_models/FedMSE/FedMSE/wsn_ds/epoch_380_client_5.pt
2025-09-30 10:40:44.188 | INFO     | agents.servers.serverFedMSE:train_on_clients:70 - Saved model for client 6 at epoch 380 -> saved_models/FedMSE/FedMSE/wsn_ds/epoch_380_client_6.pt
2025-09-30 10:40:44.423 | INFO     | agents.servers.serverFedMSE:train_on_clients:70 - Saved model for client 7 at epoch 380 -> saved_models/FedMSE/FedMSE/wsn_ds/epoch_380_client_7.pt
2025-09-30 10:40:44.658 | INFO     | agents.servers.serverFedMSE:train_on_clients:70 - Saved model for client 8 at epoch 380 -> saved_models/FedMSE/FedMSE/wsn_ds/epoch_380_client_8.pt
2025-09-30 10:40:44.894 | INFO     | agents.servers.serverFedMSE:train_on_clients:70 - Saved model for client 9 at epoch 380 -> saved_models/FedMSE/FedMSE/wsn_ds/epoch_380_client_9.pt
2025-09-30 10:40:45.128 | INFO     | agents.servers.serverFedMSE:train_on_clients:54 - Client 10 gets new best val_loss at epoch #380: 0.000346
2025-09-30 10:40:45.129 | INFO     | agents.servers.serverFedMSE:train_on_clients:70 - Saved model for client 10 at epoch 380 -> saved_models/FedMSE/FedMSE/wsn_ds/epoch_380_client_10.pt
2025-09-30 10:40:45.363 | INFO     | agents.servers.serverFedMSE:train_on_clients:70 - Saved model for client 11 at epoch 380 -> saved_models/FedMSE/FedMSE/wsn_ds/epoch_380_client_11.pt
2025-09-30 10:40:45.600 | INFO     | agents.servers.serverFedMSE:train_on_clients:70 - Saved model for client 12 at epoch 380 -> saved_models/FedMSE/FedMSE/wsn_ds/epoch_380_client_12.pt
2025-09-30 10:40:45.836 | INFO     | agents.servers.serverFedMSE:train_on_clients:70 - Saved model for client 13 at epoch 380 -> saved_models/FedMSE/FedMSE/wsn_ds/epoch_380_client_13.pt
2025-09-30 10:40:46.070 | INFO     | agents.servers.serverFedMSE:train_on_clients:70 - Saved model for client 14 at epoch 380 -> saved_models/FedMSE/FedMSE/wsn_ds/epoch_380_client_14.pt
2025-09-30 10:40:46.304 | INFO     | agents.servers.serverFedMSE:train_on_clients:70 - Saved model for client 15 at epoch 380 -> saved_models/FedMSE/FedMSE/wsn_ds/epoch_380_client_15.pt
2025-09-30 10:40:46.540 | INFO     | agents.servers.serverFedMSE:train_on_clients:70 - Saved model for client 16 at epoch 380 -> saved_models/FedMSE/FedMSE/wsn_ds/epoch_380_client_16.pt
2025-09-30 10:40:46.771 | INFO     | agents.servers.serverFedMSE:train_on_clients:70 - Saved model for client 17 at epoch 380 -> saved_models/FedMSE/FedMSE/wsn_ds/epoch_380_client_17.pt
2025-09-30 10:40:47.006 | INFO     | agents.servers.serverFedMSE:train_on_clients:70 - Saved model for client 18 at epoch 380 -> saved_models/FedMSE/FedMSE/wsn_ds/epoch_380_client_18.pt
2025-09-30 10:40:47.240 | INFO     | agents.servers.serverFedMSE:train_on_clients:70 - Saved model for client 19 at epoch 380 -> saved_models/FedMSE/FedMSE/wsn_ds/epoch_380_client_19.pt
2025-09-30 10:40:47.242 | INFO     | agents.servers.serverFedMSE:train_on_clients:76 - 20 clients still training at epoch #380
2025-09-30 10:41:17.455 | INFO     | agents.servers.serverFedMSE:train_on_clients:32 - Training FedMSE model epoch #381
2025-09-30 10:41:20.277 | INFO     | agents.servers.serverFedMSE:train_on_clients:54 - Client 10 gets new best val_loss at epoch #381: 0.000345
2025-09-30 10:41:22.623 | INFO     | agents.servers.serverFedMSE:train_on_clients:76 - 20 clients still training at epoch #381
2025-09-30 10:41:39.342 | INFO     | agents.servers.serverFedMSE:train_on_clients:32 - Training FedMSE model epoch #382
2025-09-30 10:41:41.670 | INFO     | agents.servers.serverFedMSE:train_on_clients:54 - Client 10 gets new best val_loss at epoch #382: 0.000343
2025-09-30 10:41:43.147 | INFO     | agents.servers.serverFedMSE:train_on_clients:54 - Client 17 gets new best val_loss at epoch #382: 0.000244
2025-09-30 10:41:43.568 | INFO     | agents.servers.serverFedMSE:train_on_clients:76 - 20 clients still training at epoch #382
2025-09-30 10:41:57.123 | INFO     | agents.servers.serverFedMSE:train_on_clients:32 - Training FedMSE model epoch #383
2025-09-30 10:41:59.532 | INFO     | agents.servers.serverFedMSE:train_on_clients:54 - Client 10 gets new best val_loss at epoch #383: 0.000341
2025-09-30 10:42:01.128 | INFO     | agents.servers.serverFedMSE:train_on_clients:54 - Client 17 gets new best val_loss at epoch #383: 0.000241
2025-09-30 10:42:01.568 | INFO     | agents.servers.serverFedMSE:train_on_clients:76 - 20 clients still training at epoch #383
2025-09-30 10:42:15.197 | INFO     | agents.servers.serverFedMSE:train_on_clients:32 - Training FedMSE model epoch #384
2025-09-30 10:42:17.262 | INFO     | agents.servers.serverFedMSE:train_on_clients:54 - Client 8 gets new best val_loss at epoch #384: 0.000344
2025-09-30 10:42:19.324 | INFO     | agents.servers.serverFedMSE:train_on_clients:54 - Client 17 gets new best val_loss at epoch #384: 0.000241
2025-09-30 10:42:19.783 | INFO     | agents.servers.serverFedMSE:train_on_clients:54 - Client 19 gets new best val_loss at epoch #384: 0.000313
2025-09-30 10:42:19.785 | INFO     | agents.servers.serverFedMSE:train_on_clients:76 - 20 clients still training at epoch #384
2025-09-30 10:42:33.433 | INFO     | agents.servers.serverFedMSE:train_on_clients:32 - Training FedMSE model epoch #385
2025-09-30 10:42:35.347 | INFO     | agents.servers.serverFedMSE:train_on_clients:54 - Client 8 gets new best val_loss at epoch #385: 0.000337
2025-09-30 10:42:37.254 | INFO     | agents.servers.serverFedMSE:train_on_clients:54 - Client 17 gets new best val_loss at epoch #385: 0.000239
2025-09-30 10:42:37.680 | INFO     | agents.servers.serverFedMSE:train_on_clients:54 - Client 19 gets new best val_loss at epoch #385: 0.000311
2025-09-30 10:42:37.681 | INFO     | agents.servers.serverFedMSE:train_on_clients:76 - 20 clients still training at epoch #385
2025-09-30 10:42:51.207 | INFO     | agents.servers.serverFedMSE:train_on_clients:32 - Training FedMSE model epoch #386
2025-09-30 10:42:52.282 | INFO     | agents.servers.serverFedMSE:train_on_clients:54 - Client 4 gets new best val_loss at epoch #386: 0.000328
2025-09-30 10:42:54.424 | INFO     | agents.servers.serverFedMSE:train_on_clients:54 - Client 14 gets new best val_loss at epoch #386: 0.000308
2025-09-30 10:42:55.069 | INFO     | agents.servers.serverFedMSE:train_on_clients:54 - Client 17 gets new best val_loss at epoch #386: 0.000239
2025-09-30 10:42:55.499 | INFO     | agents.servers.serverFedMSE:train_on_clients:76 - 20 clients still training at epoch #386
2025-09-30 10:43:09.210 | INFO     | agents.servers.serverFedMSE:train_on_clients:32 - Training FedMSE model epoch #387
2025-09-30 10:43:12.633 | INFO     | agents.servers.serverFedMSE:train_on_clients:54 - Client 14 gets new best val_loss at epoch #387: 0.000299
2025-09-30 10:43:13.721 | INFO     | agents.servers.serverFedMSE:train_on_clients:76 - 20 clients still training at epoch #387
2025-09-30 10:43:27.286 | INFO     | agents.servers.serverFedMSE:train_on_clients:32 - Training FedMSE model epoch #388
2025-09-30 10:43:30.532 | INFO     | agents.servers.serverFedMSE:train_on_clients:54 - Client 14 gets new best val_loss at epoch #388: 0.000296
2025-09-30 10:43:31.631 | INFO     | agents.servers.serverFedMSE:train_on_clients:76 - 20 clients still training at epoch #388
2025-09-30 10:43:45.232 | INFO     | agents.servers.serverFedMSE:train_on_clients:32 - Training FedMSE model epoch #389
2025-09-30 10:43:48.447 | INFO     | agents.servers.serverFedMSE:train_on_clients:54 - Client 14 gets new best val_loss at epoch #389: 0.000294
2025-09-30 10:43:49.533 | INFO     | agents.servers.serverFedMSE:train_on_clients:76 - 20 clients still training at epoch #389
2025-09-30 10:44:03.045 | INFO     | agents.servers.serverFedMSE:train_on_clients:32 - Training FedMSE model epoch #390
2025-09-30 10:44:03.263 | INFO     | agents.servers.serverFedMSE:train_on_clients:70 - Saved model for client 0 at epoch 390 -> saved_models/FedMSE/FedMSE/wsn_ds/epoch_390_client_0.pt
2025-09-30 10:44:03.482 | INFO     | agents.servers.serverFedMSE:train_on_clients:70 - Saved model for client 1 at epoch 390 -> saved_models/FedMSE/FedMSE/wsn_ds/epoch_390_client_1.pt
2025-09-30 10:44:03.699 | INFO     | agents.servers.serverFedMSE:train_on_clients:70 - Saved model for client 2 at epoch 390 -> saved_models/FedMSE/FedMSE/wsn_ds/epoch_390_client_2.pt
2025-09-30 10:44:03.917 | INFO     | agents.servers.serverFedMSE:train_on_clients:70 - Saved model for client 3 at epoch 390 -> saved_models/FedMSE/FedMSE/wsn_ds/epoch_390_client_3.pt
2025-09-30 10:44:04.134 | INFO     | agents.servers.serverFedMSE:train_on_clients:70 - Saved model for client 4 at epoch 390 -> saved_models/FedMSE/FedMSE/wsn_ds/epoch_390_client_4.pt
2025-09-30 10:44:04.351 | INFO     | agents.servers.serverFedMSE:train_on_clients:70 - Saved model for client 5 at epoch 390 -> saved_models/FedMSE/FedMSE/wsn_ds/epoch_390_client_5.pt
2025-09-30 10:44:04.567 | INFO     | agents.servers.serverFedMSE:train_on_clients:70 - Saved model for client 6 at epoch 390 -> saved_models/FedMSE/FedMSE/wsn_ds/epoch_390_client_6.pt
2025-09-30 10:44:04.784 | INFO     | agents.servers.serverFedMSE:train_on_clients:70 - Saved model for client 7 at epoch 390 -> saved_models/FedMSE/FedMSE/wsn_ds/epoch_390_client_7.pt
2025-09-30 10:44:05.003 | INFO     | agents.servers.serverFedMSE:train_on_clients:70 - Saved model for client 8 at epoch 390 -> saved_models/FedMSE/FedMSE/wsn_ds/epoch_390_client_8.pt
2025-09-30 10:44:05.220 | INFO     | agents.servers.serverFedMSE:train_on_clients:70 - Saved model for client 9 at epoch 390 -> saved_models/FedMSE/FedMSE/wsn_ds/epoch_390_client_9.pt
2025-09-30 10:44:05.437 | INFO     | agents.servers.serverFedMSE:train_on_clients:70 - Saved model for client 10 at epoch 390 -> saved_models/FedMSE/FedMSE/wsn_ds/epoch_390_client_10.pt
2025-09-30 10:44:05.654 | INFO     | agents.servers.serverFedMSE:train_on_clients:70 - Saved model for client 11 at epoch 390 -> saved_models/FedMSE/FedMSE/wsn_ds/epoch_390_client_11.pt
2025-09-30 10:44:05.888 | INFO     | agents.servers.serverFedMSE:train_on_clients:70 - Saved model for client 12 at epoch 390 -> saved_models/FedMSE/FedMSE/wsn_ds/epoch_390_client_12.pt
2025-09-30 10:44:06.120 | INFO     | agents.servers.serverFedMSE:train_on_clients:70 - Saved model for client 13 at epoch 390 -> saved_models/FedMSE/FedMSE/wsn_ds/epoch_390_client_13.pt
2025-09-30 10:44:06.349 | INFO     | agents.servers.serverFedMSE:train_on_clients:54 - Client 14 gets new best val_loss at epoch #390: 0.000293
2025-09-30 10:44:06.350 | INFO     | agents.servers.serverFedMSE:train_on_clients:70 - Saved model for client 14 at epoch 390 -> saved_models/FedMSE/FedMSE/wsn_ds/epoch_390_client_14.pt
2025-09-30 10:44:06.581 | INFO     | agents.servers.serverFedMSE:train_on_clients:70 - Saved model for client 15 at epoch 390 -> saved_models/FedMSE/FedMSE/wsn_ds/epoch_390_client_15.pt
2025-09-30 10:44:06.809 | INFO     | agents.servers.serverFedMSE:train_on_clients:70 - Saved model for client 16 at epoch 390 -> saved_models/FedMSE/FedMSE/wsn_ds/epoch_390_client_16.pt
2025-09-30 10:44:07.040 | INFO     | agents.servers.serverFedMSE:train_on_clients:54 - Client 17 gets new best val_loss at epoch #390: 0.000238
2025-09-30 10:44:07.041 | INFO     | agents.servers.serverFedMSE:train_on_clients:70 - Saved model for client 17 at epoch 390 -> saved_models/FedMSE/FedMSE/wsn_ds/epoch_390_client_17.pt
2025-09-30 10:44:07.271 | INFO     | agents.servers.serverFedMSE:train_on_clients:70 - Saved model for client 18 at epoch 390 -> saved_models/FedMSE/FedMSE/wsn_ds/epoch_390_client_18.pt
2025-09-30 10:44:07.498 | INFO     | agents.servers.serverFedMSE:train_on_clients:70 - Saved model for client 19 at epoch 390 -> saved_models/FedMSE/FedMSE/wsn_ds/epoch_390_client_19.pt
2025-09-30 10:44:07.500 | INFO     | agents.servers.serverFedMSE:train_on_clients:76 - 20 clients still training at epoch #390
2025-09-30 10:44:21.224 | INFO     | agents.servers.serverFedMSE:train_on_clients:32 - Training FedMSE model epoch #391
2025-09-30 10:44:21.443 | INFO     | agents.servers.serverFedMSE:train_on_clients:54 - Client 0 gets new best val_loss at epoch #391: 0.000406
2025-09-30 10:44:22.310 | INFO     | agents.servers.serverFedMSE:train_on_clients:54 - Client 4 gets new best val_loss at epoch #391: 0.000326
2025-09-30 10:44:25.563 | INFO     | agents.servers.serverFedMSE:train_on_clients:76 - 20 clients still training at epoch #391
2025-09-30 10:44:39.241 | INFO     | agents.servers.serverFedMSE:train_on_clients:32 - Training FedMSE model epoch #392
2025-09-30 10:44:39.459 | INFO     | agents.servers.serverFedMSE:train_on_clients:54 - Client 0 gets new best val_loss at epoch #392: 0.000406
2025-09-30 10:44:40.314 | INFO     | agents.servers.serverFedMSE:train_on_clients:54 - Client 4 gets new best val_loss at epoch #392: 0.000324
2025-09-30 10:44:41.595 | INFO     | agents.servers.serverFedMSE:train_on_clients:54 - Client 10 gets new best val_loss at epoch #392: 0.000340
2025-09-30 10:44:42.448 | INFO     | agents.servers.serverFedMSE:train_on_clients:54 - Client 14 gets new best val_loss at epoch #392: 0.000293
2025-09-30 10:44:43.517 | INFO     | agents.servers.serverFedMSE:train_on_clients:76 - 20 clients still training at epoch #392
2025-09-30 10:44:57.162 | INFO     | agents.servers.serverFedMSE:train_on_clients:32 - Training FedMSE model epoch #393
2025-09-30 10:44:58.245 | INFO     | agents.servers.serverFedMSE:train_on_clients:54 - Client 4 gets new best val_loss at epoch #393: 0.000324
2025-09-30 10:45:00.401 | INFO     | agents.servers.serverFedMSE:train_on_clients:54 - Client 14 gets new best val_loss at epoch #393: 0.000293
2025-09-30 10:45:01.503 | INFO     | agents.servers.serverFedMSE:train_on_clients:76 - 20 clients still training at epoch #393
2025-09-30 10:45:15.098 | INFO     | agents.servers.serverFedMSE:train_on_clients:32 - Training FedMSE model epoch #394
2025-09-30 10:45:15.316 | INFO     | agents.servers.serverFedMSE:train_on_clients:54 - Client 0 gets new best val_loss at epoch #394: 0.000406
2025-09-30 10:45:17.481 | INFO     | agents.servers.serverFedMSE:train_on_clients:54 - Client 10 gets new best val_loss at epoch #394: 0.000340
2025-09-30 10:45:19.592 | INFO     | agents.servers.serverFedMSE:train_on_clients:76 - 20 clients still training at epoch #394
2025-09-30 10:45:33.290 | INFO     | agents.servers.serverFedMSE:train_on_clients:32 - Training FedMSE model epoch #395
2025-09-30 10:45:35.830 | INFO     | agents.servers.serverFedMSE:train_on_clients:54 - Client 10 gets new best val_loss at epoch #395: 0.000338
2025-09-30 10:45:36.768 | INFO     | agents.servers.serverFedMSE:train_on_clients:54 - Client 14 gets new best val_loss at epoch #395: 0.000292
2025-09-30 10:45:37.930 | INFO     | agents.servers.serverFedMSE:train_on_clients:76 - 20 clients still training at epoch #395
2025-09-30 10:45:51.467 | INFO     | agents.servers.serverFedMSE:train_on_clients:32 - Training FedMSE model epoch #396
2025-09-30 10:45:56.116 | INFO     | agents.servers.serverFedMSE:train_on_clients:76 - 20 clients still training at epoch #396
2025-09-30 10:46:09.692 | INFO     | agents.servers.serverFedMSE:train_on_clients:32 - Training FedMSE model epoch #397
2025-09-30 10:46:14.336 | INFO     | agents.servers.serverFedMSE:train_on_clients:76 - 20 clients still training at epoch #397
2025-09-30 10:46:27.947 | INFO     | agents.servers.serverFedMSE:train_on_clients:32 - Training FedMSE model epoch #398
2025-09-30 10:46:29.108 | INFO     | agents.servers.serverFedMSE:train_on_clients:54 - Client 4 gets new best val_loss at epoch #398: 0.000324
2025-09-30 10:46:32.597 | INFO     | agents.servers.serverFedMSE:train_on_clients:76 - 20 clients still training at epoch #398
2025-09-30 10:46:46.119 | INFO     | agents.servers.serverFedMSE:train_on_clients:32 - Training FedMSE model epoch #399
2025-09-30 10:46:50.732 | INFO     | agents.servers.serverFedMSE:train_on_clients:76 - 20 clients still training at epoch #399
2025-09-30 10:47:04.245 | INFO     | agents.servers.serverFedMSE:train_on_clients:32 - Training FedMSE model epoch #400
2025-09-30 10:47:04.476 | INFO     | agents.servers.serverFedMSE:train_on_clients:70 - Saved model for client 0 at epoch 400 -> saved_models/FedMSE/FedMSE/wsn_ds/epoch_400_client_0.pt
2025-09-30 10:47:04.706 | INFO     | agents.servers.serverFedMSE:train_on_clients:70 - Saved model for client 1 at epoch 400 -> saved_models/FedMSE/FedMSE/wsn_ds/epoch_400_client_1.pt
2025-09-30 10:47:04.937 | INFO     | agents.servers.serverFedMSE:train_on_clients:70 - Saved model for client 2 at epoch 400 -> saved_models/FedMSE/FedMSE/wsn_ds/epoch_400_client_2.pt
2025-09-30 10:47:05.167 | INFO     | agents.servers.serverFedMSE:train_on_clients:70 - Saved model for client 3 at epoch 400 -> saved_models/FedMSE/FedMSE/wsn_ds/epoch_400_client_3.pt
2025-09-30 10:47:05.397 | INFO     | agents.servers.serverFedMSE:train_on_clients:70 - Saved model for client 4 at epoch 400 -> saved_models/FedMSE/FedMSE/wsn_ds/epoch_400_client_4.pt
2025-09-30 10:47:05.629 | INFO     | agents.servers.serverFedMSE:train_on_clients:70 - Saved model for client 5 at epoch 400 -> saved_models/FedMSE/FedMSE/wsn_ds/epoch_400_client_5.pt
2025-09-30 10:47:05.860 | INFO     | agents.servers.serverFedMSE:train_on_clients:70 - Saved model for client 6 at epoch 400 -> saved_models/FedMSE/FedMSE/wsn_ds/epoch_400_client_6.pt
2025-09-30 10:47:06.092 | INFO     | agents.servers.serverFedMSE:train_on_clients:70 - Saved model for client 7 at epoch 400 -> saved_models/FedMSE/FedMSE/wsn_ds/epoch_400_client_7.pt
2025-09-30 10:47:06.321 | INFO     | agents.servers.serverFedMSE:train_on_clients:70 - Saved model for client 8 at epoch 400 -> saved_models/FedMSE/FedMSE/wsn_ds/epoch_400_client_8.pt
2025-09-30 10:47:06.551 | INFO     | agents.servers.serverFedMSE:train_on_clients:70 - Saved model for client 9 at epoch 400 -> saved_models/FedMSE/FedMSE/wsn_ds/epoch_400_client_9.pt
2025-09-30 10:47:06.780 | INFO     | agents.servers.serverFedMSE:train_on_clients:70 - Saved model for client 10 at epoch 400 -> saved_models/FedMSE/FedMSE/wsn_ds/epoch_400_client_10.pt
2025-09-30 10:47:07.009 | INFO     | agents.servers.serverFedMSE:train_on_clients:70 - Saved model for client 11 at epoch 400 -> saved_models/FedMSE/FedMSE/wsn_ds/epoch_400_client_11.pt
2025-09-30 10:47:07.239 | INFO     | agents.servers.serverFedMSE:train_on_clients:70 - Saved model for client 12 at epoch 400 -> saved_models/FedMSE/FedMSE/wsn_ds/epoch_400_client_12.pt
2025-09-30 10:47:07.470 | INFO     | agents.servers.serverFedMSE:train_on_clients:70 - Saved model for client 13 at epoch 400 -> saved_models/FedMSE/FedMSE/wsn_ds/epoch_400_client_13.pt
2025-09-30 10:47:07.702 | INFO     | agents.servers.serverFedMSE:train_on_clients:70 - Saved model for client 14 at epoch 400 -> saved_models/FedMSE/FedMSE/wsn_ds/epoch_400_client_14.pt
2025-09-30 10:47:07.933 | INFO     | agents.servers.serverFedMSE:train_on_clients:70 - Saved model for client 15 at epoch 400 -> saved_models/FedMSE/FedMSE/wsn_ds/epoch_400_client_15.pt
2025-09-30 10:47:08.168 | INFO     | agents.servers.serverFedMSE:train_on_clients:70 - Saved model for client 16 at epoch 400 -> saved_models/FedMSE/FedMSE/wsn_ds/epoch_400_client_16.pt
2025-09-30 10:47:08.398 | INFO     | agents.servers.serverFedMSE:train_on_clients:70 - Saved model for client 17 at epoch 400 -> saved_models/FedMSE/FedMSE/wsn_ds/epoch_400_client_17.pt
2025-09-30 10:47:08.627 | INFO     | agents.servers.serverFedMSE:train_on_clients:70 - Saved model for client 18 at epoch 400 -> saved_models/FedMSE/FedMSE/wsn_ds/epoch_400_client_18.pt
2025-09-30 10:47:08.871 | INFO     | agents.servers.serverFedMSE:train_on_clients:70 - Saved model for client 19 at epoch 400 -> saved_models/FedMSE/FedMSE/wsn_ds/epoch_400_client_19.pt
2025-09-30 10:47:08.873 | INFO     | agents.servers.serverFedMSE:train_on_clients:76 - 20 clients still training at epoch #400
2025-09-30 10:47:22.435 | INFO     | agents.servers.serverFedMSE:train_on_clients:32 - Training FedMSE model epoch #401
2025-09-30 10:47:24.756 | INFO     | agents.servers.serverFedMSE:train_on_clients:54 - Client 9 gets new best val_loss at epoch #401: 0.000302
2025-09-30 10:47:27.053 | INFO     | agents.servers.serverFedMSE:train_on_clients:76 - 20 clients still training at epoch #401
2025-09-30 10:47:40.804 | INFO     | agents.servers.serverFedMSE:train_on_clients:32 - Training FedMSE model epoch #402
2025-09-30 10:47:43.110 | INFO     | agents.servers.serverFedMSE:train_on_clients:54 - Client 9 gets new best val_loss at epoch #402: 0.000302
2025-09-30 10:47:45.401 | INFO     | agents.servers.serverFedMSE:train_on_clients:76 - 20 clients still training at epoch #402
2025-09-30 10:47:58.971 | INFO     | agents.servers.serverFedMSE:train_on_clients:32 - Training FedMSE model epoch #403
2025-09-30 10:48:03.605 | INFO     | agents.servers.serverFedMSE:train_on_clients:76 - 20 clients still training at epoch #403
2025-09-30 10:48:17.120 | INFO     | agents.servers.serverFedMSE:train_on_clients:32 - Training FedMSE model epoch #404
2025-09-30 10:48:19.883 | INFO     | agents.servers.serverFedMSE:train_on_clients:54 - Client 11 gets new best val_loss at epoch #404: 0.000323
2025-09-30 10:48:21.746 | INFO     | agents.servers.serverFedMSE:train_on_clients:76 - 20 clients still training at epoch #404
2025-09-30 10:48:35.281 | INFO     | agents.servers.serverFedMSE:train_on_clients:32 - Training FedMSE model epoch #405
2025-09-30 10:48:38.097 | INFO     | agents.servers.serverFedMSE:train_on_clients:54 - Client 11 gets new best val_loss at epoch #405: 0.000322
2025-09-30 10:48:39.976 | INFO     | agents.servers.serverFedMSE:train_on_clients:76 - 20 clients still training at epoch #405
2025-09-30 10:48:53.467 | INFO     | agents.servers.serverFedMSE:train_on_clients:32 - Training FedMSE model epoch #406
2025-09-30 10:48:55.772 | INFO     | agents.servers.serverFedMSE:train_on_clients:54 - Client 9 gets new best val_loss at epoch #406: 0.000301
2025-09-30 10:48:56.233 | INFO     | agents.servers.serverFedMSE:train_on_clients:54 - Client 11 gets new best val_loss at epoch #406: 0.000322
2025-09-30 10:48:58.082 | INFO     | agents.servers.serverFedMSE:train_on_clients:76 - 20 clients still training at epoch #406
2025-09-30 10:49:11.649 | INFO     | agents.servers.serverFedMSE:train_on_clients:32 - Training FedMSE model epoch #407
2025-09-30 10:49:13.948 | INFO     | agents.servers.serverFedMSE:train_on_clients:54 - Client 9 gets new best val_loss at epoch #407: 0.000299
2025-09-30 10:49:16.235 | INFO     | agents.servers.serverFedMSE:train_on_clients:76 - 20 clients still training at epoch #407
2025-09-30 10:49:29.801 | INFO     | agents.servers.serverFedMSE:train_on_clients:32 - Training FedMSE model epoch #408
2025-09-30 10:49:32.089 | INFO     | agents.servers.serverFedMSE:train_on_clients:54 - Client 9 gets new best val_loss at epoch #408: 0.000297
2025-09-30 10:49:34.374 | INFO     | agents.servers.serverFedMSE:train_on_clients:76 - 20 clients still training at epoch #408
2025-09-30 10:49:48.091 | INFO     | agents.servers.serverFedMSE:train_on_clients:32 - Training FedMSE model epoch #409
2025-09-30 10:49:50.420 | INFO     | agents.servers.serverFedMSE:train_on_clients:54 - Client 9 gets new best val_loss at epoch #409: 0.000297
2025-09-30 10:49:52.718 | INFO     | agents.servers.serverFedMSE:train_on_clients:76 - 20 clients still training at epoch #409
2025-09-30 10:50:06.204 | INFO     | agents.servers.serverFedMSE:train_on_clients:32 - Training FedMSE model epoch #410
2025-09-30 10:50:06.436 | INFO     | agents.servers.serverFedMSE:train_on_clients:70 - Saved model for client 0 at epoch 410 -> saved_models/FedMSE/FedMSE/wsn_ds/epoch_410_client_0.pt
2025-09-30 10:50:06.667 | INFO     | agents.servers.serverFedMSE:train_on_clients:70 - Saved model for client 1 at epoch 410 -> saved_models/FedMSE/FedMSE/wsn_ds/epoch_410_client_1.pt
2025-09-30 10:50:06.898 | INFO     | agents.servers.serverFedMSE:train_on_clients:70 - Saved model for client 2 at epoch 410 -> saved_models/FedMSE/FedMSE/wsn_ds/epoch_410_client_2.pt
2025-09-30 10:50:07.126 | INFO     | agents.servers.serverFedMSE:train_on_clients:70 - Saved model for client 3 at epoch 410 -> saved_models/FedMSE/FedMSE/wsn_ds/epoch_410_client_3.pt
2025-09-30 10:50:07.358 | INFO     | agents.servers.serverFedMSE:train_on_clients:70 - Saved model for client 4 at epoch 410 -> saved_models/FedMSE/FedMSE/wsn_ds/epoch_410_client_4.pt
2025-09-30 10:50:07.590 | INFO     | agents.servers.serverFedMSE:train_on_clients:70 - Saved model for client 5 at epoch 410 -> saved_models/FedMSE/FedMSE/wsn_ds/epoch_410_client_5.pt
2025-09-30 10:50:07.820 | INFO     | agents.servers.serverFedMSE:train_on_clients:70 - Saved model for client 6 at epoch 410 -> saved_models/FedMSE/FedMSE/wsn_ds/epoch_410_client_6.pt
2025-09-30 10:50:08.049 | INFO     | agents.servers.serverFedMSE:train_on_clients:70 - Saved model for client 7 at epoch 410 -> saved_models/FedMSE/FedMSE/wsn_ds/epoch_410_client_7.pt
2025-09-30 10:50:08.280 | INFO     | agents.servers.serverFedMSE:train_on_clients:70 - Saved model for client 8 at epoch 410 -> saved_models/FedMSE/FedMSE/wsn_ds/epoch_410_client_8.pt
2025-09-30 10:50:08.516 | INFO     | agents.servers.serverFedMSE:train_on_clients:70 - Saved model for client 9 at epoch 410 -> saved_models/FedMSE/FedMSE/wsn_ds/epoch_410_client_9.pt
2025-09-30 10:50:08.742 | INFO     | agents.servers.serverFedMSE:train_on_clients:70 - Saved model for client 10 at epoch 410 -> saved_models/FedMSE/FedMSE/wsn_ds/epoch_410_client_10.pt
2025-09-30 10:50:08.973 | INFO     | agents.servers.serverFedMSE:train_on_clients:70 - Saved model for client 11 at epoch 410 -> saved_models/FedMSE/FedMSE/wsn_ds/epoch_410_client_11.pt
2025-09-30 10:50:09.201 | INFO     | agents.servers.serverFedMSE:train_on_clients:70 - Saved model for client 12 at epoch 410 -> saved_models/FedMSE/FedMSE/wsn_ds/epoch_410_client_12.pt
2025-09-30 10:50:09.432 | INFO     | agents.servers.serverFedMSE:train_on_clients:70 - Saved model for client 13 at epoch 410 -> saved_models/FedMSE/FedMSE/wsn_ds/epoch_410_client_13.pt
2025-09-30 10:50:09.659 | INFO     | agents.servers.serverFedMSE:train_on_clients:70 - Saved model for client 14 at epoch 410 -> saved_models/FedMSE/FedMSE/wsn_ds/epoch_410_client_14.pt
2025-09-30 10:50:09.887 | INFO     | agents.servers.serverFedMSE:train_on_clients:70 - Saved model for client 15 at epoch 410 -> saved_models/FedMSE/FedMSE/wsn_ds/epoch_410_client_15.pt
2025-09-30 10:50:10.120 | INFO     | agents.servers.serverFedMSE:train_on_clients:70 - Saved model for client 16 at epoch 410 -> saved_models/FedMSE/FedMSE/wsn_ds/epoch_410_client_16.pt
2025-09-30 10:50:10.349 | INFO     | agents.servers.serverFedMSE:train_on_clients:70 - Saved model for client 17 at epoch 410 -> saved_models/FedMSE/FedMSE/wsn_ds/epoch_410_client_17.pt
2025-09-30 10:50:10.577 | INFO     | agents.servers.serverFedMSE:train_on_clients:70 - Saved model for client 18 at epoch 410 -> saved_models/FedMSE/FedMSE/wsn_ds/epoch_410_client_18.pt
2025-09-30 10:50:10.806 | INFO     | agents.servers.serverFedMSE:train_on_clients:70 - Saved model for client 19 at epoch 410 -> saved_models/FedMSE/FedMSE/wsn_ds/epoch_410_client_19.pt
2025-09-30 10:50:10.808 | INFO     | agents.servers.serverFedMSE:train_on_clients:76 - 20 clients still training at epoch #410
2025-09-30 10:50:24.339 | INFO     | agents.servers.serverFedMSE:train_on_clients:32 - Training FedMSE model epoch #411
2025-09-30 10:50:28.954 | INFO     | agents.servers.serverFedMSE:train_on_clients:76 - 20 clients still training at epoch #411
2025-09-30 10:50:42.488 | INFO     | agents.servers.serverFedMSE:train_on_clients:32 - Training FedMSE model epoch #412
2025-09-30 10:50:43.878 | INFO     | agents.servers.serverFedMSE:train_on_clients:54 - Client 5 gets new best val_loss at epoch #412: 0.000326
2025-09-30 10:50:47.101 | INFO     | agents.servers.serverFedMSE:train_on_clients:76 - 20 clients still training at epoch #412
2025-09-30 10:51:00.923 | INFO     | agents.servers.serverFedMSE:train_on_clients:32 - Training FedMSE model epoch #413
2025-09-30 10:51:02.310 | INFO     | agents.servers.serverFedMSE:train_on_clients:54 - Client 5 gets new best val_loss at epoch #413: 0.000324
2025-09-30 10:51:05.541 | INFO     | agents.servers.serverFedMSE:train_on_clients:76 - 20 clients still training at epoch #413
2025-09-30 10:51:19.153 | INFO     | agents.servers.serverFedMSE:train_on_clients:32 - Training FedMSE model epoch #414
2025-09-30 10:51:20.534 | INFO     | agents.servers.serverFedMSE:train_on_clients:54 - Client 5 gets new best val_loss at epoch #414: 0.000324
2025-09-30 10:51:23.760 | INFO     | agents.servers.serverFedMSE:train_on_clients:76 - 20 clients still training at epoch #414
2025-09-30 10:51:37.246 | INFO     | agents.servers.serverFedMSE:train_on_clients:32 - Training FedMSE model epoch #415
2025-09-30 10:51:39.083 | INFO     | agents.servers.serverFedMSE:train_on_clients:54 - Client 7 gets new best val_loss at epoch #415: 0.000336
2025-09-30 10:51:41.828 | INFO     | agents.servers.serverFedMSE:train_on_clients:76 - 20 clients still training at epoch #415
2025-09-30 10:51:55.444 | INFO     | agents.servers.serverFedMSE:train_on_clients:32 - Training FedMSE model epoch #416
2025-09-30 10:51:57.337 | INFO     | agents.servers.serverFedMSE:train_on_clients:54 - Client 7 gets new best val_loss at epoch #416: 0.000335
2025-09-30 10:52:00.126 | INFO     | agents.servers.serverFedMSE:train_on_clients:76 - 20 clients still training at epoch #416
2025-09-30 10:52:13.784 | INFO     | agents.servers.serverFedMSE:train_on_clients:32 - Training FedMSE model epoch #417
2025-09-30 10:52:15.582 | INFO     | agents.servers.serverFedMSE:train_on_clients:54 - Client 7 gets new best val_loss at epoch #417: 0.000334
2025-09-30 10:52:18.321 | INFO     | agents.servers.serverFedMSE:train_on_clients:76 - 20 clients still training at epoch #417
2025-09-30 10:52:31.932 | INFO     | agents.servers.serverFedMSE:train_on_clients:32 - Training FedMSE model epoch #418
2025-09-30 10:52:33.779 | INFO     | agents.servers.serverFedMSE:train_on_clients:54 - Client 7 gets new best val_loss at epoch #418: 0.000332
2025-09-30 10:52:36.544 | INFO     | agents.servers.serverFedMSE:train_on_clients:76 - 20 clients still training at epoch #418
2025-09-30 10:52:50.413 | INFO     | agents.servers.serverFedMSE:train_on_clients:32 - Training FedMSE model epoch #419
2025-09-30 10:52:52.267 | INFO     | agents.servers.serverFedMSE:train_on_clients:54 - Client 7 gets new best val_loss at epoch #419: 0.000328
2025-09-30 10:52:55.045 | INFO     | agents.servers.serverFedMSE:train_on_clients:76 - 20 clients still training at epoch #419
2025-09-30 10:53:08.885 | INFO     | agents.servers.serverFedMSE:train_on_clients:32 - Training FedMSE model epoch #420
2025-09-30 10:53:09.121 | INFO     | agents.servers.serverFedMSE:train_on_clients:70 - Saved model for client 0 at epoch 420 -> saved_models/FedMSE/FedMSE/wsn_ds/epoch_420_client_0.pt
2025-09-30 10:53:09.352 | INFO     | agents.servers.serverFedMSE:train_on_clients:70 - Saved model for client 1 at epoch 420 -> saved_models/FedMSE/FedMSE/wsn_ds/epoch_420_client_1.pt
2025-09-30 10:53:09.584 | INFO     | agents.servers.serverFedMSE:train_on_clients:70 - Saved model for client 2 at epoch 420 -> saved_models/FedMSE/FedMSE/wsn_ds/epoch_420_client_2.pt
2025-09-30 10:53:09.820 | INFO     | agents.servers.serverFedMSE:train_on_clients:70 - Saved model for client 3 at epoch 420 -> saved_models/FedMSE/FedMSE/wsn_ds/epoch_420_client_3.pt
2025-09-30 10:53:10.052 | INFO     | agents.servers.serverFedMSE:train_on_clients:70 - Saved model for client 4 at epoch 420 -> saved_models/FedMSE/FedMSE/wsn_ds/epoch_420_client_4.pt
2025-09-30 10:53:10.285 | INFO     | agents.servers.serverFedMSE:train_on_clients:70 - Saved model for client 5 at epoch 420 -> saved_models/FedMSE/FedMSE/wsn_ds/epoch_420_client_5.pt
2025-09-30 10:53:10.517 | INFO     | agents.servers.serverFedMSE:train_on_clients:70 - Saved model for client 6 at epoch 420 -> saved_models/FedMSE/FedMSE/wsn_ds/epoch_420_client_6.pt
2025-09-30 10:53:10.751 | INFO     | agents.servers.serverFedMSE:train_on_clients:70 - Saved model for client 7 at epoch 420 -> saved_models/FedMSE/FedMSE/wsn_ds/epoch_420_client_7.pt
2025-09-30 10:53:10.986 | INFO     | agents.servers.serverFedMSE:train_on_clients:70 - Saved model for client 8 at epoch 420 -> saved_models/FedMSE/FedMSE/wsn_ds/epoch_420_client_8.pt
2025-09-30 10:53:11.219 | INFO     | agents.servers.serverFedMSE:train_on_clients:70 - Saved model for client 9 at epoch 420 -> saved_models/FedMSE/FedMSE/wsn_ds/epoch_420_client_9.pt
2025-09-30 10:53:11.452 | INFO     | agents.servers.serverFedMSE:train_on_clients:70 - Saved model for client 10 at epoch 420 -> saved_models/FedMSE/FedMSE/wsn_ds/epoch_420_client_10.pt
2025-09-30 10:53:11.683 | INFO     | agents.servers.serverFedMSE:train_on_clients:70 - Saved model for client 11 at epoch 420 -> saved_models/FedMSE/FedMSE/wsn_ds/epoch_420_client_11.pt
2025-09-30 10:53:11.917 | INFO     | agents.servers.serverFedMSE:train_on_clients:70 - Saved model for client 12 at epoch 420 -> saved_models/FedMSE/FedMSE/wsn_ds/epoch_420_client_12.pt
2025-09-30 10:53:12.152 | INFO     | agents.servers.serverFedMSE:train_on_clients:70 - Saved model for client 13 at epoch 420 -> saved_models/FedMSE/FedMSE/wsn_ds/epoch_420_client_13.pt
2025-09-30 10:53:12.384 | INFO     | agents.servers.serverFedMSE:train_on_clients:70 - Saved model for client 14 at epoch 420 -> saved_models/FedMSE/FedMSE/wsn_ds/epoch_420_client_14.pt
2025-09-30 10:53:12.620 | INFO     | agents.servers.serverFedMSE:train_on_clients:70 - Saved model for client 15 at epoch 420 -> saved_models/FedMSE/FedMSE/wsn_ds/epoch_420_client_15.pt
2025-09-30 10:53:12.850 | INFO     | agents.servers.serverFedMSE:train_on_clients:70 - Saved model for client 16 at epoch 420 -> saved_models/FedMSE/FedMSE/wsn_ds/epoch_420_client_16.pt
2025-09-30 10:53:13.083 | INFO     | agents.servers.serverFedMSE:train_on_clients:70 - Saved model for client 17 at epoch 420 -> saved_models/FedMSE/FedMSE/wsn_ds/epoch_420_client_17.pt
2025-09-30 10:53:13.314 | INFO     | agents.servers.serverFedMSE:train_on_clients:70 - Saved model for client 18 at epoch 420 -> saved_models/FedMSE/FedMSE/wsn_ds/epoch_420_client_18.pt
2025-09-30 10:53:13.543 | INFO     | agents.servers.serverFedMSE:train_on_clients:70 - Saved model for client 19 at epoch 420 -> saved_models/FedMSE/FedMSE/wsn_ds/epoch_420_client_19.pt
2025-09-30 10:53:13.545 | INFO     | agents.servers.serverFedMSE:train_on_clients:76 - 20 clients still training at epoch #420
2025-09-30 10:53:27.070 | INFO     | agents.servers.serverFedMSE:train_on_clients:32 - Training FedMSE model epoch #421
2025-09-30 10:53:31.711 | INFO     | agents.servers.serverFedMSE:train_on_clients:76 - 20 clients still training at epoch #421
2025-09-30 10:53:45.272 | INFO     | agents.servers.serverFedMSE:train_on_clients:32 - Training FedMSE model epoch #422
2025-09-30 10:53:49.879 | INFO     | agents.servers.serverFedMSE:train_on_clients:76 - 20 clients still training at epoch #422
2025-09-30 10:54:03.404 | INFO     | agents.servers.serverFedMSE:train_on_clients:32 - Training FedMSE model epoch #423
2025-09-30 10:54:08.049 | INFO     | agents.servers.serverFedMSE:train_on_clients:76 - 20 clients still training at epoch #423
2025-09-30 10:54:21.766 | INFO     | agents.servers.serverFedMSE:train_on_clients:32 - Training FedMSE model epoch #424
2025-09-30 10:54:24.988 | INFO     | agents.servers.serverFedMSE:train_on_clients:54 - Client 13 gets new best val_loss at epoch #424: 0.000291
2025-09-30 10:54:26.383 | INFO     | agents.servers.serverFedMSE:train_on_clients:76 - 20 clients still training at epoch #424
2025-09-30 10:54:39.924 | INFO     | agents.servers.serverFedMSE:train_on_clients:32 - Training FedMSE model epoch #425
2025-09-30 10:54:43.165 | INFO     | agents.servers.serverFedMSE:train_on_clients:54 - Client 13 gets new best val_loss at epoch #425: 0.000280
2025-09-30 10:54:44.556 | INFO     | agents.servers.serverFedMSE:train_on_clients:76 - 20 clients still training at epoch #425
2025-09-30 10:54:58.115 | INFO     | agents.servers.serverFedMSE:train_on_clients:32 - Training FedMSE model epoch #426
2025-09-30 10:55:01.391 | INFO     | agents.servers.serverFedMSE:train_on_clients:54 - Client 13 gets new best val_loss at epoch #426: 0.000278
2025-09-30 10:55:02.795 | INFO     | agents.servers.serverFedMSE:train_on_clients:76 - 20 clients still training at epoch #426
2025-09-30 10:55:16.435 | INFO     | agents.servers.serverFedMSE:train_on_clients:32 - Training FedMSE model epoch #427
2025-09-30 10:55:19.710 | INFO     | agents.servers.serverFedMSE:train_on_clients:54 - Client 13 gets new best val_loss at epoch #427: 0.000277
2025-09-30 10:55:21.107 | INFO     | agents.servers.serverFedMSE:train_on_clients:76 - 20 clients still training at epoch #427
2025-09-30 10:55:34.583 | INFO     | agents.servers.serverFedMSE:train_on_clients:32 - Training FedMSE model epoch #428
2025-09-30 10:55:39.190 | INFO     | agents.servers.serverFedMSE:train_on_clients:76 - 20 clients still training at epoch #428
2025-09-30 10:55:52.718 | INFO     | agents.servers.serverFedMSE:train_on_clients:32 - Training FedMSE model epoch #429
2025-09-30 10:55:57.330 | INFO     | agents.servers.serverFedMSE:train_on_clients:76 - 20 clients still training at epoch #429
2025-09-30 10:56:10.754 | INFO     | agents.servers.serverFedMSE:train_on_clients:32 - Training FedMSE model epoch #430
2025-09-30 10:56:10.987 | INFO     | agents.servers.serverFedMSE:train_on_clients:70 - Saved model for client 0 at epoch 430 -> saved_models/FedMSE/FedMSE/wsn_ds/epoch_430_client_0.pt
2025-09-30 10:56:11.219 | INFO     | agents.servers.serverFedMSE:train_on_clients:70 - Saved model for client 1 at epoch 430 -> saved_models/FedMSE/FedMSE/wsn_ds/epoch_430_client_1.pt
2025-09-30 10:56:11.452 | INFO     | agents.servers.serverFedMSE:train_on_clients:70 - Saved model for client 2 at epoch 430 -> saved_models/FedMSE/FedMSE/wsn_ds/epoch_430_client_2.pt
2025-09-30 10:56:11.684 | INFO     | agents.servers.serverFedMSE:train_on_clients:70 - Saved model for client 3 at epoch 430 -> saved_models/FedMSE/FedMSE/wsn_ds/epoch_430_client_3.pt
2025-09-30 10:56:11.920 | INFO     | agents.servers.serverFedMSE:train_on_clients:70 - Saved model for client 4 at epoch 430 -> saved_models/FedMSE/FedMSE/wsn_ds/epoch_430_client_4.pt
2025-09-30 10:56:12.150 | INFO     | agents.servers.serverFedMSE:train_on_clients:70 - Saved model for client 5 at epoch 430 -> saved_models/FedMSE/FedMSE/wsn_ds/epoch_430_client_5.pt
2025-09-30 10:56:12.381 | INFO     | agents.servers.serverFedMSE:train_on_clients:70 - Saved model for client 6 at epoch 430 -> saved_models/FedMSE/FedMSE/wsn_ds/epoch_430_client_6.pt
2025-09-30 10:56:12.613 | INFO     | agents.servers.serverFedMSE:train_on_clients:70 - Saved model for client 7 at epoch 430 -> saved_models/FedMSE/FedMSE/wsn_ds/epoch_430_client_7.pt
2025-09-30 10:56:12.844 | INFO     | agents.servers.serverFedMSE:train_on_clients:70 - Saved model for client 8 at epoch 430 -> saved_models/FedMSE/FedMSE/wsn_ds/epoch_430_client_8.pt
2025-09-30 10:56:13.080 | INFO     | agents.servers.serverFedMSE:train_on_clients:70 - Saved model for client 9 at epoch 430 -> saved_models/FedMSE/FedMSE/wsn_ds/epoch_430_client_9.pt
2025-09-30 10:56:13.311 | INFO     | agents.servers.serverFedMSE:train_on_clients:70 - Saved model for client 10 at epoch 430 -> saved_models/FedMSE/FedMSE/wsn_ds/epoch_430_client_10.pt
2025-09-30 10:56:13.545 | INFO     | agents.servers.serverFedMSE:train_on_clients:70 - Saved model for client 11 at epoch 430 -> saved_models/FedMSE/FedMSE/wsn_ds/epoch_430_client_11.pt
2025-09-30 10:56:13.776 | INFO     | agents.servers.serverFedMSE:train_on_clients:70 - Saved model for client 12 at epoch 430 -> saved_models/FedMSE/FedMSE/wsn_ds/epoch_430_client_12.pt
2025-09-30 10:56:14.007 | INFO     | agents.servers.serverFedMSE:train_on_clients:70 - Saved model for client 13 at epoch 430 -> saved_models/FedMSE/FedMSE/wsn_ds/epoch_430_client_13.pt
2025-09-30 10:56:14.235 | INFO     | agents.servers.serverFedMSE:train_on_clients:70 - Saved model for client 14 at epoch 430 -> saved_models/FedMSE/FedMSE/wsn_ds/epoch_430_client_14.pt
2025-09-30 10:56:14.463 | INFO     | agents.servers.serverFedMSE:train_on_clients:70 - Saved model for client 15 at epoch 430 -> saved_models/FedMSE/FedMSE/wsn_ds/epoch_430_client_15.pt
2025-09-30 10:56:14.693 | INFO     | agents.servers.serverFedMSE:train_on_clients:70 - Saved model for client 16 at epoch 430 -> saved_models/FedMSE/FedMSE/wsn_ds/epoch_430_client_16.pt
2025-09-30 10:56:14.923 | INFO     | agents.servers.serverFedMSE:train_on_clients:70 - Saved model for client 17 at epoch 430 -> saved_models/FedMSE/FedMSE/wsn_ds/epoch_430_client_17.pt
2025-09-30 10:56:15.156 | INFO     | agents.servers.serverFedMSE:train_on_clients:70 - Saved model for client 18 at epoch 430 -> saved_models/FedMSE/FedMSE/wsn_ds/epoch_430_client_18.pt
2025-09-30 10:56:15.387 | INFO     | agents.servers.serverFedMSE:train_on_clients:70 - Saved model for client 19 at epoch 430 -> saved_models/FedMSE/FedMSE/wsn_ds/epoch_430_client_19.pt
2025-09-30 10:56:15.388 | INFO     | agents.servers.serverFedMSE:train_on_clients:76 - 20 clients still training at epoch #430
2025-09-30 10:56:29.196 | INFO     | agents.servers.serverFedMSE:train_on_clients:32 - Training FedMSE model epoch #431
2025-09-30 10:56:33.807 | INFO     | agents.servers.serverFedMSE:train_on_clients:76 - 20 clients still training at epoch #431
2025-09-30 10:56:47.341 | INFO     | agents.servers.serverFedMSE:train_on_clients:32 - Training FedMSE model epoch #432
2025-09-30 10:56:51.989 | INFO     | agents.servers.serverFedMSE:train_on_clients:76 - 20 clients still training at epoch #432
2025-09-30 10:57:05.496 | INFO     | agents.servers.serverFedMSE:train_on_clients:32 - Training FedMSE model epoch #433
2025-09-30 10:57:10.124 | INFO     | agents.servers.serverFedMSE:train_on_clients:76 - 20 clients still training at epoch #433
2025-09-30 10:57:23.702 | INFO     | agents.servers.serverFedMSE:train_on_clients:32 - Training FedMSE model epoch #434
2025-09-30 10:57:28.344 | INFO     | agents.servers.serverFedMSE:train_on_clients:76 - 20 clients still training at epoch #434
2025-09-30 10:57:42.053 | INFO     | agents.servers.serverFedMSE:train_on_clients:32 - Training FedMSE model epoch #435
2025-09-30 10:57:46.684 | INFO     | agents.servers.serverFedMSE:train_on_clients:76 - 20 clients still training at epoch #435
2025-09-30 10:58:00.194 | INFO     | agents.servers.serverFedMSE:train_on_clients:32 - Training FedMSE model epoch #436
2025-09-30 10:58:04.797 | INFO     | agents.servers.serverFedMSE:train_on_clients:76 - 20 clients still training at epoch #436
2025-09-30 10:58:18.346 | INFO     | agents.servers.serverFedMSE:train_on_clients:32 - Training FedMSE model epoch #437
2025-09-30 10:58:22.962 | INFO     | agents.servers.serverFedMSE:train_on_clients:76 - 20 clients still training at epoch #437
2025-09-30 10:58:36.659 | INFO     | agents.servers.serverFedMSE:train_on_clients:32 - Training FedMSE model epoch #438
2025-09-30 10:58:41.300 | INFO     | agents.servers.serverFedMSE:train_on_clients:76 - 20 clients still training at epoch #438
2025-09-30 10:58:54.825 | INFO     | agents.servers.serverFedMSE:train_on_clients:32 - Training FedMSE model epoch #439
2025-09-30 10:58:59.478 | INFO     | agents.servers.serverFedMSE:train_on_clients:76 - 20 clients still training at epoch #439
2025-09-30 10:59:13.033 | INFO     | agents.servers.serverFedMSE:train_on_clients:32 - Training FedMSE model epoch #440
2025-09-30 10:59:13.266 | INFO     | agents.servers.serverFedMSE:train_on_clients:70 - Saved model for client 0 at epoch 440 -> saved_models/FedMSE/FedMSE/wsn_ds/epoch_440_client_0.pt
2025-09-30 10:59:13.496 | INFO     | agents.servers.serverFedMSE:train_on_clients:70 - Saved model for client 1 at epoch 440 -> saved_models/FedMSE/FedMSE/wsn_ds/epoch_440_client_1.pt
2025-09-30 10:59:13.729 | INFO     | agents.servers.serverFedMSE:train_on_clients:70 - Saved model for client 2 at epoch 440 -> saved_models/FedMSE/FedMSE/wsn_ds/epoch_440_client_2.pt
2025-09-30 10:59:13.959 | INFO     | agents.servers.serverFedMSE:train_on_clients:70 - Saved model for client 3 at epoch 440 -> saved_models/FedMSE/FedMSE/wsn_ds/epoch_440_client_3.pt
2025-09-30 10:59:14.188 | INFO     | agents.servers.serverFedMSE:train_on_clients:70 - Saved model for client 4 at epoch 440 -> saved_models/FedMSE/FedMSE/wsn_ds/epoch_440_client_4.pt
2025-09-30 10:59:14.420 | INFO     | agents.servers.serverFedMSE:train_on_clients:70 - Saved model for client 5 at epoch 440 -> saved_models/FedMSE/FedMSE/wsn_ds/epoch_440_client_5.pt
2025-09-30 10:59:14.649 | INFO     | agents.servers.serverFedMSE:train_on_clients:70 - Saved model for client 6 at epoch 440 -> saved_models/FedMSE/FedMSE/wsn_ds/epoch_440_client_6.pt
2025-09-30 10:59:14.880 | INFO     | agents.servers.serverFedMSE:train_on_clients:70 - Saved model for client 7 at epoch 440 -> saved_models/FedMSE/FedMSE/wsn_ds/epoch_440_client_7.pt
2025-09-30 10:59:15.109 | INFO     | agents.servers.serverFedMSE:train_on_clients:70 - Saved model for client 8 at epoch 440 -> saved_models/FedMSE/FedMSE/wsn_ds/epoch_440_client_8.pt
2025-09-30 10:59:15.340 | INFO     | agents.servers.serverFedMSE:train_on_clients:70 - Saved model for client 9 at epoch 440 -> saved_models/FedMSE/FedMSE/wsn_ds/epoch_440_client_9.pt
2025-09-30 10:59:15.574 | INFO     | agents.servers.serverFedMSE:train_on_clients:70 - Saved model for client 10 at epoch 440 -> saved_models/FedMSE/FedMSE/wsn_ds/epoch_440_client_10.pt
2025-09-30 10:59:15.804 | INFO     | agents.servers.serverFedMSE:train_on_clients:70 - Saved model for client 11 at epoch 440 -> saved_models/FedMSE/FedMSE/wsn_ds/epoch_440_client_11.pt
2025-09-30 10:59:16.033 | INFO     | agents.servers.serverFedMSE:train_on_clients:70 - Saved model for client 12 at epoch 440 -> saved_models/FedMSE/FedMSE/wsn_ds/epoch_440_client_12.pt
2025-09-30 10:59:16.264 | INFO     | agents.servers.serverFedMSE:train_on_clients:70 - Saved model for client 13 at epoch 440 -> saved_models/FedMSE/FedMSE/wsn_ds/epoch_440_client_13.pt
2025-09-30 10:59:16.494 | INFO     | agents.servers.serverFedMSE:train_on_clients:70 - Saved model for client 14 at epoch 440 -> saved_models/FedMSE/FedMSE/wsn_ds/epoch_440_client_14.pt
2025-09-30 10:59:16.725 | INFO     | agents.servers.serverFedMSE:train_on_clients:70 - Saved model for client 15 at epoch 440 -> saved_models/FedMSE/FedMSE/wsn_ds/epoch_440_client_15.pt
2025-09-30 10:59:16.956 | INFO     | agents.servers.serverFedMSE:train_on_clients:70 - Saved model for client 16 at epoch 440 -> saved_models/FedMSE/FedMSE/wsn_ds/epoch_440_client_16.pt
2025-09-30 10:59:17.183 | INFO     | agents.servers.serverFedMSE:train_on_clients:70 - Saved model for client 17 at epoch 440 -> saved_models/FedMSE/FedMSE/wsn_ds/epoch_440_client_17.pt
2025-09-30 10:59:17.413 | INFO     | agents.servers.serverFedMSE:train_on_clients:70 - Saved model for client 18 at epoch 440 -> saved_models/FedMSE/FedMSE/wsn_ds/epoch_440_client_18.pt
2025-09-30 10:59:17.642 | INFO     | agents.servers.serverFedMSE:train_on_clients:70 - Saved model for client 19 at epoch 440 -> saved_models/FedMSE/FedMSE/wsn_ds/epoch_440_client_19.pt
2025-09-30 10:59:17.644 | INFO     | agents.servers.serverFedMSE:train_on_clients:76 - 20 clients still training at epoch #440
2025-09-30 10:59:31.197 | INFO     | agents.servers.serverFedMSE:train_on_clients:32 - Training FedMSE model epoch #441
2025-09-30 10:59:35.814 | INFO     | agents.servers.serverFedMSE:train_on_clients:76 - 20 clients still training at epoch #441
2025-09-30 10:59:49.504 | INFO     | agents.servers.serverFedMSE:train_on_clients:32 - Training FedMSE model epoch #442
2025-09-30 10:59:54.138 | INFO     | agents.servers.serverFedMSE:train_on_clients:76 - 20 clients still training at epoch #442
2025-09-30 11:00:07.640 | INFO     | agents.servers.serverFedMSE:train_on_clients:32 - Training FedMSE model epoch #443
2025-09-30 11:00:12.250 | INFO     | agents.servers.serverFedMSE:train_on_clients:76 - 20 clients still training at epoch #443
2025-09-30 11:00:25.736 | INFO     | agents.servers.serverFedMSE:train_on_clients:32 - Training FedMSE model epoch #444
2025-09-30 11:00:30.361 | INFO     | agents.servers.serverFedMSE:train_on_clients:76 - 20 clients still training at epoch #444
2025-09-30 11:00:43.894 | INFO     | agents.servers.serverFedMSE:train_on_clients:32 - Training FedMSE model epoch #445
2025-09-30 11:00:48.694 | INFO     | agents.servers.serverFedMSE:train_on_clients:76 - 20 clients still training at epoch #445
2025-09-30 11:01:02.383 | INFO     | agents.servers.serverFedMSE:train_on_clients:32 - Training FedMSE model epoch #446
2025-09-30 11:01:07.025 | INFO     | agents.servers.serverFedMSE:train_on_clients:76 - 20 clients still training at epoch #446
2025-09-30 11:01:20.637 | INFO     | agents.servers.serverFedMSE:train_on_clients:32 - Training FedMSE model epoch #447
2025-09-30 11:01:25.259 | INFO     | agents.servers.serverFedMSE:train_on_clients:76 - 20 clients still training at epoch #447
2025-09-30 11:01:38.833 | INFO     | agents.servers.serverFedMSE:train_on_clients:32 - Training FedMSE model epoch #448
2025-09-30 11:01:39.532 | INFO     | agents.servers.serverFedMSE:train_on_clients:54 - Client 2 gets new best val_loss at epoch #448: 0.000277
2025-09-30 11:01:43.455 | INFO     | agents.servers.serverFedMSE:train_on_clients:76 - 20 clients still training at epoch #448
2025-09-30 11:01:57.231 | INFO     | agents.servers.serverFedMSE:train_on_clients:32 - Training FedMSE model epoch #449
2025-09-30 11:02:01.886 | INFO     | agents.servers.serverFedMSE:train_on_clients:76 - 20 clients still training at epoch #449
2025-09-30 11:02:15.405 | INFO     | agents.servers.serverFedMSE:train_on_clients:32 - Training FedMSE model epoch #450
2025-09-30 11:02:15.640 | INFO     | agents.servers.serverFedMSE:train_on_clients:70 - Saved model for client 0 at epoch 450 -> saved_models/FedMSE/FedMSE/wsn_ds/epoch_450_client_0.pt
2025-09-30 11:02:15.872 | INFO     | agents.servers.serverFedMSE:train_on_clients:70 - Saved model for client 1 at epoch 450 -> saved_models/FedMSE/FedMSE/wsn_ds/epoch_450_client_1.pt
2025-09-30 11:02:16.105 | INFO     | agents.servers.serverFedMSE:train_on_clients:70 - Saved model for client 2 at epoch 450 -> saved_models/FedMSE/FedMSE/wsn_ds/epoch_450_client_2.pt
2025-09-30 11:02:16.337 | INFO     | agents.servers.serverFedMSE:train_on_clients:70 - Saved model for client 3 at epoch 450 -> saved_models/FedMSE/FedMSE/wsn_ds/epoch_450_client_3.pt
2025-09-30 11:02:16.570 | INFO     | agents.servers.serverFedMSE:train_on_clients:70 - Saved model for client 4 at epoch 450 -> saved_models/FedMSE/FedMSE/wsn_ds/epoch_450_client_4.pt
2025-09-30 11:02:16.803 | INFO     | agents.servers.serverFedMSE:train_on_clients:70 - Saved model for client 5 at epoch 450 -> saved_models/FedMSE/FedMSE/wsn_ds/epoch_450_client_5.pt
2025-09-30 11:02:17.035 | INFO     | agents.servers.serverFedMSE:train_on_clients:70 - Saved model for client 6 at epoch 450 -> saved_models/FedMSE/FedMSE/wsn_ds/epoch_450_client_6.pt
2025-09-30 11:02:17.266 | INFO     | agents.servers.serverFedMSE:train_on_clients:70 - Saved model for client 7 at epoch 450 -> saved_models/FedMSE/FedMSE/wsn_ds/epoch_450_client_7.pt
2025-09-30 11:02:17.499 | INFO     | agents.servers.serverFedMSE:train_on_clients:54 - Client 8 gets new best val_loss at epoch #450: 0.000332
2025-09-30 11:02:17.500 | INFO     | agents.servers.serverFedMSE:train_on_clients:70 - Saved model for client 8 at epoch 450 -> saved_models/FedMSE/FedMSE/wsn_ds/epoch_450_client_8.pt
2025-09-30 11:02:17.731 | INFO     | agents.servers.serverFedMSE:train_on_clients:70 - Saved model for client 9 at epoch 450 -> saved_models/FedMSE/FedMSE/wsn_ds/epoch_450_client_9.pt
2025-09-30 11:02:17.966 | INFO     | agents.servers.serverFedMSE:train_on_clients:70 - Saved model for client 10 at epoch 450 -> saved_models/FedMSE/FedMSE/wsn_ds/epoch_450_client_10.pt
2025-09-30 11:02:18.200 | INFO     | agents.servers.serverFedMSE:train_on_clients:70 - Saved model for client 11 at epoch 450 -> saved_models/FedMSE/FedMSE/wsn_ds/epoch_450_client_11.pt
2025-09-30 11:02:18.430 | INFO     | agents.servers.serverFedMSE:train_on_clients:70 - Saved model for client 12 at epoch 450 -> saved_models/FedMSE/FedMSE/wsn_ds/epoch_450_client_12.pt
2025-09-30 11:02:18.663 | INFO     | agents.servers.serverFedMSE:train_on_clients:70 - Saved model for client 13 at epoch 450 -> saved_models/FedMSE/FedMSE/wsn_ds/epoch_450_client_13.pt
2025-09-30 11:02:18.899 | INFO     | agents.servers.serverFedMSE:train_on_clients:70 - Saved model for client 14 at epoch 450 -> saved_models/FedMSE/FedMSE/wsn_ds/epoch_450_client_14.pt
2025-09-30 11:02:19.134 | INFO     | agents.servers.serverFedMSE:train_on_clients:70 - Saved model for client 15 at epoch 450 -> saved_models/FedMSE/FedMSE/wsn_ds/epoch_450_client_15.pt
2025-09-30 11:02:19.367 | INFO     | agents.servers.serverFedMSE:train_on_clients:70 - Saved model for client 16 at epoch 450 -> saved_models/FedMSE/FedMSE/wsn_ds/epoch_450_client_16.pt
2025-09-30 11:02:19.598 | INFO     | agents.servers.serverFedMSE:train_on_clients:70 - Saved model for client 17 at epoch 450 -> saved_models/FedMSE/FedMSE/wsn_ds/epoch_450_client_17.pt
2025-09-30 11:02:19.831 | INFO     | agents.servers.serverFedMSE:train_on_clients:70 - Saved model for client 18 at epoch 450 -> saved_models/FedMSE/FedMSE/wsn_ds/epoch_450_client_18.pt
2025-09-30 11:02:20.062 | INFO     | agents.servers.serverFedMSE:train_on_clients:70 - Saved model for client 19 at epoch 450 -> saved_models/FedMSE/FedMSE/wsn_ds/epoch_450_client_19.pt
2025-09-30 11:02:20.064 | INFO     | agents.servers.serverFedMSE:train_on_clients:76 - 20 clients still training at epoch #450
2025-09-30 11:02:33.647 | INFO     | agents.servers.serverFedMSE:train_on_clients:32 - Training FedMSE model epoch #451
2025-09-30 11:02:34.572 | INFO     | agents.servers.serverFedMSE:train_on_clients:54 - Client 3 gets new best val_loss at epoch #451: 0.000341
2025-09-30 11:02:35.695 | INFO     | agents.servers.serverFedMSE:train_on_clients:54 - Client 8 gets new best val_loss at epoch #451: 0.000328
2025-09-30 11:02:38.089 | INFO     | agents.servers.serverFedMSE:train_on_clients:76 - 20 clients still training at epoch #451
2025-09-30 11:02:51.709 | INFO     | agents.servers.serverFedMSE:train_on_clients:32 - Training FedMSE model epoch #452
2025-09-30 11:02:52.634 | INFO     | agents.servers.serverFedMSE:train_on_clients:54 - Client 3 gets new best val_loss at epoch #452: 0.000334
2025-09-30 11:02:53.784 | INFO     | agents.servers.serverFedMSE:train_on_clients:54 - Client 8 gets new best val_loss at epoch #452: 0.000324
2025-09-30 11:02:56.310 | INFO     | agents.servers.serverFedMSE:train_on_clients:76 - 20 clients still training at epoch #452
2025-09-30 11:03:10.164 | INFO     | agents.servers.serverFedMSE:train_on_clients:32 - Training FedMSE model epoch #453
2025-09-30 11:03:12.220 | INFO     | agents.servers.serverFedMSE:train_on_clients:54 - Client 8 gets new best val_loss at epoch #453: 0.000323
2025-09-30 11:03:14.723 | INFO     | agents.servers.serverFedMSE:train_on_clients:76 - 20 clients still training at epoch #453
2025-09-30 11:03:28.371 | INFO     | agents.servers.serverFedMSE:train_on_clients:32 - Training FedMSE model epoch #454
2025-09-30 11:03:29.986 | INFO     | agents.servers.serverFedMSE:train_on_clients:54 - Client 6 gets new best val_loss at epoch #454: 0.000303
2025-09-30 11:03:32.977 | INFO     | agents.servers.serverFedMSE:train_on_clients:76 - 20 clients still training at epoch #454
2025-09-30 11:03:46.584 | INFO     | agents.servers.serverFedMSE:train_on_clients:32 - Training FedMSE model epoch #455
2025-09-30 11:03:51.174 | INFO     | agents.servers.serverFedMSE:train_on_clients:76 - 20 clients still training at epoch #455
2025-09-30 11:04:04.831 | INFO     | agents.servers.serverFedMSE:train_on_clients:32 - Training FedMSE model epoch #456
2025-09-30 11:04:05.540 | INFO     | agents.servers.serverFedMSE:train_on_clients:54 - Client 2 gets new best val_loss at epoch #456: 0.000276
2025-09-30 11:04:09.404 | INFO     | agents.servers.serverFedMSE:train_on_clients:76 - 20 clients still training at epoch #456
2025-09-30 11:04:23.187 | INFO     | agents.servers.serverFedMSE:train_on_clients:32 - Training FedMSE model epoch #457
2025-09-30 11:04:26.028 | INFO     | agents.servers.serverFedMSE:train_on_clients:54 - Client 12 gets new best val_loss at epoch #457: 0.000373
2025-09-30 11:04:27.584 | INFO     | agents.servers.serverFedMSE:train_on_clients:76 - 20 clients still training at epoch #457
2025-09-30 11:04:41.021 | INFO     | agents.servers.serverFedMSE:train_on_clients:32 - Training FedMSE model epoch #458
2025-09-30 11:04:42.617 | INFO     | agents.servers.serverFedMSE:train_on_clients:54 - Client 6 gets new best val_loss at epoch #458: 0.000301
2025-09-30 11:04:43.994 | INFO     | agents.servers.serverFedMSE:train_on_clients:54 - Client 12 gets new best val_loss at epoch #458: 0.000371
2025-09-30 11:04:45.590 | INFO     | agents.servers.serverFedMSE:train_on_clients:76 - 20 clients still training at epoch #458
2025-09-30 11:04:59.131 | INFO     | agents.servers.serverFedMSE:train_on_clients:32 - Training FedMSE model epoch #459
2025-09-30 11:05:00.622 | INFO     | agents.servers.serverFedMSE:train_on_clients:54 - Client 6 gets new best val_loss at epoch #459: 0.000301
2025-09-30 11:05:01.913 | INFO     | agents.servers.serverFedMSE:train_on_clients:54 - Client 12 gets new best val_loss at epoch #459: 0.000370
2025-09-30 11:05:03.425 | INFO     | agents.servers.serverFedMSE:train_on_clients:76 - 20 clients still training at epoch #459
2025-09-30 11:05:17.271 | INFO     | agents.servers.serverFedMSE:train_on_clients:32 - Training FedMSE model epoch #460
2025-09-30 11:05:17.503 | INFO     | agents.servers.serverFedMSE:train_on_clients:70 - Saved model for client 0 at epoch 460 -> saved_models/FedMSE/FedMSE/wsn_ds/epoch_460_client_0.pt
2025-09-30 11:05:17.733 | INFO     | agents.servers.serverFedMSE:train_on_clients:70 - Saved model for client 1 at epoch 460 -> saved_models/FedMSE/FedMSE/wsn_ds/epoch_460_client_1.pt
2025-09-30 11:05:17.965 | INFO     | agents.servers.serverFedMSE:train_on_clients:70 - Saved model for client 2 at epoch 460 -> saved_models/FedMSE/FedMSE/wsn_ds/epoch_460_client_2.pt
2025-09-30 11:05:18.196 | INFO     | agents.servers.serverFedMSE:train_on_clients:70 - Saved model for client 3 at epoch 460 -> saved_models/FedMSE/FedMSE/wsn_ds/epoch_460_client_3.pt
2025-09-30 11:05:18.424 | INFO     | agents.servers.serverFedMSE:train_on_clients:70 - Saved model for client 4 at epoch 460 -> saved_models/FedMSE/FedMSE/wsn_ds/epoch_460_client_4.pt
2025-09-30 11:05:18.652 | INFO     | agents.servers.serverFedMSE:train_on_clients:70 - Saved model for client 5 at epoch 460 -> saved_models/FedMSE/FedMSE/wsn_ds/epoch_460_client_5.pt
2025-09-30 11:05:18.881 | INFO     | agents.servers.serverFedMSE:train_on_clients:70 - Saved model for client 6 at epoch 460 -> saved_models/FedMSE/FedMSE/wsn_ds/epoch_460_client_6.pt
2025-09-30 11:05:19.110 | INFO     | agents.servers.serverFedMSE:train_on_clients:70 - Saved model for client 7 at epoch 460 -> saved_models/FedMSE/FedMSE/wsn_ds/epoch_460_client_7.pt
2025-09-30 11:05:19.342 | INFO     | agents.servers.serverFedMSE:train_on_clients:70 - Saved model for client 8 at epoch 460 -> saved_models/FedMSE/FedMSE/wsn_ds/epoch_460_client_8.pt
2025-09-30 11:05:19.572 | INFO     | agents.servers.serverFedMSE:train_on_clients:70 - Saved model for client 9 at epoch 460 -> saved_models/FedMSE/FedMSE/wsn_ds/epoch_460_client_9.pt
2025-09-30 11:05:19.800 | INFO     | agents.servers.serverFedMSE:train_on_clients:70 - Saved model for client 10 at epoch 460 -> saved_models/FedMSE/FedMSE/wsn_ds/epoch_460_client_10.pt
2025-09-30 11:05:20.030 | INFO     | agents.servers.serverFedMSE:train_on_clients:70 - Saved model for client 11 at epoch 460 -> saved_models/FedMSE/FedMSE/wsn_ds/epoch_460_client_11.pt
2025-09-30 11:05:20.258 | INFO     | agents.servers.serverFedMSE:train_on_clients:70 - Saved model for client 12 at epoch 460 -> saved_models/FedMSE/FedMSE/wsn_ds/epoch_460_client_12.pt
2025-09-30 11:05:20.486 | INFO     | agents.servers.serverFedMSE:train_on_clients:70 - Saved model for client 13 at epoch 460 -> saved_models/FedMSE/FedMSE/wsn_ds/epoch_460_client_13.pt
2025-09-30 11:05:20.717 | INFO     | agents.servers.serverFedMSE:train_on_clients:70 - Saved model for client 14 at epoch 460 -> saved_models/FedMSE/FedMSE/wsn_ds/epoch_460_client_14.pt
2025-09-30 11:05:20.948 | INFO     | agents.servers.serverFedMSE:train_on_clients:70 - Saved model for client 15 at epoch 460 -> saved_models/FedMSE/FedMSE/wsn_ds/epoch_460_client_15.pt
2025-09-30 11:05:21.177 | INFO     | agents.servers.serverFedMSE:train_on_clients:70 - Saved model for client 16 at epoch 460 -> saved_models/FedMSE/FedMSE/wsn_ds/epoch_460_client_16.pt
2025-09-30 11:05:21.407 | INFO     | agents.servers.serverFedMSE:train_on_clients:70 - Saved model for client 17 at epoch 460 -> saved_models/FedMSE/FedMSE/wsn_ds/epoch_460_client_17.pt
2025-09-30 11:05:21.637 | INFO     | agents.servers.serverFedMSE:train_on_clients:70 - Saved model for client 18 at epoch 460 -> saved_models/FedMSE/FedMSE/wsn_ds/epoch_460_client_18.pt
2025-09-30 11:05:21.866 | INFO     | agents.servers.serverFedMSE:train_on_clients:70 - Saved model for client 19 at epoch 460 -> saved_models/FedMSE/FedMSE/wsn_ds/epoch_460_client_19.pt
2025-09-30 11:05:21.868 | INFO     | agents.servers.serverFedMSE:train_on_clients:76 - 20 clients still training at epoch #460
2025-09-30 11:05:35.434 | INFO     | agents.servers.serverFedMSE:train_on_clients:32 - Training FedMSE model epoch #461
2025-09-30 11:05:40.086 | INFO     | agents.servers.serverFedMSE:train_on_clients:76 - 20 clients still training at epoch #461
2025-09-30 11:05:53.646 | INFO     | agents.servers.serverFedMSE:train_on_clients:32 - Training FedMSE model epoch #462
2025-09-30 11:05:55.141 | INFO     | agents.servers.serverFedMSE:train_on_clients:54 - Client 6 gets new best val_loss at epoch #462: 0.000300
2025-09-30 11:05:58.027 | INFO     | agents.servers.serverFedMSE:train_on_clients:76 - 20 clients still training at epoch #462
2025-09-30 11:06:11.587 | INFO     | agents.servers.serverFedMSE:train_on_clients:32 - Training FedMSE model epoch #463
2025-09-30 11:06:16.197 | INFO     | agents.servers.serverFedMSE:train_on_clients:76 - 20 clients still training at epoch #463
2025-09-30 11:06:29.970 | INFO     | agents.servers.serverFedMSE:train_on_clients:32 - Training FedMSE model epoch #464
2025-09-30 11:06:34.568 | INFO     | agents.servers.serverFedMSE:train_on_clients:76 - 20 clients still training at epoch #464
2025-09-30 11:06:48.128 | INFO     | agents.servers.serverFedMSE:train_on_clients:32 - Training FedMSE model epoch #465
2025-09-30 11:06:52.730 | INFO     | agents.servers.serverFedMSE:train_on_clients:76 - 20 clients still training at epoch #465
2025-09-30 11:07:06.236 | INFO     | agents.servers.serverFedMSE:train_on_clients:32 - Training FedMSE model epoch #466
2025-09-30 11:07:10.150 | INFO     | agents.servers.serverFedMSE:train_on_clients:54 - Client 16 gets new best val_loss at epoch #466: 0.000315
2025-09-30 11:07:10.833 | INFO     | agents.servers.serverFedMSE:train_on_clients:76 - 20 clients still training at epoch #466
2025-09-30 11:07:24.519 | INFO     | agents.servers.serverFedMSE:train_on_clients:32 - Training FedMSE model epoch #467
2025-09-30 11:07:28.276 | INFO     | agents.servers.serverFedMSE:train_on_clients:54 - Client 16 gets new best val_loss at epoch #467: 0.000313
2025-09-30 11:07:28.940 | INFO     | agents.servers.serverFedMSE:train_on_clients:76 - 20 clients still training at epoch #467
2025-09-30 11:07:42.545 | INFO     | agents.servers.serverFedMSE:train_on_clients:32 - Training FedMSE model epoch #468
2025-09-30 11:07:46.260 | INFO     | agents.servers.serverFedMSE:train_on_clients:54 - Client 15 gets new best val_loss at epoch #468: 0.000320
2025-09-30 11:07:46.483 | INFO     | agents.servers.serverFedMSE:train_on_clients:54 - Client 16 gets new best val_loss at epoch #468: 0.000312
2025-09-30 11:07:47.127 | INFO     | agents.servers.serverFedMSE:train_on_clients:76 - 20 clients still training at epoch #468
2025-09-30 11:08:00.692 | INFO     | agents.servers.serverFedMSE:train_on_clients:32 - Training FedMSE model epoch #469
2025-09-30 11:08:01.149 | INFO     | agents.servers.serverFedMSE:train_on_clients:54 - Client 1 gets new best val_loss at epoch #469: 0.000403
2025-09-30 11:08:04.251 | INFO     | agents.servers.serverFedMSE:train_on_clients:54 - Client 15 gets new best val_loss at epoch #469: 0.000315
2025-09-30 11:08:05.186 | INFO     | agents.servers.serverFedMSE:train_on_clients:76 - 20 clients still training at epoch #469
2025-09-30 11:08:18.737 | INFO     | agents.servers.serverFedMSE:train_on_clients:32 - Training FedMSE model epoch #470
2025-09-30 11:08:18.977 | INFO     | agents.servers.serverFedMSE:train_on_clients:70 - Saved model for client 0 at epoch 470 -> saved_models/FedMSE/FedMSE/wsn_ds/epoch_470_client_0.pt
2025-09-30 11:08:19.209 | INFO     | agents.servers.serverFedMSE:train_on_clients:54 - Client 1 gets new best val_loss at epoch #470: 0.000397
2025-09-30 11:08:19.211 | INFO     | agents.servers.serverFedMSE:train_on_clients:70 - Saved model for client 1 at epoch 470 -> saved_models/FedMSE/FedMSE/wsn_ds/epoch_470_client_1.pt
2025-09-30 11:08:19.442 | INFO     | agents.servers.serverFedMSE:train_on_clients:70 - Saved model for client 2 at epoch 470 -> saved_models/FedMSE/FedMSE/wsn_ds/epoch_470_client_2.pt
2025-09-30 11:08:19.672 | INFO     | agents.servers.serverFedMSE:train_on_clients:70 - Saved model for client 3 at epoch 470 -> saved_models/FedMSE/FedMSE/wsn_ds/epoch_470_client_3.pt
2025-09-30 11:08:19.903 | INFO     | agents.servers.serverFedMSE:train_on_clients:70 - Saved model for client 4 at epoch 470 -> saved_models/FedMSE/FedMSE/wsn_ds/epoch_470_client_4.pt
2025-09-30 11:08:20.134 | INFO     | agents.servers.serverFedMSE:train_on_clients:70 - Saved model for client 5 at epoch 470 -> saved_models/FedMSE/FedMSE/wsn_ds/epoch_470_client_5.pt
2025-09-30 11:08:20.365 | INFO     | agents.servers.serverFedMSE:train_on_clients:70 - Saved model for client 6 at epoch 470 -> saved_models/FedMSE/FedMSE/wsn_ds/epoch_470_client_6.pt
2025-09-30 11:08:20.595 | INFO     | agents.servers.serverFedMSE:train_on_clients:70 - Saved model for client 7 at epoch 470 -> saved_models/FedMSE/FedMSE/wsn_ds/epoch_470_client_7.pt
2025-09-30 11:08:20.825 | INFO     | agents.servers.serverFedMSE:train_on_clients:70 - Saved model for client 8 at epoch 470 -> saved_models/FedMSE/FedMSE/wsn_ds/epoch_470_client_8.pt
2025-09-30 11:08:21.054 | INFO     | agents.servers.serverFedMSE:train_on_clients:70 - Saved model for client 9 at epoch 470 -> saved_models/FedMSE/FedMSE/wsn_ds/epoch_470_client_9.pt
2025-09-30 11:08:21.284 | INFO     | agents.servers.serverFedMSE:train_on_clients:70 - Saved model for client 10 at epoch 470 -> saved_models/FedMSE/FedMSE/wsn_ds/epoch_470_client_10.pt
2025-09-30 11:08:21.515 | INFO     | agents.servers.serverFedMSE:train_on_clients:70 - Saved model for client 11 at epoch 470 -> saved_models/FedMSE/FedMSE/wsn_ds/epoch_470_client_11.pt
2025-09-30 11:08:21.746 | INFO     | agents.servers.serverFedMSE:train_on_clients:70 - Saved model for client 12 at epoch 470 -> saved_models/FedMSE/FedMSE/wsn_ds/epoch_470_client_12.pt
2025-09-30 11:08:21.980 | INFO     | agents.servers.serverFedMSE:train_on_clients:70 - Saved model for client 13 at epoch 470 -> saved_models/FedMSE/FedMSE/wsn_ds/epoch_470_client_13.pt
2025-09-30 11:08:22.210 | INFO     | agents.servers.serverFedMSE:train_on_clients:70 - Saved model for client 14 at epoch 470 -> saved_models/FedMSE/FedMSE/wsn_ds/epoch_470_client_14.pt
2025-09-30 11:08:22.441 | INFO     | agents.servers.serverFedMSE:train_on_clients:54 - Client 15 gets new best val_loss at epoch #470: 0.000315
2025-09-30 11:08:22.442 | INFO     | agents.servers.serverFedMSE:train_on_clients:70 - Saved model for client 15 at epoch 470 -> saved_models/FedMSE/FedMSE/wsn_ds/epoch_470_client_15.pt
2025-09-30 11:08:22.673 | INFO     | agents.servers.serverFedMSE:train_on_clients:70 - Saved model for client 16 at epoch 470 -> saved_models/FedMSE/FedMSE/wsn_ds/epoch_470_client_16.pt
2025-09-30 11:08:22.904 | INFO     | agents.servers.serverFedMSE:train_on_clients:70 - Saved model for client 17 at epoch 470 -> saved_models/FedMSE/FedMSE/wsn_ds/epoch_470_client_17.pt
2025-09-30 11:08:23.134 | INFO     | agents.servers.serverFedMSE:train_on_clients:70 - Saved model for client 18 at epoch 470 -> saved_models/FedMSE/FedMSE/wsn_ds/epoch_470_client_18.pt
2025-09-30 11:08:23.364 | INFO     | agents.servers.serverFedMSE:train_on_clients:70 - Saved model for client 19 at epoch 470 -> saved_models/FedMSE/FedMSE/wsn_ds/epoch_470_client_19.pt
2025-09-30 11:08:23.366 | INFO     | agents.servers.serverFedMSE:train_on_clients:76 - 20 clients still training at epoch #470
2025-09-30 11:08:37.087 | INFO     | agents.servers.serverFedMSE:train_on_clients:32 - Training FedMSE model epoch #471
2025-09-30 11:08:37.550 | INFO     | agents.servers.serverFedMSE:train_on_clients:54 - Client 1 gets new best val_loss at epoch #471: 0.000397
2025-09-30 11:08:40.757 | INFO     | agents.servers.serverFedMSE:train_on_clients:54 - Client 15 gets new best val_loss at epoch #471: 0.000314
2025-09-30 11:08:40.994 | INFO     | agents.servers.serverFedMSE:train_on_clients:54 - Client 16 gets new best val_loss at epoch #471: 0.000312
2025-09-30 11:08:41.688 | INFO     | agents.servers.serverFedMSE:train_on_clients:76 - 20 clients still training at epoch #471
2025-09-30 11:08:55.295 | INFO     | agents.servers.serverFedMSE:train_on_clients:32 - Training FedMSE model epoch #472
2025-09-30 11:08:59.904 | INFO     | agents.servers.serverFedMSE:train_on_clients:76 - 20 clients still training at epoch #472
2025-09-30 11:09:13.415 | INFO     | agents.servers.serverFedMSE:train_on_clients:32 - Training FedMSE model epoch #473
2025-09-30 11:09:13.880 | INFO     | agents.servers.serverFedMSE:train_on_clients:54 - Client 1 gets new best val_loss at epoch #473: 0.000396
2025-09-30 11:09:18.030 | INFO     | agents.servers.serverFedMSE:train_on_clients:54 - Client 19 gets new best val_loss at epoch #473: 0.000302
2025-09-30 11:09:18.032 | INFO     | agents.servers.serverFedMSE:train_on_clients:76 - 20 clients still training at epoch #473
2025-09-30 11:09:31.543 | INFO     | agents.servers.serverFedMSE:train_on_clients:32 - Training FedMSE model epoch #474
2025-09-30 11:09:36.179 | INFO     | agents.servers.serverFedMSE:train_on_clients:54 - Client 19 gets new best val_loss at epoch #474: 0.000301
2025-09-30 11:09:36.181 | INFO     | agents.servers.serverFedMSE:train_on_clients:76 - 20 clients still training at epoch #474
2025-09-30 11:09:49.879 | INFO     | agents.servers.serverFedMSE:train_on_clients:32 - Training FedMSE model epoch #475
2025-09-30 11:09:54.520 | INFO     | agents.servers.serverFedMSE:train_on_clients:54 - Client 19 gets new best val_loss at epoch #475: 0.000300
2025-09-30 11:09:54.522 | INFO     | agents.servers.serverFedMSE:train_on_clients:76 - 20 clients still training at epoch #475
2025-09-30 11:10:08.136 | INFO     | agents.servers.serverFedMSE:train_on_clients:32 - Training FedMSE model epoch #476
2025-09-30 11:10:12.721 | INFO     | agents.servers.serverFedMSE:train_on_clients:54 - Client 19 gets new best val_loss at epoch #476: 0.000300
2025-09-30 11:10:12.722 | INFO     | agents.servers.serverFedMSE:train_on_clients:76 - 20 clients still training at epoch #476
2025-09-30 11:10:26.291 | INFO     | agents.servers.serverFedMSE:train_on_clients:32 - Training FedMSE model epoch #477
2025-09-30 11:10:30.872 | INFO     | agents.servers.serverFedMSE:train_on_clients:76 - 20 clients still training at epoch #477
2025-09-30 11:10:44.549 | INFO     | agents.servers.serverFedMSE:train_on_clients:32 - Training FedMSE model epoch #478
2025-09-30 11:10:49.226 | INFO     | agents.servers.serverFedMSE:train_on_clients:76 - 20 clients still training at epoch #478
2025-09-30 11:11:02.786 | INFO     | agents.servers.serverFedMSE:train_on_clients:32 - Training FedMSE model epoch #479
2025-09-30 11:11:03.936 | INFO     | agents.servers.serverFedMSE:train_on_clients:54 - Client 4 gets new best val_loss at epoch #479: 0.000311
2025-09-30 11:11:07.383 | INFO     | agents.servers.serverFedMSE:train_on_clients:76 - 20 clients still training at epoch #479
2025-09-30 11:11:20.943 | INFO     | agents.servers.serverFedMSE:train_on_clients:32 - Training FedMSE model epoch #480
2025-09-30 11:11:21.175 | INFO     | agents.servers.serverFedMSE:train_on_clients:70 - Saved model for client 0 at epoch 480 -> saved_models/FedMSE/FedMSE/wsn_ds/epoch_480_client_0.pt
2025-09-30 11:11:21.408 | INFO     | agents.servers.serverFedMSE:train_on_clients:70 - Saved model for client 1 at epoch 480 -> saved_models/FedMSE/FedMSE/wsn_ds/epoch_480_client_1.pt
2025-09-30 11:11:21.639 | INFO     | agents.servers.serverFedMSE:train_on_clients:70 - Saved model for client 2 at epoch 480 -> saved_models/FedMSE/FedMSE/wsn_ds/epoch_480_client_2.pt
2025-09-30 11:11:21.871 | INFO     | agents.servers.serverFedMSE:train_on_clients:70 - Saved model for client 3 at epoch 480 -> saved_models/FedMSE/FedMSE/wsn_ds/epoch_480_client_3.pt
2025-09-30 11:11:22.100 | INFO     | agents.servers.serverFedMSE:train_on_clients:54 - Client 4 gets new best val_loss at epoch #480: 0.000308
2025-09-30 11:11:22.102 | INFO     | agents.servers.serverFedMSE:train_on_clients:70 - Saved model for client 4 at epoch 480 -> saved_models/FedMSE/FedMSE/wsn_ds/epoch_480_client_4.pt
2025-09-30 11:11:22.333 | INFO     | agents.servers.serverFedMSE:train_on_clients:70 - Saved model for client 5 at epoch 480 -> saved_models/FedMSE/FedMSE/wsn_ds/epoch_480_client_5.pt
2025-09-30 11:11:22.564 | INFO     | agents.servers.serverFedMSE:train_on_clients:70 - Saved model for client 6 at epoch 480 -> saved_models/FedMSE/FedMSE/wsn_ds/epoch_480_client_6.pt
2025-09-30 11:11:22.796 | INFO     | agents.servers.serverFedMSE:train_on_clients:70 - Saved model for client 7 at epoch 480 -> saved_models/FedMSE/FedMSE/wsn_ds/epoch_480_client_7.pt
2025-09-30 11:11:23.028 | INFO     | agents.servers.serverFedMSE:train_on_clients:70 - Saved model for client 8 at epoch 480 -> saved_models/FedMSE/FedMSE/wsn_ds/epoch_480_client_8.pt
2025-09-30 11:11:23.255 | INFO     | agents.servers.serverFedMSE:train_on_clients:70 - Saved model for client 9 at epoch 480 -> saved_models/FedMSE/FedMSE/wsn_ds/epoch_480_client_9.pt
2025-09-30 11:11:23.483 | INFO     | agents.servers.serverFedMSE:train_on_clients:70 - Saved model for client 10 at epoch 480 -> saved_models/FedMSE/FedMSE/wsn_ds/epoch_480_client_10.pt
2025-09-30 11:11:23.714 | INFO     | agents.servers.serverFedMSE:train_on_clients:70 - Saved model for client 11 at epoch 480 -> saved_models/FedMSE/FedMSE/wsn_ds/epoch_480_client_11.pt
2025-09-30 11:11:23.945 | INFO     | agents.servers.serverFedMSE:train_on_clients:70 - Saved model for client 12 at epoch 480 -> saved_models/FedMSE/FedMSE/wsn_ds/epoch_480_client_12.pt
2025-09-30 11:11:24.174 | INFO     | agents.servers.serverFedMSE:train_on_clients:70 - Saved model for client 13 at epoch 480 -> saved_models/FedMSE/FedMSE/wsn_ds/epoch_480_client_13.pt
2025-09-30 11:11:24.404 | INFO     | agents.servers.serverFedMSE:train_on_clients:70 - Saved model for client 14 at epoch 480 -> saved_models/FedMSE/FedMSE/wsn_ds/epoch_480_client_14.pt
2025-09-30 11:11:24.634 | INFO     | agents.servers.serverFedMSE:train_on_clients:70 - Saved model for client 15 at epoch 480 -> saved_models/FedMSE/FedMSE/wsn_ds/epoch_480_client_15.pt
2025-09-30 11:11:24.864 | INFO     | agents.servers.serverFedMSE:train_on_clients:70 - Saved model for client 16 at epoch 480 -> saved_models/FedMSE/FedMSE/wsn_ds/epoch_480_client_16.pt
2025-09-30 11:11:25.094 | INFO     | agents.servers.serverFedMSE:train_on_clients:70 - Saved model for client 17 at epoch 480 -> saved_models/FedMSE/FedMSE/wsn_ds/epoch_480_client_17.pt
2025-09-30 11:11:25.323 | INFO     | agents.servers.serverFedMSE:train_on_clients:70 - Saved model for client 18 at epoch 480 -> saved_models/FedMSE/FedMSE/wsn_ds/epoch_480_client_18.pt
2025-09-30 11:11:25.554 | INFO     | agents.servers.serverFedMSE:train_on_clients:70 - Saved model for client 19 at epoch 480 -> saved_models/FedMSE/FedMSE/wsn_ds/epoch_480_client_19.pt
2025-09-30 11:11:25.556 | INFO     | agents.servers.serverFedMSE:train_on_clients:76 - 20 clients still training at epoch #480
2025-09-30 11:11:39.046 | INFO     | agents.servers.serverFedMSE:train_on_clients:32 - Training FedMSE model epoch #481
2025-09-30 11:11:40.201 | INFO     | agents.servers.serverFedMSE:train_on_clients:54 - Client 4 gets new best val_loss at epoch #481: 0.000307
2025-09-30 11:11:43.667 | INFO     | agents.servers.serverFedMSE:train_on_clients:76 - 20 clients still training at epoch #481
2025-09-30 11:11:57.455 | INFO     | agents.servers.serverFedMSE:train_on_clients:32 - Training FedMSE model epoch #482
2025-09-30 11:11:58.607 | INFO     | agents.servers.serverFedMSE:train_on_clients:54 - Client 4 gets new best val_loss at epoch #482: 0.000307
2025-09-30 11:12:02.077 | INFO     | agents.servers.serverFedMSE:train_on_clients:76 - 20 clients still training at epoch #482
2025-09-30 11:12:15.631 | INFO     | agents.servers.serverFedMSE:train_on_clients:32 - Training FedMSE model epoch #483
2025-09-30 11:12:20.234 | INFO     | agents.servers.serverFedMSE:train_on_clients:76 - 20 clients still training at epoch #483
2025-09-30 11:12:33.794 | INFO     | agents.servers.serverFedMSE:train_on_clients:32 - Training FedMSE model epoch #484
2025-09-30 11:12:38.292 | INFO     | agents.servers.serverFedMSE:train_on_clients:76 - 20 clients still training at epoch #484
2025-09-30 11:12:51.779 | INFO     | agents.servers.serverFedMSE:train_on_clients:32 - Training FedMSE model epoch #485
2025-09-30 11:12:52.014 | INFO     | agents.servers.serverFedMSE:train_on_clients:54 - Client 0 gets new best val_loss at epoch #485: 0.000404
2025-09-30 11:12:56.462 | INFO     | agents.servers.serverFedMSE:train_on_clients:76 - 20 clients still training at epoch #485
2025-09-30 11:13:10.062 | INFO     | agents.servers.serverFedMSE:train_on_clients:32 - Training FedMSE model epoch #486
2025-09-30 11:13:14.653 | INFO     | agents.servers.serverFedMSE:train_on_clients:76 - 20 clients still training at epoch #486
2025-09-30 11:13:28.101 | INFO     | agents.servers.serverFedMSE:train_on_clients:32 - Training FedMSE model epoch #487
2025-09-30 11:13:30.817 | INFO     | agents.servers.serverFedMSE:train_on_clients:54 - Client 11 gets new best val_loss at epoch #487: 0.000316
2025-09-30 11:13:32.698 | INFO     | agents.servers.serverFedMSE:train_on_clients:76 - 20 clients still training at epoch #487
2025-09-30 11:13:46.271 | INFO     | agents.servers.serverFedMSE:train_on_clients:32 - Training FedMSE model epoch #488
2025-09-30 11:13:50.933 | INFO     | agents.servers.serverFedMSE:train_on_clients:76 - 20 clients still training at epoch #488
2025-09-30 11:14:04.702 | INFO     | agents.servers.serverFedMSE:train_on_clients:32 - Training FedMSE model epoch #489
2025-09-30 11:14:07.488 | INFO     | agents.servers.serverFedMSE:train_on_clients:54 - Client 11 gets new best val_loss at epoch #489: 0.000315
2025-09-30 11:14:09.365 | INFO     | agents.servers.serverFedMSE:train_on_clients:76 - 20 clients still training at epoch #489
2025-09-30 11:14:22.853 | INFO     | agents.servers.serverFedMSE:train_on_clients:32 - Training FedMSE model epoch #490
2025-09-30 11:14:23.087 | INFO     | agents.servers.serverFedMSE:train_on_clients:70 - Saved model for client 0 at epoch 490 -> saved_models/FedMSE/FedMSE/wsn_ds/epoch_490_client_0.pt
2025-09-30 11:14:23.318 | INFO     | agents.servers.serverFedMSE:train_on_clients:70 - Saved model for client 1 at epoch 490 -> saved_models/FedMSE/FedMSE/wsn_ds/epoch_490_client_1.pt
2025-09-30 11:14:23.550 | INFO     | agents.servers.serverFedMSE:train_on_clients:70 - Saved model for client 2 at epoch 490 -> saved_models/FedMSE/FedMSE/wsn_ds/epoch_490_client_2.pt
2025-09-30 11:14:23.783 | INFO     | agents.servers.serverFedMSE:train_on_clients:70 - Saved model for client 3 at epoch 490 -> saved_models/FedMSE/FedMSE/wsn_ds/epoch_490_client_3.pt
2025-09-30 11:14:24.015 | INFO     | agents.servers.serverFedMSE:train_on_clients:70 - Saved model for client 4 at epoch 490 -> saved_models/FedMSE/FedMSE/wsn_ds/epoch_490_client_4.pt
2025-09-30 11:14:24.244 | INFO     | agents.servers.serverFedMSE:train_on_clients:70 - Saved model for client 5 at epoch 490 -> saved_models/FedMSE/FedMSE/wsn_ds/epoch_490_client_5.pt
2025-09-30 11:14:24.474 | INFO     | agents.servers.serverFedMSE:train_on_clients:70 - Saved model for client 6 at epoch 490 -> saved_models/FedMSE/FedMSE/wsn_ds/epoch_490_client_6.pt
2025-09-30 11:14:24.704 | INFO     | agents.servers.serverFedMSE:train_on_clients:70 - Saved model for client 7 at epoch 490 -> saved_models/FedMSE/FedMSE/wsn_ds/epoch_490_client_7.pt
2025-09-30 11:14:24.938 | INFO     | agents.servers.serverFedMSE:train_on_clients:70 - Saved model for client 8 at epoch 490 -> saved_models/FedMSE/FedMSE/wsn_ds/epoch_490_client_8.pt
2025-09-30 11:14:25.169 | INFO     | agents.servers.serverFedMSE:train_on_clients:70 - Saved model for client 9 at epoch 490 -> saved_models/FedMSE/FedMSE/wsn_ds/epoch_490_client_9.pt
2025-09-30 11:14:25.400 | INFO     | agents.servers.serverFedMSE:train_on_clients:70 - Saved model for client 10 at epoch 490 -> saved_models/FedMSE/FedMSE/wsn_ds/epoch_490_client_10.pt
2025-09-30 11:14:25.630 | INFO     | agents.servers.serverFedMSE:train_on_clients:70 - Saved model for client 11 at epoch 490 -> saved_models/FedMSE/FedMSE/wsn_ds/epoch_490_client_11.pt
2025-09-30 11:14:25.862 | INFO     | agents.servers.serverFedMSE:train_on_clients:70 - Saved model for client 12 at epoch 490 -> saved_models/FedMSE/FedMSE/wsn_ds/epoch_490_client_12.pt
2025-09-30 11:14:26.095 | INFO     | agents.servers.serverFedMSE:train_on_clients:70 - Saved model for client 13 at epoch 490 -> saved_models/FedMSE/FedMSE/wsn_ds/epoch_490_client_13.pt
2025-09-30 11:14:26.325 | INFO     | agents.servers.serverFedMSE:train_on_clients:70 - Saved model for client 14 at epoch 490 -> saved_models/FedMSE/FedMSE/wsn_ds/epoch_490_client_14.pt
2025-09-30 11:14:26.554 | INFO     | agents.servers.serverFedMSE:train_on_clients:70 - Saved model for client 15 at epoch 490 -> saved_models/FedMSE/FedMSE/wsn_ds/epoch_490_client_15.pt
2025-09-30 11:14:26.788 | INFO     | agents.servers.serverFedMSE:train_on_clients:70 - Saved model for client 16 at epoch 490 -> saved_models/FedMSE/FedMSE/wsn_ds/epoch_490_client_16.pt
2025-09-30 11:14:27.020 | INFO     | agents.servers.serverFedMSE:train_on_clients:70 - Saved model for client 17 at epoch 490 -> saved_models/FedMSE/FedMSE/wsn_ds/epoch_490_client_17.pt
2025-09-30 11:14:27.250 | INFO     | agents.servers.serverFedMSE:train_on_clients:70 - Saved model for client 18 at epoch 490 -> saved_models/FedMSE/FedMSE/wsn_ds/epoch_490_client_18.pt
2025-09-30 11:14:27.479 | INFO     | agents.servers.serverFedMSE:train_on_clients:70 - Saved model for client 19 at epoch 490 -> saved_models/FedMSE/FedMSE/wsn_ds/epoch_490_client_19.pt
2025-09-30 11:14:27.481 | INFO     | agents.servers.serverFedMSE:train_on_clients:76 - 20 clients still training at epoch #490
2025-09-30 11:14:41.000 | INFO     | agents.servers.serverFedMSE:train_on_clients:32 - Training FedMSE model epoch #491
2025-09-30 11:14:43.292 | INFO     | agents.servers.serverFedMSE:train_on_clients:54 - Client 9 gets new best val_loss at epoch #491: 0.000295
2025-09-30 11:14:45.580 | INFO     | agents.servers.serverFedMSE:train_on_clients:76 - 20 clients still training at epoch #491
2025-09-30 11:14:59.128 | INFO     | agents.servers.serverFedMSE:train_on_clients:32 - Training FedMSE model epoch #492
2025-09-30 11:15:01.431 | INFO     | agents.servers.serverFedMSE:train_on_clients:54 - Client 9 gets new best val_loss at epoch #492: 0.000289
2025-09-30 11:15:03.735 | INFO     | agents.servers.serverFedMSE:train_on_clients:76 - 20 clients still training at epoch #492
2025-09-30 11:15:17.509 | INFO     | agents.servers.serverFedMSE:train_on_clients:32 - Training FedMSE model epoch #493
2025-09-30 11:15:22.133 | INFO     | agents.servers.serverFedMSE:train_on_clients:76 - 20 clients still training at epoch #493
2025-09-30 11:15:35.668 | INFO     | agents.servers.serverFedMSE:train_on_clients:32 - Training FedMSE model epoch #494
2025-09-30 11:15:39.128 | INFO     | agents.servers.serverFedMSE:train_on_clients:54 - Client 14 gets new best val_loss at epoch #494: 0.000281
2025-09-30 11:15:40.284 | INFO     | agents.servers.serverFedMSE:train_on_clients:76 - 20 clients still training at epoch #494
2025-09-30 11:15:53.831 | INFO     | agents.servers.serverFedMSE:train_on_clients:32 - Training FedMSE model epoch #495
2025-09-30 11:15:57.295 | INFO     | agents.servers.serverFedMSE:train_on_clients:54 - Client 14 gets new best val_loss at epoch #495: 0.000279
2025-09-30 11:15:58.446 | INFO     | agents.servers.serverFedMSE:train_on_clients:76 - 20 clients still training at epoch #495
2025-09-30 11:16:11.932 | INFO     | agents.servers.serverFedMSE:train_on_clients:32 - Training FedMSE model epoch #496
2025-09-30 11:16:14.302 | INFO     | agents.servers.serverFedMSE:train_on_clients:54 - Client 9 gets new best val_loss at epoch #496: 0.000287
2025-09-30 11:16:16.636 | INFO     | agents.servers.serverFedMSE:train_on_clients:76 - 20 clients still training at epoch #496
2025-09-30 11:16:30.285 | INFO     | agents.servers.serverFedMSE:train_on_clients:32 - Training FedMSE model epoch #497
2025-09-30 11:16:32.597 | INFO     | agents.servers.serverFedMSE:train_on_clients:54 - Client 9 gets new best val_loss at epoch #497: 0.000287
2025-09-30 11:16:34.903 | INFO     | agents.servers.serverFedMSE:train_on_clients:76 - 20 clients still training at epoch #497
2025-09-30 11:16:48.487 | INFO     | agents.servers.serverFedMSE:train_on_clients:32 - Training FedMSE model epoch #498
2025-09-30 11:16:50.802 | INFO     | agents.servers.serverFedMSE:train_on_clients:54 - Client 9 gets new best val_loss at epoch #498: 0.000286
2025-09-30 11:16:53.114 | INFO     | agents.servers.serverFedMSE:train_on_clients:76 - 20 clients still training at epoch #498
2025-09-30 11:17:06.589 | INFO     | agents.servers.serverFedMSE:train_on_clients:32 - Training FedMSE model epoch #499
2025-09-30 11:17:08.921 | INFO     | agents.servers.serverFedMSE:train_on_clients:54 - Client 9 gets new best val_loss at epoch #499: 0.000286
2025-09-30 11:17:10.078 | INFO     | agents.servers.serverFedMSE:train_on_clients:54 - Client 14 gets new best val_loss at epoch #499: 0.000279
2025-09-30 11:17:11.234 | INFO     | agents.servers.serverFedMSE:train_on_clients:76 - 20 clients still training at epoch #499
2025-09-30 11:17:25.031 | INFO     | agents.servers.serverFedMSE:train_on_clients:32 - Training FedMSE model epoch #500
2025-09-30 11:17:25.268 | INFO     | agents.servers.serverFedMSE:train_on_clients:70 - Saved model for client 0 at epoch 500 -> saved_models/FedMSE/FedMSE/wsn_ds/epoch_500_client_0.pt
2025-09-30 11:17:25.501 | INFO     | agents.servers.serverFedMSE:train_on_clients:70 - Saved model for client 1 at epoch 500 -> saved_models/FedMSE/FedMSE/wsn_ds/epoch_500_client_1.pt
2025-09-30 11:17:25.735 | INFO     | agents.servers.serverFedMSE:train_on_clients:70 - Saved model for client 2 at epoch 500 -> saved_models/FedMSE/FedMSE/wsn_ds/epoch_500_client_2.pt
2025-09-30 11:17:25.967 | INFO     | agents.servers.serverFedMSE:train_on_clients:70 - Saved model for client 3 at epoch 500 -> saved_models/FedMSE/FedMSE/wsn_ds/epoch_500_client_3.pt
2025-09-30 11:17:26.201 | INFO     | agents.servers.serverFedMSE:train_on_clients:70 - Saved model for client 4 at epoch 500 -> saved_models/FedMSE/FedMSE/wsn_ds/epoch_500_client_4.pt
2025-09-30 11:17:26.434 | INFO     | agents.servers.serverFedMSE:train_on_clients:70 - Saved model for client 5 at epoch 500 -> saved_models/FedMSE/FedMSE/wsn_ds/epoch_500_client_5.pt
2025-09-30 11:17:26.670 | INFO     | agents.servers.serverFedMSE:train_on_clients:70 - Saved model for client 6 at epoch 500 -> saved_models/FedMSE/FedMSE/wsn_ds/epoch_500_client_6.pt
2025-09-30 11:17:26.906 | INFO     | agents.servers.serverFedMSE:train_on_clients:70 - Saved model for client 7 at epoch 500 -> saved_models/FedMSE/FedMSE/wsn_ds/epoch_500_client_7.pt
2025-09-30 11:17:27.139 | INFO     | agents.servers.serverFedMSE:train_on_clients:70 - Saved model for client 8 at epoch 500 -> saved_models/FedMSE/FedMSE/wsn_ds/epoch_500_client_8.pt
2025-09-30 11:17:27.371 | INFO     | agents.servers.serverFedMSE:train_on_clients:54 - Client 9 gets new best val_loss at epoch #500: 0.000284
2025-09-30 11:17:27.373 | INFO     | agents.servers.serverFedMSE:train_on_clients:70 - Saved model for client 9 at epoch 500 -> saved_models/FedMSE/FedMSE/wsn_ds/epoch_500_client_9.pt
2025-09-30 11:17:27.605 | INFO     | agents.servers.serverFedMSE:train_on_clients:70 - Saved model for client 10 at epoch 500 -> saved_models/FedMSE/FedMSE/wsn_ds/epoch_500_client_10.pt
2025-09-30 11:17:27.836 | INFO     | agents.servers.serverFedMSE:train_on_clients:70 - Saved model for client 11 at epoch 500 -> saved_models/FedMSE/FedMSE/wsn_ds/epoch_500_client_11.pt
2025-09-30 11:17:28.068 | INFO     | agents.servers.serverFedMSE:train_on_clients:70 - Saved model for client 12 at epoch 500 -> saved_models/FedMSE/FedMSE/wsn_ds/epoch_500_client_12.pt
2025-09-30 11:17:28.301 | INFO     | agents.servers.serverFedMSE:train_on_clients:70 - Saved model for client 13 at epoch 500 -> saved_models/FedMSE/FedMSE/wsn_ds/epoch_500_client_13.pt
2025-09-30 11:17:28.534 | INFO     | agents.servers.serverFedMSE:train_on_clients:70 - Saved model for client 14 at epoch 500 -> saved_models/FedMSE/FedMSE/wsn_ds/epoch_500_client_14.pt
2025-09-30 11:17:28.766 | INFO     | agents.servers.serverFedMSE:train_on_clients:70 - Saved model for client 15 at epoch 500 -> saved_models/FedMSE/FedMSE/wsn_ds/epoch_500_client_15.pt
2025-09-30 11:17:29.000 | INFO     | agents.servers.serverFedMSE:train_on_clients:70 - Saved model for client 16 at epoch 500 -> saved_models/FedMSE/FedMSE/wsn_ds/epoch_500_client_16.pt
2025-09-30 11:17:29.233 | INFO     | agents.servers.serverFedMSE:train_on_clients:70 - Saved model for client 17 at epoch 500 -> saved_models/FedMSE/FedMSE/wsn_ds/epoch_500_client_17.pt
2025-09-30 11:17:29.467 | INFO     | agents.servers.serverFedMSE:train_on_clients:70 - Saved model for client 18 at epoch 500 -> saved_models/FedMSE/FedMSE/wsn_ds/epoch_500_client_18.pt
2025-09-30 11:17:29.700 | INFO     | agents.servers.serverFedMSE:train_on_clients:70 - Saved model for client 19 at epoch 500 -> saved_models/FedMSE/FedMSE/wsn_ds/epoch_500_client_19.pt
2025-09-30 11:17:29.702 | INFO     | agents.servers.serverFedMSE:train_on_clients:76 - 20 clients still training at epoch #500
2025-09-30 11:17:43.274 | INFO     | agents.servers.serverFedMSE:test_on_clients:174 - Testing FedMSE model at epoch #500
2025-09-30 11:17:43.275 | INFO     | agents.servers.serverFedMSE:test_on_clients:183 - Client 0 test params:  threshold_z (mean=0.000072, std=0.000007), best epoch 485
2025-09-30 11:17:44.954 | DEBUG    | agents.clients.clientFedMSE:test_with_thresholds:279 - Classification Report:
              precision    recall  f1-score   support

           0       1.00      0.73      0.84      3416
           1       0.26      0.98      0.41       331

    accuracy                           0.75      3747
   macro avg       0.63      0.85      0.63      3747
weighted avg       0.93      0.75      0.80      3747

2025-09-30 11:17:44.954 | DEBUG    | agents.clients.clientFedMSE:test_with_thresholds:283 - Confusion Matrix:
[[2494  922]
 [   7  324]]
2025-09-30 11:17:44.954 | DEBUG    | agents.clients.clientFedMSE:test_with_thresholds:284 - ROC AUC Score: 0.8544728202806059
2025-09-30 11:17:44.954 | DEBUG    | agents.clients.clientFedMSE:test_with_thresholds:285 - False Positive Rate (FPR): 0.2699
2025-09-30 11:18:26.499 | INFO     | agents.servers.serverFedMSE:test_on_clients:200 - [Client 0] Multiplier 0.0: ACC=0.7521, P=0.2600, R=0.9789, F1=0.4109, AUC=0.8545
2025-09-30 11:18:26.521 | INFO     | agents.servers.serverFedMSE:test_on_clients:183 - Client 1 test params:  threshold_z (mean=0.000071, std=0.000007), best epoch 473
2025-09-30 11:18:28.260 | DEBUG    | agents.clients.clientFedMSE:test_with_thresholds:279 - Classification Report:
              precision    recall  f1-score   support

           0       1.00      0.74      0.85      3395
           1       0.28      0.99      0.44       352

    accuracy                           0.76      3747
   macro avg       0.64      0.86      0.64      3747
weighted avg       0.93      0.76      0.81      3747

2025-09-30 11:18:28.260 | DEBUG    | agents.clients.clientFedMSE:test_with_thresholds:283 - Confusion Matrix:
[[2496  899]
 [   3  349]]
2025-09-30 11:18:28.261 | DEBUG    | agents.clients.clientFedMSE:test_with_thresholds:284 - ROC AUC Score: 0.8633380472620164
2025-09-30 11:18:28.261 | DEBUG    | agents.clients.clientFedMSE:test_with_thresholds:285 - False Positive Rate (FPR): 0.2648
2025-09-30 11:19:09.930 | INFO     | agents.servers.serverFedMSE:test_on_clients:200 - [Client 1] Multiplier 0.0: ACC=0.7593, P=0.2796, R=0.9915, F1=0.4363, AUC=0.8633
2025-09-30 11:19:09.950 | INFO     | agents.servers.serverFedMSE:test_on_clients:183 - Client 2 test params:  threshold_z (mean=0.000075, std=0.000010), best epoch 456
2025-09-30 11:19:11.632 | DEBUG    | agents.clients.clientFedMSE:test_with_thresholds:279 - Classification Report:
              precision    recall  f1-score   support

           0       1.00      0.74      0.85      3404
           1       0.28      0.99      0.43       343

    accuracy                           0.76      3747
   macro avg       0.64      0.86      0.64      3747
weighted avg       0.93      0.76      0.81      3747

2025-09-30 11:19:11.633 | DEBUG    | agents.clients.clientFedMSE:test_with_thresholds:283 - Confusion Matrix:
[[2509  895]
 [   3  340]]
2025-09-30 11:19:11.633 | DEBUG    | agents.clients.clientFedMSE:test_with_thresholds:284 - ROC AUC Score: 0.86416383743358
2025-09-30 11:19:11.633 | DEBUG    | agents.clients.clientFedMSE:test_with_thresholds:285 - False Positive Rate (FPR): 0.2629
2025-09-30 11:19:53.449 | INFO     | agents.servers.serverFedMSE:test_on_clients:200 - [Client 2] Multiplier 0.0: ACC=0.7603, P=0.2753, R=0.9913, F1=0.4309, AUC=0.8642
2025-09-30 11:19:53.469 | INFO     | agents.servers.serverFedMSE:test_on_clients:183 - Client 3 test params:  threshold_z (mean=0.000074, std=0.000007), best epoch 452
2025-09-30 11:19:55.124 | DEBUG    | agents.clients.clientFedMSE:test_with_thresholds:279 - Classification Report:
              precision    recall  f1-score   support

           0       1.00      0.73      0.84      3380
           1       0.29      0.99      0.44       367

    accuracy                           0.76      3747
   macro avg       0.64      0.86      0.64      3747
weighted avg       0.93      0.76      0.80      3747

2025-09-30 11:19:55.124 | DEBUG    | agents.clients.clientFedMSE:test_with_thresholds:283 - Confusion Matrix:
[[2469  911]
 [   3  364]]
2025-09-30 11:19:55.125 | DEBUG    | agents.clients.clientFedMSE:test_with_thresholds:284 - ROC AUC Score: 0.8611494929300421
2025-09-30 11:19:55.125 | DEBUG    | agents.clients.clientFedMSE:test_with_thresholds:285 - False Positive Rate (FPR): 0.2695
2025-09-30 11:20:36.552 | INFO     | agents.servers.serverFedMSE:test_on_clients:200 - [Client 3] Multiplier 0.0: ACC=0.7561, P=0.2855, R=0.9918, F1=0.4434, AUC=0.8611
2025-09-30 11:20:36.572 | INFO     | agents.servers.serverFedMSE:test_on_clients:183 - Client 4 test params:  threshold_z (mean=0.000073, std=0.000012), best epoch 482
2025-09-30 11:20:38.275 | DEBUG    | agents.clients.clientFedMSE:test_with_thresholds:279 - Classification Report:
              precision    recall  f1-score   support

           0       1.00      0.73      0.84      3413
           1       0.26      0.99      0.41       334

    accuracy                           0.75      3747
   macro avg       0.63      0.86      0.63      3747
weighted avg       0.93      0.75      0.80      3747

2025-09-30 11:20:38.276 | DEBUG    | agents.clients.clientFedMSE:test_with_thresholds:283 - Confusion Matrix:
[[2477  936]
 [   3  331]]
2025-09-30 11:20:38.276 | DEBUG    | agents.clients.clientFedMSE:test_with_thresholds:284 - ROC AUC Score: 0.8583862161408211
2025-09-30 11:20:38.276 | DEBUG    | agents.clients.clientFedMSE:test_with_thresholds:285 - False Positive Rate (FPR): 0.2742
2025-09-30 11:21:19.968 | INFO     | agents.servers.serverFedMSE:test_on_clients:200 - [Client 4] Multiplier 0.0: ACC=0.7494, P=0.2612, R=0.9910, F1=0.4135, AUC=0.8584
2025-09-30 11:21:19.988 | INFO     | agents.servers.serverFedMSE:test_on_clients:183 - Client 5 test params:  threshold_z (mean=0.000073, std=0.000008), best epoch 414
2025-09-30 11:21:21.672 | DEBUG    | agents.clients.clientFedMSE:test_with_thresholds:279 - Classification Report:
              precision    recall  f1-score   support

           0       1.00      0.74      0.85      3381
           1       0.29      0.98      0.45       366

    accuracy                           0.76      3747
   macro avg       0.64      0.86      0.65      3747
weighted avg       0.93      0.76      0.81      3747

2025-09-30 11:21:21.672 | DEBUG    | agents.clients.clientFedMSE:test_with_thresholds:283 - Confusion Matrix:
[[2494  887]
 [   6  360]]
2025-09-30 11:21:21.672 | DEBUG    | agents.clients.clientFedMSE:test_with_thresholds:284 - ROC AUC Score: 0.8606290698745642
2025-09-30 11:21:21.673 | DEBUG    | agents.clients.clientFedMSE:test_with_thresholds:285 - False Positive Rate (FPR): 0.2623
2025-09-30 11:22:03.611 | INFO     | agents.servers.serverFedMSE:test_on_clients:200 - [Client 5] Multiplier 0.0: ACC=0.7617, P=0.2887, R=0.9836, F1=0.4464, AUC=0.8606
2025-09-30 11:22:03.631 | INFO     | agents.servers.serverFedMSE:test_on_clients:183 - Client 6 test params:  threshold_z (mean=0.000072, std=0.000012), best epoch 462
2025-09-30 11:22:05.301 | DEBUG    | agents.clients.clientFedMSE:test_with_thresholds:279 - Classification Report:
              precision    recall  f1-score   support

           0       1.00      0.72      0.84      3390
           1       0.27      0.99      0.43       357

    accuracy                           0.75      3747
   macro avg       0.64      0.86      0.63      3747
weighted avg       0.93      0.75      0.80      3747

2025-09-30 11:22:05.301 | DEBUG    | agents.clients.clientFedMSE:test_with_thresholds:283 - Confusion Matrix:
[[2448  942]
 [   3  354]]
2025-09-30 11:22:05.301 | DEBUG    | agents.clients.clientFedMSE:test_with_thresholds:284 - ROC AUC Score: 0.8568602662303859
2025-09-30 11:22:05.302 | DEBUG    | agents.clients.clientFedMSE:test_with_thresholds:285 - False Positive Rate (FPR): 0.2779
2025-09-30 11:22:46.993 | INFO     | agents.servers.serverFedMSE:test_on_clients:200 - [Client 6] Multiplier 0.0: ACC=0.7478, P=0.2731, R=0.9916, F1=0.4283, AUC=0.8569
2025-09-30 11:22:47.015 | INFO     | agents.servers.serverFedMSE:test_on_clients:183 - Client 7 test params:  threshold_z (mean=0.000074, std=0.000007), best epoch 419
2025-09-30 11:22:48.674 | DEBUG    | agents.clients.clientFedMSE:test_with_thresholds:279 - Classification Report:
              precision    recall  f1-score   support

           0       1.00      0.74      0.85      3396
           1       0.28      0.99      0.44       351

    accuracy                           0.76      3747
   macro avg       0.64      0.87      0.64      3747
weighted avg       0.93      0.76      0.81      3747

2025-09-30 11:22:48.674 | DEBUG    | agents.clients.clientFedMSE:test_with_thresholds:283 - Confusion Matrix:
[[2512  884]
 [   3  348]]
2025-09-30 11:22:48.674 | DEBUG    | agents.clients.clientFedMSE:test_with_thresholds:284 - ROC AUC Score: 0.8655733744072966
2025-09-30 11:22:48.674 | DEBUG    | agents.clients.clientFedMSE:test_with_thresholds:285 - False Positive Rate (FPR): 0.2603
2025-09-30 11:23:30.417 | INFO     | agents.servers.serverFedMSE:test_on_clients:200 - [Client 7] Multiplier 0.0: ACC=0.7633, P=0.2825, R=0.9915, F1=0.4397, AUC=0.8656
2025-09-30 11:23:30.437 | INFO     | agents.servers.serverFedMSE:test_on_clients:183 - Client 8 test params:  threshold_z (mean=0.000071, std=0.000011), best epoch 453
2025-09-30 11:23:32.125 | DEBUG    | agents.clients.clientFedMSE:test_with_thresholds:279 - Classification Report:
              precision    recall  f1-score   support

           0       1.00      0.74      0.85      3398
           1       0.28      0.99      0.44       349

    accuracy                           0.76      3747
   macro avg       0.64      0.86      0.64      3747
weighted avg       0.93      0.76      0.81      3747

2025-09-30 11:23:32.126 | DEBUG    | agents.clients.clientFedMSE:test_with_thresholds:283 - Confusion Matrix:
[[2511  887]
 [   4  345]]
2025-09-30 11:23:32.126 | DEBUG    | agents.clients.clientFedMSE:test_with_thresholds:284 - ROC AUC Score: 0.8637513892378966
2025-09-30 11:23:32.126 | DEBUG    | agents.clients.clientFedMSE:test_with_thresholds:285 - False Positive Rate (FPR): 0.2610
2025-09-30 11:24:13.897 | INFO     | agents.servers.serverFedMSE:test_on_clients:200 - [Client 8] Multiplier 0.0: ACC=0.7622, P=0.2800, R=0.9885, F1=0.4364, AUC=0.8638
2025-09-30 11:24:13.917 | INFO     | agents.servers.serverFedMSE:test_on_clients:183 - Client 9 test params:  threshold_z (mean=0.000067, std=0.000008), best epoch 500
2025-09-30 11:24:15.600 | DEBUG    | agents.clients.clientFedMSE:test_with_thresholds:279 - Classification Report:
              precision    recall  f1-score   support

           0       1.00      0.72      0.83      3411
           1       0.26      0.99      0.41       336

    accuracy                           0.74      3747
   macro avg       0.63      0.85      0.62      3747
weighted avg       0.93      0.74      0.80      3747

2025-09-30 11:24:15.601 | DEBUG    | agents.clients.clientFedMSE:test_with_thresholds:283 - Confusion Matrix:
[[2440  971]
 [   3  333]]
2025-09-30 11:24:15.601 | DEBUG    | agents.clients.clientFedMSE:test_with_thresholds:284 - ROC AUC Score: 0.8532020877832225
2025-09-30 11:24:15.601 | DEBUG    | agents.clients.clientFedMSE:test_with_thresholds:285 - False Positive Rate (FPR): 0.2847
2025-09-30 11:24:57.336 | INFO     | agents.servers.serverFedMSE:test_on_clients:200 - [Client 9] Multiplier 0.0: ACC=0.7401, P=0.2554, R=0.9911, F1=0.4061, AUC=0.8532
2025-09-30 11:24:57.356 | INFO     | agents.servers.serverFedMSE:test_on_clients:183 - Client 10 test params:  threshold_z (mean=0.000074, std=0.000007), best epoch 395
2025-09-30 11:24:59.041 | DEBUG    | agents.clients.clientFedMSE:test_with_thresholds:279 - Classification Report:
              precision    recall  f1-score   support

           0       1.00      0.74      0.85      3403
           1       0.28      0.99      0.43       344

    accuracy                           0.76      3747
   macro avg       0.64      0.86      0.64      3747
weighted avg       0.93      0.76      0.81      3747

2025-09-30 11:24:59.041 | DEBUG    | agents.clients.clientFedMSE:test_with_thresholds:283 - Confusion Matrix:
[[2513  890]
 [   4  340]]
2025-09-30 11:24:59.041 | DEBUG    | agents.clients.clientFedMSE:test_with_thresholds:284 - ROC AUC Score: 0.8634190761913223
2025-09-30 11:24:59.041 | DEBUG    | agents.clients.clientFedMSE:test_with_thresholds:285 - False Positive Rate (FPR): 0.2615
2025-09-30 11:25:40.750 | INFO     | agents.servers.serverFedMSE:test_on_clients:200 - [Client 10] Multiplier 0.0: ACC=0.7614, P=0.2764, R=0.9884, F1=0.4320, AUC=0.8634
2025-09-30 11:25:40.770 | INFO     | agents.servers.serverFedMSE:test_on_clients:183 - Client 11 test params:  threshold_z (mean=0.000067, std=0.000008), best epoch 489
2025-09-30 11:25:42.410 | DEBUG    | agents.clients.clientFedMSE:test_with_thresholds:279 - Classification Report:
              precision    recall  f1-score   support

           0       1.00      0.72      0.84      3398
           1       0.27      0.99      0.42       349

    accuracy                           0.74      3747
   macro avg       0.63      0.86      0.63      3747
weighted avg       0.93      0.74      0.80      3747

2025-09-30 11:25:42.410 | DEBUG    | agents.clients.clientFedMSE:test_with_thresholds:283 - Confusion Matrix:
[[2443  955]
 [   3  346]]
2025-09-30 11:25:42.411 | DEBUG    | agents.clients.clientFedMSE:test_with_thresholds:284 - ROC AUC Score: 0.8551781681791581
2025-09-30 11:25:42.411 | DEBUG    | agents.clients.clientFedMSE:test_with_thresholds:285 - False Positive Rate (FPR): 0.2810
2025-09-30 11:26:24.190 | INFO     | agents.servers.serverFedMSE:test_on_clients:200 - [Client 11] Multiplier 0.0: ACC=0.7443, P=0.2659, R=0.9914, F1=0.4194, AUC=0.8552
2025-09-30 11:26:24.210 | INFO     | agents.servers.serverFedMSE:test_on_clients:183 - Client 12 test params:  threshold_z (mean=0.000072, std=0.000008), best epoch 459
2025-09-30 11:26:25.874 | DEBUG    | agents.clients.clientFedMSE:test_with_thresholds:279 - Classification Report:
              precision    recall  f1-score   support

           0       1.00      0.73      0.84      3375
           1       0.29      0.99      0.45       372

    accuracy                           0.75      3747
   macro avg       0.64      0.86      0.64      3747
weighted avg       0.93      0.75      0.80      3747

2025-09-30 11:26:25.875 | DEBUG    | agents.clients.clientFedMSE:test_with_thresholds:283 - Confusion Matrix:
[[2458  917]
 [   3  369]]
2025-09-30 11:26:25.875 | DEBUG    | agents.clients.clientFedMSE:test_with_thresholds:284 - ROC AUC Score: 0.860115890083632
2025-09-30 11:26:25.875 | DEBUG    | agents.clients.clientFedMSE:test_with_thresholds:285 - False Positive Rate (FPR): 0.2717
2025-09-30 11:27:07.535 | INFO     | agents.servers.serverFedMSE:test_on_clients:200 - [Client 12] Multiplier 0.0: ACC=0.7545, P=0.2869, R=0.9919, F1=0.4451, AUC=0.8601
2025-09-30 11:27:07.556 | INFO     | agents.servers.serverFedMSE:test_on_clients:183 - Client 13 test params:  threshold_z (mean=0.000069, std=0.000006), best epoch 427
2025-09-30 11:27:09.209 | DEBUG    | agents.clients.clientFedMSE:test_with_thresholds:279 - Classification Report:
              precision    recall  f1-score   support

           0       1.00      0.72      0.84      3404
           1       0.26      0.98      0.41       342

    accuracy                           0.75      3746
   macro avg       0.63      0.85      0.63      3746
weighted avg       0.93      0.75      0.80      3746

2025-09-30 11:27:09.209 | DEBUG    | agents.clients.clientFedMSE:test_with_thresholds:283 - Confusion Matrix:
[[2464  940]
 [   7  335]]
2025-09-30 11:27:09.210 | DEBUG    | agents.clients.clientFedMSE:test_with_thresholds:284 - ROC AUC Score: 0.8516932264071851
2025-09-30 11:27:09.210 | DEBUG    | agents.clients.clientFedMSE:test_with_thresholds:285 - False Positive Rate (FPR): 0.2761
2025-09-30 11:27:50.887 | INFO     | agents.servers.serverFedMSE:test_on_clients:200 - [Client 13] Multiplier 0.0: ACC=0.7472, P=0.2627, R=0.9795, F1=0.4143, AUC=0.8517
2025-09-30 11:27:50.907 | INFO     | agents.servers.serverFedMSE:test_on_clients:183 - Client 14 test params:  threshold_z (mean=0.000070, std=0.000009), best epoch 499
2025-09-30 11:27:52.592 | DEBUG    | agents.clients.clientFedMSE:test_with_thresholds:279 - Classification Report:
              precision    recall  f1-score   support

           0       1.00      0.72      0.84      3418
           1       0.25      0.98      0.40       328

    accuracy                           0.74      3746
   macro avg       0.63      0.85      0.62      3746
weighted avg       0.93      0.74      0.80      3746

2025-09-30 11:27:52.592 | DEBUG    | agents.clients.clientFedMSE:test_with_thresholds:283 - Confusion Matrix:
[[2466  952]
 [   6  322]]
2025-09-30 11:27:52.593 | DEBUG    | agents.clients.clientFedMSE:test_with_thresholds:284 - ROC AUC Score: 0.8515909317958013
2025-09-30 11:27:52.593 | DEBUG    | agents.clients.clientFedMSE:test_with_thresholds:285 - False Positive Rate (FPR): 0.2785
2025-09-30 11:28:34.468 | INFO     | agents.servers.serverFedMSE:test_on_clients:200 - [Client 14] Multiplier 0.0: ACC=0.7443, P=0.2527, R=0.9817, F1=0.4020, AUC=0.8516
2025-09-30 11:28:34.488 | INFO     | agents.servers.serverFedMSE:test_on_clients:183 - Client 15 test params:  threshold_z (mean=0.000070, std=0.000004), best epoch 471
2025-09-30 11:28:36.165 | DEBUG    | agents.clients.clientFedMSE:test_with_thresholds:279 - Classification Report:
              precision    recall  f1-score   support

           0       1.00      0.73      0.84      3417
           1       0.26      0.99      0.41       329

    accuracy                           0.75      3746
   macro avg       0.63      0.86      0.63      3746
weighted avg       0.93      0.75      0.81      3746

2025-09-30 11:28:36.165 | DEBUG    | agents.clients.clientFedMSE:test_with_thresholds:283 - Confusion Matrix:
[[2493  924]
 [   4  325]]
2025-09-30 11:28:36.166 | DEBUG    | agents.clients.clientFedMSE:test_with_thresholds:284 - ROC AUC Score: 0.858714651309873
2025-09-30 11:28:36.166 | DEBUG    | agents.clients.clientFedMSE:test_with_thresholds:285 - False Positive Rate (FPR): 0.2704
2025-09-30 11:29:17.881 | INFO     | agents.servers.serverFedMSE:test_on_clients:200 - [Client 15] Multiplier 0.0: ACC=0.7523, P=0.2602, R=0.9878, F1=0.4119, AUC=0.8587
2025-09-30 11:29:17.902 | INFO     | agents.servers.serverFedMSE:test_on_clients:183 - Client 16 test params:  threshold_z (mean=0.000073, std=0.000009), best epoch 471
2025-09-30 11:29:19.583 | DEBUG    | agents.clients.clientFedMSE:test_with_thresholds:279 - Classification Report:
              precision    recall  f1-score   support

           0       1.00      0.73      0.84      3369
           1       0.29      0.99      0.45       377

    accuracy                           0.76      3746
   macro avg       0.64      0.86      0.65      3746
weighted avg       0.93      0.76      0.81      3746

2025-09-30 11:29:19.584 | DEBUG    | agents.clients.clientFedMSE:test_with_thresholds:283 - Confusion Matrix:
[[2467  902]
 [   5  372]]
2025-09-30 11:29:19.584 | DEBUG    | agents.clients.clientFedMSE:test_with_thresholds:284 - ROC AUC Score: 0.8595010837618385
2025-09-30 11:29:19.584 | DEBUG    | agents.clients.clientFedMSE:test_with_thresholds:285 - False Positive Rate (FPR): 0.2677
2025-09-30 11:30:01.287 | INFO     | agents.servers.serverFedMSE:test_on_clients:200 - [Client 16] Multiplier 0.0: ACC=0.7579, P=0.2920, R=0.9867, F1=0.4506, AUC=0.8595
2025-09-30 11:30:01.307 | INFO     | agents.servers.serverFedMSE:test_on_clients:183 - Client 17 test params:  threshold_z (mean=0.000064, std=0.000007), best epoch 390
2025-09-30 11:30:02.979 | DEBUG    | agents.clients.clientFedMSE:test_with_thresholds:279 - Classification Report:
              precision    recall  f1-score   support

           0       1.00      0.72      0.84      3402
           1       0.27      1.00      0.42       344

    accuracy                           0.75      3746
   macro avg       0.63      0.86      0.63      3746
weighted avg       0.93      0.75      0.80      3746

2025-09-30 11:30:02.979 | DEBUG    | agents.clients.clientFedMSE:test_with_thresholds:283 - Confusion Matrix:
[[2454  948]
 [   1  343]]
2025-09-30 11:30:02.980 | DEBUG    | agents.clients.clientFedMSE:test_with_thresholds:284 - ROC AUC Score: 0.8592167056314344
2025-09-30 11:30:02.980 | DEBUG    | agents.clients.clientFedMSE:test_with_thresholds:285 - False Positive Rate (FPR): 0.2787
2025-09-30 11:30:44.875 | INFO     | agents.servers.serverFedMSE:test_on_clients:200 - [Client 17] Multiplier 0.0: ACC=0.7467, P=0.2657, R=0.9971, F1=0.4196, AUC=0.8592
2025-09-30 11:30:44.903 | INFO     | agents.servers.serverFedMSE:test_on_clients:183 - Client 18 test params:  threshold_z (mean=0.000078, std=0.000007), best epoch 368
2025-09-30 11:30:46.561 | DEBUG    | agents.clients.clientFedMSE:test_with_thresholds:279 - Classification Report:
              precision    recall  f1-score   support

           0       1.00      0.75      0.85      3403
           1       0.28      0.99      0.44       343

    accuracy                           0.77      3746
   macro avg       0.64      0.87      0.65      3746
weighted avg       0.93      0.77      0.82      3746

2025-09-30 11:30:46.561 | DEBUG    | agents.clients.clientFedMSE:test_with_thresholds:283 - Confusion Matrix:
[[2539  864]
 [   4  339]]
2025-09-30 11:30:46.561 | DEBUG    | agents.clients.clientFedMSE:test_with_thresholds:284 - ROC AUC Score: 0.8672222845731214
2025-09-30 11:30:46.561 | DEBUG    | agents.clients.clientFedMSE:test_with_thresholds:285 - False Positive Rate (FPR): 0.2539
2025-09-30 11:31:27.979 | INFO     | agents.servers.serverFedMSE:test_on_clients:200 - [Client 18] Multiplier 0.0: ACC=0.7683, P=0.2818, R=0.9883, F1=0.4386, AUC=0.8672
2025-09-30 11:31:28.000 | INFO     | agents.servers.serverFedMSE:test_on_clients:183 - Client 19 test params:  threshold_z (mean=0.000077, std=0.000017), best epoch 476
2025-09-30 11:31:29.673 | DEBUG    | agents.clients.clientFedMSE:test_with_thresholds:279 - Classification Report:
              precision    recall  f1-score   support

           0       1.00      0.75      0.86      3423
           1       0.27      0.99      0.43       323

    accuracy                           0.77      3746
   macro avg       0.64      0.87      0.64      3746
weighted avg       0.94      0.77      0.82      3746

2025-09-30 11:31:29.674 | DEBUG    | agents.clients.clientFedMSE:test_with_thresholds:283 - Confusion Matrix:
[[2579  844]
 [   3  320]]
2025-09-30 11:31:29.674 | DEBUG    | agents.clients.clientFedMSE:test_with_thresholds:284 - ROC AUC Score: 0.8720723678557635
2025-09-30 11:31:29.674 | DEBUG    | agents.clients.clientFedMSE:test_with_thresholds:285 - False Positive Rate (FPR): 0.2466
2025-09-30 11:32:11.433 | INFO     | agents.servers.serverFedMSE:test_on_clients:200 - [Client 19] Multiplier 0.0: ACC=0.7739, P=0.2749, R=0.9907, F1=0.4304, AUC=0.8721
2025-09-30 11:32:11.455 | INFO     | agents.servers.serverFedMSE:_log_avg_auc:251 - 
====== AVERAGE AUC PER MULTIPLIER ======
Multiplier   All Clients          Benign Clients       Poisoned Clients    
---------------------------------------------------------------------------
0.0          0.860013             0.860013             0.000000            
0.2          0.861379             0.861379             0.000000            
0.4          0.862526             0.862526             0.000000            
0.6          0.863666             0.863666             0.000000            
0.8          0.864702             0.864702             0.000000            
1.0          0.865666             0.865666             0.000000            
1.2          0.866489             0.866489             0.000000            
1.4          0.867542             0.867542             0.000000            
1.6          0.868476             0.868476             0.000000            
1.8          0.869329             0.869329             0.000000            
2.0          0.870372             0.870372             0.000000            
2.2          0.871173             0.871173             0.000000            
2.4          0.872100             0.872100             0.000000            
2.6          0.872918             0.872918             0.000000            
2.8          0.873756             0.873756             0.000000            
3.0          0.874623             0.874623             0.000000            
3.2          0.875401             0.875401             0.000000            
3.4          0.876297             0.876297             0.000000            
3.6          0.877164             0.877164             0.000000            
3.8          0.878038             0.878038             0.000000            
4.0          0.878905             0.878905             0.000000            
4.2          0.880014             0.880014             0.000000            
4.4          0.881050             0.881050             0.000000            
4.6          0.882173             0.882173             0.000000            
4.8          0.883230             0.883230             0.000000            
5.0          0.884273             0.884273             0.000000            

