2025-09-30 00:46:11.984 | DEBUG    | function.arguments:log:104 - Arguments: 
[Experiment Config]
Model Type: SAE1
Noise Type: label_flipping
Aggregation Type: average
Learning Rate: 0.01
Coefficient Shrink AE: 1.0
Threshold Multiplier: 0.0
Noise STD: 0.001
Attack Noise STD: 3.0
Number of Poisoned Clients: 0
Poisoned Sample Ratio: 1.0
Dimension: 17
Epochs: 500
Number of Multi-Class Clients: 0

[System Config]
Number of Workers: 20
Early Stop Offset: 500
Threshold Factor: 0
Cuda Enabled: True
Shuffle: False
Loss Function: <class 'torch.nn.modules.loss.MSELoss'>

[Dataset Config]
Dataset: wsn_ds
Train Batch Size: 128
Val Batch Size: 128
Test Batch Size: 1
Malicious Batch Size: 128
Train Data Path: data_loaders/wsn_ds/train_data_loader.pickle
Val Data Path: data_loaders/wsn_ds/val_data_loader.pickle
Test Data Path: data_loaders/wsn_ds/test_data_loader.pickle
Malicious Data Path: data_loaders/wsn_ds/mal_data_loader.pickle
Default Model Save Path: default_models/wsn_ds

2025-09-30 00:46:11.984 | INFO     | function.utils.data_loader_util:load_data_loader_from_file:191 - Loading data loader from file: data_loaders/wsn_ds/train_data_loader.pickle
2025-09-30 00:46:12.007 | INFO     | function.utils.data_loader_util:load_data_loader_from_file:191 - Loading data loader from file: data_loaders/wsn_ds/val_data_loader.pickle
2025-09-30 00:46:12.009 | INFO     | function.utils.data_loader_util:load_data_loader_from_file:191 - Loading data loader from file: data_loaders/wsn_ds/test_data_loader.pickle
2025-09-30 00:46:12.014 | INFO     | function.utils.data_loader_util:load_data_loader_from_file:191 - Loading data loader from file: data_loaders/wsn_ds/mal_data_loader.pickle
2025-09-30 00:46:12.016 | INFO     | core.experiment_runner:run_exp:56 - Multi-class client IDs: []
2025-09-30 00:46:12.016 | INFO     | core.experiment_runner:run_exp:61 - Single-class client IDs: [0, 1, 2, 3, 4, 5, 6, 7, 8, 9, 10, 11, 12, 13, 14, 15, 16, 17, 18, 19]
2025-09-30 00:46:16.516 | INFO     | function.utils.data_util:poison_data:100 - Poisoning data for workers: []
2025-09-30 00:46:22.014 | INFO     | function.utils.data_util:poison_data:100 - Poisoning data for workers: []
2025-09-30 00:46:27.542 | INFO     | agents.servers.serverSAE1:train_on_clients:22 - Training SAE1 model epoch #1
2025-09-30 00:46:27.906 | INFO     | agents.servers.serverSAE1:train_on_clients:44 - Client 0 gets new best val_loss at epoch #1: 0.014074
2025-09-30 00:46:28.150 | INFO     | agents.servers.serverSAE1:train_on_clients:44 - Client 1 gets new best val_loss at epoch #1: 0.014703
2025-09-30 00:46:28.396 | INFO     | agents.servers.serverSAE1:train_on_clients:44 - Client 2 gets new best val_loss at epoch #1: 0.014540
2025-09-30 00:46:28.644 | INFO     | agents.servers.serverSAE1:train_on_clients:44 - Client 3 gets new best val_loss at epoch #1: 0.014811
2025-09-30 00:46:28.889 | INFO     | agents.servers.serverSAE1:train_on_clients:44 - Client 4 gets new best val_loss at epoch #1: 0.015577
2025-09-30 00:46:29.132 | INFO     | agents.servers.serverSAE1:train_on_clients:44 - Client 5 gets new best val_loss at epoch #1: 0.013297
2025-09-30 00:46:29.381 | INFO     | agents.servers.serverSAE1:train_on_clients:44 - Client 6 gets new best val_loss at epoch #1: 0.013635
2025-09-30 00:46:29.626 | INFO     | agents.servers.serverSAE1:train_on_clients:44 - Client 7 gets new best val_loss at epoch #1: 0.014137
2025-09-30 00:46:29.869 | INFO     | agents.servers.serverSAE1:train_on_clients:44 - Client 8 gets new best val_loss at epoch #1: 0.014204
2025-09-30 00:46:30.112 | INFO     | agents.servers.serverSAE1:train_on_clients:44 - Client 9 gets new best val_loss at epoch #1: 0.014434
2025-09-30 00:46:30.360 | INFO     | agents.servers.serverSAE1:train_on_clients:44 - Client 10 gets new best val_loss at epoch #1: 0.015415
2025-09-30 00:46:30.602 | INFO     | agents.servers.serverSAE1:train_on_clients:44 - Client 11 gets new best val_loss at epoch #1: 0.013053
2025-09-30 00:46:30.843 | INFO     | agents.servers.serverSAE1:train_on_clients:44 - Client 12 gets new best val_loss at epoch #1: 0.017304
2025-09-30 00:46:31.086 | INFO     | agents.servers.serverSAE1:train_on_clients:44 - Client 13 gets new best val_loss at epoch #1: 0.018207
2025-09-30 00:46:31.327 | INFO     | agents.servers.serverSAE1:train_on_clients:44 - Client 14 gets new best val_loss at epoch #1: 0.014064
2025-09-30 00:46:31.568 | INFO     | agents.servers.serverSAE1:train_on_clients:44 - Client 15 gets new best val_loss at epoch #1: 0.016688
2025-09-30 00:46:31.805 | INFO     | agents.servers.serverSAE1:train_on_clients:44 - Client 16 gets new best val_loss at epoch #1: 0.015909
2025-09-30 00:46:32.044 | INFO     | agents.servers.serverSAE1:train_on_clients:44 - Client 17 gets new best val_loss at epoch #1: 0.013702
2025-09-30 00:46:32.284 | INFO     | agents.servers.serverSAE1:train_on_clients:44 - Client 18 gets new best val_loss at epoch #1: 0.014772
2025-09-30 00:46:32.524 | INFO     | agents.servers.serverSAE1:train_on_clients:44 - Client 19 gets new best val_loss at epoch #1: 0.015675
2025-09-30 00:46:32.526 | INFO     | agents.servers.serverSAE1:train_on_clients:66 - 20 clients still training at epoch #1
2025-09-30 00:46:32.550 | INFO     | agents.servers.serverSAE1:train_on_clients:22 - Training SAE1 model epoch #2
2025-09-30 00:46:32.787 | INFO     | agents.servers.serverSAE1:train_on_clients:44 - Client 0 gets new best val_loss at epoch #2: 0.011711
2025-09-30 00:46:33.029 | INFO     | agents.servers.serverSAE1:train_on_clients:44 - Client 1 gets new best val_loss at epoch #2: 0.011585
2025-09-30 00:46:33.301 | INFO     | agents.servers.serverSAE1:train_on_clients:44 - Client 2 gets new best val_loss at epoch #2: 0.011583
2025-09-30 00:46:33.563 | INFO     | agents.servers.serverSAE1:train_on_clients:44 - Client 3 gets new best val_loss at epoch #2: 0.012263
2025-09-30 00:46:33.813 | INFO     | agents.servers.serverSAE1:train_on_clients:44 - Client 4 gets new best val_loss at epoch #2: 0.014839
2025-09-30 00:46:34.064 | INFO     | agents.servers.serverSAE1:train_on_clients:44 - Client 5 gets new best val_loss at epoch #2: 0.011507
2025-09-30 00:46:34.312 | INFO     | agents.servers.serverSAE1:train_on_clients:44 - Client 6 gets new best val_loss at epoch #2: 0.011175
2025-09-30 00:46:34.554 | INFO     | agents.servers.serverSAE1:train_on_clients:44 - Client 7 gets new best val_loss at epoch #2: 0.013842
2025-09-30 00:46:34.793 | INFO     | agents.servers.serverSAE1:train_on_clients:44 - Client 8 gets new best val_loss at epoch #2: 0.011171
2025-09-30 00:46:35.270 | INFO     | agents.servers.serverSAE1:train_on_clients:44 - Client 10 gets new best val_loss at epoch #2: 0.011919
2025-09-30 00:46:35.518 | INFO     | agents.servers.serverSAE1:train_on_clients:44 - Client 11 gets new best val_loss at epoch #2: 0.010995
2025-09-30 00:46:35.766 | INFO     | agents.servers.serverSAE1:train_on_clients:44 - Client 12 gets new best val_loss at epoch #2: 0.011190
2025-09-30 00:46:36.016 | INFO     | agents.servers.serverSAE1:train_on_clients:44 - Client 13 gets new best val_loss at epoch #2: 0.010718
2025-09-30 00:46:36.268 | INFO     | agents.servers.serverSAE1:train_on_clients:44 - Client 14 gets new best val_loss at epoch #2: 0.011609
2025-09-30 00:46:36.529 | INFO     | agents.servers.serverSAE1:train_on_clients:44 - Client 15 gets new best val_loss at epoch #2: 0.010928
2025-09-30 00:46:36.782 | INFO     | agents.servers.serverSAE1:train_on_clients:44 - Client 16 gets new best val_loss at epoch #2: 0.014652
2025-09-30 00:46:37.027 | INFO     | agents.servers.serverSAE1:train_on_clients:44 - Client 17 gets new best val_loss at epoch #2: 0.010161
2025-09-30 00:46:37.273 | INFO     | agents.servers.serverSAE1:train_on_clients:44 - Client 18 gets new best val_loss at epoch #2: 0.012680
2025-09-30 00:46:37.556 | INFO     | agents.servers.serverSAE1:train_on_clients:66 - 20 clients still training at epoch #2
2025-09-30 00:46:37.586 | INFO     | agents.servers.serverSAE1:train_on_clients:22 - Training SAE1 model epoch #3
2025-09-30 00:46:37.851 | INFO     | agents.servers.serverSAE1:train_on_clients:44 - Client 0 gets new best val_loss at epoch #3: 0.007539
2025-09-30 00:46:38.109 | INFO     | agents.servers.serverSAE1:train_on_clients:44 - Client 1 gets new best val_loss at epoch #3: 0.007570
2025-09-30 00:46:38.367 | INFO     | agents.servers.serverSAE1:train_on_clients:44 - Client 2 gets new best val_loss at epoch #3: 0.007756
2025-09-30 00:46:38.625 | INFO     | agents.servers.serverSAE1:train_on_clients:44 - Client 3 gets new best val_loss at epoch #3: 0.009559
2025-09-30 00:46:38.874 | INFO     | agents.servers.serverSAE1:train_on_clients:44 - Client 4 gets new best val_loss at epoch #3: 0.007766
2025-09-30 00:46:39.119 | INFO     | agents.servers.serverSAE1:train_on_clients:44 - Client 5 gets new best val_loss at epoch #3: 0.007527
2025-09-30 00:46:39.398 | INFO     | agents.servers.serverSAE1:train_on_clients:44 - Client 6 gets new best val_loss at epoch #3: 0.007405
2025-09-30 00:46:39.643 | INFO     | agents.servers.serverSAE1:train_on_clients:44 - Client 7 gets new best val_loss at epoch #3: 0.007810
2025-09-30 00:46:39.890 | INFO     | agents.servers.serverSAE1:train_on_clients:44 - Client 8 gets new best val_loss at epoch #3: 0.007505
2025-09-30 00:46:40.134 | INFO     | agents.servers.serverSAE1:train_on_clients:44 - Client 9 gets new best val_loss at epoch #3: 0.007110
2025-09-30 00:46:40.377 | INFO     | agents.servers.serverSAE1:train_on_clients:44 - Client 10 gets new best val_loss at epoch #3: 0.007579
2025-09-30 00:46:40.621 | INFO     | agents.servers.serverSAE1:train_on_clients:44 - Client 11 gets new best val_loss at epoch #3: 0.007158
2025-09-30 00:46:40.866 | INFO     | agents.servers.serverSAE1:train_on_clients:44 - Client 12 gets new best val_loss at epoch #3: 0.007391
2025-09-30 00:46:41.111 | INFO     | agents.servers.serverSAE1:train_on_clients:44 - Client 13 gets new best val_loss at epoch #3: 0.006939
2025-09-30 00:46:41.361 | INFO     | agents.servers.serverSAE1:train_on_clients:44 - Client 14 gets new best val_loss at epoch #3: 0.007254
2025-09-30 00:46:41.605 | INFO     | agents.servers.serverSAE1:train_on_clients:44 - Client 15 gets new best val_loss at epoch #3: 0.007028
2025-09-30 00:46:41.849 | INFO     | agents.servers.serverSAE1:train_on_clients:44 - Client 16 gets new best val_loss at epoch #3: 0.007500
2025-09-30 00:46:42.093 | INFO     | agents.servers.serverSAE1:train_on_clients:44 - Client 17 gets new best val_loss at epoch #3: 0.006499
2025-09-30 00:46:42.344 | INFO     | agents.servers.serverSAE1:train_on_clients:44 - Client 18 gets new best val_loss at epoch #3: 0.007703
2025-09-30 00:46:42.592 | INFO     | agents.servers.serverSAE1:train_on_clients:44 - Client 19 gets new best val_loss at epoch #3: 0.007719
2025-09-30 00:46:42.593 | INFO     | agents.servers.serverSAE1:train_on_clients:66 - 20 clients still training at epoch #3
2025-09-30 00:46:42.611 | INFO     | agents.servers.serverSAE1:train_on_clients:22 - Training SAE1 model epoch #4
2025-09-30 00:46:42.858 | INFO     | agents.servers.serverSAE1:train_on_clients:44 - Client 0 gets new best val_loss at epoch #4: 0.006990
2025-09-30 00:46:43.348 | INFO     | agents.servers.serverSAE1:train_on_clients:44 - Client 2 gets new best val_loss at epoch #4: 0.007221
2025-09-30 00:46:43.594 | INFO     | agents.servers.serverSAE1:train_on_clients:44 - Client 3 gets new best val_loss at epoch #4: 0.007308
2025-09-30 00:46:43.840 | INFO     | agents.servers.serverSAE1:train_on_clients:44 - Client 4 gets new best val_loss at epoch #4: 0.007242
2025-09-30 00:46:44.089 | INFO     | agents.servers.serverSAE1:train_on_clients:44 - Client 5 gets new best val_loss at epoch #4: 0.006980
2025-09-30 00:46:44.335 | INFO     | agents.servers.serverSAE1:train_on_clients:44 - Client 6 gets new best val_loss at epoch #4: 0.006987
2025-09-30 00:46:44.584 | INFO     | agents.servers.serverSAE1:train_on_clients:44 - Client 7 gets new best val_loss at epoch #4: 0.007442
2025-09-30 00:46:44.831 | INFO     | agents.servers.serverSAE1:train_on_clients:44 - Client 8 gets new best val_loss at epoch #4: 0.006961
2025-09-30 00:46:45.081 | INFO     | agents.servers.serverSAE1:train_on_clients:44 - Client 9 gets new best val_loss at epoch #4: 0.006664
2025-09-30 00:46:45.326 | INFO     | agents.servers.serverSAE1:train_on_clients:44 - Client 10 gets new best val_loss at epoch #4: 0.007175
2025-09-30 00:46:45.572 | INFO     | agents.servers.serverSAE1:train_on_clients:44 - Client 11 gets new best val_loss at epoch #4: 0.006679
2025-09-30 00:46:45.816 | INFO     | agents.servers.serverSAE1:train_on_clients:44 - Client 12 gets new best val_loss at epoch #4: 0.006844
2025-09-30 00:46:46.063 | INFO     | agents.servers.serverSAE1:train_on_clients:44 - Client 13 gets new best val_loss at epoch #4: 0.006524
2025-09-30 00:46:46.309 | INFO     | agents.servers.serverSAE1:train_on_clients:44 - Client 14 gets new best val_loss at epoch #4: 0.006800
2025-09-30 00:46:46.552 | INFO     | agents.servers.serverSAE1:train_on_clients:44 - Client 15 gets new best val_loss at epoch #4: 0.006863
2025-09-30 00:46:47.040 | INFO     | agents.servers.serverSAE1:train_on_clients:44 - Client 17 gets new best val_loss at epoch #4: 0.006236
2025-09-30 00:46:47.284 | INFO     | agents.servers.serverSAE1:train_on_clients:44 - Client 18 gets new best val_loss at epoch #4: 0.007353
2025-09-30 00:46:47.527 | INFO     | agents.servers.serverSAE1:train_on_clients:44 - Client 19 gets new best val_loss at epoch #4: 0.007370
2025-09-30 00:46:47.528 | INFO     | agents.servers.serverSAE1:train_on_clients:66 - 20 clients still training at epoch #4
2025-09-30 00:46:47.546 | INFO     | agents.servers.serverSAE1:train_on_clients:22 - Training SAE1 model epoch #5
2025-09-30 00:46:47.793 | INFO     | agents.servers.serverSAE1:train_on_clients:44 - Client 0 gets new best val_loss at epoch #5: 0.006661
2025-09-30 00:46:48.039 | INFO     | agents.servers.serverSAE1:train_on_clients:44 - Client 1 gets new best val_loss at epoch #5: 0.006899
2025-09-30 00:46:48.284 | INFO     | agents.servers.serverSAE1:train_on_clients:44 - Client 2 gets new best val_loss at epoch #5: 0.007188
2025-09-30 00:46:48.528 | INFO     | agents.servers.serverSAE1:train_on_clients:44 - Client 3 gets new best val_loss at epoch #5: 0.007220
2025-09-30 00:46:48.773 | INFO     | agents.servers.serverSAE1:train_on_clients:44 - Client 4 gets new best val_loss at epoch #5: 0.007025
2025-09-30 00:46:49.017 | INFO     | agents.servers.serverSAE1:train_on_clients:44 - Client 5 gets new best val_loss at epoch #5: 0.006772
2025-09-30 00:46:49.263 | INFO     | agents.servers.serverSAE1:train_on_clients:44 - Client 6 gets new best val_loss at epoch #5: 0.006771
2025-09-30 00:46:49.510 | INFO     | agents.servers.serverSAE1:train_on_clients:44 - Client 7 gets new best val_loss at epoch #5: 0.007104
2025-09-30 00:46:49.756 | INFO     | agents.servers.serverSAE1:train_on_clients:44 - Client 8 gets new best val_loss at epoch #5: 0.006736
2025-09-30 00:46:50.001 | INFO     | agents.servers.serverSAE1:train_on_clients:44 - Client 9 gets new best val_loss at epoch #5: 0.006470
2025-09-30 00:46:50.247 | INFO     | agents.servers.serverSAE1:train_on_clients:44 - Client 10 gets new best val_loss at epoch #5: 0.007022
2025-09-30 00:46:50.493 | INFO     | agents.servers.serverSAE1:train_on_clients:44 - Client 11 gets new best val_loss at epoch #5: 0.006482
2025-09-30 00:46:50.738 | INFO     | agents.servers.serverSAE1:train_on_clients:44 - Client 12 gets new best val_loss at epoch #5: 0.006699
2025-09-30 00:46:50.983 | INFO     | agents.servers.serverSAE1:train_on_clients:44 - Client 13 gets new best val_loss at epoch #5: 0.006251
2025-09-30 00:46:51.227 | INFO     | agents.servers.serverSAE1:train_on_clients:44 - Client 14 gets new best val_loss at epoch #5: 0.006561
2025-09-30 00:46:51.472 | INFO     | agents.servers.serverSAE1:train_on_clients:44 - Client 15 gets new best val_loss at epoch #5: 0.006425
2025-09-30 00:46:51.716 | INFO     | agents.servers.serverSAE1:train_on_clients:44 - Client 16 gets new best val_loss at epoch #5: 0.006869
2025-09-30 00:46:51.963 | INFO     | agents.servers.serverSAE1:train_on_clients:44 - Client 17 gets new best val_loss at epoch #5: 0.005878
2025-09-30 00:46:52.207 | INFO     | agents.servers.serverSAE1:train_on_clients:44 - Client 18 gets new best val_loss at epoch #5: 0.006955
2025-09-30 00:46:52.449 | INFO     | agents.servers.serverSAE1:train_on_clients:44 - Client 19 gets new best val_loss at epoch #5: 0.007236
2025-09-30 00:46:52.451 | INFO     | agents.servers.serverSAE1:train_on_clients:66 - 20 clients still training at epoch #5
2025-09-30 00:46:52.469 | INFO     | agents.servers.serverSAE1:train_on_clients:22 - Training SAE1 model epoch #6
2025-09-30 00:46:52.958 | INFO     | agents.servers.serverSAE1:train_on_clients:44 - Client 1 gets new best val_loss at epoch #6: 0.006508
2025-09-30 00:46:53.199 | INFO     | agents.servers.serverSAE1:train_on_clients:44 - Client 2 gets new best val_loss at epoch #6: 0.006414
2025-09-30 00:46:53.683 | INFO     | agents.servers.serverSAE1:train_on_clients:44 - Client 4 gets new best val_loss at epoch #6: 0.006715
2025-09-30 00:46:53.927 | INFO     | agents.servers.serverSAE1:train_on_clients:44 - Client 5 gets new best val_loss at epoch #6: 0.006307
2025-09-30 00:46:54.170 | INFO     | agents.servers.serverSAE1:train_on_clients:44 - Client 6 gets new best val_loss at epoch #6: 0.006293
2025-09-30 00:46:54.416 | INFO     | agents.servers.serverSAE1:train_on_clients:44 - Client 7 gets new best val_loss at epoch #6: 0.006711
2025-09-30 00:46:54.660 | INFO     | agents.servers.serverSAE1:train_on_clients:44 - Client 8 gets new best val_loss at epoch #6: 0.006356
2025-09-30 00:46:54.901 | INFO     | agents.servers.serverSAE1:train_on_clients:44 - Client 9 gets new best val_loss at epoch #6: 0.006102
2025-09-30 00:46:55.146 | INFO     | agents.servers.serverSAE1:train_on_clients:44 - Client 10 gets new best val_loss at epoch #6: 0.006552
2025-09-30 00:46:55.389 | INFO     | agents.servers.serverSAE1:train_on_clients:44 - Client 11 gets new best val_loss at epoch #6: 0.006046
2025-09-30 00:46:55.645 | INFO     | agents.servers.serverSAE1:train_on_clients:44 - Client 12 gets new best val_loss at epoch #6: 0.006224
2025-09-30 00:46:56.136 | INFO     | agents.servers.serverSAE1:train_on_clients:44 - Client 14 gets new best val_loss at epoch #6: 0.006482
2025-09-30 00:46:56.388 | INFO     | agents.servers.serverSAE1:train_on_clients:44 - Client 15 gets new best val_loss at epoch #6: 0.006050
2025-09-30 00:46:56.640 | INFO     | agents.servers.serverSAE1:train_on_clients:44 - Client 16 gets new best val_loss at epoch #6: 0.006370
2025-09-30 00:46:56.889 | INFO     | agents.servers.serverSAE1:train_on_clients:44 - Client 17 gets new best val_loss at epoch #6: 0.005523
2025-09-30 00:46:57.134 | INFO     | agents.servers.serverSAE1:train_on_clients:44 - Client 18 gets new best val_loss at epoch #6: 0.006578
2025-09-30 00:46:57.378 | INFO     | agents.servers.serverSAE1:train_on_clients:44 - Client 19 gets new best val_loss at epoch #6: 0.006696
2025-09-30 00:46:57.379 | INFO     | agents.servers.serverSAE1:train_on_clients:66 - 20 clients still training at epoch #6
2025-09-30 00:46:57.397 | INFO     | agents.servers.serverSAE1:train_on_clients:22 - Training SAE1 model epoch #7
2025-09-30 00:46:57.649 | INFO     | agents.servers.serverSAE1:train_on_clients:44 - Client 0 gets new best val_loss at epoch #7: 0.005712
2025-09-30 00:46:57.905 | INFO     | agents.servers.serverSAE1:train_on_clients:44 - Client 1 gets new best val_loss at epoch #7: 0.006424
2025-09-30 00:46:58.162 | INFO     | agents.servers.serverSAE1:train_on_clients:44 - Client 2 gets new best val_loss at epoch #7: 0.006179
2025-09-30 00:46:58.417 | INFO     | agents.servers.serverSAE1:train_on_clients:44 - Client 3 gets new best val_loss at epoch #7: 0.006271
2025-09-30 00:46:58.671 | INFO     | agents.servers.serverSAE1:train_on_clients:44 - Client 4 gets new best val_loss at epoch #7: 0.006125
2025-09-30 00:46:58.921 | INFO     | agents.servers.serverSAE1:train_on_clients:44 - Client 5 gets new best val_loss at epoch #7: 0.005875
2025-09-30 00:46:59.170 | INFO     | agents.servers.serverSAE1:train_on_clients:44 - Client 6 gets new best val_loss at epoch #7: 0.006234
2025-09-30 00:46:59.413 | INFO     | agents.servers.serverSAE1:train_on_clients:44 - Client 7 gets new best val_loss at epoch #7: 0.006286
2025-09-30 00:46:59.656 | INFO     | agents.servers.serverSAE1:train_on_clients:44 - Client 8 gets new best val_loss at epoch #7: 0.005998
2025-09-30 00:46:59.899 | INFO     | agents.servers.serverSAE1:train_on_clients:44 - Client 9 gets new best val_loss at epoch #7: 0.005737
2025-09-30 00:47:00.140 | INFO     | agents.servers.serverSAE1:train_on_clients:44 - Client 10 gets new best val_loss at epoch #7: 0.006101
2025-09-30 00:47:00.389 | INFO     | agents.servers.serverSAE1:train_on_clients:44 - Client 11 gets new best val_loss at epoch #7: 0.005678
2025-09-30 00:47:00.635 | INFO     | agents.servers.serverSAE1:train_on_clients:44 - Client 12 gets new best val_loss at epoch #7: 0.005934
2025-09-30 00:47:00.885 | INFO     | agents.servers.serverSAE1:train_on_clients:44 - Client 13 gets new best val_loss at epoch #7: 0.005634
2025-09-30 00:47:01.372 | INFO     | agents.servers.serverSAE1:train_on_clients:44 - Client 15 gets new best val_loss at epoch #7: 0.005785
2025-09-30 00:47:01.615 | INFO     | agents.servers.serverSAE1:train_on_clients:44 - Client 16 gets new best val_loss at epoch #7: 0.005988
2025-09-30 00:47:01.858 | INFO     | agents.servers.serverSAE1:train_on_clients:44 - Client 17 gets new best val_loss at epoch #7: 0.005175
2025-09-30 00:47:02.101 | INFO     | agents.servers.serverSAE1:train_on_clients:44 - Client 18 gets new best val_loss at epoch #7: 0.006155
2025-09-30 00:47:02.348 | INFO     | agents.servers.serverSAE1:train_on_clients:44 - Client 19 gets new best val_loss at epoch #7: 0.006223
2025-09-30 00:47:02.349 | INFO     | agents.servers.serverSAE1:train_on_clients:66 - 20 clients still training at epoch #7
2025-09-30 00:47:02.367 | INFO     | agents.servers.serverSAE1:train_on_clients:22 - Training SAE1 model epoch #8
2025-09-30 00:47:02.854 | INFO     | agents.servers.serverSAE1:train_on_clients:44 - Client 1 gets new best val_loss at epoch #8: 0.005763
2025-09-30 00:47:03.099 | INFO     | agents.servers.serverSAE1:train_on_clients:44 - Client 2 gets new best val_loss at epoch #8: 0.005877
2025-09-30 00:47:03.587 | INFO     | agents.servers.serverSAE1:train_on_clients:44 - Client 4 gets new best val_loss at epoch #8: 0.006086
2025-09-30 00:47:03.831 | INFO     | agents.servers.serverSAE1:train_on_clients:44 - Client 5 gets new best val_loss at epoch #8: 0.005733
2025-09-30 00:47:04.074 | INFO     | agents.servers.serverSAE1:train_on_clients:44 - Client 6 gets new best val_loss at epoch #8: 0.005652
2025-09-30 00:47:04.318 | INFO     | agents.servers.serverSAE1:train_on_clients:44 - Client 7 gets new best val_loss at epoch #8: 0.006106
2025-09-30 00:47:04.561 | INFO     | agents.servers.serverSAE1:train_on_clients:44 - Client 8 gets new best val_loss at epoch #8: 0.005762
2025-09-30 00:47:04.805 | INFO     | agents.servers.serverSAE1:train_on_clients:44 - Client 9 gets new best val_loss at epoch #8: 0.005488
2025-09-30 00:47:05.049 | INFO     | agents.servers.serverSAE1:train_on_clients:44 - Client 10 gets new best val_loss at epoch #8: 0.006053
2025-09-30 00:47:05.293 | INFO     | agents.servers.serverSAE1:train_on_clients:44 - Client 11 gets new best val_loss at epoch #8: 0.005516
2025-09-30 00:47:05.536 | INFO     | agents.servers.serverSAE1:train_on_clients:44 - Client 12 gets new best val_loss at epoch #8: 0.005716
2025-09-30 00:47:06.022 | INFO     | agents.servers.serverSAE1:train_on_clients:44 - Client 14 gets new best val_loss at epoch #8: 0.005742
2025-09-30 00:47:06.267 | INFO     | agents.servers.serverSAE1:train_on_clients:44 - Client 15 gets new best val_loss at epoch #8: 0.005433
2025-09-30 00:47:06.512 | INFO     | agents.servers.serverSAE1:train_on_clients:44 - Client 16 gets new best val_loss at epoch #8: 0.005789
2025-09-30 00:47:06.999 | INFO     | agents.servers.serverSAE1:train_on_clients:44 - Client 18 gets new best val_loss at epoch #8: 0.005970
2025-09-30 00:47:07.245 | INFO     | agents.servers.serverSAE1:train_on_clients:44 - Client 19 gets new best val_loss at epoch #8: 0.006044
2025-09-30 00:47:07.246 | INFO     | agents.servers.serverSAE1:train_on_clients:66 - 20 clients still training at epoch #8
2025-09-30 00:47:07.264 | INFO     | agents.servers.serverSAE1:train_on_clients:22 - Training SAE1 model epoch #9
2025-09-30 00:47:07.510 | INFO     | agents.servers.serverSAE1:train_on_clients:44 - Client 0 gets new best val_loss at epoch #9: 0.005510
2025-09-30 00:47:07.996 | INFO     | agents.servers.serverSAE1:train_on_clients:44 - Client 2 gets new best val_loss at epoch #9: 0.005719
2025-09-30 00:47:08.238 | INFO     | agents.servers.serverSAE1:train_on_clients:44 - Client 3 gets new best val_loss at epoch #9: 0.005799
2025-09-30 00:47:09.210 | INFO     | agents.servers.serverSAE1:train_on_clients:44 - Client 7 gets new best val_loss at epoch #9: 0.006040
2025-09-30 00:47:09.703 | INFO     | agents.servers.serverSAE1:train_on_clients:44 - Client 9 gets new best val_loss at epoch #9: 0.005452
2025-09-30 00:47:09.950 | INFO     | agents.servers.serverSAE1:train_on_clients:44 - Client 10 gets new best val_loss at epoch #9: 0.005732
2025-09-30 00:47:10.436 | INFO     | agents.servers.serverSAE1:train_on_clients:44 - Client 12 gets new best val_loss at epoch #9: 0.005631
2025-09-30 00:47:10.681 | INFO     | agents.servers.serverSAE1:train_on_clients:44 - Client 13 gets new best val_loss at epoch #9: 0.005252
2025-09-30 00:47:11.169 | INFO     | agents.servers.serverSAE1:train_on_clients:44 - Client 15 gets new best val_loss at epoch #9: 0.005370
2025-09-30 00:47:11.659 | INFO     | agents.servers.serverSAE1:train_on_clients:44 - Client 17 gets new best val_loss at epoch #9: 0.004880
2025-09-30 00:47:12.146 | INFO     | agents.servers.serverSAE1:train_on_clients:44 - Client 19 gets new best val_loss at epoch #9: 0.005914
2025-09-30 00:47:12.147 | INFO     | agents.servers.serverSAE1:train_on_clients:66 - 20 clients still training at epoch #9
2025-09-30 00:47:12.165 | INFO     | agents.servers.serverSAE1:train_on_clients:22 - Training SAE1 model epoch #10
2025-09-30 00:47:12.410 | INFO     | agents.servers.serverSAE1:train_on_clients:44 - Client 0 gets new best val_loss at epoch #10: 0.005322
2025-09-30 00:47:12.411 | INFO     | agents.servers.serverSAE1:train_on_clients:60 - Saved model for client 0 at epoch 10 -> saved_models/SAE1/average/wsn_ds/epoch_10_client_0.pt
2025-09-30 00:47:12.658 | INFO     | agents.servers.serverSAE1:train_on_clients:44 - Client 1 gets new best val_loss at epoch #10: 0.005469
2025-09-30 00:47:12.659 | INFO     | agents.servers.serverSAE1:train_on_clients:60 - Saved model for client 1 at epoch 10 -> saved_models/SAE1/average/wsn_ds/epoch_10_client_1.pt
2025-09-30 00:47:12.904 | INFO     | agents.servers.serverSAE1:train_on_clients:60 - Saved model for client 2 at epoch 10 -> saved_models/SAE1/average/wsn_ds/epoch_10_client_2.pt
2025-09-30 00:47:13.155 | INFO     | agents.servers.serverSAE1:train_on_clients:44 - Client 3 gets new best val_loss at epoch #10: 0.005661
2025-09-30 00:47:13.157 | INFO     | agents.servers.serverSAE1:train_on_clients:60 - Saved model for client 3 at epoch 10 -> saved_models/SAE1/average/wsn_ds/epoch_10_client_3.pt
2025-09-30 00:47:13.399 | INFO     | agents.servers.serverSAE1:train_on_clients:44 - Client 4 gets new best val_loss at epoch #10: 0.005601
2025-09-30 00:47:13.401 | INFO     | agents.servers.serverSAE1:train_on_clients:60 - Saved model for client 4 at epoch 10 -> saved_models/SAE1/average/wsn_ds/epoch_10_client_4.pt
2025-09-30 00:47:13.646 | INFO     | agents.servers.serverSAE1:train_on_clients:44 - Client 5 gets new best val_loss at epoch #10: 0.005510
2025-09-30 00:47:13.647 | INFO     | agents.servers.serverSAE1:train_on_clients:60 - Saved model for client 5 at epoch 10 -> saved_models/SAE1/average/wsn_ds/epoch_10_client_5.pt
2025-09-30 00:47:13.890 | INFO     | agents.servers.serverSAE1:train_on_clients:44 - Client 6 gets new best val_loss at epoch #10: 0.005531
2025-09-30 00:47:13.892 | INFO     | agents.servers.serverSAE1:train_on_clients:60 - Saved model for client 6 at epoch 10 -> saved_models/SAE1/average/wsn_ds/epoch_10_client_6.pt
2025-09-30 00:47:14.137 | INFO     | agents.servers.serverSAE1:train_on_clients:44 - Client 7 gets new best val_loss at epoch #10: 0.005940
2025-09-30 00:47:14.138 | INFO     | agents.servers.serverSAE1:train_on_clients:60 - Saved model for client 7 at epoch 10 -> saved_models/SAE1/average/wsn_ds/epoch_10_client_7.pt
2025-09-30 00:47:14.382 | INFO     | agents.servers.serverSAE1:train_on_clients:44 - Client 8 gets new best val_loss at epoch #10: 0.005442
2025-09-30 00:47:14.383 | INFO     | agents.servers.serverSAE1:train_on_clients:60 - Saved model for client 8 at epoch 10 -> saved_models/SAE1/average/wsn_ds/epoch_10_client_8.pt
2025-09-30 00:47:14.628 | INFO     | agents.servers.serverSAE1:train_on_clients:44 - Client 9 gets new best val_loss at epoch #10: 0.005303
2025-09-30 00:47:14.630 | INFO     | agents.servers.serverSAE1:train_on_clients:60 - Saved model for client 9 at epoch 10 -> saved_models/SAE1/average/wsn_ds/epoch_10_client_9.pt
2025-09-30 00:47:14.872 | INFO     | agents.servers.serverSAE1:train_on_clients:60 - Saved model for client 10 at epoch 10 -> saved_models/SAE1/average/wsn_ds/epoch_10_client_10.pt
2025-09-30 00:47:15.115 | INFO     | agents.servers.serverSAE1:train_on_clients:44 - Client 11 gets new best val_loss at epoch #10: 0.005422
2025-09-30 00:47:15.117 | INFO     | agents.servers.serverSAE1:train_on_clients:60 - Saved model for client 11 at epoch 10 -> saved_models/SAE1/average/wsn_ds/epoch_10_client_11.pt
2025-09-30 00:47:15.358 | INFO     | agents.servers.serverSAE1:train_on_clients:60 - Saved model for client 12 at epoch 10 -> saved_models/SAE1/average/wsn_ds/epoch_10_client_12.pt
2025-09-30 00:47:15.601 | INFO     | agents.servers.serverSAE1:train_on_clients:60 - Saved model for client 13 at epoch 10 -> saved_models/SAE1/average/wsn_ds/epoch_10_client_13.pt
2025-09-30 00:47:15.845 | INFO     | agents.servers.serverSAE1:train_on_clients:44 - Client 14 gets new best val_loss at epoch #10: 0.005274
2025-09-30 00:47:15.846 | INFO     | agents.servers.serverSAE1:train_on_clients:60 - Saved model for client 14 at epoch 10 -> saved_models/SAE1/average/wsn_ds/epoch_10_client_14.pt
2025-09-30 00:47:16.089 | INFO     | agents.servers.serverSAE1:train_on_clients:44 - Client 15 gets new best val_loss at epoch #10: 0.005224
2025-09-30 00:47:16.091 | INFO     | agents.servers.serverSAE1:train_on_clients:60 - Saved model for client 15 at epoch 10 -> saved_models/SAE1/average/wsn_ds/epoch_10_client_15.pt
2025-09-30 00:47:16.334 | INFO     | agents.servers.serverSAE1:train_on_clients:44 - Client 16 gets new best val_loss at epoch #10: 0.005584
2025-09-30 00:47:16.336 | INFO     | agents.servers.serverSAE1:train_on_clients:60 - Saved model for client 16 at epoch 10 -> saved_models/SAE1/average/wsn_ds/epoch_10_client_16.pt
2025-09-30 00:47:16.579 | INFO     | agents.servers.serverSAE1:train_on_clients:44 - Client 17 gets new best val_loss at epoch #10: 0.004773
2025-09-30 00:47:16.580 | INFO     | agents.servers.serverSAE1:train_on_clients:60 - Saved model for client 17 at epoch 10 -> saved_models/SAE1/average/wsn_ds/epoch_10_client_17.pt
2025-09-30 00:47:16.823 | INFO     | agents.servers.serverSAE1:train_on_clients:44 - Client 18 gets new best val_loss at epoch #10: 0.005679
2025-09-30 00:47:16.824 | INFO     | agents.servers.serverSAE1:train_on_clients:60 - Saved model for client 18 at epoch 10 -> saved_models/SAE1/average/wsn_ds/epoch_10_client_18.pt
2025-09-30 00:47:17.070 | INFO     | agents.servers.serverSAE1:train_on_clients:60 - Saved model for client 19 at epoch 10 -> saved_models/SAE1/average/wsn_ds/epoch_10_client_19.pt
2025-09-30 00:47:17.071 | INFO     | agents.servers.serverSAE1:train_on_clients:66 - 20 clients still training at epoch #10
2025-09-30 00:47:17.089 | INFO     | agents.servers.serverSAE1:train_on_clients:22 - Training SAE1 model epoch #11
2025-09-30 00:47:17.335 | INFO     | agents.servers.serverSAE1:train_on_clients:44 - Client 0 gets new best val_loss at epoch #11: 0.004735
2025-09-30 00:47:17.578 | INFO     | agents.servers.serverSAE1:train_on_clients:44 - Client 1 gets new best val_loss at epoch #11: 0.005313
2025-09-30 00:47:17.822 | INFO     | agents.servers.serverSAE1:train_on_clients:44 - Client 2 gets new best val_loss at epoch #11: 0.004884
2025-09-30 00:47:18.069 | INFO     | agents.servers.serverSAE1:train_on_clients:44 - Client 3 gets new best val_loss at epoch #11: 0.005034
2025-09-30 00:47:18.313 | INFO     | agents.servers.serverSAE1:train_on_clients:44 - Client 4 gets new best val_loss at epoch #11: 0.004987
2025-09-30 00:47:18.558 | INFO     | agents.servers.serverSAE1:train_on_clients:44 - Client 5 gets new best val_loss at epoch #11: 0.004911
2025-09-30 00:47:18.801 | INFO     | agents.servers.serverSAE1:train_on_clients:44 - Client 6 gets new best val_loss at epoch #11: 0.004729
2025-09-30 00:47:19.046 | INFO     | agents.servers.serverSAE1:train_on_clients:44 - Client 7 gets new best val_loss at epoch #11: 0.005543
2025-09-30 00:47:19.290 | INFO     | agents.servers.serverSAE1:train_on_clients:44 - Client 8 gets new best val_loss at epoch #11: 0.004825
2025-09-30 00:47:19.537 | INFO     | agents.servers.serverSAE1:train_on_clients:44 - Client 9 gets new best val_loss at epoch #11: 0.004654
2025-09-30 00:47:19.781 | INFO     | agents.servers.serverSAE1:train_on_clients:44 - Client 10 gets new best val_loss at epoch #11: 0.005117
2025-09-30 00:47:20.026 | INFO     | agents.servers.serverSAE1:train_on_clients:44 - Client 11 gets new best val_loss at epoch #11: 0.004662
2025-09-30 00:47:20.270 | INFO     | agents.servers.serverSAE1:train_on_clients:44 - Client 12 gets new best val_loss at epoch #11: 0.004847
2025-09-30 00:47:20.514 | INFO     | agents.servers.serverSAE1:train_on_clients:44 - Client 13 gets new best val_loss at epoch #11: 0.004519
2025-09-30 00:47:20.759 | INFO     | agents.servers.serverSAE1:train_on_clients:44 - Client 14 gets new best val_loss at epoch #11: 0.004694
2025-09-30 00:47:21.005 | INFO     | agents.servers.serverSAE1:train_on_clients:44 - Client 15 gets new best val_loss at epoch #11: 0.005069
2025-09-30 00:47:21.248 | INFO     | agents.servers.serverSAE1:train_on_clients:44 - Client 16 gets new best val_loss at epoch #11: 0.004936
2025-09-30 00:47:21.494 | INFO     | agents.servers.serverSAE1:train_on_clients:44 - Client 17 gets new best val_loss at epoch #11: 0.004711
2025-09-30 00:47:21.739 | INFO     | agents.servers.serverSAE1:train_on_clients:44 - Client 18 gets new best val_loss at epoch #11: 0.005300
2025-09-30 00:47:21.982 | INFO     | agents.servers.serverSAE1:train_on_clients:44 - Client 19 gets new best val_loss at epoch #11: 0.005182
2025-09-30 00:47:21.984 | INFO     | agents.servers.serverSAE1:train_on_clients:66 - 20 clients still training at epoch #11
2025-09-30 00:47:22.002 | INFO     | agents.servers.serverSAE1:train_on_clients:22 - Training SAE1 model epoch #12
2025-09-30 00:47:22.245 | INFO     | agents.servers.serverSAE1:train_on_clients:44 - Client 0 gets new best val_loss at epoch #12: 0.004098
2025-09-30 00:47:22.490 | INFO     | agents.servers.serverSAE1:train_on_clients:44 - Client 1 gets new best val_loss at epoch #12: 0.004324
2025-09-30 00:47:22.976 | INFO     | agents.servers.serverSAE1:train_on_clients:44 - Client 3 gets new best val_loss at epoch #12: 0.004252
2025-09-30 00:47:23.233 | INFO     | agents.servers.serverSAE1:train_on_clients:44 - Client 4 gets new best val_loss at epoch #12: 0.004172
2025-09-30 00:47:23.479 | INFO     | agents.servers.serverSAE1:train_on_clients:44 - Client 5 gets new best val_loss at epoch #12: 0.004725
2025-09-30 00:47:23.726 | INFO     | agents.servers.serverSAE1:train_on_clients:44 - Client 6 gets new best val_loss at epoch #12: 0.004698
2025-09-30 00:47:23.970 | INFO     | agents.servers.serverSAE1:train_on_clients:44 - Client 7 gets new best val_loss at epoch #12: 0.004387
2025-09-30 00:47:24.215 | INFO     | agents.servers.serverSAE1:train_on_clients:44 - Client 8 gets new best val_loss at epoch #12: 0.004178
2025-09-30 00:47:24.699 | INFO     | agents.servers.serverSAE1:train_on_clients:44 - Client 10 gets new best val_loss at epoch #12: 0.004211
2025-09-30 00:47:24.943 | INFO     | agents.servers.serverSAE1:train_on_clients:44 - Client 11 gets new best val_loss at epoch #12: 0.003963
2025-09-30 00:47:25.186 | INFO     | agents.servers.serverSAE1:train_on_clients:44 - Client 12 gets new best val_loss at epoch #12: 0.003989
2025-09-30 00:47:25.429 | INFO     | agents.servers.serverSAE1:train_on_clients:44 - Client 13 gets new best val_loss at epoch #12: 0.004103
2025-09-30 00:47:25.673 | INFO     | agents.servers.serverSAE1:train_on_clients:44 - Client 14 gets new best val_loss at epoch #12: 0.004171
2025-09-30 00:47:25.916 | INFO     | agents.servers.serverSAE1:train_on_clients:44 - Client 15 gets new best val_loss at epoch #12: 0.004948
2025-09-30 00:47:26.159 | INFO     | agents.servers.serverSAE1:train_on_clients:44 - Client 16 gets new best val_loss at epoch #12: 0.004173
2025-09-30 00:47:26.403 | INFO     | agents.servers.serverSAE1:train_on_clients:44 - Client 17 gets new best val_loss at epoch #12: 0.003907
2025-09-30 00:47:26.649 | INFO     | agents.servers.serverSAE1:train_on_clients:44 - Client 18 gets new best val_loss at epoch #12: 0.004450
2025-09-30 00:47:26.894 | INFO     | agents.servers.serverSAE1:train_on_clients:44 - Client 19 gets new best val_loss at epoch #12: 0.004323
2025-09-30 00:47:26.896 | INFO     | agents.servers.serverSAE1:train_on_clients:66 - 20 clients still training at epoch #12
2025-09-30 00:47:26.913 | INFO     | agents.servers.serverSAE1:train_on_clients:22 - Training SAE1 model epoch #13
2025-09-30 00:47:27.159 | INFO     | agents.servers.serverSAE1:train_on_clients:44 - Client 0 gets new best val_loss at epoch #13: 0.004055
2025-09-30 00:47:27.403 | INFO     | agents.servers.serverSAE1:train_on_clients:44 - Client 1 gets new best val_loss at epoch #13: 0.003958
2025-09-30 00:47:27.646 | INFO     | agents.servers.serverSAE1:train_on_clients:44 - Client 2 gets new best val_loss at epoch #13: 0.003917
2025-09-30 00:47:27.890 | INFO     | agents.servers.serverSAE1:train_on_clients:44 - Client 3 gets new best val_loss at epoch #13: 0.004116
2025-09-30 00:47:28.135 | INFO     | agents.servers.serverSAE1:train_on_clients:44 - Client 4 gets new best val_loss at epoch #13: 0.003919
2025-09-30 00:47:28.380 | INFO     | agents.servers.serverSAE1:train_on_clients:44 - Client 5 gets new best val_loss at epoch #13: 0.004357
2025-09-30 00:47:28.625 | INFO     | agents.servers.serverSAE1:train_on_clients:44 - Client 6 gets new best val_loss at epoch #13: 0.003793
2025-09-30 00:47:28.870 | INFO     | agents.servers.serverSAE1:train_on_clients:44 - Client 7 gets new best val_loss at epoch #13: 0.004180
2025-09-30 00:47:29.116 | INFO     | agents.servers.serverSAE1:train_on_clients:44 - Client 8 gets new best val_loss at epoch #13: 0.003983
2025-09-30 00:47:29.360 | INFO     | agents.servers.serverSAE1:train_on_clients:44 - Client 9 gets new best val_loss at epoch #13: 0.003778
2025-09-30 00:47:30.088 | INFO     | agents.servers.serverSAE1:train_on_clients:44 - Client 12 gets new best val_loss at epoch #13: 0.003927
2025-09-30 00:47:30.819 | INFO     | agents.servers.serverSAE1:train_on_clients:44 - Client 15 gets new best val_loss at epoch #13: 0.004100
2025-09-30 00:47:31.303 | INFO     | agents.servers.serverSAE1:train_on_clients:44 - Client 17 gets new best val_loss at epoch #13: 0.003486
2025-09-30 00:47:31.576 | INFO     | agents.servers.serverSAE1:train_on_clients:44 - Client 18 gets new best val_loss at epoch #13: 0.004216
2025-09-30 00:47:31.824 | INFO     | agents.servers.serverSAE1:train_on_clients:44 - Client 19 gets new best val_loss at epoch #13: 0.004160
2025-09-30 00:47:31.825 | INFO     | agents.servers.serverSAE1:train_on_clients:66 - 20 clients still training at epoch #13
2025-09-30 00:47:31.843 | INFO     | agents.servers.serverSAE1:train_on_clients:22 - Training SAE1 model epoch #14
2025-09-30 00:47:32.339 | INFO     | agents.servers.serverSAE1:train_on_clients:44 - Client 1 gets new best val_loss at epoch #14: 0.003872
2025-09-30 00:47:33.082 | INFO     | agents.servers.serverSAE1:train_on_clients:44 - Client 4 gets new best val_loss at epoch #14: 0.003808
2025-09-30 00:47:34.072 | INFO     | agents.servers.serverSAE1:train_on_clients:44 - Client 8 gets new best val_loss at epoch #14: 0.003852
2025-09-30 00:47:34.320 | INFO     | agents.servers.serverSAE1:train_on_clients:44 - Client 9 gets new best val_loss at epoch #14: 0.003713
2025-09-30 00:47:34.567 | INFO     | agents.servers.serverSAE1:train_on_clients:44 - Client 10 gets new best val_loss at epoch #14: 0.003956
2025-09-30 00:47:34.817 | INFO     | agents.servers.serverSAE1:train_on_clients:44 - Client 11 gets new best val_loss at epoch #14: 0.003750
2025-09-30 00:47:35.311 | INFO     | agents.servers.serverSAE1:train_on_clients:44 - Client 13 gets new best val_loss at epoch #14: 0.003652
2025-09-30 00:47:35.558 | INFO     | agents.servers.serverSAE1:train_on_clients:44 - Client 14 gets new best val_loss at epoch #14: 0.003622
2025-09-30 00:47:35.804 | INFO     | agents.servers.serverSAE1:train_on_clients:44 - Client 15 gets new best val_loss at epoch #14: 0.003734
2025-09-30 00:47:36.051 | INFO     | agents.servers.serverSAE1:train_on_clients:44 - Client 16 gets new best val_loss at epoch #14: 0.003878
2025-09-30 00:47:36.296 | INFO     | agents.servers.serverSAE1:train_on_clients:44 - Client 17 gets new best val_loss at epoch #14: 0.003433
2025-09-30 00:47:36.539 | INFO     | agents.servers.serverSAE1:train_on_clients:44 - Client 18 gets new best val_loss at epoch #14: 0.003954
2025-09-30 00:47:36.784 | INFO     | agents.servers.serverSAE1:train_on_clients:44 - Client 19 gets new best val_loss at epoch #14: 0.004048
2025-09-30 00:47:36.785 | INFO     | agents.servers.serverSAE1:train_on_clients:66 - 20 clients still training at epoch #14
2025-09-30 00:47:36.803 | INFO     | agents.servers.serverSAE1:train_on_clients:22 - Training SAE1 model epoch #15
2025-09-30 00:47:37.049 | INFO     | agents.servers.serverSAE1:train_on_clients:44 - Client 0 gets new best val_loss at epoch #15: 0.003849
2025-09-30 00:47:37.298 | INFO     | agents.servers.serverSAE1:train_on_clients:44 - Client 1 gets new best val_loss at epoch #15: 0.003806
2025-09-30 00:47:37.789 | INFO     | agents.servers.serverSAE1:train_on_clients:44 - Client 3 gets new best val_loss at epoch #15: 0.003939
2025-09-30 00:47:38.281 | INFO     | agents.servers.serverSAE1:train_on_clients:44 - Client 5 gets new best val_loss at epoch #15: 0.003874
2025-09-30 00:47:38.526 | INFO     | agents.servers.serverSAE1:train_on_clients:44 - Client 6 gets new best val_loss at epoch #15: 0.003675
2025-09-30 00:47:38.773 | INFO     | agents.servers.serverSAE1:train_on_clients:44 - Client 7 gets new best val_loss at epoch #15: 0.004023
2025-09-30 00:47:39.021 | INFO     | agents.servers.serverSAE1:train_on_clients:44 - Client 8 gets new best val_loss at epoch #15: 0.003791
2025-09-30 00:47:39.517 | INFO     | agents.servers.serverSAE1:train_on_clients:44 - Client 10 gets new best val_loss at epoch #15: 0.003872
2025-09-30 00:47:39.996 | INFO     | agents.servers.serverSAE1:train_on_clients:44 - Client 12 gets new best val_loss at epoch #15: 0.003876
2025-09-30 00:47:40.241 | INFO     | agents.servers.serverSAE1:train_on_clients:44 - Client 13 gets new best val_loss at epoch #15: 0.003646
2025-09-30 00:47:41.708 | INFO     | agents.servers.serverSAE1:train_on_clients:44 - Client 19 gets new best val_loss at epoch #15: 0.003940
2025-09-30 00:47:41.710 | INFO     | agents.servers.serverSAE1:train_on_clients:66 - 20 clients still training at epoch #15
2025-09-30 00:47:41.728 | INFO     | agents.servers.serverSAE1:train_on_clients:22 - Training SAE1 model epoch #16
2025-09-30 00:47:41.973 | INFO     | agents.servers.serverSAE1:train_on_clients:44 - Client 0 gets new best val_loss at epoch #16: 0.003783
2025-09-30 00:47:42.469 | INFO     | agents.servers.serverSAE1:train_on_clients:44 - Client 2 gets new best val_loss at epoch #16: 0.003740
2025-09-30 00:47:43.210 | INFO     | agents.servers.serverSAE1:train_on_clients:44 - Client 5 gets new best val_loss at epoch #16: 0.003805
2025-09-30 00:47:43.701 | INFO     | agents.servers.serverSAE1:train_on_clients:44 - Client 7 gets new best val_loss at epoch #16: 0.003970
2025-09-30 00:47:44.235 | INFO     | agents.servers.serverSAE1:train_on_clients:44 - Client 9 gets new best val_loss at epoch #16: 0.003656
2025-09-30 00:47:44.726 | INFO     | agents.servers.serverSAE1:train_on_clients:44 - Client 11 gets new best val_loss at epoch #16: 0.003678
2025-09-30 00:47:44.977 | INFO     | agents.servers.serverSAE1:train_on_clients:44 - Client 12 gets new best val_loss at epoch #16: 0.003747
2025-09-30 00:47:45.754 | INFO     | agents.servers.serverSAE1:train_on_clients:44 - Client 15 gets new best val_loss at epoch #16: 0.003622
2025-09-30 00:47:45.998 | INFO     | agents.servers.serverSAE1:train_on_clients:44 - Client 16 gets new best val_loss at epoch #16: 0.003801
2025-09-30 00:47:46.494 | INFO     | agents.servers.serverSAE1:train_on_clients:44 - Client 18 gets new best val_loss at epoch #16: 0.003882
2025-09-30 00:47:46.738 | INFO     | agents.servers.serverSAE1:train_on_clients:66 - 20 clients still training at epoch #16
2025-09-30 00:47:46.756 | INFO     | agents.servers.serverSAE1:train_on_clients:22 - Training SAE1 model epoch #17
2025-09-30 00:47:47.488 | INFO     | agents.servers.serverSAE1:train_on_clients:44 - Client 2 gets new best val_loss at epoch #17: 0.003734
2025-09-30 00:47:47.970 | INFO     | agents.servers.serverSAE1:train_on_clients:44 - Client 4 gets new best val_loss at epoch #17: 0.003697
2025-09-30 00:47:48.221 | INFO     | agents.servers.serverSAE1:train_on_clients:44 - Client 5 gets new best val_loss at epoch #17: 0.003796
2025-09-30 00:47:48.472 | INFO     | agents.servers.serverSAE1:train_on_clients:44 - Client 6 gets new best val_loss at epoch #17: 0.003604
2025-09-30 00:47:48.722 | INFO     | agents.servers.serverSAE1:train_on_clients:44 - Client 7 gets new best val_loss at epoch #17: 0.003945
2025-09-30 00:47:48.971 | INFO     | agents.servers.serverSAE1:train_on_clients:44 - Client 8 gets new best val_loss at epoch #17: 0.003733
2025-09-30 00:47:49.214 | INFO     | agents.servers.serverSAE1:train_on_clients:44 - Client 9 gets new best val_loss at epoch #17: 0.003526
2025-09-30 00:47:49.458 | INFO     | agents.servers.serverSAE1:train_on_clients:44 - Client 10 gets new best val_loss at epoch #17: 0.003750
2025-09-30 00:47:49.942 | INFO     | agents.servers.serverSAE1:train_on_clients:44 - Client 12 gets new best val_loss at epoch #17: 0.003598
2025-09-30 00:47:50.427 | INFO     | agents.servers.serverSAE1:train_on_clients:44 - Client 14 gets new best val_loss at epoch #17: 0.003519
2025-09-30 00:47:50.911 | INFO     | agents.servers.serverSAE1:train_on_clients:44 - Client 16 gets new best val_loss at epoch #17: 0.003729
2025-09-30 00:47:51.152 | INFO     | agents.servers.serverSAE1:train_on_clients:44 - Client 17 gets new best val_loss at epoch #17: 0.003361
2025-09-30 00:47:51.394 | INFO     | agents.servers.serverSAE1:train_on_clients:44 - Client 18 gets new best val_loss at epoch #17: 0.003848
2025-09-30 00:47:51.640 | INFO     | agents.servers.serverSAE1:train_on_clients:44 - Client 19 gets new best val_loss at epoch #17: 0.003907
2025-09-30 00:47:51.642 | INFO     | agents.servers.serverSAE1:train_on_clients:66 - 20 clients still training at epoch #17
2025-09-30 00:47:51.660 | INFO     | agents.servers.serverSAE1:train_on_clients:22 - Training SAE1 model epoch #18
2025-09-30 00:47:51.905 | INFO     | agents.servers.serverSAE1:train_on_clients:44 - Client 0 gets new best val_loss at epoch #18: 0.003638
2025-09-30 00:47:52.149 | INFO     | agents.servers.serverSAE1:train_on_clients:44 - Client 1 gets new best val_loss at epoch #18: 0.003698
2025-09-30 00:47:52.391 | INFO     | agents.servers.serverSAE1:train_on_clients:44 - Client 2 gets new best val_loss at epoch #18: 0.003734
2025-09-30 00:47:52.633 | INFO     | agents.servers.serverSAE1:train_on_clients:44 - Client 3 gets new best val_loss at epoch #18: 0.003761
2025-09-30 00:47:52.878 | INFO     | agents.servers.serverSAE1:train_on_clients:44 - Client 4 gets new best val_loss at epoch #18: 0.003664
2025-09-30 00:47:53.360 | INFO     | agents.servers.serverSAE1:train_on_clients:44 - Client 6 gets new best val_loss at epoch #18: 0.003553
2025-09-30 00:47:53.851 | INFO     | agents.servers.serverSAE1:train_on_clients:44 - Client 8 gets new best val_loss at epoch #18: 0.003620
2025-09-30 00:47:54.095 | INFO     | agents.servers.serverSAE1:train_on_clients:44 - Client 9 gets new best val_loss at epoch #18: 0.003431
2025-09-30 00:47:54.338 | INFO     | agents.servers.serverSAE1:train_on_clients:44 - Client 10 gets new best val_loss at epoch #18: 0.003641
2025-09-30 00:47:54.580 | INFO     | agents.servers.serverSAE1:train_on_clients:44 - Client 11 gets new best val_loss at epoch #18: 0.003495
2025-09-30 00:47:54.825 | INFO     | agents.servers.serverSAE1:train_on_clients:44 - Client 12 gets new best val_loss at epoch #18: 0.003439
2025-09-30 00:47:55.071 | INFO     | agents.servers.serverSAE1:train_on_clients:44 - Client 13 gets new best val_loss at epoch #18: 0.003455
2025-09-30 00:47:55.316 | INFO     | agents.servers.serverSAE1:train_on_clients:44 - Client 14 gets new best val_loss at epoch #18: 0.003484
2025-09-30 00:47:55.561 | INFO     | agents.servers.serverSAE1:train_on_clients:44 - Client 15 gets new best val_loss at epoch #18: 0.003505
2025-09-30 00:47:55.804 | INFO     | agents.servers.serverSAE1:train_on_clients:44 - Client 16 gets new best val_loss at epoch #18: 0.003688
2025-09-30 00:47:56.048 | INFO     | agents.servers.serverSAE1:train_on_clients:44 - Client 17 gets new best val_loss at epoch #18: 0.003258
2025-09-30 00:47:56.297 | INFO     | agents.servers.serverSAE1:train_on_clients:44 - Client 18 gets new best val_loss at epoch #18: 0.003757
2025-09-30 00:47:56.542 | INFO     | agents.servers.serverSAE1:train_on_clients:44 - Client 19 gets new best val_loss at epoch #18: 0.003846
2025-09-30 00:47:56.544 | INFO     | agents.servers.serverSAE1:train_on_clients:66 - 20 clients still training at epoch #18
2025-09-30 00:47:56.562 | INFO     | agents.servers.serverSAE1:train_on_clients:22 - Training SAE1 model epoch #19
2025-09-30 00:47:56.807 | INFO     | agents.servers.serverSAE1:train_on_clients:44 - Client 0 gets new best val_loss at epoch #19: 0.002949
2025-09-30 00:47:57.050 | INFO     | agents.servers.serverSAE1:train_on_clients:44 - Client 1 gets new best val_loss at epoch #19: 0.003115
2025-09-30 00:47:57.294 | INFO     | agents.servers.serverSAE1:train_on_clients:44 - Client 2 gets new best val_loss at epoch #19: 0.003379
2025-09-30 00:47:57.537 | INFO     | agents.servers.serverSAE1:train_on_clients:44 - Client 3 gets new best val_loss at epoch #19: 0.003154
2025-09-30 00:47:57.782 | INFO     | agents.servers.serverSAE1:train_on_clients:44 - Client 4 gets new best val_loss at epoch #19: 0.002914
2025-09-30 00:47:58.026 | INFO     | agents.servers.serverSAE1:train_on_clients:44 - Client 5 gets new best val_loss at epoch #19: 0.003041
2025-09-30 00:47:58.269 | INFO     | agents.servers.serverSAE1:train_on_clients:44 - Client 6 gets new best val_loss at epoch #19: 0.002814
2025-09-30 00:47:58.513 | INFO     | agents.servers.serverSAE1:train_on_clients:44 - Client 7 gets new best val_loss at epoch #19: 0.003093
2025-09-30 00:47:58.756 | INFO     | agents.servers.serverSAE1:train_on_clients:44 - Client 8 gets new best val_loss at epoch #19: 0.003016
2025-09-30 00:47:58.999 | INFO     | agents.servers.serverSAE1:train_on_clients:44 - Client 9 gets new best val_loss at epoch #19: 0.002819
2025-09-30 00:47:59.248 | INFO     | agents.servers.serverSAE1:train_on_clients:44 - Client 10 gets new best val_loss at epoch #19: 0.003107
2025-09-30 00:47:59.492 | INFO     | agents.servers.serverSAE1:train_on_clients:44 - Client 11 gets new best val_loss at epoch #19: 0.002847
2025-09-30 00:47:59.739 | INFO     | agents.servers.serverSAE1:train_on_clients:44 - Client 12 gets new best val_loss at epoch #19: 0.002905
2025-09-30 00:47:59.987 | INFO     | agents.servers.serverSAE1:train_on_clients:44 - Client 13 gets new best val_loss at epoch #19: 0.002907
2025-09-30 00:48:00.233 | INFO     | agents.servers.serverSAE1:train_on_clients:44 - Client 14 gets new best val_loss at epoch #19: 0.002995
2025-09-30 00:48:00.477 | INFO     | agents.servers.serverSAE1:train_on_clients:44 - Client 15 gets new best val_loss at epoch #19: 0.002886
2025-09-30 00:48:00.718 | INFO     | agents.servers.serverSAE1:train_on_clients:44 - Client 16 gets new best val_loss at epoch #19: 0.002934
2025-09-30 00:48:00.964 | INFO     | agents.servers.serverSAE1:train_on_clients:44 - Client 17 gets new best val_loss at epoch #19: 0.002655
2025-09-30 00:48:01.207 | INFO     | agents.servers.serverSAE1:train_on_clients:44 - Client 18 gets new best val_loss at epoch #19: 0.003307
2025-09-30 00:48:01.452 | INFO     | agents.servers.serverSAE1:train_on_clients:44 - Client 19 gets new best val_loss at epoch #19: 0.003115
2025-09-30 00:48:01.453 | INFO     | agents.servers.serverSAE1:train_on_clients:66 - 20 clients still training at epoch #19
2025-09-30 00:48:01.471 | INFO     | agents.servers.serverSAE1:train_on_clients:22 - Training SAE1 model epoch #20
2025-09-30 00:48:01.717 | INFO     | agents.servers.serverSAE1:train_on_clients:44 - Client 0 gets new best val_loss at epoch #20: 0.002836
2025-09-30 00:48:01.718 | INFO     | agents.servers.serverSAE1:train_on_clients:60 - Saved model for client 0 at epoch 20 -> saved_models/SAE1/average/wsn_ds/epoch_20_client_0.pt
2025-09-30 00:48:01.961 | INFO     | agents.servers.serverSAE1:train_on_clients:44 - Client 1 gets new best val_loss at epoch #20: 0.002825
2025-09-30 00:48:01.963 | INFO     | agents.servers.serverSAE1:train_on_clients:60 - Saved model for client 1 at epoch 20 -> saved_models/SAE1/average/wsn_ds/epoch_20_client_1.pt
2025-09-30 00:48:02.206 | INFO     | agents.servers.serverSAE1:train_on_clients:44 - Client 2 gets new best val_loss at epoch #20: 0.002810
2025-09-30 00:48:02.207 | INFO     | agents.servers.serverSAE1:train_on_clients:60 - Saved model for client 2 at epoch 20 -> saved_models/SAE1/average/wsn_ds/epoch_20_client_2.pt
2025-09-30 00:48:02.452 | INFO     | agents.servers.serverSAE1:train_on_clients:44 - Client 3 gets new best val_loss at epoch #20: 0.002818
2025-09-30 00:48:02.453 | INFO     | agents.servers.serverSAE1:train_on_clients:60 - Saved model for client 3 at epoch 20 -> saved_models/SAE1/average/wsn_ds/epoch_20_client_3.pt
2025-09-30 00:48:02.698 | INFO     | agents.servers.serverSAE1:train_on_clients:60 - Saved model for client 4 at epoch 20 -> saved_models/SAE1/average/wsn_ds/epoch_20_client_4.pt
2025-09-30 00:48:02.940 | INFO     | agents.servers.serverSAE1:train_on_clients:44 - Client 5 gets new best val_loss at epoch #20: 0.002855
2025-09-30 00:48:02.941 | INFO     | agents.servers.serverSAE1:train_on_clients:60 - Saved model for client 5 at epoch 20 -> saved_models/SAE1/average/wsn_ds/epoch_20_client_5.pt
2025-09-30 00:48:03.185 | INFO     | agents.servers.serverSAE1:train_on_clients:44 - Client 6 gets new best val_loss at epoch #20: 0.002731
2025-09-30 00:48:03.187 | INFO     | agents.servers.serverSAE1:train_on_clients:60 - Saved model for client 6 at epoch 20 -> saved_models/SAE1/average/wsn_ds/epoch_20_client_6.pt
2025-09-30 00:48:03.431 | INFO     | agents.servers.serverSAE1:train_on_clients:44 - Client 7 gets new best val_loss at epoch #20: 0.002988
2025-09-30 00:48:03.433 | INFO     | agents.servers.serverSAE1:train_on_clients:60 - Saved model for client 7 at epoch 20 -> saved_models/SAE1/average/wsn_ds/epoch_20_client_7.pt
2025-09-30 00:48:03.676 | INFO     | agents.servers.serverSAE1:train_on_clients:60 - Saved model for client 8 at epoch 20 -> saved_models/SAE1/average/wsn_ds/epoch_20_client_8.pt
2025-09-30 00:48:03.921 | INFO     | agents.servers.serverSAE1:train_on_clients:44 - Client 9 gets new best val_loss at epoch #20: 0.002749
2025-09-30 00:48:03.922 | INFO     | agents.servers.serverSAE1:train_on_clients:60 - Saved model for client 9 at epoch 20 -> saved_models/SAE1/average/wsn_ds/epoch_20_client_9.pt
2025-09-30 00:48:04.165 | INFO     | agents.servers.serverSAE1:train_on_clients:44 - Client 10 gets new best val_loss at epoch #20: 0.003090
2025-09-30 00:48:04.167 | INFO     | agents.servers.serverSAE1:train_on_clients:60 - Saved model for client 10 at epoch 20 -> saved_models/SAE1/average/wsn_ds/epoch_20_client_10.pt
2025-09-30 00:48:04.410 | INFO     | agents.servers.serverSAE1:train_on_clients:44 - Client 11 gets new best val_loss at epoch #20: 0.002722
2025-09-30 00:48:04.411 | INFO     | agents.servers.serverSAE1:train_on_clients:60 - Saved model for client 11 at epoch 20 -> saved_models/SAE1/average/wsn_ds/epoch_20_client_11.pt
2025-09-30 00:48:04.654 | INFO     | agents.servers.serverSAE1:train_on_clients:44 - Client 12 gets new best val_loss at epoch #20: 0.002733
2025-09-30 00:48:04.655 | INFO     | agents.servers.serverSAE1:train_on_clients:60 - Saved model for client 12 at epoch 20 -> saved_models/SAE1/average/wsn_ds/epoch_20_client_12.pt
2025-09-30 00:48:04.898 | INFO     | agents.servers.serverSAE1:train_on_clients:44 - Client 13 gets new best val_loss at epoch #20: 0.002848
2025-09-30 00:48:04.900 | INFO     | agents.servers.serverSAE1:train_on_clients:60 - Saved model for client 13 at epoch 20 -> saved_models/SAE1/average/wsn_ds/epoch_20_client_13.pt
2025-09-30 00:48:05.142 | INFO     | agents.servers.serverSAE1:train_on_clients:44 - Client 14 gets new best val_loss at epoch #20: 0.002931
2025-09-30 00:48:05.143 | INFO     | agents.servers.serverSAE1:train_on_clients:60 - Saved model for client 14 at epoch 20 -> saved_models/SAE1/average/wsn_ds/epoch_20_client_14.pt
2025-09-30 00:48:05.389 | INFO     | agents.servers.serverSAE1:train_on_clients:44 - Client 15 gets new best val_loss at epoch #20: 0.002704
2025-09-30 00:48:05.390 | INFO     | agents.servers.serverSAE1:train_on_clients:60 - Saved model for client 15 at epoch 20 -> saved_models/SAE1/average/wsn_ds/epoch_20_client_15.pt
2025-09-30 00:48:05.633 | INFO     | agents.servers.serverSAE1:train_on_clients:44 - Client 16 gets new best val_loss at epoch #20: 0.002755
2025-09-30 00:48:05.635 | INFO     | agents.servers.serverSAE1:train_on_clients:60 - Saved model for client 16 at epoch 20 -> saved_models/SAE1/average/wsn_ds/epoch_20_client_16.pt
2025-09-30 00:48:05.878 | INFO     | agents.servers.serverSAE1:train_on_clients:44 - Client 17 gets new best val_loss at epoch #20: 0.002519
2025-09-30 00:48:05.880 | INFO     | agents.servers.serverSAE1:train_on_clients:60 - Saved model for client 17 at epoch 20 -> saved_models/SAE1/average/wsn_ds/epoch_20_client_17.pt
2025-09-30 00:48:06.123 | INFO     | agents.servers.serverSAE1:train_on_clients:44 - Client 18 gets new best val_loss at epoch #20: 0.002873
2025-09-30 00:48:06.125 | INFO     | agents.servers.serverSAE1:train_on_clients:60 - Saved model for client 18 at epoch 20 -> saved_models/SAE1/average/wsn_ds/epoch_20_client_18.pt
2025-09-30 00:48:06.368 | INFO     | agents.servers.serverSAE1:train_on_clients:44 - Client 19 gets new best val_loss at epoch #20: 0.003063
2025-09-30 00:48:06.370 | INFO     | agents.servers.serverSAE1:train_on_clients:60 - Saved model for client 19 at epoch 20 -> saved_models/SAE1/average/wsn_ds/epoch_20_client_19.pt
2025-09-30 00:48:06.371 | INFO     | agents.servers.serverSAE1:train_on_clients:66 - 20 clients still training at epoch #20
2025-09-30 00:48:06.389 | INFO     | agents.servers.serverSAE1:train_on_clients:22 - Training SAE1 model epoch #21
2025-09-30 00:48:06.634 | INFO     | agents.servers.serverSAE1:train_on_clients:44 - Client 0 gets new best val_loss at epoch #21: 0.002774
2025-09-30 00:48:07.122 | INFO     | agents.servers.serverSAE1:train_on_clients:44 - Client 2 gets new best val_loss at epoch #21: 0.002784
2025-09-30 00:48:08.106 | INFO     | agents.servers.serverSAE1:train_on_clients:44 - Client 6 gets new best val_loss at epoch #21: 0.002636
2025-09-30 00:48:08.349 | INFO     | agents.servers.serverSAE1:train_on_clients:44 - Client 7 gets new best val_loss at epoch #21: 0.002988
2025-09-30 00:48:08.591 | INFO     | agents.servers.serverSAE1:train_on_clients:44 - Client 8 gets new best val_loss at epoch #21: 0.002816
2025-09-30 00:48:08.836 | INFO     | agents.servers.serverSAE1:train_on_clients:44 - Client 9 gets new best val_loss at epoch #21: 0.002539
2025-09-30 00:48:09.078 | INFO     | agents.servers.serverSAE1:train_on_clients:44 - Client 10 gets new best val_loss at epoch #21: 0.002859
2025-09-30 00:48:09.561 | INFO     | agents.servers.serverSAE1:train_on_clients:44 - Client 12 gets new best val_loss at epoch #21: 0.002729
2025-09-30 00:48:09.805 | INFO     | agents.servers.serverSAE1:train_on_clients:44 - Client 13 gets new best val_loss at epoch #21: 0.002648
2025-09-30 00:48:10.049 | INFO     | agents.servers.serverSAE1:train_on_clients:44 - Client 14 gets new best val_loss at epoch #21: 0.002690
2025-09-30 00:48:10.779 | INFO     | agents.servers.serverSAE1:train_on_clients:44 - Client 17 gets new best val_loss at epoch #21: 0.002517
2025-09-30 00:48:11.259 | INFO     | agents.servers.serverSAE1:train_on_clients:66 - 20 clients still training at epoch #21
2025-09-30 00:48:11.277 | INFO     | agents.servers.serverSAE1:train_on_clients:22 - Training SAE1 model epoch #22
2025-09-30 00:48:11.519 | INFO     | agents.servers.serverSAE1:train_on_clients:44 - Client 0 gets new best val_loss at epoch #22: 0.002729
2025-09-30 00:48:12.004 | INFO     | agents.servers.serverSAE1:train_on_clients:44 - Client 2 gets new best val_loss at epoch #22: 0.002762
2025-09-30 00:48:12.247 | INFO     | agents.servers.serverSAE1:train_on_clients:44 - Client 3 gets new best val_loss at epoch #22: 0.002697
2025-09-30 00:48:12.489 | INFO     | agents.servers.serverSAE1:train_on_clients:44 - Client 4 gets new best val_loss at epoch #22: 0.002735
2025-09-30 00:48:12.732 | INFO     | agents.servers.serverSAE1:train_on_clients:44 - Client 5 gets new best val_loss at epoch #22: 0.002783
2025-09-30 00:48:13.217 | INFO     | agents.servers.serverSAE1:train_on_clients:44 - Client 7 gets new best val_loss at epoch #22: 0.002835
2025-09-30 00:48:13.462 | INFO     | agents.servers.serverSAE1:train_on_clients:44 - Client 8 gets new best val_loss at epoch #22: 0.002773
2025-09-30 00:48:13.950 | INFO     | agents.servers.serverSAE1:train_on_clients:44 - Client 10 gets new best val_loss at epoch #22: 0.002768
2025-09-30 00:48:14.193 | INFO     | agents.servers.serverSAE1:train_on_clients:44 - Client 11 gets new best val_loss at epoch #22: 0.002593
2025-09-30 00:48:14.436 | INFO     | agents.servers.serverSAE1:train_on_clients:44 - Client 12 gets new best val_loss at epoch #22: 0.002617
2025-09-30 00:48:14.678 | INFO     | agents.servers.serverSAE1:train_on_clients:44 - Client 13 gets new best val_loss at epoch #22: 0.002590
2025-09-30 00:48:14.921 | INFO     | agents.servers.serverSAE1:train_on_clients:44 - Client 14 gets new best val_loss at epoch #22: 0.002601
2025-09-30 00:48:15.405 | INFO     | agents.servers.serverSAE1:train_on_clients:44 - Client 16 gets new best val_loss at epoch #22: 0.002699
2025-09-30 00:48:16.132 | INFO     | agents.servers.serverSAE1:train_on_clients:44 - Client 19 gets new best val_loss at epoch #22: 0.002834
2025-09-30 00:48:16.133 | INFO     | agents.servers.serverSAE1:train_on_clients:66 - 20 clients still training at epoch #22
2025-09-30 00:48:16.151 | INFO     | agents.servers.serverSAE1:train_on_clients:22 - Training SAE1 model epoch #23
2025-09-30 00:48:16.644 | INFO     | agents.servers.serverSAE1:train_on_clients:44 - Client 1 gets new best val_loss at epoch #23: 0.002650
2025-09-30 00:48:17.127 | INFO     | agents.servers.serverSAE1:train_on_clients:44 - Client 3 gets new best val_loss at epoch #23: 0.002649
2025-09-30 00:48:17.369 | INFO     | agents.servers.serverSAE1:train_on_clients:44 - Client 4 gets new best val_loss at epoch #23: 0.002593
2025-09-30 00:48:17.613 | INFO     | agents.servers.serverSAE1:train_on_clients:44 - Client 5 gets new best val_loss at epoch #23: 0.002769
2025-09-30 00:48:17.858 | INFO     | agents.servers.serverSAE1:train_on_clients:44 - Client 6 gets new best val_loss at epoch #23: 0.002528
2025-09-30 00:48:18.101 | INFO     | agents.servers.serverSAE1:train_on_clients:44 - Client 7 gets new best val_loss at epoch #23: 0.002721
2025-09-30 00:48:18.833 | INFO     | agents.servers.serverSAE1:train_on_clients:44 - Client 10 gets new best val_loss at epoch #23: 0.002707
2025-09-30 00:48:19.318 | INFO     | agents.servers.serverSAE1:train_on_clients:44 - Client 12 gets new best val_loss at epoch #23: 0.002529
2025-09-30 00:48:19.564 | INFO     | agents.servers.serverSAE1:train_on_clients:44 - Client 13 gets new best val_loss at epoch #23: 0.002436
2025-09-30 00:48:20.050 | INFO     | agents.servers.serverSAE1:train_on_clients:44 - Client 15 gets new best val_loss at epoch #23: 0.002488
2025-09-30 00:48:20.294 | INFO     | agents.servers.serverSAE1:train_on_clients:44 - Client 16 gets new best val_loss at epoch #23: 0.002563
2025-09-30 00:48:20.537 | INFO     | agents.servers.serverSAE1:train_on_clients:44 - Client 17 gets new best val_loss at epoch #23: 0.002378
2025-09-30 00:48:21.020 | INFO     | agents.servers.serverSAE1:train_on_clients:66 - 20 clients still training at epoch #23
2025-09-30 00:48:21.038 | INFO     | agents.servers.serverSAE1:train_on_clients:22 - Training SAE1 model epoch #24
2025-09-30 00:48:21.281 | INFO     | agents.servers.serverSAE1:train_on_clients:44 - Client 0 gets new best val_loss at epoch #24: 0.002553
2025-09-30 00:48:21.527 | INFO     | agents.servers.serverSAE1:train_on_clients:44 - Client 1 gets new best val_loss at epoch #24: 0.002618
2025-09-30 00:48:21.772 | INFO     | agents.servers.serverSAE1:train_on_clients:44 - Client 2 gets new best val_loss at epoch #24: 0.002629
2025-09-30 00:48:22.017 | INFO     | agents.servers.serverSAE1:train_on_clients:44 - Client 3 gets new best val_loss at epoch #24: 0.002633
2025-09-30 00:48:22.261 | INFO     | agents.servers.serverSAE1:train_on_clients:44 - Client 4 gets new best val_loss at epoch #24: 0.002578
2025-09-30 00:48:22.503 | INFO     | agents.servers.serverSAE1:train_on_clients:44 - Client 5 gets new best val_loss at epoch #24: 0.002594
2025-09-30 00:48:22.744 | INFO     | agents.servers.serverSAE1:train_on_clients:44 - Client 6 gets new best val_loss at epoch #24: 0.002454
2025-09-30 00:48:23.230 | INFO     | agents.servers.serverSAE1:train_on_clients:44 - Client 8 gets new best val_loss at epoch #24: 0.002588
2025-09-30 00:48:23.475 | INFO     | agents.servers.serverSAE1:train_on_clients:44 - Client 9 gets new best val_loss at epoch #24: 0.002334
2025-09-30 00:48:23.718 | INFO     | agents.servers.serverSAE1:train_on_clients:44 - Client 10 gets new best val_loss at epoch #24: 0.002614
2025-09-30 00:48:23.962 | INFO     | agents.servers.serverSAE1:train_on_clients:44 - Client 11 gets new best val_loss at epoch #24: 0.002380
2025-09-30 00:48:24.204 | INFO     | agents.servers.serverSAE1:train_on_clients:44 - Client 12 gets new best val_loss at epoch #24: 0.002420
2025-09-30 00:48:24.449 | INFO     | agents.servers.serverSAE1:train_on_clients:44 - Client 13 gets new best val_loss at epoch #24: 0.002379
2025-09-30 00:48:24.693 | INFO     | agents.servers.serverSAE1:train_on_clients:44 - Client 14 gets new best val_loss at epoch #24: 0.002409
2025-09-30 00:48:25.418 | INFO     | agents.servers.serverSAE1:train_on_clients:44 - Client 17 gets new best val_loss at epoch #24: 0.002223
2025-09-30 00:48:25.659 | INFO     | agents.servers.serverSAE1:train_on_clients:44 - Client 18 gets new best val_loss at epoch #24: 0.002572
2025-09-30 00:48:25.905 | INFO     | agents.servers.serverSAE1:train_on_clients:66 - 20 clients still training at epoch #24
2025-09-30 00:48:25.923 | INFO     | agents.servers.serverSAE1:train_on_clients:22 - Training SAE1 model epoch #25
2025-09-30 00:48:26.168 | INFO     | agents.servers.serverSAE1:train_on_clients:44 - Client 0 gets new best val_loss at epoch #25: 0.002445
2025-09-30 00:48:26.412 | INFO     | agents.servers.serverSAE1:train_on_clients:44 - Client 1 gets new best val_loss at epoch #25: 0.002486
2025-09-30 00:48:26.896 | INFO     | agents.servers.serverSAE1:train_on_clients:44 - Client 3 gets new best val_loss at epoch #25: 0.002424
2025-09-30 00:48:27.142 | INFO     | agents.servers.serverSAE1:train_on_clients:44 - Client 4 gets new best val_loss at epoch #25: 0.002473
2025-09-30 00:48:27.385 | INFO     | agents.servers.serverSAE1:train_on_clients:44 - Client 5 gets new best val_loss at epoch #25: 0.002521
2025-09-30 00:48:27.626 | INFO     | agents.servers.serverSAE1:train_on_clients:44 - Client 6 gets new best val_loss at epoch #25: 0.002384
2025-09-30 00:48:27.870 | INFO     | agents.servers.serverSAE1:train_on_clients:44 - Client 7 gets new best val_loss at epoch #25: 0.002521
2025-09-30 00:48:28.357 | INFO     | agents.servers.serverSAE1:train_on_clients:44 - Client 9 gets new best val_loss at epoch #25: 0.002279
2025-09-30 00:48:29.083 | INFO     | agents.servers.serverSAE1:train_on_clients:44 - Client 12 gets new best val_loss at epoch #25: 0.002372
2025-09-30 00:48:29.570 | INFO     | agents.servers.serverSAE1:train_on_clients:44 - Client 14 gets new best val_loss at epoch #25: 0.002356
2025-09-30 00:48:30.061 | INFO     | agents.servers.serverSAE1:train_on_clients:44 - Client 16 gets new best val_loss at epoch #25: 0.002428
2025-09-30 00:48:30.304 | INFO     | agents.servers.serverSAE1:train_on_clients:44 - Client 17 gets new best val_loss at epoch #25: 0.002132
2025-09-30 00:48:30.789 | INFO     | agents.servers.serverSAE1:train_on_clients:44 - Client 19 gets new best val_loss at epoch #25: 0.002745
2025-09-30 00:48:30.790 | INFO     | agents.servers.serverSAE1:train_on_clients:66 - 20 clients still training at epoch #25
2025-09-30 00:48:30.808 | INFO     | agents.servers.serverSAE1:train_on_clients:22 - Training SAE1 model epoch #26
2025-09-30 00:48:31.053 | INFO     | agents.servers.serverSAE1:train_on_clients:44 - Client 0 gets new best val_loss at epoch #26: 0.002368
2025-09-30 00:48:31.295 | INFO     | agents.servers.serverSAE1:train_on_clients:44 - Client 1 gets new best val_loss at epoch #26: 0.002357
2025-09-30 00:48:31.538 | INFO     | agents.servers.serverSAE1:train_on_clients:44 - Client 2 gets new best val_loss at epoch #26: 0.002506
2025-09-30 00:48:32.023 | INFO     | agents.servers.serverSAE1:train_on_clients:44 - Client 4 gets new best val_loss at epoch #26: 0.002330
2025-09-30 00:48:32.509 | INFO     | agents.servers.serverSAE1:train_on_clients:44 - Client 6 gets new best val_loss at epoch #26: 0.002335
2025-09-30 00:48:32.754 | INFO     | agents.servers.serverSAE1:train_on_clients:44 - Client 7 gets new best val_loss at epoch #26: 0.002487
2025-09-30 00:48:32.997 | INFO     | agents.servers.serverSAE1:train_on_clients:44 - Client 8 gets new best val_loss at epoch #26: 0.002368
2025-09-30 00:48:33.240 | INFO     | agents.servers.serverSAE1:train_on_clients:44 - Client 9 gets new best val_loss at epoch #26: 0.002236
2025-09-30 00:48:33.482 | INFO     | agents.servers.serverSAE1:train_on_clients:44 - Client 10 gets new best val_loss at epoch #26: 0.002511
2025-09-30 00:48:33.726 | INFO     | agents.servers.serverSAE1:train_on_clients:44 - Client 11 gets new best val_loss at epoch #26: 0.002280
2025-09-30 00:48:34.208 | INFO     | agents.servers.serverSAE1:train_on_clients:44 - Client 13 gets new best val_loss at epoch #26: 0.002254
2025-09-30 00:48:34.691 | INFO     | agents.servers.serverSAE1:train_on_clients:44 - Client 15 gets new best val_loss at epoch #26: 0.002438
2025-09-30 00:48:34.931 | INFO     | agents.servers.serverSAE1:train_on_clients:44 - Client 16 gets new best val_loss at epoch #26: 0.002414
2025-09-30 00:48:35.174 | INFO     | agents.servers.serverSAE1:train_on_clients:44 - Client 17 gets new best val_loss at epoch #26: 0.002061
2025-09-30 00:48:35.419 | INFO     | agents.servers.serverSAE1:train_on_clients:44 - Client 18 gets new best val_loss at epoch #26: 0.002493
2025-09-30 00:48:35.659 | INFO     | agents.servers.serverSAE1:train_on_clients:44 - Client 19 gets new best val_loss at epoch #26: 0.002617
2025-09-30 00:48:35.661 | INFO     | agents.servers.serverSAE1:train_on_clients:66 - 20 clients still training at epoch #26
2025-09-30 00:48:35.679 | INFO     | agents.servers.serverSAE1:train_on_clients:22 - Training SAE1 model epoch #27
2025-09-30 00:48:35.923 | INFO     | agents.servers.serverSAE1:train_on_clients:44 - Client 0 gets new best val_loss at epoch #27: 0.002287
2025-09-30 00:48:36.411 | INFO     | agents.servers.serverSAE1:train_on_clients:44 - Client 2 gets new best val_loss at epoch #27: 0.002374
2025-09-30 00:48:36.653 | INFO     | agents.servers.serverSAE1:train_on_clients:44 - Client 3 gets new best val_loss at epoch #27: 0.002286
2025-09-30 00:48:36.896 | INFO     | agents.servers.serverSAE1:train_on_clients:44 - Client 4 gets new best val_loss at epoch #27: 0.002291
2025-09-30 00:48:37.141 | INFO     | agents.servers.serverSAE1:train_on_clients:44 - Client 5 gets new best val_loss at epoch #27: 0.002501
2025-09-30 00:48:37.381 | INFO     | agents.servers.serverSAE1:train_on_clients:44 - Client 6 gets new best val_loss at epoch #27: 0.002235
2025-09-30 00:48:37.866 | INFO     | agents.servers.serverSAE1:train_on_clients:44 - Client 8 gets new best val_loss at epoch #27: 0.002259
2025-09-30 00:48:38.110 | INFO     | agents.servers.serverSAE1:train_on_clients:44 - Client 9 gets new best val_loss at epoch #27: 0.002115
2025-09-30 00:48:38.597 | INFO     | agents.servers.serverSAE1:train_on_clients:44 - Client 11 gets new best val_loss at epoch #27: 0.002116
2025-09-30 00:48:38.841 | INFO     | agents.servers.serverSAE1:train_on_clients:44 - Client 12 gets new best val_loss at epoch #27: 0.002292
2025-09-30 00:48:39.085 | INFO     | agents.servers.serverSAE1:train_on_clients:44 - Client 13 gets new best val_loss at epoch #27: 0.002164
2025-09-30 00:48:39.328 | INFO     | agents.servers.serverSAE1:train_on_clients:44 - Client 14 gets new best val_loss at epoch #27: 0.002229
2025-09-30 00:48:39.572 | INFO     | agents.servers.serverSAE1:train_on_clients:44 - Client 15 gets new best val_loss at epoch #27: 0.002241
2025-09-30 00:48:39.814 | INFO     | agents.servers.serverSAE1:train_on_clients:44 - Client 16 gets new best val_loss at epoch #27: 0.002300
2025-09-30 00:48:40.297 | INFO     | agents.servers.serverSAE1:train_on_clients:44 - Client 18 gets new best val_loss at epoch #27: 0.002333
2025-09-30 00:48:40.540 | INFO     | agents.servers.serverSAE1:train_on_clients:66 - 20 clients still training at epoch #27
2025-09-30 00:48:40.558 | INFO     | agents.servers.serverSAE1:train_on_clients:22 - Training SAE1 model epoch #28
2025-09-30 00:48:41.049 | INFO     | agents.servers.serverSAE1:train_on_clients:44 - Client 1 gets new best val_loss at epoch #28: 0.002267
2025-09-30 00:48:41.532 | INFO     | agents.servers.serverSAE1:train_on_clients:44 - Client 3 gets new best val_loss at epoch #28: 0.002246
2025-09-30 00:48:41.775 | INFO     | agents.servers.serverSAE1:train_on_clients:44 - Client 4 gets new best val_loss at epoch #28: 0.002203
2025-09-30 00:48:42.263 | INFO     | agents.servers.serverSAE1:train_on_clients:44 - Client 6 gets new best val_loss at epoch #28: 0.002233
2025-09-30 00:48:42.748 | INFO     | agents.servers.serverSAE1:train_on_clients:44 - Client 8 gets new best val_loss at epoch #28: 0.002193
2025-09-30 00:48:43.234 | INFO     | agents.servers.serverSAE1:train_on_clients:44 - Client 10 gets new best val_loss at epoch #28: 0.002341
2025-09-30 00:48:43.480 | INFO     | agents.servers.serverSAE1:train_on_clients:44 - Client 11 gets new best val_loss at epoch #28: 0.002106
2025-09-30 00:48:43.722 | INFO     | agents.servers.serverSAE1:train_on_clients:44 - Client 12 gets new best val_loss at epoch #28: 0.002229
2025-09-30 00:48:43.965 | INFO     | agents.servers.serverSAE1:train_on_clients:44 - Client 13 gets new best val_loss at epoch #28: 0.002135
2025-09-30 00:48:44.207 | INFO     | agents.servers.serverSAE1:train_on_clients:44 - Client 14 gets new best val_loss at epoch #28: 0.002111
2025-09-30 00:48:44.449 | INFO     | agents.servers.serverSAE1:train_on_clients:44 - Client 15 gets new best val_loss at epoch #28: 0.002122
2025-09-30 00:48:44.692 | INFO     | agents.servers.serverSAE1:train_on_clients:44 - Client 16 gets new best val_loss at epoch #28: 0.002207
2025-09-30 00:48:45.412 | INFO     | agents.servers.serverSAE1:train_on_clients:44 - Client 19 gets new best val_loss at epoch #28: 0.002342
2025-09-30 00:48:45.413 | INFO     | agents.servers.serverSAE1:train_on_clients:66 - 20 clients still training at epoch #28
2025-09-30 00:48:45.431 | INFO     | agents.servers.serverSAE1:train_on_clients:22 - Training SAE1 model epoch #29
2025-09-30 00:48:45.675 | INFO     | agents.servers.serverSAE1:train_on_clients:44 - Client 0 gets new best val_loss at epoch #29: 0.002188
2025-09-30 00:48:45.918 | INFO     | agents.servers.serverSAE1:train_on_clients:44 - Client 1 gets new best val_loss at epoch #29: 0.002238
2025-09-30 00:48:46.161 | INFO     | agents.servers.serverSAE1:train_on_clients:44 - Client 2 gets new best val_loss at epoch #29: 0.002280
2025-09-30 00:48:46.421 | INFO     | agents.servers.serverSAE1:train_on_clients:44 - Client 3 gets new best val_loss at epoch #29: 0.002201
2025-09-30 00:48:46.666 | INFO     | agents.servers.serverSAE1:train_on_clients:44 - Client 4 gets new best val_loss at epoch #29: 0.002164
2025-09-30 00:48:47.150 | INFO     | agents.servers.serverSAE1:train_on_clients:44 - Client 6 gets new best val_loss at epoch #29: 0.002160
2025-09-30 00:48:47.394 | INFO     | agents.servers.serverSAE1:train_on_clients:44 - Client 7 gets new best val_loss at epoch #29: 0.002309
2025-09-30 00:48:47.643 | INFO     | agents.servers.serverSAE1:train_on_clients:44 - Client 8 gets new best val_loss at epoch #29: 0.002188
2025-09-30 00:48:48.363 | INFO     | agents.servers.serverSAE1:train_on_clients:44 - Client 11 gets new best val_loss at epoch #29: 0.002001
2025-09-30 00:48:48.607 | INFO     | agents.servers.serverSAE1:train_on_clients:44 - Client 12 gets new best val_loss at epoch #29: 0.002152
2025-09-30 00:48:48.851 | INFO     | agents.servers.serverSAE1:train_on_clients:44 - Client 13 gets new best val_loss at epoch #29: 0.002086
2025-09-30 00:48:49.341 | INFO     | agents.servers.serverSAE1:train_on_clients:44 - Client 15 gets new best val_loss at epoch #29: 0.002091
2025-09-30 00:48:50.081 | INFO     | agents.servers.serverSAE1:train_on_clients:44 - Client 18 gets new best val_loss at epoch #29: 0.002216
2025-09-30 00:48:50.323 | INFO     | agents.servers.serverSAE1:train_on_clients:66 - 20 clients still training at epoch #29
2025-09-30 00:48:50.342 | INFO     | agents.servers.serverSAE1:train_on_clients:22 - Training SAE1 model epoch #30
2025-09-30 00:48:50.639 | INFO     | agents.servers.serverSAE1:train_on_clients:60 - Saved model for client 0 at epoch 30 -> saved_models/SAE1/average/wsn_ds/epoch_30_client_0.pt
2025-09-30 00:48:50.918 | INFO     | agents.servers.serverSAE1:train_on_clients:44 - Client 1 gets new best val_loss at epoch #30: 0.002148
2025-09-30 00:48:50.919 | INFO     | agents.servers.serverSAE1:train_on_clients:60 - Saved model for client 1 at epoch 30 -> saved_models/SAE1/average/wsn_ds/epoch_30_client_1.pt
2025-09-30 00:48:51.198 | INFO     | agents.servers.serverSAE1:train_on_clients:44 - Client 2 gets new best val_loss at epoch #30: 0.002143
2025-09-30 00:48:51.200 | INFO     | agents.servers.serverSAE1:train_on_clients:60 - Saved model for client 2 at epoch 30 -> saved_models/SAE1/average/wsn_ds/epoch_30_client_2.pt
2025-09-30 00:48:51.488 | INFO     | agents.servers.serverSAE1:train_on_clients:44 - Client 3 gets new best val_loss at epoch #30: 0.002076
2025-09-30 00:48:51.490 | INFO     | agents.servers.serverSAE1:train_on_clients:60 - Saved model for client 3 at epoch 30 -> saved_models/SAE1/average/wsn_ds/epoch_30_client_3.pt
2025-09-30 00:48:51.761 | INFO     | agents.servers.serverSAE1:train_on_clients:60 - Saved model for client 4 at epoch 30 -> saved_models/SAE1/average/wsn_ds/epoch_30_client_4.pt
2025-09-30 00:48:52.033 | INFO     | agents.servers.serverSAE1:train_on_clients:44 - Client 5 gets new best val_loss at epoch #30: 0.002237
2025-09-30 00:48:52.034 | INFO     | agents.servers.serverSAE1:train_on_clients:60 - Saved model for client 5 at epoch 30 -> saved_models/SAE1/average/wsn_ds/epoch_30_client_5.pt
2025-09-30 00:48:52.326 | INFO     | agents.servers.serverSAE1:train_on_clients:44 - Client 6 gets new best val_loss at epoch #30: 0.002015
2025-09-30 00:48:52.327 | INFO     | agents.servers.serverSAE1:train_on_clients:60 - Saved model for client 6 at epoch 30 -> saved_models/SAE1/average/wsn_ds/epoch_30_client_6.pt
2025-09-30 00:48:52.563 | INFO     | agents.servers.serverSAE1:train_on_clients:60 - Saved model for client 7 at epoch 30 -> saved_models/SAE1/average/wsn_ds/epoch_30_client_7.pt
2025-09-30 00:48:52.800 | INFO     | agents.servers.serverSAE1:train_on_clients:44 - Client 8 gets new best val_loss at epoch #30: 0.002050
2025-09-30 00:48:52.801 | INFO     | agents.servers.serverSAE1:train_on_clients:60 - Saved model for client 8 at epoch 30 -> saved_models/SAE1/average/wsn_ds/epoch_30_client_8.pt
2025-09-30 00:48:53.050 | INFO     | agents.servers.serverSAE1:train_on_clients:60 - Saved model for client 9 at epoch 30 -> saved_models/SAE1/average/wsn_ds/epoch_30_client_9.pt
2025-09-30 00:48:53.297 | INFO     | agents.servers.serverSAE1:train_on_clients:44 - Client 10 gets new best val_loss at epoch #30: 0.002210
2025-09-30 00:48:53.298 | INFO     | agents.servers.serverSAE1:train_on_clients:60 - Saved model for client 10 at epoch 30 -> saved_models/SAE1/average/wsn_ds/epoch_30_client_10.pt
2025-09-30 00:48:53.534 | INFO     | agents.servers.serverSAE1:train_on_clients:44 - Client 11 gets new best val_loss at epoch #30: 0.001944
2025-09-30 00:48:53.535 | INFO     | agents.servers.serverSAE1:train_on_clients:60 - Saved model for client 11 at epoch 30 -> saved_models/SAE1/average/wsn_ds/epoch_30_client_11.pt
2025-09-30 00:48:53.772 | INFO     | agents.servers.serverSAE1:train_on_clients:44 - Client 12 gets new best val_loss at epoch #30: 0.002132
2025-09-30 00:48:53.773 | INFO     | agents.servers.serverSAE1:train_on_clients:60 - Saved model for client 12 at epoch 30 -> saved_models/SAE1/average/wsn_ds/epoch_30_client_12.pt
2025-09-30 00:48:54.010 | INFO     | agents.servers.serverSAE1:train_on_clients:60 - Saved model for client 13 at epoch 30 -> saved_models/SAE1/average/wsn_ds/epoch_30_client_13.pt
2025-09-30 00:48:54.248 | INFO     | agents.servers.serverSAE1:train_on_clients:44 - Client 14 gets new best val_loss at epoch #30: 0.001990
2025-09-30 00:48:54.266 | INFO     | agents.servers.serverSAE1:train_on_clients:60 - Saved model for client 14 at epoch 30 -> saved_models/SAE1/average/wsn_ds/epoch_30_client_14.pt
2025-09-30 00:48:54.502 | INFO     | agents.servers.serverSAE1:train_on_clients:44 - Client 15 gets new best val_loss at epoch #30: 0.001967
2025-09-30 00:48:54.504 | INFO     | agents.servers.serverSAE1:train_on_clients:60 - Saved model for client 15 at epoch 30 -> saved_models/SAE1/average/wsn_ds/epoch_30_client_15.pt
2025-09-30 00:48:54.740 | INFO     | agents.servers.serverSAE1:train_on_clients:44 - Client 16 gets new best val_loss at epoch #30: 0.002081
2025-09-30 00:48:54.742 | INFO     | agents.servers.serverSAE1:train_on_clients:60 - Saved model for client 16 at epoch 30 -> saved_models/SAE1/average/wsn_ds/epoch_30_client_16.pt
2025-09-30 00:48:54.992 | INFO     | agents.servers.serverSAE1:train_on_clients:44 - Client 17 gets new best val_loss at epoch #30: 0.001871
2025-09-30 00:48:54.994 | INFO     | agents.servers.serverSAE1:train_on_clients:60 - Saved model for client 17 at epoch 30 -> saved_models/SAE1/average/wsn_ds/epoch_30_client_17.pt
2025-09-30 00:48:55.249 | INFO     | agents.servers.serverSAE1:train_on_clients:60 - Saved model for client 18 at epoch 30 -> saved_models/SAE1/average/wsn_ds/epoch_30_client_18.pt
2025-09-30 00:48:55.503 | INFO     | agents.servers.serverSAE1:train_on_clients:44 - Client 19 gets new best val_loss at epoch #30: 0.002225
2025-09-30 00:48:55.504 | INFO     | agents.servers.serverSAE1:train_on_clients:60 - Saved model for client 19 at epoch 30 -> saved_models/SAE1/average/wsn_ds/epoch_30_client_19.pt
2025-09-30 00:48:55.506 | INFO     | agents.servers.serverSAE1:train_on_clients:66 - 20 clients still training at epoch #30
2025-09-30 00:48:55.524 | INFO     | agents.servers.serverSAE1:train_on_clients:22 - Training SAE1 model epoch #31
2025-09-30 00:48:55.772 | INFO     | agents.servers.serverSAE1:train_on_clients:44 - Client 0 gets new best val_loss at epoch #31: 0.002118
2025-09-30 00:48:56.020 | INFO     | agents.servers.serverSAE1:train_on_clients:44 - Client 1 gets new best val_loss at epoch #31: 0.002132
2025-09-30 00:48:56.758 | INFO     | agents.servers.serverSAE1:train_on_clients:44 - Client 4 gets new best val_loss at epoch #31: 0.002073
2025-09-30 00:48:57.494 | INFO     | agents.servers.serverSAE1:train_on_clients:44 - Client 7 gets new best val_loss at epoch #31: 0.002197
2025-09-30 00:48:57.985 | INFO     | agents.servers.serverSAE1:train_on_clients:44 - Client 9 gets new best val_loss at epoch #31: 0.001925
2025-09-30 00:48:58.231 | INFO     | agents.servers.serverSAE1:train_on_clients:44 - Client 10 gets new best val_loss at epoch #31: 0.002208
2025-09-30 00:48:58.475 | INFO     | agents.servers.serverSAE1:train_on_clients:44 - Client 11 gets new best val_loss at epoch #31: 0.001921
2025-09-30 00:48:58.965 | INFO     | agents.servers.serverSAE1:train_on_clients:44 - Client 13 gets new best val_loss at epoch #31: 0.001947
2025-09-30 00:48:59.450 | INFO     | agents.servers.serverSAE1:train_on_clients:44 - Client 15 gets new best val_loss at epoch #31: 0.001847
2025-09-30 00:48:59.695 | INFO     | agents.servers.serverSAE1:train_on_clients:44 - Client 16 gets new best val_loss at epoch #31: 0.002076
2025-09-30 00:49:00.185 | INFO     | agents.servers.serverSAE1:train_on_clients:44 - Client 18 gets new best val_loss at epoch #31: 0.002093
2025-09-30 00:49:00.437 | INFO     | agents.servers.serverSAE1:train_on_clients:66 - 20 clients still training at epoch #31
2025-09-30 00:49:00.455 | INFO     | agents.servers.serverSAE1:train_on_clients:22 - Training SAE1 model epoch #32
2025-09-30 00:49:01.193 | INFO     | agents.servers.serverSAE1:train_on_clients:44 - Client 2 gets new best val_loss at epoch #32: 0.002063
2025-09-30 00:49:01.439 | INFO     | agents.servers.serverSAE1:train_on_clients:44 - Client 3 gets new best val_loss at epoch #32: 0.002029
2025-09-30 00:49:02.176 | INFO     | agents.servers.serverSAE1:train_on_clients:44 - Client 6 gets new best val_loss at epoch #32: 0.001964
2025-09-30 00:49:02.423 | INFO     | agents.servers.serverSAE1:train_on_clients:44 - Client 7 gets new best val_loss at epoch #32: 0.002027
2025-09-30 00:49:02.670 | INFO     | agents.servers.serverSAE1:train_on_clients:44 - Client 8 gets new best val_loss at epoch #32: 0.001984
2025-09-30 00:49:03.409 | INFO     | agents.servers.serverSAE1:train_on_clients:44 - Client 11 gets new best val_loss at epoch #32: 0.001827
2025-09-30 00:49:03.660 | INFO     | agents.servers.serverSAE1:train_on_clients:44 - Client 12 gets new best val_loss at epoch #32: 0.002080
2025-09-30 00:49:04.153 | INFO     | agents.servers.serverSAE1:train_on_clients:44 - Client 14 gets new best val_loss at epoch #32: 0.001881
2025-09-30 00:49:04.396 | INFO     | agents.servers.serverSAE1:train_on_clients:44 - Client 15 gets new best val_loss at epoch #32: 0.001838
2025-09-30 00:49:04.647 | INFO     | agents.servers.serverSAE1:train_on_clients:44 - Client 16 gets new best val_loss at epoch #32: 0.001995
2025-09-30 00:49:04.891 | INFO     | agents.servers.serverSAE1:train_on_clients:44 - Client 17 gets new best val_loss at epoch #32: 0.001807
2025-09-30 00:49:05.139 | INFO     | agents.servers.serverSAE1:train_on_clients:44 - Client 18 gets new best val_loss at epoch #32: 0.002000
2025-09-30 00:49:05.389 | INFO     | agents.servers.serverSAE1:train_on_clients:44 - Client 19 gets new best val_loss at epoch #32: 0.002116
2025-09-30 00:49:05.390 | INFO     | agents.servers.serverSAE1:train_on_clients:66 - 20 clients still training at epoch #32
2025-09-30 00:49:05.409 | INFO     | agents.servers.serverSAE1:train_on_clients:22 - Training SAE1 model epoch #33
2025-09-30 00:49:05.651 | INFO     | agents.servers.serverSAE1:train_on_clients:44 - Client 0 gets new best val_loss at epoch #33: 0.002007
2025-09-30 00:49:05.901 | INFO     | agents.servers.serverSAE1:train_on_clients:44 - Client 1 gets new best val_loss at epoch #33: 0.001920
2025-09-30 00:49:06.150 | INFO     | agents.servers.serverSAE1:train_on_clients:44 - Client 2 gets new best val_loss at epoch #33: 0.001976
2025-09-30 00:49:06.397 | INFO     | agents.servers.serverSAE1:train_on_clients:44 - Client 3 gets new best val_loss at epoch #33: 0.001950
2025-09-30 00:49:06.891 | INFO     | agents.servers.serverSAE1:train_on_clients:44 - Client 5 gets new best val_loss at epoch #33: 0.002065
2025-09-30 00:49:07.137 | INFO     | agents.servers.serverSAE1:train_on_clients:44 - Client 6 gets new best val_loss at epoch #33: 0.001880
2025-09-30 00:49:07.383 | INFO     | agents.servers.serverSAE1:train_on_clients:44 - Client 7 gets new best val_loss at epoch #33: 0.001995
2025-09-30 00:49:07.629 | INFO     | agents.servers.serverSAE1:train_on_clients:44 - Client 8 gets new best val_loss at epoch #33: 0.001912
2025-09-30 00:49:07.878 | INFO     | agents.servers.serverSAE1:train_on_clients:44 - Client 9 gets new best val_loss at epoch #33: 0.001873
2025-09-30 00:49:08.127 | INFO     | agents.servers.serverSAE1:train_on_clients:44 - Client 10 gets new best val_loss at epoch #33: 0.002123
2025-09-30 00:49:08.617 | INFO     | agents.servers.serverSAE1:train_on_clients:44 - Client 12 gets new best val_loss at epoch #33: 0.002037
2025-09-30 00:49:08.865 | INFO     | agents.servers.serverSAE1:train_on_clients:44 - Client 13 gets new best val_loss at epoch #33: 0.001908
2025-09-30 00:49:09.359 | INFO     | agents.servers.serverSAE1:train_on_clients:44 - Client 15 gets new best val_loss at epoch #33: 0.001754
2025-09-30 00:49:09.604 | INFO     | agents.servers.serverSAE1:train_on_clients:44 - Client 16 gets new best val_loss at epoch #33: 0.001979
2025-09-30 00:49:10.343 | INFO     | agents.servers.serverSAE1:train_on_clients:66 - 20 clients still training at epoch #33
2025-09-30 00:49:10.361 | INFO     | agents.servers.serverSAE1:train_on_clients:22 - Training SAE1 model epoch #34
2025-09-30 00:49:11.099 | INFO     | agents.servers.serverSAE1:train_on_clients:44 - Client 2 gets new best val_loss at epoch #34: 0.001956
2025-09-30 00:49:11.346 | INFO     | agents.servers.serverSAE1:train_on_clients:44 - Client 3 gets new best val_loss at epoch #34: 0.001938
2025-09-30 00:49:11.592 | INFO     | agents.servers.serverSAE1:train_on_clients:44 - Client 4 gets new best val_loss at epoch #34: 0.001988
2025-09-30 00:49:11.837 | INFO     | agents.servers.serverSAE1:train_on_clients:44 - Client 5 gets new best val_loss at epoch #34: 0.002062
2025-09-30 00:49:12.576 | INFO     | agents.servers.serverSAE1:train_on_clients:44 - Client 8 gets new best val_loss at epoch #34: 0.001887
2025-09-30 00:49:13.068 | INFO     | agents.servers.serverSAE1:train_on_clients:44 - Client 10 gets new best val_loss at epoch #34: 0.002093
2025-09-30 00:49:13.314 | INFO     | agents.servers.serverSAE1:train_on_clients:44 - Client 11 gets new best val_loss at epoch #34: 0.001715
2025-09-30 00:49:13.562 | INFO     | agents.servers.serverSAE1:train_on_clients:44 - Client 12 gets new best val_loss at epoch #34: 0.001987
2025-09-30 00:49:14.054 | INFO     | agents.servers.serverSAE1:train_on_clients:44 - Client 14 gets new best val_loss at epoch #34: 0.001799
2025-09-30 00:49:14.303 | INFO     | agents.servers.serverSAE1:train_on_clients:44 - Client 15 gets new best val_loss at epoch #34: 0.001743
2025-09-30 00:49:14.550 | INFO     | agents.servers.serverSAE1:train_on_clients:44 - Client 16 gets new best val_loss at epoch #34: 0.001864
2025-09-30 00:49:14.798 | INFO     | agents.servers.serverSAE1:train_on_clients:44 - Client 17 gets new best val_loss at epoch #34: 0.001750
2025-09-30 00:49:15.048 | INFO     | agents.servers.serverSAE1:train_on_clients:44 - Client 18 gets new best val_loss at epoch #34: 0.001907
2025-09-30 00:49:15.293 | INFO     | agents.servers.serverSAE1:train_on_clients:66 - 20 clients still training at epoch #34
2025-09-30 00:49:15.312 | INFO     | agents.servers.serverSAE1:train_on_clients:22 - Training SAE1 model epoch #35
2025-09-30 00:49:15.557 | INFO     | agents.servers.serverSAE1:train_on_clients:44 - Client 0 gets new best val_loss at epoch #35: 0.001941
2025-09-30 00:49:15.802 | INFO     | agents.servers.serverSAE1:train_on_clients:44 - Client 1 gets new best val_loss at epoch #35: 0.001904
2025-09-30 00:49:16.050 | INFO     | agents.servers.serverSAE1:train_on_clients:44 - Client 2 gets new best val_loss at epoch #35: 0.001787
2025-09-30 00:49:16.297 | INFO     | agents.servers.serverSAE1:train_on_clients:44 - Client 3 gets new best val_loss at epoch #35: 0.001899
2025-09-30 00:49:16.547 | INFO     | agents.servers.serverSAE1:train_on_clients:44 - Client 4 gets new best val_loss at epoch #35: 0.001895
2025-09-30 00:49:16.794 | INFO     | agents.servers.serverSAE1:train_on_clients:44 - Client 5 gets new best val_loss at epoch #35: 0.001987
2025-09-30 00:49:17.039 | INFO     | agents.servers.serverSAE1:train_on_clients:44 - Client 6 gets new best val_loss at epoch #35: 0.001843
2025-09-30 00:49:17.533 | INFO     | agents.servers.serverSAE1:train_on_clients:44 - Client 8 gets new best val_loss at epoch #35: 0.001849
2025-09-30 00:49:17.780 | INFO     | agents.servers.serverSAE1:train_on_clients:44 - Client 9 gets new best val_loss at epoch #35: 0.001735
2025-09-30 00:49:18.029 | INFO     | agents.servers.serverSAE1:train_on_clients:44 - Client 10 gets new best val_loss at epoch #35: 0.002021
2025-09-30 00:49:18.275 | INFO     | agents.servers.serverSAE1:train_on_clients:44 - Client 11 gets new best val_loss at epoch #35: 0.001667
2025-09-30 00:49:18.520 | INFO     | agents.servers.serverSAE1:train_on_clients:44 - Client 12 gets new best val_loss at epoch #35: 0.001907
2025-09-30 00:49:18.770 | INFO     | agents.servers.serverSAE1:train_on_clients:44 - Client 13 gets new best val_loss at epoch #35: 0.001770
2025-09-30 00:49:19.015 | INFO     | agents.servers.serverSAE1:train_on_clients:44 - Client 14 gets new best val_loss at epoch #35: 0.001791
2025-09-30 00:49:19.260 | INFO     | agents.servers.serverSAE1:train_on_clients:44 - Client 15 gets new best val_loss at epoch #35: 0.001716
2025-09-30 00:49:20.000 | INFO     | agents.servers.serverSAE1:train_on_clients:44 - Client 18 gets new best val_loss at epoch #35: 0.001831
2025-09-30 00:49:20.247 | INFO     | agents.servers.serverSAE1:train_on_clients:44 - Client 19 gets new best val_loss at epoch #35: 0.001974
2025-09-30 00:49:20.249 | INFO     | agents.servers.serverSAE1:train_on_clients:66 - 20 clients still training at epoch #35
2025-09-30 00:49:20.267 | INFO     | agents.servers.serverSAE1:train_on_clients:22 - Training SAE1 model epoch #36
2025-09-30 00:49:20.513 | INFO     | agents.servers.serverSAE1:train_on_clients:44 - Client 0 gets new best val_loss at epoch #36: 0.001839
2025-09-30 00:49:21.750 | INFO     | agents.servers.serverSAE1:train_on_clients:44 - Client 5 gets new best val_loss at epoch #36: 0.001960
2025-09-30 00:49:22.000 | INFO     | agents.servers.serverSAE1:train_on_clients:44 - Client 6 gets new best val_loss at epoch #36: 0.001738
2025-09-30 00:49:22.251 | INFO     | agents.servers.serverSAE1:train_on_clients:44 - Client 7 gets new best val_loss at epoch #36: 0.001961
2025-09-30 00:49:22.989 | INFO     | agents.servers.serverSAE1:train_on_clients:44 - Client 10 gets new best val_loss at epoch #36: 0.001928
2025-09-30 00:49:24.466 | INFO     | agents.servers.serverSAE1:train_on_clients:44 - Client 16 gets new best val_loss at epoch #36: 0.001823
2025-09-30 00:49:24.713 | INFO     | agents.servers.serverSAE1:train_on_clients:44 - Client 17 gets new best val_loss at epoch #36: 0.001567
2025-09-30 00:49:25.206 | INFO     | agents.servers.serverSAE1:train_on_clients:66 - 20 clients still training at epoch #36
2025-09-30 00:49:25.224 | INFO     | agents.servers.serverSAE1:train_on_clients:22 - Training SAE1 model epoch #37
2025-09-30 00:49:25.711 | INFO     | agents.servers.serverSAE1:train_on_clients:44 - Client 1 gets new best val_loss at epoch #37: 0.001715
2025-09-30 00:49:26.205 | INFO     | agents.servers.serverSAE1:train_on_clients:44 - Client 3 gets new best val_loss at epoch #37: 0.001785
2025-09-30 00:49:26.452 | INFO     | agents.servers.serverSAE1:train_on_clients:44 - Client 4 gets new best val_loss at epoch #37: 0.001785
2025-09-30 00:49:26.697 | INFO     | agents.servers.serverSAE1:train_on_clients:44 - Client 5 gets new best val_loss at epoch #37: 0.001864
2025-09-30 00:49:27.184 | INFO     | agents.servers.serverSAE1:train_on_clients:44 - Client 7 gets new best val_loss at epoch #37: 0.001846
2025-09-30 00:49:27.430 | INFO     | agents.servers.serverSAE1:train_on_clients:44 - Client 8 gets new best val_loss at epoch #37: 0.001793
2025-09-30 00:49:27.925 | INFO     | agents.servers.serverSAE1:train_on_clients:44 - Client 10 gets new best val_loss at epoch #37: 0.001811
2025-09-30 00:49:28.420 | INFO     | agents.servers.serverSAE1:train_on_clients:44 - Client 12 gets new best val_loss at epoch #37: 0.001756
2025-09-30 00:49:28.915 | INFO     | agents.servers.serverSAE1:train_on_clients:44 - Client 14 gets new best val_loss at epoch #37: 0.001670
2025-09-30 00:49:29.163 | INFO     | agents.servers.serverSAE1:train_on_clients:44 - Client 15 gets new best val_loss at epoch #37: 0.001613
2025-09-30 00:49:29.409 | INFO     | agents.servers.serverSAE1:train_on_clients:44 - Client 16 gets new best val_loss at epoch #37: 0.001741
2025-09-30 00:49:29.901 | INFO     | agents.servers.serverSAE1:train_on_clients:44 - Client 18 gets new best val_loss at epoch #37: 0.001799
2025-09-30 00:49:30.148 | INFO     | agents.servers.serverSAE1:train_on_clients:44 - Client 19 gets new best val_loss at epoch #37: 0.001912
2025-09-30 00:49:30.150 | INFO     | agents.servers.serverSAE1:train_on_clients:66 - 20 clients still training at epoch #37
2025-09-30 00:49:30.168 | INFO     | agents.servers.serverSAE1:train_on_clients:22 - Training SAE1 model epoch #38
2025-09-30 00:49:30.414 | INFO     | agents.servers.serverSAE1:train_on_clients:44 - Client 0 gets new best val_loss at epoch #38: 0.001797
2025-09-30 00:49:30.659 | INFO     | agents.servers.serverSAE1:train_on_clients:44 - Client 1 gets new best val_loss at epoch #38: 0.001651
2025-09-30 00:49:30.908 | INFO     | agents.servers.serverSAE1:train_on_clients:44 - Client 2 gets new best val_loss at epoch #38: 0.001658
2025-09-30 00:49:31.156 | INFO     | agents.servers.serverSAE1:train_on_clients:44 - Client 3 gets new best val_loss at epoch #38: 0.001737
2025-09-30 00:49:31.405 | INFO     | agents.servers.serverSAE1:train_on_clients:44 - Client 4 gets new best val_loss at epoch #38: 0.001655
2025-09-30 00:49:31.654 | INFO     | agents.servers.serverSAE1:train_on_clients:44 - Client 5 gets new best val_loss at epoch #38: 0.001737
2025-09-30 00:49:31.902 | INFO     | agents.servers.serverSAE1:train_on_clients:44 - Client 6 gets new best val_loss at epoch #38: 0.001586
2025-09-30 00:49:32.397 | INFO     | agents.servers.serverSAE1:train_on_clients:44 - Client 8 gets new best val_loss at epoch #38: 0.001653
2025-09-30 00:49:32.643 | INFO     | agents.servers.serverSAE1:train_on_clients:44 - Client 9 gets new best val_loss at epoch #38: 0.001723
2025-09-30 00:49:32.891 | INFO     | agents.servers.serverSAE1:train_on_clients:44 - Client 10 gets new best val_loss at epoch #38: 0.001762
2025-09-30 00:49:33.626 | INFO     | agents.servers.serverSAE1:train_on_clients:44 - Client 13 gets new best val_loss at epoch #38: 0.001567
2025-09-30 00:49:34.120 | INFO     | agents.servers.serverSAE1:train_on_clients:44 - Client 15 gets new best val_loss at epoch #38: 0.001520
2025-09-30 00:49:34.362 | INFO     | agents.servers.serverSAE1:train_on_clients:44 - Client 16 gets new best val_loss at epoch #38: 0.001713
2025-09-30 00:49:34.610 | INFO     | agents.servers.serverSAE1:train_on_clients:44 - Client 17 gets new best val_loss at epoch #38: 0.001421
2025-09-30 00:49:34.855 | INFO     | agents.servers.serverSAE1:train_on_clients:44 - Client 18 gets new best val_loss at epoch #38: 0.001689
2025-09-30 00:49:35.100 | INFO     | agents.servers.serverSAE1:train_on_clients:66 - 20 clients still training at epoch #38
2025-09-30 00:49:35.118 | INFO     | agents.servers.serverSAE1:train_on_clients:22 - Training SAE1 model epoch #39
2025-09-30 00:49:35.364 | INFO     | agents.servers.serverSAE1:train_on_clients:44 - Client 0 gets new best val_loss at epoch #39: 0.001689
2025-09-30 00:49:35.610 | INFO     | agents.servers.serverSAE1:train_on_clients:44 - Client 1 gets new best val_loss at epoch #39: 0.001612
2025-09-30 00:49:35.855 | INFO     | agents.servers.serverSAE1:train_on_clients:44 - Client 2 gets new best val_loss at epoch #39: 0.001513
2025-09-30 00:49:36.103 | INFO     | agents.servers.serverSAE1:train_on_clients:44 - Client 3 gets new best val_loss at epoch #39: 0.001649
2025-09-30 00:49:37.084 | INFO     | agents.servers.serverSAE1:train_on_clients:44 - Client 7 gets new best val_loss at epoch #39: 0.001576
2025-09-30 00:49:37.576 | INFO     | agents.servers.serverSAE1:train_on_clients:44 - Client 9 gets new best val_loss at epoch #39: 0.001554
2025-09-30 00:49:38.066 | INFO     | agents.servers.serverSAE1:train_on_clients:44 - Client 11 gets new best val_loss at epoch #39: 0.001520
2025-09-30 00:49:38.310 | INFO     | agents.servers.serverSAE1:train_on_clients:44 - Client 12 gets new best val_loss at epoch #39: 0.001605
2025-09-30 00:49:38.558 | INFO     | agents.servers.serverSAE1:train_on_clients:44 - Client 13 gets new best val_loss at epoch #39: 0.001543
2025-09-30 00:49:38.805 | INFO     | agents.servers.serverSAE1:train_on_clients:44 - Client 14 gets new best val_loss at epoch #39: 0.001531
2025-09-30 00:49:39.051 | INFO     | agents.servers.serverSAE1:train_on_clients:44 - Client 15 gets new best val_loss at epoch #39: 0.001464
2025-09-30 00:49:39.297 | INFO     | agents.servers.serverSAE1:train_on_clients:44 - Client 16 gets new best val_loss at epoch #39: 0.001703
2025-09-30 00:49:39.786 | INFO     | agents.servers.serverSAE1:train_on_clients:44 - Client 18 gets new best val_loss at epoch #39: 0.001521
2025-09-30 00:49:40.032 | INFO     | agents.servers.serverSAE1:train_on_clients:44 - Client 19 gets new best val_loss at epoch #39: 0.001640
2025-09-30 00:49:40.033 | INFO     | agents.servers.serverSAE1:train_on_clients:66 - 20 clients still training at epoch #39
2025-09-30 00:49:40.051 | INFO     | agents.servers.serverSAE1:train_on_clients:22 - Training SAE1 model epoch #40
2025-09-30 00:49:40.296 | INFO     | agents.servers.serverSAE1:train_on_clients:60 - Saved model for client 0 at epoch 40 -> saved_models/SAE1/average/wsn_ds/epoch_40_client_0.pt
2025-09-30 00:49:40.542 | INFO     | agents.servers.serverSAE1:train_on_clients:44 - Client 1 gets new best val_loss at epoch #40: 0.001571
2025-09-30 00:49:40.544 | INFO     | agents.servers.serverSAE1:train_on_clients:60 - Saved model for client 1 at epoch 40 -> saved_models/SAE1/average/wsn_ds/epoch_40_client_1.pt
2025-09-30 00:49:40.791 | INFO     | agents.servers.serverSAE1:train_on_clients:44 - Client 2 gets new best val_loss at epoch #40: 0.001509
2025-09-30 00:49:40.792 | INFO     | agents.servers.serverSAE1:train_on_clients:60 - Saved model for client 2 at epoch 40 -> saved_models/SAE1/average/wsn_ds/epoch_40_client_2.pt
2025-09-30 00:49:41.038 | INFO     | agents.servers.serverSAE1:train_on_clients:44 - Client 3 gets new best val_loss at epoch #40: 0.001589
2025-09-30 00:49:41.039 | INFO     | agents.servers.serverSAE1:train_on_clients:60 - Saved model for client 3 at epoch 40 -> saved_models/SAE1/average/wsn_ds/epoch_40_client_3.pt
2025-09-30 00:49:41.284 | INFO     | agents.servers.serverSAE1:train_on_clients:44 - Client 4 gets new best val_loss at epoch #40: 0.001512
2025-09-30 00:49:41.285 | INFO     | agents.servers.serverSAE1:train_on_clients:60 - Saved model for client 4 at epoch 40 -> saved_models/SAE1/average/wsn_ds/epoch_40_client_4.pt
2025-09-30 00:49:41.533 | INFO     | agents.servers.serverSAE1:train_on_clients:44 - Client 5 gets new best val_loss at epoch #40: 0.001500
2025-09-30 00:49:41.534 | INFO     | agents.servers.serverSAE1:train_on_clients:60 - Saved model for client 5 at epoch 40 -> saved_models/SAE1/average/wsn_ds/epoch_40_client_5.pt
2025-09-30 00:49:41.782 | INFO     | agents.servers.serverSAE1:train_on_clients:44 - Client 6 gets new best val_loss at epoch #40: 0.001451
2025-09-30 00:49:41.784 | INFO     | agents.servers.serverSAE1:train_on_clients:60 - Saved model for client 6 at epoch 40 -> saved_models/SAE1/average/wsn_ds/epoch_40_client_6.pt
2025-09-30 00:49:42.033 | INFO     | agents.servers.serverSAE1:train_on_clients:60 - Saved model for client 7 at epoch 40 -> saved_models/SAE1/average/wsn_ds/epoch_40_client_7.pt
2025-09-30 00:49:42.282 | INFO     | agents.servers.serverSAE1:train_on_clients:44 - Client 8 gets new best val_loss at epoch #40: 0.001485
2025-09-30 00:49:42.284 | INFO     | agents.servers.serverSAE1:train_on_clients:60 - Saved model for client 8 at epoch 40 -> saved_models/SAE1/average/wsn_ds/epoch_40_client_8.pt
2025-09-30 00:49:42.531 | INFO     | agents.servers.serverSAE1:train_on_clients:60 - Saved model for client 9 at epoch 40 -> saved_models/SAE1/average/wsn_ds/epoch_40_client_9.pt
2025-09-30 00:49:42.777 | INFO     | agents.servers.serverSAE1:train_on_clients:44 - Client 10 gets new best val_loss at epoch #40: 0.001690
2025-09-30 00:49:42.779 | INFO     | agents.servers.serverSAE1:train_on_clients:60 - Saved model for client 10 at epoch 40 -> saved_models/SAE1/average/wsn_ds/epoch_40_client_10.pt
2025-09-30 00:49:43.026 | INFO     | agents.servers.serverSAE1:train_on_clients:44 - Client 11 gets new best val_loss at epoch #40: 0.001380
2025-09-30 00:49:43.027 | INFO     | agents.servers.serverSAE1:train_on_clients:60 - Saved model for client 11 at epoch 40 -> saved_models/SAE1/average/wsn_ds/epoch_40_client_11.pt
2025-09-30 00:49:43.280 | INFO     | agents.servers.serverSAE1:train_on_clients:44 - Client 12 gets new best val_loss at epoch #40: 0.001585
2025-09-30 00:49:43.282 | INFO     | agents.servers.serverSAE1:train_on_clients:60 - Saved model for client 12 at epoch 40 -> saved_models/SAE1/average/wsn_ds/epoch_40_client_12.pt
2025-09-30 00:49:43.526 | INFO     | agents.servers.serverSAE1:train_on_clients:60 - Saved model for client 13 at epoch 40 -> saved_models/SAE1/average/wsn_ds/epoch_40_client_13.pt
2025-09-30 00:49:43.774 | INFO     | agents.servers.serverSAE1:train_on_clients:60 - Saved model for client 14 at epoch 40 -> saved_models/SAE1/average/wsn_ds/epoch_40_client_14.pt
2025-09-30 00:49:44.023 | INFO     | agents.servers.serverSAE1:train_on_clients:44 - Client 15 gets new best val_loss at epoch #40: 0.001427
2025-09-30 00:49:44.024 | INFO     | agents.servers.serverSAE1:train_on_clients:60 - Saved model for client 15 at epoch 40 -> saved_models/SAE1/average/wsn_ds/epoch_40_client_15.pt
2025-09-30 00:49:44.275 | INFO     | agents.servers.serverSAE1:train_on_clients:44 - Client 16 gets new best val_loss at epoch #40: 0.001589
2025-09-30 00:49:44.277 | INFO     | agents.servers.serverSAE1:train_on_clients:60 - Saved model for client 16 at epoch 40 -> saved_models/SAE1/average/wsn_ds/epoch_40_client_16.pt
2025-09-30 00:49:44.524 | INFO     | agents.servers.serverSAE1:train_on_clients:44 - Client 17 gets new best val_loss at epoch #40: 0.001307
2025-09-30 00:49:44.525 | INFO     | agents.servers.serverSAE1:train_on_clients:60 - Saved model for client 17 at epoch 40 -> saved_models/SAE1/average/wsn_ds/epoch_40_client_17.pt
2025-09-30 00:49:44.772 | INFO     | agents.servers.serverSAE1:train_on_clients:44 - Client 18 gets new best val_loss at epoch #40: 0.001430
2025-09-30 00:49:44.774 | INFO     | agents.servers.serverSAE1:train_on_clients:60 - Saved model for client 18 at epoch 40 -> saved_models/SAE1/average/wsn_ds/epoch_40_client_18.pt
2025-09-30 00:49:45.019 | INFO     | agents.servers.serverSAE1:train_on_clients:60 - Saved model for client 19 at epoch 40 -> saved_models/SAE1/average/wsn_ds/epoch_40_client_19.pt
2025-09-30 00:49:45.020 | INFO     | agents.servers.serverSAE1:train_on_clients:66 - 20 clients still training at epoch #40
2025-09-30 00:49:45.039 | INFO     | agents.servers.serverSAE1:train_on_clients:22 - Training SAE1 model epoch #41
2025-09-30 00:49:45.781 | INFO     | agents.servers.serverSAE1:train_on_clients:44 - Client 2 gets new best val_loss at epoch #41: 0.001432
2025-09-30 00:49:46.275 | INFO     | agents.servers.serverSAE1:train_on_clients:44 - Client 4 gets new best val_loss at epoch #41: 0.001500
2025-09-30 00:49:46.527 | INFO     | agents.servers.serverSAE1:train_on_clients:44 - Client 5 gets new best val_loss at epoch #41: 0.001458
2025-09-30 00:49:47.516 | INFO     | agents.servers.serverSAE1:train_on_clients:44 - Client 9 gets new best val_loss at epoch #41: 0.001394
2025-09-30 00:49:47.767 | INFO     | agents.servers.serverSAE1:train_on_clients:44 - Client 10 gets new best val_loss at epoch #41: 0.001545
2025-09-30 00:49:48.265 | INFO     | agents.servers.serverSAE1:train_on_clients:44 - Client 12 gets new best val_loss at epoch #41: 0.001505
2025-09-30 00:49:48.516 | INFO     | agents.servers.serverSAE1:train_on_clients:44 - Client 13 gets new best val_loss at epoch #41: 0.001476
2025-09-30 00:49:49.996 | INFO     | agents.servers.serverSAE1:train_on_clients:44 - Client 19 gets new best val_loss at epoch #41: 0.001598
2025-09-30 00:49:49.998 | INFO     | agents.servers.serverSAE1:train_on_clients:66 - 20 clients still training at epoch #41
2025-09-30 00:49:50.016 | INFO     | agents.servers.serverSAE1:train_on_clients:22 - Training SAE1 model epoch #42
2025-09-30 00:49:50.508 | INFO     | agents.servers.serverSAE1:train_on_clients:44 - Client 1 gets new best val_loss at epoch #42: 0.001448
2025-09-30 00:49:50.757 | INFO     | agents.servers.serverSAE1:train_on_clients:44 - Client 2 gets new best val_loss at epoch #42: 0.001401
2025-09-30 00:49:51.005 | INFO     | agents.servers.serverSAE1:train_on_clients:44 - Client 3 gets new best val_loss at epoch #42: 0.001414
2025-09-30 00:49:51.250 | INFO     | agents.servers.serverSAE1:train_on_clients:44 - Client 4 gets new best val_loss at epoch #42: 0.001486
2025-09-30 00:49:51.739 | INFO     | agents.servers.serverSAE1:train_on_clients:44 - Client 6 gets new best val_loss at epoch #42: 0.001355
2025-09-30 00:49:51.986 | INFO     | agents.servers.serverSAE1:train_on_clients:44 - Client 7 gets new best val_loss at epoch #42: 0.001462
2025-09-30 00:49:52.234 | INFO     | agents.servers.serverSAE1:train_on_clients:44 - Client 8 gets new best val_loss at epoch #42: 0.001400
2025-09-30 00:49:52.728 | INFO     | agents.servers.serverSAE1:train_on_clients:44 - Client 10 gets new best val_loss at epoch #42: 0.001542
2025-09-30 00:49:52.973 | INFO     | agents.servers.serverSAE1:train_on_clients:44 - Client 11 gets new best val_loss at epoch #42: 0.001378
2025-09-30 00:49:53.221 | INFO     | agents.servers.serverSAE1:train_on_clients:44 - Client 12 gets new best val_loss at epoch #42: 0.001465
2025-09-30 00:49:53.467 | INFO     | agents.servers.serverSAE1:train_on_clients:44 - Client 13 gets new best val_loss at epoch #42: 0.001454
2025-09-30 00:49:53.712 | INFO     | agents.servers.serverSAE1:train_on_clients:44 - Client 14 gets new best val_loss at epoch #42: 0.001385
2025-09-30 00:49:53.957 | INFO     | agents.servers.serverSAE1:train_on_clients:44 - Client 15 gets new best val_loss at epoch #42: 0.001362
2025-09-30 00:49:54.203 | INFO     | agents.servers.serverSAE1:train_on_clients:44 - Client 16 gets new best val_loss at epoch #42: 0.001501
2025-09-30 00:49:54.694 | INFO     | agents.servers.serverSAE1:train_on_clients:44 - Client 18 gets new best val_loss at epoch #42: 0.001387
2025-09-30 00:49:54.942 | INFO     | agents.servers.serverSAE1:train_on_clients:66 - 20 clients still training at epoch #42
2025-09-30 00:49:54.960 | INFO     | agents.servers.serverSAE1:train_on_clients:22 - Training SAE1 model epoch #43
2025-09-30 00:49:55.206 | INFO     | agents.servers.serverSAE1:train_on_clients:44 - Client 0 gets new best val_loss at epoch #43: 0.001492
2025-09-30 00:49:56.198 | INFO     | agents.servers.serverSAE1:train_on_clients:44 - Client 4 gets new best val_loss at epoch #43: 0.001386
2025-09-30 00:49:56.703 | INFO     | agents.servers.serverSAE1:train_on_clients:44 - Client 6 gets new best val_loss at epoch #43: 0.001345
2025-09-30 00:49:57.231 | INFO     | agents.servers.serverSAE1:train_on_clients:44 - Client 8 gets new best val_loss at epoch #43: 0.001339
2025-09-30 00:49:57.477 | INFO     | agents.servers.serverSAE1:train_on_clients:44 - Client 9 gets new best val_loss at epoch #43: 0.001312
2025-09-30 00:49:57.723 | INFO     | agents.servers.serverSAE1:train_on_clients:44 - Client 10 gets new best val_loss at epoch #43: 0.001525
2025-09-30 00:49:58.460 | INFO     | agents.servers.serverSAE1:train_on_clients:44 - Client 13 gets new best val_loss at epoch #43: 0.001326
2025-09-30 00:49:59.711 | INFO     | agents.servers.serverSAE1:train_on_clients:44 - Client 18 gets new best val_loss at epoch #43: 0.001368
2025-09-30 00:49:59.966 | INFO     | agents.servers.serverSAE1:train_on_clients:44 - Client 19 gets new best val_loss at epoch #43: 0.001548
2025-09-30 00:49:59.968 | INFO     | agents.servers.serverSAE1:train_on_clients:66 - 20 clients still training at epoch #43
2025-09-30 00:49:59.990 | INFO     | agents.servers.serverSAE1:train_on_clients:22 - Training SAE1 model epoch #44
2025-09-30 00:50:00.728 | INFO     | agents.servers.serverSAE1:train_on_clients:44 - Client 2 gets new best val_loss at epoch #44: 0.001330
2025-09-30 00:50:01.462 | INFO     | agents.servers.serverSAE1:train_on_clients:44 - Client 5 gets new best val_loss at epoch #44: 0.001353
2025-09-30 00:50:01.710 | INFO     | agents.servers.serverSAE1:train_on_clients:44 - Client 6 gets new best val_loss at epoch #44: 0.001281
2025-09-30 00:50:03.430 | INFO     | agents.servers.serverSAE1:train_on_clients:44 - Client 13 gets new best val_loss at epoch #44: 0.001297
2025-09-30 00:50:04.389 | INFO     | agents.servers.serverSAE1:train_on_clients:44 - Client 17 gets new best val_loss at epoch #44: 0.001304
2025-09-30 00:50:04.869 | INFO     | agents.servers.serverSAE1:train_on_clients:44 - Client 19 gets new best val_loss at epoch #44: 0.001490
2025-09-30 00:50:04.870 | INFO     | agents.servers.serverSAE1:train_on_clients:66 - 20 clients still training at epoch #44
2025-09-30 00:50:04.888 | INFO     | agents.servers.serverSAE1:train_on_clients:22 - Training SAE1 model epoch #45
2025-09-30 00:50:05.606 | INFO     | agents.servers.serverSAE1:train_on_clients:44 - Client 2 gets new best val_loss at epoch #45: 0.001265
2025-09-30 00:50:05.847 | INFO     | agents.servers.serverSAE1:train_on_clients:44 - Client 3 gets new best val_loss at epoch #45: 0.001375
2025-09-30 00:50:06.098 | INFO     | agents.servers.serverSAE1:train_on_clients:44 - Client 4 gets new best val_loss at epoch #45: 0.001310
2025-09-30 00:50:07.558 | INFO     | agents.servers.serverSAE1:train_on_clients:44 - Client 10 gets new best val_loss at epoch #45: 0.001475
2025-09-30 00:50:07.805 | INFO     | agents.servers.serverSAE1:train_on_clients:44 - Client 11 gets new best val_loss at epoch #45: 0.001307
2025-09-30 00:50:09.508 | INFO     | agents.servers.serverSAE1:train_on_clients:44 - Client 18 gets new best val_loss at epoch #45: 0.001310
2025-09-30 00:50:09.753 | INFO     | agents.servers.serverSAE1:train_on_clients:44 - Client 19 gets new best val_loss at epoch #45: 0.001427
2025-09-30 00:50:09.755 | INFO     | agents.servers.serverSAE1:train_on_clients:66 - 20 clients still training at epoch #45
2025-09-30 00:50:09.773 | INFO     | agents.servers.serverSAE1:train_on_clients:22 - Training SAE1 model epoch #46
2025-09-30 00:50:10.018 | INFO     | agents.servers.serverSAE1:train_on_clients:44 - Client 0 gets new best val_loss at epoch #46: 0.001466
2025-09-30 00:50:10.262 | INFO     | agents.servers.serverSAE1:train_on_clients:44 - Client 1 gets new best val_loss at epoch #46: 0.001439
2025-09-30 00:50:11.723 | INFO     | agents.servers.serverSAE1:train_on_clients:44 - Client 7 gets new best val_loss at epoch #46: 0.001413
2025-09-30 00:50:11.968 | INFO     | agents.servers.serverSAE1:train_on_clients:44 - Client 8 gets new best val_loss at epoch #46: 0.001302
2025-09-30 00:50:12.461 | INFO     | agents.servers.serverSAE1:train_on_clients:44 - Client 10 gets new best val_loss at epoch #46: 0.001460
2025-09-30 00:50:12.706 | INFO     | agents.servers.serverSAE1:train_on_clients:44 - Client 11 gets new best val_loss at epoch #46: 0.001270
2025-09-30 00:50:12.948 | INFO     | agents.servers.serverSAE1:train_on_clients:44 - Client 12 gets new best val_loss at epoch #46: 0.001424
2025-09-30 00:50:13.919 | INFO     | agents.servers.serverSAE1:train_on_clients:44 - Client 16 gets new best val_loss at epoch #46: 0.001497
2025-09-30 00:50:14.403 | INFO     | agents.servers.serverSAE1:train_on_clients:44 - Client 18 gets new best val_loss at epoch #46: 0.001267
2025-09-30 00:50:14.646 | INFO     | agents.servers.serverSAE1:train_on_clients:66 - 20 clients still training at epoch #46
2025-09-30 00:50:14.664 | INFO     | agents.servers.serverSAE1:train_on_clients:22 - Training SAE1 model epoch #47
2025-09-30 00:50:15.154 | INFO     | agents.servers.serverSAE1:train_on_clients:44 - Client 1 gets new best val_loss at epoch #47: 0.001406
2025-09-30 00:50:16.368 | INFO     | agents.servers.serverSAE1:train_on_clients:44 - Client 6 gets new best val_loss at epoch #47: 0.001220
2025-09-30 00:50:18.536 | INFO     | agents.servers.serverSAE1:train_on_clients:44 - Client 15 gets new best val_loss at epoch #47: 0.001290
2025-09-30 00:50:18.775 | INFO     | agents.servers.serverSAE1:train_on_clients:44 - Client 16 gets new best val_loss at epoch #47: 0.001486
2025-09-30 00:50:19.017 | INFO     | agents.servers.serverSAE1:train_on_clients:44 - Client 17 gets new best val_loss at epoch #47: 0.001247
2025-09-30 00:50:19.502 | INFO     | agents.servers.serverSAE1:train_on_clients:66 - 20 clients still training at epoch #47
2025-09-30 00:50:19.520 | INFO     | agents.servers.serverSAE1:train_on_clients:22 - Training SAE1 model epoch #48
2025-09-30 00:50:19.763 | INFO     | agents.servers.serverSAE1:train_on_clients:44 - Client 0 gets new best val_loss at epoch #48: 0.001368
2025-09-30 00:50:20.009 | INFO     | agents.servers.serverSAE1:train_on_clients:44 - Client 1 gets new best val_loss at epoch #48: 0.001333
2025-09-30 00:50:20.254 | INFO     | agents.servers.serverSAE1:train_on_clients:44 - Client 2 gets new best val_loss at epoch #48: 0.001250
2025-09-30 00:50:20.495 | INFO     | agents.servers.serverSAE1:train_on_clients:44 - Client 3 gets new best val_loss at epoch #48: 0.001306
2025-09-30 00:50:20.739 | INFO     | agents.servers.serverSAE1:train_on_clients:44 - Client 4 gets new best val_loss at epoch #48: 0.001261
2025-09-30 00:50:20.984 | INFO     | agents.servers.serverSAE1:train_on_clients:44 - Client 5 gets new best val_loss at epoch #48: 0.001318
2025-09-30 00:50:21.225 | INFO     | agents.servers.serverSAE1:train_on_clients:44 - Client 6 gets new best val_loss at epoch #48: 0.001218
2025-09-30 00:50:21.469 | INFO     | agents.servers.serverSAE1:train_on_clients:44 - Client 7 gets new best val_loss at epoch #48: 0.001345
2025-09-30 00:50:21.713 | INFO     | agents.servers.serverSAE1:train_on_clients:44 - Client 8 gets new best val_loss at epoch #48: 0.001224
2025-09-30 00:50:21.955 | INFO     | agents.servers.serverSAE1:train_on_clients:44 - Client 9 gets new best val_loss at epoch #48: 0.001242
2025-09-30 00:50:22.687 | INFO     | agents.servers.serverSAE1:train_on_clients:44 - Client 12 gets new best val_loss at epoch #48: 0.001336
2025-09-30 00:50:22.929 | INFO     | agents.servers.serverSAE1:train_on_clients:44 - Client 13 gets new best val_loss at epoch #48: 0.001272
2025-09-30 00:50:23.171 | INFO     | agents.servers.serverSAE1:train_on_clients:44 - Client 14 gets new best val_loss at epoch #48: 0.001361
2025-09-30 00:50:23.655 | INFO     | agents.servers.serverSAE1:train_on_clients:44 - Client 16 gets new best val_loss at epoch #48: 0.001378
2025-09-30 00:50:24.388 | INFO     | agents.servers.serverSAE1:train_on_clients:66 - 20 clients still training at epoch #48
2025-09-30 00:50:24.406 | INFO     | agents.servers.serverSAE1:train_on_clients:22 - Training SAE1 model epoch #49
2025-09-30 00:50:24.654 | INFO     | agents.servers.serverSAE1:train_on_clients:44 - Client 0 gets new best val_loss at epoch #49: 0.001324
2025-09-30 00:50:25.145 | INFO     | agents.servers.serverSAE1:train_on_clients:44 - Client 2 gets new best val_loss at epoch #49: 0.001238
2025-09-30 00:50:26.125 | INFO     | agents.servers.serverSAE1:train_on_clients:44 - Client 6 gets new best val_loss at epoch #49: 0.001198
2025-09-30 00:50:27.105 | INFO     | agents.servers.serverSAE1:train_on_clients:44 - Client 10 gets new best val_loss at epoch #49: 0.001433
2025-09-30 00:50:27.350 | INFO     | agents.servers.serverSAE1:train_on_clients:44 - Client 11 gets new best val_loss at epoch #49: 0.001179
2025-09-30 00:50:27.594 | INFO     | agents.servers.serverSAE1:train_on_clients:44 - Client 12 gets new best val_loss at epoch #49: 0.001306
2025-09-30 00:50:27.842 | INFO     | agents.servers.serverSAE1:train_on_clients:44 - Client 13 gets new best val_loss at epoch #49: 0.001221
2025-09-30 00:50:28.089 | INFO     | agents.servers.serverSAE1:train_on_clients:44 - Client 14 gets new best val_loss at epoch #49: 0.001260
2025-09-30 00:50:28.333 | INFO     | agents.servers.serverSAE1:train_on_clients:44 - Client 15 gets new best val_loss at epoch #49: 0.001274
2025-09-30 00:50:28.826 | INFO     | agents.servers.serverSAE1:train_on_clients:44 - Client 17 gets new best val_loss at epoch #49: 0.001151
2025-09-30 00:50:29.314 | INFO     | agents.servers.serverSAE1:train_on_clients:66 - 20 clients still training at epoch #49
2025-09-30 00:50:29.486 | INFO     | agents.servers.serverSAE1:train_on_clients:22 - Training SAE1 model epoch #50
2025-09-30 00:50:29.732 | INFO     | agents.servers.serverSAE1:train_on_clients:60 - Saved model for client 0 at epoch 50 -> saved_models/SAE1/average/wsn_ds/epoch_50_client_0.pt
2025-09-30 00:50:29.982 | INFO     | agents.servers.serverSAE1:train_on_clients:60 - Saved model for client 1 at epoch 50 -> saved_models/SAE1/average/wsn_ds/epoch_50_client_1.pt
2025-09-30 00:50:30.229 | INFO     | agents.servers.serverSAE1:train_on_clients:60 - Saved model for client 2 at epoch 50 -> saved_models/SAE1/average/wsn_ds/epoch_50_client_2.pt
2025-09-30 00:50:30.479 | INFO     | agents.servers.serverSAE1:train_on_clients:60 - Saved model for client 3 at epoch 50 -> saved_models/SAE1/average/wsn_ds/epoch_50_client_3.pt
2025-09-30 00:50:30.728 | INFO     | agents.servers.serverSAE1:train_on_clients:44 - Client 4 gets new best val_loss at epoch #50: 0.001217
2025-09-30 00:50:30.729 | INFO     | agents.servers.serverSAE1:train_on_clients:60 - Saved model for client 4 at epoch 50 -> saved_models/SAE1/average/wsn_ds/epoch_50_client_4.pt
2025-09-30 00:50:30.975 | INFO     | agents.servers.serverSAE1:train_on_clients:44 - Client 5 gets new best val_loss at epoch #50: 0.001268
2025-09-30 00:50:30.976 | INFO     | agents.servers.serverSAE1:train_on_clients:60 - Saved model for client 5 at epoch 50 -> saved_models/SAE1/average/wsn_ds/epoch_50_client_5.pt
2025-09-30 00:50:31.223 | INFO     | agents.servers.serverSAE1:train_on_clients:60 - Saved model for client 6 at epoch 50 -> saved_models/SAE1/average/wsn_ds/epoch_50_client_6.pt
2025-09-30 00:50:31.468 | INFO     | agents.servers.serverSAE1:train_on_clients:60 - Saved model for client 7 at epoch 50 -> saved_models/SAE1/average/wsn_ds/epoch_50_client_7.pt
2025-09-30 00:50:31.714 | INFO     | agents.servers.serverSAE1:train_on_clients:60 - Saved model for client 8 at epoch 50 -> saved_models/SAE1/average/wsn_ds/epoch_50_client_8.pt
2025-09-30 00:50:31.962 | INFO     | agents.servers.serverSAE1:train_on_clients:60 - Saved model for client 9 at epoch 50 -> saved_models/SAE1/average/wsn_ds/epoch_50_client_9.pt
2025-09-30 00:50:32.210 | INFO     | agents.servers.serverSAE1:train_on_clients:44 - Client 10 gets new best val_loss at epoch #50: 0.001358
2025-09-30 00:50:32.212 | INFO     | agents.servers.serverSAE1:train_on_clients:60 - Saved model for client 10 at epoch 50 -> saved_models/SAE1/average/wsn_ds/epoch_50_client_10.pt
2025-09-30 00:50:32.459 | INFO     | agents.servers.serverSAE1:train_on_clients:60 - Saved model for client 11 at epoch 50 -> saved_models/SAE1/average/wsn_ds/epoch_50_client_11.pt
2025-09-30 00:50:32.706 | INFO     | agents.servers.serverSAE1:train_on_clients:60 - Saved model for client 12 at epoch 50 -> saved_models/SAE1/average/wsn_ds/epoch_50_client_12.pt
2025-09-30 00:50:32.954 | INFO     | agents.servers.serverSAE1:train_on_clients:44 - Client 13 gets new best val_loss at epoch #50: 0.001216
2025-09-30 00:50:32.955 | INFO     | agents.servers.serverSAE1:train_on_clients:60 - Saved model for client 13 at epoch 50 -> saved_models/SAE1/average/wsn_ds/epoch_50_client_13.pt
2025-09-30 00:50:33.202 | INFO     | agents.servers.serverSAE1:train_on_clients:60 - Saved model for client 14 at epoch 50 -> saved_models/SAE1/average/wsn_ds/epoch_50_client_14.pt
2025-09-30 00:50:33.448 | INFO     | agents.servers.serverSAE1:train_on_clients:60 - Saved model for client 15 at epoch 50 -> saved_models/SAE1/average/wsn_ds/epoch_50_client_15.pt
2025-09-30 00:50:33.695 | INFO     | agents.servers.serverSAE1:train_on_clients:60 - Saved model for client 16 at epoch 50 -> saved_models/SAE1/average/wsn_ds/epoch_50_client_16.pt
2025-09-30 00:50:33.943 | INFO     | agents.servers.serverSAE1:train_on_clients:60 - Saved model for client 17 at epoch 50 -> saved_models/SAE1/average/wsn_ds/epoch_50_client_17.pt
2025-09-30 00:50:34.191 | INFO     | agents.servers.serverSAE1:train_on_clients:44 - Client 18 gets new best val_loss at epoch #50: 0.001231
2025-09-30 00:50:34.193 | INFO     | agents.servers.serverSAE1:train_on_clients:60 - Saved model for client 18 at epoch 50 -> saved_models/SAE1/average/wsn_ds/epoch_50_client_18.pt
2025-09-30 00:50:34.438 | INFO     | agents.servers.serverSAE1:train_on_clients:44 - Client 19 gets new best val_loss at epoch #50: 0.001289
2025-09-30 00:50:34.440 | INFO     | agents.servers.serverSAE1:train_on_clients:60 - Saved model for client 19 at epoch 50 -> saved_models/SAE1/average/wsn_ds/epoch_50_client_19.pt
2025-09-30 00:50:34.441 | INFO     | agents.servers.serverSAE1:train_on_clients:66 - 20 clients still training at epoch #50
2025-09-30 00:50:34.459 | INFO     | agents.servers.serverSAE1:train_on_clients:22 - Training SAE1 model epoch #51
2025-09-30 00:50:34.949 | INFO     | agents.servers.serverSAE1:train_on_clients:44 - Client 1 gets new best val_loss at epoch #51: 0.001299
2025-09-30 00:50:35.441 | INFO     | agents.servers.serverSAE1:train_on_clients:44 - Client 3 gets new best val_loss at epoch #51: 0.001255
2025-09-30 00:50:36.664 | INFO     | agents.servers.serverSAE1:train_on_clients:44 - Client 8 gets new best val_loss at epoch #51: 0.001203
2025-09-30 00:50:37.156 | INFO     | agents.servers.serverSAE1:train_on_clients:44 - Client 10 gets new best val_loss at epoch #51: 0.001346
2025-09-30 00:50:37.893 | INFO     | agents.servers.serverSAE1:train_on_clients:44 - Client 13 gets new best val_loss at epoch #51: 0.001215
2025-09-30 00:50:38.138 | INFO     | agents.servers.serverSAE1:train_on_clients:44 - Client 14 gets new best val_loss at epoch #51: 0.001196
2025-09-30 00:50:38.629 | INFO     | agents.servers.serverSAE1:train_on_clients:44 - Client 16 gets new best val_loss at epoch #51: 0.001346
2025-09-30 00:50:38.879 | INFO     | agents.servers.serverSAE1:train_on_clients:44 - Client 17 gets new best val_loss at epoch #51: 0.001100
2025-09-30 00:50:39.371 | INFO     | agents.servers.serverSAE1:train_on_clients:66 - 20 clients still training at epoch #51
2025-09-30 00:50:39.389 | INFO     | agents.servers.serverSAE1:train_on_clients:22 - Training SAE1 model epoch #52
2025-09-30 00:50:39.637 | INFO     | agents.servers.serverSAE1:train_on_clients:44 - Client 0 gets new best val_loss at epoch #52: 0.001282
2025-09-30 00:50:40.866 | INFO     | agents.servers.serverSAE1:train_on_clients:44 - Client 5 gets new best val_loss at epoch #52: 0.001213
2025-09-30 00:50:41.114 | INFO     | agents.servers.serverSAE1:train_on_clients:44 - Client 6 gets new best val_loss at epoch #52: 0.001139
2025-09-30 00:50:41.606 | INFO     | agents.servers.serverSAE1:train_on_clients:44 - Client 8 gets new best val_loss at epoch #52: 0.001173
2025-09-30 00:50:41.854 | INFO     | agents.servers.serverSAE1:train_on_clients:44 - Client 9 gets new best val_loss at epoch #52: 0.001169
2025-09-30 00:50:43.328 | INFO     | agents.servers.serverSAE1:train_on_clients:44 - Client 15 gets new best val_loss at epoch #52: 0.001244
2025-09-30 00:50:43.573 | INFO     | agents.servers.serverSAE1:train_on_clients:44 - Client 16 gets new best val_loss at epoch #52: 0.001309
2025-09-30 00:50:44.306 | INFO     | agents.servers.serverSAE1:train_on_clients:44 - Client 19 gets new best val_loss at epoch #52: 0.001289
2025-09-30 00:50:44.308 | INFO     | agents.servers.serverSAE1:train_on_clients:66 - 20 clients still training at epoch #52
2025-09-30 00:50:44.326 | INFO     | agents.servers.serverSAE1:train_on_clients:22 - Training SAE1 model epoch #53
2025-09-30 00:50:44.574 | INFO     | agents.servers.serverSAE1:train_on_clients:44 - Client 0 gets new best val_loss at epoch #53: 0.001218
2025-09-30 00:50:45.067 | INFO     | agents.servers.serverSAE1:train_on_clients:44 - Client 2 gets new best val_loss at epoch #53: 0.001194
2025-09-30 00:50:46.533 | INFO     | agents.servers.serverSAE1:train_on_clients:44 - Client 8 gets new best val_loss at epoch #53: 0.001120
2025-09-30 00:50:47.027 | INFO     | agents.servers.serverSAE1:train_on_clients:44 - Client 10 gets new best val_loss at epoch #53: 0.001312
2025-09-30 00:50:47.517 | INFO     | agents.servers.serverSAE1:train_on_clients:44 - Client 12 gets new best val_loss at epoch #53: 0.001270
2025-09-30 00:50:48.011 | INFO     | agents.servers.serverSAE1:train_on_clients:44 - Client 14 gets new best val_loss at epoch #53: 0.001165
2025-09-30 00:50:48.502 | INFO     | agents.servers.serverSAE1:train_on_clients:44 - Client 16 gets new best val_loss at epoch #53: 0.001291
2025-09-30 00:50:48.748 | INFO     | agents.servers.serverSAE1:train_on_clients:44 - Client 17 gets new best val_loss at epoch #53: 0.001065
2025-09-30 00:50:48.996 | INFO     | agents.servers.serverSAE1:train_on_clients:44 - Client 18 gets new best val_loss at epoch #53: 0.001162
2025-09-30 00:50:49.240 | INFO     | agents.servers.serverSAE1:train_on_clients:44 - Client 19 gets new best val_loss at epoch #53: 0.001219
2025-09-30 00:50:49.241 | INFO     | agents.servers.serverSAE1:train_on_clients:66 - 20 clients still training at epoch #53
2025-09-30 00:50:49.259 | INFO     | agents.servers.serverSAE1:train_on_clients:22 - Training SAE1 model epoch #54
2025-09-30 00:50:49.507 | INFO     | agents.servers.serverSAE1:train_on_clients:44 - Client 0 gets new best val_loss at epoch #54: 0.001204
2025-09-30 00:50:50.486 | INFO     | agents.servers.serverSAE1:train_on_clients:44 - Client 4 gets new best val_loss at epoch #54: 0.001206
2025-09-30 00:50:52.446 | INFO     | agents.servers.serverSAE1:train_on_clients:44 - Client 12 gets new best val_loss at epoch #54: 0.001239
2025-09-30 00:50:53.184 | INFO     | agents.servers.serverSAE1:train_on_clients:44 - Client 15 gets new best val_loss at epoch #54: 0.001243
2025-09-30 00:50:54.166 | INFO     | agents.servers.serverSAE1:train_on_clients:66 - 20 clients still training at epoch #54
2025-09-30 00:50:54.184 | INFO     | agents.servers.serverSAE1:train_on_clients:22 - Training SAE1 model epoch #55
2025-09-30 00:50:54.926 | INFO     | agents.servers.serverSAE1:train_on_clients:44 - Client 2 gets new best val_loss at epoch #55: 0.001156
2025-09-30 00:50:55.902 | INFO     | agents.servers.serverSAE1:train_on_clients:44 - Client 6 gets new best val_loss at epoch #55: 0.001134
2025-09-30 00:50:56.147 | INFO     | agents.servers.serverSAE1:train_on_clients:44 - Client 7 gets new best val_loss at epoch #55: 0.001313
2025-09-30 00:50:56.393 | INFO     | agents.servers.serverSAE1:train_on_clients:44 - Client 8 gets new best val_loss at epoch #55: 0.001095
2025-09-30 00:50:56.884 | INFO     | agents.servers.serverSAE1:train_on_clients:44 - Client 10 gets new best val_loss at epoch #55: 0.001285
2025-09-30 00:50:57.377 | INFO     | agents.servers.serverSAE1:train_on_clients:44 - Client 12 gets new best val_loss at epoch #55: 0.001227
2025-09-30 00:50:57.624 | INFO     | agents.servers.serverSAE1:train_on_clients:44 - Client 13 gets new best val_loss at epoch #55: 0.001115
2025-09-30 00:50:58.119 | INFO     | agents.servers.serverSAE1:train_on_clients:44 - Client 15 gets new best val_loss at epoch #55: 0.001215
2025-09-30 00:50:58.856 | INFO     | agents.servers.serverSAE1:train_on_clients:44 - Client 18 gets new best val_loss at epoch #55: 0.001152
2025-09-30 00:50:59.102 | INFO     | agents.servers.serverSAE1:train_on_clients:66 - 20 clients still training at epoch #55
2025-09-30 00:50:59.120 | INFO     | agents.servers.serverSAE1:train_on_clients:22 - Training SAE1 model epoch #56
2025-09-30 00:51:00.355 | INFO     | agents.servers.serverSAE1:train_on_clients:44 - Client 4 gets new best val_loss at epoch #56: 0.001205
2025-09-30 00:51:03.061 | INFO     | agents.servers.serverSAE1:train_on_clients:44 - Client 15 gets new best val_loss at epoch #56: 0.001195
2025-09-30 00:51:04.083 | INFO     | agents.servers.serverSAE1:train_on_clients:66 - 20 clients still training at epoch #56
2025-09-30 00:51:04.102 | INFO     | agents.servers.serverSAE1:train_on_clients:22 - Training SAE1 model epoch #57
2025-09-30 00:51:04.836 | INFO     | agents.servers.serverSAE1:train_on_clients:44 - Client 2 gets new best val_loss at epoch #57: 0.001127
2025-09-30 00:51:05.368 | INFO     | agents.servers.serverSAE1:train_on_clients:44 - Client 4 gets new best val_loss at epoch #57: 0.001174
2025-09-30 00:51:05.616 | INFO     | agents.servers.serverSAE1:train_on_clients:44 - Client 5 gets new best val_loss at epoch #57: 0.001179
2025-09-30 00:51:05.866 | INFO     | agents.servers.serverSAE1:train_on_clients:44 - Client 6 gets new best val_loss at epoch #57: 0.001102
2025-09-30 00:51:07.093 | INFO     | agents.servers.serverSAE1:train_on_clients:44 - Client 11 gets new best val_loss at epoch #57: 0.001145
2025-09-30 00:51:07.585 | INFO     | agents.servers.serverSAE1:train_on_clients:44 - Client 13 gets new best val_loss at epoch #57: 0.001114
2025-09-30 00:51:07.833 | INFO     | agents.servers.serverSAE1:train_on_clients:44 - Client 14 gets new best val_loss at epoch #57: 0.001150
2025-09-30 00:51:08.082 | INFO     | agents.servers.serverSAE1:train_on_clients:44 - Client 15 gets new best val_loss at epoch #57: 0.001190
2025-09-30 00:51:08.826 | INFO     | agents.servers.serverSAE1:train_on_clients:44 - Client 18 gets new best val_loss at epoch #57: 0.001145
2025-09-30 00:51:09.075 | INFO     | agents.servers.serverSAE1:train_on_clients:66 - 20 clients still training at epoch #57
2025-09-30 00:51:09.102 | INFO     | agents.servers.serverSAE1:train_on_clients:22 - Training SAE1 model epoch #58
2025-09-30 00:51:09.347 | INFO     | agents.servers.serverSAE1:train_on_clients:44 - Client 0 gets new best val_loss at epoch #58: 0.001174
2025-09-30 00:51:11.542 | INFO     | agents.servers.serverSAE1:train_on_clients:44 - Client 9 gets new best val_loss at epoch #58: 0.001132
2025-09-30 00:51:12.271 | INFO     | agents.servers.serverSAE1:train_on_clients:44 - Client 12 gets new best val_loss at epoch #58: 0.001199
2025-09-30 00:51:13.005 | INFO     | agents.servers.serverSAE1:train_on_clients:44 - Client 15 gets new best val_loss at epoch #58: 0.001137
2025-09-30 00:51:13.990 | INFO     | agents.servers.serverSAE1:train_on_clients:66 - 20 clients still training at epoch #58
2025-09-30 00:51:14.008 | INFO     | agents.servers.serverSAE1:train_on_clients:22 - Training SAE1 model epoch #59
2025-09-30 00:51:14.495 | INFO     | agents.servers.serverSAE1:train_on_clients:44 - Client 1 gets new best val_loss at epoch #59: 0.001225
2025-09-30 00:51:15.226 | INFO     | agents.servers.serverSAE1:train_on_clients:44 - Client 4 gets new best val_loss at epoch #59: 0.001153
2025-09-30 00:51:15.720 | INFO     | agents.servers.serverSAE1:train_on_clients:44 - Client 6 gets new best val_loss at epoch #59: 0.001088
2025-09-30 00:51:15.966 | INFO     | agents.servers.serverSAE1:train_on_clients:44 - Client 7 gets new best val_loss at epoch #59: 0.001250
2025-09-30 00:51:17.670 | INFO     | agents.servers.serverSAE1:train_on_clients:44 - Client 14 gets new best val_loss at epoch #59: 0.001131
2025-09-30 00:51:18.159 | INFO     | agents.servers.serverSAE1:train_on_clients:44 - Client 16 gets new best val_loss at epoch #59: 0.001261
2025-09-30 00:51:18.891 | INFO     | agents.servers.serverSAE1:train_on_clients:66 - 20 clients still training at epoch #59
2025-09-30 00:51:18.910 | INFO     | agents.servers.serverSAE1:train_on_clients:22 - Training SAE1 model epoch #60
2025-09-30 00:51:19.156 | INFO     | agents.servers.serverSAE1:train_on_clients:60 - Saved model for client 0 at epoch 60 -> saved_models/SAE1/average/wsn_ds/epoch_60_client_0.pt
2025-09-30 00:51:19.402 | INFO     | agents.servers.serverSAE1:train_on_clients:60 - Saved model for client 1 at epoch 60 -> saved_models/SAE1/average/wsn_ds/epoch_60_client_1.pt
2025-09-30 00:51:19.648 | INFO     | agents.servers.serverSAE1:train_on_clients:44 - Client 2 gets new best val_loss at epoch #60: 0.001108
2025-09-30 00:51:19.649 | INFO     | agents.servers.serverSAE1:train_on_clients:60 - Saved model for client 2 at epoch 60 -> saved_models/SAE1/average/wsn_ds/epoch_60_client_2.pt
2025-09-30 00:51:19.898 | INFO     | agents.servers.serverSAE1:train_on_clients:44 - Client 3 gets new best val_loss at epoch #60: 0.001237
2025-09-30 00:51:19.900 | INFO     | agents.servers.serverSAE1:train_on_clients:60 - Saved model for client 3 at epoch 60 -> saved_models/SAE1/average/wsn_ds/epoch_60_client_3.pt
2025-09-30 00:51:20.145 | INFO     | agents.servers.serverSAE1:train_on_clients:44 - Client 4 gets new best val_loss at epoch #60: 0.001120
2025-09-30 00:51:20.146 | INFO     | agents.servers.serverSAE1:train_on_clients:60 - Saved model for client 4 at epoch 60 -> saved_models/SAE1/average/wsn_ds/epoch_60_client_4.pt
2025-09-30 00:51:20.392 | INFO     | agents.servers.serverSAE1:train_on_clients:60 - Saved model for client 5 at epoch 60 -> saved_models/SAE1/average/wsn_ds/epoch_60_client_5.pt
2025-09-30 00:51:20.638 | INFO     | agents.servers.serverSAE1:train_on_clients:60 - Saved model for client 6 at epoch 60 -> saved_models/SAE1/average/wsn_ds/epoch_60_client_6.pt
2025-09-30 00:51:20.882 | INFO     | agents.servers.serverSAE1:train_on_clients:60 - Saved model for client 7 at epoch 60 -> saved_models/SAE1/average/wsn_ds/epoch_60_client_7.pt
2025-09-30 00:51:21.125 | INFO     | agents.servers.serverSAE1:train_on_clients:60 - Saved model for client 8 at epoch 60 -> saved_models/SAE1/average/wsn_ds/epoch_60_client_8.pt
2025-09-30 00:51:21.368 | INFO     | agents.servers.serverSAE1:train_on_clients:60 - Saved model for client 9 at epoch 60 -> saved_models/SAE1/average/wsn_ds/epoch_60_client_9.pt
2025-09-30 00:51:21.614 | INFO     | agents.servers.serverSAE1:train_on_clients:44 - Client 10 gets new best val_loss at epoch #60: 0.001251
2025-09-30 00:51:21.616 | INFO     | agents.servers.serverSAE1:train_on_clients:60 - Saved model for client 10 at epoch 60 -> saved_models/SAE1/average/wsn_ds/epoch_60_client_10.pt
2025-09-30 00:51:21.862 | INFO     | agents.servers.serverSAE1:train_on_clients:60 - Saved model for client 11 at epoch 60 -> saved_models/SAE1/average/wsn_ds/epoch_60_client_11.pt
2025-09-30 00:51:22.106 | INFO     | agents.servers.serverSAE1:train_on_clients:60 - Saved model for client 12 at epoch 60 -> saved_models/SAE1/average/wsn_ds/epoch_60_client_12.pt
2025-09-30 00:51:22.349 | INFO     | agents.servers.serverSAE1:train_on_clients:60 - Saved model for client 13 at epoch 60 -> saved_models/SAE1/average/wsn_ds/epoch_60_client_13.pt
2025-09-30 00:51:22.595 | INFO     | agents.servers.serverSAE1:train_on_clients:60 - Saved model for client 14 at epoch 60 -> saved_models/SAE1/average/wsn_ds/epoch_60_client_14.pt
2025-09-30 00:51:22.838 | INFO     | agents.servers.serverSAE1:train_on_clients:60 - Saved model for client 15 at epoch 60 -> saved_models/SAE1/average/wsn_ds/epoch_60_client_15.pt
2025-09-30 00:51:23.083 | INFO     | agents.servers.serverSAE1:train_on_clients:44 - Client 16 gets new best val_loss at epoch #60: 0.001219
2025-09-30 00:51:23.084 | INFO     | agents.servers.serverSAE1:train_on_clients:60 - Saved model for client 16 at epoch 60 -> saved_models/SAE1/average/wsn_ds/epoch_60_client_16.pt
2025-09-30 00:51:23.330 | INFO     | agents.servers.serverSAE1:train_on_clients:60 - Saved model for client 17 at epoch 60 -> saved_models/SAE1/average/wsn_ds/epoch_60_client_17.pt
2025-09-30 00:51:23.575 | INFO     | agents.servers.serverSAE1:train_on_clients:60 - Saved model for client 18 at epoch 60 -> saved_models/SAE1/average/wsn_ds/epoch_60_client_18.pt
2025-09-30 00:51:23.820 | INFO     | agents.servers.serverSAE1:train_on_clients:60 - Saved model for client 19 at epoch 60 -> saved_models/SAE1/average/wsn_ds/epoch_60_client_19.pt
2025-09-30 00:51:23.821 | INFO     | agents.servers.serverSAE1:train_on_clients:66 - 20 clients still training at epoch #60
2025-09-30 00:51:23.840 | INFO     | agents.servers.serverSAE1:train_on_clients:22 - Training SAE1 model epoch #61
2025-09-30 00:51:24.330 | INFO     | agents.servers.serverSAE1:train_on_clients:44 - Client 1 gets new best val_loss at epoch #61: 0.001200
2025-09-30 00:51:25.544 | INFO     | agents.servers.serverSAE1:train_on_clients:44 - Client 6 gets new best val_loss at epoch #61: 0.001042
2025-09-30 00:51:27.245 | INFO     | agents.servers.serverSAE1:train_on_clients:44 - Client 13 gets new best val_loss at epoch #61: 0.001078
2025-09-30 00:51:28.219 | INFO     | agents.servers.serverSAE1:train_on_clients:44 - Client 17 gets new best val_loss at epoch #61: 0.001036
2025-09-30 00:51:28.705 | INFO     | agents.servers.serverSAE1:train_on_clients:66 - 20 clients still training at epoch #61
2025-09-30 00:51:28.724 | INFO     | agents.servers.serverSAE1:train_on_clients:22 - Training SAE1 model epoch #62
2025-09-30 00:51:29.697 | INFO     | agents.servers.serverSAE1:train_on_clients:44 - Client 3 gets new best val_loss at epoch #62: 0.001223
2025-09-30 00:51:30.918 | INFO     | agents.servers.serverSAE1:train_on_clients:44 - Client 8 gets new best val_loss at epoch #62: 0.001058
2025-09-30 00:51:31.404 | INFO     | agents.servers.serverSAE1:train_on_clients:44 - Client 10 gets new best val_loss at epoch #62: 0.001219
2025-09-30 00:51:31.648 | INFO     | agents.servers.serverSAE1:train_on_clients:44 - Client 11 gets new best val_loss at epoch #62: 0.001066
2025-09-30 00:51:33.354 | INFO     | agents.servers.serverSAE1:train_on_clients:44 - Client 18 gets new best val_loss at epoch #62: 0.001127
2025-09-30 00:51:33.597 | INFO     | agents.servers.serverSAE1:train_on_clients:66 - 20 clients still training at epoch #62
2025-09-30 00:51:33.616 | INFO     | agents.servers.serverSAE1:train_on_clients:22 - Training SAE1 model epoch #63
2025-09-30 00:51:33.862 | INFO     | agents.servers.serverSAE1:train_on_clients:44 - Client 0 gets new best val_loss at epoch #63: 0.001170
2025-09-30 00:51:36.806 | INFO     | agents.servers.serverSAE1:train_on_clients:44 - Client 12 gets new best val_loss at epoch #63: 0.001193
2025-09-30 00:51:38.031 | INFO     | agents.servers.serverSAE1:train_on_clients:44 - Client 17 gets new best val_loss at epoch #63: 0.001036
2025-09-30 00:51:38.516 | INFO     | agents.servers.serverSAE1:train_on_clients:44 - Client 19 gets new best val_loss at epoch #63: 0.001175
2025-09-30 00:51:38.517 | INFO     | agents.servers.serverSAE1:train_on_clients:66 - 20 clients still training at epoch #63
2025-09-30 00:51:38.536 | INFO     | agents.servers.serverSAE1:train_on_clients:22 - Training SAE1 model epoch #64
2025-09-30 00:51:39.026 | INFO     | agents.servers.serverSAE1:train_on_clients:44 - Client 1 gets new best val_loss at epoch #64: 0.001183
2025-09-30 00:51:39.517 | INFO     | agents.servers.serverSAE1:train_on_clients:44 - Client 3 gets new best val_loss at epoch #64: 0.001181
2025-09-30 00:51:40.003 | INFO     | agents.servers.serverSAE1:train_on_clients:44 - Client 5 gets new best val_loss at epoch #64: 0.001162
2025-09-30 00:51:40.487 | INFO     | agents.servers.serverSAE1:train_on_clients:44 - Client 7 gets new best val_loss at epoch #64: 0.001228
2025-09-30 00:51:41.464 | INFO     | agents.servers.serverSAE1:train_on_clients:44 - Client 11 gets new best val_loss at epoch #64: 0.001041
2025-09-30 00:51:42.444 | INFO     | agents.servers.serverSAE1:train_on_clients:44 - Client 15 gets new best val_loss at epoch #64: 0.001089
2025-09-30 00:51:42.687 | INFO     | agents.servers.serverSAE1:train_on_clients:44 - Client 16 gets new best val_loss at epoch #64: 0.001196
2025-09-30 00:51:43.176 | INFO     | agents.servers.serverSAE1:train_on_clients:44 - Client 18 gets new best val_loss at epoch #64: 0.001099
2025-09-30 00:51:43.424 | INFO     | agents.servers.serverSAE1:train_on_clients:66 - 20 clients still training at epoch #64
2025-09-30 00:51:43.443 | INFO     | agents.servers.serverSAE1:train_on_clients:22 - Training SAE1 model epoch #65
2025-09-30 00:51:44.171 | INFO     | agents.servers.serverSAE1:train_on_clients:44 - Client 2 gets new best val_loss at epoch #65: 0.001029
2025-09-30 00:51:44.415 | INFO     | agents.servers.serverSAE1:train_on_clients:44 - Client 3 gets new best val_loss at epoch #65: 0.001147
2025-09-30 00:51:47.086 | INFO     | agents.servers.serverSAE1:train_on_clients:44 - Client 14 gets new best val_loss at epoch #65: 0.001076
2025-09-30 00:51:47.819 | INFO     | agents.servers.serverSAE1:train_on_clients:44 - Client 17 gets new best val_loss at epoch #65: 0.001017
2025-09-30 00:51:48.062 | INFO     | agents.servers.serverSAE1:train_on_clients:44 - Client 18 gets new best val_loss at epoch #65: 0.001084
2025-09-30 00:51:48.307 | INFO     | agents.servers.serverSAE1:train_on_clients:66 - 20 clients still training at epoch #65
2025-09-30 00:51:48.325 | INFO     | agents.servers.serverSAE1:train_on_clients:22 - Training SAE1 model epoch #66
2025-09-30 00:51:49.548 | INFO     | agents.servers.serverSAE1:train_on_clients:44 - Client 4 gets new best val_loss at epoch #66: 0.001071
2025-09-30 00:51:49.798 | INFO     | agents.servers.serverSAE1:train_on_clients:44 - Client 5 gets new best val_loss at epoch #66: 0.001130
2025-09-30 00:51:50.528 | INFO     | agents.servers.serverSAE1:train_on_clients:44 - Client 8 gets new best val_loss at epoch #66: 0.001028
2025-09-30 00:51:50.771 | INFO     | agents.servers.serverSAE1:train_on_clients:44 - Client 9 gets new best val_loss at epoch #66: 0.001115
2025-09-30 00:51:51.017 | INFO     | agents.servers.serverSAE1:train_on_clients:44 - Client 10 gets new best val_loss at epoch #66: 0.001197
2025-09-30 00:51:52.482 | INFO     | agents.servers.serverSAE1:train_on_clients:44 - Client 16 gets new best val_loss at epoch #66: 0.001171
2025-09-30 00:51:53.210 | INFO     | agents.servers.serverSAE1:train_on_clients:66 - 20 clients still training at epoch #66
2025-09-30 00:51:53.228 | INFO     | agents.servers.serverSAE1:train_on_clients:22 - Training SAE1 model epoch #67
2025-09-30 00:51:53.474 | INFO     | agents.servers.serverSAE1:train_on_clients:44 - Client 0 gets new best val_loss at epoch #67: 0.001108
2025-09-30 00:51:53.718 | INFO     | agents.servers.serverSAE1:train_on_clients:44 - Client 1 gets new best val_loss at epoch #67: 0.001166
2025-09-30 00:51:55.185 | INFO     | agents.servers.serverSAE1:train_on_clients:44 - Client 7 gets new best val_loss at epoch #67: 0.001215
2025-09-30 00:51:56.401 | INFO     | agents.servers.serverSAE1:train_on_clients:44 - Client 12 gets new best val_loss at epoch #67: 0.001189
2025-09-30 00:51:57.135 | INFO     | agents.servers.serverSAE1:train_on_clients:44 - Client 15 gets new best val_loss at epoch #67: 0.001051
2025-09-30 00:51:57.867 | INFO     | agents.servers.serverSAE1:train_on_clients:44 - Client 18 gets new best val_loss at epoch #67: 0.001061
2025-09-30 00:51:58.110 | INFO     | agents.servers.serverSAE1:train_on_clients:44 - Client 19 gets new best val_loss at epoch #67: 0.001116
2025-09-30 00:51:58.111 | INFO     | agents.servers.serverSAE1:train_on_clients:66 - 20 clients still training at epoch #67
2025-09-30 00:51:58.130 | INFO     | agents.servers.serverSAE1:train_on_clients:22 - Training SAE1 model epoch #68
2025-09-30 00:52:00.324 | INFO     | agents.servers.serverSAE1:train_on_clients:44 - Client 8 gets new best val_loss at epoch #68: 0.001024
2025-09-30 00:52:01.543 | INFO     | agents.servers.serverSAE1:train_on_clients:44 - Client 13 gets new best val_loss at epoch #68: 0.001022
2025-09-30 00:52:01.789 | INFO     | agents.servers.serverSAE1:train_on_clients:44 - Client 14 gets new best val_loss at epoch #68: 0.001072
2025-09-30 00:52:03.004 | INFO     | agents.servers.serverSAE1:train_on_clients:66 - 20 clients still training at epoch #68
2025-09-30 00:52:03.022 | INFO     | agents.servers.serverSAE1:train_on_clients:22 - Training SAE1 model epoch #69
2025-09-30 00:52:03.514 | INFO     | agents.servers.serverSAE1:train_on_clients:44 - Client 1 gets new best val_loss at epoch #69: 0.001152
2025-09-30 00:52:04.974 | INFO     | agents.servers.serverSAE1:train_on_clients:44 - Client 7 gets new best val_loss at epoch #69: 0.001200
2025-09-30 00:52:05.461 | INFO     | agents.servers.serverSAE1:train_on_clients:44 - Client 9 gets new best val_loss at epoch #69: 0.001100
2025-09-30 00:52:05.705 | INFO     | agents.servers.serverSAE1:train_on_clients:44 - Client 10 gets new best val_loss at epoch #69: 0.001194
2025-09-30 00:52:06.681 | INFO     | agents.servers.serverSAE1:train_on_clients:44 - Client 14 gets new best val_loss at epoch #69: 0.001032
2025-09-30 00:52:07.171 | INFO     | agents.servers.serverSAE1:train_on_clients:44 - Client 16 gets new best val_loss at epoch #69: 0.001153
2025-09-30 00:52:07.417 | INFO     | agents.servers.serverSAE1:train_on_clients:44 - Client 17 gets new best val_loss at epoch #69: 0.000995
2025-09-30 00:52:07.902 | INFO     | agents.servers.serverSAE1:train_on_clients:66 - 20 clients still training at epoch #69
2025-09-30 00:52:07.920 | INFO     | agents.servers.serverSAE1:train_on_clients:22 - Training SAE1 model epoch #70
2025-09-30 00:52:08.166 | INFO     | agents.servers.serverSAE1:train_on_clients:60 - Saved model for client 0 at epoch 70 -> saved_models/SAE1/average/wsn_ds/epoch_70_client_0.pt
2025-09-30 00:52:08.413 | INFO     | agents.servers.serverSAE1:train_on_clients:44 - Client 1 gets new best val_loss at epoch #70: 0.001144
2025-09-30 00:52:08.415 | INFO     | agents.servers.serverSAE1:train_on_clients:60 - Saved model for client 1 at epoch 70 -> saved_models/SAE1/average/wsn_ds/epoch_70_client_1.pt
2025-09-30 00:52:08.661 | INFO     | agents.servers.serverSAE1:train_on_clients:60 - Saved model for client 2 at epoch 70 -> saved_models/SAE1/average/wsn_ds/epoch_70_client_2.pt
2025-09-30 00:52:08.915 | INFO     | agents.servers.serverSAE1:train_on_clients:44 - Client 3 gets new best val_loss at epoch #70: 0.001125
2025-09-30 00:52:08.916 | INFO     | agents.servers.serverSAE1:train_on_clients:60 - Saved model for client 3 at epoch 70 -> saved_models/SAE1/average/wsn_ds/epoch_70_client_3.pt
2025-09-30 00:52:09.162 | INFO     | agents.servers.serverSAE1:train_on_clients:60 - Saved model for client 4 at epoch 70 -> saved_models/SAE1/average/wsn_ds/epoch_70_client_4.pt
2025-09-30 00:52:09.410 | INFO     | agents.servers.serverSAE1:train_on_clients:44 - Client 5 gets new best val_loss at epoch #70: 0.001112
2025-09-30 00:52:09.412 | INFO     | agents.servers.serverSAE1:train_on_clients:60 - Saved model for client 5 at epoch 70 -> saved_models/SAE1/average/wsn_ds/epoch_70_client_5.pt
2025-09-30 00:52:09.661 | INFO     | agents.servers.serverSAE1:train_on_clients:60 - Saved model for client 6 at epoch 70 -> saved_models/SAE1/average/wsn_ds/epoch_70_client_6.pt
2025-09-30 00:52:09.912 | INFO     | agents.servers.serverSAE1:train_on_clients:60 - Saved model for client 7 at epoch 70 -> saved_models/SAE1/average/wsn_ds/epoch_70_client_7.pt
2025-09-30 00:52:10.198 | INFO     | agents.servers.serverSAE1:train_on_clients:60 - Saved model for client 8 at epoch 70 -> saved_models/SAE1/average/wsn_ds/epoch_70_client_8.pt
2025-09-30 00:52:10.456 | INFO     | agents.servers.serverSAE1:train_on_clients:60 - Saved model for client 9 at epoch 70 -> saved_models/SAE1/average/wsn_ds/epoch_70_client_9.pt
2025-09-30 00:52:10.707 | INFO     | agents.servers.serverSAE1:train_on_clients:60 - Saved model for client 10 at epoch 70 -> saved_models/SAE1/average/wsn_ds/epoch_70_client_10.pt
2025-09-30 00:52:10.953 | INFO     | agents.servers.serverSAE1:train_on_clients:60 - Saved model for client 11 at epoch 70 -> saved_models/SAE1/average/wsn_ds/epoch_70_client_11.pt
2025-09-30 00:52:11.266 | INFO     | agents.servers.serverSAE1:train_on_clients:44 - Client 12 gets new best val_loss at epoch #70: 0.001165
2025-09-30 00:52:11.268 | INFO     | agents.servers.serverSAE1:train_on_clients:60 - Saved model for client 12 at epoch 70 -> saved_models/SAE1/average/wsn_ds/epoch_70_client_12.pt
2025-09-30 00:52:11.503 | INFO     | agents.servers.serverSAE1:train_on_clients:60 - Saved model for client 13 at epoch 70 -> saved_models/SAE1/average/wsn_ds/epoch_70_client_13.pt
2025-09-30 00:52:11.767 | INFO     | agents.servers.serverSAE1:train_on_clients:60 - Saved model for client 14 at epoch 70 -> saved_models/SAE1/average/wsn_ds/epoch_70_client_14.pt
2025-09-30 00:52:12.004 | INFO     | agents.servers.serverSAE1:train_on_clients:60 - Saved model for client 15 at epoch 70 -> saved_models/SAE1/average/wsn_ds/epoch_70_client_15.pt
2025-09-30 00:52:12.238 | INFO     | agents.servers.serverSAE1:train_on_clients:60 - Saved model for client 16 at epoch 70 -> saved_models/SAE1/average/wsn_ds/epoch_70_client_16.pt
2025-09-30 00:52:12.473 | INFO     | agents.servers.serverSAE1:train_on_clients:60 - Saved model for client 17 at epoch 70 -> saved_models/SAE1/average/wsn_ds/epoch_70_client_17.pt
2025-09-30 00:52:12.709 | INFO     | agents.servers.serverSAE1:train_on_clients:44 - Client 18 gets new best val_loss at epoch #70: 0.001053
2025-09-30 00:52:12.711 | INFO     | agents.servers.serverSAE1:train_on_clients:60 - Saved model for client 18 at epoch 70 -> saved_models/SAE1/average/wsn_ds/epoch_70_client_18.pt
2025-09-30 00:52:12.946 | INFO     | agents.servers.serverSAE1:train_on_clients:44 - Client 19 gets new best val_loss at epoch #70: 0.001053
2025-09-30 00:52:12.948 | INFO     | agents.servers.serverSAE1:train_on_clients:60 - Saved model for client 19 at epoch 70 -> saved_models/SAE1/average/wsn_ds/epoch_70_client_19.pt
2025-09-30 00:52:12.950 | INFO     | agents.servers.serverSAE1:train_on_clients:66 - 20 clients still training at epoch #70
2025-09-30 00:52:12.968 | INFO     | agents.servers.serverSAE1:train_on_clients:22 - Training SAE1 model epoch #71
2025-09-30 00:52:16.192 | INFO     | agents.servers.serverSAE1:train_on_clients:44 - Client 12 gets new best val_loss at epoch #71: 0.001124
2025-09-30 00:52:17.421 | INFO     | agents.servers.serverSAE1:train_on_clients:44 - Client 17 gets new best val_loss at epoch #71: 0.000960
2025-09-30 00:52:17.915 | INFO     | agents.servers.serverSAE1:train_on_clients:66 - 20 clients still training at epoch #71
2025-09-30 00:52:17.933 | INFO     | agents.servers.serverSAE1:train_on_clients:22 - Training SAE1 model epoch #72
2025-09-30 00:52:19.677 | INFO     | agents.servers.serverSAE1:train_on_clients:44 - Client 6 gets new best val_loss at epoch #72: 0.001032
2025-09-30 00:52:19.923 | INFO     | agents.servers.serverSAE1:train_on_clients:44 - Client 7 gets new best val_loss at epoch #72: 0.001144
2025-09-30 00:52:22.133 | INFO     | agents.servers.serverSAE1:train_on_clients:44 - Client 16 gets new best val_loss at epoch #72: 0.001151
2025-09-30 00:52:22.871 | INFO     | agents.servers.serverSAE1:train_on_clients:66 - 20 clients still training at epoch #72
2025-09-30 00:52:22.889 | INFO     | agents.servers.serverSAE1:train_on_clients:22 - Training SAE1 model epoch #73
2025-09-30 00:52:24.360 | INFO     | agents.servers.serverSAE1:train_on_clients:44 - Client 5 gets new best val_loss at epoch #73: 0.001104
2025-09-30 00:52:26.809 | INFO     | agents.servers.serverSAE1:train_on_clients:44 - Client 15 gets new best val_loss at epoch #73: 0.001049
2025-09-30 00:52:27.786 | INFO     | agents.servers.serverSAE1:train_on_clients:66 - 20 clients still training at epoch #73
2025-09-30 00:52:27.805 | INFO     | agents.servers.serverSAE1:train_on_clients:22 - Training SAE1 model epoch #74
2025-09-30 00:52:28.054 | INFO     | agents.servers.serverSAE1:train_on_clients:44 - Client 0 gets new best val_loss at epoch #74: 0.001074
2025-09-30 00:52:29.039 | INFO     | agents.servers.serverSAE1:train_on_clients:44 - Client 4 gets new best val_loss at epoch #74: 0.001060
2025-09-30 00:52:30.022 | INFO     | agents.servers.serverSAE1:train_on_clients:44 - Client 8 gets new best val_loss at epoch #74: 0.001011
2025-09-30 00:52:30.272 | INFO     | agents.servers.serverSAE1:train_on_clients:44 - Client 9 gets new best val_loss at epoch #74: 0.001040
2025-09-30 00:52:30.520 | INFO     | agents.servers.serverSAE1:train_on_clients:44 - Client 10 gets new best val_loss at epoch #74: 0.001173
2025-09-30 00:52:31.013 | INFO     | agents.servers.serverSAE1:train_on_clients:44 - Client 12 gets new best val_loss at epoch #74: 0.001099
2025-09-30 00:52:32.727 | INFO     | agents.servers.serverSAE1:train_on_clients:66 - 20 clients still training at epoch #74
2025-09-30 00:52:32.746 | INFO     | agents.servers.serverSAE1:train_on_clients:22 - Training SAE1 model epoch #75
2025-09-30 00:52:33.486 | INFO     | agents.servers.serverSAE1:train_on_clients:44 - Client 2 gets new best val_loss at epoch #75: 0.001017
2025-09-30 00:52:34.226 | INFO     | agents.servers.serverSAE1:train_on_clients:44 - Client 5 gets new best val_loss at epoch #75: 0.001089
2025-09-30 00:52:35.697 | INFO     | agents.servers.serverSAE1:train_on_clients:44 - Client 11 gets new best val_loss at epoch #75: 0.000999
2025-09-30 00:52:37.655 | INFO     | agents.servers.serverSAE1:train_on_clients:66 - 20 clients still training at epoch #75
2025-09-30 00:52:37.673 | INFO     | agents.servers.serverSAE1:train_on_clients:22 - Training SAE1 model epoch #76
2025-09-30 00:52:39.882 | INFO     | agents.servers.serverSAE1:train_on_clients:44 - Client 8 gets new best val_loss at epoch #76: 0.000997
2025-09-30 00:52:40.619 | INFO     | agents.servers.serverSAE1:train_on_clients:44 - Client 11 gets new best val_loss at epoch #76: 0.000989
2025-09-30 00:52:42.580 | INFO     | agents.servers.serverSAE1:train_on_clients:44 - Client 19 gets new best val_loss at epoch #76: 0.001043
2025-09-30 00:52:42.582 | INFO     | agents.servers.serverSAE1:train_on_clients:66 - 20 clients still training at epoch #76
2025-09-30 00:52:42.600 | INFO     | agents.servers.serverSAE1:train_on_clients:22 - Training SAE1 model epoch #77
2025-09-30 00:52:42.848 | INFO     | agents.servers.serverSAE1:train_on_clients:44 - Client 0 gets new best val_loss at epoch #77: 0.001068
2025-09-30 00:52:45.803 | INFO     | agents.servers.serverSAE1:train_on_clients:44 - Client 12 gets new best val_loss at epoch #77: 0.001098
2025-09-30 00:52:46.296 | INFO     | agents.servers.serverSAE1:train_on_clients:44 - Client 14 gets new best val_loss at epoch #77: 0.001007
2025-09-30 00:52:46.543 | INFO     | agents.servers.serverSAE1:train_on_clients:44 - Client 15 gets new best val_loss at epoch #77: 0.001047
2025-09-30 00:52:46.789 | INFO     | agents.servers.serverSAE1:train_on_clients:44 - Client 16 gets new best val_loss at epoch #77: 0.001120
2025-09-30 00:52:47.035 | INFO     | agents.servers.serverSAE1:train_on_clients:44 - Client 17 gets new best val_loss at epoch #77: 0.000944
2025-09-30 00:52:47.522 | INFO     | agents.servers.serverSAE1:train_on_clients:66 - 20 clients still training at epoch #77
2025-09-30 00:52:47.540 | INFO     | agents.servers.serverSAE1:train_on_clients:22 - Training SAE1 model epoch #78
2025-09-30 00:52:48.274 | INFO     | agents.servers.serverSAE1:train_on_clients:44 - Client 2 gets new best val_loss at epoch #78: 0.000997
2025-09-30 00:52:49.499 | INFO     | agents.servers.serverSAE1:train_on_clients:44 - Client 7 gets new best val_loss at epoch #78: 0.001114
2025-09-30 00:52:51.948 | INFO     | agents.servers.serverSAE1:train_on_clients:44 - Client 17 gets new best val_loss at epoch #78: 0.000935
2025-09-30 00:52:52.194 | INFO     | agents.servers.serverSAE1:train_on_clients:44 - Client 18 gets new best val_loss at epoch #78: 0.001052
2025-09-30 00:52:52.440 | INFO     | agents.servers.serverSAE1:train_on_clients:66 - 20 clients still training at epoch #78
2025-09-30 00:52:52.459 | INFO     | agents.servers.serverSAE1:train_on_clients:22 - Training SAE1 model epoch #79
2025-09-30 00:52:56.142 | INFO     | agents.servers.serverSAE1:train_on_clients:44 - Client 14 gets new best val_loss at epoch #79: 0.000990
2025-09-30 00:52:56.637 | INFO     | agents.servers.serverSAE1:train_on_clients:44 - Client 16 gets new best val_loss at epoch #79: 0.001050
2025-09-30 00:52:57.371 | INFO     | agents.servers.serverSAE1:train_on_clients:66 - 20 clients still training at epoch #79
2025-09-30 00:52:57.390 | INFO     | agents.servers.serverSAE1:train_on_clients:22 - Training SAE1 model epoch #80
2025-09-30 00:52:57.639 | INFO     | agents.servers.serverSAE1:train_on_clients:60 - Saved model for client 0 at epoch 80 -> saved_models/SAE1/average/wsn_ds/epoch_80_client_0.pt
2025-09-30 00:52:57.885 | INFO     | agents.servers.serverSAE1:train_on_clients:60 - Saved model for client 1 at epoch 80 -> saved_models/SAE1/average/wsn_ds/epoch_80_client_1.pt
2025-09-30 00:52:58.131 | INFO     | agents.servers.serverSAE1:train_on_clients:60 - Saved model for client 2 at epoch 80 -> saved_models/SAE1/average/wsn_ds/epoch_80_client_2.pt
2025-09-30 00:52:58.379 | INFO     | agents.servers.serverSAE1:train_on_clients:60 - Saved model for client 3 at epoch 80 -> saved_models/SAE1/average/wsn_ds/epoch_80_client_3.pt
2025-09-30 00:52:58.626 | INFO     | agents.servers.serverSAE1:train_on_clients:60 - Saved model for client 4 at epoch 80 -> saved_models/SAE1/average/wsn_ds/epoch_80_client_4.pt
2025-09-30 00:52:58.874 | INFO     | agents.servers.serverSAE1:train_on_clients:60 - Saved model for client 5 at epoch 80 -> saved_models/SAE1/average/wsn_ds/epoch_80_client_5.pt
2025-09-30 00:52:59.120 | INFO     | agents.servers.serverSAE1:train_on_clients:60 - Saved model for client 6 at epoch 80 -> saved_models/SAE1/average/wsn_ds/epoch_80_client_6.pt
2025-09-30 00:52:59.367 | INFO     | agents.servers.serverSAE1:train_on_clients:60 - Saved model for client 7 at epoch 80 -> saved_models/SAE1/average/wsn_ds/epoch_80_client_7.pt
2025-09-30 00:52:59.613 | INFO     | agents.servers.serverSAE1:train_on_clients:60 - Saved model for client 8 at epoch 80 -> saved_models/SAE1/average/wsn_ds/epoch_80_client_8.pt
2025-09-30 00:52:59.859 | INFO     | agents.servers.serverSAE1:train_on_clients:60 - Saved model for client 9 at epoch 80 -> saved_models/SAE1/average/wsn_ds/epoch_80_client_9.pt
2025-09-30 00:53:00.109 | INFO     | agents.servers.serverSAE1:train_on_clients:60 - Saved model for client 10 at epoch 80 -> saved_models/SAE1/average/wsn_ds/epoch_80_client_10.pt
2025-09-30 00:53:00.359 | INFO     | agents.servers.serverSAE1:train_on_clients:44 - Client 11 gets new best val_loss at epoch #80: 0.000985
2025-09-30 00:53:00.360 | INFO     | agents.servers.serverSAE1:train_on_clients:60 - Saved model for client 11 at epoch 80 -> saved_models/SAE1/average/wsn_ds/epoch_80_client_11.pt
2025-09-30 00:53:00.608 | INFO     | agents.servers.serverSAE1:train_on_clients:60 - Saved model for client 12 at epoch 80 -> saved_models/SAE1/average/wsn_ds/epoch_80_client_12.pt
2025-09-30 00:53:00.853 | INFO     | agents.servers.serverSAE1:train_on_clients:60 - Saved model for client 13 at epoch 80 -> saved_models/SAE1/average/wsn_ds/epoch_80_client_13.pt
2025-09-30 00:53:01.101 | INFO     | agents.servers.serverSAE1:train_on_clients:60 - Saved model for client 14 at epoch 80 -> saved_models/SAE1/average/wsn_ds/epoch_80_client_14.pt
2025-09-30 00:53:01.346 | INFO     | agents.servers.serverSAE1:train_on_clients:60 - Saved model for client 15 at epoch 80 -> saved_models/SAE1/average/wsn_ds/epoch_80_client_15.pt
2025-09-30 00:53:01.594 | INFO     | agents.servers.serverSAE1:train_on_clients:44 - Client 16 gets new best val_loss at epoch #80: 0.001041
2025-09-30 00:53:01.596 | INFO     | agents.servers.serverSAE1:train_on_clients:60 - Saved model for client 16 at epoch 80 -> saved_models/SAE1/average/wsn_ds/epoch_80_client_16.pt
2025-09-30 00:53:01.842 | INFO     | agents.servers.serverSAE1:train_on_clients:60 - Saved model for client 17 at epoch 80 -> saved_models/SAE1/average/wsn_ds/epoch_80_client_17.pt
2025-09-30 00:53:02.088 | INFO     | agents.servers.serverSAE1:train_on_clients:60 - Saved model for client 18 at epoch 80 -> saved_models/SAE1/average/wsn_ds/epoch_80_client_18.pt
2025-09-30 00:53:02.333 | INFO     | agents.servers.serverSAE1:train_on_clients:60 - Saved model for client 19 at epoch 80 -> saved_models/SAE1/average/wsn_ds/epoch_80_client_19.pt
2025-09-30 00:53:02.334 | INFO     | agents.servers.serverSAE1:train_on_clients:66 - 20 clients still training at epoch #80
2025-09-30 00:53:02.353 | INFO     | agents.servers.serverSAE1:train_on_clients:22 - Training SAE1 model epoch #81
2025-09-30 00:53:02.846 | INFO     | agents.servers.serverSAE1:train_on_clients:44 - Client 1 gets new best val_loss at epoch #81: 0.001122
2025-09-30 00:53:03.093 | INFO     | agents.servers.serverSAE1:train_on_clients:44 - Client 2 gets new best val_loss at epoch #81: 0.000986
2025-09-30 00:53:03.342 | INFO     | agents.servers.serverSAE1:train_on_clients:44 - Client 3 gets new best val_loss at epoch #81: 0.001115
2025-09-30 00:53:03.592 | INFO     | agents.servers.serverSAE1:train_on_clients:44 - Client 4 gets new best val_loss at epoch #81: 0.001029
2025-09-30 00:53:04.328 | INFO     | agents.servers.serverSAE1:train_on_clients:44 - Client 7 gets new best val_loss at epoch #81: 0.001108
2025-09-30 00:53:05.311 | INFO     | agents.servers.serverSAE1:train_on_clients:44 - Client 11 gets new best val_loss at epoch #81: 0.000966
2025-09-30 00:53:07.275 | INFO     | agents.servers.serverSAE1:train_on_clients:66 - 20 clients still training at epoch #81
2025-09-30 00:53:07.294 | INFO     | agents.servers.serverSAE1:train_on_clients:22 - Training SAE1 model epoch #82
2025-09-30 00:53:08.280 | INFO     | agents.servers.serverSAE1:train_on_clients:44 - Client 3 gets new best val_loss at epoch #82: 0.001097
2025-09-30 00:53:09.513 | INFO     | agents.servers.serverSAE1:train_on_clients:44 - Client 8 gets new best val_loss at epoch #82: 0.000995
2025-09-30 00:53:10.496 | INFO     | agents.servers.serverSAE1:train_on_clients:44 - Client 12 gets new best val_loss at epoch #82: 0.001060
2025-09-30 00:53:10.990 | INFO     | agents.servers.serverSAE1:train_on_clients:44 - Client 14 gets new best val_loss at epoch #82: 0.000990
2025-09-30 00:53:11.967 | INFO     | agents.servers.serverSAE1:train_on_clients:44 - Client 18 gets new best val_loss at epoch #82: 0.001048
2025-09-30 00:53:12.216 | INFO     | agents.servers.serverSAE1:train_on_clients:66 - 20 clients still training at epoch #82
2025-09-30 00:53:12.234 | INFO     | agents.servers.serverSAE1:train_on_clients:22 - Training SAE1 model epoch #83
2025-09-30 00:53:14.698 | INFO     | agents.servers.serverSAE1:train_on_clients:44 - Client 9 gets new best val_loss at epoch #83: 0.001025
2025-09-30 00:53:15.691 | INFO     | agents.servers.serverSAE1:train_on_clients:44 - Client 13 gets new best val_loss at epoch #83: 0.000997
2025-09-30 00:53:16.771 | INFO     | agents.servers.serverSAE1:train_on_clients:44 - Client 17 gets new best val_loss at epoch #83: 0.000932
2025-09-30 00:53:17.017 | INFO     | agents.servers.serverSAE1:train_on_clients:44 - Client 18 gets new best val_loss at epoch #83: 0.001005
2025-09-30 00:53:17.269 | INFO     | agents.servers.serverSAE1:train_on_clients:66 - 20 clients still training at epoch #83
2025-09-30 00:53:17.288 | INFO     | agents.servers.serverSAE1:train_on_clients:22 - Training SAE1 model epoch #84
2025-09-30 00:53:18.570 | INFO     | agents.servers.serverSAE1:train_on_clients:44 - Client 4 gets new best val_loss at epoch #84: 0.001009
2025-09-30 00:53:21.782 | INFO     | agents.servers.serverSAE1:train_on_clients:44 - Client 17 gets new best val_loss at epoch #84: 0.000907
2025-09-30 00:53:22.029 | INFO     | agents.servers.serverSAE1:train_on_clients:44 - Client 18 gets new best val_loss at epoch #84: 0.000975
2025-09-30 00:53:22.272 | INFO     | agents.servers.serverSAE1:train_on_clients:66 - 20 clients still training at epoch #84
2025-09-30 00:53:22.290 | INFO     | agents.servers.serverSAE1:train_on_clients:22 - Training SAE1 model epoch #85
2025-09-30 00:53:24.491 | INFO     | agents.servers.serverSAE1:train_on_clients:44 - Client 8 gets new best val_loss at epoch #85: 0.000993
2025-09-30 00:53:25.704 | INFO     | agents.servers.serverSAE1:train_on_clients:44 - Client 13 gets new best val_loss at epoch #85: 0.000960
2025-09-30 00:53:27.168 | INFO     | agents.servers.serverSAE1:train_on_clients:66 - 20 clients still training at epoch #85
2025-09-30 00:53:27.187 | INFO     | agents.servers.serverSAE1:train_on_clients:22 - Training SAE1 model epoch #86
2025-09-30 00:53:27.921 | INFO     | agents.servers.serverSAE1:train_on_clients:44 - Client 2 gets new best val_loss at epoch #86: 0.000981
2025-09-30 00:53:28.166 | INFO     | agents.servers.serverSAE1:train_on_clients:44 - Client 3 gets new best val_loss at epoch #86: 0.001091
2025-09-30 00:53:28.656 | INFO     | agents.servers.serverSAE1:train_on_clients:44 - Client 5 gets new best val_loss at epoch #86: 0.001080
2025-09-30 00:53:29.886 | INFO     | agents.servers.serverSAE1:train_on_clients:44 - Client 10 gets new best val_loss at epoch #86: 0.001139
2025-09-30 00:53:31.090 | INFO     | agents.servers.serverSAE1:train_on_clients:44 - Client 15 gets new best val_loss at epoch #86: 0.001025
2025-09-30 00:53:32.051 | INFO     | agents.servers.serverSAE1:train_on_clients:44 - Client 19 gets new best val_loss at epoch #86: 0.001028
2025-09-30 00:53:32.053 | INFO     | agents.servers.serverSAE1:train_on_clients:66 - 20 clients still training at epoch #86
2025-09-30 00:53:32.071 | INFO     | agents.servers.serverSAE1:train_on_clients:22 - Training SAE1 model epoch #87
2025-09-30 00:53:33.278 | INFO     | agents.servers.serverSAE1:train_on_clients:44 - Client 4 gets new best val_loss at epoch #87: 0.000976
2025-09-30 00:53:33.521 | INFO     | agents.servers.serverSAE1:train_on_clients:44 - Client 5 gets new best val_loss at epoch #87: 0.001077
2025-09-30 00:53:34.249 | INFO     | agents.servers.serverSAE1:train_on_clients:44 - Client 8 gets new best val_loss at epoch #87: 0.000977
2025-09-30 00:53:36.430 | INFO     | agents.servers.serverSAE1:train_on_clients:44 - Client 17 gets new best val_loss at epoch #87: 0.000898
2025-09-30 00:53:36.673 | INFO     | agents.servers.serverSAE1:train_on_clients:44 - Client 18 gets new best val_loss at epoch #87: 0.000974
2025-09-30 00:53:36.915 | INFO     | agents.servers.serverSAE1:train_on_clients:66 - 20 clients still training at epoch #87
2025-09-30 00:53:36.933 | INFO     | agents.servers.serverSAE1:train_on_clients:22 - Training SAE1 model epoch #88
2025-09-30 00:53:37.418 | INFO     | agents.servers.serverSAE1:train_on_clients:44 - Client 1 gets new best val_loss at epoch #88: 0.001099
2025-09-30 00:53:37.662 | INFO     | agents.servers.serverSAE1:train_on_clients:44 - Client 2 gets new best val_loss at epoch #88: 0.000963
2025-09-30 00:53:39.356 | INFO     | agents.servers.serverSAE1:train_on_clients:44 - Client 9 gets new best val_loss at epoch #88: 0.000995
2025-09-30 00:53:41.768 | INFO     | agents.servers.serverSAE1:train_on_clients:66 - 20 clients still training at epoch #88
2025-09-30 00:53:41.786 | INFO     | agents.servers.serverSAE1:train_on_clients:22 - Training SAE1 model epoch #89
2025-09-30 00:53:43.477 | INFO     | agents.servers.serverSAE1:train_on_clients:44 - Client 6 gets new best val_loss at epoch #89: 0.001007
2025-09-30 00:53:46.614 | INFO     | agents.servers.serverSAE1:train_on_clients:66 - 20 clients still training at epoch #89
2025-09-30 00:53:46.632 | INFO     | agents.servers.serverSAE1:train_on_clients:22 - Training SAE1 model epoch #90
2025-09-30 00:53:46.875 | INFO     | agents.servers.serverSAE1:train_on_clients:60 - Saved model for client 0 at epoch 90 -> saved_models/SAE1/average/wsn_ds/epoch_90_client_0.pt
2025-09-30 00:53:47.126 | INFO     | agents.servers.serverSAE1:train_on_clients:44 - Client 1 gets new best val_loss at epoch #90: 0.001062
2025-09-30 00:53:47.128 | INFO     | agents.servers.serverSAE1:train_on_clients:60 - Saved model for client 1 at epoch 90 -> saved_models/SAE1/average/wsn_ds/epoch_90_client_1.pt
2025-09-30 00:53:47.373 | INFO     | agents.servers.serverSAE1:train_on_clients:60 - Saved model for client 2 at epoch 90 -> saved_models/SAE1/average/wsn_ds/epoch_90_client_2.pt
2025-09-30 00:53:47.619 | INFO     | agents.servers.serverSAE1:train_on_clients:60 - Saved model for client 3 at epoch 90 -> saved_models/SAE1/average/wsn_ds/epoch_90_client_3.pt
2025-09-30 00:53:47.864 | INFO     | agents.servers.serverSAE1:train_on_clients:60 - Saved model for client 4 at epoch 90 -> saved_models/SAE1/average/wsn_ds/epoch_90_client_4.pt
2025-09-30 00:53:48.110 | INFO     | agents.servers.serverSAE1:train_on_clients:60 - Saved model for client 5 at epoch 90 -> saved_models/SAE1/average/wsn_ds/epoch_90_client_5.pt
2025-09-30 00:53:48.358 | INFO     | agents.servers.serverSAE1:train_on_clients:60 - Saved model for client 6 at epoch 90 -> saved_models/SAE1/average/wsn_ds/epoch_90_client_6.pt
2025-09-30 00:53:48.602 | INFO     | agents.servers.serverSAE1:train_on_clients:60 - Saved model for client 7 at epoch 90 -> saved_models/SAE1/average/wsn_ds/epoch_90_client_7.pt
2025-09-30 00:53:48.847 | INFO     | agents.servers.serverSAE1:train_on_clients:60 - Saved model for client 8 at epoch 90 -> saved_models/SAE1/average/wsn_ds/epoch_90_client_8.pt
2025-09-30 00:53:49.089 | INFO     | agents.servers.serverSAE1:train_on_clients:60 - Saved model for client 9 at epoch 90 -> saved_models/SAE1/average/wsn_ds/epoch_90_client_9.pt
2025-09-30 00:53:49.332 | INFO     | agents.servers.serverSAE1:train_on_clients:60 - Saved model for client 10 at epoch 90 -> saved_models/SAE1/average/wsn_ds/epoch_90_client_10.pt
2025-09-30 00:53:49.576 | INFO     | agents.servers.serverSAE1:train_on_clients:60 - Saved model for client 11 at epoch 90 -> saved_models/SAE1/average/wsn_ds/epoch_90_client_11.pt
2025-09-30 00:53:49.818 | INFO     | agents.servers.serverSAE1:train_on_clients:60 - Saved model for client 12 at epoch 90 -> saved_models/SAE1/average/wsn_ds/epoch_90_client_12.pt
2025-09-30 00:53:50.061 | INFO     | agents.servers.serverSAE1:train_on_clients:60 - Saved model for client 13 at epoch 90 -> saved_models/SAE1/average/wsn_ds/epoch_90_client_13.pt
2025-09-30 00:53:50.305 | INFO     | agents.servers.serverSAE1:train_on_clients:60 - Saved model for client 14 at epoch 90 -> saved_models/SAE1/average/wsn_ds/epoch_90_client_14.pt
2025-09-30 00:53:50.549 | INFO     | agents.servers.serverSAE1:train_on_clients:60 - Saved model for client 15 at epoch 90 -> saved_models/SAE1/average/wsn_ds/epoch_90_client_15.pt
2025-09-30 00:53:50.793 | INFO     | agents.servers.serverSAE1:train_on_clients:60 - Saved model for client 16 at epoch 90 -> saved_models/SAE1/average/wsn_ds/epoch_90_client_16.pt
2025-09-30 00:53:51.037 | INFO     | agents.servers.serverSAE1:train_on_clients:44 - Client 17 gets new best val_loss at epoch #90: 0.000888
2025-09-30 00:53:51.038 | INFO     | agents.servers.serverSAE1:train_on_clients:60 - Saved model for client 17 at epoch 90 -> saved_models/SAE1/average/wsn_ds/epoch_90_client_17.pt
2025-09-30 00:53:51.282 | INFO     | agents.servers.serverSAE1:train_on_clients:60 - Saved model for client 18 at epoch 90 -> saved_models/SAE1/average/wsn_ds/epoch_90_client_18.pt
2025-09-30 00:53:51.528 | INFO     | agents.servers.serverSAE1:train_on_clients:60 - Saved model for client 19 at epoch 90 -> saved_models/SAE1/average/wsn_ds/epoch_90_client_19.pt
2025-09-30 00:53:51.530 | INFO     | agents.servers.serverSAE1:train_on_clients:66 - 20 clients still training at epoch #90
2025-09-30 00:53:51.548 | INFO     | agents.servers.serverSAE1:train_on_clients:22 - Training SAE1 model epoch #91
2025-09-30 00:53:51.795 | INFO     | agents.servers.serverSAE1:train_on_clients:44 - Client 0 gets new best val_loss at epoch #91: 0.001013
2025-09-30 00:53:55.198 | INFO     | agents.servers.serverSAE1:train_on_clients:44 - Client 14 gets new best val_loss at epoch #91: 0.000972
2025-09-30 00:53:55.926 | INFO     | agents.servers.serverSAE1:train_on_clients:44 - Client 17 gets new best val_loss at epoch #91: 0.000878
2025-09-30 00:53:56.413 | INFO     | agents.servers.serverSAE1:train_on_clients:66 - 20 clients still training at epoch #91
2025-09-30 00:53:56.431 | INFO     | agents.servers.serverSAE1:train_on_clients:22 - Training SAE1 model epoch #92
2025-09-30 00:53:57.410 | INFO     | agents.servers.serverSAE1:train_on_clients:44 - Client 3 gets new best val_loss at epoch #92: 0.001039
2025-09-30 00:53:58.141 | INFO     | agents.servers.serverSAE1:train_on_clients:44 - Client 6 gets new best val_loss at epoch #92: 0.000964
2025-09-30 00:54:01.308 | INFO     | agents.servers.serverSAE1:train_on_clients:44 - Client 19 gets new best val_loss at epoch #92: 0.001018
2025-09-30 00:54:01.310 | INFO     | agents.servers.serverSAE1:train_on_clients:66 - 20 clients still training at epoch #92
2025-09-30 00:54:01.328 | INFO     | agents.servers.serverSAE1:train_on_clients:22 - Training SAE1 model epoch #93
2025-09-30 00:54:04.007 | INFO     | agents.servers.serverSAE1:train_on_clients:44 - Client 10 gets new best val_loss at epoch #93: 0.001119
2025-09-30 00:54:05.716 | INFO     | agents.servers.serverSAE1:train_on_clients:44 - Client 17 gets new best val_loss at epoch #93: 0.000866
2025-09-30 00:54:06.202 | INFO     | agents.servers.serverSAE1:train_on_clients:66 - 20 clients still training at epoch #93
2025-09-30 00:54:06.220 | INFO     | agents.servers.serverSAE1:train_on_clients:22 - Training SAE1 model epoch #94
2025-09-30 00:54:10.856 | INFO     | agents.servers.serverSAE1:train_on_clients:44 - Client 18 gets new best val_loss at epoch #94: 0.000968
2025-09-30 00:54:11.099 | INFO     | agents.servers.serverSAE1:train_on_clients:66 - 20 clients still training at epoch #94
2025-09-30 00:54:11.117 | INFO     | agents.servers.serverSAE1:train_on_clients:22 - Training SAE1 model epoch #95
2025-09-30 00:54:11.851 | INFO     | agents.servers.serverSAE1:train_on_clients:44 - Client 2 gets new best val_loss at epoch #95: 0.000937
2025-09-30 00:54:12.588 | INFO     | agents.servers.serverSAE1:train_on_clients:44 - Client 5 gets new best val_loss at epoch #95: 0.001027
2025-09-30 00:54:13.321 | INFO     | agents.servers.serverSAE1:train_on_clients:44 - Client 8 gets new best val_loss at epoch #95: 0.000968
2025-09-30 00:54:15.981 | INFO     | agents.servers.serverSAE1:train_on_clients:66 - 20 clients still training at epoch #95
2025-09-30 00:54:15.999 | INFO     | agents.servers.serverSAE1:train_on_clients:22 - Training SAE1 model epoch #96
2025-09-30 00:54:18.899 | INFO     | agents.servers.serverSAE1:train_on_clients:44 - Client 11 gets new best val_loss at epoch #96: 0.000919
2025-09-30 00:54:19.391 | INFO     | agents.servers.serverSAE1:train_on_clients:44 - Client 13 gets new best val_loss at epoch #96: 0.000960
2025-09-30 00:54:20.612 | INFO     | agents.servers.serverSAE1:train_on_clients:44 - Client 18 gets new best val_loss at epoch #96: 0.000962
2025-09-30 00:54:20.857 | INFO     | agents.servers.serverSAE1:train_on_clients:66 - 20 clients still training at epoch #96
2025-09-30 00:54:20.875 | INFO     | agents.servers.serverSAE1:train_on_clients:22 - Training SAE1 model epoch #97
2025-09-30 00:54:22.835 | INFO     | agents.servers.serverSAE1:train_on_clients:44 - Client 7 gets new best val_loss at epoch #97: 0.001045
2025-09-30 00:54:25.838 | INFO     | agents.servers.serverSAE1:train_on_clients:44 - Client 19 gets new best val_loss at epoch #97: 0.000986
2025-09-30 00:54:25.839 | INFO     | agents.servers.serverSAE1:train_on_clients:66 - 20 clients still training at epoch #97
2025-09-30 00:54:25.858 | INFO     | agents.servers.serverSAE1:train_on_clients:22 - Training SAE1 model epoch #98
2025-09-30 00:54:26.345 | INFO     | agents.servers.serverSAE1:train_on_clients:44 - Client 1 gets new best val_loss at epoch #98: 0.001055
2025-09-30 00:54:27.575 | INFO     | agents.servers.serverSAE1:train_on_clients:44 - Client 6 gets new best val_loss at epoch #98: 0.000956
2025-09-30 00:54:28.063 | INFO     | agents.servers.serverSAE1:train_on_clients:44 - Client 8 gets new best val_loss at epoch #98: 0.000960
2025-09-30 00:54:30.733 | INFO     | agents.servers.serverSAE1:train_on_clients:66 - 20 clients still training at epoch #98
2025-09-30 00:54:30.751 | INFO     | agents.servers.serverSAE1:train_on_clients:22 - Training SAE1 model epoch #99
2025-09-30 00:54:32.228 | INFO     | agents.servers.serverSAE1:train_on_clients:44 - Client 5 gets new best val_loss at epoch #99: 0.000991
2025-09-30 00:54:35.636 | INFO     | agents.servers.serverSAE1:train_on_clients:66 - 20 clients still training at epoch #99
2025-09-30 00:54:35.655 | INFO     | agents.servers.serverSAE1:train_on_clients:22 - Training SAE1 model epoch #100
2025-09-30 00:54:35.901 | INFO     | agents.servers.serverSAE1:train_on_clients:60 - Saved model for client 0 at epoch 100 -> saved_models/SAE1/average/wsn_ds/epoch_100_client_0.pt
2025-09-30 00:54:36.146 | INFO     | agents.servers.serverSAE1:train_on_clients:60 - Saved model for client 1 at epoch 100 -> saved_models/SAE1/average/wsn_ds/epoch_100_client_1.pt
2025-09-30 00:54:36.391 | INFO     | agents.servers.serverSAE1:train_on_clients:60 - Saved model for client 2 at epoch 100 -> saved_models/SAE1/average/wsn_ds/epoch_100_client_2.pt
2025-09-30 00:54:36.638 | INFO     | agents.servers.serverSAE1:train_on_clients:60 - Saved model for client 3 at epoch 100 -> saved_models/SAE1/average/wsn_ds/epoch_100_client_3.pt
2025-09-30 00:54:36.884 | INFO     | agents.servers.serverSAE1:train_on_clients:60 - Saved model for client 4 at epoch 100 -> saved_models/SAE1/average/wsn_ds/epoch_100_client_4.pt
2025-09-30 00:54:37.130 | INFO     | agents.servers.serverSAE1:train_on_clients:60 - Saved model for client 5 at epoch 100 -> saved_models/SAE1/average/wsn_ds/epoch_100_client_5.pt
2025-09-30 00:54:37.372 | INFO     | agents.servers.serverSAE1:train_on_clients:60 - Saved model for client 6 at epoch 100 -> saved_models/SAE1/average/wsn_ds/epoch_100_client_6.pt
2025-09-30 00:54:37.615 | INFO     | agents.servers.serverSAE1:train_on_clients:60 - Saved model for client 7 at epoch 100 -> saved_models/SAE1/average/wsn_ds/epoch_100_client_7.pt
2025-09-30 00:54:37.859 | INFO     | agents.servers.serverSAE1:train_on_clients:60 - Saved model for client 8 at epoch 100 -> saved_models/SAE1/average/wsn_ds/epoch_100_client_8.pt
2025-09-30 00:54:38.103 | INFO     | agents.servers.serverSAE1:train_on_clients:60 - Saved model for client 9 at epoch 100 -> saved_models/SAE1/average/wsn_ds/epoch_100_client_9.pt
2025-09-30 00:54:38.347 | INFO     | agents.servers.serverSAE1:train_on_clients:60 - Saved model for client 10 at epoch 100 -> saved_models/SAE1/average/wsn_ds/epoch_100_client_10.pt
2025-09-30 00:54:38.594 | INFO     | agents.servers.serverSAE1:train_on_clients:44 - Client 11 gets new best val_loss at epoch #100: 0.000915
2025-09-30 00:54:38.595 | INFO     | agents.servers.serverSAE1:train_on_clients:60 - Saved model for client 11 at epoch 100 -> saved_models/SAE1/average/wsn_ds/epoch_100_client_11.pt
2025-09-30 00:54:38.840 | INFO     | agents.servers.serverSAE1:train_on_clients:44 - Client 12 gets new best val_loss at epoch #100: 0.001056
2025-09-30 00:54:38.841 | INFO     | agents.servers.serverSAE1:train_on_clients:60 - Saved model for client 12 at epoch 100 -> saved_models/SAE1/average/wsn_ds/epoch_100_client_12.pt
2025-09-30 00:54:39.084 | INFO     | agents.servers.serverSAE1:train_on_clients:60 - Saved model for client 13 at epoch 100 -> saved_models/SAE1/average/wsn_ds/epoch_100_client_13.pt
2025-09-30 00:54:39.330 | INFO     | agents.servers.serverSAE1:train_on_clients:60 - Saved model for client 14 at epoch 100 -> saved_models/SAE1/average/wsn_ds/epoch_100_client_14.pt
2025-09-30 00:54:39.575 | INFO     | agents.servers.serverSAE1:train_on_clients:60 - Saved model for client 15 at epoch 100 -> saved_models/SAE1/average/wsn_ds/epoch_100_client_15.pt
2025-09-30 00:54:39.821 | INFO     | agents.servers.serverSAE1:train_on_clients:60 - Saved model for client 16 at epoch 100 -> saved_models/SAE1/average/wsn_ds/epoch_100_client_16.pt
2025-09-30 00:54:40.064 | INFO     | agents.servers.serverSAE1:train_on_clients:60 - Saved model for client 17 at epoch 100 -> saved_models/SAE1/average/wsn_ds/epoch_100_client_17.pt
2025-09-30 00:54:40.311 | INFO     | agents.servers.serverSAE1:train_on_clients:44 - Client 18 gets new best val_loss at epoch #100: 0.000959
2025-09-30 00:54:40.312 | INFO     | agents.servers.serverSAE1:train_on_clients:60 - Saved model for client 18 at epoch 100 -> saved_models/SAE1/average/wsn_ds/epoch_100_client_18.pt
2025-09-30 00:54:40.555 | INFO     | agents.servers.serverSAE1:train_on_clients:60 - Saved model for client 19 at epoch 100 -> saved_models/SAE1/average/wsn_ds/epoch_100_client_19.pt
2025-09-30 00:54:40.557 | INFO     | agents.servers.serverSAE1:train_on_clients:66 - 20 clients still training at epoch #100
2025-09-30 00:54:40.575 | INFO     | agents.servers.serverSAE1:train_on_clients:22 - Training SAE1 model epoch #101
2025-09-30 00:54:41.551 | INFO     | agents.servers.serverSAE1:train_on_clients:44 - Client 3 gets new best val_loss at epoch #101: 0.001033
2025-09-30 00:54:41.796 | INFO     | agents.servers.serverSAE1:train_on_clients:44 - Client 4 gets new best val_loss at epoch #101: 0.000974
2025-09-30 00:54:42.041 | INFO     | agents.servers.serverSAE1:train_on_clients:44 - Client 5 gets new best val_loss at epoch #101: 0.000987
2025-09-30 00:54:42.771 | INFO     | agents.servers.serverSAE1:train_on_clients:44 - Client 8 gets new best val_loss at epoch #101: 0.000941
2025-09-30 00:54:43.257 | INFO     | agents.servers.serverSAE1:train_on_clients:44 - Client 10 gets new best val_loss at epoch #101: 0.001110
2025-09-30 00:54:45.442 | INFO     | agents.servers.serverSAE1:train_on_clients:66 - 20 clients still training at epoch #101
2025-09-30 00:54:45.460 | INFO     | agents.servers.serverSAE1:train_on_clients:22 - Training SAE1 model epoch #102
2025-09-30 00:54:46.193 | INFO     | agents.servers.serverSAE1:train_on_clients:44 - Client 2 gets new best val_loss at epoch #102: 0.000910
2025-09-30 00:54:48.381 | INFO     | agents.servers.serverSAE1:train_on_clients:44 - Client 11 gets new best val_loss at epoch #102: 0.000908
2025-09-30 00:54:49.842 | INFO     | agents.servers.serverSAE1:train_on_clients:44 - Client 17 gets new best val_loss at epoch #102: 0.000865
2025-09-30 00:54:50.329 | INFO     | agents.servers.serverSAE1:train_on_clients:66 - 20 clients still training at epoch #102
2025-09-30 00:54:50.347 | INFO     | agents.servers.serverSAE1:train_on_clients:22 - Training SAE1 model epoch #103
2025-09-30 00:54:50.592 | INFO     | agents.servers.serverSAE1:train_on_clients:44 - Client 0 gets new best val_loss at epoch #103: 0.001012
2025-09-30 00:54:52.294 | INFO     | agents.servers.serverSAE1:train_on_clients:44 - Client 7 gets new best val_loss at epoch #103: 0.001033
2025-09-30 00:54:52.781 | INFO     | agents.servers.serverSAE1:train_on_clients:44 - Client 9 gets new best val_loss at epoch #103: 0.000984
2025-09-30 00:54:53.026 | INFO     | agents.servers.serverSAE1:train_on_clients:44 - Client 10 gets new best val_loss at epoch #103: 0.001102
2025-09-30 00:54:54.238 | INFO     | agents.servers.serverSAE1:train_on_clients:44 - Client 15 gets new best val_loss at epoch #103: 0.000995
2025-09-30 00:54:55.215 | INFO     | agents.servers.serverSAE1:train_on_clients:66 - 20 clients still training at epoch #103
2025-09-30 00:54:55.234 | INFO     | agents.servers.serverSAE1:train_on_clients:22 - Training SAE1 model epoch #104
2025-09-30 00:54:56.219 | INFO     | agents.servers.serverSAE1:train_on_clients:44 - Client 3 gets new best val_loss at epoch #104: 0.001004
2025-09-30 00:54:56.709 | INFO     | agents.servers.serverSAE1:train_on_clients:44 - Client 5 gets new best val_loss at epoch #104: 0.000957
2025-09-30 00:54:57.443 | INFO     | agents.servers.serverSAE1:train_on_clients:44 - Client 8 gets new best val_loss at epoch #104: 0.000915
2025-09-30 00:54:58.178 | INFO     | agents.servers.serverSAE1:train_on_clients:44 - Client 11 gets new best val_loss at epoch #104: 0.000864
2025-09-30 00:54:58.422 | INFO     | agents.servers.serverSAE1:train_on_clients:44 - Client 12 gets new best val_loss at epoch #104: 0.001053
2025-09-30 00:54:58.910 | INFO     | agents.servers.serverSAE1:train_on_clients:44 - Client 14 gets new best val_loss at epoch #104: 0.000930
2025-09-30 00:54:59.882 | INFO     | agents.servers.serverSAE1:train_on_clients:44 - Client 18 gets new best val_loss at epoch #104: 0.000928
2025-09-30 00:55:00.124 | INFO     | agents.servers.serverSAE1:train_on_clients:66 - 20 clients still training at epoch #104
2025-09-30 00:55:00.142 | INFO     | agents.servers.serverSAE1:train_on_clients:22 - Training SAE1 model epoch #105
2025-09-30 00:55:02.092 | INFO     | agents.servers.serverSAE1:train_on_clients:44 - Client 7 gets new best val_loss at epoch #105: 0.001010
2025-09-30 00:55:04.522 | INFO     | agents.servers.serverSAE1:train_on_clients:44 - Client 17 gets new best val_loss at epoch #105: 0.000846
2025-09-30 00:55:05.010 | INFO     | agents.servers.serverSAE1:train_on_clients:66 - 20 clients still training at epoch #105
2025-09-30 00:55:05.029 | INFO     | agents.servers.serverSAE1:train_on_clients:22 - Training SAE1 model epoch #106
2025-09-30 00:55:05.758 | INFO     | agents.servers.serverSAE1:train_on_clients:44 - Client 2 gets new best val_loss at epoch #106: 0.000882
2025-09-30 00:55:06.247 | INFO     | agents.servers.serverSAE1:train_on_clients:44 - Client 4 gets new best val_loss at epoch #106: 0.000913
2025-09-30 00:55:07.713 | INFO     | agents.servers.serverSAE1:train_on_clients:44 - Client 10 gets new best val_loss at epoch #106: 0.001094
2025-09-30 00:55:08.203 | INFO     | agents.servers.serverSAE1:train_on_clients:44 - Client 12 gets new best val_loss at epoch #106: 0.001003
2025-09-30 00:55:09.180 | INFO     | agents.servers.serverSAE1:train_on_clients:44 - Client 16 gets new best val_loss at epoch #106: 0.001039
2025-09-30 00:55:09.670 | INFO     | agents.servers.serverSAE1:train_on_clients:44 - Client 18 gets new best val_loss at epoch #106: 0.000909
2025-09-30 00:55:09.915 | INFO     | agents.servers.serverSAE1:train_on_clients:66 - 20 clients still training at epoch #106
2025-09-30 00:55:09.933 | INFO     | agents.servers.serverSAE1:train_on_clients:22 - Training SAE1 model epoch #107
2025-09-30 00:55:11.392 | INFO     | agents.servers.serverSAE1:train_on_clients:44 - Client 5 gets new best val_loss at epoch #107: 0.000924
2025-09-30 00:55:11.636 | INFO     | agents.servers.serverSAE1:train_on_clients:44 - Client 6 gets new best val_loss at epoch #107: 0.000909
2025-09-30 00:55:12.128 | INFO     | agents.servers.serverSAE1:train_on_clients:44 - Client 8 gets new best val_loss at epoch #107: 0.000885
2025-09-30 00:55:12.373 | INFO     | agents.servers.serverSAE1:train_on_clients:44 - Client 9 gets new best val_loss at epoch #107: 0.000972
2025-09-30 00:55:13.841 | INFO     | agents.servers.serverSAE1:train_on_clients:44 - Client 15 gets new best val_loss at epoch #107: 0.000962
2025-09-30 00:55:14.815 | INFO     | agents.servers.serverSAE1:train_on_clients:66 - 20 clients still training at epoch #107
2025-09-30 00:55:14.833 | INFO     | agents.servers.serverSAE1:train_on_clients:22 - Training SAE1 model epoch #108
2025-09-30 00:55:15.078 | INFO     | agents.servers.serverSAE1:train_on_clients:44 - Client 0 gets new best val_loss at epoch #108: 0.000974
2025-09-30 00:55:15.324 | INFO     | agents.servers.serverSAE1:train_on_clients:44 - Client 1 gets new best val_loss at epoch #108: 0.001018
2025-09-30 00:55:15.817 | INFO     | agents.servers.serverSAE1:train_on_clients:44 - Client 3 gets new best val_loss at epoch #108: 0.000982
2025-09-30 00:55:17.520 | INFO     | agents.servers.serverSAE1:train_on_clients:44 - Client 10 gets new best val_loss at epoch #108: 0.001078
2025-09-30 00:55:18.252 | INFO     | agents.servers.serverSAE1:train_on_clients:44 - Client 13 gets new best val_loss at epoch #108: 0.000945
2025-09-30 00:55:18.992 | INFO     | agents.servers.serverSAE1:train_on_clients:44 - Client 16 gets new best val_loss at epoch #108: 0.001019
2025-09-30 00:55:19.725 | INFO     | agents.servers.serverSAE1:train_on_clients:44 - Client 19 gets new best val_loss at epoch #108: 0.000897
2025-09-30 00:55:19.726 | INFO     | agents.servers.serverSAE1:train_on_clients:66 - 20 clients still training at epoch #108
2025-09-30 00:55:19.745 | INFO     | agents.servers.serverSAE1:train_on_clients:22 - Training SAE1 model epoch #109
2025-09-30 00:55:21.700 | INFO     | agents.servers.serverSAE1:train_on_clients:44 - Client 7 gets new best val_loss at epoch #109: 0.000979
2025-09-30 00:55:22.191 | INFO     | agents.servers.serverSAE1:train_on_clients:44 - Client 9 gets new best val_loss at epoch #109: 0.000918
2025-09-30 00:55:22.437 | INFO     | agents.servers.serverSAE1:train_on_clients:44 - Client 10 gets new best val_loss at epoch #109: 0.001054
2025-09-30 00:55:24.632 | INFO     | agents.servers.serverSAE1:train_on_clients:44 - Client 19 gets new best val_loss at epoch #109: 0.000882
2025-09-30 00:55:24.633 | INFO     | agents.servers.serverSAE1:train_on_clients:66 - 20 clients still training at epoch #109
2025-09-30 00:55:24.651 | INFO     | agents.servers.serverSAE1:train_on_clients:22 - Training SAE1 model epoch #110
2025-09-30 00:55:24.899 | INFO     | agents.servers.serverSAE1:train_on_clients:60 - Saved model for client 0 at epoch 110 -> saved_models/SAE1/average/wsn_ds/epoch_110_client_0.pt
2025-09-30 00:55:25.146 | INFO     | agents.servers.serverSAE1:train_on_clients:60 - Saved model for client 1 at epoch 110 -> saved_models/SAE1/average/wsn_ds/epoch_110_client_1.pt
2025-09-30 00:55:25.392 | INFO     | agents.servers.serverSAE1:train_on_clients:60 - Saved model for client 2 at epoch 110 -> saved_models/SAE1/average/wsn_ds/epoch_110_client_2.pt
2025-09-30 00:55:25.636 | INFO     | agents.servers.serverSAE1:train_on_clients:60 - Saved model for client 3 at epoch 110 -> saved_models/SAE1/average/wsn_ds/epoch_110_client_3.pt
2025-09-30 00:55:25.881 | INFO     | agents.servers.serverSAE1:train_on_clients:60 - Saved model for client 4 at epoch 110 -> saved_models/SAE1/average/wsn_ds/epoch_110_client_4.pt
2025-09-30 00:55:26.124 | INFO     | agents.servers.serverSAE1:train_on_clients:60 - Saved model for client 5 at epoch 110 -> saved_models/SAE1/average/wsn_ds/epoch_110_client_5.pt
2025-09-30 00:55:26.368 | INFO     | agents.servers.serverSAE1:train_on_clients:60 - Saved model for client 6 at epoch 110 -> saved_models/SAE1/average/wsn_ds/epoch_110_client_6.pt
2025-09-30 00:55:26.612 | INFO     | agents.servers.serverSAE1:train_on_clients:60 - Saved model for client 7 at epoch 110 -> saved_models/SAE1/average/wsn_ds/epoch_110_client_7.pt
2025-09-30 00:55:26.857 | INFO     | agents.servers.serverSAE1:train_on_clients:60 - Saved model for client 8 at epoch 110 -> saved_models/SAE1/average/wsn_ds/epoch_110_client_8.pt
2025-09-30 00:55:27.103 | INFO     | agents.servers.serverSAE1:train_on_clients:60 - Saved model for client 9 at epoch 110 -> saved_models/SAE1/average/wsn_ds/epoch_110_client_9.pt
2025-09-30 00:55:27.348 | INFO     | agents.servers.serverSAE1:train_on_clients:60 - Saved model for client 10 at epoch 110 -> saved_models/SAE1/average/wsn_ds/epoch_110_client_10.pt
2025-09-30 00:55:27.593 | INFO     | agents.servers.serverSAE1:train_on_clients:60 - Saved model for client 11 at epoch 110 -> saved_models/SAE1/average/wsn_ds/epoch_110_client_11.pt
2025-09-30 00:55:27.836 | INFO     | agents.servers.serverSAE1:train_on_clients:60 - Saved model for client 12 at epoch 110 -> saved_models/SAE1/average/wsn_ds/epoch_110_client_12.pt
2025-09-30 00:55:28.081 | INFO     | agents.servers.serverSAE1:train_on_clients:44 - Client 13 gets new best val_loss at epoch #110: 0.000921
2025-09-30 00:55:28.082 | INFO     | agents.servers.serverSAE1:train_on_clients:60 - Saved model for client 13 at epoch 110 -> saved_models/SAE1/average/wsn_ds/epoch_110_client_13.pt
2025-09-30 00:55:28.331 | INFO     | agents.servers.serverSAE1:train_on_clients:60 - Saved model for client 14 at epoch 110 -> saved_models/SAE1/average/wsn_ds/epoch_110_client_14.pt
2025-09-30 00:55:28.582 | INFO     | agents.servers.serverSAE1:train_on_clients:60 - Saved model for client 15 at epoch 110 -> saved_models/SAE1/average/wsn_ds/epoch_110_client_15.pt
2025-09-30 00:55:28.833 | INFO     | agents.servers.serverSAE1:train_on_clients:60 - Saved model for client 16 at epoch 110 -> saved_models/SAE1/average/wsn_ds/epoch_110_client_16.pt
2025-09-30 00:55:29.082 | INFO     | agents.servers.serverSAE1:train_on_clients:60 - Saved model for client 17 at epoch 110 -> saved_models/SAE1/average/wsn_ds/epoch_110_client_17.pt
2025-09-30 00:55:29.356 | INFO     | agents.servers.serverSAE1:train_on_clients:60 - Saved model for client 18 at epoch 110 -> saved_models/SAE1/average/wsn_ds/epoch_110_client_18.pt
2025-09-30 00:55:29.613 | INFO     | agents.servers.serverSAE1:train_on_clients:44 - Client 19 gets new best val_loss at epoch #110: 0.000869
2025-09-30 00:55:29.615 | INFO     | agents.servers.serverSAE1:train_on_clients:60 - Saved model for client 19 at epoch 110 -> saved_models/SAE1/average/wsn_ds/epoch_110_client_19.pt
2025-09-30 00:55:29.617 | INFO     | agents.servers.serverSAE1:train_on_clients:66 - 20 clients still training at epoch #110
2025-09-30 00:55:29.635 | INFO     | agents.servers.serverSAE1:train_on_clients:22 - Training SAE1 model epoch #111
2025-09-30 00:55:29.883 | INFO     | agents.servers.serverSAE1:train_on_clients:44 - Client 0 gets new best val_loss at epoch #111: 0.000960
2025-09-30 00:55:30.885 | INFO     | agents.servers.serverSAE1:train_on_clients:44 - Client 4 gets new best val_loss at epoch #111: 0.000888
2025-09-30 00:55:31.856 | INFO     | agents.servers.serverSAE1:train_on_clients:44 - Client 8 gets new best val_loss at epoch #111: 0.000876
2025-09-30 00:55:32.342 | INFO     | agents.servers.serverSAE1:train_on_clients:44 - Client 10 gets new best val_loss at epoch #111: 0.001014
2025-09-30 00:55:32.829 | INFO     | agents.servers.serverSAE1:train_on_clients:44 - Client 12 gets new best val_loss at epoch #111: 0.000978
2025-09-30 00:55:34.544 | INFO     | agents.servers.serverSAE1:train_on_clients:44 - Client 19 gets new best val_loss at epoch #111: 0.000865
2025-09-30 00:55:34.545 | INFO     | agents.servers.serverSAE1:train_on_clients:66 - 20 clients still training at epoch #111
2025-09-30 00:55:34.563 | INFO     | agents.servers.serverSAE1:train_on_clients:22 - Training SAE1 model epoch #112
2025-09-30 00:55:38.193 | INFO     | agents.servers.serverSAE1:train_on_clients:44 - Client 14 gets new best val_loss at epoch #112: 0.000894
2025-09-30 00:55:39.164 | INFO     | agents.servers.serverSAE1:train_on_clients:44 - Client 18 gets new best val_loss at epoch #112: 0.000891
2025-09-30 00:55:39.408 | INFO     | agents.servers.serverSAE1:train_on_clients:66 - 20 clients still training at epoch #112
2025-09-30 00:55:39.427 | INFO     | agents.servers.serverSAE1:train_on_clients:22 - Training SAE1 model epoch #113
2025-09-30 00:55:40.408 | INFO     | agents.servers.serverSAE1:train_on_clients:44 - Client 3 gets new best val_loss at epoch #113: 0.000957
2025-09-30 00:55:40.653 | INFO     | agents.servers.serverSAE1:train_on_clients:44 - Client 4 gets new best val_loss at epoch #113: 0.000874
2025-09-30 00:55:41.144 | INFO     | agents.servers.serverSAE1:train_on_clients:44 - Client 6 gets new best val_loss at epoch #113: 0.000895
2025-09-30 00:55:41.390 | INFO     | agents.servers.serverSAE1:train_on_clients:44 - Client 7 gets new best val_loss at epoch #113: 0.000953
2025-09-30 00:55:41.637 | INFO     | agents.servers.serverSAE1:train_on_clients:44 - Client 8 gets new best val_loss at epoch #113: 0.000850
2025-09-30 00:55:44.317 | INFO     | agents.servers.serverSAE1:train_on_clients:66 - 20 clients still training at epoch #113
2025-09-30 00:55:44.335 | INFO     | agents.servers.serverSAE1:train_on_clients:22 - Training SAE1 model epoch #114
2025-09-30 00:55:44.825 | INFO     | agents.servers.serverSAE1:train_on_clients:44 - Client 1 gets new best val_loss at epoch #114: 0.000985
2025-09-30 00:55:45.072 | INFO     | agents.servers.serverSAE1:train_on_clients:44 - Client 2 gets new best val_loss at epoch #114: 0.000853
2025-09-30 00:55:47.989 | INFO     | agents.servers.serverSAE1:train_on_clients:44 - Client 14 gets new best val_loss at epoch #114: 0.000880
2025-09-30 00:55:48.232 | INFO     | agents.servers.serverSAE1:train_on_clients:44 - Client 15 gets new best val_loss at epoch #114: 0.000939
2025-09-30 00:55:48.722 | INFO     | agents.servers.serverSAE1:train_on_clients:44 - Client 17 gets new best val_loss at epoch #114: 0.000835
2025-09-30 00:55:49.208 | INFO     | agents.servers.serverSAE1:train_on_clients:66 - 20 clients still training at epoch #114
2025-09-30 00:55:49.227 | INFO     | agents.servers.serverSAE1:train_on_clients:22 - Training SAE1 model epoch #115
2025-09-30 00:55:49.476 | INFO     | agents.servers.serverSAE1:train_on_clients:44 - Client 0 gets new best val_loss at epoch #115: 0.000953
2025-09-30 00:55:49.722 | INFO     | agents.servers.serverSAE1:train_on_clients:44 - Client 1 gets new best val_loss at epoch #115: 0.000980
2025-09-30 00:55:50.945 | INFO     | agents.servers.serverSAE1:train_on_clients:44 - Client 6 gets new best val_loss at epoch #115: 0.000875
2025-09-30 00:55:52.658 | INFO     | agents.servers.serverSAE1:train_on_clients:44 - Client 13 gets new best val_loss at epoch #115: 0.000896
2025-09-30 00:55:53.876 | INFO     | agents.servers.serverSAE1:train_on_clients:44 - Client 18 gets new best val_loss at epoch #115: 0.000869
2025-09-30 00:55:54.123 | INFO     | agents.servers.serverSAE1:train_on_clients:66 - 20 clients still training at epoch #115
2025-09-30 00:55:54.142 | INFO     | agents.servers.serverSAE1:train_on_clients:22 - Training SAE1 model epoch #116
2025-09-30 00:55:57.419 | INFO     | agents.servers.serverSAE1:train_on_clients:44 - Client 12 gets new best val_loss at epoch #116: 0.000949
2025-09-30 00:55:58.396 | INFO     | agents.servers.serverSAE1:train_on_clients:44 - Client 16 gets new best val_loss at epoch #116: 0.000999
2025-09-30 00:55:59.128 | INFO     | agents.servers.serverSAE1:train_on_clients:66 - 20 clients still training at epoch #116
2025-09-30 00:55:59.146 | INFO     | agents.servers.serverSAE1:train_on_clients:22 - Training SAE1 model epoch #117
2025-09-30 00:56:00.611 | INFO     | agents.servers.serverSAE1:train_on_clients:44 - Client 5 gets new best val_loss at epoch #117: 0.000920
2025-09-30 00:56:00.857 | INFO     | agents.servers.serverSAE1:train_on_clients:44 - Client 6 gets new best val_loss at epoch #117: 0.000839
2025-09-30 00:56:02.075 | INFO     | agents.servers.serverSAE1:train_on_clients:44 - Client 11 gets new best val_loss at epoch #117: 0.000801
2025-09-30 00:56:02.565 | INFO     | agents.servers.serverSAE1:train_on_clients:44 - Client 13 gets new best val_loss at epoch #117: 0.000867
2025-09-30 00:56:04.027 | INFO     | agents.servers.serverSAE1:train_on_clients:66 - 20 clients still training at epoch #117
2025-09-30 00:56:04.045 | INFO     | agents.servers.serverSAE1:train_on_clients:22 - Training SAE1 model epoch #118
2025-09-30 00:56:04.537 | INFO     | agents.servers.serverSAE1:train_on_clients:44 - Client 1 gets new best val_loss at epoch #118: 0.000976
2025-09-30 00:56:05.030 | INFO     | agents.servers.serverSAE1:train_on_clients:44 - Client 3 gets new best val_loss at epoch #118: 0.000928
2025-09-30 00:56:07.948 | INFO     | agents.servers.serverSAE1:train_on_clients:44 - Client 15 gets new best val_loss at epoch #118: 0.000898
2025-09-30 00:56:08.193 | INFO     | agents.servers.serverSAE1:train_on_clients:44 - Client 16 gets new best val_loss at epoch #118: 0.000979
2025-09-30 00:56:08.439 | INFO     | agents.servers.serverSAE1:train_on_clients:44 - Client 17 gets new best val_loss at epoch #118: 0.000805
2025-09-30 00:56:08.927 | INFO     | agents.servers.serverSAE1:train_on_clients:66 - 20 clients still training at epoch #118
2025-09-30 00:56:08.945 | INFO     | agents.servers.serverSAE1:train_on_clients:22 - Training SAE1 model epoch #119
2025-09-30 00:56:09.678 | INFO     | agents.servers.serverSAE1:train_on_clients:44 - Client 2 gets new best val_loss at epoch #119: 0.000839
2025-09-30 00:56:11.142 | INFO     | agents.servers.serverSAE1:train_on_clients:44 - Client 8 gets new best val_loss at epoch #119: 0.000849
2025-09-30 00:56:11.631 | INFO     | agents.servers.serverSAE1:train_on_clients:44 - Client 10 gets new best val_loss at epoch #119: 0.000986
2025-09-30 00:56:13.825 | INFO     | agents.servers.serverSAE1:train_on_clients:66 - 20 clients still training at epoch #119
2025-09-30 00:56:13.843 | INFO     | agents.servers.serverSAE1:train_on_clients:22 - Training SAE1 model epoch #120
2025-09-30 00:56:14.087 | INFO     | agents.servers.serverSAE1:train_on_clients:60 - Saved model for client 0 at epoch 120 -> saved_models/SAE1/average/wsn_ds/epoch_120_client_0.pt
2025-09-30 00:56:14.334 | INFO     | agents.servers.serverSAE1:train_on_clients:60 - Saved model for client 1 at epoch 120 -> saved_models/SAE1/average/wsn_ds/epoch_120_client_1.pt
2025-09-30 00:56:14.582 | INFO     | agents.servers.serverSAE1:train_on_clients:60 - Saved model for client 2 at epoch 120 -> saved_models/SAE1/average/wsn_ds/epoch_120_client_2.pt
2025-09-30 00:56:14.890 | INFO     | agents.servers.serverSAE1:train_on_clients:60 - Saved model for client 3 at epoch 120 -> saved_models/SAE1/average/wsn_ds/epoch_120_client_3.pt
2025-09-30 00:56:15.147 | INFO     | agents.servers.serverSAE1:train_on_clients:60 - Saved model for client 4 at epoch 120 -> saved_models/SAE1/average/wsn_ds/epoch_120_client_4.pt
2025-09-30 00:56:15.394 | INFO     | agents.servers.serverSAE1:train_on_clients:60 - Saved model for client 5 at epoch 120 -> saved_models/SAE1/average/wsn_ds/epoch_120_client_5.pt
2025-09-30 00:56:15.639 | INFO     | agents.servers.serverSAE1:train_on_clients:60 - Saved model for client 6 at epoch 120 -> saved_models/SAE1/average/wsn_ds/epoch_120_client_6.pt
2025-09-30 00:56:15.886 | INFO     | agents.servers.serverSAE1:train_on_clients:60 - Saved model for client 7 at epoch 120 -> saved_models/SAE1/average/wsn_ds/epoch_120_client_7.pt
2025-09-30 00:56:16.131 | INFO     | agents.servers.serverSAE1:train_on_clients:44 - Client 8 gets new best val_loss at epoch #120: 0.000806
2025-09-30 00:56:16.133 | INFO     | agents.servers.serverSAE1:train_on_clients:60 - Saved model for client 8 at epoch 120 -> saved_models/SAE1/average/wsn_ds/epoch_120_client_8.pt
2025-09-30 00:56:16.377 | INFO     | agents.servers.serverSAE1:train_on_clients:60 - Saved model for client 9 at epoch 120 -> saved_models/SAE1/average/wsn_ds/epoch_120_client_9.pt
2025-09-30 00:56:16.621 | INFO     | agents.servers.serverSAE1:train_on_clients:60 - Saved model for client 10 at epoch 120 -> saved_models/SAE1/average/wsn_ds/epoch_120_client_10.pt
2025-09-30 00:56:16.865 | INFO     | agents.servers.serverSAE1:train_on_clients:60 - Saved model for client 11 at epoch 120 -> saved_models/SAE1/average/wsn_ds/epoch_120_client_11.pt
2025-09-30 00:56:17.110 | INFO     | agents.servers.serverSAE1:train_on_clients:60 - Saved model for client 12 at epoch 120 -> saved_models/SAE1/average/wsn_ds/epoch_120_client_12.pt
2025-09-30 00:56:17.354 | INFO     | agents.servers.serverSAE1:train_on_clients:60 - Saved model for client 13 at epoch 120 -> saved_models/SAE1/average/wsn_ds/epoch_120_client_13.pt
2025-09-30 00:56:17.597 | INFO     | agents.servers.serverSAE1:train_on_clients:44 - Client 14 gets new best val_loss at epoch #120: 0.000858
2025-09-30 00:56:17.599 | INFO     | agents.servers.serverSAE1:train_on_clients:60 - Saved model for client 14 at epoch 120 -> saved_models/SAE1/average/wsn_ds/epoch_120_client_14.pt
2025-09-30 00:56:17.843 | INFO     | agents.servers.serverSAE1:train_on_clients:60 - Saved model for client 15 at epoch 120 -> saved_models/SAE1/average/wsn_ds/epoch_120_client_15.pt
2025-09-30 00:56:18.089 | INFO     | agents.servers.serverSAE1:train_on_clients:60 - Saved model for client 16 at epoch 120 -> saved_models/SAE1/average/wsn_ds/epoch_120_client_16.pt
2025-09-30 00:56:18.336 | INFO     | agents.servers.serverSAE1:train_on_clients:60 - Saved model for client 17 at epoch 120 -> saved_models/SAE1/average/wsn_ds/epoch_120_client_17.pt
2025-09-30 00:56:18.583 | INFO     | agents.servers.serverSAE1:train_on_clients:44 - Client 18 gets new best val_loss at epoch #120: 0.000834
2025-09-30 00:56:18.584 | INFO     | agents.servers.serverSAE1:train_on_clients:60 - Saved model for client 18 at epoch 120 -> saved_models/SAE1/average/wsn_ds/epoch_120_client_18.pt
2025-09-30 00:56:18.831 | INFO     | agents.servers.serverSAE1:train_on_clients:44 - Client 19 gets new best val_loss at epoch #120: 0.000860
2025-09-30 00:56:18.832 | INFO     | agents.servers.serverSAE1:train_on_clients:60 - Saved model for client 19 at epoch 120 -> saved_models/SAE1/average/wsn_ds/epoch_120_client_19.pt
2025-09-30 00:56:18.834 | INFO     | agents.servers.serverSAE1:train_on_clients:66 - 20 clients still training at epoch #120
2025-09-30 00:56:18.852 | INFO     | agents.servers.serverSAE1:train_on_clients:22 - Training SAE1 model epoch #121
2025-09-30 00:56:20.317 | INFO     | agents.servers.serverSAE1:train_on_clients:44 - Client 5 gets new best val_loss at epoch #121: 0.000895
2025-09-30 00:56:20.808 | INFO     | agents.servers.serverSAE1:train_on_clients:44 - Client 7 gets new best val_loss at epoch #121: 0.000934
2025-09-30 00:56:21.294 | INFO     | agents.servers.serverSAE1:train_on_clients:44 - Client 9 gets new best val_loss at epoch #121: 0.000909
2025-09-30 00:56:21.542 | INFO     | agents.servers.serverSAE1:train_on_clients:44 - Client 10 gets new best val_loss at epoch #121: 0.000979
2025-09-30 00:56:21.788 | INFO     | agents.servers.serverSAE1:train_on_clients:44 - Client 11 gets new best val_loss at epoch #121: 0.000791
2025-09-30 00:56:23.745 | INFO     | agents.servers.serverSAE1:train_on_clients:66 - 20 clients still training at epoch #121
2025-09-30 00:56:23.763 | INFO     | agents.servers.serverSAE1:train_on_clients:22 - Training SAE1 model epoch #122
2025-09-30 00:56:24.008 | INFO     | agents.servers.serverSAE1:train_on_clients:44 - Client 0 gets new best val_loss at epoch #122: 0.000907
2025-09-30 00:56:24.743 | INFO     | agents.servers.serverSAE1:train_on_clients:44 - Client 3 gets new best val_loss at epoch #122: 0.000927
2025-09-30 00:56:25.473 | INFO     | agents.servers.serverSAE1:train_on_clients:44 - Client 6 gets new best val_loss at epoch #122: 0.000800
2025-09-30 00:56:27.673 | INFO     | agents.servers.serverSAE1:train_on_clients:44 - Client 15 gets new best val_loss at epoch #122: 0.000887
2025-09-30 00:56:28.644 | INFO     | agents.servers.serverSAE1:train_on_clients:66 - 20 clients still training at epoch #122
2025-09-30 00:56:28.662 | INFO     | agents.servers.serverSAE1:train_on_clients:22 - Training SAE1 model epoch #123
2025-09-30 00:56:29.399 | INFO     | agents.servers.serverSAE1:train_on_clients:44 - Client 2 gets new best val_loss at epoch #123: 0.000827
2025-09-30 00:56:29.646 | INFO     | agents.servers.serverSAE1:train_on_clients:44 - Client 3 gets new best val_loss at epoch #123: 0.000907
2025-09-30 00:56:29.893 | INFO     | agents.servers.serverSAE1:train_on_clients:44 - Client 4 gets new best val_loss at epoch #123: 0.000863
2025-09-30 00:56:31.113 | INFO     | agents.servers.serverSAE1:train_on_clients:44 - Client 9 gets new best val_loss at epoch #123: 0.000871
2025-09-30 00:56:32.826 | INFO     | agents.servers.serverSAE1:train_on_clients:44 - Client 16 gets new best val_loss at epoch #123: 0.000937
2025-09-30 00:56:33.073 | INFO     | agents.servers.serverSAE1:train_on_clients:44 - Client 17 gets new best val_loss at epoch #123: 0.000795
2025-09-30 00:56:33.561 | INFO     | agents.servers.serverSAE1:train_on_clients:66 - 20 clients still training at epoch #123
2025-09-30 00:56:33.589 | INFO     | agents.servers.serverSAE1:train_on_clients:22 - Training SAE1 model epoch #124
2025-09-30 00:56:33.895 | INFO     | agents.servers.serverSAE1:train_on_clients:44 - Client 0 gets new best val_loss at epoch #124: 0.000897
2025-09-30 00:56:34.185 | INFO     | agents.servers.serverSAE1:train_on_clients:44 - Client 1 gets new best val_loss at epoch #124: 0.000974
2025-09-30 00:56:34.950 | INFO     | agents.servers.serverSAE1:train_on_clients:44 - Client 4 gets new best val_loss at epoch #124: 0.000850
2025-09-30 00:56:36.010 | INFO     | agents.servers.serverSAE1:train_on_clients:44 - Client 8 gets new best val_loss at epoch #124: 0.000794
2025-09-30 00:56:36.502 | INFO     | agents.servers.serverSAE1:train_on_clients:44 - Client 10 gets new best val_loss at epoch #124: 0.000971
2025-09-30 00:56:36.990 | INFO     | agents.servers.serverSAE1:train_on_clients:44 - Client 12 gets new best val_loss at epoch #124: 0.000926
2025-09-30 00:56:38.726 | INFO     | agents.servers.serverSAE1:train_on_clients:66 - 20 clients still training at epoch #124
2025-09-30 00:56:38.744 | INFO     | agents.servers.serverSAE1:train_on_clients:22 - Training SAE1 model epoch #125
2025-09-30 00:56:39.720 | INFO     | agents.servers.serverSAE1:train_on_clients:44 - Client 3 gets new best val_loss at epoch #125: 0.000894
2025-09-30 00:56:41.933 | INFO     | agents.servers.serverSAE1:train_on_clients:44 - Client 12 gets new best val_loss at epoch #125: 0.000911
2025-09-30 00:56:42.176 | INFO     | agents.servers.serverSAE1:train_on_clients:44 - Client 13 gets new best val_loss at epoch #125: 0.000836
2025-09-30 00:56:42.662 | INFO     | agents.servers.serverSAE1:train_on_clients:44 - Client 15 gets new best val_loss at epoch #125: 0.000878
2025-09-30 00:56:43.149 | INFO     | agents.servers.serverSAE1:train_on_clients:44 - Client 17 gets new best val_loss at epoch #125: 0.000773
2025-09-30 00:56:43.639 | INFO     | agents.servers.serverSAE1:train_on_clients:66 - 20 clients still training at epoch #125
2025-09-30 00:56:43.657 | INFO     | agents.servers.serverSAE1:train_on_clients:22 - Training SAE1 model epoch #126
2025-09-30 00:56:44.145 | INFO     | agents.servers.serverSAE1:train_on_clients:44 - Client 1 gets new best val_loss at epoch #126: 0.000941
2025-09-30 00:56:44.391 | INFO     | agents.servers.serverSAE1:train_on_clients:44 - Client 2 gets new best val_loss at epoch #126: 0.000772
2025-09-30 00:56:44.878 | INFO     | agents.servers.serverSAE1:train_on_clients:44 - Client 4 gets new best val_loss at epoch #126: 0.000809
2025-09-30 00:56:46.818 | INFO     | agents.servers.serverSAE1:train_on_clients:44 - Client 12 gets new best val_loss at epoch #126: 0.000876
2025-09-30 00:56:48.279 | INFO     | agents.servers.serverSAE1:train_on_clients:44 - Client 18 gets new best val_loss at epoch #126: 0.000830
2025-09-30 00:56:48.523 | INFO     | agents.servers.serverSAE1:train_on_clients:44 - Client 19 gets new best val_loss at epoch #126: 0.000859
2025-09-30 00:56:48.525 | INFO     | agents.servers.serverSAE1:train_on_clients:66 - 20 clients still training at epoch #126
2025-09-30 00:56:48.543 | INFO     | agents.servers.serverSAE1:train_on_clients:22 - Training SAE1 model epoch #127
2025-09-30 00:56:48.787 | INFO     | agents.servers.serverSAE1:train_on_clients:44 - Client 0 gets new best val_loss at epoch #127: 0.000894
2025-09-30 00:56:50.495 | INFO     | agents.servers.serverSAE1:train_on_clients:44 - Client 7 gets new best val_loss at epoch #127: 0.000913
2025-09-30 00:56:50.740 | INFO     | agents.servers.serverSAE1:train_on_clients:44 - Client 8 gets new best val_loss at epoch #127: 0.000793
2025-09-30 00:56:51.718 | INFO     | agents.servers.serverSAE1:train_on_clients:44 - Client 12 gets new best val_loss at epoch #127: 0.000857
2025-09-30 00:56:51.963 | INFO     | agents.servers.serverSAE1:train_on_clients:44 - Client 13 gets new best val_loss at epoch #127: 0.000813
2025-09-30 00:56:52.207 | INFO     | agents.servers.serverSAE1:train_on_clients:44 - Client 14 gets new best val_loss at epoch #127: 0.000818
2025-09-30 00:56:52.450 | INFO     | agents.servers.serverSAE1:train_on_clients:44 - Client 15 gets new best val_loss at epoch #127: 0.000871
2025-09-30 00:56:53.175 | INFO     | agents.servers.serverSAE1:train_on_clients:44 - Client 18 gets new best val_loss at epoch #127: 0.000814
2025-09-30 00:56:53.420 | INFO     | agents.servers.serverSAE1:train_on_clients:44 - Client 19 gets new best val_loss at epoch #127: 0.000843
2025-09-30 00:56:53.421 | INFO     | agents.servers.serverSAE1:train_on_clients:66 - 20 clients still training at epoch #127
2025-09-30 00:56:53.439 | INFO     | agents.servers.serverSAE1:train_on_clients:22 - Training SAE1 model epoch #128
2025-09-30 00:56:53.685 | INFO     | agents.servers.serverSAE1:train_on_clients:44 - Client 0 gets new best val_loss at epoch #128: 0.000884
2025-09-30 00:56:54.415 | INFO     | agents.servers.serverSAE1:train_on_clients:44 - Client 3 gets new best val_loss at epoch #128: 0.000883
2025-09-30 00:56:54.663 | INFO     | agents.servers.serverSAE1:train_on_clients:44 - Client 4 gets new best val_loss at epoch #128: 0.000794
2025-09-30 00:56:54.967 | INFO     | agents.servers.serverSAE1:train_on_clients:44 - Client 5 gets new best val_loss at epoch #128: 0.000879
2025-09-30 00:56:56.206 | INFO     | agents.servers.serverSAE1:train_on_clients:44 - Client 10 gets new best val_loss at epoch #128: 0.000956
2025-09-30 00:56:56.452 | INFO     | agents.servers.serverSAE1:train_on_clients:44 - Client 11 gets new best val_loss at epoch #128: 0.000778
2025-09-30 00:56:57.669 | INFO     | agents.servers.serverSAE1:train_on_clients:44 - Client 16 gets new best val_loss at epoch #128: 0.000908
2025-09-30 00:56:57.914 | INFO     | agents.servers.serverSAE1:train_on_clients:44 - Client 17 gets new best val_loss at epoch #128: 0.000762
2025-09-30 00:56:58.402 | INFO     | agents.servers.serverSAE1:train_on_clients:66 - 20 clients still training at epoch #128
2025-09-30 00:56:58.420 | INFO     | agents.servers.serverSAE1:train_on_clients:22 - Training SAE1 model epoch #129
2025-09-30 00:57:00.370 | INFO     | agents.servers.serverSAE1:train_on_clients:44 - Client 7 gets new best val_loss at epoch #129: 0.000899
2025-09-30 00:57:02.073 | INFO     | agents.servers.serverSAE1:train_on_clients:44 - Client 14 gets new best val_loss at epoch #129: 0.000799
2025-09-30 00:57:02.318 | INFO     | agents.servers.serverSAE1:train_on_clients:44 - Client 15 gets new best val_loss at epoch #129: 0.000840
2025-09-30 00:57:03.044 | INFO     | agents.servers.serverSAE1:train_on_clients:44 - Client 18 gets new best val_loss at epoch #129: 0.000783
2025-09-30 00:57:03.287 | INFO     | agents.servers.serverSAE1:train_on_clients:66 - 20 clients still training at epoch #129
2025-09-30 00:57:03.305 | INFO     | agents.servers.serverSAE1:train_on_clients:22 - Training SAE1 model epoch #130
2025-09-30 00:57:03.550 | INFO     | agents.servers.serverSAE1:train_on_clients:60 - Saved model for client 0 at epoch 130 -> saved_models/SAE1/average/wsn_ds/epoch_130_client_0.pt
2025-09-30 00:57:03.794 | INFO     | agents.servers.serverSAE1:train_on_clients:60 - Saved model for client 1 at epoch 130 -> saved_models/SAE1/average/wsn_ds/epoch_130_client_1.pt
2025-09-30 00:57:04.039 | INFO     | agents.servers.serverSAE1:train_on_clients:60 - Saved model for client 2 at epoch 130 -> saved_models/SAE1/average/wsn_ds/epoch_130_client_2.pt
2025-09-30 00:57:04.280 | INFO     | agents.servers.serverSAE1:train_on_clients:44 - Client 3 gets new best val_loss at epoch #130: 0.000820
2025-09-30 00:57:04.281 | INFO     | agents.servers.serverSAE1:train_on_clients:60 - Saved model for client 3 at epoch 130 -> saved_models/SAE1/average/wsn_ds/epoch_130_client_3.pt
2025-09-30 00:57:04.523 | INFO     | agents.servers.serverSAE1:train_on_clients:60 - Saved model for client 4 at epoch 130 -> saved_models/SAE1/average/wsn_ds/epoch_130_client_4.pt
2025-09-30 00:57:04.767 | INFO     | agents.servers.serverSAE1:train_on_clients:44 - Client 5 gets new best val_loss at epoch #130: 0.000870
2025-09-30 00:57:04.768 | INFO     | agents.servers.serverSAE1:train_on_clients:60 - Saved model for client 5 at epoch 130 -> saved_models/SAE1/average/wsn_ds/epoch_130_client_5.pt
2025-09-30 00:57:05.011 | INFO     | agents.servers.serverSAE1:train_on_clients:60 - Saved model for client 6 at epoch 130 -> saved_models/SAE1/average/wsn_ds/epoch_130_client_6.pt
2025-09-30 00:57:05.254 | INFO     | agents.servers.serverSAE1:train_on_clients:60 - Saved model for client 7 at epoch 130 -> saved_models/SAE1/average/wsn_ds/epoch_130_client_7.pt
2025-09-30 00:57:05.496 | INFO     | agents.servers.serverSAE1:train_on_clients:60 - Saved model for client 8 at epoch 130 -> saved_models/SAE1/average/wsn_ds/epoch_130_client_8.pt
2025-09-30 00:57:05.738 | INFO     | agents.servers.serverSAE1:train_on_clients:44 - Client 9 gets new best val_loss at epoch #130: 0.000815
2025-09-30 00:57:05.740 | INFO     | agents.servers.serverSAE1:train_on_clients:60 - Saved model for client 9 at epoch 130 -> saved_models/SAE1/average/wsn_ds/epoch_130_client_9.pt
2025-09-30 00:57:05.983 | INFO     | agents.servers.serverSAE1:train_on_clients:44 - Client 10 gets new best val_loss at epoch #130: 0.000946
2025-09-30 00:57:05.984 | INFO     | agents.servers.serverSAE1:train_on_clients:60 - Saved model for client 10 at epoch 130 -> saved_models/SAE1/average/wsn_ds/epoch_130_client_10.pt
2025-09-30 00:57:06.226 | INFO     | agents.servers.serverSAE1:train_on_clients:44 - Client 11 gets new best val_loss at epoch #130: 0.000764
2025-09-30 00:57:06.228 | INFO     | agents.servers.serverSAE1:train_on_clients:60 - Saved model for client 11 at epoch 130 -> saved_models/SAE1/average/wsn_ds/epoch_130_client_11.pt
2025-09-30 00:57:06.471 | INFO     | agents.servers.serverSAE1:train_on_clients:60 - Saved model for client 12 at epoch 130 -> saved_models/SAE1/average/wsn_ds/epoch_130_client_12.pt
2025-09-30 00:57:06.713 | INFO     | agents.servers.serverSAE1:train_on_clients:44 - Client 13 gets new best val_loss at epoch #130: 0.000781
2025-09-30 00:57:06.714 | INFO     | agents.servers.serverSAE1:train_on_clients:60 - Saved model for client 13 at epoch 130 -> saved_models/SAE1/average/wsn_ds/epoch_130_client_13.pt
2025-09-30 00:57:06.957 | INFO     | agents.servers.serverSAE1:train_on_clients:44 - Client 14 gets new best val_loss at epoch #130: 0.000747
2025-09-30 00:57:06.959 | INFO     | agents.servers.serverSAE1:train_on_clients:60 - Saved model for client 14 at epoch 130 -> saved_models/SAE1/average/wsn_ds/epoch_130_client_14.pt
2025-09-30 00:57:07.202 | INFO     | agents.servers.serverSAE1:train_on_clients:60 - Saved model for client 15 at epoch 130 -> saved_models/SAE1/average/wsn_ds/epoch_130_client_15.pt
2025-09-30 00:57:07.446 | INFO     | agents.servers.serverSAE1:train_on_clients:60 - Saved model for client 16 at epoch 130 -> saved_models/SAE1/average/wsn_ds/epoch_130_client_16.pt
2025-09-30 00:57:07.691 | INFO     | agents.servers.serverSAE1:train_on_clients:60 - Saved model for client 17 at epoch 130 -> saved_models/SAE1/average/wsn_ds/epoch_130_client_17.pt
2025-09-30 00:57:07.935 | INFO     | agents.servers.serverSAE1:train_on_clients:60 - Saved model for client 18 at epoch 130 -> saved_models/SAE1/average/wsn_ds/epoch_130_client_18.pt
2025-09-30 00:57:08.180 | INFO     | agents.servers.serverSAE1:train_on_clients:44 - Client 19 gets new best val_loss at epoch #130: 0.000808
2025-09-30 00:57:08.181 | INFO     | agents.servers.serverSAE1:train_on_clients:60 - Saved model for client 19 at epoch 130 -> saved_models/SAE1/average/wsn_ds/epoch_130_client_19.pt
2025-09-30 00:57:08.183 | INFO     | agents.servers.serverSAE1:train_on_clients:66 - 20 clients still training at epoch #130
2025-09-30 00:57:08.201 | INFO     | agents.servers.serverSAE1:train_on_clients:22 - Training SAE1 model epoch #131
2025-09-30 00:57:09.173 | INFO     | agents.servers.serverSAE1:train_on_clients:44 - Client 3 gets new best val_loss at epoch #131: 0.000808
2025-09-30 00:57:09.415 | INFO     | agents.servers.serverSAE1:train_on_clients:44 - Client 4 gets new best val_loss at epoch #131: 0.000737
2025-09-30 00:57:10.871 | INFO     | agents.servers.serverSAE1:train_on_clients:44 - Client 10 gets new best val_loss at epoch #131: 0.000932
2025-09-30 00:57:11.357 | INFO     | agents.servers.serverSAE1:train_on_clients:44 - Client 12 gets new best val_loss at epoch #131: 0.000814
2025-09-30 00:57:11.841 | INFO     | agents.servers.serverSAE1:train_on_clients:44 - Client 14 gets new best val_loss at epoch #131: 0.000718
2025-09-30 00:57:12.083 | INFO     | agents.servers.serverSAE1:train_on_clients:44 - Client 15 gets new best val_loss at epoch #131: 0.000819
2025-09-30 00:57:12.325 | INFO     | agents.servers.serverSAE1:train_on_clients:44 - Client 16 gets new best val_loss at epoch #131: 0.000784
2025-09-30 00:57:12.567 | INFO     | agents.servers.serverSAE1:train_on_clients:44 - Client 17 gets new best val_loss at epoch #131: 0.000716
2025-09-30 00:57:13.062 | INFO     | agents.servers.serverSAE1:train_on_clients:44 - Client 19 gets new best val_loss at epoch #131: 0.000807
2025-09-30 00:57:13.063 | INFO     | agents.servers.serverSAE1:train_on_clients:66 - 20 clients still training at epoch #131
2025-09-30 00:57:13.082 | INFO     | agents.servers.serverSAE1:train_on_clients:22 - Training SAE1 model epoch #132
2025-09-30 00:57:13.327 | INFO     | agents.servers.serverSAE1:train_on_clients:44 - Client 0 gets new best val_loss at epoch #132: 0.000850
2025-09-30 00:57:13.574 | INFO     | agents.servers.serverSAE1:train_on_clients:44 - Client 1 gets new best val_loss at epoch #132: 0.000902
2025-09-30 00:57:14.063 | INFO     | agents.servers.serverSAE1:train_on_clients:44 - Client 3 gets new best val_loss at epoch #132: 0.000767
2025-09-30 00:57:14.554 | INFO     | agents.servers.serverSAE1:train_on_clients:44 - Client 5 gets new best val_loss at epoch #132: 0.000795
2025-09-30 00:57:15.772 | INFO     | agents.servers.serverSAE1:train_on_clients:44 - Client 10 gets new best val_loss at epoch #132: 0.000895
2025-09-30 00:57:16.502 | INFO     | agents.servers.serverSAE1:train_on_clients:44 - Client 13 gets new best val_loss at epoch #132: 0.000760
2025-09-30 00:57:16.988 | INFO     | agents.servers.serverSAE1:train_on_clients:44 - Client 15 gets new best val_loss at epoch #132: 0.000792
2025-09-30 00:57:17.475 | INFO     | agents.servers.serverSAE1:train_on_clients:44 - Client 17 gets new best val_loss at epoch #132: 0.000671
2025-09-30 00:57:17.719 | INFO     | agents.servers.serverSAE1:train_on_clients:44 - Client 18 gets new best val_loss at epoch #132: 0.000669
2025-09-30 00:57:17.963 | INFO     | agents.servers.serverSAE1:train_on_clients:66 - 20 clients still training at epoch #132
2025-09-30 00:57:17.981 | INFO     | agents.servers.serverSAE1:train_on_clients:22 - Training SAE1 model epoch #133
2025-09-30 00:57:18.714 | INFO     | agents.servers.serverSAE1:train_on_clients:44 - Client 2 gets new best val_loss at epoch #133: 0.000724
2025-09-30 00:57:19.203 | INFO     | agents.servers.serverSAE1:train_on_clients:44 - Client 4 gets new best val_loss at epoch #133: 0.000676
2025-09-30 00:57:19.446 | INFO     | agents.servers.serverSAE1:train_on_clients:44 - Client 5 gets new best val_loss at epoch #133: 0.000761
2025-09-30 00:57:19.691 | INFO     | agents.servers.serverSAE1:train_on_clients:44 - Client 6 gets new best val_loss at epoch #133: 0.000672
2025-09-30 00:57:19.935 | INFO     | agents.servers.serverSAE1:train_on_clients:44 - Client 7 gets new best val_loss at epoch #133: 0.000766
2025-09-30 00:57:20.181 | INFO     | agents.servers.serverSAE1:train_on_clients:44 - Client 8 gets new best val_loss at epoch #133: 0.000725
2025-09-30 00:57:20.425 | INFO     | agents.servers.serverSAE1:train_on_clients:44 - Client 9 gets new best val_loss at epoch #133: 0.000699
2025-09-30 00:57:20.670 | INFO     | agents.servers.serverSAE1:train_on_clients:44 - Client 10 gets new best val_loss at epoch #133: 0.000828
2025-09-30 00:57:20.915 | INFO     | agents.servers.serverSAE1:train_on_clients:44 - Client 11 gets new best val_loss at epoch #133: 0.000639
2025-09-30 00:57:21.159 | INFO     | agents.servers.serverSAE1:train_on_clients:44 - Client 12 gets new best val_loss at epoch #133: 0.000774
2025-09-30 00:57:21.404 | INFO     | agents.servers.serverSAE1:train_on_clients:44 - Client 13 gets new best val_loss at epoch #133: 0.000694
2025-09-30 00:57:21.650 | INFO     | agents.servers.serverSAE1:train_on_clients:44 - Client 14 gets new best val_loss at epoch #133: 0.000662
2025-09-30 00:57:21.894 | INFO     | agents.servers.serverSAE1:train_on_clients:44 - Client 15 gets new best val_loss at epoch #133: 0.000760
2025-09-30 00:57:22.139 | INFO     | agents.servers.serverSAE1:train_on_clients:44 - Client 16 gets new best val_loss at epoch #133: 0.000760
2025-09-30 00:57:22.384 | INFO     | agents.servers.serverSAE1:train_on_clients:44 - Client 17 gets new best val_loss at epoch #133: 0.000619
2025-09-30 00:57:22.629 | INFO     | agents.servers.serverSAE1:train_on_clients:44 - Client 18 gets new best val_loss at epoch #133: 0.000635
2025-09-30 00:57:22.875 | INFO     | agents.servers.serverSAE1:train_on_clients:44 - Client 19 gets new best val_loss at epoch #133: 0.000753
2025-09-30 00:57:22.876 | INFO     | agents.servers.serverSAE1:train_on_clients:66 - 20 clients still training at epoch #133
2025-09-30 00:57:22.894 | INFO     | agents.servers.serverSAE1:train_on_clients:22 - Training SAE1 model epoch #134
2025-09-30 00:57:23.140 | INFO     | agents.servers.serverSAE1:train_on_clients:44 - Client 0 gets new best val_loss at epoch #134: 0.000724
2025-09-30 00:57:23.384 | INFO     | agents.servers.serverSAE1:train_on_clients:44 - Client 1 gets new best val_loss at epoch #134: 0.000778
2025-09-30 00:57:23.630 | INFO     | agents.servers.serverSAE1:train_on_clients:44 - Client 2 gets new best val_loss at epoch #134: 0.000638
2025-09-30 00:57:23.875 | INFO     | agents.servers.serverSAE1:train_on_clients:44 - Client 3 gets new best val_loss at epoch #134: 0.000724
2025-09-30 00:57:24.362 | INFO     | agents.servers.serverSAE1:train_on_clients:44 - Client 5 gets new best val_loss at epoch #134: 0.000727
2025-09-30 00:57:24.605 | INFO     | agents.servers.serverSAE1:train_on_clients:44 - Client 6 gets new best val_loss at epoch #134: 0.000642
2025-09-30 00:57:25.093 | INFO     | agents.servers.serverSAE1:train_on_clients:44 - Client 8 gets new best val_loss at epoch #134: 0.000640
2025-09-30 00:57:25.340 | INFO     | agents.servers.serverSAE1:train_on_clients:44 - Client 9 gets new best val_loss at epoch #134: 0.000662
2025-09-30 00:57:25.584 | INFO     | agents.servers.serverSAE1:train_on_clients:44 - Client 10 gets new best val_loss at epoch #134: 0.000764
2025-09-30 00:57:25.830 | INFO     | agents.servers.serverSAE1:train_on_clients:44 - Client 11 gets new best val_loss at epoch #134: 0.000622
2025-09-30 00:57:26.073 | INFO     | agents.servers.serverSAE1:train_on_clients:44 - Client 12 gets new best val_loss at epoch #134: 0.000752
2025-09-30 00:57:26.563 | INFO     | agents.servers.serverSAE1:train_on_clients:44 - Client 14 gets new best val_loss at epoch #134: 0.000621
2025-09-30 00:57:26.806 | INFO     | agents.servers.serverSAE1:train_on_clients:44 - Client 15 gets new best val_loss at epoch #134: 0.000696
2025-09-30 00:57:27.050 | INFO     | agents.servers.serverSAE1:train_on_clients:44 - Client 16 gets new best val_loss at epoch #134: 0.000688
2025-09-30 00:57:27.295 | INFO     | agents.servers.serverSAE1:train_on_clients:44 - Client 17 gets new best val_loss at epoch #134: 0.000549
2025-09-30 00:57:27.540 | INFO     | agents.servers.serverSAE1:train_on_clients:44 - Client 18 gets new best val_loss at epoch #134: 0.000604
2025-09-30 00:57:27.785 | INFO     | agents.servers.serverSAE1:train_on_clients:44 - Client 19 gets new best val_loss at epoch #134: 0.000686
2025-09-30 00:57:27.787 | INFO     | agents.servers.serverSAE1:train_on_clients:66 - 20 clients still training at epoch #134
2025-09-30 00:57:27.805 | INFO     | agents.servers.serverSAE1:train_on_clients:22 - Training SAE1 model epoch #135
2025-09-30 00:57:28.294 | INFO     | agents.servers.serverSAE1:train_on_clients:44 - Client 1 gets new best val_loss at epoch #135: 0.000721
2025-09-30 00:57:28.537 | INFO     | agents.servers.serverSAE1:train_on_clients:44 - Client 2 gets new best val_loss at epoch #135: 0.000637
2025-09-30 00:57:28.782 | INFO     | agents.servers.serverSAE1:train_on_clients:44 - Client 3 gets new best val_loss at epoch #135: 0.000654
2025-09-30 00:57:29.998 | INFO     | agents.servers.serverSAE1:train_on_clients:44 - Client 8 gets new best val_loss at epoch #135: 0.000613
2025-09-30 00:57:30.485 | INFO     | agents.servers.serverSAE1:train_on_clients:44 - Client 10 gets new best val_loss at epoch #135: 0.000753
2025-09-30 00:57:30.731 | INFO     | agents.servers.serverSAE1:train_on_clients:44 - Client 11 gets new best val_loss at epoch #135: 0.000596
2025-09-30 00:57:30.976 | INFO     | agents.servers.serverSAE1:train_on_clients:44 - Client 12 gets new best val_loss at epoch #135: 0.000750
2025-09-30 00:57:31.705 | INFO     | agents.servers.serverSAE1:train_on_clients:44 - Client 15 gets new best val_loss at epoch #135: 0.000691
2025-09-30 00:57:32.192 | INFO     | agents.servers.serverSAE1:train_on_clients:44 - Client 17 gets new best val_loss at epoch #135: 0.000531
2025-09-30 00:57:32.436 | INFO     | agents.servers.serverSAE1:train_on_clients:44 - Client 18 gets new best val_loss at epoch #135: 0.000568
2025-09-30 00:57:32.678 | INFO     | agents.servers.serverSAE1:train_on_clients:66 - 20 clients still training at epoch #135
2025-09-30 00:57:32.696 | INFO     | agents.servers.serverSAE1:train_on_clients:22 - Training SAE1 model epoch #136
2025-09-30 00:57:32.940 | INFO     | agents.servers.serverSAE1:train_on_clients:44 - Client 0 gets new best val_loss at epoch #136: 0.000706
2025-09-30 00:57:33.185 | INFO     | agents.servers.serverSAE1:train_on_clients:44 - Client 1 gets new best val_loss at epoch #136: 0.000689
2025-09-30 00:57:33.674 | INFO     | agents.servers.serverSAE1:train_on_clients:44 - Client 3 gets new best val_loss at epoch #136: 0.000620
2025-09-30 00:57:33.919 | INFO     | agents.servers.serverSAE1:train_on_clients:44 - Client 4 gets new best val_loss at epoch #136: 0.000629
2025-09-30 00:57:34.163 | INFO     | agents.servers.serverSAE1:train_on_clients:44 - Client 5 gets new best val_loss at epoch #136: 0.000696
2025-09-30 00:57:34.407 | INFO     | agents.servers.serverSAE1:train_on_clients:44 - Client 6 gets new best val_loss at epoch #136: 0.000625
2025-09-30 00:57:34.653 | INFO     | agents.servers.serverSAE1:train_on_clients:44 - Client 7 gets new best val_loss at epoch #136: 0.000711
2025-09-30 00:57:35.384 | INFO     | agents.servers.serverSAE1:train_on_clients:44 - Client 10 gets new best val_loss at epoch #136: 0.000739
2025-09-30 00:57:35.627 | INFO     | agents.servers.serverSAE1:train_on_clients:44 - Client 11 gets new best val_loss at epoch #136: 0.000574
2025-09-30 00:57:36.111 | INFO     | agents.servers.serverSAE1:train_on_clients:44 - Client 13 gets new best val_loss at epoch #136: 0.000668
2025-09-30 00:57:37.322 | INFO     | agents.servers.serverSAE1:train_on_clients:44 - Client 18 gets new best val_loss at epoch #136: 0.000539
2025-09-30 00:57:37.565 | INFO     | agents.servers.serverSAE1:train_on_clients:66 - 20 clients still training at epoch #136
2025-09-30 00:57:37.583 | INFO     | agents.servers.serverSAE1:train_on_clients:22 - Training SAE1 model epoch #137
2025-09-30 00:57:39.044 | INFO     | agents.servers.serverSAE1:train_on_clients:44 - Client 5 gets new best val_loss at epoch #137: 0.000661
2025-09-30 00:57:40.014 | INFO     | agents.servers.serverSAE1:train_on_clients:44 - Client 9 gets new best val_loss at epoch #137: 0.000608
2025-09-30 00:57:40.258 | INFO     | agents.servers.serverSAE1:train_on_clients:44 - Client 10 gets new best val_loss at epoch #137: 0.000685
2025-09-30 00:57:40.503 | INFO     | agents.servers.serverSAE1:train_on_clients:44 - Client 11 gets new best val_loss at epoch #137: 0.000543
2025-09-30 00:57:40.748 | INFO     | agents.servers.serverSAE1:train_on_clients:44 - Client 12 gets new best val_loss at epoch #137: 0.000667
2025-09-30 00:57:40.997 | INFO     | agents.servers.serverSAE1:train_on_clients:44 - Client 13 gets new best val_loss at epoch #137: 0.000588
2025-09-30 00:57:41.237 | INFO     | agents.servers.serverSAE1:train_on_clients:44 - Client 14 gets new best val_loss at epoch #137: 0.000590
2025-09-30 00:57:41.474 | INFO     | agents.servers.serverSAE1:train_on_clients:44 - Client 15 gets new best val_loss at epoch #137: 0.000678
2025-09-30 00:57:41.713 | INFO     | agents.servers.serverSAE1:train_on_clients:44 - Client 16 gets new best val_loss at epoch #137: 0.000663
2025-09-30 00:57:41.949 | INFO     | agents.servers.serverSAE1:train_on_clients:44 - Client 17 gets new best val_loss at epoch #137: 0.000494
2025-09-30 00:57:42.470 | INFO     | agents.servers.serverSAE1:train_on_clients:44 - Client 19 gets new best val_loss at epoch #137: 0.000638
2025-09-30 00:57:42.472 | INFO     | agents.servers.serverSAE1:train_on_clients:66 - 20 clients still training at epoch #137
2025-09-30 00:57:42.490 | INFO     | agents.servers.serverSAE1:train_on_clients:22 - Training SAE1 model epoch #138
2025-09-30 00:57:42.986 | INFO     | agents.servers.serverSAE1:train_on_clients:44 - Client 1 gets new best val_loss at epoch #138: 0.000684
2025-09-30 00:57:43.232 | INFO     | agents.servers.serverSAE1:train_on_clients:44 - Client 2 gets new best val_loss at epoch #138: 0.000625
2025-09-30 00:57:43.479 | INFO     | agents.servers.serverSAE1:train_on_clients:44 - Client 3 gets new best val_loss at epoch #138: 0.000603
2025-09-30 00:57:44.293 | INFO     | agents.servers.serverSAE1:train_on_clients:44 - Client 6 gets new best val_loss at epoch #138: 0.000607
2025-09-30 00:57:44.539 | INFO     | agents.servers.serverSAE1:train_on_clients:44 - Client 7 gets new best val_loss at epoch #138: 0.000692
2025-09-30 00:57:44.783 | INFO     | agents.servers.serverSAE1:train_on_clients:44 - Client 8 gets new best val_loss at epoch #138: 0.000610
2025-09-30 00:57:45.554 | INFO     | agents.servers.serverSAE1:train_on_clients:44 - Client 11 gets new best val_loss at epoch #138: 0.000500
2025-09-30 00:57:45.797 | INFO     | agents.servers.serverSAE1:train_on_clients:44 - Client 12 gets new best val_loss at epoch #138: 0.000649
2025-09-30 00:57:47.028 | INFO     | agents.servers.serverSAE1:train_on_clients:44 - Client 17 gets new best val_loss at epoch #138: 0.000491
2025-09-30 00:57:47.274 | INFO     | agents.servers.serverSAE1:train_on_clients:44 - Client 18 gets new best val_loss at epoch #138: 0.000519
2025-09-30 00:57:47.520 | INFO     | agents.servers.serverSAE1:train_on_clients:66 - 20 clients still training at epoch #138
2025-09-30 00:57:47.538 | INFO     | agents.servers.serverSAE1:train_on_clients:22 - Training SAE1 model epoch #139
2025-09-30 00:57:47.781 | INFO     | agents.servers.serverSAE1:train_on_clients:44 - Client 0 gets new best val_loss at epoch #139: 0.000666
2025-09-30 00:57:48.755 | INFO     | agents.servers.serverSAE1:train_on_clients:44 - Client 4 gets new best val_loss at epoch #139: 0.000550
2025-09-30 00:57:49.001 | INFO     | agents.servers.serverSAE1:train_on_clients:44 - Client 5 gets new best val_loss at epoch #139: 0.000621
2025-09-30 00:57:49.246 | INFO     | agents.servers.serverSAE1:train_on_clients:44 - Client 6 gets new best val_loss at epoch #139: 0.000604
2025-09-30 00:57:50.218 | INFO     | agents.servers.serverSAE1:train_on_clients:44 - Client 10 gets new best val_loss at epoch #139: 0.000629
2025-09-30 00:57:50.463 | INFO     | agents.servers.serverSAE1:train_on_clients:44 - Client 11 gets new best val_loss at epoch #139: 0.000475
2025-09-30 00:57:51.189 | INFO     | agents.servers.serverSAE1:train_on_clients:44 - Client 14 gets new best val_loss at epoch #139: 0.000570
2025-09-30 00:57:51.434 | INFO     | agents.servers.serverSAE1:train_on_clients:44 - Client 15 gets new best val_loss at epoch #139: 0.000629
2025-09-30 00:57:52.408 | INFO     | agents.servers.serverSAE1:train_on_clients:44 - Client 19 gets new best val_loss at epoch #139: 0.000563
2025-09-30 00:57:52.409 | INFO     | agents.servers.serverSAE1:train_on_clients:66 - 20 clients still training at epoch #139
2025-09-30 00:57:52.428 | INFO     | agents.servers.serverSAE1:train_on_clients:22 - Training SAE1 model epoch #140
2025-09-30 00:57:52.672 | INFO     | agents.servers.serverSAE1:train_on_clients:44 - Client 0 gets new best val_loss at epoch #140: 0.000633
2025-09-30 00:57:52.673 | INFO     | agents.servers.serverSAE1:train_on_clients:60 - Saved model for client 0 at epoch 140 -> saved_models/SAE1/average/wsn_ds/epoch_140_client_0.pt
2025-09-30 00:57:52.918 | INFO     | agents.servers.serverSAE1:train_on_clients:44 - Client 1 gets new best val_loss at epoch #140: 0.000663
2025-09-30 00:57:52.920 | INFO     | agents.servers.serverSAE1:train_on_clients:60 - Saved model for client 1 at epoch 140 -> saved_models/SAE1/average/wsn_ds/epoch_140_client_1.pt
2025-09-30 00:57:53.164 | INFO     | agents.servers.serverSAE1:train_on_clients:44 - Client 2 gets new best val_loss at epoch #140: 0.000620
2025-09-30 00:57:53.165 | INFO     | agents.servers.serverSAE1:train_on_clients:60 - Saved model for client 2 at epoch 140 -> saved_models/SAE1/average/wsn_ds/epoch_140_client_2.pt
2025-09-30 00:57:53.410 | INFO     | agents.servers.serverSAE1:train_on_clients:44 - Client 3 gets new best val_loss at epoch #140: 0.000579
2025-09-30 00:57:53.412 | INFO     | agents.servers.serverSAE1:train_on_clients:60 - Saved model for client 3 at epoch 140 -> saved_models/SAE1/average/wsn_ds/epoch_140_client_3.pt
2025-09-30 00:57:53.655 | INFO     | agents.servers.serverSAE1:train_on_clients:60 - Saved model for client 4 at epoch 140 -> saved_models/SAE1/average/wsn_ds/epoch_140_client_4.pt
2025-09-30 00:57:53.900 | INFO     | agents.servers.serverSAE1:train_on_clients:44 - Client 5 gets new best val_loss at epoch #140: 0.000606
2025-09-30 00:57:53.901 | INFO     | agents.servers.serverSAE1:train_on_clients:60 - Saved model for client 5 at epoch 140 -> saved_models/SAE1/average/wsn_ds/epoch_140_client_5.pt
2025-09-30 00:57:54.148 | INFO     | agents.servers.serverSAE1:train_on_clients:44 - Client 6 gets new best val_loss at epoch #140: 0.000574
2025-09-30 00:57:54.149 | INFO     | agents.servers.serverSAE1:train_on_clients:60 - Saved model for client 6 at epoch 140 -> saved_models/SAE1/average/wsn_ds/epoch_140_client_6.pt
2025-09-30 00:57:54.394 | INFO     | agents.servers.serverSAE1:train_on_clients:60 - Saved model for client 7 at epoch 140 -> saved_models/SAE1/average/wsn_ds/epoch_140_client_7.pt
2025-09-30 00:57:54.640 | INFO     | agents.servers.serverSAE1:train_on_clients:44 - Client 8 gets new best val_loss at epoch #140: 0.000585
2025-09-30 00:57:54.641 | INFO     | agents.servers.serverSAE1:train_on_clients:60 - Saved model for client 8 at epoch 140 -> saved_models/SAE1/average/wsn_ds/epoch_140_client_8.pt
2025-09-30 00:57:54.886 | INFO     | agents.servers.serverSAE1:train_on_clients:44 - Client 9 gets new best val_loss at epoch #140: 0.000550
2025-09-30 00:57:54.888 | INFO     | agents.servers.serverSAE1:train_on_clients:60 - Saved model for client 9 at epoch 140 -> saved_models/SAE1/average/wsn_ds/epoch_140_client_9.pt
2025-09-30 00:57:55.130 | INFO     | agents.servers.serverSAE1:train_on_clients:44 - Client 10 gets new best val_loss at epoch #140: 0.000622
2025-09-30 00:57:55.132 | INFO     | agents.servers.serverSAE1:train_on_clients:60 - Saved model for client 10 at epoch 140 -> saved_models/SAE1/average/wsn_ds/epoch_140_client_10.pt
2025-09-30 00:57:55.376 | INFO     | agents.servers.serverSAE1:train_on_clients:44 - Client 11 gets new best val_loss at epoch #140: 0.000465
2025-09-30 00:57:55.377 | INFO     | agents.servers.serverSAE1:train_on_clients:60 - Saved model for client 11 at epoch 140 -> saved_models/SAE1/average/wsn_ds/epoch_140_client_11.pt
2025-09-30 00:57:55.619 | INFO     | agents.servers.serverSAE1:train_on_clients:44 - Client 12 gets new best val_loss at epoch #140: 0.000590
2025-09-30 00:57:55.620 | INFO     | agents.servers.serverSAE1:train_on_clients:60 - Saved model for client 12 at epoch 140 -> saved_models/SAE1/average/wsn_ds/epoch_140_client_12.pt
2025-09-30 00:57:55.864 | INFO     | agents.servers.serverSAE1:train_on_clients:60 - Saved model for client 13 at epoch 140 -> saved_models/SAE1/average/wsn_ds/epoch_140_client_13.pt
2025-09-30 00:57:56.105 | INFO     | agents.servers.serverSAE1:train_on_clients:60 - Saved model for client 14 at epoch 140 -> saved_models/SAE1/average/wsn_ds/epoch_140_client_14.pt
2025-09-30 00:57:56.350 | INFO     | agents.servers.serverSAE1:train_on_clients:60 - Saved model for client 15 at epoch 140 -> saved_models/SAE1/average/wsn_ds/epoch_140_client_15.pt
2025-09-30 00:57:56.590 | INFO     | agents.servers.serverSAE1:train_on_clients:60 - Saved model for client 16 at epoch 140 -> saved_models/SAE1/average/wsn_ds/epoch_140_client_16.pt
2025-09-30 00:57:56.835 | INFO     | agents.servers.serverSAE1:train_on_clients:44 - Client 17 gets new best val_loss at epoch #140: 0.000441
2025-09-30 00:57:56.836 | INFO     | agents.servers.serverSAE1:train_on_clients:60 - Saved model for client 17 at epoch 140 -> saved_models/SAE1/average/wsn_ds/epoch_140_client_17.pt
2025-09-30 00:57:57.081 | INFO     | agents.servers.serverSAE1:train_on_clients:60 - Saved model for client 18 at epoch 140 -> saved_models/SAE1/average/wsn_ds/epoch_140_client_18.pt
2025-09-30 00:57:57.324 | INFO     | agents.servers.serverSAE1:train_on_clients:60 - Saved model for client 19 at epoch 140 -> saved_models/SAE1/average/wsn_ds/epoch_140_client_19.pt
2025-09-30 00:57:57.326 | INFO     | agents.servers.serverSAE1:train_on_clients:66 - 20 clients still training at epoch #140
2025-09-30 00:57:57.344 | INFO     | agents.servers.serverSAE1:train_on_clients:22 - Training SAE1 model epoch #141
2025-09-30 00:57:58.071 | INFO     | agents.servers.serverSAE1:train_on_clients:44 - Client 2 gets new best val_loss at epoch #141: 0.000564
2025-09-30 00:57:58.796 | INFO     | agents.servers.serverSAE1:train_on_clients:44 - Client 5 gets new best val_loss at epoch #141: 0.000605
2025-09-30 00:57:59.037 | INFO     | agents.servers.serverSAE1:train_on_clients:44 - Client 6 gets new best val_loss at epoch #141: 0.000571
2025-09-30 00:58:00.010 | INFO     | agents.servers.serverSAE1:train_on_clients:44 - Client 10 gets new best val_loss at epoch #141: 0.000603
2025-09-30 00:58:00.740 | INFO     | agents.servers.serverSAE1:train_on_clients:44 - Client 13 gets new best val_loss at epoch #141: 0.000557
2025-09-30 00:58:00.985 | INFO     | agents.servers.serverSAE1:train_on_clients:44 - Client 14 gets new best val_loss at epoch #141: 0.000555
2025-09-30 00:58:01.235 | INFO     | agents.servers.serverSAE1:train_on_clients:44 - Client 15 gets new best val_loss at epoch #141: 0.000617
2025-09-30 00:58:01.479 | INFO     | agents.servers.serverSAE1:train_on_clients:44 - Client 16 gets new best val_loss at epoch #141: 0.000637
2025-09-30 00:58:02.210 | INFO     | agents.servers.serverSAE1:train_on_clients:66 - 20 clients still training at epoch #141
2025-09-30 00:58:02.228 | INFO     | agents.servers.serverSAE1:train_on_clients:22 - Training SAE1 model epoch #142
2025-09-30 00:58:03.695 | INFO     | agents.servers.serverSAE1:train_on_clients:44 - Client 5 gets new best val_loss at epoch #142: 0.000575
2025-09-30 00:58:03.939 | INFO     | agents.servers.serverSAE1:train_on_clients:44 - Client 6 gets new best val_loss at epoch #142: 0.000538
2025-09-30 00:58:04.429 | INFO     | agents.servers.serverSAE1:train_on_clients:44 - Client 8 gets new best val_loss at epoch #142: 0.000539
2025-09-30 00:58:04.674 | INFO     | agents.servers.serverSAE1:train_on_clients:44 - Client 9 gets new best val_loss at epoch #142: 0.000538
2025-09-30 00:58:05.156 | INFO     | agents.servers.serverSAE1:train_on_clients:44 - Client 11 gets new best val_loss at epoch #142: 0.000457
2025-09-30 00:58:05.884 | INFO     | agents.servers.serverSAE1:train_on_clients:44 - Client 14 gets new best val_loss at epoch #142: 0.000552
2025-09-30 00:58:06.877 | INFO     | agents.servers.serverSAE1:train_on_clients:44 - Client 18 gets new best val_loss at epoch #142: 0.000517
2025-09-30 00:58:07.121 | INFO     | agents.servers.serverSAE1:train_on_clients:66 - 20 clients still training at epoch #142
2025-09-30 00:58:07.140 | INFO     | agents.servers.serverSAE1:train_on_clients:22 - Training SAE1 model epoch #143
2025-09-30 00:58:07.386 | INFO     | agents.servers.serverSAE1:train_on_clients:44 - Client 0 gets new best val_loss at epoch #143: 0.000604
2025-09-30 00:58:07.634 | INFO     | agents.servers.serverSAE1:train_on_clients:44 - Client 1 gets new best val_loss at epoch #143: 0.000648
2025-09-30 00:58:08.127 | INFO     | agents.servers.serverSAE1:train_on_clients:44 - Client 3 gets new best val_loss at epoch #143: 0.000573
2025-09-30 00:58:08.372 | INFO     | agents.servers.serverSAE1:train_on_clients:44 - Client 4 gets new best val_loss at epoch #143: 0.000541
2025-09-30 00:58:08.860 | INFO     | agents.servers.serverSAE1:train_on_clients:44 - Client 6 gets new best val_loss at epoch #143: 0.000529
2025-09-30 00:58:09.835 | INFO     | agents.servers.serverSAE1:train_on_clients:44 - Client 10 gets new best val_loss at epoch #143: 0.000583
2025-09-30 00:58:10.808 | INFO     | agents.servers.serverSAE1:train_on_clients:44 - Client 14 gets new best val_loss at epoch #143: 0.000534
2025-09-30 00:58:11.298 | INFO     | agents.servers.serverSAE1:train_on_clients:44 - Client 16 gets new best val_loss at epoch #143: 0.000584
2025-09-30 00:58:12.030 | INFO     | agents.servers.serverSAE1:train_on_clients:66 - 20 clients still training at epoch #143
2025-09-30 00:58:12.048 | INFO     | agents.servers.serverSAE1:train_on_clients:22 - Training SAE1 model epoch #144
2025-09-30 00:58:13.022 | INFO     | agents.servers.serverSAE1:train_on_clients:44 - Client 3 gets new best val_loss at epoch #144: 0.000561
2025-09-30 00:58:13.753 | INFO     | agents.servers.serverSAE1:train_on_clients:44 - Client 6 gets new best val_loss at epoch #144: 0.000497
2025-09-30 00:58:13.997 | INFO     | agents.servers.serverSAE1:train_on_clients:44 - Client 7 gets new best val_loss at epoch #144: 0.000691
2025-09-30 00:58:14.245 | INFO     | agents.servers.serverSAE1:train_on_clients:44 - Client 8 gets new best val_loss at epoch #144: 0.000529
2025-09-30 00:58:15.946 | INFO     | agents.servers.serverSAE1:train_on_clients:44 - Client 15 gets new best val_loss at epoch #144: 0.000535
2025-09-30 00:58:16.922 | INFO     | agents.servers.serverSAE1:train_on_clients:44 - Client 19 gets new best val_loss at epoch #144: 0.000551
2025-09-30 00:58:16.925 | INFO     | agents.servers.serverSAE1:train_on_clients:66 - 20 clients still training at epoch #144
2025-09-30 00:58:16.949 | INFO     | agents.servers.serverSAE1:train_on_clients:22 - Training SAE1 model epoch #145
2025-09-30 00:58:17.432 | INFO     | agents.servers.serverSAE1:train_on_clients:44 - Client 1 gets new best val_loss at epoch #145: 0.000625
2025-09-30 00:58:17.674 | INFO     | agents.servers.serverSAE1:train_on_clients:44 - Client 2 gets new best val_loss at epoch #145: 0.000535
2025-09-30 00:58:17.917 | INFO     | agents.servers.serverSAE1:train_on_clients:44 - Client 3 gets new best val_loss at epoch #145: 0.000531
2025-09-30 00:58:18.641 | INFO     | agents.servers.serverSAE1:train_on_clients:44 - Client 6 gets new best val_loss at epoch #145: 0.000479
2025-09-30 00:58:19.131 | INFO     | agents.servers.serverSAE1:train_on_clients:44 - Client 8 gets new best val_loss at epoch #145: 0.000513
2025-09-30 00:58:20.590 | INFO     | agents.servers.serverSAE1:train_on_clients:44 - Client 14 gets new best val_loss at epoch #145: 0.000518
2025-09-30 00:58:20.837 | INFO     | agents.servers.serverSAE1:train_on_clients:44 - Client 15 gets new best val_loss at epoch #145: 0.000531
2025-09-30 00:58:21.328 | INFO     | agents.servers.serverSAE1:train_on_clients:44 - Client 17 gets new best val_loss at epoch #145: 0.000438
2025-09-30 00:58:21.575 | INFO     | agents.servers.serverSAE1:train_on_clients:44 - Client 18 gets new best val_loss at epoch #145: 0.000513
2025-09-30 00:58:21.817 | INFO     | agents.servers.serverSAE1:train_on_clients:66 - 20 clients still training at epoch #145
2025-09-30 00:58:21.836 | INFO     | agents.servers.serverSAE1:train_on_clients:22 - Training SAE1 model epoch #146
2025-09-30 00:58:22.564 | INFO     | agents.servers.serverSAE1:train_on_clients:44 - Client 2 gets new best val_loss at epoch #146: 0.000502
2025-09-30 00:58:23.059 | INFO     | agents.servers.serverSAE1:train_on_clients:44 - Client 4 gets new best val_loss at epoch #146: 0.000533
2025-09-30 00:58:23.305 | INFO     | agents.servers.serverSAE1:train_on_clients:44 - Client 5 gets new best val_loss at epoch #146: 0.000529
2025-09-30 00:58:24.531 | INFO     | agents.servers.serverSAE1:train_on_clients:44 - Client 10 gets new best val_loss at epoch #146: 0.000540
2025-09-30 00:58:25.261 | INFO     | agents.servers.serverSAE1:train_on_clients:44 - Client 13 gets new best val_loss at epoch #146: 0.000528
2025-09-30 00:58:25.505 | INFO     | agents.servers.serverSAE1:train_on_clients:44 - Client 14 gets new best val_loss at epoch #146: 0.000498
2025-09-30 00:58:25.996 | INFO     | agents.servers.serverSAE1:train_on_clients:44 - Client 16 gets new best val_loss at epoch #146: 0.000549
2025-09-30 00:58:26.243 | INFO     | agents.servers.serverSAE1:train_on_clients:44 - Client 17 gets new best val_loss at epoch #146: 0.000417
2025-09-30 00:58:26.740 | INFO     | agents.servers.serverSAE1:train_on_clients:66 - 20 clients still training at epoch #146
2025-09-30 00:58:26.758 | INFO     | agents.servers.serverSAE1:train_on_clients:22 - Training SAE1 model epoch #147
2025-09-30 00:58:27.251 | INFO     | agents.servers.serverSAE1:train_on_clients:44 - Client 1 gets new best val_loss at epoch #147: 0.000615
2025-09-30 00:58:27.499 | INFO     | agents.servers.serverSAE1:train_on_clients:44 - Client 2 gets new best val_loss at epoch #147: 0.000475
2025-09-30 00:58:27.996 | INFO     | agents.servers.serverSAE1:train_on_clients:44 - Client 4 gets new best val_loss at epoch #147: 0.000517
2025-09-30 00:58:28.489 | INFO     | agents.servers.serverSAE1:train_on_clients:44 - Client 6 gets new best val_loss at epoch #147: 0.000478
2025-09-30 00:58:28.733 | INFO     | agents.servers.serverSAE1:train_on_clients:44 - Client 7 gets new best val_loss at epoch #147: 0.000513
2025-09-30 00:58:29.709 | INFO     | agents.servers.serverSAE1:train_on_clients:44 - Client 11 gets new best val_loss at epoch #147: 0.000453
2025-09-30 00:58:31.170 | INFO     | agents.servers.serverSAE1:train_on_clients:44 - Client 17 gets new best val_loss at epoch #147: 0.000399
2025-09-30 00:58:31.413 | INFO     | agents.servers.serverSAE1:train_on_clients:44 - Client 18 gets new best val_loss at epoch #147: 0.000503
2025-09-30 00:58:31.658 | INFO     | agents.servers.serverSAE1:train_on_clients:66 - 20 clients still training at epoch #147
2025-09-30 00:58:31.676 | INFO     | agents.servers.serverSAE1:train_on_clients:22 - Training SAE1 model epoch #148
2025-09-30 00:58:33.628 | INFO     | agents.servers.serverSAE1:train_on_clients:44 - Client 7 gets new best val_loss at epoch #148: 0.000503
2025-09-30 00:58:34.846 | INFO     | agents.servers.serverSAE1:train_on_clients:44 - Client 12 gets new best val_loss at epoch #148: 0.000545
2025-09-30 00:58:35.337 | INFO     | agents.servers.serverSAE1:train_on_clients:44 - Client 14 gets new best val_loss at epoch #148: 0.000479
2025-09-30 00:58:36.546 | INFO     | agents.servers.serverSAE1:train_on_clients:66 - 20 clients still training at epoch #148
2025-09-30 00:58:36.565 | INFO     | agents.servers.serverSAE1:train_on_clients:22 - Training SAE1 model epoch #149
2025-09-30 00:58:37.779 | INFO     | agents.servers.serverSAE1:train_on_clients:44 - Client 4 gets new best val_loss at epoch #149: 0.000508
2025-09-30 00:58:41.156 | INFO     | agents.servers.serverSAE1:train_on_clients:44 - Client 18 gets new best val_loss at epoch #149: 0.000449
2025-09-30 00:58:41.399 | INFO     | agents.servers.serverSAE1:train_on_clients:44 - Client 19 gets new best val_loss at epoch #149: 0.000545
2025-09-30 00:58:41.401 | INFO     | agents.servers.serverSAE1:train_on_clients:66 - 20 clients still training at epoch #149
2025-09-30 00:58:41.420 | INFO     | agents.servers.serverSAE1:train_on_clients:22 - Training SAE1 model epoch #150
2025-09-30 00:58:41.666 | INFO     | agents.servers.serverSAE1:train_on_clients:60 - Saved model for client 0 at epoch 150 -> saved_models/SAE1/average/wsn_ds/epoch_150_client_0.pt
2025-09-30 00:58:41.909 | INFO     | agents.servers.serverSAE1:train_on_clients:60 - Saved model for client 1 at epoch 150 -> saved_models/SAE1/average/wsn_ds/epoch_150_client_1.pt
2025-09-30 00:58:42.153 | INFO     | agents.servers.serverSAE1:train_on_clients:60 - Saved model for client 2 at epoch 150 -> saved_models/SAE1/average/wsn_ds/epoch_150_client_2.pt
2025-09-30 00:58:42.397 | INFO     | agents.servers.serverSAE1:train_on_clients:60 - Saved model for client 3 at epoch 150 -> saved_models/SAE1/average/wsn_ds/epoch_150_client_3.pt
2025-09-30 00:58:42.641 | INFO     | agents.servers.serverSAE1:train_on_clients:60 - Saved model for client 4 at epoch 150 -> saved_models/SAE1/average/wsn_ds/epoch_150_client_4.pt
2025-09-30 00:58:42.884 | INFO     | agents.servers.serverSAE1:train_on_clients:60 - Saved model for client 5 at epoch 150 -> saved_models/SAE1/average/wsn_ds/epoch_150_client_5.pt
2025-09-30 00:58:43.126 | INFO     | agents.servers.serverSAE1:train_on_clients:60 - Saved model for client 6 at epoch 150 -> saved_models/SAE1/average/wsn_ds/epoch_150_client_6.pt
2025-09-30 00:58:43.371 | INFO     | agents.servers.serverSAE1:train_on_clients:60 - Saved model for client 7 at epoch 150 -> saved_models/SAE1/average/wsn_ds/epoch_150_client_7.pt
2025-09-30 00:58:43.614 | INFO     | agents.servers.serverSAE1:train_on_clients:60 - Saved model for client 8 at epoch 150 -> saved_models/SAE1/average/wsn_ds/epoch_150_client_8.pt
2025-09-30 00:58:43.856 | INFO     | agents.servers.serverSAE1:train_on_clients:60 - Saved model for client 9 at epoch 150 -> saved_models/SAE1/average/wsn_ds/epoch_150_client_9.pt
2025-09-30 00:58:44.099 | INFO     | agents.servers.serverSAE1:train_on_clients:44 - Client 10 gets new best val_loss at epoch #150: 0.000526
2025-09-30 00:58:44.100 | INFO     | agents.servers.serverSAE1:train_on_clients:60 - Saved model for client 10 at epoch 150 -> saved_models/SAE1/average/wsn_ds/epoch_150_client_10.pt
2025-09-30 00:58:44.343 | INFO     | agents.servers.serverSAE1:train_on_clients:60 - Saved model for client 11 at epoch 150 -> saved_models/SAE1/average/wsn_ds/epoch_150_client_11.pt
2025-09-30 00:58:44.586 | INFO     | agents.servers.serverSAE1:train_on_clients:60 - Saved model for client 12 at epoch 150 -> saved_models/SAE1/average/wsn_ds/epoch_150_client_12.pt
2025-09-30 00:58:44.829 | INFO     | agents.servers.serverSAE1:train_on_clients:44 - Client 13 gets new best val_loss at epoch #150: 0.000511
2025-09-30 00:58:44.830 | INFO     | agents.servers.serverSAE1:train_on_clients:60 - Saved model for client 13 at epoch 150 -> saved_models/SAE1/average/wsn_ds/epoch_150_client_13.pt
2025-09-30 00:58:45.074 | INFO     | agents.servers.serverSAE1:train_on_clients:60 - Saved model for client 14 at epoch 150 -> saved_models/SAE1/average/wsn_ds/epoch_150_client_14.pt
2025-09-30 00:58:45.318 | INFO     | agents.servers.serverSAE1:train_on_clients:60 - Saved model for client 15 at epoch 150 -> saved_models/SAE1/average/wsn_ds/epoch_150_client_15.pt
2025-09-30 00:58:45.561 | INFO     | agents.servers.serverSAE1:train_on_clients:60 - Saved model for client 16 at epoch 150 -> saved_models/SAE1/average/wsn_ds/epoch_150_client_16.pt
2025-09-30 00:58:45.805 | INFO     | agents.servers.serverSAE1:train_on_clients:60 - Saved model for client 17 at epoch 150 -> saved_models/SAE1/average/wsn_ds/epoch_150_client_17.pt
2025-09-30 00:58:46.046 | INFO     | agents.servers.serverSAE1:train_on_clients:60 - Saved model for client 18 at epoch 150 -> saved_models/SAE1/average/wsn_ds/epoch_150_client_18.pt
2025-09-30 00:58:46.288 | INFO     | agents.servers.serverSAE1:train_on_clients:60 - Saved model for client 19 at epoch 150 -> saved_models/SAE1/average/wsn_ds/epoch_150_client_19.pt
2025-09-30 00:58:46.290 | INFO     | agents.servers.serverSAE1:train_on_clients:66 - 20 clients still training at epoch #150
2025-09-30 00:58:46.308 | INFO     | agents.servers.serverSAE1:train_on_clients:22 - Training SAE1 model epoch #151
2025-09-30 00:58:46.795 | INFO     | agents.servers.serverSAE1:train_on_clients:44 - Client 1 gets new best val_loss at epoch #151: 0.000594
2025-09-30 00:58:50.014 | INFO     | agents.servers.serverSAE1:train_on_clients:44 - Client 14 gets new best val_loss at epoch #151: 0.000470
2025-09-30 00:58:51.289 | INFO     | agents.servers.serverSAE1:train_on_clients:66 - 20 clients still training at epoch #151
2025-09-30 00:58:51.308 | INFO     | agents.servers.serverSAE1:train_on_clients:22 - Training SAE1 model epoch #152
2025-09-30 00:58:53.505 | INFO     | agents.servers.serverSAE1:train_on_clients:44 - Client 8 gets new best val_loss at epoch #152: 0.000501
2025-09-30 00:58:55.446 | INFO     | agents.servers.serverSAE1:train_on_clients:44 - Client 16 gets new best val_loss at epoch #152: 0.000451
2025-09-30 00:58:56.172 | INFO     | agents.servers.serverSAE1:train_on_clients:66 - 20 clients still training at epoch #152
2025-09-30 00:58:56.190 | INFO     | agents.servers.serverSAE1:train_on_clients:22 - Training SAE1 model epoch #153
2025-09-30 00:59:01.024 | INFO     | agents.servers.serverSAE1:train_on_clients:66 - 20 clients still training at epoch #153
2025-09-30 00:59:01.042 | INFO     | agents.servers.serverSAE1:train_on_clients:22 - Training SAE1 model epoch #154
2025-09-30 00:59:05.895 | INFO     | agents.servers.serverSAE1:train_on_clients:44 - Client 19 gets new best val_loss at epoch #154: 0.000533
2025-09-30 00:59:05.897 | INFO     | agents.servers.serverSAE1:train_on_clients:66 - 20 clients still training at epoch #154
2025-09-30 00:59:05.915 | INFO     | agents.servers.serverSAE1:train_on_clients:22 - Training SAE1 model epoch #155
2025-09-30 00:59:06.161 | INFO     | agents.servers.serverSAE1:train_on_clients:44 - Client 0 gets new best val_loss at epoch #155: 0.000601
2025-09-30 00:59:07.375 | INFO     | agents.servers.serverSAE1:train_on_clients:44 - Client 5 gets new best val_loss at epoch #155: 0.000526
2025-09-30 00:59:08.345 | INFO     | agents.servers.serverSAE1:train_on_clients:44 - Client 9 gets new best val_loss at epoch #155: 0.000508
2025-09-30 00:59:09.318 | INFO     | agents.servers.serverSAE1:train_on_clients:44 - Client 13 gets new best val_loss at epoch #155: 0.000501
2025-09-30 00:59:10.778 | INFO     | agents.servers.serverSAE1:train_on_clients:44 - Client 19 gets new best val_loss at epoch #155: 0.000519
2025-09-30 00:59:10.780 | INFO     | agents.servers.serverSAE1:train_on_clients:66 - 20 clients still training at epoch #155
2025-09-30 00:59:10.797 | INFO     | agents.servers.serverSAE1:train_on_clients:22 - Training SAE1 model epoch #156
2025-09-30 00:59:11.043 | INFO     | agents.servers.serverSAE1:train_on_clients:44 - Client 0 gets new best val_loss at epoch #156: 0.000595
2025-09-30 00:59:11.530 | INFO     | agents.servers.serverSAE1:train_on_clients:44 - Client 2 gets new best val_loss at epoch #156: 0.000474
2025-09-30 00:59:12.015 | INFO     | agents.servers.serverSAE1:train_on_clients:44 - Client 4 gets new best val_loss at epoch #156: 0.000502
2025-09-30 00:59:12.259 | INFO     | agents.servers.serverSAE1:train_on_clients:44 - Client 5 gets new best val_loss at epoch #156: 0.000506
2025-09-30 00:59:12.503 | INFO     | agents.servers.serverSAE1:train_on_clients:44 - Client 6 gets new best val_loss at epoch #156: 0.000476
2025-09-30 00:59:12.990 | INFO     | agents.servers.serverSAE1:train_on_clients:44 - Client 8 gets new best val_loss at epoch #156: 0.000489
2025-09-30 00:59:13.233 | INFO     | agents.servers.serverSAE1:train_on_clients:44 - Client 9 gets new best val_loss at epoch #156: 0.000488
2025-09-30 00:59:13.962 | INFO     | agents.servers.serverSAE1:train_on_clients:44 - Client 12 gets new best val_loss at epoch #156: 0.000540
2025-09-30 00:59:14.205 | INFO     | agents.servers.serverSAE1:train_on_clients:44 - Client 13 gets new best val_loss at epoch #156: 0.000479
2025-09-30 00:59:14.450 | INFO     | agents.servers.serverSAE1:train_on_clients:44 - Client 14 gets new best val_loss at epoch #156: 0.000463
2025-09-30 00:59:14.694 | INFO     | agents.servers.serverSAE1:train_on_clients:44 - Client 15 gets new best val_loss at epoch #156: 0.000524
2025-09-30 00:59:15.668 | INFO     | agents.servers.serverSAE1:train_on_clients:44 - Client 19 gets new best val_loss at epoch #156: 0.000502
2025-09-30 00:59:15.669 | INFO     | agents.servers.serverSAE1:train_on_clients:66 - 20 clients still training at epoch #156
2025-09-30 00:59:15.687 | INFO     | agents.servers.serverSAE1:train_on_clients:22 - Training SAE1 model epoch #157
2025-09-30 00:59:15.933 | INFO     | agents.servers.serverSAE1:train_on_clients:44 - Client 0 gets new best val_loss at epoch #157: 0.000588
2025-09-30 00:59:16.902 | INFO     | agents.servers.serverSAE1:train_on_clients:44 - Client 4 gets new best val_loss at epoch #157: 0.000485
2025-09-30 00:59:17.145 | INFO     | agents.servers.serverSAE1:train_on_clients:44 - Client 5 gets new best val_loss at epoch #157: 0.000495
2025-09-30 00:59:18.114 | INFO     | agents.servers.serverSAE1:train_on_clients:44 - Client 9 gets new best val_loss at epoch #157: 0.000470
2025-09-30 00:59:18.844 | INFO     | agents.servers.serverSAE1:train_on_clients:44 - Client 12 gets new best val_loss at epoch #157: 0.000524
2025-09-30 00:59:19.088 | INFO     | agents.servers.serverSAE1:train_on_clients:44 - Client 13 gets new best val_loss at epoch #157: 0.000460
2025-09-30 00:59:19.333 | INFO     | agents.servers.serverSAE1:train_on_clients:44 - Client 14 gets new best val_loss at epoch #157: 0.000445
2025-09-30 00:59:19.577 | INFO     | agents.servers.serverSAE1:train_on_clients:44 - Client 15 gets new best val_loss at epoch #157: 0.000503
2025-09-30 00:59:20.553 | INFO     | agents.servers.serverSAE1:train_on_clients:66 - 20 clients still training at epoch #157
2025-09-30 00:59:20.571 | INFO     | agents.servers.serverSAE1:train_on_clients:22 - Training SAE1 model epoch #158
2025-09-30 00:59:21.059 | INFO     | agents.servers.serverSAE1:train_on_clients:44 - Client 1 gets new best val_loss at epoch #158: 0.000591
2025-09-30 00:59:21.546 | INFO     | agents.servers.serverSAE1:train_on_clients:44 - Client 3 gets new best val_loss at epoch #158: 0.000521
2025-09-30 00:59:21.790 | INFO     | agents.servers.serverSAE1:train_on_clients:44 - Client 4 gets new best val_loss at epoch #158: 0.000470
2025-09-30 00:59:22.032 | INFO     | agents.servers.serverSAE1:train_on_clients:44 - Client 5 gets new best val_loss at epoch #158: 0.000490
2025-09-30 00:59:22.276 | INFO     | agents.servers.serverSAE1:train_on_clients:44 - Client 6 gets new best val_loss at epoch #158: 0.000466
2025-09-30 00:59:23.003 | INFO     | agents.servers.serverSAE1:train_on_clients:44 - Client 9 gets new best val_loss at epoch #158: 0.000457
2025-09-30 00:59:23.729 | INFO     | agents.servers.serverSAE1:train_on_clients:44 - Client 12 gets new best val_loss at epoch #158: 0.000516
2025-09-30 00:59:23.972 | INFO     | agents.servers.serverSAE1:train_on_clients:44 - Client 13 gets new best val_loss at epoch #158: 0.000444
2025-09-30 00:59:24.215 | INFO     | agents.servers.serverSAE1:train_on_clients:44 - Client 14 gets new best val_loss at epoch #158: 0.000432
2025-09-30 00:59:24.459 | INFO     | agents.servers.serverSAE1:train_on_clients:44 - Client 15 gets new best val_loss at epoch #158: 0.000490
2025-09-30 00:59:24.945 | INFO     | agents.servers.serverSAE1:train_on_clients:44 - Client 17 gets new best val_loss at epoch #158: 0.000387
2025-09-30 00:59:25.427 | INFO     | agents.servers.serverSAE1:train_on_clients:44 - Client 19 gets new best val_loss at epoch #158: 0.000474
2025-09-30 00:59:25.429 | INFO     | agents.servers.serverSAE1:train_on_clients:66 - 20 clients still training at epoch #158
2025-09-30 00:59:25.447 | INFO     | agents.servers.serverSAE1:train_on_clients:22 - Training SAE1 model epoch #159
2025-09-30 00:59:26.179 | INFO     | agents.servers.serverSAE1:train_on_clients:44 - Client 2 gets new best val_loss at epoch #159: 0.000460
2025-09-30 00:59:26.662 | INFO     | agents.servers.serverSAE1:train_on_clients:44 - Client 4 gets new best val_loss at epoch #159: 0.000460
2025-09-30 00:59:26.906 | INFO     | agents.servers.serverSAE1:train_on_clients:44 - Client 5 gets new best val_loss at epoch #159: 0.000481
2025-09-30 00:59:27.148 | INFO     | agents.servers.serverSAE1:train_on_clients:44 - Client 6 gets new best val_loss at epoch #159: 0.000444
2025-09-30 00:59:27.876 | INFO     | agents.servers.serverSAE1:train_on_clients:44 - Client 9 gets new best val_loss at epoch #159: 0.000443
2025-09-30 00:59:28.604 | INFO     | agents.servers.serverSAE1:train_on_clients:44 - Client 12 gets new best val_loss at epoch #159: 0.000507
2025-09-30 00:59:28.847 | INFO     | agents.servers.serverSAE1:train_on_clients:44 - Client 13 gets new best val_loss at epoch #159: 0.000430
2025-09-30 00:59:29.090 | INFO     | agents.servers.serverSAE1:train_on_clients:44 - Client 14 gets new best val_loss at epoch #159: 0.000426
2025-09-30 00:59:29.333 | INFO     | agents.servers.serverSAE1:train_on_clients:44 - Client 15 gets new best val_loss at epoch #159: 0.000477
2025-09-30 00:59:30.304 | INFO     | agents.servers.serverSAE1:train_on_clients:66 - 20 clients still training at epoch #159
2025-09-30 00:59:30.323 | INFO     | agents.servers.serverSAE1:train_on_clients:22 - Training SAE1 model epoch #160
2025-09-30 00:59:30.566 | INFO     | agents.servers.serverSAE1:train_on_clients:60 - Saved model for client 0 at epoch 160 -> saved_models/SAE1/average/wsn_ds/epoch_160_client_0.pt
2025-09-30 00:59:30.811 | INFO     | agents.servers.serverSAE1:train_on_clients:60 - Saved model for client 1 at epoch 160 -> saved_models/SAE1/average/wsn_ds/epoch_160_client_1.pt
2025-09-30 00:59:31.055 | INFO     | agents.servers.serverSAE1:train_on_clients:60 - Saved model for client 2 at epoch 160 -> saved_models/SAE1/average/wsn_ds/epoch_160_client_2.pt
2025-09-30 00:59:31.300 | INFO     | agents.servers.serverSAE1:train_on_clients:44 - Client 3 gets new best val_loss at epoch #160: 0.000520
2025-09-30 00:59:31.302 | INFO     | agents.servers.serverSAE1:train_on_clients:60 - Saved model for client 3 at epoch 160 -> saved_models/SAE1/average/wsn_ds/epoch_160_client_3.pt
2025-09-30 00:59:31.543 | INFO     | agents.servers.serverSAE1:train_on_clients:44 - Client 4 gets new best val_loss at epoch #160: 0.000450
2025-09-30 00:59:31.544 | INFO     | agents.servers.serverSAE1:train_on_clients:60 - Saved model for client 4 at epoch 160 -> saved_models/SAE1/average/wsn_ds/epoch_160_client_4.pt
2025-09-30 00:59:31.785 | INFO     | agents.servers.serverSAE1:train_on_clients:44 - Client 5 gets new best val_loss at epoch #160: 0.000461
2025-09-30 00:59:31.787 | INFO     | agents.servers.serverSAE1:train_on_clients:60 - Saved model for client 5 at epoch 160 -> saved_models/SAE1/average/wsn_ds/epoch_160_client_5.pt
2025-09-30 00:59:32.031 | INFO     | agents.servers.serverSAE1:train_on_clients:44 - Client 6 gets new best val_loss at epoch #160: 0.000438
2025-09-30 00:59:32.032 | INFO     | agents.servers.serverSAE1:train_on_clients:60 - Saved model for client 6 at epoch 160 -> saved_models/SAE1/average/wsn_ds/epoch_160_client_6.pt
2025-09-30 00:59:32.273 | INFO     | agents.servers.serverSAE1:train_on_clients:60 - Saved model for client 7 at epoch 160 -> saved_models/SAE1/average/wsn_ds/epoch_160_client_7.pt
2025-09-30 00:59:32.514 | INFO     | agents.servers.serverSAE1:train_on_clients:60 - Saved model for client 8 at epoch 160 -> saved_models/SAE1/average/wsn_ds/epoch_160_client_8.pt
2025-09-30 00:59:32.758 | INFO     | agents.servers.serverSAE1:train_on_clients:44 - Client 9 gets new best val_loss at epoch #160: 0.000432
2025-09-30 00:59:32.759 | INFO     | agents.servers.serverSAE1:train_on_clients:60 - Saved model for client 9 at epoch 160 -> saved_models/SAE1/average/wsn_ds/epoch_160_client_9.pt
2025-09-30 00:59:32.999 | INFO     | agents.servers.serverSAE1:train_on_clients:44 - Client 10 gets new best val_loss at epoch #160: 0.000519
2025-09-30 00:59:33.000 | INFO     | agents.servers.serverSAE1:train_on_clients:60 - Saved model for client 10 at epoch 160 -> saved_models/SAE1/average/wsn_ds/epoch_160_client_10.pt
2025-09-30 00:59:33.235 | INFO     | agents.servers.serverSAE1:train_on_clients:60 - Saved model for client 11 at epoch 160 -> saved_models/SAE1/average/wsn_ds/epoch_160_client_11.pt
2025-09-30 00:59:33.472 | INFO     | agents.servers.serverSAE1:train_on_clients:44 - Client 12 gets new best val_loss at epoch #160: 0.000504
2025-09-30 00:59:33.473 | INFO     | agents.servers.serverSAE1:train_on_clients:60 - Saved model for client 12 at epoch 160 -> saved_models/SAE1/average/wsn_ds/epoch_160_client_12.pt
2025-09-30 00:59:33.708 | INFO     | agents.servers.serverSAE1:train_on_clients:44 - Client 13 gets new best val_loss at epoch #160: 0.000423
2025-09-30 00:59:33.710 | INFO     | agents.servers.serverSAE1:train_on_clients:60 - Saved model for client 13 at epoch 160 -> saved_models/SAE1/average/wsn_ds/epoch_160_client_13.pt
2025-09-30 00:59:33.944 | INFO     | agents.servers.serverSAE1:train_on_clients:44 - Client 14 gets new best val_loss at epoch #160: 0.000415
2025-09-30 00:59:33.945 | INFO     | agents.servers.serverSAE1:train_on_clients:60 - Saved model for client 14 at epoch 160 -> saved_models/SAE1/average/wsn_ds/epoch_160_client_14.pt
2025-09-30 00:59:34.179 | INFO     | agents.servers.serverSAE1:train_on_clients:44 - Client 15 gets new best val_loss at epoch #160: 0.000467
2025-09-30 00:59:34.180 | INFO     | agents.servers.serverSAE1:train_on_clients:60 - Saved model for client 15 at epoch 160 -> saved_models/SAE1/average/wsn_ds/epoch_160_client_15.pt
2025-09-30 00:59:34.417 | INFO     | agents.servers.serverSAE1:train_on_clients:44 - Client 16 gets new best val_loss at epoch #160: 0.000446
2025-09-30 00:59:34.418 | INFO     | agents.servers.serverSAE1:train_on_clients:60 - Saved model for client 16 at epoch 160 -> saved_models/SAE1/average/wsn_ds/epoch_160_client_16.pt
2025-09-30 00:59:34.654 | INFO     | agents.servers.serverSAE1:train_on_clients:44 - Client 17 gets new best val_loss at epoch #160: 0.000375
2025-09-30 00:59:34.655 | INFO     | agents.servers.serverSAE1:train_on_clients:60 - Saved model for client 17 at epoch 160 -> saved_models/SAE1/average/wsn_ds/epoch_160_client_17.pt
2025-09-30 00:59:34.890 | INFO     | agents.servers.serverSAE1:train_on_clients:60 - Saved model for client 18 at epoch 160 -> saved_models/SAE1/average/wsn_ds/epoch_160_client_18.pt
2025-09-30 00:59:35.127 | INFO     | agents.servers.serverSAE1:train_on_clients:60 - Saved model for client 19 at epoch 160 -> saved_models/SAE1/average/wsn_ds/epoch_160_client_19.pt
2025-09-30 00:59:35.128 | INFO     | agents.servers.serverSAE1:train_on_clients:66 - 20 clients still training at epoch #160
2025-09-30 00:59:35.146 | INFO     | agents.servers.serverSAE1:train_on_clients:22 - Training SAE1 model epoch #161
2025-09-30 00:59:36.088 | INFO     | agents.servers.serverSAE1:train_on_clients:44 - Client 3 gets new best val_loss at epoch #161: 0.000518
2025-09-30 00:59:36.325 | INFO     | agents.servers.serverSAE1:train_on_clients:44 - Client 4 gets new best val_loss at epoch #161: 0.000443
2025-09-30 00:59:36.560 | INFO     | agents.servers.serverSAE1:train_on_clients:44 - Client 5 gets new best val_loss at epoch #161: 0.000460
2025-09-30 00:59:36.796 | INFO     | agents.servers.serverSAE1:train_on_clients:44 - Client 6 gets new best val_loss at epoch #161: 0.000431
2025-09-30 00:59:37.500 | INFO     | agents.servers.serverSAE1:train_on_clients:44 - Client 9 gets new best val_loss at epoch #161: 0.000429
2025-09-30 00:59:37.736 | INFO     | agents.servers.serverSAE1:train_on_clients:44 - Client 10 gets new best val_loss at epoch #161: 0.000510
2025-09-30 00:59:38.438 | INFO     | agents.servers.serverSAE1:train_on_clients:44 - Client 13 gets new best val_loss at epoch #161: 0.000420
2025-09-30 00:59:38.674 | INFO     | agents.servers.serverSAE1:train_on_clients:44 - Client 14 gets new best val_loss at epoch #161: 0.000407
2025-09-30 00:59:38.910 | INFO     | agents.servers.serverSAE1:train_on_clients:44 - Client 15 gets new best val_loss at epoch #161: 0.000459
2025-09-30 00:59:39.145 | INFO     | agents.servers.serverSAE1:train_on_clients:44 - Client 16 gets new best val_loss at epoch #161: 0.000441
2025-09-30 00:59:39.381 | INFO     | agents.servers.serverSAE1:train_on_clients:44 - Client 17 gets new best val_loss at epoch #161: 0.000368
2025-09-30 00:59:39.851 | INFO     | agents.servers.serverSAE1:train_on_clients:66 - 20 clients still training at epoch #161
2025-09-30 00:59:39.869 | INFO     | agents.servers.serverSAE1:train_on_clients:22 - Training SAE1 model epoch #162
2025-09-30 00:59:40.574 | INFO     | agents.servers.serverSAE1:train_on_clients:44 - Client 2 gets new best val_loss at epoch #162: 0.000458
2025-09-30 00:59:40.809 | INFO     | agents.servers.serverSAE1:train_on_clients:44 - Client 3 gets new best val_loss at epoch #162: 0.000509
2025-09-30 00:59:41.045 | INFO     | agents.servers.serverSAE1:train_on_clients:44 - Client 4 gets new best val_loss at epoch #162: 0.000439
2025-09-30 00:59:41.283 | INFO     | agents.servers.serverSAE1:train_on_clients:44 - Client 5 gets new best val_loss at epoch #162: 0.000458
2025-09-30 00:59:42.454 | INFO     | agents.servers.serverSAE1:train_on_clients:44 - Client 10 gets new best val_loss at epoch #162: 0.000502
2025-09-30 00:59:43.157 | INFO     | agents.servers.serverSAE1:train_on_clients:44 - Client 13 gets new best val_loss at epoch #162: 0.000412
2025-09-30 00:59:43.627 | INFO     | agents.servers.serverSAE1:train_on_clients:44 - Client 15 gets new best val_loss at epoch #162: 0.000455
2025-09-30 00:59:43.863 | INFO     | agents.servers.serverSAE1:train_on_clients:44 - Client 16 gets new best val_loss at epoch #162: 0.000437
2025-09-30 00:59:44.566 | INFO     | agents.servers.serverSAE1:train_on_clients:66 - 20 clients still training at epoch #162
2025-09-30 00:59:44.584 | INFO     | agents.servers.serverSAE1:train_on_clients:22 - Training SAE1 model epoch #163
2025-09-30 00:59:45.755 | INFO     | agents.servers.serverSAE1:train_on_clients:44 - Client 4 gets new best val_loss at epoch #163: 0.000436
2025-09-30 00:59:46.932 | INFO     | agents.servers.serverSAE1:train_on_clients:44 - Client 9 gets new best val_loss at epoch #163: 0.000424
2025-09-30 00:59:47.165 | INFO     | agents.servers.serverSAE1:train_on_clients:44 - Client 10 gets new best val_loss at epoch #163: 0.000496
2025-09-30 00:59:47.637 | INFO     | agents.servers.serverSAE1:train_on_clients:44 - Client 12 gets new best val_loss at epoch #163: 0.000494
2025-09-30 00:59:47.872 | INFO     | agents.servers.serverSAE1:train_on_clients:44 - Client 13 gets new best val_loss at epoch #163: 0.000408
2025-09-30 00:59:48.582 | INFO     | agents.servers.serverSAE1:train_on_clients:44 - Client 16 gets new best val_loss at epoch #163: 0.000432
2025-09-30 00:59:49.284 | INFO     | agents.servers.serverSAE1:train_on_clients:66 - 20 clients still training at epoch #163
2025-09-30 00:59:49.301 | INFO     | agents.servers.serverSAE1:train_on_clients:22 - Training SAE1 model epoch #164
2025-09-30 00:59:50.478 | INFO     | agents.servers.serverSAE1:train_on_clients:44 - Client 4 gets new best val_loss at epoch #164: 0.000430
2025-09-30 00:59:51.884 | INFO     | agents.servers.serverSAE1:train_on_clients:44 - Client 10 gets new best val_loss at epoch #164: 0.000492
2025-09-30 00:59:52.594 | INFO     | agents.servers.serverSAE1:train_on_clients:44 - Client 13 gets new best val_loss at epoch #164: 0.000404
2025-09-30 00:59:52.830 | INFO     | agents.servers.serverSAE1:train_on_clients:44 - Client 14 gets new best val_loss at epoch #164: 0.000404
2025-09-30 00:59:53.066 | INFO     | agents.servers.serverSAE1:train_on_clients:44 - Client 15 gets new best val_loss at epoch #164: 0.000451
2025-09-30 00:59:53.301 | INFO     | agents.servers.serverSAE1:train_on_clients:44 - Client 16 gets new best val_loss at epoch #164: 0.000429
2025-09-30 00:59:53.537 | INFO     | agents.servers.serverSAE1:train_on_clients:44 - Client 17 gets new best val_loss at epoch #164: 0.000368
2025-09-30 00:59:54.014 | INFO     | agents.servers.serverSAE1:train_on_clients:66 - 20 clients still training at epoch #164
2025-09-30 00:59:54.033 | INFO     | agents.servers.serverSAE1:train_on_clients:22 - Training SAE1 model epoch #165
2025-09-30 00:59:55.067 | INFO     | agents.servers.serverSAE1:train_on_clients:44 - Client 3 gets new best val_loss at epoch #165: 0.000500
2025-09-30 00:59:55.317 | INFO     | agents.servers.serverSAE1:train_on_clients:44 - Client 4 gets new best val_loss at epoch #165: 0.000430
2025-09-30 00:59:55.561 | INFO     | agents.servers.serverSAE1:train_on_clients:44 - Client 5 gets new best val_loss at epoch #165: 0.000451
2025-09-30 00:59:55.805 | INFO     | agents.servers.serverSAE1:train_on_clients:44 - Client 6 gets new best val_loss at epoch #165: 0.000428
2025-09-30 00:59:56.815 | INFO     | agents.servers.serverSAE1:train_on_clients:44 - Client 10 gets new best val_loss at epoch #165: 0.000488
2025-09-30 00:59:58.269 | INFO     | agents.servers.serverSAE1:train_on_clients:44 - Client 16 gets new best val_loss at epoch #165: 0.000427
2025-09-30 00:59:59.008 | INFO     | agents.servers.serverSAE1:train_on_clients:44 - Client 19 gets new best val_loss at epoch #165: 0.000448
2025-09-30 00:59:59.009 | INFO     | agents.servers.serverSAE1:train_on_clients:66 - 20 clients still training at epoch #165
2025-09-30 00:59:59.028 | INFO     | agents.servers.serverSAE1:train_on_clients:22 - Training SAE1 model epoch #166
2025-09-30 00:59:59.507 | INFO     | agents.servers.serverSAE1:train_on_clients:44 - Client 1 gets new best val_loss at epoch #166: 0.000553
2025-09-30 01:00:01.416 | INFO     | agents.servers.serverSAE1:train_on_clients:44 - Client 9 gets new best val_loss at epoch #166: 0.000422
2025-09-30 01:00:01.655 | INFO     | agents.servers.serverSAE1:train_on_clients:44 - Client 10 gets new best val_loss at epoch #166: 0.000486
2025-09-30 01:00:03.793 | INFO     | agents.servers.serverSAE1:train_on_clients:66 - 20 clients still training at epoch #166
2025-09-30 01:00:03.811 | INFO     | agents.servers.serverSAE1:train_on_clients:22 - Training SAE1 model epoch #167
2025-09-30 01:00:04.050 | INFO     | agents.servers.serverSAE1:train_on_clients:44 - Client 0 gets new best val_loss at epoch #167: 0.000580
2025-09-30 01:00:05.001 | INFO     | agents.servers.serverSAE1:train_on_clients:44 - Client 4 gets new best val_loss at epoch #167: 0.000425
2025-09-30 01:00:05.954 | INFO     | agents.servers.serverSAE1:train_on_clients:44 - Client 8 gets new best val_loss at epoch #167: 0.000488
2025-09-30 01:00:06.432 | INFO     | agents.servers.serverSAE1:train_on_clients:44 - Client 10 gets new best val_loss at epoch #167: 0.000481
2025-09-30 01:00:07.859 | INFO     | agents.servers.serverSAE1:train_on_clients:44 - Client 16 gets new best val_loss at epoch #167: 0.000420
2025-09-30 01:00:08.575 | INFO     | agents.servers.serverSAE1:train_on_clients:44 - Client 19 gets new best val_loss at epoch #167: 0.000443
2025-09-30 01:00:08.577 | INFO     | agents.servers.serverSAE1:train_on_clients:66 - 20 clients still training at epoch #167
2025-09-30 01:00:08.595 | INFO     | agents.servers.serverSAE1:train_on_clients:22 - Training SAE1 model epoch #168
2025-09-30 01:00:11.207 | INFO     | agents.servers.serverSAE1:train_on_clients:44 - Client 10 gets new best val_loss at epoch #168: 0.000478
2025-09-30 01:00:11.446 | INFO     | agents.servers.serverSAE1:train_on_clients:44 - Client 11 gets new best val_loss at epoch #168: 0.000436
2025-09-30 01:00:12.636 | INFO     | agents.servers.serverSAE1:train_on_clients:44 - Client 16 gets new best val_loss at epoch #168: 0.000418
2025-09-30 01:00:13.348 | INFO     | agents.servers.serverSAE1:train_on_clients:66 - 20 clients still training at epoch #168
2025-09-30 01:00:13.366 | INFO     | agents.servers.serverSAE1:train_on_clients:22 - Training SAE1 model epoch #169
2025-09-30 01:00:15.983 | INFO     | agents.servers.serverSAE1:train_on_clients:44 - Client 10 gets new best val_loss at epoch #169: 0.000470
2025-09-30 01:00:17.646 | INFO     | agents.servers.serverSAE1:train_on_clients:44 - Client 17 gets new best val_loss at epoch #169: 0.000351
2025-09-30 01:00:18.120 | INFO     | agents.servers.serverSAE1:train_on_clients:66 - 20 clients still training at epoch #169
2025-09-30 01:00:18.138 | INFO     | agents.servers.serverSAE1:train_on_clients:22 - Training SAE1 model epoch #170
2025-09-30 01:00:18.379 | INFO     | agents.servers.serverSAE1:train_on_clients:60 - Saved model for client 0 at epoch 170 -> saved_models/SAE1/average/wsn_ds/epoch_170_client_0.pt
2025-09-30 01:00:18.619 | INFO     | agents.servers.serverSAE1:train_on_clients:60 - Saved model for client 1 at epoch 170 -> saved_models/SAE1/average/wsn_ds/epoch_170_client_1.pt
2025-09-30 01:00:18.859 | INFO     | agents.servers.serverSAE1:train_on_clients:60 - Saved model for client 2 at epoch 170 -> saved_models/SAE1/average/wsn_ds/epoch_170_client_2.pt
2025-09-30 01:00:19.098 | INFO     | agents.servers.serverSAE1:train_on_clients:60 - Saved model for client 3 at epoch 170 -> saved_models/SAE1/average/wsn_ds/epoch_170_client_3.pt
2025-09-30 01:00:19.338 | INFO     | agents.servers.serverSAE1:train_on_clients:60 - Saved model for client 4 at epoch 170 -> saved_models/SAE1/average/wsn_ds/epoch_170_client_4.pt
2025-09-30 01:00:19.579 | INFO     | agents.servers.serverSAE1:train_on_clients:60 - Saved model for client 5 at epoch 170 -> saved_models/SAE1/average/wsn_ds/epoch_170_client_5.pt
2025-09-30 01:00:19.817 | INFO     | agents.servers.serverSAE1:train_on_clients:60 - Saved model for client 6 at epoch 170 -> saved_models/SAE1/average/wsn_ds/epoch_170_client_6.pt
2025-09-30 01:00:20.055 | INFO     | agents.servers.serverSAE1:train_on_clients:60 - Saved model for client 7 at epoch 170 -> saved_models/SAE1/average/wsn_ds/epoch_170_client_7.pt
2025-09-30 01:00:20.293 | INFO     | agents.servers.serverSAE1:train_on_clients:60 - Saved model for client 8 at epoch 170 -> saved_models/SAE1/average/wsn_ds/epoch_170_client_8.pt
2025-09-30 01:00:20.533 | INFO     | agents.servers.serverSAE1:train_on_clients:60 - Saved model for client 9 at epoch 170 -> saved_models/SAE1/average/wsn_ds/epoch_170_client_9.pt
2025-09-30 01:00:20.773 | INFO     | agents.servers.serverSAE1:train_on_clients:60 - Saved model for client 10 at epoch 170 -> saved_models/SAE1/average/wsn_ds/epoch_170_client_10.pt
2025-09-30 01:00:21.010 | INFO     | agents.servers.serverSAE1:train_on_clients:60 - Saved model for client 11 at epoch 170 -> saved_models/SAE1/average/wsn_ds/epoch_170_client_11.pt
2025-09-30 01:00:21.250 | INFO     | agents.servers.serverSAE1:train_on_clients:60 - Saved model for client 12 at epoch 170 -> saved_models/SAE1/average/wsn_ds/epoch_170_client_12.pt
2025-09-30 01:00:21.488 | INFO     | agents.servers.serverSAE1:train_on_clients:60 - Saved model for client 13 at epoch 170 -> saved_models/SAE1/average/wsn_ds/epoch_170_client_13.pt
2025-09-30 01:00:21.726 | INFO     | agents.servers.serverSAE1:train_on_clients:60 - Saved model for client 14 at epoch 170 -> saved_models/SAE1/average/wsn_ds/epoch_170_client_14.pt
2025-09-30 01:00:21.966 | INFO     | agents.servers.serverSAE1:train_on_clients:60 - Saved model for client 15 at epoch 170 -> saved_models/SAE1/average/wsn_ds/epoch_170_client_15.pt
2025-09-30 01:00:22.205 | INFO     | agents.servers.serverSAE1:train_on_clients:44 - Client 16 gets new best val_loss at epoch #170: 0.000415
2025-09-30 01:00:22.206 | INFO     | agents.servers.serverSAE1:train_on_clients:60 - Saved model for client 16 at epoch 170 -> saved_models/SAE1/average/wsn_ds/epoch_170_client_16.pt
2025-09-30 01:00:22.445 | INFO     | agents.servers.serverSAE1:train_on_clients:60 - Saved model for client 17 at epoch 170 -> saved_models/SAE1/average/wsn_ds/epoch_170_client_17.pt
2025-09-30 01:00:22.684 | INFO     | agents.servers.serverSAE1:train_on_clients:60 - Saved model for client 18 at epoch 170 -> saved_models/SAE1/average/wsn_ds/epoch_170_client_18.pt
2025-09-30 01:00:22.922 | INFO     | agents.servers.serverSAE1:train_on_clients:60 - Saved model for client 19 at epoch 170 -> saved_models/SAE1/average/wsn_ds/epoch_170_client_19.pt
2025-09-30 01:00:22.923 | INFO     | agents.servers.serverSAE1:train_on_clients:66 - 20 clients still training at epoch #170
2025-09-30 01:00:22.941 | INFO     | agents.servers.serverSAE1:train_on_clients:22 - Training SAE1 model epoch #171
2025-09-30 01:00:27.452 | INFO     | agents.servers.serverSAE1:train_on_clients:44 - Client 18 gets new best val_loss at epoch #171: 0.000448
2025-09-30 01:00:27.689 | INFO     | agents.servers.serverSAE1:train_on_clients:66 - 20 clients still training at epoch #171
2025-09-30 01:00:27.707 | INFO     | agents.servers.serverSAE1:train_on_clients:22 - Training SAE1 model epoch #172
2025-09-30 01:00:28.424 | INFO     | agents.servers.serverSAE1:train_on_clients:44 - Client 2 gets new best val_loss at epoch #172: 0.000453
2025-09-30 01:00:30.322 | INFO     | agents.servers.serverSAE1:train_on_clients:44 - Client 10 gets new best val_loss at epoch #172: 0.000468
2025-09-30 01:00:31.274 | INFO     | agents.servers.serverSAE1:train_on_clients:44 - Client 14 gets new best val_loss at epoch #172: 0.000387
2025-09-30 01:00:31.514 | INFO     | agents.servers.serverSAE1:train_on_clients:44 - Client 15 gets new best val_loss at epoch #172: 0.000444
2025-09-30 01:00:32.462 | INFO     | agents.servers.serverSAE1:train_on_clients:66 - 20 clients still training at epoch #172
2025-09-30 01:00:32.480 | INFO     | agents.servers.serverSAE1:train_on_clients:22 - Training SAE1 model epoch #173
2025-09-30 01:00:34.620 | INFO     | agents.servers.serverSAE1:train_on_clients:44 - Client 8 gets new best val_loss at epoch #173: 0.000478
2025-09-30 01:00:36.764 | INFO     | agents.servers.serverSAE1:train_on_clients:44 - Client 17 gets new best val_loss at epoch #173: 0.000347
2025-09-30 01:00:37.241 | INFO     | agents.servers.serverSAE1:train_on_clients:44 - Client 19 gets new best val_loss at epoch #173: 0.000427
2025-09-30 01:00:37.243 | INFO     | agents.servers.serverSAE1:train_on_clients:66 - 20 clients still training at epoch #173
2025-09-30 01:00:37.260 | INFO     | agents.servers.serverSAE1:train_on_clients:22 - Training SAE1 model epoch #174
2025-09-30 01:00:39.416 | INFO     | agents.servers.serverSAE1:train_on_clients:44 - Client 8 gets new best val_loss at epoch #174: 0.000475
2025-09-30 01:00:41.091 | INFO     | agents.servers.serverSAE1:train_on_clients:44 - Client 15 gets new best val_loss at epoch #174: 0.000442
2025-09-30 01:00:41.334 | INFO     | agents.servers.serverSAE1:train_on_clients:44 - Client 16 gets new best val_loss at epoch #174: 0.000408
2025-09-30 01:00:42.056 | INFO     | agents.servers.serverSAE1:train_on_clients:66 - 20 clients still training at epoch #174
2025-09-30 01:00:42.074 | INFO     | agents.servers.serverSAE1:train_on_clients:22 - Training SAE1 model epoch #175
2025-09-30 01:00:42.797 | INFO     | agents.servers.serverSAE1:train_on_clients:44 - Client 2 gets new best val_loss at epoch #175: 0.000435
2025-09-30 01:00:44.716 | INFO     | agents.servers.serverSAE1:train_on_clients:44 - Client 10 gets new best val_loss at epoch #175: 0.000468
2025-09-30 01:00:46.863 | INFO     | agents.servers.serverSAE1:train_on_clients:66 - 20 clients still training at epoch #175
2025-09-30 01:00:46.881 | INFO     | agents.servers.serverSAE1:train_on_clients:22 - Training SAE1 model epoch #176
2025-09-30 01:00:48.546 | INFO     | agents.servers.serverSAE1:train_on_clients:44 - Client 6 gets new best val_loss at epoch #176: 0.000425
2025-09-30 01:00:49.974 | INFO     | agents.servers.serverSAE1:train_on_clients:44 - Client 12 gets new best val_loss at epoch #176: 0.000483
2025-09-30 01:00:51.642 | INFO     | agents.servers.serverSAE1:train_on_clients:66 - 20 clients still training at epoch #176
2025-09-30 01:00:51.661 | INFO     | agents.servers.serverSAE1:train_on_clients:22 - Training SAE1 model epoch #177
2025-09-30 01:00:52.374 | INFO     | agents.servers.serverSAE1:train_on_clients:44 - Client 2 gets new best val_loss at epoch #177: 0.000433
2025-09-30 01:00:56.180 | INFO     | agents.servers.serverSAE1:train_on_clients:44 - Client 18 gets new best val_loss at epoch #177: 0.000419
2025-09-30 01:00:56.419 | INFO     | agents.servers.serverSAE1:train_on_clients:66 - 20 clients still training at epoch #177
2025-09-30 01:00:56.437 | INFO     | agents.servers.serverSAE1:train_on_clients:22 - Training SAE1 model epoch #178
2025-09-30 01:01:01.200 | INFO     | agents.servers.serverSAE1:train_on_clients:66 - 20 clients still training at epoch #178
2025-09-30 01:01:01.218 | INFO     | agents.servers.serverSAE1:train_on_clients:22 - Training SAE1 model epoch #179
2025-09-30 01:01:02.203 | INFO     | agents.servers.serverSAE1:train_on_clients:44 - Client 3 gets new best val_loss at epoch #179: 0.000495
2025-09-30 01:01:03.436 | INFO     | agents.servers.serverSAE1:train_on_clients:44 - Client 8 gets new best val_loss at epoch #179: 0.000464
2025-09-30 01:01:06.068 | INFO     | agents.servers.serverSAE1:train_on_clients:66 - 20 clients still training at epoch #179
2025-09-30 01:01:06.086 | INFO     | agents.servers.serverSAE1:train_on_clients:22 - Training SAE1 model epoch #180
2025-09-30 01:01:06.330 | INFO     | agents.servers.serverSAE1:train_on_clients:60 - Saved model for client 0 at epoch 180 -> saved_models/SAE1/average/wsn_ds/epoch_180_client_0.pt
2025-09-30 01:01:06.571 | INFO     | agents.servers.serverSAE1:train_on_clients:60 - Saved model for client 1 at epoch 180 -> saved_models/SAE1/average/wsn_ds/epoch_180_client_1.pt
2025-09-30 01:01:06.811 | INFO     | agents.servers.serverSAE1:train_on_clients:60 - Saved model for client 2 at epoch 180 -> saved_models/SAE1/average/wsn_ds/epoch_180_client_2.pt
2025-09-30 01:01:07.061 | INFO     | agents.servers.serverSAE1:train_on_clients:60 - Saved model for client 3 at epoch 180 -> saved_models/SAE1/average/wsn_ds/epoch_180_client_3.pt
2025-09-30 01:01:07.304 | INFO     | agents.servers.serverSAE1:train_on_clients:60 - Saved model for client 4 at epoch 180 -> saved_models/SAE1/average/wsn_ds/epoch_180_client_4.pt
2025-09-30 01:01:07.546 | INFO     | agents.servers.serverSAE1:train_on_clients:60 - Saved model for client 5 at epoch 180 -> saved_models/SAE1/average/wsn_ds/epoch_180_client_5.pt
2025-09-30 01:01:07.788 | INFO     | agents.servers.serverSAE1:train_on_clients:60 - Saved model for client 6 at epoch 180 -> saved_models/SAE1/average/wsn_ds/epoch_180_client_6.pt
2025-09-30 01:01:08.030 | INFO     | agents.servers.serverSAE1:train_on_clients:60 - Saved model for client 7 at epoch 180 -> saved_models/SAE1/average/wsn_ds/epoch_180_client_7.pt
2025-09-30 01:01:08.269 | INFO     | agents.servers.serverSAE1:train_on_clients:60 - Saved model for client 8 at epoch 180 -> saved_models/SAE1/average/wsn_ds/epoch_180_client_8.pt
2025-09-30 01:01:08.510 | INFO     | agents.servers.serverSAE1:train_on_clients:60 - Saved model for client 9 at epoch 180 -> saved_models/SAE1/average/wsn_ds/epoch_180_client_9.pt
2025-09-30 01:01:08.750 | INFO     | agents.servers.serverSAE1:train_on_clients:60 - Saved model for client 10 at epoch 180 -> saved_models/SAE1/average/wsn_ds/epoch_180_client_10.pt
2025-09-30 01:01:08.990 | INFO     | agents.servers.serverSAE1:train_on_clients:44 - Client 11 gets new best val_loss at epoch #180: 0.000419
2025-09-30 01:01:08.992 | INFO     | agents.servers.serverSAE1:train_on_clients:60 - Saved model for client 11 at epoch 180 -> saved_models/SAE1/average/wsn_ds/epoch_180_client_11.pt
2025-09-30 01:01:09.232 | INFO     | agents.servers.serverSAE1:train_on_clients:60 - Saved model for client 12 at epoch 180 -> saved_models/SAE1/average/wsn_ds/epoch_180_client_12.pt
2025-09-30 01:01:09.472 | INFO     | agents.servers.serverSAE1:train_on_clients:60 - Saved model for client 13 at epoch 180 -> saved_models/SAE1/average/wsn_ds/epoch_180_client_13.pt
2025-09-30 01:01:09.714 | INFO     | agents.servers.serverSAE1:train_on_clients:60 - Saved model for client 14 at epoch 180 -> saved_models/SAE1/average/wsn_ds/epoch_180_client_14.pt
2025-09-30 01:01:09.956 | INFO     | agents.servers.serverSAE1:train_on_clients:60 - Saved model for client 15 at epoch 180 -> saved_models/SAE1/average/wsn_ds/epoch_180_client_15.pt
2025-09-30 01:01:10.197 | INFO     | agents.servers.serverSAE1:train_on_clients:60 - Saved model for client 16 at epoch 180 -> saved_models/SAE1/average/wsn_ds/epoch_180_client_16.pt
2025-09-30 01:01:10.437 | INFO     | agents.servers.serverSAE1:train_on_clients:44 - Client 17 gets new best val_loss at epoch #180: 0.000333
2025-09-30 01:01:10.439 | INFO     | agents.servers.serverSAE1:train_on_clients:60 - Saved model for client 17 at epoch 180 -> saved_models/SAE1/average/wsn_ds/epoch_180_client_17.pt
2025-09-30 01:01:10.680 | INFO     | agents.servers.serverSAE1:train_on_clients:60 - Saved model for client 18 at epoch 180 -> saved_models/SAE1/average/wsn_ds/epoch_180_client_18.pt
2025-09-30 01:01:10.921 | INFO     | agents.servers.serverSAE1:train_on_clients:60 - Saved model for client 19 at epoch 180 -> saved_models/SAE1/average/wsn_ds/epoch_180_client_19.pt
2025-09-30 01:01:10.922 | INFO     | agents.servers.serverSAE1:train_on_clients:66 - 20 clients still training at epoch #180
2025-09-30 01:01:10.941 | INFO     | agents.servers.serverSAE1:train_on_clients:22 - Training SAE1 model epoch #181
2025-09-30 01:01:12.144 | INFO     | agents.servers.serverSAE1:train_on_clients:44 - Client 4 gets new best val_loss at epoch #181: 0.000412
2025-09-30 01:01:15.497 | INFO     | agents.servers.serverSAE1:train_on_clients:44 - Client 18 gets new best val_loss at epoch #181: 0.000417
2025-09-30 01:01:15.737 | INFO     | agents.servers.serverSAE1:train_on_clients:66 - 20 clients still training at epoch #181
2025-09-30 01:01:15.755 | INFO     | agents.servers.serverSAE1:train_on_clients:22 - Training SAE1 model epoch #182
2025-09-30 01:01:17.675 | INFO     | agents.servers.serverSAE1:train_on_clients:44 - Client 7 gets new best val_loss at epoch #182: 0.000500
2025-09-30 01:01:20.552 | INFO     | agents.servers.serverSAE1:train_on_clients:66 - 20 clients still training at epoch #182
2025-09-30 01:01:20.570 | INFO     | agents.servers.serverSAE1:train_on_clients:22 - Training SAE1 model epoch #183
2025-09-30 01:01:20.810 | INFO     | agents.servers.serverSAE1:train_on_clients:44 - Client 0 gets new best val_loss at epoch #183: 0.000569
2025-09-30 01:01:21.052 | INFO     | agents.servers.serverSAE1:train_on_clients:44 - Client 1 gets new best val_loss at epoch #183: 0.000543
2025-09-30 01:01:21.534 | INFO     | agents.servers.serverSAE1:train_on_clients:44 - Client 3 gets new best val_loss at epoch #183: 0.000487
2025-09-30 01:01:22.734 | INFO     | agents.servers.serverSAE1:train_on_clients:44 - Client 8 gets new best val_loss at epoch #183: 0.000463
2025-09-30 01:01:25.374 | INFO     | agents.servers.serverSAE1:train_on_clients:66 - 20 clients still training at epoch #183
2025-09-30 01:01:25.392 | INFO     | agents.servers.serverSAE1:train_on_clients:22 - Training SAE1 model epoch #184
2025-09-30 01:01:30.208 | INFO     | agents.servers.serverSAE1:train_on_clients:66 - 20 clients still training at epoch #184
2025-09-30 01:01:30.226 | INFO     | agents.servers.serverSAE1:train_on_clients:22 - Training SAE1 model epoch #185
2025-09-30 01:01:31.908 | INFO     | agents.servers.serverSAE1:train_on_clients:44 - Client 6 gets new best val_loss at epoch #185: 0.000423
2025-09-30 01:01:35.024 | INFO     | agents.servers.serverSAE1:train_on_clients:66 - 20 clients still training at epoch #185
2025-09-30 01:01:35.042 | INFO     | agents.servers.serverSAE1:train_on_clients:22 - Training SAE1 model epoch #186
2025-09-30 01:01:37.927 | INFO     | agents.servers.serverSAE1:train_on_clients:44 - Client 11 gets new best val_loss at epoch #186: 0.000419
2025-09-30 01:01:39.608 | INFO     | agents.servers.serverSAE1:train_on_clients:44 - Client 18 gets new best val_loss at epoch #186: 0.000375
2025-09-30 01:01:39.849 | INFO     | agents.servers.serverSAE1:train_on_clients:44 - Client 19 gets new best val_loss at epoch #186: 0.000420
2025-09-30 01:01:39.851 | INFO     | agents.servers.serverSAE1:train_on_clients:66 - 20 clients still training at epoch #186
2025-09-30 01:01:39.869 | INFO     | agents.servers.serverSAE1:train_on_clients:22 - Training SAE1 model epoch #187
2025-09-30 01:01:42.036 | INFO     | agents.servers.serverSAE1:train_on_clients:44 - Client 8 gets new best val_loss at epoch #187: 0.000458
2025-09-30 01:01:42.755 | INFO     | agents.servers.serverSAE1:train_on_clients:44 - Client 11 gets new best val_loss at epoch #187: 0.000404
2025-09-30 01:01:44.675 | INFO     | agents.servers.serverSAE1:train_on_clients:66 - 20 clients still training at epoch #187
2025-09-30 01:01:44.694 | INFO     | agents.servers.serverSAE1:train_on_clients:22 - Training SAE1 model epoch #188
2025-09-30 01:01:49.493 | INFO     | agents.servers.serverSAE1:train_on_clients:66 - 20 clients still training at epoch #188
2025-09-30 01:01:49.511 | INFO     | agents.servers.serverSAE1:train_on_clients:22 - Training SAE1 model epoch #189
2025-09-30 01:01:50.231 | INFO     | agents.servers.serverSAE1:train_on_clients:44 - Client 2 gets new best val_loss at epoch #189: 0.000349
2025-09-30 01:01:54.278 | INFO     | agents.servers.serverSAE1:train_on_clients:66 - 20 clients still training at epoch #189
2025-09-30 01:01:54.296 | INFO     | agents.servers.serverSAE1:train_on_clients:22 - Training SAE1 model epoch #190
2025-09-30 01:01:54.536 | INFO     | agents.servers.serverSAE1:train_on_clients:60 - Saved model for client 0 at epoch 190 -> saved_models/SAE1/average/wsn_ds/epoch_190_client_0.pt
2025-09-30 01:01:54.777 | INFO     | agents.servers.serverSAE1:train_on_clients:60 - Saved model for client 1 at epoch 190 -> saved_models/SAE1/average/wsn_ds/epoch_190_client_1.pt
2025-09-30 01:01:55.018 | INFO     | agents.servers.serverSAE1:train_on_clients:60 - Saved model for client 2 at epoch 190 -> saved_models/SAE1/average/wsn_ds/epoch_190_client_2.pt
2025-09-30 01:01:55.258 | INFO     | agents.servers.serverSAE1:train_on_clients:60 - Saved model for client 3 at epoch 190 -> saved_models/SAE1/average/wsn_ds/epoch_190_client_3.pt
2025-09-30 01:01:55.498 | INFO     | agents.servers.serverSAE1:train_on_clients:60 - Saved model for client 4 at epoch 190 -> saved_models/SAE1/average/wsn_ds/epoch_190_client_4.pt
2025-09-30 01:01:55.740 | INFO     | agents.servers.serverSAE1:train_on_clients:60 - Saved model for client 5 at epoch 190 -> saved_models/SAE1/average/wsn_ds/epoch_190_client_5.pt
2025-09-30 01:01:55.979 | INFO     | agents.servers.serverSAE1:train_on_clients:60 - Saved model for client 6 at epoch 190 -> saved_models/SAE1/average/wsn_ds/epoch_190_client_6.pt
2025-09-30 01:01:56.218 | INFO     | agents.servers.serverSAE1:train_on_clients:60 - Saved model for client 7 at epoch 190 -> saved_models/SAE1/average/wsn_ds/epoch_190_client_7.pt
2025-09-30 01:01:56.458 | INFO     | agents.servers.serverSAE1:train_on_clients:60 - Saved model for client 8 at epoch 190 -> saved_models/SAE1/average/wsn_ds/epoch_190_client_8.pt
2025-09-30 01:01:56.697 | INFO     | agents.servers.serverSAE1:train_on_clients:60 - Saved model for client 9 at epoch 190 -> saved_models/SAE1/average/wsn_ds/epoch_190_client_9.pt
2025-09-30 01:01:56.937 | INFO     | agents.servers.serverSAE1:train_on_clients:60 - Saved model for client 10 at epoch 190 -> saved_models/SAE1/average/wsn_ds/epoch_190_client_10.pt
2025-09-30 01:01:57.178 | INFO     | agents.servers.serverSAE1:train_on_clients:60 - Saved model for client 11 at epoch 190 -> saved_models/SAE1/average/wsn_ds/epoch_190_client_11.pt
2025-09-30 01:01:57.419 | INFO     | agents.servers.serverSAE1:train_on_clients:60 - Saved model for client 12 at epoch 190 -> saved_models/SAE1/average/wsn_ds/epoch_190_client_12.pt
2025-09-30 01:01:57.659 | INFO     | agents.servers.serverSAE1:train_on_clients:60 - Saved model for client 13 at epoch 190 -> saved_models/SAE1/average/wsn_ds/epoch_190_client_13.pt
2025-09-30 01:01:57.898 | INFO     | agents.servers.serverSAE1:train_on_clients:60 - Saved model for client 14 at epoch 190 -> saved_models/SAE1/average/wsn_ds/epoch_190_client_14.pt
2025-09-30 01:01:58.139 | INFO     | agents.servers.serverSAE1:train_on_clients:60 - Saved model for client 15 at epoch 190 -> saved_models/SAE1/average/wsn_ds/epoch_190_client_15.pt
2025-09-30 01:01:58.377 | INFO     | agents.servers.serverSAE1:train_on_clients:60 - Saved model for client 16 at epoch 190 -> saved_models/SAE1/average/wsn_ds/epoch_190_client_16.pt
2025-09-30 01:01:58.617 | INFO     | agents.servers.serverSAE1:train_on_clients:60 - Saved model for client 17 at epoch 190 -> saved_models/SAE1/average/wsn_ds/epoch_190_client_17.pt
2025-09-30 01:01:58.858 | INFO     | agents.servers.serverSAE1:train_on_clients:60 - Saved model for client 18 at epoch 190 -> saved_models/SAE1/average/wsn_ds/epoch_190_client_18.pt
2025-09-30 01:01:59.097 | INFO     | agents.servers.serverSAE1:train_on_clients:60 - Saved model for client 19 at epoch 190 -> saved_models/SAE1/average/wsn_ds/epoch_190_client_19.pt
2025-09-30 01:01:59.099 | INFO     | agents.servers.serverSAE1:train_on_clients:66 - 20 clients still training at epoch #190
2025-09-30 01:01:59.117 | INFO     | agents.servers.serverSAE1:train_on_clients:22 - Training SAE1 model epoch #191
2025-09-30 01:02:03.879 | INFO     | agents.servers.serverSAE1:train_on_clients:66 - 20 clients still training at epoch #191
2025-09-30 01:02:03.897 | INFO     | agents.servers.serverSAE1:train_on_clients:22 - Training SAE1 model epoch #192
2025-09-30 01:02:04.138 | INFO     | agents.servers.serverSAE1:train_on_clients:44 - Client 0 gets new best val_loss at epoch #192: 0.000556
2025-09-30 01:02:06.044 | INFO     | agents.servers.serverSAE1:train_on_clients:44 - Client 8 gets new best val_loss at epoch #192: 0.000453
2025-09-30 01:02:08.721 | INFO     | agents.servers.serverSAE1:train_on_clients:66 - 20 clients still training at epoch #192
2025-09-30 01:02:08.739 | INFO     | agents.servers.serverSAE1:train_on_clients:22 - Training SAE1 model epoch #193
2025-09-30 01:02:08.979 | INFO     | agents.servers.serverSAE1:train_on_clients:44 - Client 0 gets new best val_loss at epoch #193: 0.000544
2025-09-30 01:02:09.733 | INFO     | agents.servers.serverSAE1:train_on_clients:44 - Client 3 gets new best val_loss at epoch #193: 0.000476
2025-09-30 01:02:10.688 | INFO     | agents.servers.serverSAE1:train_on_clients:44 - Client 7 gets new best val_loss at epoch #193: 0.000493
2025-09-30 01:02:10.928 | INFO     | agents.servers.serverSAE1:train_on_clients:44 - Client 8 gets new best val_loss at epoch #193: 0.000437
2025-09-30 01:02:13.589 | INFO     | agents.servers.serverSAE1:train_on_clients:66 - 20 clients still training at epoch #193
2025-09-30 01:02:13.607 | INFO     | agents.servers.serverSAE1:train_on_clients:22 - Training SAE1 model epoch #194
2025-09-30 01:02:13.850 | INFO     | agents.servers.serverSAE1:train_on_clients:44 - Client 0 gets new best val_loss at epoch #194: 0.000530
2025-09-30 01:02:14.574 | INFO     | agents.servers.serverSAE1:train_on_clients:44 - Client 3 gets new best val_loss at epoch #194: 0.000466
2025-09-30 01:02:15.299 | INFO     | agents.servers.serverSAE1:train_on_clients:44 - Client 6 gets new best val_loss at epoch #194: 0.000421
2025-09-30 01:02:15.543 | INFO     | agents.servers.serverSAE1:train_on_clients:44 - Client 7 gets new best val_loss at epoch #194: 0.000485
2025-09-30 01:02:15.786 | INFO     | agents.servers.serverSAE1:train_on_clients:44 - Client 8 gets new best val_loss at epoch #194: 0.000426
2025-09-30 01:02:16.030 | INFO     | agents.servers.serverSAE1:train_on_clients:44 - Client 9 gets new best val_loss at epoch #194: 0.000417
2025-09-30 01:02:18.441 | INFO     | agents.servers.serverSAE1:train_on_clients:44 - Client 19 gets new best val_loss at epoch #194: 0.000415
2025-09-30 01:02:18.443 | INFO     | agents.servers.serverSAE1:train_on_clients:66 - 20 clients still training at epoch #194
2025-09-30 01:02:18.461 | INFO     | agents.servers.serverSAE1:train_on_clients:22 - Training SAE1 model epoch #195
2025-09-30 01:02:18.703 | INFO     | agents.servers.serverSAE1:train_on_clients:44 - Client 0 gets new best val_loss at epoch #195: 0.000518
2025-09-30 01:02:18.946 | INFO     | agents.servers.serverSAE1:train_on_clients:44 - Client 1 gets new best val_loss at epoch #195: 0.000530
2025-09-30 01:02:19.430 | INFO     | agents.servers.serverSAE1:train_on_clients:44 - Client 3 gets new best val_loss at epoch #195: 0.000459
2025-09-30 01:02:20.397 | INFO     | agents.servers.serverSAE1:train_on_clients:44 - Client 7 gets new best val_loss at epoch #195: 0.000472
2025-09-30 01:02:20.640 | INFO     | agents.servers.serverSAE1:train_on_clients:44 - Client 8 gets new best val_loss at epoch #195: 0.000417
2025-09-30 01:02:23.294 | INFO     | agents.servers.serverSAE1:train_on_clients:44 - Client 19 gets new best val_loss at epoch #195: 0.000405
2025-09-30 01:02:23.296 | INFO     | agents.servers.serverSAE1:train_on_clients:66 - 20 clients still training at epoch #195
2025-09-30 01:02:23.314 | INFO     | agents.servers.serverSAE1:train_on_clients:22 - Training SAE1 model epoch #196
2025-09-30 01:02:23.557 | INFO     | agents.servers.serverSAE1:train_on_clients:44 - Client 0 gets new best val_loss at epoch #196: 0.000513
2025-09-30 01:02:24.283 | INFO     | agents.servers.serverSAE1:train_on_clients:44 - Client 3 gets new best val_loss at epoch #196: 0.000456
2025-09-30 01:02:25.250 | INFO     | agents.servers.serverSAE1:train_on_clients:44 - Client 7 gets new best val_loss at epoch #196: 0.000458
2025-09-30 01:02:25.494 | INFO     | agents.servers.serverSAE1:train_on_clients:44 - Client 8 gets new best val_loss at epoch #196: 0.000410
2025-09-30 01:02:27.666 | INFO     | agents.servers.serverSAE1:train_on_clients:44 - Client 17 gets new best val_loss at epoch #196: 0.000333
2025-09-30 01:02:27.909 | INFO     | agents.servers.serverSAE1:train_on_clients:44 - Client 18 gets new best val_loss at epoch #196: 0.000371
2025-09-30 01:02:28.152 | INFO     | agents.servers.serverSAE1:train_on_clients:44 - Client 19 gets new best val_loss at epoch #196: 0.000398
2025-09-30 01:02:28.154 | INFO     | agents.servers.serverSAE1:train_on_clients:66 - 20 clients still training at epoch #196
2025-09-30 01:02:28.172 | INFO     | agents.servers.serverSAE1:train_on_clients:22 - Training SAE1 model epoch #197
2025-09-30 01:02:28.413 | INFO     | agents.servers.serverSAE1:train_on_clients:44 - Client 0 gets new best val_loss at epoch #197: 0.000507
2025-09-30 01:02:29.138 | INFO     | agents.servers.serverSAE1:train_on_clients:44 - Client 3 gets new best val_loss at epoch #197: 0.000443
2025-09-30 01:02:30.107 | INFO     | agents.servers.serverSAE1:train_on_clients:44 - Client 7 gets new best val_loss at epoch #197: 0.000454
2025-09-30 01:02:30.350 | INFO     | agents.servers.serverSAE1:train_on_clients:44 - Client 8 gets new best val_loss at epoch #197: 0.000401
2025-09-30 01:02:32.525 | INFO     | agents.servers.serverSAE1:train_on_clients:44 - Client 17 gets new best val_loss at epoch #197: 0.000325
2025-09-30 01:02:32.767 | INFO     | agents.servers.serverSAE1:train_on_clients:44 - Client 18 gets new best val_loss at epoch #197: 0.000368
2025-09-30 01:02:33.009 | INFO     | agents.servers.serverSAE1:train_on_clients:44 - Client 19 gets new best val_loss at epoch #197: 0.000396
2025-09-30 01:02:33.011 | INFO     | agents.servers.serverSAE1:train_on_clients:66 - 20 clients still training at epoch #197
2025-09-30 01:02:33.029 | INFO     | agents.servers.serverSAE1:train_on_clients:22 - Training SAE1 model epoch #198
2025-09-30 01:02:34.960 | INFO     | agents.servers.serverSAE1:train_on_clients:44 - Client 7 gets new best val_loss at epoch #198: 0.000449
2025-09-30 01:02:35.203 | INFO     | agents.servers.serverSAE1:train_on_clients:44 - Client 8 gets new best val_loss at epoch #198: 0.000396
2025-09-30 01:02:37.372 | INFO     | agents.servers.serverSAE1:train_on_clients:44 - Client 17 gets new best val_loss at epoch #198: 0.000317
2025-09-30 01:02:37.615 | INFO     | agents.servers.serverSAE1:train_on_clients:44 - Client 18 gets new best val_loss at epoch #198: 0.000363
2025-09-30 01:02:37.856 | INFO     | agents.servers.serverSAE1:train_on_clients:44 - Client 19 gets new best val_loss at epoch #198: 0.000390
2025-09-30 01:02:37.857 | INFO     | agents.servers.serverSAE1:train_on_clients:66 - 20 clients still training at epoch #198
2025-09-30 01:02:37.875 | INFO     | agents.servers.serverSAE1:train_on_clients:22 - Training SAE1 model epoch #199
2025-09-30 01:02:39.807 | INFO     | agents.servers.serverSAE1:train_on_clients:44 - Client 7 gets new best val_loss at epoch #199: 0.000442
2025-09-30 01:02:40.050 | INFO     | agents.servers.serverSAE1:train_on_clients:44 - Client 8 gets new best val_loss at epoch #199: 0.000394
2025-09-30 01:02:42.699 | INFO     | agents.servers.serverSAE1:train_on_clients:44 - Client 19 gets new best val_loss at epoch #199: 0.000389
2025-09-30 01:02:42.700 | INFO     | agents.servers.serverSAE1:train_on_clients:66 - 20 clients still training at epoch #199
2025-09-30 01:02:42.718 | INFO     | agents.servers.serverSAE1:train_on_clients:22 - Training SAE1 model epoch #200
2025-09-30 01:02:42.962 | INFO     | agents.servers.serverSAE1:train_on_clients:60 - Saved model for client 0 at epoch 200 -> saved_models/SAE1/average/wsn_ds/epoch_200_client_0.pt
2025-09-30 01:02:43.205 | INFO     | agents.servers.serverSAE1:train_on_clients:60 - Saved model for client 1 at epoch 200 -> saved_models/SAE1/average/wsn_ds/epoch_200_client_1.pt
2025-09-30 01:02:43.449 | INFO     | agents.servers.serverSAE1:train_on_clients:60 - Saved model for client 2 at epoch 200 -> saved_models/SAE1/average/wsn_ds/epoch_200_client_2.pt
2025-09-30 01:02:43.692 | INFO     | agents.servers.serverSAE1:train_on_clients:60 - Saved model for client 3 at epoch 200 -> saved_models/SAE1/average/wsn_ds/epoch_200_client_3.pt
2025-09-30 01:02:43.934 | INFO     | agents.servers.serverSAE1:train_on_clients:60 - Saved model for client 4 at epoch 200 -> saved_models/SAE1/average/wsn_ds/epoch_200_client_4.pt
2025-09-30 01:02:44.177 | INFO     | agents.servers.serverSAE1:train_on_clients:60 - Saved model for client 5 at epoch 200 -> saved_models/SAE1/average/wsn_ds/epoch_200_client_5.pt
2025-09-30 01:02:44.420 | INFO     | agents.servers.serverSAE1:train_on_clients:60 - Saved model for client 6 at epoch 200 -> saved_models/SAE1/average/wsn_ds/epoch_200_client_6.pt
2025-09-30 01:02:44.664 | INFO     | agents.servers.serverSAE1:train_on_clients:44 - Client 7 gets new best val_loss at epoch #200: 0.000439
2025-09-30 01:02:44.666 | INFO     | agents.servers.serverSAE1:train_on_clients:60 - Saved model for client 7 at epoch 200 -> saved_models/SAE1/average/wsn_ds/epoch_200_client_7.pt
2025-09-30 01:02:44.908 | INFO     | agents.servers.serverSAE1:train_on_clients:44 - Client 8 gets new best val_loss at epoch #200: 0.000391
2025-09-30 01:02:44.910 | INFO     | agents.servers.serverSAE1:train_on_clients:60 - Saved model for client 8 at epoch 200 -> saved_models/SAE1/average/wsn_ds/epoch_200_client_8.pt
2025-09-30 01:02:45.151 | INFO     | agents.servers.serverSAE1:train_on_clients:60 - Saved model for client 9 at epoch 200 -> saved_models/SAE1/average/wsn_ds/epoch_200_client_9.pt
2025-09-30 01:02:45.393 | INFO     | agents.servers.serverSAE1:train_on_clients:60 - Saved model for client 10 at epoch 200 -> saved_models/SAE1/average/wsn_ds/epoch_200_client_10.pt
2025-09-30 01:02:45.635 | INFO     | agents.servers.serverSAE1:train_on_clients:60 - Saved model for client 11 at epoch 200 -> saved_models/SAE1/average/wsn_ds/epoch_200_client_11.pt
2025-09-30 01:02:45.878 | INFO     | agents.servers.serverSAE1:train_on_clients:60 - Saved model for client 12 at epoch 200 -> saved_models/SAE1/average/wsn_ds/epoch_200_client_12.pt
2025-09-30 01:02:46.121 | INFO     | agents.servers.serverSAE1:train_on_clients:60 - Saved model for client 13 at epoch 200 -> saved_models/SAE1/average/wsn_ds/epoch_200_client_13.pt
2025-09-30 01:02:46.364 | INFO     | agents.servers.serverSAE1:train_on_clients:60 - Saved model for client 14 at epoch 200 -> saved_models/SAE1/average/wsn_ds/epoch_200_client_14.pt
2025-09-30 01:02:46.606 | INFO     | agents.servers.serverSAE1:train_on_clients:44 - Client 15 gets new best val_loss at epoch #200: 0.000439
2025-09-30 01:02:46.607 | INFO     | agents.servers.serverSAE1:train_on_clients:60 - Saved model for client 15 at epoch 200 -> saved_models/SAE1/average/wsn_ds/epoch_200_client_15.pt
2025-09-30 01:02:46.850 | INFO     | agents.servers.serverSAE1:train_on_clients:60 - Saved model for client 16 at epoch 200 -> saved_models/SAE1/average/wsn_ds/epoch_200_client_16.pt
2025-09-30 01:02:47.093 | INFO     | agents.servers.serverSAE1:train_on_clients:60 - Saved model for client 17 at epoch 200 -> saved_models/SAE1/average/wsn_ds/epoch_200_client_17.pt
2025-09-30 01:02:47.336 | INFO     | agents.servers.serverSAE1:train_on_clients:44 - Client 18 gets new best val_loss at epoch #200: 0.000360
2025-09-30 01:02:47.338 | INFO     | agents.servers.serverSAE1:train_on_clients:60 - Saved model for client 18 at epoch 200 -> saved_models/SAE1/average/wsn_ds/epoch_200_client_18.pt
2025-09-30 01:02:47.581 | INFO     | agents.servers.serverSAE1:train_on_clients:44 - Client 19 gets new best val_loss at epoch #200: 0.000389
2025-09-30 01:02:47.582 | INFO     | agents.servers.serverSAE1:train_on_clients:60 - Saved model for client 19 at epoch 200 -> saved_models/SAE1/average/wsn_ds/epoch_200_client_19.pt
2025-09-30 01:02:47.584 | INFO     | agents.servers.serverSAE1:train_on_clients:66 - 20 clients still training at epoch #200
2025-09-30 01:02:47.602 | INFO     | agents.servers.serverSAE1:train_on_clients:22 - Training SAE1 model epoch #201
2025-09-30 01:02:49.770 | INFO     | agents.servers.serverSAE1:train_on_clients:44 - Client 8 gets new best val_loss at epoch #201: 0.000390
2025-09-30 01:02:52.419 | INFO     | agents.servers.serverSAE1:train_on_clients:44 - Client 19 gets new best val_loss at epoch #201: 0.000386
2025-09-30 01:02:52.421 | INFO     | agents.servers.serverSAE1:train_on_clients:66 - 20 clients still training at epoch #201
2025-09-30 01:02:52.439 | INFO     | agents.servers.serverSAE1:train_on_clients:22 - Training SAE1 model epoch #202
2025-09-30 01:02:57.304 | INFO     | agents.servers.serverSAE1:train_on_clients:44 - Client 19 gets new best val_loss at epoch #202: 0.000381
2025-09-30 01:02:57.306 | INFO     | agents.servers.serverSAE1:train_on_clients:66 - 20 clients still training at epoch #202
2025-09-30 01:02:57.324 | INFO     | agents.servers.serverSAE1:train_on_clients:22 - Training SAE1 model epoch #203
2025-09-30 01:02:59.493 | INFO     | agents.servers.serverSAE1:train_on_clients:44 - Client 8 gets new best val_loss at epoch #203: 0.000390
2025-09-30 01:03:02.142 | INFO     | agents.servers.serverSAE1:train_on_clients:44 - Client 19 gets new best val_loss at epoch #203: 0.000378
2025-09-30 01:03:02.143 | INFO     | agents.servers.serverSAE1:train_on_clients:66 - 20 clients still training at epoch #203
2025-09-30 01:03:02.161 | INFO     | agents.servers.serverSAE1:train_on_clients:22 - Training SAE1 model epoch #204
2025-09-30 01:03:04.328 | INFO     | agents.servers.serverSAE1:train_on_clients:44 - Client 8 gets new best val_loss at epoch #204: 0.000388
2025-09-30 01:03:06.737 | INFO     | agents.servers.serverSAE1:train_on_clients:44 - Client 18 gets new best val_loss at epoch #204: 0.000359
2025-09-30 01:03:06.979 | INFO     | agents.servers.serverSAE1:train_on_clients:44 - Client 19 gets new best val_loss at epoch #204: 0.000377
2025-09-30 01:03:06.981 | INFO     | agents.servers.serverSAE1:train_on_clients:66 - 20 clients still training at epoch #204
2025-09-30 01:03:06.999 | INFO     | agents.servers.serverSAE1:train_on_clients:22 - Training SAE1 model epoch #205
2025-09-30 01:03:07.723 | INFO     | agents.servers.serverSAE1:train_on_clients:44 - Client 2 gets new best val_loss at epoch #205: 0.000344
2025-09-30 01:03:11.819 | INFO     | agents.servers.serverSAE1:train_on_clients:44 - Client 19 gets new best val_loss at epoch #205: 0.000377
2025-09-30 01:03:11.821 | INFO     | agents.servers.serverSAE1:train_on_clients:66 - 20 clients still training at epoch #205
2025-09-30 01:03:11.839 | INFO     | agents.servers.serverSAE1:train_on_clients:22 - Training SAE1 model epoch #206
2025-09-30 01:03:14.038 | INFO     | agents.servers.serverSAE1:train_on_clients:44 - Client 8 gets new best val_loss at epoch #206: 0.000386
2025-09-30 01:03:14.773 | INFO     | agents.servers.serverSAE1:train_on_clients:44 - Client 11 gets new best val_loss at epoch #206: 0.000400
2025-09-30 01:03:16.763 | INFO     | agents.servers.serverSAE1:train_on_clients:66 - 20 clients still training at epoch #206
2025-09-30 01:03:16.786 | INFO     | agents.servers.serverSAE1:train_on_clients:22 - Training SAE1 model epoch #207
2025-09-30 01:03:21.731 | INFO     | agents.servers.serverSAE1:train_on_clients:66 - 20 clients still training at epoch #207
2025-09-30 01:03:21.753 | INFO     | agents.servers.serverSAE1:train_on_clients:22 - Training SAE1 model epoch #208
2025-09-30 01:03:26.544 | INFO     | agents.servers.serverSAE1:train_on_clients:66 - 20 clients still training at epoch #208
2025-09-30 01:03:26.562 | INFO     | agents.servers.serverSAE1:train_on_clients:22 - Training SAE1 model epoch #209
2025-09-30 01:03:31.334 | INFO     | agents.servers.serverSAE1:train_on_clients:66 - 20 clients still training at epoch #209
2025-09-30 01:03:31.351 | INFO     | agents.servers.serverSAE1:train_on_clients:22 - Training SAE1 model epoch #210
2025-09-30 01:03:31.593 | INFO     | agents.servers.serverSAE1:train_on_clients:60 - Saved model for client 0 at epoch 210 -> saved_models/SAE1/average/wsn_ds/epoch_210_client_0.pt
2025-09-30 01:03:31.834 | INFO     | agents.servers.serverSAE1:train_on_clients:60 - Saved model for client 1 at epoch 210 -> saved_models/SAE1/average/wsn_ds/epoch_210_client_1.pt
2025-09-30 01:03:32.075 | INFO     | agents.servers.serverSAE1:train_on_clients:60 - Saved model for client 2 at epoch 210 -> saved_models/SAE1/average/wsn_ds/epoch_210_client_2.pt
2025-09-30 01:03:32.314 | INFO     | agents.servers.serverSAE1:train_on_clients:60 - Saved model for client 3 at epoch 210 -> saved_models/SAE1/average/wsn_ds/epoch_210_client_3.pt
2025-09-30 01:03:32.554 | INFO     | agents.servers.serverSAE1:train_on_clients:60 - Saved model for client 4 at epoch 210 -> saved_models/SAE1/average/wsn_ds/epoch_210_client_4.pt
2025-09-30 01:03:32.796 | INFO     | agents.servers.serverSAE1:train_on_clients:60 - Saved model for client 5 at epoch 210 -> saved_models/SAE1/average/wsn_ds/epoch_210_client_5.pt
2025-09-30 01:03:33.036 | INFO     | agents.servers.serverSAE1:train_on_clients:44 - Client 6 gets new best val_loss at epoch #210: 0.000420
2025-09-30 01:03:33.037 | INFO     | agents.servers.serverSAE1:train_on_clients:60 - Saved model for client 6 at epoch 210 -> saved_models/SAE1/average/wsn_ds/epoch_210_client_6.pt
2025-09-30 01:03:33.277 | INFO     | agents.servers.serverSAE1:train_on_clients:60 - Saved model for client 7 at epoch 210 -> saved_models/SAE1/average/wsn_ds/epoch_210_client_7.pt
2025-09-30 01:03:33.518 | INFO     | agents.servers.serverSAE1:train_on_clients:60 - Saved model for client 8 at epoch 210 -> saved_models/SAE1/average/wsn_ds/epoch_210_client_8.pt
2025-09-30 01:03:33.758 | INFO     | agents.servers.serverSAE1:train_on_clients:60 - Saved model for client 9 at epoch 210 -> saved_models/SAE1/average/wsn_ds/epoch_210_client_9.pt
2025-09-30 01:03:33.998 | INFO     | agents.servers.serverSAE1:train_on_clients:60 - Saved model for client 10 at epoch 210 -> saved_models/SAE1/average/wsn_ds/epoch_210_client_10.pt
2025-09-30 01:03:34.239 | INFO     | agents.servers.serverSAE1:train_on_clients:60 - Saved model for client 11 at epoch 210 -> saved_models/SAE1/average/wsn_ds/epoch_210_client_11.pt
2025-09-30 01:03:34.479 | INFO     | agents.servers.serverSAE1:train_on_clients:60 - Saved model for client 12 at epoch 210 -> saved_models/SAE1/average/wsn_ds/epoch_210_client_12.pt
2025-09-30 01:03:34.720 | INFO     | agents.servers.serverSAE1:train_on_clients:60 - Saved model for client 13 at epoch 210 -> saved_models/SAE1/average/wsn_ds/epoch_210_client_13.pt
2025-09-30 01:03:34.961 | INFO     | agents.servers.serverSAE1:train_on_clients:60 - Saved model for client 14 at epoch 210 -> saved_models/SAE1/average/wsn_ds/epoch_210_client_14.pt
2025-09-30 01:03:35.201 | INFO     | agents.servers.serverSAE1:train_on_clients:60 - Saved model for client 15 at epoch 210 -> saved_models/SAE1/average/wsn_ds/epoch_210_client_15.pt
2025-09-30 01:03:35.441 | INFO     | agents.servers.serverSAE1:train_on_clients:60 - Saved model for client 16 at epoch 210 -> saved_models/SAE1/average/wsn_ds/epoch_210_client_16.pt
2025-09-30 01:03:35.683 | INFO     | agents.servers.serverSAE1:train_on_clients:60 - Saved model for client 17 at epoch 210 -> saved_models/SAE1/average/wsn_ds/epoch_210_client_17.pt
2025-09-30 01:03:35.923 | INFO     | agents.servers.serverSAE1:train_on_clients:60 - Saved model for client 18 at epoch 210 -> saved_models/SAE1/average/wsn_ds/epoch_210_client_18.pt
2025-09-30 01:03:36.163 | INFO     | agents.servers.serverSAE1:train_on_clients:60 - Saved model for client 19 at epoch 210 -> saved_models/SAE1/average/wsn_ds/epoch_210_client_19.pt
2025-09-30 01:03:36.165 | INFO     | agents.servers.serverSAE1:train_on_clients:66 - 20 clients still training at epoch #210
2025-09-30 01:03:36.183 | INFO     | agents.servers.serverSAE1:train_on_clients:22 - Training SAE1 model epoch #211
2025-09-30 01:03:36.664 | INFO     | agents.servers.serverSAE1:train_on_clients:44 - Client 1 gets new best val_loss at epoch #211: 0.000529
2025-09-30 01:03:39.062 | INFO     | agents.servers.serverSAE1:train_on_clients:44 - Client 11 gets new best val_loss at epoch #211: 0.000393
2025-09-30 01:03:40.973 | INFO     | agents.servers.serverSAE1:train_on_clients:66 - 20 clients still training at epoch #211
2025-09-30 01:03:40.991 | INFO     | agents.servers.serverSAE1:train_on_clients:22 - Training SAE1 model epoch #212
2025-09-30 01:03:45.779 | INFO     | agents.servers.serverSAE1:train_on_clients:66 - 20 clients still training at epoch #212
2025-09-30 01:03:45.797 | INFO     | agents.servers.serverSAE1:train_on_clients:22 - Training SAE1 model epoch #213
2025-09-30 01:03:50.584 | INFO     | agents.servers.serverSAE1:train_on_clients:66 - 20 clients still training at epoch #213
2025-09-30 01:03:50.602 | INFO     | agents.servers.serverSAE1:train_on_clients:22 - Training SAE1 model epoch #214
2025-09-30 01:03:52.276 | INFO     | agents.servers.serverSAE1:train_on_clients:44 - Client 6 gets new best val_loss at epoch #214: 0.000412
2025-09-30 01:03:55.340 | INFO     | agents.servers.serverSAE1:train_on_clients:66 - 20 clients still training at epoch #214
2025-09-30 01:03:55.358 | INFO     | agents.servers.serverSAE1:train_on_clients:22 - Training SAE1 model epoch #215
2025-09-30 01:04:00.142 | INFO     | agents.servers.serverSAE1:train_on_clients:66 - 20 clients still training at epoch #215
2025-09-30 01:04:00.160 | INFO     | agents.servers.serverSAE1:train_on_clients:22 - Training SAE1 model epoch #216
2025-09-30 01:04:03.935 | INFO     | agents.servers.serverSAE1:train_on_clients:44 - Client 15 gets new best val_loss at epoch #216: 0.000437
2025-09-30 01:04:04.880 | INFO     | agents.servers.serverSAE1:train_on_clients:66 - 20 clients still training at epoch #216
2025-09-30 01:04:04.898 | INFO     | agents.servers.serverSAE1:train_on_clients:22 - Training SAE1 model epoch #217
2025-09-30 01:04:09.668 | INFO     | agents.servers.serverSAE1:train_on_clients:66 - 20 clients still training at epoch #217
2025-09-30 01:04:09.686 | INFO     | agents.servers.serverSAE1:train_on_clients:22 - Training SAE1 model epoch #218
2025-09-30 01:04:09.925 | INFO     | agents.servers.serverSAE1:train_on_clients:44 - Client 0 gets new best val_loss at epoch #218: 0.000501
2025-09-30 01:04:13.981 | INFO     | agents.servers.serverSAE1:train_on_clients:44 - Client 17 gets new best val_loss at epoch #218: 0.000302
2025-09-30 01:04:14.457 | INFO     | agents.servers.serverSAE1:train_on_clients:66 - 20 clients still training at epoch #218
2025-09-30 01:04:14.475 | INFO     | agents.servers.serverSAE1:train_on_clients:22 - Training SAE1 model epoch #219
2025-09-30 01:04:19.201 | INFO     | agents.servers.serverSAE1:train_on_clients:66 - 20 clients still training at epoch #219
2025-09-30 01:04:19.219 | INFO     | agents.servers.serverSAE1:train_on_clients:22 - Training SAE1 model epoch #220
2025-09-30 01:04:19.464 | INFO     | agents.servers.serverSAE1:train_on_clients:44 - Client 0 gets new best val_loss at epoch #220: 0.000493
2025-09-30 01:04:19.466 | INFO     | agents.servers.serverSAE1:train_on_clients:60 - Saved model for client 0 at epoch 220 -> saved_models/SAE1/average/wsn_ds/epoch_220_client_0.pt
2025-09-30 01:04:19.708 | INFO     | agents.servers.serverSAE1:train_on_clients:60 - Saved model for client 1 at epoch 220 -> saved_models/SAE1/average/wsn_ds/epoch_220_client_1.pt
2025-09-30 01:04:19.947 | INFO     | agents.servers.serverSAE1:train_on_clients:60 - Saved model for client 2 at epoch 220 -> saved_models/SAE1/average/wsn_ds/epoch_220_client_2.pt
2025-09-30 01:04:20.186 | INFO     | agents.servers.serverSAE1:train_on_clients:60 - Saved model for client 3 at epoch 220 -> saved_models/SAE1/average/wsn_ds/epoch_220_client_3.pt
2025-09-30 01:04:20.425 | INFO     | agents.servers.serverSAE1:train_on_clients:60 - Saved model for client 4 at epoch 220 -> saved_models/SAE1/average/wsn_ds/epoch_220_client_4.pt
2025-09-30 01:04:20.668 | INFO     | agents.servers.serverSAE1:train_on_clients:60 - Saved model for client 5 at epoch 220 -> saved_models/SAE1/average/wsn_ds/epoch_220_client_5.pt
2025-09-30 01:04:20.934 | INFO     | agents.servers.serverSAE1:train_on_clients:44 - Client 6 gets new best val_loss at epoch #220: 0.000398
2025-09-30 01:04:20.936 | INFO     | agents.servers.serverSAE1:train_on_clients:60 - Saved model for client 6 at epoch 220 -> saved_models/SAE1/average/wsn_ds/epoch_220_client_6.pt
2025-09-30 01:04:21.176 | INFO     | agents.servers.serverSAE1:train_on_clients:60 - Saved model for client 7 at epoch 220 -> saved_models/SAE1/average/wsn_ds/epoch_220_client_7.pt
2025-09-30 01:04:21.419 | INFO     | agents.servers.serverSAE1:train_on_clients:60 - Saved model for client 8 at epoch 220 -> saved_models/SAE1/average/wsn_ds/epoch_220_client_8.pt
2025-09-30 01:04:21.662 | INFO     | agents.servers.serverSAE1:train_on_clients:60 - Saved model for client 9 at epoch 220 -> saved_models/SAE1/average/wsn_ds/epoch_220_client_9.pt
2025-09-30 01:04:21.903 | INFO     | agents.servers.serverSAE1:train_on_clients:60 - Saved model for client 10 at epoch 220 -> saved_models/SAE1/average/wsn_ds/epoch_220_client_10.pt
2025-09-30 01:04:22.146 | INFO     | agents.servers.serverSAE1:train_on_clients:60 - Saved model for client 11 at epoch 220 -> saved_models/SAE1/average/wsn_ds/epoch_220_client_11.pt
2025-09-30 01:04:22.418 | INFO     | agents.servers.serverSAE1:train_on_clients:60 - Saved model for client 12 at epoch 220 -> saved_models/SAE1/average/wsn_ds/epoch_220_client_12.pt
2025-09-30 01:04:22.656 | INFO     | agents.servers.serverSAE1:train_on_clients:60 - Saved model for client 13 at epoch 220 -> saved_models/SAE1/average/wsn_ds/epoch_220_client_13.pt
2025-09-30 01:04:22.895 | INFO     | agents.servers.serverSAE1:train_on_clients:60 - Saved model for client 14 at epoch 220 -> saved_models/SAE1/average/wsn_ds/epoch_220_client_14.pt
2025-09-30 01:04:23.133 | INFO     | agents.servers.serverSAE1:train_on_clients:60 - Saved model for client 15 at epoch 220 -> saved_models/SAE1/average/wsn_ds/epoch_220_client_15.pt
2025-09-30 01:04:23.371 | INFO     | agents.servers.serverSAE1:train_on_clients:60 - Saved model for client 16 at epoch 220 -> saved_models/SAE1/average/wsn_ds/epoch_220_client_16.pt
2025-09-30 01:04:23.609 | INFO     | agents.servers.serverSAE1:train_on_clients:60 - Saved model for client 17 at epoch 220 -> saved_models/SAE1/average/wsn_ds/epoch_220_client_17.pt
2025-09-30 01:04:23.847 | INFO     | agents.servers.serverSAE1:train_on_clients:60 - Saved model for client 18 at epoch 220 -> saved_models/SAE1/average/wsn_ds/epoch_220_client_18.pt
2025-09-30 01:04:24.085 | INFO     | agents.servers.serverSAE1:train_on_clients:60 - Saved model for client 19 at epoch 220 -> saved_models/SAE1/average/wsn_ds/epoch_220_client_19.pt
2025-09-30 01:04:24.086 | INFO     | agents.servers.serverSAE1:train_on_clients:66 - 20 clients still training at epoch #220
2025-09-30 01:04:24.105 | INFO     | agents.servers.serverSAE1:train_on_clients:22 - Training SAE1 model epoch #221
2025-09-30 01:04:28.874 | INFO     | agents.servers.serverSAE1:train_on_clients:66 - 20 clients still training at epoch #221
2025-09-30 01:04:28.892 | INFO     | agents.servers.serverSAE1:train_on_clients:22 - Training SAE1 model epoch #222
2025-09-30 01:04:33.647 | INFO     | agents.servers.serverSAE1:train_on_clients:66 - 20 clients still training at epoch #222
2025-09-30 01:04:33.665 | INFO     | agents.servers.serverSAE1:train_on_clients:22 - Training SAE1 model epoch #223
2025-09-30 01:04:38.441 | INFO     | agents.servers.serverSAE1:train_on_clients:66 - 20 clients still training at epoch #223
2025-09-30 01:04:38.459 | INFO     | agents.servers.serverSAE1:train_on_clients:22 - Training SAE1 model epoch #224
2025-09-30 01:04:40.137 | INFO     | agents.servers.serverSAE1:train_on_clients:44 - Client 6 gets new best val_loss at epoch #224: 0.000395
2025-09-30 01:04:43.241 | INFO     | agents.servers.serverSAE1:train_on_clients:66 - 20 clients still training at epoch #224
2025-09-30 01:04:43.259 | INFO     | agents.servers.serverSAE1:train_on_clients:22 - Training SAE1 model epoch #225
2025-09-30 01:04:48.024 | INFO     | agents.servers.serverSAE1:train_on_clients:66 - 20 clients still training at epoch #225
2025-09-30 01:04:48.042 | INFO     | agents.servers.serverSAE1:train_on_clients:22 - Training SAE1 model epoch #226
2025-09-30 01:04:50.422 | INFO     | agents.servers.serverSAE1:train_on_clients:44 - Client 9 gets new best val_loss at epoch #226: 0.000410
2025-09-30 01:04:52.800 | INFO     | agents.servers.serverSAE1:train_on_clients:66 - 20 clients still training at epoch #226
2025-09-30 01:04:52.818 | INFO     | agents.servers.serverSAE1:train_on_clients:22 - Training SAE1 model epoch #227
2025-09-30 01:04:56.146 | INFO     | agents.servers.serverSAE1:train_on_clients:44 - Client 13 gets new best val_loss at epoch #227: 0.000392
2025-09-30 01:04:56.623 | INFO     | agents.servers.serverSAE1:train_on_clients:44 - Client 15 gets new best val_loss at epoch #227: 0.000431
2025-09-30 01:04:57.582 | INFO     | agents.servers.serverSAE1:train_on_clients:66 - 20 clients still training at epoch #227
2025-09-30 01:04:57.604 | INFO     | agents.servers.serverSAE1:train_on_clients:22 - Training SAE1 model epoch #228
2025-09-30 01:04:58.128 | INFO     | agents.servers.serverSAE1:train_on_clients:44 - Client 1 gets new best val_loss at epoch #228: 0.000529
2025-09-30 01:05:02.463 | INFO     | agents.servers.serverSAE1:train_on_clients:66 - 20 clients still training at epoch #228
2025-09-30 01:05:02.481 | INFO     | agents.servers.serverSAE1:train_on_clients:22 - Training SAE1 model epoch #229
2025-09-30 01:05:07.275 | INFO     | agents.servers.serverSAE1:train_on_clients:66 - 20 clients still training at epoch #229
2025-09-30 01:05:07.293 | INFO     | agents.servers.serverSAE1:train_on_clients:22 - Training SAE1 model epoch #230
2025-09-30 01:05:07.534 | INFO     | agents.servers.serverSAE1:train_on_clients:60 - Saved model for client 0 at epoch 230 -> saved_models/SAE1/average/wsn_ds/epoch_230_client_0.pt
2025-09-30 01:05:07.776 | INFO     | agents.servers.serverSAE1:train_on_clients:60 - Saved model for client 1 at epoch 230 -> saved_models/SAE1/average/wsn_ds/epoch_230_client_1.pt
2025-09-30 01:05:08.017 | INFO     | agents.servers.serverSAE1:train_on_clients:60 - Saved model for client 2 at epoch 230 -> saved_models/SAE1/average/wsn_ds/epoch_230_client_2.pt
2025-09-30 01:05:08.258 | INFO     | agents.servers.serverSAE1:train_on_clients:60 - Saved model for client 3 at epoch 230 -> saved_models/SAE1/average/wsn_ds/epoch_230_client_3.pt
2025-09-30 01:05:08.499 | INFO     | agents.servers.serverSAE1:train_on_clients:60 - Saved model for client 4 at epoch 230 -> saved_models/SAE1/average/wsn_ds/epoch_230_client_4.pt
2025-09-30 01:05:08.740 | INFO     | agents.servers.serverSAE1:train_on_clients:60 - Saved model for client 5 at epoch 230 -> saved_models/SAE1/average/wsn_ds/epoch_230_client_5.pt
2025-09-30 01:05:08.984 | INFO     | agents.servers.serverSAE1:train_on_clients:60 - Saved model for client 6 at epoch 230 -> saved_models/SAE1/average/wsn_ds/epoch_230_client_6.pt
2025-09-30 01:05:09.225 | INFO     | agents.servers.serverSAE1:train_on_clients:60 - Saved model for client 7 at epoch 230 -> saved_models/SAE1/average/wsn_ds/epoch_230_client_7.pt
2025-09-30 01:05:09.466 | INFO     | agents.servers.serverSAE1:train_on_clients:60 - Saved model for client 8 at epoch 230 -> saved_models/SAE1/average/wsn_ds/epoch_230_client_8.pt
2025-09-30 01:05:09.708 | INFO     | agents.servers.serverSAE1:train_on_clients:60 - Saved model for client 9 at epoch 230 -> saved_models/SAE1/average/wsn_ds/epoch_230_client_9.pt
2025-09-30 01:05:09.949 | INFO     | agents.servers.serverSAE1:train_on_clients:60 - Saved model for client 10 at epoch 230 -> saved_models/SAE1/average/wsn_ds/epoch_230_client_10.pt
2025-09-30 01:05:10.188 | INFO     | agents.servers.serverSAE1:train_on_clients:60 - Saved model for client 11 at epoch 230 -> saved_models/SAE1/average/wsn_ds/epoch_230_client_11.pt
2025-09-30 01:05:10.429 | INFO     | agents.servers.serverSAE1:train_on_clients:44 - Client 12 gets new best val_loss at epoch #230: 0.000474
2025-09-30 01:05:10.430 | INFO     | agents.servers.serverSAE1:train_on_clients:60 - Saved model for client 12 at epoch 230 -> saved_models/SAE1/average/wsn_ds/epoch_230_client_12.pt
2025-09-30 01:05:10.672 | INFO     | agents.servers.serverSAE1:train_on_clients:60 - Saved model for client 13 at epoch 230 -> saved_models/SAE1/average/wsn_ds/epoch_230_client_13.pt
2025-09-30 01:05:10.917 | INFO     | agents.servers.serverSAE1:train_on_clients:60 - Saved model for client 14 at epoch 230 -> saved_models/SAE1/average/wsn_ds/epoch_230_client_14.pt
2025-09-30 01:05:11.158 | INFO     | agents.servers.serverSAE1:train_on_clients:60 - Saved model for client 15 at epoch 230 -> saved_models/SAE1/average/wsn_ds/epoch_230_client_15.pt
2025-09-30 01:05:11.399 | INFO     | agents.servers.serverSAE1:train_on_clients:60 - Saved model for client 16 at epoch 230 -> saved_models/SAE1/average/wsn_ds/epoch_230_client_16.pt
2025-09-30 01:05:11.641 | INFO     | agents.servers.serverSAE1:train_on_clients:60 - Saved model for client 17 at epoch 230 -> saved_models/SAE1/average/wsn_ds/epoch_230_client_17.pt
2025-09-30 01:05:11.884 | INFO     | agents.servers.serverSAE1:train_on_clients:60 - Saved model for client 18 at epoch 230 -> saved_models/SAE1/average/wsn_ds/epoch_230_client_18.pt
2025-09-30 01:05:12.124 | INFO     | agents.servers.serverSAE1:train_on_clients:60 - Saved model for client 19 at epoch 230 -> saved_models/SAE1/average/wsn_ds/epoch_230_client_19.pt
2025-09-30 01:05:12.125 | INFO     | agents.servers.serverSAE1:train_on_clients:66 - 20 clients still training at epoch #230
2025-09-30 01:05:12.144 | INFO     | agents.servers.serverSAE1:train_on_clients:22 - Training SAE1 model epoch #231
2025-09-30 01:05:13.341 | INFO     | agents.servers.serverSAE1:train_on_clients:44 - Client 4 gets new best val_loss at epoch #231: 0.000412
2025-09-30 01:05:14.755 | INFO     | agents.servers.serverSAE1:train_on_clients:44 - Client 10 gets new best val_loss at epoch #231: 0.000451
2025-09-30 01:05:16.880 | INFO     | agents.servers.serverSAE1:train_on_clients:66 - 20 clients still training at epoch #231
2025-09-30 01:05:16.900 | INFO     | agents.servers.serverSAE1:train_on_clients:22 - Training SAE1 model epoch #232
2025-09-30 01:05:18.564 | INFO     | agents.servers.serverSAE1:train_on_clients:44 - Client 6 gets new best val_loss at epoch #232: 0.000393
2025-09-30 01:05:19.290 | INFO     | agents.servers.serverSAE1:train_on_clients:44 - Client 9 gets new best val_loss at epoch #232: 0.000393
2025-09-30 01:05:21.723 | INFO     | agents.servers.serverSAE1:train_on_clients:66 - 20 clients still training at epoch #232
2025-09-30 01:05:21.741 | INFO     | agents.servers.serverSAE1:train_on_clients:22 - Training SAE1 model epoch #233
2025-09-30 01:05:26.555 | INFO     | agents.servers.serverSAE1:train_on_clients:66 - 20 clients still training at epoch #233
2025-09-30 01:05:26.573 | INFO     | agents.servers.serverSAE1:train_on_clients:22 - Training SAE1 model epoch #234
2025-09-30 01:05:31.449 | INFO     | agents.servers.serverSAE1:train_on_clients:66 - 20 clients still training at epoch #234
2025-09-30 01:05:31.467 | INFO     | agents.servers.serverSAE1:train_on_clients:22 - Training SAE1 model epoch #235
2025-09-30 01:05:36.261 | INFO     | agents.servers.serverSAE1:train_on_clients:66 - 20 clients still training at epoch #235
2025-09-30 01:05:36.279 | INFO     | agents.servers.serverSAE1:train_on_clients:22 - Training SAE1 model epoch #236
2025-09-30 01:05:41.086 | INFO     | agents.servers.serverSAE1:train_on_clients:66 - 20 clients still training at epoch #236
2025-09-30 01:05:41.104 | INFO     | agents.servers.serverSAE1:train_on_clients:22 - Training SAE1 model epoch #237
2025-09-30 01:05:45.925 | INFO     | agents.servers.serverSAE1:train_on_clients:66 - 20 clients still training at epoch #237
2025-09-30 01:05:45.943 | INFO     | agents.servers.serverSAE1:train_on_clients:22 - Training SAE1 model epoch #238
2025-09-30 01:05:47.391 | INFO     | agents.servers.serverSAE1:train_on_clients:44 - Client 5 gets new best val_loss at epoch #238: 0.000395
2025-09-30 01:05:50.757 | INFO     | agents.servers.serverSAE1:train_on_clients:66 - 20 clients still training at epoch #238
2025-09-30 01:05:50.775 | INFO     | agents.servers.serverSAE1:train_on_clients:22 - Training SAE1 model epoch #239
2025-09-30 01:05:55.685 | INFO     | agents.servers.serverSAE1:train_on_clients:66 - 20 clients still training at epoch #239
2025-09-30 01:05:55.703 | INFO     | agents.servers.serverSAE1:train_on_clients:22 - Training SAE1 model epoch #240
2025-09-30 01:05:55.942 | INFO     | agents.servers.serverSAE1:train_on_clients:60 - Saved model for client 0 at epoch 240 -> saved_models/SAE1/average/wsn_ds/epoch_240_client_0.pt
2025-09-30 01:05:56.183 | INFO     | agents.servers.serverSAE1:train_on_clients:60 - Saved model for client 1 at epoch 240 -> saved_models/SAE1/average/wsn_ds/epoch_240_client_1.pt
2025-09-30 01:05:56.425 | INFO     | agents.servers.serverSAE1:train_on_clients:60 - Saved model for client 2 at epoch 240 -> saved_models/SAE1/average/wsn_ds/epoch_240_client_2.pt
2025-09-30 01:05:56.665 | INFO     | agents.servers.serverSAE1:train_on_clients:60 - Saved model for client 3 at epoch 240 -> saved_models/SAE1/average/wsn_ds/epoch_240_client_3.pt
2025-09-30 01:05:56.909 | INFO     | agents.servers.serverSAE1:train_on_clients:60 - Saved model for client 4 at epoch 240 -> saved_models/SAE1/average/wsn_ds/epoch_240_client_4.pt
2025-09-30 01:05:57.204 | INFO     | agents.servers.serverSAE1:train_on_clients:60 - Saved model for client 5 at epoch 240 -> saved_models/SAE1/average/wsn_ds/epoch_240_client_5.pt
2025-09-30 01:05:57.499 | INFO     | agents.servers.serverSAE1:train_on_clients:60 - Saved model for client 6 at epoch 240 -> saved_models/SAE1/average/wsn_ds/epoch_240_client_6.pt
2025-09-30 01:05:57.742 | INFO     | agents.servers.serverSAE1:train_on_clients:60 - Saved model for client 7 at epoch 240 -> saved_models/SAE1/average/wsn_ds/epoch_240_client_7.pt
2025-09-30 01:05:57.985 | INFO     | agents.servers.serverSAE1:train_on_clients:60 - Saved model for client 8 at epoch 240 -> saved_models/SAE1/average/wsn_ds/epoch_240_client_8.pt
2025-09-30 01:05:58.227 | INFO     | agents.servers.serverSAE1:train_on_clients:60 - Saved model for client 9 at epoch 240 -> saved_models/SAE1/average/wsn_ds/epoch_240_client_9.pt
2025-09-30 01:05:58.467 | INFO     | agents.servers.serverSAE1:train_on_clients:60 - Saved model for client 10 at epoch 240 -> saved_models/SAE1/average/wsn_ds/epoch_240_client_10.pt
2025-09-30 01:05:58.711 | INFO     | agents.servers.serverSAE1:train_on_clients:60 - Saved model for client 11 at epoch 240 -> saved_models/SAE1/average/wsn_ds/epoch_240_client_11.pt
2025-09-30 01:05:58.953 | INFO     | agents.servers.serverSAE1:train_on_clients:60 - Saved model for client 12 at epoch 240 -> saved_models/SAE1/average/wsn_ds/epoch_240_client_12.pt
2025-09-30 01:05:59.195 | INFO     | agents.servers.serverSAE1:train_on_clients:60 - Saved model for client 13 at epoch 240 -> saved_models/SAE1/average/wsn_ds/epoch_240_client_13.pt
2025-09-30 01:05:59.436 | INFO     | agents.servers.serverSAE1:train_on_clients:60 - Saved model for client 14 at epoch 240 -> saved_models/SAE1/average/wsn_ds/epoch_240_client_14.pt
2025-09-30 01:05:59.679 | INFO     | agents.servers.serverSAE1:train_on_clients:60 - Saved model for client 15 at epoch 240 -> saved_models/SAE1/average/wsn_ds/epoch_240_client_15.pt
2025-09-30 01:05:59.922 | INFO     | agents.servers.serverSAE1:train_on_clients:60 - Saved model for client 16 at epoch 240 -> saved_models/SAE1/average/wsn_ds/epoch_240_client_16.pt
2025-09-30 01:06:00.164 | INFO     | agents.servers.serverSAE1:train_on_clients:60 - Saved model for client 17 at epoch 240 -> saved_models/SAE1/average/wsn_ds/epoch_240_client_17.pt
2025-09-30 01:06:00.408 | INFO     | agents.servers.serverSAE1:train_on_clients:60 - Saved model for client 18 at epoch 240 -> saved_models/SAE1/average/wsn_ds/epoch_240_client_18.pt
2025-09-30 01:06:00.650 | INFO     | agents.servers.serverSAE1:train_on_clients:60 - Saved model for client 19 at epoch 240 -> saved_models/SAE1/average/wsn_ds/epoch_240_client_19.pt
2025-09-30 01:06:00.651 | INFO     | agents.servers.serverSAE1:train_on_clients:66 - 20 clients still training at epoch #240
2025-09-30 01:06:00.669 | INFO     | agents.servers.serverSAE1:train_on_clients:22 - Training SAE1 model epoch #241
2025-09-30 01:06:05.433 | INFO     | agents.servers.serverSAE1:train_on_clients:66 - 20 clients still training at epoch #241
2025-09-30 01:06:05.451 | INFO     | agents.servers.serverSAE1:train_on_clients:22 - Training SAE1 model epoch #242
2025-09-30 01:06:10.281 | INFO     | agents.servers.serverSAE1:train_on_clients:66 - 20 clients still training at epoch #242
2025-09-30 01:06:10.300 | INFO     | agents.servers.serverSAE1:train_on_clients:22 - Training SAE1 model epoch #243
2025-09-30 01:06:15.126 | INFO     | agents.servers.serverSAE1:train_on_clients:66 - 20 clients still training at epoch #243
2025-09-30 01:06:15.145 | INFO     | agents.servers.serverSAE1:train_on_clients:22 - Training SAE1 model epoch #244
2025-09-30 01:06:19.954 | INFO     | agents.servers.serverSAE1:train_on_clients:66 - 20 clients still training at epoch #244
2025-09-30 01:06:19.973 | INFO     | agents.servers.serverSAE1:train_on_clients:22 - Training SAE1 model epoch #245
2025-09-30 01:06:24.797 | INFO     | agents.servers.serverSAE1:train_on_clients:66 - 20 clients still training at epoch #245
2025-09-30 01:06:24.815 | INFO     | agents.servers.serverSAE1:train_on_clients:22 - Training SAE1 model epoch #246
2025-09-30 01:06:25.298 | INFO     | agents.servers.serverSAE1:train_on_clients:44 - Client 1 gets new best val_loss at epoch #246: 0.000526
2025-09-30 01:06:29.646 | INFO     | agents.servers.serverSAE1:train_on_clients:66 - 20 clients still training at epoch #246
2025-09-30 01:06:29.664 | INFO     | agents.servers.serverSAE1:train_on_clients:22 - Training SAE1 model epoch #247
2025-09-30 01:06:30.148 | INFO     | agents.servers.serverSAE1:train_on_clients:44 - Client 1 gets new best val_loss at epoch #247: 0.000517
2025-09-30 01:06:34.516 | INFO     | agents.servers.serverSAE1:train_on_clients:66 - 20 clients still training at epoch #247
2025-09-30 01:06:34.534 | INFO     | agents.servers.serverSAE1:train_on_clients:22 - Training SAE1 model epoch #248
2025-09-30 01:06:35.044 | INFO     | agents.servers.serverSAE1:train_on_clients:44 - Client 1 gets new best val_loss at epoch #248: 0.000509
2025-09-30 01:06:38.374 | INFO     | agents.servers.serverSAE1:train_on_clients:44 - Client 15 gets new best val_loss at epoch #248: 0.000426
2025-09-30 01:06:39.328 | INFO     | agents.servers.serverSAE1:train_on_clients:66 - 20 clients still training at epoch #248
2025-09-30 01:06:39.347 | INFO     | agents.servers.serverSAE1:train_on_clients:22 - Training SAE1 model epoch #249
2025-09-30 01:06:39.825 | INFO     | agents.servers.serverSAE1:train_on_clients:44 - Client 1 gets new best val_loss at epoch #249: 0.000502
2025-09-30 01:06:40.301 | INFO     | agents.servers.serverSAE1:train_on_clients:44 - Client 3 gets new best val_loss at epoch #249: 0.000438
2025-09-30 01:06:40.542 | INFO     | agents.servers.serverSAE1:train_on_clients:44 - Client 4 gets new best val_loss at epoch #249: 0.000411
2025-09-30 01:06:41.741 | INFO     | agents.servers.serverSAE1:train_on_clients:44 - Client 9 gets new best val_loss at epoch #249: 0.000391
2025-09-30 01:06:43.176 | INFO     | agents.servers.serverSAE1:train_on_clients:44 - Client 15 gets new best val_loss at epoch #249: 0.000417
2025-09-30 01:06:44.132 | INFO     | agents.servers.serverSAE1:train_on_clients:66 - 20 clients still training at epoch #249
2025-09-30 01:06:44.150 | INFO     | agents.servers.serverSAE1:train_on_clients:22 - Training SAE1 model epoch #250
2025-09-30 01:06:44.390 | INFO     | agents.servers.serverSAE1:train_on_clients:60 - Saved model for client 0 at epoch 250 -> saved_models/SAE1/average/wsn_ds/epoch_250_client_0.pt
2025-09-30 01:06:44.631 | INFO     | agents.servers.serverSAE1:train_on_clients:44 - Client 1 gets new best val_loss at epoch #250: 0.000496
2025-09-30 01:06:44.633 | INFO     | agents.servers.serverSAE1:train_on_clients:60 - Saved model for client 1 at epoch 250 -> saved_models/SAE1/average/wsn_ds/epoch_250_client_1.pt
2025-09-30 01:06:44.874 | INFO     | agents.servers.serverSAE1:train_on_clients:60 - Saved model for client 2 at epoch 250 -> saved_models/SAE1/average/wsn_ds/epoch_250_client_2.pt
2025-09-30 01:06:45.113 | INFO     | agents.servers.serverSAE1:train_on_clients:44 - Client 3 gets new best val_loss at epoch #250: 0.000430
2025-09-30 01:06:45.114 | INFO     | agents.servers.serverSAE1:train_on_clients:60 - Saved model for client 3 at epoch 250 -> saved_models/SAE1/average/wsn_ds/epoch_250_client_3.pt
2025-09-30 01:06:45.354 | INFO     | agents.servers.serverSAE1:train_on_clients:44 - Client 4 gets new best val_loss at epoch #250: 0.000411
2025-09-30 01:06:45.356 | INFO     | agents.servers.serverSAE1:train_on_clients:60 - Saved model for client 4 at epoch 250 -> saved_models/SAE1/average/wsn_ds/epoch_250_client_4.pt
2025-09-30 01:06:45.595 | INFO     | agents.servers.serverSAE1:train_on_clients:60 - Saved model for client 5 at epoch 250 -> saved_models/SAE1/average/wsn_ds/epoch_250_client_5.pt
2025-09-30 01:06:45.836 | INFO     | agents.servers.serverSAE1:train_on_clients:60 - Saved model for client 6 at epoch 250 -> saved_models/SAE1/average/wsn_ds/epoch_250_client_6.pt
2025-09-30 01:06:46.076 | INFO     | agents.servers.serverSAE1:train_on_clients:60 - Saved model for client 7 at epoch 250 -> saved_models/SAE1/average/wsn_ds/epoch_250_client_7.pt
2025-09-30 01:06:46.317 | INFO     | agents.servers.serverSAE1:train_on_clients:60 - Saved model for client 8 at epoch 250 -> saved_models/SAE1/average/wsn_ds/epoch_250_client_8.pt
2025-09-30 01:06:46.557 | INFO     | agents.servers.serverSAE1:train_on_clients:44 - Client 9 gets new best val_loss at epoch #250: 0.000386
2025-09-30 01:06:46.559 | INFO     | agents.servers.serverSAE1:train_on_clients:60 - Saved model for client 9 at epoch 250 -> saved_models/SAE1/average/wsn_ds/epoch_250_client_9.pt
2025-09-30 01:06:46.799 | INFO     | agents.servers.serverSAE1:train_on_clients:60 - Saved model for client 10 at epoch 250 -> saved_models/SAE1/average/wsn_ds/epoch_250_client_10.pt
2025-09-30 01:06:47.040 | INFO     | agents.servers.serverSAE1:train_on_clients:44 - Client 11 gets new best val_loss at epoch #250: 0.000391
2025-09-30 01:06:47.041 | INFO     | agents.servers.serverSAE1:train_on_clients:60 - Saved model for client 11 at epoch 250 -> saved_models/SAE1/average/wsn_ds/epoch_250_client_11.pt
2025-09-30 01:06:47.283 | INFO     | agents.servers.serverSAE1:train_on_clients:60 - Saved model for client 12 at epoch 250 -> saved_models/SAE1/average/wsn_ds/epoch_250_client_12.pt
2025-09-30 01:06:47.524 | INFO     | agents.servers.serverSAE1:train_on_clients:60 - Saved model for client 13 at epoch 250 -> saved_models/SAE1/average/wsn_ds/epoch_250_client_13.pt
2025-09-30 01:06:47.763 | INFO     | agents.servers.serverSAE1:train_on_clients:60 - Saved model for client 14 at epoch 250 -> saved_models/SAE1/average/wsn_ds/epoch_250_client_14.pt
2025-09-30 01:06:48.004 | INFO     | agents.servers.serverSAE1:train_on_clients:44 - Client 15 gets new best val_loss at epoch #250: 0.000411
2025-09-30 01:06:48.005 | INFO     | agents.servers.serverSAE1:train_on_clients:60 - Saved model for client 15 at epoch 250 -> saved_models/SAE1/average/wsn_ds/epoch_250_client_15.pt
2025-09-30 01:06:48.246 | INFO     | agents.servers.serverSAE1:train_on_clients:60 - Saved model for client 16 at epoch 250 -> saved_models/SAE1/average/wsn_ds/epoch_250_client_16.pt
2025-09-30 01:06:48.489 | INFO     | agents.servers.serverSAE1:train_on_clients:60 - Saved model for client 17 at epoch 250 -> saved_models/SAE1/average/wsn_ds/epoch_250_client_17.pt
2025-09-30 01:06:48.731 | INFO     | agents.servers.serverSAE1:train_on_clients:60 - Saved model for client 18 at epoch 250 -> saved_models/SAE1/average/wsn_ds/epoch_250_client_18.pt
2025-09-30 01:06:48.971 | INFO     | agents.servers.serverSAE1:train_on_clients:60 - Saved model for client 19 at epoch 250 -> saved_models/SAE1/average/wsn_ds/epoch_250_client_19.pt
2025-09-30 01:06:48.972 | INFO     | agents.servers.serverSAE1:train_on_clients:66 - 20 clients still training at epoch #250
2025-09-30 01:06:48.990 | INFO     | agents.servers.serverSAE1:train_on_clients:22 - Training SAE1 model epoch #251
2025-09-30 01:06:49.470 | INFO     | agents.servers.serverSAE1:train_on_clients:44 - Client 1 gets new best val_loss at epoch #251: 0.000494
2025-09-30 01:06:49.951 | INFO     | agents.servers.serverSAE1:train_on_clients:44 - Client 3 gets new best val_loss at epoch #251: 0.000426
2025-09-30 01:06:50.192 | INFO     | agents.servers.serverSAE1:train_on_clients:44 - Client 4 gets new best val_loss at epoch #251: 0.000408
2025-09-30 01:06:51.390 | INFO     | agents.servers.serverSAE1:train_on_clients:44 - Client 9 gets new best val_loss at epoch #251: 0.000378
2025-09-30 01:06:51.869 | INFO     | agents.servers.serverSAE1:train_on_clients:44 - Client 11 gets new best val_loss at epoch #251: 0.000387
2025-09-30 01:06:52.825 | INFO     | agents.servers.serverSAE1:train_on_clients:44 - Client 15 gets new best val_loss at epoch #251: 0.000406
2025-09-30 01:06:53.783 | INFO     | agents.servers.serverSAE1:train_on_clients:66 - 20 clients still training at epoch #251
2025-09-30 01:06:53.801 | INFO     | agents.servers.serverSAE1:train_on_clients:22 - Training SAE1 model epoch #252
2025-09-30 01:06:54.282 | INFO     | agents.servers.serverSAE1:train_on_clients:44 - Client 1 gets new best val_loss at epoch #252: 0.000486
2025-09-30 01:06:54.762 | INFO     | agents.servers.serverSAE1:train_on_clients:44 - Client 3 gets new best val_loss at epoch #252: 0.000424
2025-09-30 01:06:55.001 | INFO     | agents.servers.serverSAE1:train_on_clients:44 - Client 4 gets new best val_loss at epoch #252: 0.000404
2025-09-30 01:06:56.187 | INFO     | agents.servers.serverSAE1:train_on_clients:44 - Client 9 gets new best val_loss at epoch #252: 0.000376
2025-09-30 01:06:56.426 | INFO     | agents.servers.serverSAE1:train_on_clients:44 - Client 10 gets new best val_loss at epoch #252: 0.000448
2025-09-30 01:06:56.667 | INFO     | agents.servers.serverSAE1:train_on_clients:44 - Client 11 gets new best val_loss at epoch #252: 0.000383
2025-09-30 01:06:57.618 | INFO     | agents.servers.serverSAE1:train_on_clients:44 - Client 15 gets new best val_loss at epoch #252: 0.000401
2025-09-30 01:06:57.856 | INFO     | agents.servers.serverSAE1:train_on_clients:44 - Client 16 gets new best val_loss at epoch #252: 0.000400
2025-09-30 01:06:58.096 | INFO     | agents.servers.serverSAE1:train_on_clients:44 - Client 17 gets new best val_loss at epoch #252: 0.000299
2025-09-30 01:06:58.572 | INFO     | agents.servers.serverSAE1:train_on_clients:66 - 20 clients still training at epoch #252
2025-09-30 01:06:58.590 | INFO     | agents.servers.serverSAE1:train_on_clients:22 - Training SAE1 model epoch #253
2025-09-30 01:06:59.068 | INFO     | agents.servers.serverSAE1:train_on_clients:44 - Client 1 gets new best val_loss at epoch #253: 0.000482
2025-09-30 01:06:59.546 | INFO     | agents.servers.serverSAE1:train_on_clients:44 - Client 3 gets new best val_loss at epoch #253: 0.000416
2025-09-30 01:06:59.788 | INFO     | agents.servers.serverSAE1:train_on_clients:44 - Client 4 gets new best val_loss at epoch #253: 0.000396
2025-09-30 01:07:00.977 | INFO     | agents.servers.serverSAE1:train_on_clients:44 - Client 9 gets new best val_loss at epoch #253: 0.000370
2025-09-30 01:07:01.216 | INFO     | agents.servers.serverSAE1:train_on_clients:44 - Client 10 gets new best val_loss at epoch #253: 0.000444
2025-09-30 01:07:01.456 | INFO     | agents.servers.serverSAE1:train_on_clients:44 - Client 11 gets new best val_loss at epoch #253: 0.000380
2025-09-30 01:07:02.171 | INFO     | agents.servers.serverSAE1:train_on_clients:44 - Client 14 gets new best val_loss at epoch #253: 0.000372
2025-09-30 01:07:02.411 | INFO     | agents.servers.serverSAE1:train_on_clients:44 - Client 15 gets new best val_loss at epoch #253: 0.000399
2025-09-30 01:07:02.651 | INFO     | agents.servers.serverSAE1:train_on_clients:44 - Client 16 gets new best val_loss at epoch #253: 0.000396
2025-09-30 01:07:02.891 | INFO     | agents.servers.serverSAE1:train_on_clients:44 - Client 17 gets new best val_loss at epoch #253: 0.000294
2025-09-30 01:07:03.367 | INFO     | agents.servers.serverSAE1:train_on_clients:66 - 20 clients still training at epoch #253
2025-09-30 01:07:03.386 | INFO     | agents.servers.serverSAE1:train_on_clients:22 - Training SAE1 model epoch #254
2025-09-30 01:07:03.627 | INFO     | agents.servers.serverSAE1:train_on_clients:44 - Client 0 gets new best val_loss at epoch #254: 0.000491
2025-09-30 01:07:03.869 | INFO     | agents.servers.serverSAE1:train_on_clients:44 - Client 1 gets new best val_loss at epoch #254: 0.000479
2025-09-30 01:07:04.348 | INFO     | agents.servers.serverSAE1:train_on_clients:44 - Client 3 gets new best val_loss at epoch #254: 0.000412
2025-09-30 01:07:04.588 | INFO     | agents.servers.serverSAE1:train_on_clients:44 - Client 4 gets new best val_loss at epoch #254: 0.000395
2025-09-30 01:07:05.783 | INFO     | agents.servers.serverSAE1:train_on_clients:44 - Client 9 gets new best val_loss at epoch #254: 0.000367
2025-09-30 01:07:06.022 | INFO     | agents.servers.serverSAE1:train_on_clients:44 - Client 10 gets new best val_loss at epoch #254: 0.000438
2025-09-30 01:07:06.261 | INFO     | agents.servers.serverSAE1:train_on_clients:44 - Client 11 gets new best val_loss at epoch #254: 0.000379
2025-09-30 01:07:07.211 | INFO     | agents.servers.serverSAE1:train_on_clients:44 - Client 15 gets new best val_loss at epoch #254: 0.000394
2025-09-30 01:07:07.448 | INFO     | agents.servers.serverSAE1:train_on_clients:44 - Client 16 gets new best val_loss at epoch #254: 0.000395
2025-09-30 01:07:07.688 | INFO     | agents.servers.serverSAE1:train_on_clients:44 - Client 17 gets new best val_loss at epoch #254: 0.000292
2025-09-30 01:07:08.165 | INFO     | agents.servers.serverSAE1:train_on_clients:66 - 20 clients still training at epoch #254
2025-09-30 01:07:08.183 | INFO     | agents.servers.serverSAE1:train_on_clients:22 - Training SAE1 model epoch #255
2025-09-30 01:07:09.136 | INFO     | agents.servers.serverSAE1:train_on_clients:44 - Client 3 gets new best val_loss at epoch #255: 0.000412
2025-09-30 01:07:10.565 | INFO     | agents.servers.serverSAE1:train_on_clients:44 - Client 9 gets new best val_loss at epoch #255: 0.000364
2025-09-30 01:07:10.804 | INFO     | agents.servers.serverSAE1:train_on_clients:44 - Client 10 gets new best val_loss at epoch #255: 0.000434
2025-09-30 01:07:11.045 | INFO     | agents.servers.serverSAE1:train_on_clients:44 - Client 11 gets new best val_loss at epoch #255: 0.000376
2025-09-30 01:07:11.994 | INFO     | agents.servers.serverSAE1:train_on_clients:44 - Client 15 gets new best val_loss at epoch #255: 0.000390
2025-09-30 01:07:12.469 | INFO     | agents.servers.serverSAE1:train_on_clients:44 - Client 17 gets new best val_loss at epoch #255: 0.000292
2025-09-30 01:07:12.945 | INFO     | agents.servers.serverSAE1:train_on_clients:66 - 20 clients still training at epoch #255
2025-09-30 01:07:12.963 | INFO     | agents.servers.serverSAE1:train_on_clients:22 - Training SAE1 model epoch #256
2025-09-30 01:07:13.439 | INFO     | agents.servers.serverSAE1:train_on_clients:44 - Client 1 gets new best val_loss at epoch #256: 0.000478
2025-09-30 01:07:13.917 | INFO     | agents.servers.serverSAE1:train_on_clients:44 - Client 3 gets new best val_loss at epoch #256: 0.000406
2025-09-30 01:07:15.342 | INFO     | agents.servers.serverSAE1:train_on_clients:44 - Client 9 gets new best val_loss at epoch #256: 0.000360
2025-09-30 01:07:15.583 | INFO     | agents.servers.serverSAE1:train_on_clients:44 - Client 10 gets new best val_loss at epoch #256: 0.000430
2025-09-30 01:07:16.773 | INFO     | agents.servers.serverSAE1:train_on_clients:44 - Client 15 gets new best val_loss at epoch #256: 0.000388
2025-09-30 01:07:17.252 | INFO     | agents.servers.serverSAE1:train_on_clients:44 - Client 17 gets new best val_loss at epoch #256: 0.000290
2025-09-30 01:07:17.728 | INFO     | agents.servers.serverSAE1:train_on_clients:66 - 20 clients still training at epoch #256
2025-09-30 01:07:17.746 | INFO     | agents.servers.serverSAE1:train_on_clients:22 - Training SAE1 model epoch #257
2025-09-30 01:07:18.223 | INFO     | agents.servers.serverSAE1:train_on_clients:44 - Client 1 gets new best val_loss at epoch #257: 0.000474
2025-09-30 01:07:18.700 | INFO     | agents.servers.serverSAE1:train_on_clients:44 - Client 3 gets new best val_loss at epoch #257: 0.000404
2025-09-30 01:07:20.358 | INFO     | agents.servers.serverSAE1:train_on_clients:44 - Client 10 gets new best val_loss at epoch #257: 0.000427
2025-09-30 01:07:20.597 | INFO     | agents.servers.serverSAE1:train_on_clients:44 - Client 11 gets new best val_loss at epoch #257: 0.000369
2025-09-30 01:07:21.548 | INFO     | agents.servers.serverSAE1:train_on_clients:44 - Client 15 gets new best val_loss at epoch #257: 0.000385
2025-09-30 01:07:22.025 | INFO     | agents.servers.serverSAE1:train_on_clients:44 - Client 17 gets new best val_loss at epoch #257: 0.000288
2025-09-30 01:07:22.501 | INFO     | agents.servers.serverSAE1:train_on_clients:66 - 20 clients still training at epoch #257
2025-09-30 01:07:22.519 | INFO     | agents.servers.serverSAE1:train_on_clients:22 - Training SAE1 model epoch #258
2025-09-30 01:07:22.996 | INFO     | agents.servers.serverSAE1:train_on_clients:44 - Client 1 gets new best val_loss at epoch #258: 0.000470
2025-09-30 01:07:24.898 | INFO     | agents.servers.serverSAE1:train_on_clients:44 - Client 9 gets new best val_loss at epoch #258: 0.000359
2025-09-30 01:07:25.137 | INFO     | agents.servers.serverSAE1:train_on_clients:44 - Client 10 gets new best val_loss at epoch #258: 0.000425
2025-09-30 01:07:25.376 | INFO     | agents.servers.serverSAE1:train_on_clients:44 - Client 11 gets new best val_loss at epoch #258: 0.000365
2025-09-30 01:07:26.327 | INFO     | agents.servers.serverSAE1:train_on_clients:44 - Client 15 gets new best val_loss at epoch #258: 0.000384
2025-09-30 01:07:26.803 | INFO     | agents.servers.serverSAE1:train_on_clients:44 - Client 17 gets new best val_loss at epoch #258: 0.000285
2025-09-30 01:07:27.280 | INFO     | agents.servers.serverSAE1:train_on_clients:66 - 20 clients still training at epoch #258
2025-09-30 01:07:27.298 | INFO     | agents.servers.serverSAE1:train_on_clients:22 - Training SAE1 model epoch #259
2025-09-30 01:07:28.493 | INFO     | agents.servers.serverSAE1:train_on_clients:44 - Client 4 gets new best val_loss at epoch #259: 0.000382
2025-09-30 01:07:28.732 | INFO     | agents.servers.serverSAE1:train_on_clients:44 - Client 5 gets new best val_loss at epoch #259: 0.000392
2025-09-30 01:07:29.923 | INFO     | agents.servers.serverSAE1:train_on_clients:44 - Client 10 gets new best val_loss at epoch #259: 0.000420
2025-09-30 01:07:30.169 | INFO     | agents.servers.serverSAE1:train_on_clients:44 - Client 11 gets new best val_loss at epoch #259: 0.000364
2025-09-30 01:07:31.131 | INFO     | agents.servers.serverSAE1:train_on_clients:44 - Client 15 gets new best val_loss at epoch #259: 0.000383
2025-09-30 01:07:32.088 | INFO     | agents.servers.serverSAE1:train_on_clients:66 - 20 clients still training at epoch #259
2025-09-30 01:07:32.106 | INFO     | agents.servers.serverSAE1:train_on_clients:22 - Training SAE1 model epoch #260
2025-09-30 01:07:32.347 | INFO     | agents.servers.serverSAE1:train_on_clients:60 - Saved model for client 0 at epoch 260 -> saved_models/SAE1/average/wsn_ds/epoch_260_client_0.pt
2025-09-30 01:07:32.587 | INFO     | agents.servers.serverSAE1:train_on_clients:60 - Saved model for client 1 at epoch 260 -> saved_models/SAE1/average/wsn_ds/epoch_260_client_1.pt
2025-09-30 01:07:32.829 | INFO     | agents.servers.serverSAE1:train_on_clients:60 - Saved model for client 2 at epoch 260 -> saved_models/SAE1/average/wsn_ds/epoch_260_client_2.pt
2025-09-30 01:07:33.070 | INFO     | agents.servers.serverSAE1:train_on_clients:44 - Client 3 gets new best val_loss at epoch #260: 0.000402
2025-09-30 01:07:33.072 | INFO     | agents.servers.serverSAE1:train_on_clients:60 - Saved model for client 3 at epoch 260 -> saved_models/SAE1/average/wsn_ds/epoch_260_client_3.pt
2025-09-30 01:07:33.313 | INFO     | agents.servers.serverSAE1:train_on_clients:60 - Saved model for client 4 at epoch 260 -> saved_models/SAE1/average/wsn_ds/epoch_260_client_4.pt
2025-09-30 01:07:33.554 | INFO     | agents.servers.serverSAE1:train_on_clients:60 - Saved model for client 5 at epoch 260 -> saved_models/SAE1/average/wsn_ds/epoch_260_client_5.pt
2025-09-30 01:07:33.795 | INFO     | agents.servers.serverSAE1:train_on_clients:60 - Saved model for client 6 at epoch 260 -> saved_models/SAE1/average/wsn_ds/epoch_260_client_6.pt
2025-09-30 01:07:34.036 | INFO     | agents.servers.serverSAE1:train_on_clients:60 - Saved model for client 7 at epoch 260 -> saved_models/SAE1/average/wsn_ds/epoch_260_client_7.pt
2025-09-30 01:07:34.277 | INFO     | agents.servers.serverSAE1:train_on_clients:60 - Saved model for client 8 at epoch 260 -> saved_models/SAE1/average/wsn_ds/epoch_260_client_8.pt
2025-09-30 01:07:34.518 | INFO     | agents.servers.serverSAE1:train_on_clients:60 - Saved model for client 9 at epoch 260 -> saved_models/SAE1/average/wsn_ds/epoch_260_client_9.pt
2025-09-30 01:07:34.759 | INFO     | agents.servers.serverSAE1:train_on_clients:60 - Saved model for client 10 at epoch 260 -> saved_models/SAE1/average/wsn_ds/epoch_260_client_10.pt
2025-09-30 01:07:35.000 | INFO     | agents.servers.serverSAE1:train_on_clients:44 - Client 11 gets new best val_loss at epoch #260: 0.000362
2025-09-30 01:07:35.002 | INFO     | agents.servers.serverSAE1:train_on_clients:60 - Saved model for client 11 at epoch 260 -> saved_models/SAE1/average/wsn_ds/epoch_260_client_11.pt
2025-09-30 01:07:35.242 | INFO     | agents.servers.serverSAE1:train_on_clients:60 - Saved model for client 12 at epoch 260 -> saved_models/SAE1/average/wsn_ds/epoch_260_client_12.pt
2025-09-30 01:07:35.482 | INFO     | agents.servers.serverSAE1:train_on_clients:60 - Saved model for client 13 at epoch 260 -> saved_models/SAE1/average/wsn_ds/epoch_260_client_13.pt
2025-09-30 01:07:35.722 | INFO     | agents.servers.serverSAE1:train_on_clients:60 - Saved model for client 14 at epoch 260 -> saved_models/SAE1/average/wsn_ds/epoch_260_client_14.pt
2025-09-30 01:07:35.964 | INFO     | agents.servers.serverSAE1:train_on_clients:60 - Saved model for client 15 at epoch 260 -> saved_models/SAE1/average/wsn_ds/epoch_260_client_15.pt
2025-09-30 01:07:36.206 | INFO     | agents.servers.serverSAE1:train_on_clients:60 - Saved model for client 16 at epoch 260 -> saved_models/SAE1/average/wsn_ds/epoch_260_client_16.pt
2025-09-30 01:07:36.447 | INFO     | agents.servers.serverSAE1:train_on_clients:60 - Saved model for client 17 at epoch 260 -> saved_models/SAE1/average/wsn_ds/epoch_260_client_17.pt
2025-09-30 01:07:36.687 | INFO     | agents.servers.serverSAE1:train_on_clients:60 - Saved model for client 18 at epoch 260 -> saved_models/SAE1/average/wsn_ds/epoch_260_client_18.pt
2025-09-30 01:07:36.926 | INFO     | agents.servers.serverSAE1:train_on_clients:60 - Saved model for client 19 at epoch 260 -> saved_models/SAE1/average/wsn_ds/epoch_260_client_19.pt
2025-09-30 01:07:36.928 | INFO     | agents.servers.serverSAE1:train_on_clients:66 - 20 clients still training at epoch #260
2025-09-30 01:07:36.946 | INFO     | agents.servers.serverSAE1:train_on_clients:22 - Training SAE1 model epoch #261
2025-09-30 01:07:38.386 | INFO     | agents.servers.serverSAE1:train_on_clients:44 - Client 5 gets new best val_loss at epoch #261: 0.000380
2025-09-30 01:07:39.590 | INFO     | agents.servers.serverSAE1:train_on_clients:44 - Client 10 gets new best val_loss at epoch #261: 0.000415
2025-09-30 01:07:40.608 | INFO     | agents.servers.serverSAE1:train_on_clients:44 - Client 14 gets new best val_loss at epoch #261: 0.000359
2025-09-30 01:07:40.846 | INFO     | agents.servers.serverSAE1:train_on_clients:44 - Client 15 gets new best val_loss at epoch #261: 0.000378
2025-09-30 01:07:41.798 | INFO     | agents.servers.serverSAE1:train_on_clients:66 - 20 clients still training at epoch #261
2025-09-30 01:07:41.817 | INFO     | agents.servers.serverSAE1:train_on_clients:22 - Training SAE1 model epoch #262
2025-09-30 01:07:44.145 | INFO     | agents.servers.serverSAE1:train_on_clients:44 - Client 9 gets new best val_loss at epoch #262: 0.000355
2025-09-30 01:07:44.627 | INFO     | agents.servers.serverSAE1:train_on_clients:44 - Client 11 gets new best val_loss at epoch #262: 0.000361
2025-09-30 01:07:46.552 | INFO     | agents.servers.serverSAE1:train_on_clients:66 - 20 clients still training at epoch #262
2025-09-30 01:07:46.570 | INFO     | agents.servers.serverSAE1:train_on_clients:22 - Training SAE1 model epoch #263
2025-09-30 01:07:47.774 | INFO     | agents.servers.serverSAE1:train_on_clients:44 - Client 4 gets new best val_loss at epoch #263: 0.000378
2025-09-30 01:07:51.368 | INFO     | agents.servers.serverSAE1:train_on_clients:66 - 20 clients still training at epoch #263
2025-09-30 01:07:51.386 | INFO     | agents.servers.serverSAE1:train_on_clients:22 - Training SAE1 model epoch #264
2025-09-30 01:07:52.352 | INFO     | agents.servers.serverSAE1:train_on_clients:44 - Client 3 gets new best val_loss at epoch #264: 0.000397
2025-09-30 01:07:56.185 | INFO     | agents.servers.serverSAE1:train_on_clients:66 - 20 clients still training at epoch #264
2025-09-30 01:07:56.203 | INFO     | agents.servers.serverSAE1:train_on_clients:22 - Training SAE1 model epoch #265
2025-09-30 01:08:00.521 | INFO     | agents.servers.serverSAE1:train_on_clients:44 - Client 17 gets new best val_loss at epoch #265: 0.000274
2025-09-30 01:08:01.002 | INFO     | agents.servers.serverSAE1:train_on_clients:66 - 20 clients still training at epoch #265
2025-09-30 01:08:01.020 | INFO     | agents.servers.serverSAE1:train_on_clients:22 - Training SAE1 model epoch #266
2025-09-30 01:08:05.335 | INFO     | agents.servers.serverSAE1:train_on_clients:44 - Client 17 gets new best val_loss at epoch #266: 0.000270
2025-09-30 01:08:05.816 | INFO     | agents.servers.serverSAE1:train_on_clients:66 - 20 clients still training at epoch #266
2025-09-30 01:08:05.834 | INFO     | agents.servers.serverSAE1:train_on_clients:22 - Training SAE1 model epoch #267
2025-09-30 01:08:07.518 | INFO     | agents.servers.serverSAE1:train_on_clients:44 - Client 6 gets new best val_loss at epoch #267: 0.000390
2025-09-30 01:08:10.625 | INFO     | agents.servers.serverSAE1:train_on_clients:66 - 20 clients still training at epoch #267
2025-09-30 01:08:10.643 | INFO     | agents.servers.serverSAE1:train_on_clients:22 - Training SAE1 model epoch #268
2025-09-30 01:08:15.443 | INFO     | agents.servers.serverSAE1:train_on_clients:66 - 20 clients still training at epoch #268
2025-09-30 01:08:15.461 | INFO     | agents.servers.serverSAE1:train_on_clients:22 - Training SAE1 model epoch #269
2025-09-30 01:08:18.099 | INFO     | agents.servers.serverSAE1:train_on_clients:44 - Client 10 gets new best val_loss at epoch #269: 0.000415
2025-09-30 01:08:20.255 | INFO     | agents.servers.serverSAE1:train_on_clients:66 - 20 clients still training at epoch #269
2025-09-30 01:08:20.273 | INFO     | agents.servers.serverSAE1:train_on_clients:22 - Training SAE1 model epoch #270
2025-09-30 01:08:20.514 | INFO     | agents.servers.serverSAE1:train_on_clients:60 - Saved model for client 0 at epoch 270 -> saved_models/SAE1/average/wsn_ds/epoch_270_client_0.pt
2025-09-30 01:08:20.755 | INFO     | agents.servers.serverSAE1:train_on_clients:60 - Saved model for client 1 at epoch 270 -> saved_models/SAE1/average/wsn_ds/epoch_270_client_1.pt
2025-09-30 01:08:20.998 | INFO     | agents.servers.serverSAE1:train_on_clients:60 - Saved model for client 2 at epoch 270 -> saved_models/SAE1/average/wsn_ds/epoch_270_client_2.pt
2025-09-30 01:08:21.241 | INFO     | agents.servers.serverSAE1:train_on_clients:60 - Saved model for client 3 at epoch 270 -> saved_models/SAE1/average/wsn_ds/epoch_270_client_3.pt
2025-09-30 01:08:21.484 | INFO     | agents.servers.serverSAE1:train_on_clients:60 - Saved model for client 4 at epoch 270 -> saved_models/SAE1/average/wsn_ds/epoch_270_client_4.pt
2025-09-30 01:08:21.725 | INFO     | agents.servers.serverSAE1:train_on_clients:60 - Saved model for client 5 at epoch 270 -> saved_models/SAE1/average/wsn_ds/epoch_270_client_5.pt
2025-09-30 01:08:21.966 | INFO     | agents.servers.serverSAE1:train_on_clients:60 - Saved model for client 6 at epoch 270 -> saved_models/SAE1/average/wsn_ds/epoch_270_client_6.pt
2025-09-30 01:08:22.207 | INFO     | agents.servers.serverSAE1:train_on_clients:60 - Saved model for client 7 at epoch 270 -> saved_models/SAE1/average/wsn_ds/epoch_270_client_7.pt
2025-09-30 01:08:22.448 | INFO     | agents.servers.serverSAE1:train_on_clients:60 - Saved model for client 8 at epoch 270 -> saved_models/SAE1/average/wsn_ds/epoch_270_client_8.pt
2025-09-30 01:08:22.690 | INFO     | agents.servers.serverSAE1:train_on_clients:60 - Saved model for client 9 at epoch 270 -> saved_models/SAE1/average/wsn_ds/epoch_270_client_9.pt
2025-09-30 01:08:22.932 | INFO     | agents.servers.serverSAE1:train_on_clients:60 - Saved model for client 10 at epoch 270 -> saved_models/SAE1/average/wsn_ds/epoch_270_client_10.pt
2025-09-30 01:08:23.176 | INFO     | agents.servers.serverSAE1:train_on_clients:60 - Saved model for client 11 at epoch 270 -> saved_models/SAE1/average/wsn_ds/epoch_270_client_11.pt
2025-09-30 01:08:23.418 | INFO     | agents.servers.serverSAE1:train_on_clients:60 - Saved model for client 12 at epoch 270 -> saved_models/SAE1/average/wsn_ds/epoch_270_client_12.pt
2025-09-30 01:08:23.659 | INFO     | agents.servers.serverSAE1:train_on_clients:60 - Saved model for client 13 at epoch 270 -> saved_models/SAE1/average/wsn_ds/epoch_270_client_13.pt
2025-09-30 01:08:23.901 | INFO     | agents.servers.serverSAE1:train_on_clients:60 - Saved model for client 14 at epoch 270 -> saved_models/SAE1/average/wsn_ds/epoch_270_client_14.pt
2025-09-30 01:08:24.140 | INFO     | agents.servers.serverSAE1:train_on_clients:60 - Saved model for client 15 at epoch 270 -> saved_models/SAE1/average/wsn_ds/epoch_270_client_15.pt
2025-09-30 01:08:24.381 | INFO     | agents.servers.serverSAE1:train_on_clients:60 - Saved model for client 16 at epoch 270 -> saved_models/SAE1/average/wsn_ds/epoch_270_client_16.pt
2025-09-30 01:08:24.622 | INFO     | agents.servers.serverSAE1:train_on_clients:60 - Saved model for client 17 at epoch 270 -> saved_models/SAE1/average/wsn_ds/epoch_270_client_17.pt
2025-09-30 01:08:24.864 | INFO     | agents.servers.serverSAE1:train_on_clients:60 - Saved model for client 18 at epoch 270 -> saved_models/SAE1/average/wsn_ds/epoch_270_client_18.pt
2025-09-30 01:08:25.107 | INFO     | agents.servers.serverSAE1:train_on_clients:60 - Saved model for client 19 at epoch 270 -> saved_models/SAE1/average/wsn_ds/epoch_270_client_19.pt
2025-09-30 01:08:25.108 | INFO     | agents.servers.serverSAE1:train_on_clients:66 - 20 clients still training at epoch #270
2025-09-30 01:08:25.126 | INFO     | agents.servers.serverSAE1:train_on_clients:22 - Training SAE1 model epoch #271
2025-09-30 01:08:29.917 | INFO     | agents.servers.serverSAE1:train_on_clients:66 - 20 clients still training at epoch #271
2025-09-30 01:08:29.936 | INFO     | agents.servers.serverSAE1:train_on_clients:22 - Training SAE1 model epoch #272
2025-09-30 01:08:34.733 | INFO     | agents.servers.serverSAE1:train_on_clients:66 - 20 clients still training at epoch #272
2025-09-30 01:08:34.751 | INFO     | agents.servers.serverSAE1:train_on_clients:22 - Training SAE1 model epoch #273
2025-09-30 01:08:39.547 | INFO     | agents.servers.serverSAE1:train_on_clients:66 - 20 clients still training at epoch #273
2025-09-30 01:08:39.565 | INFO     | agents.servers.serverSAE1:train_on_clients:22 - Training SAE1 model epoch #274
2025-09-30 01:08:44.361 | INFO     | agents.servers.serverSAE1:train_on_clients:66 - 20 clients still training at epoch #274
2025-09-30 01:08:44.379 | INFO     | agents.servers.serverSAE1:train_on_clients:22 - Training SAE1 model epoch #275
2025-09-30 01:08:49.184 | INFO     | agents.servers.serverSAE1:train_on_clients:66 - 20 clients still training at epoch #275
2025-09-30 01:08:49.202 | INFO     | agents.servers.serverSAE1:train_on_clients:22 - Training SAE1 model epoch #276
2025-09-30 01:08:53.985 | INFO     | agents.servers.serverSAE1:train_on_clients:66 - 20 clients still training at epoch #276
2025-09-30 01:08:54.003 | INFO     | agents.servers.serverSAE1:train_on_clients:22 - Training SAE1 model epoch #277
2025-09-30 01:08:58.782 | INFO     | agents.servers.serverSAE1:train_on_clients:66 - 20 clients still training at epoch #277
2025-09-30 01:08:58.800 | INFO     | agents.servers.serverSAE1:train_on_clients:22 - Training SAE1 model epoch #278
2025-09-30 01:09:00.476 | INFO     | agents.servers.serverSAE1:train_on_clients:44 - Client 6 gets new best val_loss at epoch #278: 0.000387
2025-09-30 01:09:03.580 | INFO     | agents.servers.serverSAE1:train_on_clients:66 - 20 clients still training at epoch #278
2025-09-30 01:09:03.597 | INFO     | agents.servers.serverSAE1:train_on_clients:22 - Training SAE1 model epoch #279
2025-09-30 01:09:07.426 | INFO     | agents.servers.serverSAE1:train_on_clients:44 - Client 15 gets new best val_loss at epoch #279: 0.000376
2025-09-30 01:09:08.392 | INFO     | agents.servers.serverSAE1:train_on_clients:66 - 20 clients still training at epoch #279
2025-09-30 01:09:08.410 | INFO     | agents.servers.serverSAE1:train_on_clients:22 - Training SAE1 model epoch #280
2025-09-30 01:09:08.649 | INFO     | agents.servers.serverSAE1:train_on_clients:60 - Saved model for client 0 at epoch 280 -> saved_models/SAE1/average/wsn_ds/epoch_280_client_0.pt
2025-09-30 01:09:08.890 | INFO     | agents.servers.serverSAE1:train_on_clients:60 - Saved model for client 1 at epoch 280 -> saved_models/SAE1/average/wsn_ds/epoch_280_client_1.pt
2025-09-30 01:09:09.131 | INFO     | agents.servers.serverSAE1:train_on_clients:60 - Saved model for client 2 at epoch 280 -> saved_models/SAE1/average/wsn_ds/epoch_280_client_2.pt
2025-09-30 01:09:09.373 | INFO     | agents.servers.serverSAE1:train_on_clients:60 - Saved model for client 3 at epoch 280 -> saved_models/SAE1/average/wsn_ds/epoch_280_client_3.pt
2025-09-30 01:09:09.614 | INFO     | agents.servers.serverSAE1:train_on_clients:60 - Saved model for client 4 at epoch 280 -> saved_models/SAE1/average/wsn_ds/epoch_280_client_4.pt
2025-09-30 01:09:09.855 | INFO     | agents.servers.serverSAE1:train_on_clients:60 - Saved model for client 5 at epoch 280 -> saved_models/SAE1/average/wsn_ds/epoch_280_client_5.pt
2025-09-30 01:09:10.095 | INFO     | agents.servers.serverSAE1:train_on_clients:60 - Saved model for client 6 at epoch 280 -> saved_models/SAE1/average/wsn_ds/epoch_280_client_6.pt
2025-09-30 01:09:10.336 | INFO     | agents.servers.serverSAE1:train_on_clients:60 - Saved model for client 7 at epoch 280 -> saved_models/SAE1/average/wsn_ds/epoch_280_client_7.pt
2025-09-30 01:09:10.576 | INFO     | agents.servers.serverSAE1:train_on_clients:60 - Saved model for client 8 at epoch 280 -> saved_models/SAE1/average/wsn_ds/epoch_280_client_8.pt
2025-09-30 01:09:10.817 | INFO     | agents.servers.serverSAE1:train_on_clients:60 - Saved model for client 9 at epoch 280 -> saved_models/SAE1/average/wsn_ds/epoch_280_client_9.pt
2025-09-30 01:09:11.058 | INFO     | agents.servers.serverSAE1:train_on_clients:60 - Saved model for client 10 at epoch 280 -> saved_models/SAE1/average/wsn_ds/epoch_280_client_10.pt
2025-09-30 01:09:11.299 | INFO     | agents.servers.serverSAE1:train_on_clients:60 - Saved model for client 11 at epoch 280 -> saved_models/SAE1/average/wsn_ds/epoch_280_client_11.pt
2025-09-30 01:09:11.543 | INFO     | agents.servers.serverSAE1:train_on_clients:60 - Saved model for client 12 at epoch 280 -> saved_models/SAE1/average/wsn_ds/epoch_280_client_12.pt
2025-09-30 01:09:11.785 | INFO     | agents.servers.serverSAE1:train_on_clients:60 - Saved model for client 13 at epoch 280 -> saved_models/SAE1/average/wsn_ds/epoch_280_client_13.pt
2025-09-30 01:09:12.025 | INFO     | agents.servers.serverSAE1:train_on_clients:60 - Saved model for client 14 at epoch 280 -> saved_models/SAE1/average/wsn_ds/epoch_280_client_14.pt
2025-09-30 01:09:12.265 | INFO     | agents.servers.serverSAE1:train_on_clients:60 - Saved model for client 15 at epoch 280 -> saved_models/SAE1/average/wsn_ds/epoch_280_client_15.pt
2025-09-30 01:09:12.505 | INFO     | agents.servers.serverSAE1:train_on_clients:60 - Saved model for client 16 at epoch 280 -> saved_models/SAE1/average/wsn_ds/epoch_280_client_16.pt
2025-09-30 01:09:12.746 | INFO     | agents.servers.serverSAE1:train_on_clients:60 - Saved model for client 17 at epoch 280 -> saved_models/SAE1/average/wsn_ds/epoch_280_client_17.pt
2025-09-30 01:09:12.987 | INFO     | agents.servers.serverSAE1:train_on_clients:60 - Saved model for client 18 at epoch 280 -> saved_models/SAE1/average/wsn_ds/epoch_280_client_18.pt
2025-09-30 01:09:13.227 | INFO     | agents.servers.serverSAE1:train_on_clients:60 - Saved model for client 19 at epoch 280 -> saved_models/SAE1/average/wsn_ds/epoch_280_client_19.pt
2025-09-30 01:09:13.229 | INFO     | agents.servers.serverSAE1:train_on_clients:66 - 20 clients still training at epoch #280
2025-09-30 01:09:13.247 | INFO     | agents.servers.serverSAE1:train_on_clients:22 - Training SAE1 model epoch #281
2025-09-30 01:09:18.029 | INFO     | agents.servers.serverSAE1:train_on_clients:66 - 20 clients still training at epoch #281
2025-09-30 01:09:18.047 | INFO     | agents.servers.serverSAE1:train_on_clients:22 - Training SAE1 model epoch #282
2025-09-30 01:09:19.961 | INFO     | agents.servers.serverSAE1:train_on_clients:44 - Client 7 gets new best val_loss at epoch #282: 0.000430
2025-09-30 01:09:22.110 | INFO     | agents.servers.serverSAE1:train_on_clients:44 - Client 16 gets new best val_loss at epoch #282: 0.000386
2025-09-30 01:09:22.830 | INFO     | agents.servers.serverSAE1:train_on_clients:66 - 20 clients still training at epoch #282
2025-09-30 01:09:22.848 | INFO     | agents.servers.serverSAE1:train_on_clients:22 - Training SAE1 model epoch #283
2025-09-30 01:09:23.090 | INFO     | agents.servers.serverSAE1:train_on_clients:44 - Client 0 gets new best val_loss at epoch #283: 0.000487
2025-09-30 01:09:27.625 | INFO     | agents.servers.serverSAE1:train_on_clients:66 - 20 clients still training at epoch #283
2025-09-30 01:09:27.643 | INFO     | agents.servers.serverSAE1:train_on_clients:22 - Training SAE1 model epoch #284
2025-09-30 01:09:32.411 | INFO     | agents.servers.serverSAE1:train_on_clients:66 - 20 clients still training at epoch #284
2025-09-30 01:09:32.429 | INFO     | agents.servers.serverSAE1:train_on_clients:22 - Training SAE1 model epoch #285
2025-09-30 01:09:37.175 | INFO     | agents.servers.serverSAE1:train_on_clients:66 - 20 clients still training at epoch #285
2025-09-30 01:09:37.193 | INFO     | agents.servers.serverSAE1:train_on_clients:22 - Training SAE1 model epoch #286
2025-09-30 01:09:41.949 | INFO     | agents.servers.serverSAE1:train_on_clients:66 - 20 clients still training at epoch #286
2025-09-30 01:09:41.967 | INFO     | agents.servers.serverSAE1:train_on_clients:22 - Training SAE1 model epoch #287
2025-09-30 01:09:46.735 | INFO     | agents.servers.serverSAE1:train_on_clients:66 - 20 clients still training at epoch #287
2025-09-30 01:09:46.753 | INFO     | agents.servers.serverSAE1:train_on_clients:22 - Training SAE1 model epoch #288
2025-09-30 01:09:50.101 | INFO     | agents.servers.serverSAE1:train_on_clients:44 - Client 13 gets new best val_loss at epoch #288: 0.000382
2025-09-30 01:09:51.539 | INFO     | agents.servers.serverSAE1:train_on_clients:66 - 20 clients still training at epoch #288
2025-09-30 01:09:51.559 | INFO     | agents.servers.serverSAE1:train_on_clients:22 - Training SAE1 model epoch #289
2025-09-30 01:09:56.413 | INFO     | agents.servers.serverSAE1:train_on_clients:66 - 20 clients still training at epoch #289
2025-09-30 01:09:56.431 | INFO     | agents.servers.serverSAE1:train_on_clients:22 - Training SAE1 model epoch #290
2025-09-30 01:09:56.671 | INFO     | agents.servers.serverSAE1:train_on_clients:60 - Saved model for client 0 at epoch 290 -> saved_models/SAE1/average/wsn_ds/epoch_290_client_0.pt
2025-09-30 01:09:56.912 | INFO     | agents.servers.serverSAE1:train_on_clients:60 - Saved model for client 1 at epoch 290 -> saved_models/SAE1/average/wsn_ds/epoch_290_client_1.pt
2025-09-30 01:09:57.153 | INFO     | agents.servers.serverSAE1:train_on_clients:60 - Saved model for client 2 at epoch 290 -> saved_models/SAE1/average/wsn_ds/epoch_290_client_2.pt
2025-09-30 01:09:57.396 | INFO     | agents.servers.serverSAE1:train_on_clients:60 - Saved model for client 3 at epoch 290 -> saved_models/SAE1/average/wsn_ds/epoch_290_client_3.pt
2025-09-30 01:09:57.636 | INFO     | agents.servers.serverSAE1:train_on_clients:60 - Saved model for client 4 at epoch 290 -> saved_models/SAE1/average/wsn_ds/epoch_290_client_4.pt
2025-09-30 01:09:57.877 | INFO     | agents.servers.serverSAE1:train_on_clients:60 - Saved model for client 5 at epoch 290 -> saved_models/SAE1/average/wsn_ds/epoch_290_client_5.pt
2025-09-30 01:09:58.128 | INFO     | agents.servers.serverSAE1:train_on_clients:60 - Saved model for client 6 at epoch 290 -> saved_models/SAE1/average/wsn_ds/epoch_290_client_6.pt
2025-09-30 01:09:58.368 | INFO     | agents.servers.serverSAE1:train_on_clients:60 - Saved model for client 7 at epoch 290 -> saved_models/SAE1/average/wsn_ds/epoch_290_client_7.pt
2025-09-30 01:09:58.611 | INFO     | agents.servers.serverSAE1:train_on_clients:60 - Saved model for client 8 at epoch 290 -> saved_models/SAE1/average/wsn_ds/epoch_290_client_8.pt
2025-09-30 01:09:58.855 | INFO     | agents.servers.serverSAE1:train_on_clients:60 - Saved model for client 9 at epoch 290 -> saved_models/SAE1/average/wsn_ds/epoch_290_client_9.pt
2025-09-30 01:09:59.097 | INFO     | agents.servers.serverSAE1:train_on_clients:60 - Saved model for client 10 at epoch 290 -> saved_models/SAE1/average/wsn_ds/epoch_290_client_10.pt
2025-09-30 01:09:59.339 | INFO     | agents.servers.serverSAE1:train_on_clients:60 - Saved model for client 11 at epoch 290 -> saved_models/SAE1/average/wsn_ds/epoch_290_client_11.pt
2025-09-30 01:09:59.582 | INFO     | agents.servers.serverSAE1:train_on_clients:60 - Saved model for client 12 at epoch 290 -> saved_models/SAE1/average/wsn_ds/epoch_290_client_12.pt
2025-09-30 01:09:59.824 | INFO     | agents.servers.serverSAE1:train_on_clients:60 - Saved model for client 13 at epoch 290 -> saved_models/SAE1/average/wsn_ds/epoch_290_client_13.pt
2025-09-30 01:10:00.065 | INFO     | agents.servers.serverSAE1:train_on_clients:60 - Saved model for client 14 at epoch 290 -> saved_models/SAE1/average/wsn_ds/epoch_290_client_14.pt
2025-09-30 01:10:00.304 | INFO     | agents.servers.serverSAE1:train_on_clients:60 - Saved model for client 15 at epoch 290 -> saved_models/SAE1/average/wsn_ds/epoch_290_client_15.pt
2025-09-30 01:10:00.546 | INFO     | agents.servers.serverSAE1:train_on_clients:60 - Saved model for client 16 at epoch 290 -> saved_models/SAE1/average/wsn_ds/epoch_290_client_16.pt
2025-09-30 01:10:00.787 | INFO     | agents.servers.serverSAE1:train_on_clients:60 - Saved model for client 17 at epoch 290 -> saved_models/SAE1/average/wsn_ds/epoch_290_client_17.pt
2025-09-30 01:10:01.030 | INFO     | agents.servers.serverSAE1:train_on_clients:60 - Saved model for client 18 at epoch 290 -> saved_models/SAE1/average/wsn_ds/epoch_290_client_18.pt
2025-09-30 01:10:01.270 | INFO     | agents.servers.serverSAE1:train_on_clients:60 - Saved model for client 19 at epoch 290 -> saved_models/SAE1/average/wsn_ds/epoch_290_client_19.pt
2025-09-30 01:10:01.271 | INFO     | agents.servers.serverSAE1:train_on_clients:66 - 20 clients still training at epoch #290
2025-09-30 01:10:01.290 | INFO     | agents.servers.serverSAE1:train_on_clients:22 - Training SAE1 model epoch #291
2025-09-30 01:10:04.647 | INFO     | agents.servers.serverSAE1:train_on_clients:44 - Client 13 gets new best val_loss at epoch #291: 0.000380
2025-09-30 01:10:06.084 | INFO     | agents.servers.serverSAE1:train_on_clients:66 - 20 clients still training at epoch #291
2025-09-30 01:10:06.102 | INFO     | agents.servers.serverSAE1:train_on_clients:22 - Training SAE1 model epoch #292
2025-09-30 01:10:08.027 | INFO     | agents.servers.serverSAE1:train_on_clients:44 - Client 7 gets new best val_loss at epoch #292: 0.000429
2025-09-30 01:10:10.904 | INFO     | agents.servers.serverSAE1:train_on_clients:66 - 20 clients still training at epoch #292
2025-09-30 01:10:10.922 | INFO     | agents.servers.serverSAE1:train_on_clients:22 - Training SAE1 model epoch #293
2025-09-30 01:10:15.741 | INFO     | agents.servers.serverSAE1:train_on_clients:66 - 20 clients still training at epoch #293
2025-09-30 01:10:15.759 | INFO     | agents.servers.serverSAE1:train_on_clients:22 - Training SAE1 model epoch #294
2025-09-30 01:10:20.567 | INFO     | agents.servers.serverSAE1:train_on_clients:66 - 20 clients still training at epoch #294
2025-09-30 01:10:20.585 | INFO     | agents.servers.serverSAE1:train_on_clients:22 - Training SAE1 model epoch #295
2025-09-30 01:10:25.398 | INFO     | agents.servers.serverSAE1:train_on_clients:66 - 20 clients still training at epoch #295
2025-09-30 01:10:25.416 | INFO     | agents.servers.serverSAE1:train_on_clients:22 - Training SAE1 model epoch #296
2025-09-30 01:10:30.183 | INFO     | agents.servers.serverSAE1:train_on_clients:66 - 20 clients still training at epoch #296
2025-09-30 01:10:30.201 | INFO     | agents.servers.serverSAE1:train_on_clients:22 - Training SAE1 model epoch #297
2025-09-30 01:10:34.962 | INFO     | agents.servers.serverSAE1:train_on_clients:66 - 20 clients still training at epoch #297
2025-09-30 01:10:34.981 | INFO     | agents.servers.serverSAE1:train_on_clients:22 - Training SAE1 model epoch #298
2025-09-30 01:10:39.746 | INFO     | agents.servers.serverSAE1:train_on_clients:66 - 20 clients still training at epoch #298
2025-09-30 01:10:39.764 | INFO     | agents.servers.serverSAE1:train_on_clients:22 - Training SAE1 model epoch #299
2025-09-30 01:10:44.526 | INFO     | agents.servers.serverSAE1:train_on_clients:66 - 20 clients still training at epoch #299
2025-09-30 01:10:44.544 | INFO     | agents.servers.serverSAE1:train_on_clients:22 - Training SAE1 model epoch #300
2025-09-30 01:10:44.783 | INFO     | agents.servers.serverSAE1:train_on_clients:60 - Saved model for client 0 at epoch 300 -> saved_models/SAE1/average/wsn_ds/epoch_300_client_0.pt
2025-09-30 01:10:45.024 | INFO     | agents.servers.serverSAE1:train_on_clients:60 - Saved model for client 1 at epoch 300 -> saved_models/SAE1/average/wsn_ds/epoch_300_client_1.pt
2025-09-30 01:10:45.264 | INFO     | agents.servers.serverSAE1:train_on_clients:60 - Saved model for client 2 at epoch 300 -> saved_models/SAE1/average/wsn_ds/epoch_300_client_2.pt
2025-09-30 01:10:45.504 | INFO     | agents.servers.serverSAE1:train_on_clients:60 - Saved model for client 3 at epoch 300 -> saved_models/SAE1/average/wsn_ds/epoch_300_client_3.pt
2025-09-30 01:10:45.747 | INFO     | agents.servers.serverSAE1:train_on_clients:60 - Saved model for client 4 at epoch 300 -> saved_models/SAE1/average/wsn_ds/epoch_300_client_4.pt
2025-09-30 01:10:45.989 | INFO     | agents.servers.serverSAE1:train_on_clients:60 - Saved model for client 5 at epoch 300 -> saved_models/SAE1/average/wsn_ds/epoch_300_client_5.pt
2025-09-30 01:10:46.229 | INFO     | agents.servers.serverSAE1:train_on_clients:60 - Saved model for client 6 at epoch 300 -> saved_models/SAE1/average/wsn_ds/epoch_300_client_6.pt
2025-09-30 01:10:46.469 | INFO     | agents.servers.serverSAE1:train_on_clients:60 - Saved model for client 7 at epoch 300 -> saved_models/SAE1/average/wsn_ds/epoch_300_client_7.pt
2025-09-30 01:10:46.711 | INFO     | agents.servers.serverSAE1:train_on_clients:60 - Saved model for client 8 at epoch 300 -> saved_models/SAE1/average/wsn_ds/epoch_300_client_8.pt
2025-09-30 01:10:46.952 | INFO     | agents.servers.serverSAE1:train_on_clients:60 - Saved model for client 9 at epoch 300 -> saved_models/SAE1/average/wsn_ds/epoch_300_client_9.pt
2025-09-30 01:10:47.193 | INFO     | agents.servers.serverSAE1:train_on_clients:60 - Saved model for client 10 at epoch 300 -> saved_models/SAE1/average/wsn_ds/epoch_300_client_10.pt
2025-09-30 01:10:47.433 | INFO     | agents.servers.serverSAE1:train_on_clients:60 - Saved model for client 11 at epoch 300 -> saved_models/SAE1/average/wsn_ds/epoch_300_client_11.pt
2025-09-30 01:10:47.672 | INFO     | agents.servers.serverSAE1:train_on_clients:60 - Saved model for client 12 at epoch 300 -> saved_models/SAE1/average/wsn_ds/epoch_300_client_12.pt
2025-09-30 01:10:47.912 | INFO     | agents.servers.serverSAE1:train_on_clients:60 - Saved model for client 13 at epoch 300 -> saved_models/SAE1/average/wsn_ds/epoch_300_client_13.pt
2025-09-30 01:10:48.152 | INFO     | agents.servers.serverSAE1:train_on_clients:60 - Saved model for client 14 at epoch 300 -> saved_models/SAE1/average/wsn_ds/epoch_300_client_14.pt
2025-09-30 01:10:48.392 | INFO     | agents.servers.serverSAE1:train_on_clients:60 - Saved model for client 15 at epoch 300 -> saved_models/SAE1/average/wsn_ds/epoch_300_client_15.pt
2025-09-30 01:10:48.634 | INFO     | agents.servers.serverSAE1:train_on_clients:60 - Saved model for client 16 at epoch 300 -> saved_models/SAE1/average/wsn_ds/epoch_300_client_16.pt
2025-09-30 01:10:48.874 | INFO     | agents.servers.serverSAE1:train_on_clients:60 - Saved model for client 17 at epoch 300 -> saved_models/SAE1/average/wsn_ds/epoch_300_client_17.pt
2025-09-30 01:10:49.115 | INFO     | agents.servers.serverSAE1:train_on_clients:60 - Saved model for client 18 at epoch 300 -> saved_models/SAE1/average/wsn_ds/epoch_300_client_18.pt
2025-09-30 01:10:49.355 | INFO     | agents.servers.serverSAE1:train_on_clients:60 - Saved model for client 19 at epoch 300 -> saved_models/SAE1/average/wsn_ds/epoch_300_client_19.pt
2025-09-30 01:10:49.357 | INFO     | agents.servers.serverSAE1:train_on_clients:66 - 20 clients still training at epoch #300
2025-09-30 01:10:49.375 | INFO     | agents.servers.serverSAE1:train_on_clients:22 - Training SAE1 model epoch #301
2025-09-30 01:10:54.166 | INFO     | agents.servers.serverSAE1:train_on_clients:66 - 20 clients still training at epoch #301
2025-09-30 01:10:54.184 | INFO     | agents.servers.serverSAE1:train_on_clients:22 - Training SAE1 model epoch #302
2025-09-30 01:10:59.020 | INFO     | agents.servers.serverSAE1:train_on_clients:66 - 20 clients still training at epoch #302
2025-09-30 01:10:59.038 | INFO     | agents.servers.serverSAE1:train_on_clients:22 - Training SAE1 model epoch #303
2025-09-30 01:11:03.802 | INFO     | agents.servers.serverSAE1:train_on_clients:66 - 20 clients still training at epoch #303
2025-09-30 01:11:03.820 | INFO     | agents.servers.serverSAE1:train_on_clients:22 - Training SAE1 model epoch #304
2025-09-30 01:11:08.608 | INFO     | agents.servers.serverSAE1:train_on_clients:66 - 20 clients still training at epoch #304
2025-09-30 01:11:08.626 | INFO     | agents.servers.serverSAE1:train_on_clients:22 - Training SAE1 model epoch #305
2025-09-30 01:11:10.302 | INFO     | agents.servers.serverSAE1:train_on_clients:44 - Client 6 gets new best val_loss at epoch #305: 0.000382
2025-09-30 01:11:11.737 | INFO     | agents.servers.serverSAE1:train_on_clients:44 - Client 12 gets new best val_loss at epoch #305: 0.000470
2025-09-30 01:11:13.411 | INFO     | agents.servers.serverSAE1:train_on_clients:66 - 20 clients still training at epoch #305
2025-09-30 01:11:13.429 | INFO     | agents.servers.serverSAE1:train_on_clients:22 - Training SAE1 model epoch #306
2025-09-30 01:11:15.114 | INFO     | agents.servers.serverSAE1:train_on_clients:44 - Client 6 gets new best val_loss at epoch #306: 0.000375
2025-09-30 01:11:16.554 | INFO     | agents.servers.serverSAE1:train_on_clients:44 - Client 12 gets new best val_loss at epoch #306: 0.000463
2025-09-30 01:11:16.794 | INFO     | agents.servers.serverSAE1:train_on_clients:44 - Client 13 gets new best val_loss at epoch #306: 0.000377
2025-09-30 01:11:18.233 | INFO     | agents.servers.serverSAE1:train_on_clients:66 - 20 clients still training at epoch #306
2025-09-30 01:11:18.251 | INFO     | agents.servers.serverSAE1:train_on_clients:22 - Training SAE1 model epoch #307
2025-09-30 01:11:19.932 | INFO     | agents.servers.serverSAE1:train_on_clients:44 - Client 6 gets new best val_loss at epoch #307: 0.000368
2025-09-30 01:11:21.375 | INFO     | agents.servers.serverSAE1:train_on_clients:44 - Client 12 gets new best val_loss at epoch #307: 0.000458
2025-09-30 01:11:21.618 | INFO     | agents.servers.serverSAE1:train_on_clients:44 - Client 13 gets new best val_loss at epoch #307: 0.000372
2025-09-30 01:11:22.818 | INFO     | agents.servers.serverSAE1:train_on_clients:44 - Client 18 gets new best val_loss at epoch #307: 0.000358
2025-09-30 01:11:23.059 | INFO     | agents.servers.serverSAE1:train_on_clients:66 - 20 clients still training at epoch #307
2025-09-30 01:11:23.077 | INFO     | agents.servers.serverSAE1:train_on_clients:22 - Training SAE1 model epoch #308
2025-09-30 01:11:24.761 | INFO     | agents.servers.serverSAE1:train_on_clients:44 - Client 6 gets new best val_loss at epoch #308: 0.000365
2025-09-30 01:11:25.002 | INFO     | agents.servers.serverSAE1:train_on_clients:44 - Client 7 gets new best val_loss at epoch #308: 0.000420
2025-09-30 01:11:26.201 | INFO     | agents.servers.serverSAE1:train_on_clients:44 - Client 12 gets new best val_loss at epoch #308: 0.000452
2025-09-30 01:11:27.653 | INFO     | agents.servers.serverSAE1:train_on_clients:44 - Client 18 gets new best val_loss at epoch #308: 0.000346
2025-09-30 01:11:27.895 | INFO     | agents.servers.serverSAE1:train_on_clients:44 - Client 19 gets new best val_loss at epoch #308: 0.000373
2025-09-30 01:11:27.897 | INFO     | agents.servers.serverSAE1:train_on_clients:66 - 20 clients still training at epoch #308
2025-09-30 01:11:27.915 | INFO     | agents.servers.serverSAE1:train_on_clients:22 - Training SAE1 model epoch #309
2025-09-30 01:11:29.603 | INFO     | agents.servers.serverSAE1:train_on_clients:44 - Client 6 gets new best val_loss at epoch #309: 0.000361
2025-09-30 01:11:29.845 | INFO     | agents.servers.serverSAE1:train_on_clients:44 - Client 7 gets new best val_loss at epoch #309: 0.000416
2025-09-30 01:11:31.052 | INFO     | agents.servers.serverSAE1:train_on_clients:44 - Client 12 gets new best val_loss at epoch #309: 0.000446
2025-09-30 01:11:31.293 | INFO     | agents.servers.serverSAE1:train_on_clients:44 - Client 13 gets new best val_loss at epoch #309: 0.000367
2025-09-30 01:11:32.499 | INFO     | agents.servers.serverSAE1:train_on_clients:44 - Client 18 gets new best val_loss at epoch #309: 0.000343
2025-09-30 01:11:32.741 | INFO     | agents.servers.serverSAE1:train_on_clients:44 - Client 19 gets new best val_loss at epoch #309: 0.000368
2025-09-30 01:11:32.743 | INFO     | agents.servers.serverSAE1:train_on_clients:66 - 20 clients still training at epoch #309
2025-09-30 01:11:32.761 | INFO     | agents.servers.serverSAE1:train_on_clients:22 - Training SAE1 model epoch #310
2025-09-30 01:11:33.003 | INFO     | agents.servers.serverSAE1:train_on_clients:60 - Saved model for client 0 at epoch 310 -> saved_models/SAE1/average/wsn_ds/epoch_310_client_0.pt
2025-09-30 01:11:33.246 | INFO     | agents.servers.serverSAE1:train_on_clients:60 - Saved model for client 1 at epoch 310 -> saved_models/SAE1/average/wsn_ds/epoch_310_client_1.pt
2025-09-30 01:11:33.488 | INFO     | agents.servers.serverSAE1:train_on_clients:60 - Saved model for client 2 at epoch 310 -> saved_models/SAE1/average/wsn_ds/epoch_310_client_2.pt
2025-09-30 01:11:33.731 | INFO     | agents.servers.serverSAE1:train_on_clients:60 - Saved model for client 3 at epoch 310 -> saved_models/SAE1/average/wsn_ds/epoch_310_client_3.pt
2025-09-30 01:11:33.973 | INFO     | agents.servers.serverSAE1:train_on_clients:60 - Saved model for client 4 at epoch 310 -> saved_models/SAE1/average/wsn_ds/epoch_310_client_4.pt
2025-09-30 01:11:34.214 | INFO     | agents.servers.serverSAE1:train_on_clients:60 - Saved model for client 5 at epoch 310 -> saved_models/SAE1/average/wsn_ds/epoch_310_client_5.pt
2025-09-30 01:11:34.456 | INFO     | agents.servers.serverSAE1:train_on_clients:44 - Client 6 gets new best val_loss at epoch #310: 0.000355
2025-09-30 01:11:34.458 | INFO     | agents.servers.serverSAE1:train_on_clients:60 - Saved model for client 6 at epoch 310 -> saved_models/SAE1/average/wsn_ds/epoch_310_client_6.pt
2025-09-30 01:11:34.701 | INFO     | agents.servers.serverSAE1:train_on_clients:44 - Client 7 gets new best val_loss at epoch #310: 0.000413
2025-09-30 01:11:34.702 | INFO     | agents.servers.serverSAE1:train_on_clients:60 - Saved model for client 7 at epoch 310 -> saved_models/SAE1/average/wsn_ds/epoch_310_client_7.pt
2025-09-30 01:11:34.944 | INFO     | agents.servers.serverSAE1:train_on_clients:60 - Saved model for client 8 at epoch 310 -> saved_models/SAE1/average/wsn_ds/epoch_310_client_8.pt
2025-09-30 01:11:35.186 | INFO     | agents.servers.serverSAE1:train_on_clients:60 - Saved model for client 9 at epoch 310 -> saved_models/SAE1/average/wsn_ds/epoch_310_client_9.pt
2025-09-30 01:11:35.428 | INFO     | agents.servers.serverSAE1:train_on_clients:60 - Saved model for client 10 at epoch 310 -> saved_models/SAE1/average/wsn_ds/epoch_310_client_10.pt
2025-09-30 01:11:35.671 | INFO     | agents.servers.serverSAE1:train_on_clients:60 - Saved model for client 11 at epoch 310 -> saved_models/SAE1/average/wsn_ds/epoch_310_client_11.pt
2025-09-30 01:11:35.914 | INFO     | agents.servers.serverSAE1:train_on_clients:44 - Client 12 gets new best val_loss at epoch #310: 0.000441
2025-09-30 01:11:35.915 | INFO     | agents.servers.serverSAE1:train_on_clients:60 - Saved model for client 12 at epoch 310 -> saved_models/SAE1/average/wsn_ds/epoch_310_client_12.pt
2025-09-30 01:11:36.157 | INFO     | agents.servers.serverSAE1:train_on_clients:60 - Saved model for client 13 at epoch 310 -> saved_models/SAE1/average/wsn_ds/epoch_310_client_13.pt
2025-09-30 01:11:36.399 | INFO     | agents.servers.serverSAE1:train_on_clients:60 - Saved model for client 14 at epoch 310 -> saved_models/SAE1/average/wsn_ds/epoch_310_client_14.pt
2025-09-30 01:11:36.642 | INFO     | agents.servers.serverSAE1:train_on_clients:60 - Saved model for client 15 at epoch 310 -> saved_models/SAE1/average/wsn_ds/epoch_310_client_15.pt
2025-09-30 01:11:36.886 | INFO     | agents.servers.serverSAE1:train_on_clients:60 - Saved model for client 16 at epoch 310 -> saved_models/SAE1/average/wsn_ds/epoch_310_client_16.pt
2025-09-30 01:11:37.129 | INFO     | agents.servers.serverSAE1:train_on_clients:60 - Saved model for client 17 at epoch 310 -> saved_models/SAE1/average/wsn_ds/epoch_310_client_17.pt
2025-09-30 01:11:37.372 | INFO     | agents.servers.serverSAE1:train_on_clients:44 - Client 18 gets new best val_loss at epoch #310: 0.000339
2025-09-30 01:11:37.373 | INFO     | agents.servers.serverSAE1:train_on_clients:60 - Saved model for client 18 at epoch 310 -> saved_models/SAE1/average/wsn_ds/epoch_310_client_18.pt
2025-09-30 01:11:37.616 | INFO     | agents.servers.serverSAE1:train_on_clients:60 - Saved model for client 19 at epoch 310 -> saved_models/SAE1/average/wsn_ds/epoch_310_client_19.pt
2025-09-30 01:11:37.618 | INFO     | agents.servers.serverSAE1:train_on_clients:66 - 20 clients still training at epoch #310
2025-09-30 01:11:37.636 | INFO     | agents.servers.serverSAE1:train_on_clients:22 - Training SAE1 model epoch #311
2025-09-30 01:11:39.318 | INFO     | agents.servers.serverSAE1:train_on_clients:44 - Client 6 gets new best val_loss at epoch #311: 0.000352
2025-09-30 01:11:39.561 | INFO     | agents.servers.serverSAE1:train_on_clients:44 - Client 7 gets new best val_loss at epoch #311: 0.000408
2025-09-30 01:11:40.769 | INFO     | agents.servers.serverSAE1:train_on_clients:44 - Client 12 gets new best val_loss at epoch #311: 0.000439
2025-09-30 01:11:42.216 | INFO     | agents.servers.serverSAE1:train_on_clients:44 - Client 18 gets new best val_loss at epoch #311: 0.000336
2025-09-30 01:11:42.459 | INFO     | agents.servers.serverSAE1:train_on_clients:44 - Client 19 gets new best val_loss at epoch #311: 0.000359
2025-09-30 01:11:42.460 | INFO     | agents.servers.serverSAE1:train_on_clients:66 - 20 clients still training at epoch #311
2025-09-30 01:11:42.478 | INFO     | agents.servers.serverSAE1:train_on_clients:22 - Training SAE1 model epoch #312
2025-09-30 01:11:44.167 | INFO     | agents.servers.serverSAE1:train_on_clients:44 - Client 6 gets new best val_loss at epoch #312: 0.000352
2025-09-30 01:11:44.410 | INFO     | agents.servers.serverSAE1:train_on_clients:44 - Client 7 gets new best val_loss at epoch #312: 0.000402
2025-09-30 01:11:45.617 | INFO     | agents.servers.serverSAE1:train_on_clients:44 - Client 12 gets new best val_loss at epoch #312: 0.000438
2025-09-30 01:11:47.289 | INFO     | agents.servers.serverSAE1:train_on_clients:44 - Client 19 gets new best val_loss at epoch #312: 0.000353
2025-09-30 01:11:47.291 | INFO     | agents.servers.serverSAE1:train_on_clients:66 - 20 clients still training at epoch #312
2025-09-30 01:11:47.308 | INFO     | agents.servers.serverSAE1:train_on_clients:22 - Training SAE1 model epoch #313
2025-09-30 01:11:48.981 | INFO     | agents.servers.serverSAE1:train_on_clients:44 - Client 6 gets new best val_loss at epoch #313: 0.000350
2025-09-30 01:11:49.223 | INFO     | agents.servers.serverSAE1:train_on_clients:44 - Client 7 gets new best val_loss at epoch #313: 0.000399
2025-09-30 01:11:50.418 | INFO     | agents.servers.serverSAE1:train_on_clients:44 - Client 12 gets new best val_loss at epoch #313: 0.000438
2025-09-30 01:11:52.094 | INFO     | agents.servers.serverSAE1:train_on_clients:44 - Client 19 gets new best val_loss at epoch #313: 0.000349
2025-09-30 01:11:52.095 | INFO     | agents.servers.serverSAE1:train_on_clients:66 - 20 clients still training at epoch #313
2025-09-30 01:11:52.113 | INFO     | agents.servers.serverSAE1:train_on_clients:22 - Training SAE1 model epoch #314
2025-09-30 01:11:53.794 | INFO     | agents.servers.serverSAE1:train_on_clients:44 - Client 6 gets new best val_loss at epoch #314: 0.000345
2025-09-30 01:11:55.465 | INFO     | agents.servers.serverSAE1:train_on_clients:44 - Client 13 gets new best val_loss at epoch #314: 0.000363
2025-09-30 01:11:56.660 | INFO     | agents.servers.serverSAE1:train_on_clients:44 - Client 18 gets new best val_loss at epoch #314: 0.000332
2025-09-30 01:11:56.898 | INFO     | agents.servers.serverSAE1:train_on_clients:66 - 20 clients still training at epoch #314
2025-09-30 01:11:56.916 | INFO     | agents.servers.serverSAE1:train_on_clients:22 - Training SAE1 model epoch #315
2025-09-30 01:11:58.830 | INFO     | agents.servers.serverSAE1:train_on_clients:44 - Client 7 gets new best val_loss at epoch #315: 0.000397
2025-09-30 01:12:01.699 | INFO     | agents.servers.serverSAE1:train_on_clients:44 - Client 19 gets new best val_loss at epoch #315: 0.000348
2025-09-30 01:12:01.701 | INFO     | agents.servers.serverSAE1:train_on_clients:66 - 20 clients still training at epoch #315
2025-09-30 01:12:01.719 | INFO     | agents.servers.serverSAE1:train_on_clients:22 - Training SAE1 model epoch #316
2025-09-30 01:12:03.651 | INFO     | agents.servers.serverSAE1:train_on_clients:44 - Client 7 gets new best val_loss at epoch #316: 0.000394
2025-09-30 01:12:06.571 | INFO     | agents.servers.serverSAE1:train_on_clients:66 - 20 clients still training at epoch #316
2025-09-30 01:12:06.589 | INFO     | agents.servers.serverSAE1:train_on_clients:22 - Training SAE1 model epoch #317
2025-09-30 01:12:11.470 | INFO     | agents.servers.serverSAE1:train_on_clients:66 - 20 clients still training at epoch #317
2025-09-30 01:12:11.488 | INFO     | agents.servers.serverSAE1:train_on_clients:22 - Training SAE1 model epoch #318
2025-09-30 01:12:13.162 | INFO     | agents.servers.serverSAE1:train_on_clients:44 - Client 6 gets new best val_loss at epoch #318: 0.000343
2025-09-30 01:12:16.257 | INFO     | agents.servers.serverSAE1:train_on_clients:66 - 20 clients still training at epoch #318
2025-09-30 01:12:16.275 | INFO     | agents.servers.serverSAE1:train_on_clients:22 - Training SAE1 model epoch #319
2025-09-30 01:12:21.039 | INFO     | agents.servers.serverSAE1:train_on_clients:66 - 20 clients still training at epoch #319
2025-09-30 01:12:21.057 | INFO     | agents.servers.serverSAE1:train_on_clients:22 - Training SAE1 model epoch #320
2025-09-30 01:12:21.297 | INFO     | agents.servers.serverSAE1:train_on_clients:60 - Saved model for client 0 at epoch 320 -> saved_models/SAE1/average/wsn_ds/epoch_320_client_0.pt
2025-09-30 01:12:21.538 | INFO     | agents.servers.serverSAE1:train_on_clients:60 - Saved model for client 1 at epoch 320 -> saved_models/SAE1/average/wsn_ds/epoch_320_client_1.pt
2025-09-30 01:12:21.778 | INFO     | agents.servers.serverSAE1:train_on_clients:60 - Saved model for client 2 at epoch 320 -> saved_models/SAE1/average/wsn_ds/epoch_320_client_2.pt
2025-09-30 01:12:22.017 | INFO     | agents.servers.serverSAE1:train_on_clients:60 - Saved model for client 3 at epoch 320 -> saved_models/SAE1/average/wsn_ds/epoch_320_client_3.pt
2025-09-30 01:12:22.255 | INFO     | agents.servers.serverSAE1:train_on_clients:60 - Saved model for client 4 at epoch 320 -> saved_models/SAE1/average/wsn_ds/epoch_320_client_4.pt
2025-09-30 01:12:22.494 | INFO     | agents.servers.serverSAE1:train_on_clients:60 - Saved model for client 5 at epoch 320 -> saved_models/SAE1/average/wsn_ds/epoch_320_client_5.pt
2025-09-30 01:12:22.733 | INFO     | agents.servers.serverSAE1:train_on_clients:60 - Saved model for client 6 at epoch 320 -> saved_models/SAE1/average/wsn_ds/epoch_320_client_6.pt
2025-09-30 01:12:22.974 | INFO     | agents.servers.serverSAE1:train_on_clients:60 - Saved model for client 7 at epoch 320 -> saved_models/SAE1/average/wsn_ds/epoch_320_client_7.pt
2025-09-30 01:12:23.213 | INFO     | agents.servers.serverSAE1:train_on_clients:60 - Saved model for client 8 at epoch 320 -> saved_models/SAE1/average/wsn_ds/epoch_320_client_8.pt
2025-09-30 01:12:23.452 | INFO     | agents.servers.serverSAE1:train_on_clients:60 - Saved model for client 9 at epoch 320 -> saved_models/SAE1/average/wsn_ds/epoch_320_client_9.pt
2025-09-30 01:12:23.691 | INFO     | agents.servers.serverSAE1:train_on_clients:60 - Saved model for client 10 at epoch 320 -> saved_models/SAE1/average/wsn_ds/epoch_320_client_10.pt
2025-09-30 01:12:23.929 | INFO     | agents.servers.serverSAE1:train_on_clients:60 - Saved model for client 11 at epoch 320 -> saved_models/SAE1/average/wsn_ds/epoch_320_client_11.pt
2025-09-30 01:12:24.168 | INFO     | agents.servers.serverSAE1:train_on_clients:60 - Saved model for client 12 at epoch 320 -> saved_models/SAE1/average/wsn_ds/epoch_320_client_12.pt
2025-09-30 01:12:24.406 | INFO     | agents.servers.serverSAE1:train_on_clients:60 - Saved model for client 13 at epoch 320 -> saved_models/SAE1/average/wsn_ds/epoch_320_client_13.pt
2025-09-30 01:12:24.645 | INFO     | agents.servers.serverSAE1:train_on_clients:60 - Saved model for client 14 at epoch 320 -> saved_models/SAE1/average/wsn_ds/epoch_320_client_14.pt
2025-09-30 01:12:24.884 | INFO     | agents.servers.serverSAE1:train_on_clients:60 - Saved model for client 15 at epoch 320 -> saved_models/SAE1/average/wsn_ds/epoch_320_client_15.pt
2025-09-30 01:12:25.123 | INFO     | agents.servers.serverSAE1:train_on_clients:60 - Saved model for client 16 at epoch 320 -> saved_models/SAE1/average/wsn_ds/epoch_320_client_16.pt
2025-09-30 01:12:25.362 | INFO     | agents.servers.serverSAE1:train_on_clients:60 - Saved model for client 17 at epoch 320 -> saved_models/SAE1/average/wsn_ds/epoch_320_client_17.pt
2025-09-30 01:12:25.601 | INFO     | agents.servers.serverSAE1:train_on_clients:60 - Saved model for client 18 at epoch 320 -> saved_models/SAE1/average/wsn_ds/epoch_320_client_18.pt
2025-09-30 01:12:25.840 | INFO     | agents.servers.serverSAE1:train_on_clients:60 - Saved model for client 19 at epoch 320 -> saved_models/SAE1/average/wsn_ds/epoch_320_client_19.pt
2025-09-30 01:12:25.842 | INFO     | agents.servers.serverSAE1:train_on_clients:66 - 20 clients still training at epoch #320
2025-09-30 01:12:25.860 | INFO     | agents.servers.serverSAE1:train_on_clients:22 - Training SAE1 model epoch #321
2025-09-30 01:12:30.635 | INFO     | agents.servers.serverSAE1:train_on_clients:66 - 20 clients still training at epoch #321
2025-09-30 01:12:30.653 | INFO     | agents.servers.serverSAE1:train_on_clients:22 - Training SAE1 model epoch #322
2025-09-30 01:12:30.894 | INFO     | agents.servers.serverSAE1:train_on_clients:44 - Client 0 gets new best val_loss at epoch #322: 0.000478
2025-09-30 01:12:35.416 | INFO     | agents.servers.serverSAE1:train_on_clients:66 - 20 clients still training at epoch #322
2025-09-30 01:12:35.434 | INFO     | agents.servers.serverSAE1:train_on_clients:22 - Training SAE1 model epoch #323
2025-09-30 01:12:40.206 | INFO     | agents.servers.serverSAE1:train_on_clients:66 - 20 clients still training at epoch #323
2025-09-30 01:12:40.224 | INFO     | agents.servers.serverSAE1:train_on_clients:22 - Training SAE1 model epoch #324
2025-09-30 01:12:44.986 | INFO     | agents.servers.serverSAE1:train_on_clients:44 - Client 19 gets new best val_loss at epoch #324: 0.000344
2025-09-30 01:12:44.988 | INFO     | agents.servers.serverSAE1:train_on_clients:66 - 20 clients still training at epoch #324
2025-09-30 01:12:45.005 | INFO     | agents.servers.serverSAE1:train_on_clients:22 - Training SAE1 model epoch #325
2025-09-30 01:12:49.764 | INFO     | agents.servers.serverSAE1:train_on_clients:66 - 20 clients still training at epoch #325
2025-09-30 01:12:49.782 | INFO     | agents.servers.serverSAE1:train_on_clients:22 - Training SAE1 model epoch #326
2025-09-30 01:12:54.538 | INFO     | agents.servers.serverSAE1:train_on_clients:66 - 20 clients still training at epoch #326
2025-09-30 01:12:54.556 | INFO     | agents.servers.serverSAE1:train_on_clients:22 - Training SAE1 model epoch #327
2025-09-30 01:12:57.886 | INFO     | agents.servers.serverSAE1:train_on_clients:44 - Client 13 gets new best val_loss at epoch #327: 0.000357
2025-09-30 01:12:59.313 | INFO     | agents.servers.serverSAE1:train_on_clients:66 - 20 clients still training at epoch #327
2025-09-30 01:12:59.331 | INFO     | agents.servers.serverSAE1:train_on_clients:22 - Training SAE1 model epoch #328
2025-09-30 01:13:04.091 | INFO     | agents.servers.serverSAE1:train_on_clients:66 - 20 clients still training at epoch #328
2025-09-30 01:13:04.109 | INFO     | agents.servers.serverSAE1:train_on_clients:22 - Training SAE1 model epoch #329
2025-09-30 01:13:08.878 | INFO     | agents.servers.serverSAE1:train_on_clients:66 - 20 clients still training at epoch #329
2025-09-30 01:13:08.896 | INFO     | agents.servers.serverSAE1:train_on_clients:22 - Training SAE1 model epoch #330
2025-09-30 01:13:09.136 | INFO     | agents.servers.serverSAE1:train_on_clients:60 - Saved model for client 0 at epoch 330 -> saved_models/SAE1/average/wsn_ds/epoch_330_client_0.pt
2025-09-30 01:13:09.376 | INFO     | agents.servers.serverSAE1:train_on_clients:60 - Saved model for client 1 at epoch 330 -> saved_models/SAE1/average/wsn_ds/epoch_330_client_1.pt
2025-09-30 01:13:09.615 | INFO     | agents.servers.serverSAE1:train_on_clients:60 - Saved model for client 2 at epoch 330 -> saved_models/SAE1/average/wsn_ds/epoch_330_client_2.pt
2025-09-30 01:13:09.855 | INFO     | agents.servers.serverSAE1:train_on_clients:60 - Saved model for client 3 at epoch 330 -> saved_models/SAE1/average/wsn_ds/epoch_330_client_3.pt
2025-09-30 01:13:10.092 | INFO     | agents.servers.serverSAE1:train_on_clients:60 - Saved model for client 4 at epoch 330 -> saved_models/SAE1/average/wsn_ds/epoch_330_client_4.pt
2025-09-30 01:13:10.333 | INFO     | agents.servers.serverSAE1:train_on_clients:60 - Saved model for client 5 at epoch 330 -> saved_models/SAE1/average/wsn_ds/epoch_330_client_5.pt
2025-09-30 01:13:10.575 | INFO     | agents.servers.serverSAE1:train_on_clients:60 - Saved model for client 6 at epoch 330 -> saved_models/SAE1/average/wsn_ds/epoch_330_client_6.pt
2025-09-30 01:13:10.816 | INFO     | agents.servers.serverSAE1:train_on_clients:60 - Saved model for client 7 at epoch 330 -> saved_models/SAE1/average/wsn_ds/epoch_330_client_7.pt
2025-09-30 01:13:11.059 | INFO     | agents.servers.serverSAE1:train_on_clients:60 - Saved model for client 8 at epoch 330 -> saved_models/SAE1/average/wsn_ds/epoch_330_client_8.pt
2025-09-30 01:13:11.300 | INFO     | agents.servers.serverSAE1:train_on_clients:60 - Saved model for client 9 at epoch 330 -> saved_models/SAE1/average/wsn_ds/epoch_330_client_9.pt
2025-09-30 01:13:11.567 | INFO     | agents.servers.serverSAE1:train_on_clients:60 - Saved model for client 10 at epoch 330 -> saved_models/SAE1/average/wsn_ds/epoch_330_client_10.pt
2025-09-30 01:13:11.810 | INFO     | agents.servers.serverSAE1:train_on_clients:60 - Saved model for client 11 at epoch 330 -> saved_models/SAE1/average/wsn_ds/epoch_330_client_11.pt
2025-09-30 01:13:12.048 | INFO     | agents.servers.serverSAE1:train_on_clients:60 - Saved model for client 12 at epoch 330 -> saved_models/SAE1/average/wsn_ds/epoch_330_client_12.pt
2025-09-30 01:13:12.286 | INFO     | agents.servers.serverSAE1:train_on_clients:60 - Saved model for client 13 at epoch 330 -> saved_models/SAE1/average/wsn_ds/epoch_330_client_13.pt
2025-09-30 01:13:12.524 | INFO     | agents.servers.serverSAE1:train_on_clients:60 - Saved model for client 14 at epoch 330 -> saved_models/SAE1/average/wsn_ds/epoch_330_client_14.pt
2025-09-30 01:13:12.762 | INFO     | agents.servers.serverSAE1:train_on_clients:60 - Saved model for client 15 at epoch 330 -> saved_models/SAE1/average/wsn_ds/epoch_330_client_15.pt
2025-09-30 01:13:12.999 | INFO     | agents.servers.serverSAE1:train_on_clients:60 - Saved model for client 16 at epoch 330 -> saved_models/SAE1/average/wsn_ds/epoch_330_client_16.pt
2025-09-30 01:13:13.274 | INFO     | agents.servers.serverSAE1:train_on_clients:60 - Saved model for client 17 at epoch 330 -> saved_models/SAE1/average/wsn_ds/epoch_330_client_17.pt
2025-09-30 01:13:13.512 | INFO     | agents.servers.serverSAE1:train_on_clients:60 - Saved model for client 18 at epoch 330 -> saved_models/SAE1/average/wsn_ds/epoch_330_client_18.pt
2025-09-30 01:13:13.749 | INFO     | agents.servers.serverSAE1:train_on_clients:60 - Saved model for client 19 at epoch 330 -> saved_models/SAE1/average/wsn_ds/epoch_330_client_19.pt
2025-09-30 01:13:13.751 | INFO     | agents.servers.serverSAE1:train_on_clients:66 - 20 clients still training at epoch #330
2025-09-30 01:13:13.769 | INFO     | agents.servers.serverSAE1:train_on_clients:22 - Training SAE1 model epoch #331
2025-09-30 01:13:18.646 | INFO     | agents.servers.serverSAE1:train_on_clients:66 - 20 clients still training at epoch #331
2025-09-30 01:13:18.668 | INFO     | agents.servers.serverSAE1:train_on_clients:22 - Training SAE1 model epoch #332
2025-09-30 01:13:23.614 | INFO     | agents.servers.serverSAE1:train_on_clients:66 - 20 clients still training at epoch #332
2025-09-30 01:13:23.632 | INFO     | agents.servers.serverSAE1:train_on_clients:22 - Training SAE1 model epoch #333
2025-09-30 01:13:25.930 | INFO     | agents.servers.serverSAE1:train_on_clients:44 - Client 9 gets new best val_loss at epoch #333: 0.000353
2025-09-30 01:13:28.226 | INFO     | agents.servers.serverSAE1:train_on_clients:66 - 20 clients still training at epoch #333
2025-09-30 01:13:28.245 | INFO     | agents.servers.serverSAE1:train_on_clients:22 - Training SAE1 model epoch #334
2025-09-30 01:13:32.249 | INFO     | agents.servers.serverSAE1:train_on_clients:44 - Client 16 gets new best val_loss at epoch #334: 0.000370
2025-09-30 01:13:32.969 | INFO     | agents.servers.serverSAE1:train_on_clients:66 - 20 clients still training at epoch #334
2025-09-30 01:13:32.987 | INFO     | agents.servers.serverSAE1:train_on_clients:22 - Training SAE1 model epoch #335
2025-09-30 01:13:37.759 | INFO     | agents.servers.serverSAE1:train_on_clients:66 - 20 clients still training at epoch #335
2025-09-30 01:13:37.777 | INFO     | agents.servers.serverSAE1:train_on_clients:22 - Training SAE1 model epoch #336
2025-09-30 01:13:42.542 | INFO     | agents.servers.serverSAE1:train_on_clients:66 - 20 clients still training at epoch #336
2025-09-30 01:13:42.560 | INFO     | agents.servers.serverSAE1:train_on_clients:22 - Training SAE1 model epoch #337
2025-09-30 01:13:47.357 | INFO     | agents.servers.serverSAE1:train_on_clients:66 - 20 clients still training at epoch #337
2025-09-30 01:13:47.375 | INFO     | agents.servers.serverSAE1:train_on_clients:22 - Training SAE1 model epoch #338
2025-09-30 01:13:52.157 | INFO     | agents.servers.serverSAE1:train_on_clients:66 - 20 clients still training at epoch #338
2025-09-30 01:13:52.175 | INFO     | agents.servers.serverSAE1:train_on_clients:22 - Training SAE1 model epoch #339
2025-09-30 01:13:52.894 | INFO     | agents.servers.serverSAE1:train_on_clients:44 - Client 2 gets new best val_loss at epoch #339: 0.000342
2025-09-30 01:13:56.974 | INFO     | agents.servers.serverSAE1:train_on_clients:66 - 20 clients still training at epoch #339
2025-09-30 01:13:56.992 | INFO     | agents.servers.serverSAE1:train_on_clients:22 - Training SAE1 model epoch #340
2025-09-30 01:13:57.234 | INFO     | agents.servers.serverSAE1:train_on_clients:60 - Saved model for client 0 at epoch 340 -> saved_models/SAE1/average/wsn_ds/epoch_340_client_0.pt
2025-09-30 01:13:57.475 | INFO     | agents.servers.serverSAE1:train_on_clients:60 - Saved model for client 1 at epoch 340 -> saved_models/SAE1/average/wsn_ds/epoch_340_client_1.pt
2025-09-30 01:13:57.717 | INFO     | agents.servers.serverSAE1:train_on_clients:60 - Saved model for client 2 at epoch 340 -> saved_models/SAE1/average/wsn_ds/epoch_340_client_2.pt
2025-09-30 01:13:57.958 | INFO     | agents.servers.serverSAE1:train_on_clients:60 - Saved model for client 3 at epoch 340 -> saved_models/SAE1/average/wsn_ds/epoch_340_client_3.pt
2025-09-30 01:13:58.199 | INFO     | agents.servers.serverSAE1:train_on_clients:60 - Saved model for client 4 at epoch 340 -> saved_models/SAE1/average/wsn_ds/epoch_340_client_4.pt
2025-09-30 01:13:58.441 | INFO     | agents.servers.serverSAE1:train_on_clients:60 - Saved model for client 5 at epoch 340 -> saved_models/SAE1/average/wsn_ds/epoch_340_client_5.pt
2025-09-30 01:13:58.681 | INFO     | agents.servers.serverSAE1:train_on_clients:60 - Saved model for client 6 at epoch 340 -> saved_models/SAE1/average/wsn_ds/epoch_340_client_6.pt
2025-09-30 01:13:58.923 | INFO     | agents.servers.serverSAE1:train_on_clients:60 - Saved model for client 7 at epoch 340 -> saved_models/SAE1/average/wsn_ds/epoch_340_client_7.pt
2025-09-30 01:13:59.164 | INFO     | agents.servers.serverSAE1:train_on_clients:60 - Saved model for client 8 at epoch 340 -> saved_models/SAE1/average/wsn_ds/epoch_340_client_8.pt
2025-09-30 01:13:59.406 | INFO     | agents.servers.serverSAE1:train_on_clients:60 - Saved model for client 9 at epoch 340 -> saved_models/SAE1/average/wsn_ds/epoch_340_client_9.pt
2025-09-30 01:13:59.647 | INFO     | agents.servers.serverSAE1:train_on_clients:60 - Saved model for client 10 at epoch 340 -> saved_models/SAE1/average/wsn_ds/epoch_340_client_10.pt
2025-09-30 01:13:59.889 | INFO     | agents.servers.serverSAE1:train_on_clients:60 - Saved model for client 11 at epoch 340 -> saved_models/SAE1/average/wsn_ds/epoch_340_client_11.pt
2025-09-30 01:14:00.131 | INFO     | agents.servers.serverSAE1:train_on_clients:60 - Saved model for client 12 at epoch 340 -> saved_models/SAE1/average/wsn_ds/epoch_340_client_12.pt
2025-09-30 01:14:00.371 | INFO     | agents.servers.serverSAE1:train_on_clients:60 - Saved model for client 13 at epoch 340 -> saved_models/SAE1/average/wsn_ds/epoch_340_client_13.pt
2025-09-30 01:14:00.612 | INFO     | agents.servers.serverSAE1:train_on_clients:60 - Saved model for client 14 at epoch 340 -> saved_models/SAE1/average/wsn_ds/epoch_340_client_14.pt
2025-09-30 01:14:00.851 | INFO     | agents.servers.serverSAE1:train_on_clients:60 - Saved model for client 15 at epoch 340 -> saved_models/SAE1/average/wsn_ds/epoch_340_client_15.pt
2025-09-30 01:14:01.094 | INFO     | agents.servers.serverSAE1:train_on_clients:60 - Saved model for client 16 at epoch 340 -> saved_models/SAE1/average/wsn_ds/epoch_340_client_16.pt
2025-09-30 01:14:01.329 | INFO     | agents.servers.serverSAE1:train_on_clients:60 - Saved model for client 17 at epoch 340 -> saved_models/SAE1/average/wsn_ds/epoch_340_client_17.pt
2025-09-30 01:14:01.560 | INFO     | agents.servers.serverSAE1:train_on_clients:60 - Saved model for client 18 at epoch 340 -> saved_models/SAE1/average/wsn_ds/epoch_340_client_18.pt
2025-09-30 01:14:01.789 | INFO     | agents.servers.serverSAE1:train_on_clients:60 - Saved model for client 19 at epoch 340 -> saved_models/SAE1/average/wsn_ds/epoch_340_client_19.pt
2025-09-30 01:14:01.791 | INFO     | agents.servers.serverSAE1:train_on_clients:66 - 20 clients still training at epoch #340
2025-09-30 01:14:01.809 | INFO     | agents.servers.serverSAE1:train_on_clients:22 - Training SAE1 model epoch #341
2025-09-30 01:14:06.590 | INFO     | agents.servers.serverSAE1:train_on_clients:66 - 20 clients still training at epoch #341
2025-09-30 01:14:06.608 | INFO     | agents.servers.serverSAE1:train_on_clients:22 - Training SAE1 model epoch #342
2025-09-30 01:14:11.401 | INFO     | agents.servers.serverSAE1:train_on_clients:66 - 20 clients still training at epoch #342
2025-09-30 01:14:11.419 | INFO     | agents.servers.serverSAE1:train_on_clients:22 - Training SAE1 model epoch #343
2025-09-30 01:14:16.196 | INFO     | agents.servers.serverSAE1:train_on_clients:66 - 20 clients still training at epoch #343
2025-09-30 01:14:16.214 | INFO     | agents.servers.serverSAE1:train_on_clients:22 - Training SAE1 model epoch #344
2025-09-30 01:14:21.098 | INFO     | agents.servers.serverSAE1:train_on_clients:66 - 20 clients still training at epoch #344
2025-09-30 01:14:21.116 | INFO     | agents.servers.serverSAE1:train_on_clients:22 - Training SAE1 model epoch #345
2025-09-30 01:14:25.928 | INFO     | agents.servers.serverSAE1:train_on_clients:66 - 20 clients still training at epoch #345
2025-09-30 01:14:25.946 | INFO     | agents.servers.serverSAE1:train_on_clients:22 - Training SAE1 model epoch #346
2025-09-30 01:14:26.428 | INFO     | agents.servers.serverSAE1:train_on_clients:44 - Client 1 gets new best val_loss at epoch #346: 0.000446
2025-09-30 01:14:30.766 | INFO     | agents.servers.serverSAE1:train_on_clients:66 - 20 clients still training at epoch #346
2025-09-30 01:14:30.784 | INFO     | agents.servers.serverSAE1:train_on_clients:22 - Training SAE1 model epoch #347
2025-09-30 01:14:35.613 | INFO     | agents.servers.serverSAE1:train_on_clients:66 - 20 clients still training at epoch #347
2025-09-30 01:14:35.631 | INFO     | agents.servers.serverSAE1:train_on_clients:22 - Training SAE1 model epoch #348
2025-09-30 01:14:40.453 | INFO     | agents.servers.serverSAE1:train_on_clients:66 - 20 clients still training at epoch #348
2025-09-30 01:14:40.471 | INFO     | agents.servers.serverSAE1:train_on_clients:22 - Training SAE1 model epoch #349
2025-09-30 01:14:45.295 | INFO     | agents.servers.serverSAE1:train_on_clients:66 - 20 clients still training at epoch #349
2025-09-30 01:14:45.313 | INFO     | agents.servers.serverSAE1:train_on_clients:22 - Training SAE1 model epoch #350
2025-09-30 01:14:45.555 | INFO     | agents.servers.serverSAE1:train_on_clients:44 - Client 0 gets new best val_loss at epoch #350: 0.000466
2025-09-30 01:14:45.556 | INFO     | agents.servers.serverSAE1:train_on_clients:60 - Saved model for client 0 at epoch 350 -> saved_models/SAE1/average/wsn_ds/epoch_350_client_0.pt
2025-09-30 01:14:45.800 | INFO     | agents.servers.serverSAE1:train_on_clients:60 - Saved model for client 1 at epoch 350 -> saved_models/SAE1/average/wsn_ds/epoch_350_client_1.pt
2025-09-30 01:14:46.044 | INFO     | agents.servers.serverSAE1:train_on_clients:60 - Saved model for client 2 at epoch 350 -> saved_models/SAE1/average/wsn_ds/epoch_350_client_2.pt
2025-09-30 01:14:46.287 | INFO     | agents.servers.serverSAE1:train_on_clients:60 - Saved model for client 3 at epoch 350 -> saved_models/SAE1/average/wsn_ds/epoch_350_client_3.pt
2025-09-30 01:14:46.530 | INFO     | agents.servers.serverSAE1:train_on_clients:60 - Saved model for client 4 at epoch 350 -> saved_models/SAE1/average/wsn_ds/epoch_350_client_4.pt
2025-09-30 01:14:46.773 | INFO     | agents.servers.serverSAE1:train_on_clients:60 - Saved model for client 5 at epoch 350 -> saved_models/SAE1/average/wsn_ds/epoch_350_client_5.pt
2025-09-30 01:14:47.014 | INFO     | agents.servers.serverSAE1:train_on_clients:60 - Saved model for client 6 at epoch 350 -> saved_models/SAE1/average/wsn_ds/epoch_350_client_6.pt
2025-09-30 01:14:47.257 | INFO     | agents.servers.serverSAE1:train_on_clients:60 - Saved model for client 7 at epoch 350 -> saved_models/SAE1/average/wsn_ds/epoch_350_client_7.pt
2025-09-30 01:14:47.500 | INFO     | agents.servers.serverSAE1:train_on_clients:60 - Saved model for client 8 at epoch 350 -> saved_models/SAE1/average/wsn_ds/epoch_350_client_8.pt
2025-09-30 01:14:47.741 | INFO     | agents.servers.serverSAE1:train_on_clients:60 - Saved model for client 9 at epoch 350 -> saved_models/SAE1/average/wsn_ds/epoch_350_client_9.pt
2025-09-30 01:14:47.983 | INFO     | agents.servers.serverSAE1:train_on_clients:60 - Saved model for client 10 at epoch 350 -> saved_models/SAE1/average/wsn_ds/epoch_350_client_10.pt
2025-09-30 01:14:48.226 | INFO     | agents.servers.serverSAE1:train_on_clients:60 - Saved model for client 11 at epoch 350 -> saved_models/SAE1/average/wsn_ds/epoch_350_client_11.pt
2025-09-30 01:14:48.469 | INFO     | agents.servers.serverSAE1:train_on_clients:60 - Saved model for client 12 at epoch 350 -> saved_models/SAE1/average/wsn_ds/epoch_350_client_12.pt
2025-09-30 01:14:48.710 | INFO     | agents.servers.serverSAE1:train_on_clients:44 - Client 13 gets new best val_loss at epoch #350: 0.000352
2025-09-30 01:14:48.712 | INFO     | agents.servers.serverSAE1:train_on_clients:60 - Saved model for client 13 at epoch 350 -> saved_models/SAE1/average/wsn_ds/epoch_350_client_13.pt
2025-09-30 01:14:48.954 | INFO     | agents.servers.serverSAE1:train_on_clients:60 - Saved model for client 14 at epoch 350 -> saved_models/SAE1/average/wsn_ds/epoch_350_client_14.pt
2025-09-30 01:14:49.195 | INFO     | agents.servers.serverSAE1:train_on_clients:60 - Saved model for client 15 at epoch 350 -> saved_models/SAE1/average/wsn_ds/epoch_350_client_15.pt
2025-09-30 01:14:49.437 | INFO     | agents.servers.serverSAE1:train_on_clients:60 - Saved model for client 16 at epoch 350 -> saved_models/SAE1/average/wsn_ds/epoch_350_client_16.pt
2025-09-30 01:14:49.680 | INFO     | agents.servers.serverSAE1:train_on_clients:60 - Saved model for client 17 at epoch 350 -> saved_models/SAE1/average/wsn_ds/epoch_350_client_17.pt
2025-09-30 01:14:49.922 | INFO     | agents.servers.serverSAE1:train_on_clients:60 - Saved model for client 18 at epoch 350 -> saved_models/SAE1/average/wsn_ds/epoch_350_client_18.pt
2025-09-30 01:14:50.165 | INFO     | agents.servers.serverSAE1:train_on_clients:60 - Saved model for client 19 at epoch 350 -> saved_models/SAE1/average/wsn_ds/epoch_350_client_19.pt
2025-09-30 01:14:50.167 | INFO     | agents.servers.serverSAE1:train_on_clients:66 - 20 clients still training at epoch #350
2025-09-30 01:14:50.185 | INFO     | agents.servers.serverSAE1:train_on_clients:22 - Training SAE1 model epoch #351
2025-09-30 01:14:50.426 | INFO     | agents.servers.serverSAE1:train_on_clients:44 - Client 0 gets new best val_loss at epoch #351: 0.000466
2025-09-30 01:14:51.389 | INFO     | agents.servers.serverSAE1:train_on_clients:44 - Client 4 gets new best val_loss at epoch #351: 0.000367
2025-09-30 01:14:55.013 | INFO     | agents.servers.serverSAE1:train_on_clients:66 - 20 clients still training at epoch #351
2025-09-30 01:14:55.030 | INFO     | agents.servers.serverSAE1:train_on_clients:22 - Training SAE1 model epoch #352
2025-09-30 01:14:55.273 | INFO     | agents.servers.serverSAE1:train_on_clients:44 - Client 0 gets new best val_loss at epoch #352: 0.000459
2025-09-30 01:14:59.899 | INFO     | agents.servers.serverSAE1:train_on_clients:66 - 20 clients still training at epoch #352
2025-09-30 01:14:59.917 | INFO     | agents.servers.serverSAE1:train_on_clients:22 - Training SAE1 model epoch #353
2025-09-30 01:15:00.159 | INFO     | agents.servers.serverSAE1:train_on_clients:44 - Client 0 gets new best val_loss at epoch #353: 0.000455
2025-09-30 01:15:04.707 | INFO     | agents.servers.serverSAE1:train_on_clients:66 - 20 clients still training at epoch #353
2025-09-30 01:15:04.725 | INFO     | agents.servers.serverSAE1:train_on_clients:22 - Training SAE1 model epoch #354
2025-09-30 01:15:04.967 | INFO     | agents.servers.serverSAE1:train_on_clients:44 - Client 0 gets new best val_loss at epoch #354: 0.000452
2025-09-30 01:15:09.518 | INFO     | agents.servers.serverSAE1:train_on_clients:66 - 20 clients still training at epoch #354
2025-09-30 01:15:09.537 | INFO     | agents.servers.serverSAE1:train_on_clients:22 - Training SAE1 model epoch #355
2025-09-30 01:15:14.330 | INFO     | agents.servers.serverSAE1:train_on_clients:66 - 20 clients still training at epoch #355
2025-09-30 01:15:14.348 | INFO     | agents.servers.serverSAE1:train_on_clients:22 - Training SAE1 model epoch #356
2025-09-30 01:15:19.148 | INFO     | agents.servers.serverSAE1:train_on_clients:66 - 20 clients still training at epoch #356
2025-09-30 01:15:19.166 | INFO     | agents.servers.serverSAE1:train_on_clients:22 - Training SAE1 model epoch #357
2025-09-30 01:15:24.328 | INFO     | agents.servers.serverSAE1:train_on_clients:66 - 20 clients still training at epoch #357
2025-09-30 01:15:24.346 | INFO     | agents.servers.serverSAE1:train_on_clients:22 - Training SAE1 model epoch #358
2025-09-30 01:15:27.664 | INFO     | agents.servers.serverSAE1:train_on_clients:44 - Client 13 gets new best val_loss at epoch #358: 0.000349
2025-09-30 01:15:29.102 | INFO     | agents.servers.serverSAE1:train_on_clients:66 - 20 clients still training at epoch #358
2025-09-30 01:15:29.120 | INFO     | agents.servers.serverSAE1:train_on_clients:22 - Training SAE1 model epoch #359
2025-09-30 01:15:29.841 | INFO     | agents.servers.serverSAE1:train_on_clients:44 - Client 2 gets new best val_loss at epoch #359: 0.000341
2025-09-30 01:15:32.468 | INFO     | agents.servers.serverSAE1:train_on_clients:44 - Client 13 gets new best val_loss at epoch #359: 0.000325
2025-09-30 01:15:33.915 | INFO     | agents.servers.serverSAE1:train_on_clients:66 - 20 clients still training at epoch #359
2025-09-30 01:15:33.933 | INFO     | agents.servers.serverSAE1:train_on_clients:22 - Training SAE1 model epoch #360
2025-09-30 01:15:34.173 | INFO     | agents.servers.serverSAE1:train_on_clients:60 - Saved model for client 0 at epoch 360 -> saved_models/SAE1/average/wsn_ds/epoch_360_client_0.pt
2025-09-30 01:15:34.412 | INFO     | agents.servers.serverSAE1:train_on_clients:60 - Saved model for client 1 at epoch 360 -> saved_models/SAE1/average/wsn_ds/epoch_360_client_1.pt
2025-09-30 01:15:34.653 | INFO     | agents.servers.serverSAE1:train_on_clients:44 - Client 2 gets new best val_loss at epoch #360: 0.000336
2025-09-30 01:15:34.654 | INFO     | agents.servers.serverSAE1:train_on_clients:60 - Saved model for client 2 at epoch 360 -> saved_models/SAE1/average/wsn_ds/epoch_360_client_2.pt
2025-09-30 01:15:34.895 | INFO     | agents.servers.serverSAE1:train_on_clients:60 - Saved model for client 3 at epoch 360 -> saved_models/SAE1/average/wsn_ds/epoch_360_client_3.pt
2025-09-30 01:15:35.135 | INFO     | agents.servers.serverSAE1:train_on_clients:60 - Saved model for client 4 at epoch 360 -> saved_models/SAE1/average/wsn_ds/epoch_360_client_4.pt
2025-09-30 01:15:35.373 | INFO     | agents.servers.serverSAE1:train_on_clients:60 - Saved model for client 5 at epoch 360 -> saved_models/SAE1/average/wsn_ds/epoch_360_client_5.pt
2025-09-30 01:15:35.614 | INFO     | agents.servers.serverSAE1:train_on_clients:60 - Saved model for client 6 at epoch 360 -> saved_models/SAE1/average/wsn_ds/epoch_360_client_6.pt
2025-09-30 01:15:35.853 | INFO     | agents.servers.serverSAE1:train_on_clients:60 - Saved model for client 7 at epoch 360 -> saved_models/SAE1/average/wsn_ds/epoch_360_client_7.pt
2025-09-30 01:15:36.093 | INFO     | agents.servers.serverSAE1:train_on_clients:60 - Saved model for client 8 at epoch 360 -> saved_models/SAE1/average/wsn_ds/epoch_360_client_8.pt
2025-09-30 01:15:36.333 | INFO     | agents.servers.serverSAE1:train_on_clients:60 - Saved model for client 9 at epoch 360 -> saved_models/SAE1/average/wsn_ds/epoch_360_client_9.pt
2025-09-30 01:15:36.573 | INFO     | agents.servers.serverSAE1:train_on_clients:60 - Saved model for client 10 at epoch 360 -> saved_models/SAE1/average/wsn_ds/epoch_360_client_10.pt
2025-09-30 01:15:36.812 | INFO     | agents.servers.serverSAE1:train_on_clients:60 - Saved model for client 11 at epoch 360 -> saved_models/SAE1/average/wsn_ds/epoch_360_client_11.pt
2025-09-30 01:15:37.050 | INFO     | agents.servers.serverSAE1:train_on_clients:60 - Saved model for client 12 at epoch 360 -> saved_models/SAE1/average/wsn_ds/epoch_360_client_12.pt
2025-09-30 01:15:37.290 | INFO     | agents.servers.serverSAE1:train_on_clients:60 - Saved model for client 13 at epoch 360 -> saved_models/SAE1/average/wsn_ds/epoch_360_client_13.pt
2025-09-30 01:15:37.530 | INFO     | agents.servers.serverSAE1:train_on_clients:60 - Saved model for client 14 at epoch 360 -> saved_models/SAE1/average/wsn_ds/epoch_360_client_14.pt
2025-09-30 01:15:37.769 | INFO     | agents.servers.serverSAE1:train_on_clients:60 - Saved model for client 15 at epoch 360 -> saved_models/SAE1/average/wsn_ds/epoch_360_client_15.pt
2025-09-30 01:15:38.006 | INFO     | agents.servers.serverSAE1:train_on_clients:60 - Saved model for client 16 at epoch 360 -> saved_models/SAE1/average/wsn_ds/epoch_360_client_16.pt
2025-09-30 01:15:38.245 | INFO     | agents.servers.serverSAE1:train_on_clients:60 - Saved model for client 17 at epoch 360 -> saved_models/SAE1/average/wsn_ds/epoch_360_client_17.pt
2025-09-30 01:15:38.484 | INFO     | agents.servers.serverSAE1:train_on_clients:60 - Saved model for client 18 at epoch 360 -> saved_models/SAE1/average/wsn_ds/epoch_360_client_18.pt
2025-09-30 01:15:38.722 | INFO     | agents.servers.serverSAE1:train_on_clients:60 - Saved model for client 19 at epoch 360 -> saved_models/SAE1/average/wsn_ds/epoch_360_client_19.pt
2025-09-30 01:15:38.724 | INFO     | agents.servers.serverSAE1:train_on_clients:66 - 20 clients still training at epoch #360
2025-09-30 01:15:38.742 | INFO     | agents.servers.serverSAE1:train_on_clients:22 - Training SAE1 model epoch #361
2025-09-30 01:15:43.501 | INFO     | agents.servers.serverSAE1:train_on_clients:66 - 20 clients still training at epoch #361
2025-09-30 01:15:43.519 | INFO     | agents.servers.serverSAE1:train_on_clients:22 - Training SAE1 model epoch #362
2025-09-30 01:15:48.283 | INFO     | agents.servers.serverSAE1:train_on_clients:66 - 20 clients still training at epoch #362
2025-09-30 01:15:48.301 | INFO     | agents.servers.serverSAE1:train_on_clients:22 - Training SAE1 model epoch #363
2025-09-30 01:15:53.062 | INFO     | agents.servers.serverSAE1:train_on_clients:66 - 20 clients still training at epoch #363
2025-09-30 01:15:53.080 | INFO     | agents.servers.serverSAE1:train_on_clients:22 - Training SAE1 model epoch #364
2025-09-30 01:15:57.848 | INFO     | agents.servers.serverSAE1:train_on_clients:66 - 20 clients still training at epoch #364
2025-09-30 01:15:57.869 | INFO     | agents.servers.serverSAE1:train_on_clients:22 - Training SAE1 model epoch #365
2025-09-30 01:16:02.638 | INFO     | agents.servers.serverSAE1:train_on_clients:66 - 20 clients still training at epoch #365
2025-09-30 01:16:02.656 | INFO     | agents.servers.serverSAE1:train_on_clients:22 - Training SAE1 model epoch #366
2025-09-30 01:16:07.451 | INFO     | agents.servers.serverSAE1:train_on_clients:66 - 20 clients still training at epoch #366
2025-09-30 01:16:07.469 | INFO     | agents.servers.serverSAE1:train_on_clients:22 - Training SAE1 model epoch #367
2025-09-30 01:16:12.225 | INFO     | agents.servers.serverSAE1:train_on_clients:66 - 20 clients still training at epoch #367
2025-09-30 01:16:12.242 | INFO     | agents.servers.serverSAE1:train_on_clients:22 - Training SAE1 model epoch #368
2025-09-30 01:16:17.008 | INFO     | agents.servers.serverSAE1:train_on_clients:66 - 20 clients still training at epoch #368
2025-09-30 01:16:17.026 | INFO     | agents.servers.serverSAE1:train_on_clients:22 - Training SAE1 model epoch #369
2025-09-30 01:16:21.789 | INFO     | agents.servers.serverSAE1:train_on_clients:66 - 20 clients still training at epoch #369
2025-09-30 01:16:21.807 | INFO     | agents.servers.serverSAE1:train_on_clients:22 - Training SAE1 model epoch #370
2025-09-30 01:16:22.046 | INFO     | agents.servers.serverSAE1:train_on_clients:60 - Saved model for client 0 at epoch 370 -> saved_models/SAE1/average/wsn_ds/epoch_370_client_0.pt
2025-09-30 01:16:22.287 | INFO     | agents.servers.serverSAE1:train_on_clients:60 - Saved model for client 1 at epoch 370 -> saved_models/SAE1/average/wsn_ds/epoch_370_client_1.pt
2025-09-30 01:16:22.527 | INFO     | agents.servers.serverSAE1:train_on_clients:60 - Saved model for client 2 at epoch 370 -> saved_models/SAE1/average/wsn_ds/epoch_370_client_2.pt
2025-09-30 01:16:22.766 | INFO     | agents.servers.serverSAE1:train_on_clients:60 - Saved model for client 3 at epoch 370 -> saved_models/SAE1/average/wsn_ds/epoch_370_client_3.pt
2025-09-30 01:16:23.007 | INFO     | agents.servers.serverSAE1:train_on_clients:60 - Saved model for client 4 at epoch 370 -> saved_models/SAE1/average/wsn_ds/epoch_370_client_4.pt
2025-09-30 01:16:23.247 | INFO     | agents.servers.serverSAE1:train_on_clients:60 - Saved model for client 5 at epoch 370 -> saved_models/SAE1/average/wsn_ds/epoch_370_client_5.pt
2025-09-30 01:16:23.484 | INFO     | agents.servers.serverSAE1:train_on_clients:60 - Saved model for client 6 at epoch 370 -> saved_models/SAE1/average/wsn_ds/epoch_370_client_6.pt
2025-09-30 01:16:23.724 | INFO     | agents.servers.serverSAE1:train_on_clients:60 - Saved model for client 7 at epoch 370 -> saved_models/SAE1/average/wsn_ds/epoch_370_client_7.pt
2025-09-30 01:16:23.962 | INFO     | agents.servers.serverSAE1:train_on_clients:60 - Saved model for client 8 at epoch 370 -> saved_models/SAE1/average/wsn_ds/epoch_370_client_8.pt
2025-09-30 01:16:24.203 | INFO     | agents.servers.serverSAE1:train_on_clients:60 - Saved model for client 9 at epoch 370 -> saved_models/SAE1/average/wsn_ds/epoch_370_client_9.pt
2025-09-30 01:16:24.444 | INFO     | agents.servers.serverSAE1:train_on_clients:60 - Saved model for client 10 at epoch 370 -> saved_models/SAE1/average/wsn_ds/epoch_370_client_10.pt
2025-09-30 01:16:24.683 | INFO     | agents.servers.serverSAE1:train_on_clients:60 - Saved model for client 11 at epoch 370 -> saved_models/SAE1/average/wsn_ds/epoch_370_client_11.pt
2025-09-30 01:16:24.921 | INFO     | agents.servers.serverSAE1:train_on_clients:60 - Saved model for client 12 at epoch 370 -> saved_models/SAE1/average/wsn_ds/epoch_370_client_12.pt
2025-09-30 01:16:25.160 | INFO     | agents.servers.serverSAE1:train_on_clients:60 - Saved model for client 13 at epoch 370 -> saved_models/SAE1/average/wsn_ds/epoch_370_client_13.pt
2025-09-30 01:16:25.399 | INFO     | agents.servers.serverSAE1:train_on_clients:60 - Saved model for client 14 at epoch 370 -> saved_models/SAE1/average/wsn_ds/epoch_370_client_14.pt
2025-09-30 01:16:25.637 | INFO     | agents.servers.serverSAE1:train_on_clients:60 - Saved model for client 15 at epoch 370 -> saved_models/SAE1/average/wsn_ds/epoch_370_client_15.pt
2025-09-30 01:16:25.876 | INFO     | agents.servers.serverSAE1:train_on_clients:60 - Saved model for client 16 at epoch 370 -> saved_models/SAE1/average/wsn_ds/epoch_370_client_16.pt
2025-09-30 01:16:26.115 | INFO     | agents.servers.serverSAE1:train_on_clients:60 - Saved model for client 17 at epoch 370 -> saved_models/SAE1/average/wsn_ds/epoch_370_client_17.pt
2025-09-30 01:16:26.354 | INFO     | agents.servers.serverSAE1:train_on_clients:60 - Saved model for client 18 at epoch 370 -> saved_models/SAE1/average/wsn_ds/epoch_370_client_18.pt
2025-09-30 01:16:26.592 | INFO     | agents.servers.serverSAE1:train_on_clients:60 - Saved model for client 19 at epoch 370 -> saved_models/SAE1/average/wsn_ds/epoch_370_client_19.pt
2025-09-30 01:16:26.594 | INFO     | agents.servers.serverSAE1:train_on_clients:66 - 20 clients still training at epoch #370
2025-09-30 01:16:26.612 | INFO     | agents.servers.serverSAE1:train_on_clients:22 - Training SAE1 model epoch #371
2025-09-30 01:16:29.227 | INFO     | agents.servers.serverSAE1:train_on_clients:44 - Client 10 gets new best val_loss at epoch #371: 0.000412
2025-09-30 01:16:31.423 | INFO     | agents.servers.serverSAE1:train_on_clients:66 - 20 clients still training at epoch #371
2025-09-30 01:16:31.441 | INFO     | agents.servers.serverSAE1:train_on_clients:22 - Training SAE1 model epoch #372
2025-09-30 01:16:34.107 | INFO     | agents.servers.serverSAE1:train_on_clients:44 - Client 10 gets new best val_loss at epoch #372: 0.000406
2025-09-30 01:16:36.280 | INFO     | agents.servers.serverSAE1:train_on_clients:66 - 20 clients still training at epoch #372
2025-09-30 01:16:36.298 | INFO     | agents.servers.serverSAE1:train_on_clients:22 - Training SAE1 model epoch #373
2025-09-30 01:16:39.104 | INFO     | agents.servers.serverSAE1:train_on_clients:44 - Client 10 gets new best val_loss at epoch #373: 0.000400
2025-09-30 01:16:41.262 | INFO     | agents.servers.serverSAE1:train_on_clients:66 - 20 clients still training at epoch #373
2025-09-30 01:16:41.280 | INFO     | agents.servers.serverSAE1:train_on_clients:22 - Training SAE1 model epoch #374
2025-09-30 01:16:43.619 | INFO     | agents.servers.serverSAE1:train_on_clients:44 - Client 9 gets new best val_loss at epoch #374: 0.000352
2025-09-30 01:16:43.859 | INFO     | agents.servers.serverSAE1:train_on_clients:44 - Client 10 gets new best val_loss at epoch #374: 0.000395
2025-09-30 01:16:45.967 | INFO     | agents.servers.serverSAE1:train_on_clients:66 - 20 clients still training at epoch #374
2025-09-30 01:16:45.985 | INFO     | agents.servers.serverSAE1:train_on_clients:22 - Training SAE1 model epoch #375
2025-09-30 01:16:46.911 | INFO     | agents.servers.serverSAE1:train_on_clients:44 - Client 3 gets new best val_loss at epoch #375: 0.000392
2025-09-30 01:16:47.392 | INFO     | agents.servers.serverSAE1:train_on_clients:44 - Client 5 gets new best val_loss at epoch #375: 0.000378
2025-09-30 01:16:48.350 | INFO     | agents.servers.serverSAE1:train_on_clients:44 - Client 9 gets new best val_loss at epoch #375: 0.000351
2025-09-30 01:16:48.591 | INFO     | agents.servers.serverSAE1:train_on_clients:44 - Client 10 gets new best val_loss at epoch #375: 0.000389
2025-09-30 01:16:49.551 | INFO     | agents.servers.serverSAE1:train_on_clients:44 - Client 14 gets new best val_loss at epoch #375: 0.000354
2025-09-30 01:16:50.749 | INFO     | agents.servers.serverSAE1:train_on_clients:66 - 20 clients still training at epoch #375
2025-09-30 01:16:50.767 | INFO     | agents.servers.serverSAE1:train_on_clients:22 - Training SAE1 model epoch #376
2025-09-30 01:16:51.731 | INFO     | agents.servers.serverSAE1:train_on_clients:44 - Client 3 gets new best val_loss at epoch #376: 0.000388
2025-09-30 01:16:52.226 | INFO     | agents.servers.serverSAE1:train_on_clients:44 - Client 5 gets new best val_loss at epoch #376: 0.000375
2025-09-30 01:16:53.609 | INFO     | agents.servers.serverSAE1:train_on_clients:44 - Client 11 gets new best val_loss at epoch #376: 0.000359
2025-09-30 01:16:54.072 | INFO     | agents.servers.serverSAE1:train_on_clients:44 - Client 13 gets new best val_loss at epoch #376: 0.000323
2025-09-30 01:16:55.484 | INFO     | agents.servers.serverSAE1:train_on_clients:66 - 20 clients still training at epoch #376
2025-09-30 01:16:55.502 | INFO     | agents.servers.serverSAE1:train_on_clients:22 - Training SAE1 model epoch #377
2025-09-30 01:16:56.461 | INFO     | agents.servers.serverSAE1:train_on_clients:44 - Client 3 gets new best val_loss at epoch #377: 0.000384
2025-09-30 01:16:56.947 | INFO     | agents.servers.serverSAE1:train_on_clients:44 - Client 5 gets new best val_loss at epoch #377: 0.000372
2025-09-30 01:16:57.916 | INFO     | agents.servers.serverSAE1:train_on_clients:44 - Client 9 gets new best val_loss at epoch #377: 0.000348
2025-09-30 01:16:58.160 | INFO     | agents.servers.serverSAE1:train_on_clients:44 - Client 10 gets new best val_loss at epoch #377: 0.000387
2025-09-30 01:16:58.403 | INFO     | agents.servers.serverSAE1:train_on_clients:44 - Client 11 gets new best val_loss at epoch #377: 0.000356
2025-09-30 01:16:58.886 | INFO     | agents.servers.serverSAE1:train_on_clients:44 - Client 13 gets new best val_loss at epoch #377: 0.000322
2025-09-30 01:16:59.130 | INFO     | agents.servers.serverSAE1:train_on_clients:44 - Client 14 gets new best val_loss at epoch #377: 0.000343
2025-09-30 01:17:00.336 | INFO     | agents.servers.serverSAE1:train_on_clients:66 - 20 clients still training at epoch #377
2025-09-30 01:17:00.354 | INFO     | agents.servers.serverSAE1:train_on_clients:22 - Training SAE1 model epoch #378
2025-09-30 01:17:01.323 | INFO     | agents.servers.serverSAE1:train_on_clients:44 - Client 3 gets new best val_loss at epoch #378: 0.000381
2025-09-30 01:17:02.768 | INFO     | agents.servers.serverSAE1:train_on_clients:44 - Client 9 gets new best val_loss at epoch #378: 0.000340
2025-09-30 01:17:03.010 | INFO     | agents.servers.serverSAE1:train_on_clients:44 - Client 10 gets new best val_loss at epoch #378: 0.000379
2025-09-30 01:17:03.252 | INFO     | agents.servers.serverSAE1:train_on_clients:44 - Client 11 gets new best val_loss at epoch #378: 0.000354
2025-09-30 01:17:03.736 | INFO     | agents.servers.serverSAE1:train_on_clients:44 - Client 13 gets new best val_loss at epoch #378: 0.000320
2025-09-30 01:17:05.203 | INFO     | agents.servers.serverSAE1:train_on_clients:66 - 20 clients still training at epoch #378
2025-09-30 01:17:05.221 | INFO     | agents.servers.serverSAE1:train_on_clients:22 - Training SAE1 model epoch #379
2025-09-30 01:17:05.980 | INFO     | agents.servers.serverSAE1:train_on_clients:44 - Client 2 gets new best val_loss at epoch #379: 0.000333
2025-09-30 01:17:06.224 | INFO     | agents.servers.serverSAE1:train_on_clients:44 - Client 3 gets new best val_loss at epoch #379: 0.000378
2025-09-30 01:17:07.676 | INFO     | agents.servers.serverSAE1:train_on_clients:44 - Client 9 gets new best val_loss at epoch #379: 0.000335
2025-09-30 01:17:08.884 | INFO     | agents.servers.serverSAE1:train_on_clients:44 - Client 14 gets new best val_loss at epoch #379: 0.000332
2025-09-30 01:17:10.085 | INFO     | agents.servers.serverSAE1:train_on_clients:66 - 20 clients still training at epoch #379
2025-09-30 01:17:10.103 | INFO     | agents.servers.serverSAE1:train_on_clients:22 - Training SAE1 model epoch #380
2025-09-30 01:17:10.345 | INFO     | agents.servers.serverSAE1:train_on_clients:60 - Saved model for client 0 at epoch 380 -> saved_models/SAE1/average/wsn_ds/epoch_380_client_0.pt
2025-09-30 01:17:10.589 | INFO     | agents.servers.serverSAE1:train_on_clients:60 - Saved model for client 1 at epoch 380 -> saved_models/SAE1/average/wsn_ds/epoch_380_client_1.pt
2025-09-30 01:17:10.836 | INFO     | agents.servers.serverSAE1:train_on_clients:60 - Saved model for client 2 at epoch 380 -> saved_models/SAE1/average/wsn_ds/epoch_380_client_2.pt
2025-09-30 01:17:11.080 | INFO     | agents.servers.serverSAE1:train_on_clients:44 - Client 3 gets new best val_loss at epoch #380: 0.000377
2025-09-30 01:17:11.081 | INFO     | agents.servers.serverSAE1:train_on_clients:60 - Saved model for client 3 at epoch 380 -> saved_models/SAE1/average/wsn_ds/epoch_380_client_3.pt
2025-09-30 01:17:11.324 | INFO     | agents.servers.serverSAE1:train_on_clients:60 - Saved model for client 4 at epoch 380 -> saved_models/SAE1/average/wsn_ds/epoch_380_client_4.pt
2025-09-30 01:17:11.567 | INFO     | agents.servers.serverSAE1:train_on_clients:60 - Saved model for client 5 at epoch 380 -> saved_models/SAE1/average/wsn_ds/epoch_380_client_5.pt
2025-09-30 01:17:11.810 | INFO     | agents.servers.serverSAE1:train_on_clients:60 - Saved model for client 6 at epoch 380 -> saved_models/SAE1/average/wsn_ds/epoch_380_client_6.pt
2025-09-30 01:17:12.052 | INFO     | agents.servers.serverSAE1:train_on_clients:60 - Saved model for client 7 at epoch 380 -> saved_models/SAE1/average/wsn_ds/epoch_380_client_7.pt
2025-09-30 01:17:12.294 | INFO     | agents.servers.serverSAE1:train_on_clients:60 - Saved model for client 8 at epoch 380 -> saved_models/SAE1/average/wsn_ds/epoch_380_client_8.pt
2025-09-30 01:17:12.536 | INFO     | agents.servers.serverSAE1:train_on_clients:44 - Client 9 gets new best val_loss at epoch #380: 0.000333
2025-09-30 01:17:12.537 | INFO     | agents.servers.serverSAE1:train_on_clients:60 - Saved model for client 9 at epoch 380 -> saved_models/SAE1/average/wsn_ds/epoch_380_client_9.pt
2025-09-30 01:17:12.780 | INFO     | agents.servers.serverSAE1:train_on_clients:60 - Saved model for client 10 at epoch 380 -> saved_models/SAE1/average/wsn_ds/epoch_380_client_10.pt
2025-09-30 01:17:13.028 | INFO     | agents.servers.serverSAE1:train_on_clients:44 - Client 11 gets new best val_loss at epoch #380: 0.000353
2025-09-30 01:17:13.030 | INFO     | agents.servers.serverSAE1:train_on_clients:60 - Saved model for client 11 at epoch 380 -> saved_models/SAE1/average/wsn_ds/epoch_380_client_11.pt
2025-09-30 01:17:13.271 | INFO     | agents.servers.serverSAE1:train_on_clients:60 - Saved model for client 12 at epoch 380 -> saved_models/SAE1/average/wsn_ds/epoch_380_client_12.pt
2025-09-30 01:17:13.513 | INFO     | agents.servers.serverSAE1:train_on_clients:60 - Saved model for client 13 at epoch 380 -> saved_models/SAE1/average/wsn_ds/epoch_380_client_13.pt
2025-09-30 01:17:13.755 | INFO     | agents.servers.serverSAE1:train_on_clients:60 - Saved model for client 14 at epoch 380 -> saved_models/SAE1/average/wsn_ds/epoch_380_client_14.pt
2025-09-30 01:17:13.998 | INFO     | agents.servers.serverSAE1:train_on_clients:60 - Saved model for client 15 at epoch 380 -> saved_models/SAE1/average/wsn_ds/epoch_380_client_15.pt
2025-09-30 01:17:14.242 | INFO     | agents.servers.serverSAE1:train_on_clients:60 - Saved model for client 16 at epoch 380 -> saved_models/SAE1/average/wsn_ds/epoch_380_client_16.pt
2025-09-30 01:17:14.485 | INFO     | agents.servers.serverSAE1:train_on_clients:60 - Saved model for client 17 at epoch 380 -> saved_models/SAE1/average/wsn_ds/epoch_380_client_17.pt
2025-09-30 01:17:14.728 | INFO     | agents.servers.serverSAE1:train_on_clients:60 - Saved model for client 18 at epoch 380 -> saved_models/SAE1/average/wsn_ds/epoch_380_client_18.pt
2025-09-30 01:17:14.975 | INFO     | agents.servers.serverSAE1:train_on_clients:60 - Saved model for client 19 at epoch 380 -> saved_models/SAE1/average/wsn_ds/epoch_380_client_19.pt
2025-09-30 01:17:14.977 | INFO     | agents.servers.serverSAE1:train_on_clients:66 - 20 clients still training at epoch #380
2025-09-30 01:17:14.995 | INFO     | agents.servers.serverSAE1:train_on_clients:22 - Training SAE1 model epoch #381
2025-09-30 01:17:15.726 | INFO     | agents.servers.serverSAE1:train_on_clients:44 - Client 2 gets new best val_loss at epoch #381: 0.000329
2025-09-30 01:17:15.968 | INFO     | agents.servers.serverSAE1:train_on_clients:44 - Client 3 gets new best val_loss at epoch #381: 0.000375
2025-09-30 01:17:17.426 | INFO     | agents.servers.serverSAE1:train_on_clients:44 - Client 9 gets new best val_loss at epoch #381: 0.000330
2025-09-30 01:17:17.909 | INFO     | agents.servers.serverSAE1:train_on_clients:44 - Client 11 gets new best val_loss at epoch #381: 0.000347
2025-09-30 01:17:19.830 | INFO     | agents.servers.serverSAE1:train_on_clients:66 - 20 clients still training at epoch #381
2025-09-30 01:17:19.848 | INFO     | agents.servers.serverSAE1:train_on_clients:22 - Training SAE1 model epoch #382
2025-09-30 01:17:20.807 | INFO     | agents.servers.serverSAE1:train_on_clients:44 - Client 3 gets new best val_loss at epoch #382: 0.000373
2025-09-30 01:17:21.295 | INFO     | agents.servers.serverSAE1:train_on_clients:44 - Client 5 gets new best val_loss at epoch #382: 0.000366
2025-09-30 01:17:24.635 | INFO     | agents.servers.serverSAE1:train_on_clients:66 - 20 clients still training at epoch #382
2025-09-30 01:17:24.653 | INFO     | agents.servers.serverSAE1:train_on_clients:22 - Training SAE1 model epoch #383
2025-09-30 01:17:25.615 | INFO     | agents.servers.serverSAE1:train_on_clients:44 - Client 3 gets new best val_loss at epoch #383: 0.000371
2025-09-30 01:17:27.531 | INFO     | agents.servers.serverSAE1:train_on_clients:44 - Client 11 gets new best val_loss at epoch #383: 0.000345
2025-09-30 01:17:29.470 | INFO     | agents.servers.serverSAE1:train_on_clients:66 - 20 clients still training at epoch #383
2025-09-30 01:17:29.488 | INFO     | agents.servers.serverSAE1:train_on_clients:22 - Training SAE1 model epoch #384
2025-09-30 01:17:30.208 | INFO     | agents.servers.serverSAE1:train_on_clients:44 - Client 2 gets new best val_loss at epoch #384: 0.000325
2025-09-30 01:17:31.880 | INFO     | agents.servers.serverSAE1:train_on_clients:44 - Client 9 gets new best val_loss at epoch #384: 0.000329
2025-09-30 01:17:34.263 | INFO     | agents.servers.serverSAE1:train_on_clients:66 - 20 clients still training at epoch #384
2025-09-30 01:17:34.281 | INFO     | agents.servers.serverSAE1:train_on_clients:22 - Training SAE1 model epoch #385
2025-09-30 01:17:36.911 | INFO     | agents.servers.serverSAE1:train_on_clients:44 - Client 10 gets new best val_loss at epoch #385: 0.000371
2025-09-30 01:17:39.135 | INFO     | agents.servers.serverSAE1:train_on_clients:66 - 20 clients still training at epoch #385
2025-09-30 01:17:39.153 | INFO     | agents.servers.serverSAE1:train_on_clients:22 - Training SAE1 model epoch #386
2025-09-30 01:17:41.678 | INFO     | agents.servers.serverSAE1:train_on_clients:44 - Client 9 gets new best val_loss at epoch #386: 0.000326
2025-09-30 01:17:42.642 | INFO     | agents.servers.serverSAE1:train_on_clients:44 - Client 13 gets new best val_loss at epoch #386: 0.000319
2025-09-30 01:17:44.080 | INFO     | agents.servers.serverSAE1:train_on_clients:66 - 20 clients still training at epoch #386
2025-09-30 01:17:44.098 | INFO     | agents.servers.serverSAE1:train_on_clients:22 - Training SAE1 model epoch #387
2025-09-30 01:17:47.437 | INFO     | agents.servers.serverSAE1:train_on_clients:44 - Client 13 gets new best val_loss at epoch #387: 0.000319
2025-09-30 01:17:48.887 | INFO     | agents.servers.serverSAE1:train_on_clients:66 - 20 clients still training at epoch #387
2025-09-30 01:17:48.906 | INFO     | agents.servers.serverSAE1:train_on_clients:22 - Training SAE1 model epoch #388
2025-09-30 01:17:52.474 | INFO     | agents.servers.serverSAE1:train_on_clients:44 - Client 14 gets new best val_loss at epoch #388: 0.000326
2025-09-30 01:17:53.677 | INFO     | agents.servers.serverSAE1:train_on_clients:66 - 20 clients still training at epoch #388
2025-09-30 01:17:53.695 | INFO     | agents.servers.serverSAE1:train_on_clients:22 - Training SAE1 model epoch #389
2025-09-30 01:17:56.083 | INFO     | agents.servers.serverSAE1:train_on_clients:44 - Client 9 gets new best val_loss at epoch #389: 0.000325
2025-09-30 01:17:56.324 | INFO     | agents.servers.serverSAE1:train_on_clients:44 - Client 10 gets new best val_loss at epoch #389: 0.000371
2025-09-30 01:17:57.039 | INFO     | agents.servers.serverSAE1:train_on_clients:44 - Client 13 gets new best val_loss at epoch #389: 0.000308
2025-09-30 01:17:58.470 | INFO     | agents.servers.serverSAE1:train_on_clients:66 - 20 clients still training at epoch #389
2025-09-30 01:17:58.488 | INFO     | agents.servers.serverSAE1:train_on_clients:22 - Training SAE1 model epoch #390
2025-09-30 01:17:58.728 | INFO     | agents.servers.serverSAE1:train_on_clients:60 - Saved model for client 0 at epoch 390 -> saved_models/SAE1/average/wsn_ds/epoch_390_client_0.pt
2025-09-30 01:17:58.970 | INFO     | agents.servers.serverSAE1:train_on_clients:60 - Saved model for client 1 at epoch 390 -> saved_models/SAE1/average/wsn_ds/epoch_390_client_1.pt
2025-09-30 01:17:59.210 | INFO     | agents.servers.serverSAE1:train_on_clients:60 - Saved model for client 2 at epoch 390 -> saved_models/SAE1/average/wsn_ds/epoch_390_client_2.pt
2025-09-30 01:17:59.451 | INFO     | agents.servers.serverSAE1:train_on_clients:60 - Saved model for client 3 at epoch 390 -> saved_models/SAE1/average/wsn_ds/epoch_390_client_3.pt
2025-09-30 01:17:59.691 | INFO     | agents.servers.serverSAE1:train_on_clients:60 - Saved model for client 4 at epoch 390 -> saved_models/SAE1/average/wsn_ds/epoch_390_client_4.pt
2025-09-30 01:17:59.932 | INFO     | agents.servers.serverSAE1:train_on_clients:60 - Saved model for client 5 at epoch 390 -> saved_models/SAE1/average/wsn_ds/epoch_390_client_5.pt
2025-09-30 01:18:00.171 | INFO     | agents.servers.serverSAE1:train_on_clients:60 - Saved model for client 6 at epoch 390 -> saved_models/SAE1/average/wsn_ds/epoch_390_client_6.pt
2025-09-30 01:18:00.411 | INFO     | agents.servers.serverSAE1:train_on_clients:60 - Saved model for client 7 at epoch 390 -> saved_models/SAE1/average/wsn_ds/epoch_390_client_7.pt
2025-09-30 01:18:00.653 | INFO     | agents.servers.serverSAE1:train_on_clients:60 - Saved model for client 8 at epoch 390 -> saved_models/SAE1/average/wsn_ds/epoch_390_client_8.pt
2025-09-30 01:18:00.892 | INFO     | agents.servers.serverSAE1:train_on_clients:60 - Saved model for client 9 at epoch 390 -> saved_models/SAE1/average/wsn_ds/epoch_390_client_9.pt
2025-09-30 01:18:01.131 | INFO     | agents.servers.serverSAE1:train_on_clients:60 - Saved model for client 10 at epoch 390 -> saved_models/SAE1/average/wsn_ds/epoch_390_client_10.pt
2025-09-30 01:18:01.370 | INFO     | agents.servers.serverSAE1:train_on_clients:44 - Client 11 gets new best val_loss at epoch #390: 0.000344
2025-09-30 01:18:01.372 | INFO     | agents.servers.serverSAE1:train_on_clients:60 - Saved model for client 11 at epoch 390 -> saved_models/SAE1/average/wsn_ds/epoch_390_client_11.pt
2025-09-30 01:18:01.611 | INFO     | agents.servers.serverSAE1:train_on_clients:60 - Saved model for client 12 at epoch 390 -> saved_models/SAE1/average/wsn_ds/epoch_390_client_12.pt
2025-09-30 01:18:01.851 | INFO     | agents.servers.serverSAE1:train_on_clients:60 - Saved model for client 13 at epoch 390 -> saved_models/SAE1/average/wsn_ds/epoch_390_client_13.pt
2025-09-30 01:18:02.090 | INFO     | agents.servers.serverSAE1:train_on_clients:44 - Client 14 gets new best val_loss at epoch #390: 0.000326
2025-09-30 01:18:02.092 | INFO     | agents.servers.serverSAE1:train_on_clients:60 - Saved model for client 14 at epoch 390 -> saved_models/SAE1/average/wsn_ds/epoch_390_client_14.pt
2025-09-30 01:18:02.332 | INFO     | agents.servers.serverSAE1:train_on_clients:60 - Saved model for client 15 at epoch 390 -> saved_models/SAE1/average/wsn_ds/epoch_390_client_15.pt
2025-09-30 01:18:02.573 | INFO     | agents.servers.serverSAE1:train_on_clients:60 - Saved model for client 16 at epoch 390 -> saved_models/SAE1/average/wsn_ds/epoch_390_client_16.pt
2025-09-30 01:18:02.812 | INFO     | agents.servers.serverSAE1:train_on_clients:60 - Saved model for client 17 at epoch 390 -> saved_models/SAE1/average/wsn_ds/epoch_390_client_17.pt
2025-09-30 01:18:03.052 | INFO     | agents.servers.serverSAE1:train_on_clients:60 - Saved model for client 18 at epoch 390 -> saved_models/SAE1/average/wsn_ds/epoch_390_client_18.pt
2025-09-30 01:18:03.292 | INFO     | agents.servers.serverSAE1:train_on_clients:60 - Saved model for client 19 at epoch 390 -> saved_models/SAE1/average/wsn_ds/epoch_390_client_19.pt
2025-09-30 01:18:03.294 | INFO     | agents.servers.serverSAE1:train_on_clients:66 - 20 clients still training at epoch #390
2025-09-30 01:18:03.312 | INFO     | agents.servers.serverSAE1:train_on_clients:22 - Training SAE1 model epoch #391
2025-09-30 01:18:04.263 | INFO     | agents.servers.serverSAE1:train_on_clients:44 - Client 3 gets new best val_loss at epoch #391: 0.000369
2025-09-30 01:18:08.075 | INFO     | agents.servers.serverSAE1:train_on_clients:66 - 20 clients still training at epoch #391
2025-09-30 01:18:08.093 | INFO     | agents.servers.serverSAE1:train_on_clients:22 - Training SAE1 model epoch #392
2025-09-30 01:18:12.851 | INFO     | agents.servers.serverSAE1:train_on_clients:66 - 20 clients still training at epoch #392
2025-09-30 01:18:12.868 | INFO     | agents.servers.serverSAE1:train_on_clients:22 - Training SAE1 model epoch #393
2025-09-30 01:18:14.314 | INFO     | agents.servers.serverSAE1:train_on_clients:44 - Client 5 gets new best val_loss at epoch #393: 0.000362
2025-09-30 01:18:17.672 | INFO     | agents.servers.serverSAE1:train_on_clients:66 - 20 clients still training at epoch #393
2025-09-30 01:18:17.690 | INFO     | agents.servers.serverSAE1:train_on_clients:22 - Training SAE1 model epoch #394
2025-09-30 01:18:22.479 | INFO     | agents.servers.serverSAE1:train_on_clients:66 - 20 clients still training at epoch #394
2025-09-30 01:18:22.497 | INFO     | agents.servers.serverSAE1:train_on_clients:22 - Training SAE1 model epoch #395
2025-09-30 01:18:25.132 | INFO     | agents.servers.serverSAE1:train_on_clients:44 - Client 10 gets new best val_loss at epoch #395: 0.000369
2025-09-30 01:18:27.285 | INFO     | agents.servers.serverSAE1:train_on_clients:66 - 20 clients still training at epoch #395
2025-09-30 01:18:27.303 | INFO     | agents.servers.serverSAE1:train_on_clients:22 - Training SAE1 model epoch #396
2025-09-30 01:18:32.096 | INFO     | agents.servers.serverSAE1:train_on_clients:66 - 20 clients still training at epoch #396
2025-09-30 01:18:32.114 | INFO     | agents.servers.serverSAE1:train_on_clients:22 - Training SAE1 model epoch #397
2025-09-30 01:18:36.896 | INFO     | agents.servers.serverSAE1:train_on_clients:66 - 20 clients still training at epoch #397
2025-09-30 01:18:36.914 | INFO     | agents.servers.serverSAE1:train_on_clients:22 - Training SAE1 model epoch #398
2025-09-30 01:18:41.696 | INFO     | agents.servers.serverSAE1:train_on_clients:66 - 20 clients still training at epoch #398
2025-09-30 01:18:41.714 | INFO     | agents.servers.serverSAE1:train_on_clients:22 - Training SAE1 model epoch #399
2025-09-30 01:18:46.623 | INFO     | agents.servers.serverSAE1:train_on_clients:66 - 20 clients still training at epoch #399
2025-09-30 01:18:46.641 | INFO     | agents.servers.serverSAE1:train_on_clients:22 - Training SAE1 model epoch #400
2025-09-30 01:18:46.883 | INFO     | agents.servers.serverSAE1:train_on_clients:60 - Saved model for client 0 at epoch 400 -> saved_models/SAE1/average/wsn_ds/epoch_400_client_0.pt
2025-09-30 01:18:47.126 | INFO     | agents.servers.serverSAE1:train_on_clients:60 - Saved model for client 1 at epoch 400 -> saved_models/SAE1/average/wsn_ds/epoch_400_client_1.pt
2025-09-30 01:18:47.369 | INFO     | agents.servers.serverSAE1:train_on_clients:60 - Saved model for client 2 at epoch 400 -> saved_models/SAE1/average/wsn_ds/epoch_400_client_2.pt
2025-09-30 01:18:47.611 | INFO     | agents.servers.serverSAE1:train_on_clients:60 - Saved model for client 3 at epoch 400 -> saved_models/SAE1/average/wsn_ds/epoch_400_client_3.pt
2025-09-30 01:18:47.854 | INFO     | agents.servers.serverSAE1:train_on_clients:60 - Saved model for client 4 at epoch 400 -> saved_models/SAE1/average/wsn_ds/epoch_400_client_4.pt
2025-09-30 01:18:48.096 | INFO     | agents.servers.serverSAE1:train_on_clients:60 - Saved model for client 5 at epoch 400 -> saved_models/SAE1/average/wsn_ds/epoch_400_client_5.pt
2025-09-30 01:18:48.341 | INFO     | agents.servers.serverSAE1:train_on_clients:60 - Saved model for client 6 at epoch 400 -> saved_models/SAE1/average/wsn_ds/epoch_400_client_6.pt
2025-09-30 01:18:48.585 | INFO     | agents.servers.serverSAE1:train_on_clients:60 - Saved model for client 7 at epoch 400 -> saved_models/SAE1/average/wsn_ds/epoch_400_client_7.pt
2025-09-30 01:18:48.826 | INFO     | agents.servers.serverSAE1:train_on_clients:60 - Saved model for client 8 at epoch 400 -> saved_models/SAE1/average/wsn_ds/epoch_400_client_8.pt
2025-09-30 01:18:49.085 | INFO     | agents.servers.serverSAE1:train_on_clients:60 - Saved model for client 9 at epoch 400 -> saved_models/SAE1/average/wsn_ds/epoch_400_client_9.pt
2025-09-30 01:18:49.329 | INFO     | agents.servers.serverSAE1:train_on_clients:60 - Saved model for client 10 at epoch 400 -> saved_models/SAE1/average/wsn_ds/epoch_400_client_10.pt
2025-09-30 01:18:49.570 | INFO     | agents.servers.serverSAE1:train_on_clients:60 - Saved model for client 11 at epoch 400 -> saved_models/SAE1/average/wsn_ds/epoch_400_client_11.pt
2025-09-30 01:18:49.813 | INFO     | agents.servers.serverSAE1:train_on_clients:60 - Saved model for client 12 at epoch 400 -> saved_models/SAE1/average/wsn_ds/epoch_400_client_12.pt
2025-09-30 01:18:50.055 | INFO     | agents.servers.serverSAE1:train_on_clients:60 - Saved model for client 13 at epoch 400 -> saved_models/SAE1/average/wsn_ds/epoch_400_client_13.pt
2025-09-30 01:18:50.297 | INFO     | agents.servers.serverSAE1:train_on_clients:60 - Saved model for client 14 at epoch 400 -> saved_models/SAE1/average/wsn_ds/epoch_400_client_14.pt
2025-09-30 01:18:50.538 | INFO     | agents.servers.serverSAE1:train_on_clients:60 - Saved model for client 15 at epoch 400 -> saved_models/SAE1/average/wsn_ds/epoch_400_client_15.pt
2025-09-30 01:18:50.779 | INFO     | agents.servers.serverSAE1:train_on_clients:60 - Saved model for client 16 at epoch 400 -> saved_models/SAE1/average/wsn_ds/epoch_400_client_16.pt
2025-09-30 01:18:51.020 | INFO     | agents.servers.serverSAE1:train_on_clients:60 - Saved model for client 17 at epoch 400 -> saved_models/SAE1/average/wsn_ds/epoch_400_client_17.pt
2025-09-30 01:18:51.262 | INFO     | agents.servers.serverSAE1:train_on_clients:60 - Saved model for client 18 at epoch 400 -> saved_models/SAE1/average/wsn_ds/epoch_400_client_18.pt
2025-09-30 01:18:51.502 | INFO     | agents.servers.serverSAE1:train_on_clients:60 - Saved model for client 19 at epoch 400 -> saved_models/SAE1/average/wsn_ds/epoch_400_client_19.pt
2025-09-30 01:18:51.505 | INFO     | agents.servers.serverSAE1:train_on_clients:66 - 20 clients still training at epoch #400
2025-09-30 01:18:51.522 | INFO     | agents.servers.serverSAE1:train_on_clients:22 - Training SAE1 model epoch #401
2025-09-30 01:18:56.337 | INFO     | agents.servers.serverSAE1:train_on_clients:66 - 20 clients still training at epoch #401
2025-09-30 01:18:56.355 | INFO     | agents.servers.serverSAE1:train_on_clients:22 - Training SAE1 model epoch #402
2025-09-30 01:19:01.188 | INFO     | agents.servers.serverSAE1:train_on_clients:66 - 20 clients still training at epoch #402
2025-09-30 01:19:01.206 | INFO     | agents.servers.serverSAE1:train_on_clients:22 - Training SAE1 model epoch #403
2025-09-30 01:19:06.041 | INFO     | agents.servers.serverSAE1:train_on_clients:66 - 20 clients still training at epoch #403
2025-09-30 01:19:06.059 | INFO     | agents.servers.serverSAE1:train_on_clients:22 - Training SAE1 model epoch #404
2025-09-30 01:19:10.886 | INFO     | agents.servers.serverSAE1:train_on_clients:66 - 20 clients still training at epoch #404
2025-09-30 01:19:10.904 | INFO     | agents.servers.serverSAE1:train_on_clients:22 - Training SAE1 model epoch #405
2025-09-30 01:19:15.748 | INFO     | agents.servers.serverSAE1:train_on_clients:66 - 20 clients still training at epoch #405
2025-09-30 01:19:15.766 | INFO     | agents.servers.serverSAE1:train_on_clients:22 - Training SAE1 model epoch #406
2025-09-30 01:19:20.577 | INFO     | agents.servers.serverSAE1:train_on_clients:66 - 20 clients still training at epoch #406
2025-09-30 01:19:20.595 | INFO     | agents.servers.serverSAE1:train_on_clients:22 - Training SAE1 model epoch #407
2025-09-30 01:19:25.425 | INFO     | agents.servers.serverSAE1:train_on_clients:66 - 20 clients still training at epoch #407
2025-09-30 01:19:25.443 | INFO     | agents.servers.serverSAE1:train_on_clients:22 - Training SAE1 model epoch #408
2025-09-30 01:19:30.260 | INFO     | agents.servers.serverSAE1:train_on_clients:66 - 20 clients still training at epoch #408
2025-09-30 01:19:30.278 | INFO     | agents.servers.serverSAE1:train_on_clients:22 - Training SAE1 model epoch #409
2025-09-30 01:19:35.101 | INFO     | agents.servers.serverSAE1:train_on_clients:66 - 20 clients still training at epoch #409
2025-09-30 01:19:35.119 | INFO     | agents.servers.serverSAE1:train_on_clients:22 - Training SAE1 model epoch #410
2025-09-30 01:19:35.361 | INFO     | agents.servers.serverSAE1:train_on_clients:60 - Saved model for client 0 at epoch 410 -> saved_models/SAE1/average/wsn_ds/epoch_410_client_0.pt
2025-09-30 01:19:35.604 | INFO     | agents.servers.serverSAE1:train_on_clients:60 - Saved model for client 1 at epoch 410 -> saved_models/SAE1/average/wsn_ds/epoch_410_client_1.pt
2025-09-30 01:19:35.846 | INFO     | agents.servers.serverSAE1:train_on_clients:60 - Saved model for client 2 at epoch 410 -> saved_models/SAE1/average/wsn_ds/epoch_410_client_2.pt
2025-09-30 01:19:36.087 | INFO     | agents.servers.serverSAE1:train_on_clients:60 - Saved model for client 3 at epoch 410 -> saved_models/SAE1/average/wsn_ds/epoch_410_client_3.pt
2025-09-30 01:19:36.329 | INFO     | agents.servers.serverSAE1:train_on_clients:60 - Saved model for client 4 at epoch 410 -> saved_models/SAE1/average/wsn_ds/epoch_410_client_4.pt
2025-09-30 01:19:36.571 | INFO     | agents.servers.serverSAE1:train_on_clients:60 - Saved model for client 5 at epoch 410 -> saved_models/SAE1/average/wsn_ds/epoch_410_client_5.pt
2025-09-30 01:19:36.813 | INFO     | agents.servers.serverSAE1:train_on_clients:60 - Saved model for client 6 at epoch 410 -> saved_models/SAE1/average/wsn_ds/epoch_410_client_6.pt
2025-09-30 01:19:37.055 | INFO     | agents.servers.serverSAE1:train_on_clients:60 - Saved model for client 7 at epoch 410 -> saved_models/SAE1/average/wsn_ds/epoch_410_client_7.pt
2025-09-30 01:19:37.298 | INFO     | agents.servers.serverSAE1:train_on_clients:60 - Saved model for client 8 at epoch 410 -> saved_models/SAE1/average/wsn_ds/epoch_410_client_8.pt
2025-09-30 01:19:37.541 | INFO     | agents.servers.serverSAE1:train_on_clients:60 - Saved model for client 9 at epoch 410 -> saved_models/SAE1/average/wsn_ds/epoch_410_client_9.pt
2025-09-30 01:19:37.785 | INFO     | agents.servers.serverSAE1:train_on_clients:60 - Saved model for client 10 at epoch 410 -> saved_models/SAE1/average/wsn_ds/epoch_410_client_10.pt
2025-09-30 01:19:38.028 | INFO     | agents.servers.serverSAE1:train_on_clients:60 - Saved model for client 11 at epoch 410 -> saved_models/SAE1/average/wsn_ds/epoch_410_client_11.pt
2025-09-30 01:19:38.270 | INFO     | agents.servers.serverSAE1:train_on_clients:60 - Saved model for client 12 at epoch 410 -> saved_models/SAE1/average/wsn_ds/epoch_410_client_12.pt
2025-09-30 01:19:38.514 | INFO     | agents.servers.serverSAE1:train_on_clients:60 - Saved model for client 13 at epoch 410 -> saved_models/SAE1/average/wsn_ds/epoch_410_client_13.pt
2025-09-30 01:19:38.757 | INFO     | agents.servers.serverSAE1:train_on_clients:60 - Saved model for client 14 at epoch 410 -> saved_models/SAE1/average/wsn_ds/epoch_410_client_14.pt
2025-09-30 01:19:39.000 | INFO     | agents.servers.serverSAE1:train_on_clients:60 - Saved model for client 15 at epoch 410 -> saved_models/SAE1/average/wsn_ds/epoch_410_client_15.pt
2025-09-30 01:19:39.243 | INFO     | agents.servers.serverSAE1:train_on_clients:60 - Saved model for client 16 at epoch 410 -> saved_models/SAE1/average/wsn_ds/epoch_410_client_16.pt
2025-09-30 01:19:39.487 | INFO     | agents.servers.serverSAE1:train_on_clients:60 - Saved model for client 17 at epoch 410 -> saved_models/SAE1/average/wsn_ds/epoch_410_client_17.pt
2025-09-30 01:19:39.731 | INFO     | agents.servers.serverSAE1:train_on_clients:60 - Saved model for client 18 at epoch 410 -> saved_models/SAE1/average/wsn_ds/epoch_410_client_18.pt
2025-09-30 01:19:39.974 | INFO     | agents.servers.serverSAE1:train_on_clients:60 - Saved model for client 19 at epoch 410 -> saved_models/SAE1/average/wsn_ds/epoch_410_client_19.pt
2025-09-30 01:19:39.976 | INFO     | agents.servers.serverSAE1:train_on_clients:66 - 20 clients still training at epoch #410
2025-09-30 01:19:39.994 | INFO     | agents.servers.serverSAE1:train_on_clients:22 - Training SAE1 model epoch #411
2025-09-30 01:19:44.820 | INFO     | agents.servers.serverSAE1:train_on_clients:66 - 20 clients still training at epoch #411
2025-09-30 01:19:44.838 | INFO     | agents.servers.serverSAE1:train_on_clients:22 - Training SAE1 model epoch #412
2025-09-30 01:19:49.657 | INFO     | agents.servers.serverSAE1:train_on_clients:66 - 20 clients still training at epoch #412
2025-09-30 01:19:49.675 | INFO     | agents.servers.serverSAE1:train_on_clients:22 - Training SAE1 model epoch #413
2025-09-30 01:19:54.794 | INFO     | agents.servers.serverSAE1:train_on_clients:66 - 20 clients still training at epoch #413
2025-09-30 01:19:54.812 | INFO     | agents.servers.serverSAE1:train_on_clients:22 - Training SAE1 model epoch #414
2025-09-30 01:19:59.970 | INFO     | agents.servers.serverSAE1:train_on_clients:66 - 20 clients still training at epoch #414
2025-09-30 01:19:59.989 | INFO     | agents.servers.serverSAE1:train_on_clients:22 - Training SAE1 model epoch #415
2025-09-30 01:20:04.064 | INFO     | agents.servers.serverSAE1:train_on_clients:44 - Client 16 gets new best val_loss at epoch #415: 0.000369
2025-09-30 01:20:04.783 | INFO     | agents.servers.serverSAE1:train_on_clients:66 - 20 clients still training at epoch #415
2025-09-30 01:20:04.801 | INFO     | agents.servers.serverSAE1:train_on_clients:22 - Training SAE1 model epoch #416
2025-09-30 01:20:09.580 | INFO     | agents.servers.serverSAE1:train_on_clients:66 - 20 clients still training at epoch #416
2025-09-30 01:20:09.598 | INFO     | agents.servers.serverSAE1:train_on_clients:22 - Training SAE1 model epoch #417
2025-09-30 01:20:14.407 | INFO     | agents.servers.serverSAE1:train_on_clients:66 - 20 clients still training at epoch #417
2025-09-30 01:20:14.425 | INFO     | agents.servers.serverSAE1:train_on_clients:22 - Training SAE1 model epoch #418
2025-09-30 01:20:19.299 | INFO     | agents.servers.serverSAE1:train_on_clients:66 - 20 clients still training at epoch #418
2025-09-30 01:20:19.318 | INFO     | agents.servers.serverSAE1:train_on_clients:22 - Training SAE1 model epoch #419
2025-09-30 01:20:24.154 | INFO     | agents.servers.serverSAE1:train_on_clients:66 - 20 clients still training at epoch #419
2025-09-30 01:20:24.172 | INFO     | agents.servers.serverSAE1:train_on_clients:22 - Training SAE1 model epoch #420
2025-09-30 01:20:24.415 | INFO     | agents.servers.serverSAE1:train_on_clients:60 - Saved model for client 0 at epoch 420 -> saved_models/SAE1/average/wsn_ds/epoch_420_client_0.pt
2025-09-30 01:20:24.656 | INFO     | agents.servers.serverSAE1:train_on_clients:60 - Saved model for client 1 at epoch 420 -> saved_models/SAE1/average/wsn_ds/epoch_420_client_1.pt
2025-09-30 01:20:24.898 | INFO     | agents.servers.serverSAE1:train_on_clients:60 - Saved model for client 2 at epoch 420 -> saved_models/SAE1/average/wsn_ds/epoch_420_client_2.pt
2025-09-30 01:20:25.138 | INFO     | agents.servers.serverSAE1:train_on_clients:60 - Saved model for client 3 at epoch 420 -> saved_models/SAE1/average/wsn_ds/epoch_420_client_3.pt
2025-09-30 01:20:25.380 | INFO     | agents.servers.serverSAE1:train_on_clients:60 - Saved model for client 4 at epoch 420 -> saved_models/SAE1/average/wsn_ds/epoch_420_client_4.pt
2025-09-30 01:20:25.621 | INFO     | agents.servers.serverSAE1:train_on_clients:60 - Saved model for client 5 at epoch 420 -> saved_models/SAE1/average/wsn_ds/epoch_420_client_5.pt
2025-09-30 01:20:25.864 | INFO     | agents.servers.serverSAE1:train_on_clients:60 - Saved model for client 6 at epoch 420 -> saved_models/SAE1/average/wsn_ds/epoch_420_client_6.pt
2025-09-30 01:20:26.106 | INFO     | agents.servers.serverSAE1:train_on_clients:60 - Saved model for client 7 at epoch 420 -> saved_models/SAE1/average/wsn_ds/epoch_420_client_7.pt
2025-09-30 01:20:26.347 | INFO     | agents.servers.serverSAE1:train_on_clients:60 - Saved model for client 8 at epoch 420 -> saved_models/SAE1/average/wsn_ds/epoch_420_client_8.pt
2025-09-30 01:20:26.588 | INFO     | agents.servers.serverSAE1:train_on_clients:60 - Saved model for client 9 at epoch 420 -> saved_models/SAE1/average/wsn_ds/epoch_420_client_9.pt
2025-09-30 01:20:26.830 | INFO     | agents.servers.serverSAE1:train_on_clients:60 - Saved model for client 10 at epoch 420 -> saved_models/SAE1/average/wsn_ds/epoch_420_client_10.pt
2025-09-30 01:20:27.071 | INFO     | agents.servers.serverSAE1:train_on_clients:60 - Saved model for client 11 at epoch 420 -> saved_models/SAE1/average/wsn_ds/epoch_420_client_11.pt
2025-09-30 01:20:27.314 | INFO     | agents.servers.serverSAE1:train_on_clients:60 - Saved model for client 12 at epoch 420 -> saved_models/SAE1/average/wsn_ds/epoch_420_client_12.pt
2025-09-30 01:20:27.557 | INFO     | agents.servers.serverSAE1:train_on_clients:60 - Saved model for client 13 at epoch 420 -> saved_models/SAE1/average/wsn_ds/epoch_420_client_13.pt
2025-09-30 01:20:27.800 | INFO     | agents.servers.serverSAE1:train_on_clients:60 - Saved model for client 14 at epoch 420 -> saved_models/SAE1/average/wsn_ds/epoch_420_client_14.pt
2025-09-30 01:20:28.041 | INFO     | agents.servers.serverSAE1:train_on_clients:60 - Saved model for client 15 at epoch 420 -> saved_models/SAE1/average/wsn_ds/epoch_420_client_15.pt
2025-09-30 01:20:28.281 | INFO     | agents.servers.serverSAE1:train_on_clients:60 - Saved model for client 16 at epoch 420 -> saved_models/SAE1/average/wsn_ds/epoch_420_client_16.pt
2025-09-30 01:20:28.522 | INFO     | agents.servers.serverSAE1:train_on_clients:60 - Saved model for client 17 at epoch 420 -> saved_models/SAE1/average/wsn_ds/epoch_420_client_17.pt
2025-09-30 01:20:28.765 | INFO     | agents.servers.serverSAE1:train_on_clients:60 - Saved model for client 18 at epoch 420 -> saved_models/SAE1/average/wsn_ds/epoch_420_client_18.pt
2025-09-30 01:20:29.006 | INFO     | agents.servers.serverSAE1:train_on_clients:60 - Saved model for client 19 at epoch 420 -> saved_models/SAE1/average/wsn_ds/epoch_420_client_19.pt
2025-09-30 01:20:29.008 | INFO     | agents.servers.serverSAE1:train_on_clients:66 - 20 clients still training at epoch #420
2025-09-30 01:20:29.026 | INFO     | agents.servers.serverSAE1:train_on_clients:22 - Training SAE1 model epoch #421
2025-09-30 01:20:33.103 | INFO     | agents.servers.serverSAE1:train_on_clients:44 - Client 16 gets new best val_loss at epoch #421: 0.000368
2025-09-30 01:20:33.859 | INFO     | agents.servers.serverSAE1:train_on_clients:66 - 20 clients still training at epoch #421
2025-09-30 01:20:33.878 | INFO     | agents.servers.serverSAE1:train_on_clients:22 - Training SAE1 model epoch #422
2025-09-30 01:20:38.698 | INFO     | agents.servers.serverSAE1:train_on_clients:66 - 20 clients still training at epoch #422
2025-09-30 01:20:38.716 | INFO     | agents.servers.serverSAE1:train_on_clients:22 - Training SAE1 model epoch #423
2025-09-30 01:20:43.541 | INFO     | agents.servers.serverSAE1:train_on_clients:66 - 20 clients still training at epoch #423
2025-09-30 01:20:43.559 | INFO     | agents.servers.serverSAE1:train_on_clients:22 - Training SAE1 model epoch #424
2025-09-30 01:20:48.383 | INFO     | agents.servers.serverSAE1:train_on_clients:66 - 20 clients still training at epoch #424
2025-09-30 01:20:48.401 | INFO     | agents.servers.serverSAE1:train_on_clients:22 - Training SAE1 model epoch #425
2025-09-30 01:20:53.220 | INFO     | agents.servers.serverSAE1:train_on_clients:66 - 20 clients still training at epoch #425
2025-09-30 01:20:53.238 | INFO     | agents.servers.serverSAE1:train_on_clients:22 - Training SAE1 model epoch #426
2025-09-30 01:20:56.152 | INFO     | agents.servers.serverSAE1:train_on_clients:44 - Client 11 gets new best val_loss at epoch #426: 0.000343
2025-09-30 01:20:58.141 | INFO     | agents.servers.serverSAE1:train_on_clients:66 - 20 clients still training at epoch #426
2025-09-30 01:20:58.159 | INFO     | agents.servers.serverSAE1:train_on_clients:22 - Training SAE1 model epoch #427
2025-09-30 01:21:02.959 | INFO     | agents.servers.serverSAE1:train_on_clients:66 - 20 clients still training at epoch #427
2025-09-30 01:21:02.976 | INFO     | agents.servers.serverSAE1:train_on_clients:22 - Training SAE1 model epoch #428
2025-09-30 01:21:07.778 | INFO     | agents.servers.serverSAE1:train_on_clients:66 - 20 clients still training at epoch #428
2025-09-30 01:21:07.796 | INFO     | agents.servers.serverSAE1:train_on_clients:22 - Training SAE1 model epoch #429
2025-09-30 01:21:12.606 | INFO     | agents.servers.serverSAE1:train_on_clients:66 - 20 clients still training at epoch #429
2025-09-30 01:21:12.624 | INFO     | agents.servers.serverSAE1:train_on_clients:22 - Training SAE1 model epoch #430
2025-09-30 01:21:12.865 | INFO     | agents.servers.serverSAE1:train_on_clients:60 - Saved model for client 0 at epoch 430 -> saved_models/SAE1/average/wsn_ds/epoch_430_client_0.pt
2025-09-30 01:21:13.105 | INFO     | agents.servers.serverSAE1:train_on_clients:60 - Saved model for client 1 at epoch 430 -> saved_models/SAE1/average/wsn_ds/epoch_430_client_1.pt
2025-09-30 01:21:13.347 | INFO     | agents.servers.serverSAE1:train_on_clients:60 - Saved model for client 2 at epoch 430 -> saved_models/SAE1/average/wsn_ds/epoch_430_client_2.pt
2025-09-30 01:21:13.589 | INFO     | agents.servers.serverSAE1:train_on_clients:60 - Saved model for client 3 at epoch 430 -> saved_models/SAE1/average/wsn_ds/epoch_430_client_3.pt
2025-09-30 01:21:13.832 | INFO     | agents.servers.serverSAE1:train_on_clients:60 - Saved model for client 4 at epoch 430 -> saved_models/SAE1/average/wsn_ds/epoch_430_client_4.pt
2025-09-30 01:21:14.074 | INFO     | agents.servers.serverSAE1:train_on_clients:60 - Saved model for client 5 at epoch 430 -> saved_models/SAE1/average/wsn_ds/epoch_430_client_5.pt
2025-09-30 01:21:14.315 | INFO     | agents.servers.serverSAE1:train_on_clients:60 - Saved model for client 6 at epoch 430 -> saved_models/SAE1/average/wsn_ds/epoch_430_client_6.pt
2025-09-30 01:21:14.555 | INFO     | agents.servers.serverSAE1:train_on_clients:60 - Saved model for client 7 at epoch 430 -> saved_models/SAE1/average/wsn_ds/epoch_430_client_7.pt
2025-09-30 01:21:14.796 | INFO     | agents.servers.serverSAE1:train_on_clients:60 - Saved model for client 8 at epoch 430 -> saved_models/SAE1/average/wsn_ds/epoch_430_client_8.pt
2025-09-30 01:21:15.037 | INFO     | agents.servers.serverSAE1:train_on_clients:60 - Saved model for client 9 at epoch 430 -> saved_models/SAE1/average/wsn_ds/epoch_430_client_9.pt
2025-09-30 01:21:15.278 | INFO     | agents.servers.serverSAE1:train_on_clients:60 - Saved model for client 10 at epoch 430 -> saved_models/SAE1/average/wsn_ds/epoch_430_client_10.pt
2025-09-30 01:21:15.519 | INFO     | agents.servers.serverSAE1:train_on_clients:60 - Saved model for client 11 at epoch 430 -> saved_models/SAE1/average/wsn_ds/epoch_430_client_11.pt
2025-09-30 01:21:15.760 | INFO     | agents.servers.serverSAE1:train_on_clients:60 - Saved model for client 12 at epoch 430 -> saved_models/SAE1/average/wsn_ds/epoch_430_client_12.pt
2025-09-30 01:21:16.001 | INFO     | agents.servers.serverSAE1:train_on_clients:60 - Saved model for client 13 at epoch 430 -> saved_models/SAE1/average/wsn_ds/epoch_430_client_13.pt
2025-09-30 01:21:16.243 | INFO     | agents.servers.serverSAE1:train_on_clients:60 - Saved model for client 14 at epoch 430 -> saved_models/SAE1/average/wsn_ds/epoch_430_client_14.pt
2025-09-30 01:21:16.482 | INFO     | agents.servers.serverSAE1:train_on_clients:60 - Saved model for client 15 at epoch 430 -> saved_models/SAE1/average/wsn_ds/epoch_430_client_15.pt
2025-09-30 01:21:16.723 | INFO     | agents.servers.serverSAE1:train_on_clients:60 - Saved model for client 16 at epoch 430 -> saved_models/SAE1/average/wsn_ds/epoch_430_client_16.pt
2025-09-30 01:21:16.963 | INFO     | agents.servers.serverSAE1:train_on_clients:60 - Saved model for client 17 at epoch 430 -> saved_models/SAE1/average/wsn_ds/epoch_430_client_17.pt
2025-09-30 01:21:17.204 | INFO     | agents.servers.serverSAE1:train_on_clients:60 - Saved model for client 18 at epoch 430 -> saved_models/SAE1/average/wsn_ds/epoch_430_client_18.pt
2025-09-30 01:21:17.444 | INFO     | agents.servers.serverSAE1:train_on_clients:60 - Saved model for client 19 at epoch 430 -> saved_models/SAE1/average/wsn_ds/epoch_430_client_19.pt
2025-09-30 01:21:17.446 | INFO     | agents.servers.serverSAE1:train_on_clients:66 - 20 clients still training at epoch #430
2025-09-30 01:21:17.464 | INFO     | agents.servers.serverSAE1:train_on_clients:22 - Training SAE1 model epoch #431
2025-09-30 01:21:21.544 | INFO     | agents.servers.serverSAE1:train_on_clients:44 - Client 16 gets new best val_loss at epoch #431: 0.000363
2025-09-30 01:21:22.265 | INFO     | agents.servers.serverSAE1:train_on_clients:66 - 20 clients still training at epoch #431
2025-09-30 01:21:22.283 | INFO     | agents.servers.serverSAE1:train_on_clients:22 - Training SAE1 model epoch #432
2025-09-30 01:21:27.090 | INFO     | agents.servers.serverSAE1:train_on_clients:66 - 20 clients still training at epoch #432
2025-09-30 01:21:27.107 | INFO     | agents.servers.serverSAE1:train_on_clients:22 - Training SAE1 model epoch #433
2025-09-30 01:21:31.183 | INFO     | agents.servers.serverSAE1:train_on_clients:44 - Client 16 gets new best val_loss at epoch #433: 0.000360
2025-09-30 01:21:31.903 | INFO     | agents.servers.serverSAE1:train_on_clients:66 - 20 clients still training at epoch #433
2025-09-30 01:21:31.921 | INFO     | agents.servers.serverSAE1:train_on_clients:22 - Training SAE1 model epoch #434
2025-09-30 01:21:36.714 | INFO     | agents.servers.serverSAE1:train_on_clients:66 - 20 clients still training at epoch #434
2025-09-30 01:21:36.732 | INFO     | agents.servers.serverSAE1:train_on_clients:22 - Training SAE1 model epoch #435
2025-09-30 01:21:37.457 | INFO     | agents.servers.serverSAE1:train_on_clients:44 - Client 2 gets new best val_loss at epoch #435: 0.000325
2025-09-30 01:21:41.529 | INFO     | agents.servers.serverSAE1:train_on_clients:66 - 20 clients still training at epoch #435
2025-09-30 01:21:41.547 | INFO     | agents.servers.serverSAE1:train_on_clients:22 - Training SAE1 model epoch #436
2025-09-30 01:21:46.347 | INFO     | agents.servers.serverSAE1:train_on_clients:66 - 20 clients still training at epoch #436
2025-09-30 01:21:46.365 | INFO     | agents.servers.serverSAE1:train_on_clients:22 - Training SAE1 model epoch #437
2025-09-30 01:21:51.143 | INFO     | agents.servers.serverSAE1:train_on_clients:66 - 20 clients still training at epoch #437
2025-09-30 01:21:51.161 | INFO     | agents.servers.serverSAE1:train_on_clients:22 - Training SAE1 model epoch #438
2025-09-30 01:21:55.936 | INFO     | agents.servers.serverSAE1:train_on_clients:66 - 20 clients still training at epoch #438
2025-09-30 01:21:55.954 | INFO     | agents.servers.serverSAE1:train_on_clients:22 - Training SAE1 model epoch #439
2025-09-30 01:22:00.732 | INFO     | agents.servers.serverSAE1:train_on_clients:66 - 20 clients still training at epoch #439
2025-09-30 01:22:00.750 | INFO     | agents.servers.serverSAE1:train_on_clients:22 - Training SAE1 model epoch #440
2025-09-30 01:22:00.991 | INFO     | agents.servers.serverSAE1:train_on_clients:60 - Saved model for client 0 at epoch 440 -> saved_models/SAE1/average/wsn_ds/epoch_440_client_0.pt
2025-09-30 01:22:01.233 | INFO     | agents.servers.serverSAE1:train_on_clients:60 - Saved model for client 1 at epoch 440 -> saved_models/SAE1/average/wsn_ds/epoch_440_client_1.pt
2025-09-30 01:22:01.481 | INFO     | agents.servers.serverSAE1:train_on_clients:60 - Saved model for client 2 at epoch 440 -> saved_models/SAE1/average/wsn_ds/epoch_440_client_2.pt
2025-09-30 01:22:01.723 | INFO     | agents.servers.serverSAE1:train_on_clients:60 - Saved model for client 3 at epoch 440 -> saved_models/SAE1/average/wsn_ds/epoch_440_client_3.pt
2025-09-30 01:22:01.965 | INFO     | agents.servers.serverSAE1:train_on_clients:60 - Saved model for client 4 at epoch 440 -> saved_models/SAE1/average/wsn_ds/epoch_440_client_4.pt
2025-09-30 01:22:02.209 | INFO     | agents.servers.serverSAE1:train_on_clients:60 - Saved model for client 5 at epoch 440 -> saved_models/SAE1/average/wsn_ds/epoch_440_client_5.pt
2025-09-30 01:22:02.449 | INFO     | agents.servers.serverSAE1:train_on_clients:60 - Saved model for client 6 at epoch 440 -> saved_models/SAE1/average/wsn_ds/epoch_440_client_6.pt
2025-09-30 01:22:02.722 | INFO     | agents.servers.serverSAE1:train_on_clients:60 - Saved model for client 7 at epoch 440 -> saved_models/SAE1/average/wsn_ds/epoch_440_client_7.pt
2025-09-30 01:22:02.962 | INFO     | agents.servers.serverSAE1:train_on_clients:60 - Saved model for client 8 at epoch 440 -> saved_models/SAE1/average/wsn_ds/epoch_440_client_8.pt
2025-09-30 01:22:03.202 | INFO     | agents.servers.serverSAE1:train_on_clients:60 - Saved model for client 9 at epoch 440 -> saved_models/SAE1/average/wsn_ds/epoch_440_client_9.pt
2025-09-30 01:22:03.441 | INFO     | agents.servers.serverSAE1:train_on_clients:60 - Saved model for client 10 at epoch 440 -> saved_models/SAE1/average/wsn_ds/epoch_440_client_10.pt
2025-09-30 01:22:03.682 | INFO     | agents.servers.serverSAE1:train_on_clients:60 - Saved model for client 11 at epoch 440 -> saved_models/SAE1/average/wsn_ds/epoch_440_client_11.pt
2025-09-30 01:22:03.921 | INFO     | agents.servers.serverSAE1:train_on_clients:60 - Saved model for client 12 at epoch 440 -> saved_models/SAE1/average/wsn_ds/epoch_440_client_12.pt
2025-09-30 01:22:04.193 | INFO     | agents.servers.serverSAE1:train_on_clients:60 - Saved model for client 13 at epoch 440 -> saved_models/SAE1/average/wsn_ds/epoch_440_client_13.pt
2025-09-30 01:22:04.431 | INFO     | agents.servers.serverSAE1:train_on_clients:60 - Saved model for client 14 at epoch 440 -> saved_models/SAE1/average/wsn_ds/epoch_440_client_14.pt
2025-09-30 01:22:04.672 | INFO     | agents.servers.serverSAE1:train_on_clients:60 - Saved model for client 15 at epoch 440 -> saved_models/SAE1/average/wsn_ds/epoch_440_client_15.pt
2025-09-30 01:22:04.913 | INFO     | agents.servers.serverSAE1:train_on_clients:60 - Saved model for client 16 at epoch 440 -> saved_models/SAE1/average/wsn_ds/epoch_440_client_16.pt
2025-09-30 01:22:05.152 | INFO     | agents.servers.serverSAE1:train_on_clients:60 - Saved model for client 17 at epoch 440 -> saved_models/SAE1/average/wsn_ds/epoch_440_client_17.pt
2025-09-30 01:22:05.393 | INFO     | agents.servers.serverSAE1:train_on_clients:60 - Saved model for client 18 at epoch 440 -> saved_models/SAE1/average/wsn_ds/epoch_440_client_18.pt
2025-09-30 01:22:05.631 | INFO     | agents.servers.serverSAE1:train_on_clients:60 - Saved model for client 19 at epoch 440 -> saved_models/SAE1/average/wsn_ds/epoch_440_client_19.pt
2025-09-30 01:22:05.633 | INFO     | agents.servers.serverSAE1:train_on_clients:66 - 20 clients still training at epoch #440
2025-09-30 01:22:05.651 | INFO     | agents.servers.serverSAE1:train_on_clients:22 - Training SAE1 model epoch #441
2025-09-30 01:22:10.458 | INFO     | agents.servers.serverSAE1:train_on_clients:66 - 20 clients still training at epoch #441
2025-09-30 01:22:10.476 | INFO     | agents.servers.serverSAE1:train_on_clients:22 - Training SAE1 model epoch #442
2025-09-30 01:22:15.267 | INFO     | agents.servers.serverSAE1:train_on_clients:66 - 20 clients still training at epoch #442
2025-09-30 01:22:15.285 | INFO     | agents.servers.serverSAE1:train_on_clients:22 - Training SAE1 model epoch #443
2025-09-30 01:22:20.064 | INFO     | agents.servers.serverSAE1:train_on_clients:66 - 20 clients still training at epoch #443
2025-09-30 01:22:20.082 | INFO     | agents.servers.serverSAE1:train_on_clients:22 - Training SAE1 model epoch #444
2025-09-30 01:22:24.867 | INFO     | agents.servers.serverSAE1:train_on_clients:66 - 20 clients still training at epoch #444
2025-09-30 01:22:24.885 | INFO     | agents.servers.serverSAE1:train_on_clients:22 - Training SAE1 model epoch #445
2025-09-30 01:22:29.668 | INFO     | agents.servers.serverSAE1:train_on_clients:66 - 20 clients still training at epoch #445
2025-09-30 01:22:29.686 | INFO     | agents.servers.serverSAE1:train_on_clients:22 - Training SAE1 model epoch #446
2025-09-30 01:22:31.836 | INFO     | agents.servers.serverSAE1:train_on_clients:44 - Client 8 gets new best val_loss at epoch #446: 0.000382
2025-09-30 01:22:34.464 | INFO     | agents.servers.serverSAE1:train_on_clients:66 - 20 clients still training at epoch #446
2025-09-30 01:22:34.482 | INFO     | agents.servers.serverSAE1:train_on_clients:22 - Training SAE1 model epoch #447
2025-09-30 01:22:35.202 | INFO     | agents.servers.serverSAE1:train_on_clients:44 - Client 2 gets new best val_loss at epoch #447: 0.000321
2025-09-30 01:22:36.638 | INFO     | agents.servers.serverSAE1:train_on_clients:44 - Client 8 gets new best val_loss at epoch #447: 0.000376
2025-09-30 01:22:38.306 | INFO     | agents.servers.serverSAE1:train_on_clients:44 - Client 15 gets new best val_loss at epoch #447: 0.000374
2025-09-30 01:22:38.546 | INFO     | agents.servers.serverSAE1:train_on_clients:44 - Client 16 gets new best val_loss at epoch #447: 0.000358
2025-09-30 01:22:39.262 | INFO     | agents.servers.serverSAE1:train_on_clients:66 - 20 clients still training at epoch #447
2025-09-30 01:22:39.280 | INFO     | agents.servers.serverSAE1:train_on_clients:22 - Training SAE1 model epoch #448
2025-09-30 01:22:39.997 | INFO     | agents.servers.serverSAE1:train_on_clients:44 - Client 2 gets new best val_loss at epoch #448: 0.000316
2025-09-30 01:22:41.424 | INFO     | agents.servers.serverSAE1:train_on_clients:44 - Client 8 gets new best val_loss at epoch #448: 0.000373
2025-09-30 01:22:43.091 | INFO     | agents.servers.serverSAE1:train_on_clients:44 - Client 15 gets new best val_loss at epoch #448: 0.000364
2025-09-30 01:22:44.050 | INFO     | agents.servers.serverSAE1:train_on_clients:66 - 20 clients still training at epoch #448
2025-09-30 01:22:44.069 | INFO     | agents.servers.serverSAE1:train_on_clients:22 - Training SAE1 model epoch #449
2025-09-30 01:22:45.271 | INFO     | agents.servers.serverSAE1:train_on_clients:44 - Client 4 gets new best val_loss at epoch #449: 0.000365
2025-09-30 01:22:46.228 | INFO     | agents.servers.serverSAE1:train_on_clients:44 - Client 8 gets new best val_loss at epoch #449: 0.000369
2025-09-30 01:22:48.141 | INFO     | agents.servers.serverSAE1:train_on_clients:44 - Client 16 gets new best val_loss at epoch #449: 0.000355
2025-09-30 01:22:48.857 | INFO     | agents.servers.serverSAE1:train_on_clients:66 - 20 clients still training at epoch #449
2025-09-30 01:22:48.875 | INFO     | agents.servers.serverSAE1:train_on_clients:22 - Training SAE1 model epoch #450
2025-09-30 01:22:49.115 | INFO     | agents.servers.serverSAE1:train_on_clients:60 - Saved model for client 0 at epoch 450 -> saved_models/SAE1/average/wsn_ds/epoch_450_client_0.pt
2025-09-30 01:22:49.355 | INFO     | agents.servers.serverSAE1:train_on_clients:60 - Saved model for client 1 at epoch 450 -> saved_models/SAE1/average/wsn_ds/epoch_450_client_1.pt
2025-09-30 01:22:49.595 | INFO     | agents.servers.serverSAE1:train_on_clients:44 - Client 2 gets new best val_loss at epoch #450: 0.000316
2025-09-30 01:22:49.596 | INFO     | agents.servers.serverSAE1:train_on_clients:60 - Saved model for client 2 at epoch 450 -> saved_models/SAE1/average/wsn_ds/epoch_450_client_2.pt
2025-09-30 01:22:49.835 | INFO     | agents.servers.serverSAE1:train_on_clients:60 - Saved model for client 3 at epoch 450 -> saved_models/SAE1/average/wsn_ds/epoch_450_client_3.pt
2025-09-30 01:22:50.076 | INFO     | agents.servers.serverSAE1:train_on_clients:44 - Client 4 gets new best val_loss at epoch #450: 0.000365
2025-09-30 01:22:50.077 | INFO     | agents.servers.serverSAE1:train_on_clients:60 - Saved model for client 4 at epoch 450 -> saved_models/SAE1/average/wsn_ds/epoch_450_client_4.pt
2025-09-30 01:22:50.317 | INFO     | agents.servers.serverSAE1:train_on_clients:60 - Saved model for client 5 at epoch 450 -> saved_models/SAE1/average/wsn_ds/epoch_450_client_5.pt
2025-09-30 01:22:50.557 | INFO     | agents.servers.serverSAE1:train_on_clients:60 - Saved model for client 6 at epoch 450 -> saved_models/SAE1/average/wsn_ds/epoch_450_client_6.pt
2025-09-30 01:22:50.797 | INFO     | agents.servers.serverSAE1:train_on_clients:44 - Client 7 gets new best val_loss at epoch #450: 0.000392
2025-09-30 01:22:50.798 | INFO     | agents.servers.serverSAE1:train_on_clients:60 - Saved model for client 7 at epoch 450 -> saved_models/SAE1/average/wsn_ds/epoch_450_client_7.pt
2025-09-30 01:22:51.039 | INFO     | agents.servers.serverSAE1:train_on_clients:44 - Client 8 gets new best val_loss at epoch #450: 0.000366
2025-09-30 01:22:51.040 | INFO     | agents.servers.serverSAE1:train_on_clients:60 - Saved model for client 8 at epoch 450 -> saved_models/SAE1/average/wsn_ds/epoch_450_client_8.pt
2025-09-30 01:22:51.281 | INFO     | agents.servers.serverSAE1:train_on_clients:60 - Saved model for client 9 at epoch 450 -> saved_models/SAE1/average/wsn_ds/epoch_450_client_9.pt
2025-09-30 01:22:51.520 | INFO     | agents.servers.serverSAE1:train_on_clients:60 - Saved model for client 10 at epoch 450 -> saved_models/SAE1/average/wsn_ds/epoch_450_client_10.pt
2025-09-30 01:22:51.760 | INFO     | agents.servers.serverSAE1:train_on_clients:60 - Saved model for client 11 at epoch 450 -> saved_models/SAE1/average/wsn_ds/epoch_450_client_11.pt
2025-09-30 01:22:51.999 | INFO     | agents.servers.serverSAE1:train_on_clients:60 - Saved model for client 12 at epoch 450 -> saved_models/SAE1/average/wsn_ds/epoch_450_client_12.pt
2025-09-30 01:22:52.238 | INFO     | agents.servers.serverSAE1:train_on_clients:60 - Saved model for client 13 at epoch 450 -> saved_models/SAE1/average/wsn_ds/epoch_450_client_13.pt
2025-09-30 01:22:52.478 | INFO     | agents.servers.serverSAE1:train_on_clients:60 - Saved model for client 14 at epoch 450 -> saved_models/SAE1/average/wsn_ds/epoch_450_client_14.pt
2025-09-30 01:22:52.718 | INFO     | agents.servers.serverSAE1:train_on_clients:44 - Client 15 gets new best val_loss at epoch #450: 0.000362
2025-09-30 01:22:52.720 | INFO     | agents.servers.serverSAE1:train_on_clients:60 - Saved model for client 15 at epoch 450 -> saved_models/SAE1/average/wsn_ds/epoch_450_client_15.pt
2025-09-30 01:22:52.960 | INFO     | agents.servers.serverSAE1:train_on_clients:44 - Client 16 gets new best val_loss at epoch #450: 0.000345
2025-09-30 01:22:52.962 | INFO     | agents.servers.serverSAE1:train_on_clients:60 - Saved model for client 16 at epoch 450 -> saved_models/SAE1/average/wsn_ds/epoch_450_client_16.pt
2025-09-30 01:22:53.199 | INFO     | agents.servers.serverSAE1:train_on_clients:60 - Saved model for client 17 at epoch 450 -> saved_models/SAE1/average/wsn_ds/epoch_450_client_17.pt
2025-09-30 01:22:53.438 | INFO     | agents.servers.serverSAE1:train_on_clients:60 - Saved model for client 18 at epoch 450 -> saved_models/SAE1/average/wsn_ds/epoch_450_client_18.pt
2025-09-30 01:22:53.677 | INFO     | agents.servers.serverSAE1:train_on_clients:60 - Saved model for client 19 at epoch 450 -> saved_models/SAE1/average/wsn_ds/epoch_450_client_19.pt
2025-09-30 01:22:53.679 | INFO     | agents.servers.serverSAE1:train_on_clients:66 - 20 clients still training at epoch #450
2025-09-30 01:22:53.697 | INFO     | agents.servers.serverSAE1:train_on_clients:22 - Training SAE1 model epoch #451
2025-09-30 01:22:54.176 | INFO     | agents.servers.serverSAE1:train_on_clients:44 - Client 1 gets new best val_loss at epoch #451: 0.000445
2025-09-30 01:22:54.415 | INFO     | agents.servers.serverSAE1:train_on_clients:44 - Client 2 gets new best val_loss at epoch #451: 0.000307
2025-09-30 01:22:54.893 | INFO     | agents.servers.serverSAE1:train_on_clients:44 - Client 4 gets new best val_loss at epoch #451: 0.000364
2025-09-30 01:22:55.610 | INFO     | agents.servers.serverSAE1:train_on_clients:44 - Client 7 gets new best val_loss at epoch #451: 0.000386
2025-09-30 01:22:55.850 | INFO     | agents.servers.serverSAE1:train_on_clients:44 - Client 8 gets new best val_loss at epoch #451: 0.000363
2025-09-30 01:22:57.517 | INFO     | agents.servers.serverSAE1:train_on_clients:44 - Client 15 gets new best val_loss at epoch #451: 0.000359
2025-09-30 01:22:58.471 | INFO     | agents.servers.serverSAE1:train_on_clients:66 - 20 clients still training at epoch #451
2025-09-30 01:22:58.488 | INFO     | agents.servers.serverSAE1:train_on_clients:22 - Training SAE1 model epoch #452
2025-09-30 01:22:58.967 | INFO     | agents.servers.serverSAE1:train_on_clients:44 - Client 1 gets new best val_loss at epoch #452: 0.000445
2025-09-30 01:22:59.685 | INFO     | agents.servers.serverSAE1:train_on_clients:44 - Client 4 gets new best val_loss at epoch #452: 0.000361
2025-09-30 01:23:00.638 | INFO     | agents.servers.serverSAE1:train_on_clients:44 - Client 8 gets new best val_loss at epoch #452: 0.000358
2025-09-30 01:23:02.303 | INFO     | agents.servers.serverSAE1:train_on_clients:44 - Client 15 gets new best val_loss at epoch #452: 0.000353
2025-09-30 01:23:03.253 | INFO     | agents.servers.serverSAE1:train_on_clients:66 - 20 clients still training at epoch #452
2025-09-30 01:23:03.271 | INFO     | agents.servers.serverSAE1:train_on_clients:22 - Training SAE1 model epoch #453
2025-09-30 01:23:03.748 | INFO     | agents.servers.serverSAE1:train_on_clients:44 - Client 1 gets new best val_loss at epoch #453: 0.000441
2025-09-30 01:23:03.989 | INFO     | agents.servers.serverSAE1:train_on_clients:44 - Client 2 gets new best val_loss at epoch #453: 0.000303
2025-09-30 01:23:04.469 | INFO     | agents.servers.serverSAE1:train_on_clients:44 - Client 4 gets new best val_loss at epoch #453: 0.000359
2025-09-30 01:23:04.947 | INFO     | agents.servers.serverSAE1:train_on_clients:44 - Client 6 gets new best val_loss at epoch #453: 0.000337
2025-09-30 01:23:05.186 | INFO     | agents.servers.serverSAE1:train_on_clients:44 - Client 7 gets new best val_loss at epoch #453: 0.000385
2025-09-30 01:23:06.378 | INFO     | agents.servers.serverSAE1:train_on_clients:44 - Client 12 gets new best val_loss at epoch #453: 0.000436
2025-09-30 01:23:07.331 | INFO     | agents.servers.serverSAE1:train_on_clients:44 - Client 16 gets new best val_loss at epoch #453: 0.000344
2025-09-30 01:23:08.054 | INFO     | agents.servers.serverSAE1:train_on_clients:66 - 20 clients still training at epoch #453
2025-09-30 01:23:08.072 | INFO     | agents.servers.serverSAE1:train_on_clients:22 - Training SAE1 model epoch #454
2025-09-30 01:23:09.296 | INFO     | agents.servers.serverSAE1:train_on_clients:44 - Client 4 gets new best val_loss at epoch #454: 0.000352
2025-09-30 01:23:09.762 | INFO     | agents.servers.serverSAE1:train_on_clients:44 - Client 6 gets new best val_loss at epoch #454: 0.000333
2025-09-30 01:23:10.005 | INFO     | agents.servers.serverSAE1:train_on_clients:44 - Client 7 gets new best val_loss at epoch #454: 0.000382
2025-09-30 01:23:10.247 | INFO     | agents.servers.serverSAE1:train_on_clients:44 - Client 8 gets new best val_loss at epoch #454: 0.000353
2025-09-30 01:23:11.239 | INFO     | agents.servers.serverSAE1:train_on_clients:44 - Client 12 gets new best val_loss at epoch #454: 0.000432
2025-09-30 01:23:12.208 | INFO     | agents.servers.serverSAE1:train_on_clients:44 - Client 16 gets new best val_loss at epoch #454: 0.000334
2025-09-30 01:23:12.938 | INFO     | agents.servers.serverSAE1:train_on_clients:66 - 20 clients still training at epoch #454
2025-09-30 01:23:12.956 | INFO     | agents.servers.serverSAE1:train_on_clients:22 - Training SAE1 model epoch #455
2025-09-30 01:23:13.444 | INFO     | agents.servers.serverSAE1:train_on_clients:44 - Client 1 gets new best val_loss at epoch #455: 0.000439
2025-09-30 01:23:14.173 | INFO     | agents.servers.serverSAE1:train_on_clients:44 - Client 4 gets new best val_loss at epoch #455: 0.000351
2025-09-30 01:23:16.094 | INFO     | agents.servers.serverSAE1:train_on_clients:44 - Client 12 gets new best val_loss at epoch #455: 0.000430
2025-09-30 01:23:16.814 | INFO     | agents.servers.serverSAE1:train_on_clients:44 - Client 15 gets new best val_loss at epoch #455: 0.000352
2025-09-30 01:23:17.056 | INFO     | agents.servers.serverSAE1:train_on_clients:44 - Client 16 gets new best val_loss at epoch #455: 0.000332
2025-09-30 01:23:17.779 | INFO     | agents.servers.serverSAE1:train_on_clients:66 - 20 clients still training at epoch #455
2025-09-30 01:23:17.798 | INFO     | agents.servers.serverSAE1:train_on_clients:22 - Training SAE1 model epoch #456
2025-09-30 01:23:18.280 | INFO     | agents.servers.serverSAE1:train_on_clients:44 - Client 1 gets new best val_loss at epoch #456: 0.000437
2025-09-30 01:23:20.921 | INFO     | agents.servers.serverSAE1:train_on_clients:44 - Client 12 gets new best val_loss at epoch #456: 0.000427
2025-09-30 01:23:21.644 | INFO     | agents.servers.serverSAE1:train_on_clients:44 - Client 15 gets new best val_loss at epoch #456: 0.000351
2025-09-30 01:23:22.598 | INFO     | agents.servers.serverSAE1:train_on_clients:66 - 20 clients still training at epoch #456
2025-09-30 01:23:22.616 | INFO     | agents.servers.serverSAE1:train_on_clients:22 - Training SAE1 model epoch #457
2025-09-30 01:23:23.808 | INFO     | agents.servers.serverSAE1:train_on_clients:44 - Client 4 gets new best val_loss at epoch #457: 0.000348
2025-09-30 01:23:24.760 | INFO     | agents.servers.serverSAE1:train_on_clients:44 - Client 8 gets new best val_loss at epoch #457: 0.000351
2025-09-30 01:23:25.716 | INFO     | agents.servers.serverSAE1:train_on_clients:44 - Client 12 gets new best val_loss at epoch #457: 0.000426
2025-09-30 01:23:27.388 | INFO     | agents.servers.serverSAE1:train_on_clients:66 - 20 clients still training at epoch #457
2025-09-30 01:23:27.406 | INFO     | agents.servers.serverSAE1:train_on_clients:22 - Training SAE1 model epoch #458
2025-09-30 01:23:29.315 | INFO     | agents.servers.serverSAE1:train_on_clients:44 - Client 7 gets new best val_loss at epoch #458: 0.000379
2025-09-30 01:23:32.175 | INFO     | agents.servers.serverSAE1:train_on_clients:66 - 20 clients still training at epoch #458
2025-09-30 01:23:32.193 | INFO     | agents.servers.serverSAE1:train_on_clients:22 - Training SAE1 model epoch #459
2025-09-30 01:23:36.951 | INFO     | agents.servers.serverSAE1:train_on_clients:66 - 20 clients still training at epoch #459
2025-09-30 01:23:36.969 | INFO     | agents.servers.serverSAE1:train_on_clients:22 - Training SAE1 model epoch #460
2025-09-30 01:23:37.207 | INFO     | agents.servers.serverSAE1:train_on_clients:60 - Saved model for client 0 at epoch 460 -> saved_models/SAE1/average/wsn_ds/epoch_460_client_0.pt
2025-09-30 01:23:37.447 | INFO     | agents.servers.serverSAE1:train_on_clients:60 - Saved model for client 1 at epoch 460 -> saved_models/SAE1/average/wsn_ds/epoch_460_client_1.pt
2025-09-30 01:23:37.686 | INFO     | agents.servers.serverSAE1:train_on_clients:60 - Saved model for client 2 at epoch 460 -> saved_models/SAE1/average/wsn_ds/epoch_460_client_2.pt
2025-09-30 01:23:37.925 | INFO     | agents.servers.serverSAE1:train_on_clients:60 - Saved model for client 3 at epoch 460 -> saved_models/SAE1/average/wsn_ds/epoch_460_client_3.pt
2025-09-30 01:23:38.165 | INFO     | agents.servers.serverSAE1:train_on_clients:60 - Saved model for client 4 at epoch 460 -> saved_models/SAE1/average/wsn_ds/epoch_460_client_4.pt
2025-09-30 01:23:38.406 | INFO     | agents.servers.serverSAE1:train_on_clients:60 - Saved model for client 5 at epoch 460 -> saved_models/SAE1/average/wsn_ds/epoch_460_client_5.pt
2025-09-30 01:23:38.647 | INFO     | agents.servers.serverSAE1:train_on_clients:60 - Saved model for client 6 at epoch 460 -> saved_models/SAE1/average/wsn_ds/epoch_460_client_6.pt
2025-09-30 01:23:38.888 | INFO     | agents.servers.serverSAE1:train_on_clients:60 - Saved model for client 7 at epoch 460 -> saved_models/SAE1/average/wsn_ds/epoch_460_client_7.pt
2025-09-30 01:23:39.130 | INFO     | agents.servers.serverSAE1:train_on_clients:60 - Saved model for client 8 at epoch 460 -> saved_models/SAE1/average/wsn_ds/epoch_460_client_8.pt
2025-09-30 01:23:39.369 | INFO     | agents.servers.serverSAE1:train_on_clients:60 - Saved model for client 9 at epoch 460 -> saved_models/SAE1/average/wsn_ds/epoch_460_client_9.pt
2025-09-30 01:23:39.608 | INFO     | agents.servers.serverSAE1:train_on_clients:60 - Saved model for client 10 at epoch 460 -> saved_models/SAE1/average/wsn_ds/epoch_460_client_10.pt
2025-09-30 01:23:39.848 | INFO     | agents.servers.serverSAE1:train_on_clients:60 - Saved model for client 11 at epoch 460 -> saved_models/SAE1/average/wsn_ds/epoch_460_client_11.pt
2025-09-30 01:23:40.087 | INFO     | agents.servers.serverSAE1:train_on_clients:60 - Saved model for client 12 at epoch 460 -> saved_models/SAE1/average/wsn_ds/epoch_460_client_12.pt
2025-09-30 01:23:40.326 | INFO     | agents.servers.serverSAE1:train_on_clients:60 - Saved model for client 13 at epoch 460 -> saved_models/SAE1/average/wsn_ds/epoch_460_client_13.pt
2025-09-30 01:23:40.566 | INFO     | agents.servers.serverSAE1:train_on_clients:60 - Saved model for client 14 at epoch 460 -> saved_models/SAE1/average/wsn_ds/epoch_460_client_14.pt
2025-09-30 01:23:40.804 | INFO     | agents.servers.serverSAE1:train_on_clients:60 - Saved model for client 15 at epoch 460 -> saved_models/SAE1/average/wsn_ds/epoch_460_client_15.pt
2025-09-30 01:23:41.044 | INFO     | agents.servers.serverSAE1:train_on_clients:60 - Saved model for client 16 at epoch 460 -> saved_models/SAE1/average/wsn_ds/epoch_460_client_16.pt
2025-09-30 01:23:41.284 | INFO     | agents.servers.serverSAE1:train_on_clients:60 - Saved model for client 17 at epoch 460 -> saved_models/SAE1/average/wsn_ds/epoch_460_client_17.pt
2025-09-30 01:23:41.524 | INFO     | agents.servers.serverSAE1:train_on_clients:60 - Saved model for client 18 at epoch 460 -> saved_models/SAE1/average/wsn_ds/epoch_460_client_18.pt
2025-09-30 01:23:41.762 | INFO     | agents.servers.serverSAE1:train_on_clients:60 - Saved model for client 19 at epoch 460 -> saved_models/SAE1/average/wsn_ds/epoch_460_client_19.pt
2025-09-30 01:23:41.764 | INFO     | agents.servers.serverSAE1:train_on_clients:66 - 20 clients still training at epoch #460
2025-09-30 01:23:41.782 | INFO     | agents.servers.serverSAE1:train_on_clients:22 - Training SAE1 model epoch #461
2025-09-30 01:23:46.549 | INFO     | agents.servers.serverSAE1:train_on_clients:66 - 20 clients still training at epoch #461
2025-09-30 01:23:46.567 | INFO     | agents.servers.serverSAE1:train_on_clients:22 - Training SAE1 model epoch #462
2025-09-30 01:23:47.762 | INFO     | agents.servers.serverSAE1:train_on_clients:44 - Client 4 gets new best val_loss at epoch #462: 0.000344
2025-09-30 01:23:48.481 | INFO     | agents.servers.serverSAE1:train_on_clients:44 - Client 7 gets new best val_loss at epoch #462: 0.000375
2025-09-30 01:23:48.721 | INFO     | agents.servers.serverSAE1:train_on_clients:44 - Client 8 gets new best val_loss at epoch #462: 0.000347
2025-09-30 01:23:51.343 | INFO     | agents.servers.serverSAE1:train_on_clients:66 - 20 clients still training at epoch #462
2025-09-30 01:23:51.361 | INFO     | agents.servers.serverSAE1:train_on_clients:22 - Training SAE1 model epoch #463
2025-09-30 01:23:52.551 | INFO     | agents.servers.serverSAE1:train_on_clients:44 - Client 4 gets new best val_loss at epoch #463: 0.000342
2025-09-30 01:23:53.265 | INFO     | agents.servers.serverSAE1:train_on_clients:44 - Client 7 gets new best val_loss at epoch #463: 0.000374
2025-09-30 01:23:56.127 | INFO     | agents.servers.serverSAE1:train_on_clients:66 - 20 clients still training at epoch #463
2025-09-30 01:23:56.145 | INFO     | agents.servers.serverSAE1:train_on_clients:22 - Training SAE1 model epoch #464
2025-09-30 01:23:57.338 | INFO     | agents.servers.serverSAE1:train_on_clients:44 - Client 4 gets new best val_loss at epoch #464: 0.000341
2025-09-30 01:23:58.052 | INFO     | agents.servers.serverSAE1:train_on_clients:44 - Client 7 gets new best val_loss at epoch #464: 0.000368
2025-09-30 01:24:00.909 | INFO     | agents.servers.serverSAE1:train_on_clients:66 - 20 clients still training at epoch #464
2025-09-30 01:24:00.927 | INFO     | agents.servers.serverSAE1:train_on_clients:22 - Training SAE1 model epoch #465
2025-09-30 01:24:05.691 | INFO     | agents.servers.serverSAE1:train_on_clients:66 - 20 clients still training at epoch #465
2025-09-30 01:24:05.709 | INFO     | agents.servers.serverSAE1:train_on_clients:22 - Training SAE1 model epoch #466
2025-09-30 01:24:10.475 | INFO     | agents.servers.serverSAE1:train_on_clients:66 - 20 clients still training at epoch #466
2025-09-30 01:24:10.493 | INFO     | agents.servers.serverSAE1:train_on_clients:22 - Training SAE1 model epoch #467
2025-09-30 01:24:11.212 | INFO     | agents.servers.serverSAE1:train_on_clients:44 - Client 2 gets new best val_loss at epoch #467: 0.000303
2025-09-30 01:24:15.325 | INFO     | agents.servers.serverSAE1:train_on_clients:66 - 20 clients still training at epoch #467
2025-09-30 01:24:15.343 | INFO     | agents.servers.serverSAE1:train_on_clients:22 - Training SAE1 model epoch #468
2025-09-30 01:24:20.220 | INFO     | agents.servers.serverSAE1:train_on_clients:66 - 20 clients still training at epoch #468
2025-09-30 01:24:20.238 | INFO     | agents.servers.serverSAE1:train_on_clients:22 - Training SAE1 model epoch #469
2025-09-30 01:24:20.961 | INFO     | agents.servers.serverSAE1:train_on_clients:44 - Client 2 gets new best val_loss at epoch #469: 0.000298
2025-09-30 01:24:25.064 | INFO     | agents.servers.serverSAE1:train_on_clients:66 - 20 clients still training at epoch #469
2025-09-30 01:24:25.082 | INFO     | agents.servers.serverSAE1:train_on_clients:22 - Training SAE1 model epoch #470
2025-09-30 01:24:25.324 | INFO     | agents.servers.serverSAE1:train_on_clients:60 - Saved model for client 0 at epoch 470 -> saved_models/SAE1/average/wsn_ds/epoch_470_client_0.pt
2025-09-30 01:24:25.568 | INFO     | agents.servers.serverSAE1:train_on_clients:60 - Saved model for client 1 at epoch 470 -> saved_models/SAE1/average/wsn_ds/epoch_470_client_1.pt
2025-09-30 01:24:25.811 | INFO     | agents.servers.serverSAE1:train_on_clients:60 - Saved model for client 2 at epoch 470 -> saved_models/SAE1/average/wsn_ds/epoch_470_client_2.pt
2025-09-30 01:24:26.054 | INFO     | agents.servers.serverSAE1:train_on_clients:60 - Saved model for client 3 at epoch 470 -> saved_models/SAE1/average/wsn_ds/epoch_470_client_3.pt
2025-09-30 01:24:26.296 | INFO     | agents.servers.serverSAE1:train_on_clients:60 - Saved model for client 4 at epoch 470 -> saved_models/SAE1/average/wsn_ds/epoch_470_client_4.pt
2025-09-30 01:24:26.539 | INFO     | agents.servers.serverSAE1:train_on_clients:60 - Saved model for client 5 at epoch 470 -> saved_models/SAE1/average/wsn_ds/epoch_470_client_5.pt
2025-09-30 01:24:26.782 | INFO     | agents.servers.serverSAE1:train_on_clients:60 - Saved model for client 6 at epoch 470 -> saved_models/SAE1/average/wsn_ds/epoch_470_client_6.pt
2025-09-30 01:24:27.025 | INFO     | agents.servers.serverSAE1:train_on_clients:60 - Saved model for client 7 at epoch 470 -> saved_models/SAE1/average/wsn_ds/epoch_470_client_7.pt
2025-09-30 01:24:27.268 | INFO     | agents.servers.serverSAE1:train_on_clients:60 - Saved model for client 8 at epoch 470 -> saved_models/SAE1/average/wsn_ds/epoch_470_client_8.pt
2025-09-30 01:24:27.512 | INFO     | agents.servers.serverSAE1:train_on_clients:60 - Saved model for client 9 at epoch 470 -> saved_models/SAE1/average/wsn_ds/epoch_470_client_9.pt
2025-09-30 01:24:27.755 | INFO     | agents.servers.serverSAE1:train_on_clients:60 - Saved model for client 10 at epoch 470 -> saved_models/SAE1/average/wsn_ds/epoch_470_client_10.pt
2025-09-30 01:24:28.000 | INFO     | agents.servers.serverSAE1:train_on_clients:60 - Saved model for client 11 at epoch 470 -> saved_models/SAE1/average/wsn_ds/epoch_470_client_11.pt
2025-09-30 01:24:28.245 | INFO     | agents.servers.serverSAE1:train_on_clients:60 - Saved model for client 12 at epoch 470 -> saved_models/SAE1/average/wsn_ds/epoch_470_client_12.pt
2025-09-30 01:24:28.487 | INFO     | agents.servers.serverSAE1:train_on_clients:60 - Saved model for client 13 at epoch 470 -> saved_models/SAE1/average/wsn_ds/epoch_470_client_13.pt
2025-09-30 01:24:28.729 | INFO     | agents.servers.serverSAE1:train_on_clients:60 - Saved model for client 14 at epoch 470 -> saved_models/SAE1/average/wsn_ds/epoch_470_client_14.pt
2025-09-30 01:24:28.972 | INFO     | agents.servers.serverSAE1:train_on_clients:60 - Saved model for client 15 at epoch 470 -> saved_models/SAE1/average/wsn_ds/epoch_470_client_15.pt
2025-09-30 01:24:29.215 | INFO     | agents.servers.serverSAE1:train_on_clients:60 - Saved model for client 16 at epoch 470 -> saved_models/SAE1/average/wsn_ds/epoch_470_client_16.pt
2025-09-30 01:24:29.458 | INFO     | agents.servers.serverSAE1:train_on_clients:60 - Saved model for client 17 at epoch 470 -> saved_models/SAE1/average/wsn_ds/epoch_470_client_17.pt
2025-09-30 01:24:29.702 | INFO     | agents.servers.serverSAE1:train_on_clients:60 - Saved model for client 18 at epoch 470 -> saved_models/SAE1/average/wsn_ds/epoch_470_client_18.pt
2025-09-30 01:24:29.945 | INFO     | agents.servers.serverSAE1:train_on_clients:60 - Saved model for client 19 at epoch 470 -> saved_models/SAE1/average/wsn_ds/epoch_470_client_19.pt
2025-09-30 01:24:29.947 | INFO     | agents.servers.serverSAE1:train_on_clients:66 - 20 clients still training at epoch #470
2025-09-30 01:24:29.965 | INFO     | agents.servers.serverSAE1:train_on_clients:22 - Training SAE1 model epoch #471
2025-09-30 01:24:34.895 | INFO     | agents.servers.serverSAE1:train_on_clients:66 - 20 clients still training at epoch #471
2025-09-30 01:24:34.914 | INFO     | agents.servers.serverSAE1:train_on_clients:22 - Training SAE1 model epoch #472
2025-09-30 01:24:39.745 | INFO     | agents.servers.serverSAE1:train_on_clients:66 - 20 clients still training at epoch #472
2025-09-30 01:24:39.763 | INFO     | agents.servers.serverSAE1:train_on_clients:22 - Training SAE1 model epoch #473
2025-09-30 01:24:44.594 | INFO     | agents.servers.serverSAE1:train_on_clients:66 - 20 clients still training at epoch #473
2025-09-30 01:24:44.613 | INFO     | agents.servers.serverSAE1:train_on_clients:22 - Training SAE1 model epoch #474
2025-09-30 01:24:49.445 | INFO     | agents.servers.serverSAE1:train_on_clients:66 - 20 clients still training at epoch #474
2025-09-30 01:24:49.463 | INFO     | agents.servers.serverSAE1:train_on_clients:22 - Training SAE1 model epoch #475
2025-09-30 01:24:54.272 | INFO     | agents.servers.serverSAE1:train_on_clients:66 - 20 clients still training at epoch #475
2025-09-30 01:24:54.290 | INFO     | agents.servers.serverSAE1:train_on_clients:22 - Training SAE1 model epoch #476
2025-09-30 01:24:59.110 | INFO     | agents.servers.serverSAE1:train_on_clients:66 - 20 clients still training at epoch #476
2025-09-30 01:24:59.128 | INFO     | agents.servers.serverSAE1:train_on_clients:22 - Training SAE1 model epoch #477
2025-09-30 01:25:00.093 | INFO     | agents.servers.serverSAE1:train_on_clients:44 - Client 3 gets new best val_loss at epoch #477: 0.000362
2025-09-30 01:25:03.962 | INFO     | agents.servers.serverSAE1:train_on_clients:66 - 20 clients still training at epoch #477
2025-09-30 01:25:03.979 | INFO     | agents.servers.serverSAE1:train_on_clients:22 - Training SAE1 model epoch #478
2025-09-30 01:25:04.951 | INFO     | agents.servers.serverSAE1:train_on_clients:44 - Client 3 gets new best val_loss at epoch #478: 0.000360
2025-09-30 01:25:08.813 | INFO     | agents.servers.serverSAE1:train_on_clients:66 - 20 clients still training at epoch #478
2025-09-30 01:25:08.831 | INFO     | agents.servers.serverSAE1:train_on_clients:22 - Training SAE1 model epoch #479
2025-09-30 01:25:09.787 | INFO     | agents.servers.serverSAE1:train_on_clients:44 - Client 3 gets new best val_loss at epoch #479: 0.000359
2025-09-30 01:25:13.593 | INFO     | agents.servers.serverSAE1:train_on_clients:66 - 20 clients still training at epoch #479
2025-09-30 01:25:13.611 | INFO     | agents.servers.serverSAE1:train_on_clients:22 - Training SAE1 model epoch #480
2025-09-30 01:25:13.852 | INFO     | agents.servers.serverSAE1:train_on_clients:60 - Saved model for client 0 at epoch 480 -> saved_models/SAE1/average/wsn_ds/epoch_480_client_0.pt
2025-09-30 01:25:14.094 | INFO     | agents.servers.serverSAE1:train_on_clients:60 - Saved model for client 1 at epoch 480 -> saved_models/SAE1/average/wsn_ds/epoch_480_client_1.pt
2025-09-30 01:25:14.335 | INFO     | agents.servers.serverSAE1:train_on_clients:60 - Saved model for client 2 at epoch 480 -> saved_models/SAE1/average/wsn_ds/epoch_480_client_2.pt
2025-09-30 01:25:14.577 | INFO     | agents.servers.serverSAE1:train_on_clients:44 - Client 3 gets new best val_loss at epoch #480: 0.000356
2025-09-30 01:25:14.579 | INFO     | agents.servers.serverSAE1:train_on_clients:60 - Saved model for client 3 at epoch 480 -> saved_models/SAE1/average/wsn_ds/epoch_480_client_3.pt
2025-09-30 01:25:14.820 | INFO     | agents.servers.serverSAE1:train_on_clients:60 - Saved model for client 4 at epoch 480 -> saved_models/SAE1/average/wsn_ds/epoch_480_client_4.pt
2025-09-30 01:25:15.060 | INFO     | agents.servers.serverSAE1:train_on_clients:60 - Saved model for client 5 at epoch 480 -> saved_models/SAE1/average/wsn_ds/epoch_480_client_5.pt
2025-09-30 01:25:15.300 | INFO     | agents.servers.serverSAE1:train_on_clients:60 - Saved model for client 6 at epoch 480 -> saved_models/SAE1/average/wsn_ds/epoch_480_client_6.pt
2025-09-30 01:25:15.539 | INFO     | agents.servers.serverSAE1:train_on_clients:60 - Saved model for client 7 at epoch 480 -> saved_models/SAE1/average/wsn_ds/epoch_480_client_7.pt
2025-09-30 01:25:15.778 | INFO     | agents.servers.serverSAE1:train_on_clients:60 - Saved model for client 8 at epoch 480 -> saved_models/SAE1/average/wsn_ds/epoch_480_client_8.pt
2025-09-30 01:25:16.018 | INFO     | agents.servers.serverSAE1:train_on_clients:60 - Saved model for client 9 at epoch 480 -> saved_models/SAE1/average/wsn_ds/epoch_480_client_9.pt
2025-09-30 01:25:16.257 | INFO     | agents.servers.serverSAE1:train_on_clients:60 - Saved model for client 10 at epoch 480 -> saved_models/SAE1/average/wsn_ds/epoch_480_client_10.pt
2025-09-30 01:25:16.497 | INFO     | agents.servers.serverSAE1:train_on_clients:60 - Saved model for client 11 at epoch 480 -> saved_models/SAE1/average/wsn_ds/epoch_480_client_11.pt
2025-09-30 01:25:16.736 | INFO     | agents.servers.serverSAE1:train_on_clients:60 - Saved model for client 12 at epoch 480 -> saved_models/SAE1/average/wsn_ds/epoch_480_client_12.pt
2025-09-30 01:25:16.976 | INFO     | agents.servers.serverSAE1:train_on_clients:60 - Saved model for client 13 at epoch 480 -> saved_models/SAE1/average/wsn_ds/epoch_480_client_13.pt
2025-09-30 01:25:17.214 | INFO     | agents.servers.serverSAE1:train_on_clients:60 - Saved model for client 14 at epoch 480 -> saved_models/SAE1/average/wsn_ds/epoch_480_client_14.pt
2025-09-30 01:25:17.454 | INFO     | agents.servers.serverSAE1:train_on_clients:60 - Saved model for client 15 at epoch 480 -> saved_models/SAE1/average/wsn_ds/epoch_480_client_15.pt
2025-09-30 01:25:17.693 | INFO     | agents.servers.serverSAE1:train_on_clients:60 - Saved model for client 16 at epoch 480 -> saved_models/SAE1/average/wsn_ds/epoch_480_client_16.pt
2025-09-30 01:25:17.933 | INFO     | agents.servers.serverSAE1:train_on_clients:60 - Saved model for client 17 at epoch 480 -> saved_models/SAE1/average/wsn_ds/epoch_480_client_17.pt
2025-09-30 01:25:18.172 | INFO     | agents.servers.serverSAE1:train_on_clients:60 - Saved model for client 18 at epoch 480 -> saved_models/SAE1/average/wsn_ds/epoch_480_client_18.pt
2025-09-30 01:25:18.412 | INFO     | agents.servers.serverSAE1:train_on_clients:60 - Saved model for client 19 at epoch 480 -> saved_models/SAE1/average/wsn_ds/epoch_480_client_19.pt
2025-09-30 01:25:18.414 | INFO     | agents.servers.serverSAE1:train_on_clients:66 - 20 clients still training at epoch #480
2025-09-30 01:25:18.432 | INFO     | agents.servers.serverSAE1:train_on_clients:22 - Training SAE1 model epoch #481
2025-09-30 01:25:21.844 | INFO     | agents.servers.serverSAE1:train_on_clients:44 - Client 13 gets new best val_loss at epoch #481: 0.000300
2025-09-30 01:25:23.317 | INFO     | agents.servers.serverSAE1:train_on_clients:66 - 20 clients still training at epoch #481
2025-09-30 01:25:23.335 | INFO     | agents.servers.serverSAE1:train_on_clients:22 - Training SAE1 model epoch #482
2025-09-30 01:25:28.109 | INFO     | agents.servers.serverSAE1:train_on_clients:66 - 20 clients still training at epoch #482
2025-09-30 01:25:28.127 | INFO     | agents.servers.serverSAE1:train_on_clients:22 - Training SAE1 model epoch #483
2025-09-30 01:25:32.874 | INFO     | agents.servers.serverSAE1:train_on_clients:66 - 20 clients still training at epoch #483
2025-09-30 01:25:32.892 | INFO     | agents.servers.serverSAE1:train_on_clients:22 - Training SAE1 model epoch #484
2025-09-30 01:25:37.641 | INFO     | agents.servers.serverSAE1:train_on_clients:66 - 20 clients still training at epoch #484
2025-09-30 01:25:37.659 | INFO     | agents.servers.serverSAE1:train_on_clients:22 - Training SAE1 model epoch #485
2025-09-30 01:25:42.427 | INFO     | agents.servers.serverSAE1:train_on_clients:66 - 20 clients still training at epoch #485
2025-09-30 01:25:42.444 | INFO     | agents.servers.serverSAE1:train_on_clients:22 - Training SAE1 model epoch #486
2025-09-30 01:25:47.219 | INFO     | agents.servers.serverSAE1:train_on_clients:66 - 20 clients still training at epoch #486
2025-09-30 01:25:47.237 | INFO     | agents.servers.serverSAE1:train_on_clients:22 - Training SAE1 model epoch #487
2025-09-30 01:25:52.010 | INFO     | agents.servers.serverSAE1:train_on_clients:66 - 20 clients still training at epoch #487
2025-09-30 01:25:52.028 | INFO     | agents.servers.serverSAE1:train_on_clients:22 - Training SAE1 model epoch #488
2025-09-30 01:25:56.799 | INFO     | agents.servers.serverSAE1:train_on_clients:66 - 20 clients still training at epoch #488
2025-09-30 01:25:56.817 | INFO     | agents.servers.serverSAE1:train_on_clients:22 - Training SAE1 model epoch #489
2025-09-30 01:26:01.594 | INFO     | agents.servers.serverSAE1:train_on_clients:66 - 20 clients still training at epoch #489
2025-09-30 01:26:01.612 | INFO     | agents.servers.serverSAE1:train_on_clients:22 - Training SAE1 model epoch #490
2025-09-30 01:26:01.853 | INFO     | agents.servers.serverSAE1:train_on_clients:60 - Saved model for client 0 at epoch 490 -> saved_models/SAE1/average/wsn_ds/epoch_490_client_0.pt
2025-09-30 01:26:02.094 | INFO     | agents.servers.serverSAE1:train_on_clients:60 - Saved model for client 1 at epoch 490 -> saved_models/SAE1/average/wsn_ds/epoch_490_client_1.pt
2025-09-30 01:26:02.336 | INFO     | agents.servers.serverSAE1:train_on_clients:60 - Saved model for client 2 at epoch 490 -> saved_models/SAE1/average/wsn_ds/epoch_490_client_2.pt
2025-09-30 01:26:02.576 | INFO     | agents.servers.serverSAE1:train_on_clients:60 - Saved model for client 3 at epoch 490 -> saved_models/SAE1/average/wsn_ds/epoch_490_client_3.pt
2025-09-30 01:26:02.816 | INFO     | agents.servers.serverSAE1:train_on_clients:60 - Saved model for client 4 at epoch 490 -> saved_models/SAE1/average/wsn_ds/epoch_490_client_4.pt
2025-09-30 01:26:03.055 | INFO     | agents.servers.serverSAE1:train_on_clients:60 - Saved model for client 5 at epoch 490 -> saved_models/SAE1/average/wsn_ds/epoch_490_client_5.pt
2025-09-30 01:26:03.295 | INFO     | agents.servers.serverSAE1:train_on_clients:60 - Saved model for client 6 at epoch 490 -> saved_models/SAE1/average/wsn_ds/epoch_490_client_6.pt
2025-09-30 01:26:03.535 | INFO     | agents.servers.serverSAE1:train_on_clients:60 - Saved model for client 7 at epoch 490 -> saved_models/SAE1/average/wsn_ds/epoch_490_client_7.pt
2025-09-30 01:26:03.775 | INFO     | agents.servers.serverSAE1:train_on_clients:60 - Saved model for client 8 at epoch 490 -> saved_models/SAE1/average/wsn_ds/epoch_490_client_8.pt
2025-09-30 01:26:04.015 | INFO     | agents.servers.serverSAE1:train_on_clients:60 - Saved model for client 9 at epoch 490 -> saved_models/SAE1/average/wsn_ds/epoch_490_client_9.pt
2025-09-30 01:26:04.254 | INFO     | agents.servers.serverSAE1:train_on_clients:60 - Saved model for client 10 at epoch 490 -> saved_models/SAE1/average/wsn_ds/epoch_490_client_10.pt
2025-09-30 01:26:04.493 | INFO     | agents.servers.serverSAE1:train_on_clients:60 - Saved model for client 11 at epoch 490 -> saved_models/SAE1/average/wsn_ds/epoch_490_client_11.pt
2025-09-30 01:26:04.733 | INFO     | agents.servers.serverSAE1:train_on_clients:60 - Saved model for client 12 at epoch 490 -> saved_models/SAE1/average/wsn_ds/epoch_490_client_12.pt
2025-09-30 01:26:04.972 | INFO     | agents.servers.serverSAE1:train_on_clients:60 - Saved model for client 13 at epoch 490 -> saved_models/SAE1/average/wsn_ds/epoch_490_client_13.pt
2025-09-30 01:26:05.211 | INFO     | agents.servers.serverSAE1:train_on_clients:60 - Saved model for client 14 at epoch 490 -> saved_models/SAE1/average/wsn_ds/epoch_490_client_14.pt
2025-09-30 01:26:05.452 | INFO     | agents.servers.serverSAE1:train_on_clients:60 - Saved model for client 15 at epoch 490 -> saved_models/SAE1/average/wsn_ds/epoch_490_client_15.pt
2025-09-30 01:26:05.693 | INFO     | agents.servers.serverSAE1:train_on_clients:60 - Saved model for client 16 at epoch 490 -> saved_models/SAE1/average/wsn_ds/epoch_490_client_16.pt
2025-09-30 01:26:05.932 | INFO     | agents.servers.serverSAE1:train_on_clients:60 - Saved model for client 17 at epoch 490 -> saved_models/SAE1/average/wsn_ds/epoch_490_client_17.pt
2025-09-30 01:26:06.173 | INFO     | agents.servers.serverSAE1:train_on_clients:60 - Saved model for client 18 at epoch 490 -> saved_models/SAE1/average/wsn_ds/epoch_490_client_18.pt
2025-09-30 01:26:06.413 | INFO     | agents.servers.serverSAE1:train_on_clients:60 - Saved model for client 19 at epoch 490 -> saved_models/SAE1/average/wsn_ds/epoch_490_client_19.pt
2025-09-30 01:26:06.415 | INFO     | agents.servers.serverSAE1:train_on_clients:66 - 20 clients still training at epoch #490
2025-09-30 01:26:06.433 | INFO     | agents.servers.serverSAE1:train_on_clients:22 - Training SAE1 model epoch #491
2025-09-30 01:26:11.191 | INFO     | agents.servers.serverSAE1:train_on_clients:66 - 20 clients still training at epoch #491
2025-09-30 01:26:11.209 | INFO     | agents.servers.serverSAE1:train_on_clients:22 - Training SAE1 model epoch #492
2025-09-30 01:26:15.988 | INFO     | agents.servers.serverSAE1:train_on_clients:66 - 20 clients still training at epoch #492
2025-09-30 01:26:16.006 | INFO     | agents.servers.serverSAE1:train_on_clients:22 - Training SAE1 model epoch #493
2025-09-30 01:26:20.761 | INFO     | agents.servers.serverSAE1:train_on_clients:66 - 20 clients still training at epoch #493
2025-09-30 01:26:20.779 | INFO     | agents.servers.serverSAE1:train_on_clients:22 - Training SAE1 model epoch #494
2025-09-30 01:26:25.069 | INFO     | agents.servers.serverSAE1:train_on_clients:44 - Client 17 gets new best val_loss at epoch #494: 0.000267
2025-09-30 01:26:25.545 | INFO     | agents.servers.serverSAE1:train_on_clients:66 - 20 clients still training at epoch #494
2025-09-30 01:26:25.563 | INFO     | agents.servers.serverSAE1:train_on_clients:22 - Training SAE1 model epoch #495
2025-09-30 01:26:30.432 | INFO     | agents.servers.serverSAE1:train_on_clients:44 - Client 19 gets new best val_loss at epoch #495: 0.000343
2025-09-30 01:26:30.435 | INFO     | agents.servers.serverSAE1:train_on_clients:66 - 20 clients still training at epoch #495
2025-09-30 01:26:30.453 | INFO     | agents.servers.serverSAE1:train_on_clients:22 - Training SAE1 model epoch #496
2025-09-30 01:26:35.262 | INFO     | agents.servers.serverSAE1:train_on_clients:66 - 20 clients still training at epoch #496
2025-09-30 01:26:35.280 | INFO     | agents.servers.serverSAE1:train_on_clients:22 - Training SAE1 model epoch #497
2025-09-30 01:26:38.151 | INFO     | agents.servers.serverSAE1:train_on_clients:44 - Client 11 gets new best val_loss at epoch #497: 0.000342
2025-09-30 01:26:40.071 | INFO     | agents.servers.serverSAE1:train_on_clients:66 - 20 clients still training at epoch #497
2025-09-30 01:26:40.089 | INFO     | agents.servers.serverSAE1:train_on_clients:22 - Training SAE1 model epoch #498
2025-09-30 01:26:42.955 | INFO     | agents.servers.serverSAE1:train_on_clients:44 - Client 11 gets new best val_loss at epoch #498: 0.000341
2025-09-30 01:26:44.877 | INFO     | agents.servers.serverSAE1:train_on_clients:66 - 20 clients still training at epoch #498
2025-09-30 01:26:44.895 | INFO     | agents.servers.serverSAE1:train_on_clients:22 - Training SAE1 model epoch #499
2025-09-30 01:26:49.675 | INFO     | agents.servers.serverSAE1:train_on_clients:66 - 20 clients still training at epoch #499
2025-09-30 01:26:49.693 | INFO     | agents.servers.serverSAE1:train_on_clients:22 - Training SAE1 model epoch #500
2025-09-30 01:26:49.932 | INFO     | agents.servers.serverSAE1:train_on_clients:60 - Saved model for client 0 at epoch 500 -> saved_models/SAE1/average/wsn_ds/epoch_500_client_0.pt
2025-09-30 01:26:50.173 | INFO     | agents.servers.serverSAE1:train_on_clients:60 - Saved model for client 1 at epoch 500 -> saved_models/SAE1/average/wsn_ds/epoch_500_client_1.pt
2025-09-30 01:26:50.414 | INFO     | agents.servers.serverSAE1:train_on_clients:60 - Saved model for client 2 at epoch 500 -> saved_models/SAE1/average/wsn_ds/epoch_500_client_2.pt
2025-09-30 01:26:50.654 | INFO     | agents.servers.serverSAE1:train_on_clients:60 - Saved model for client 3 at epoch 500 -> saved_models/SAE1/average/wsn_ds/epoch_500_client_3.pt
2025-09-30 01:26:50.894 | INFO     | agents.servers.serverSAE1:train_on_clients:60 - Saved model for client 4 at epoch 500 -> saved_models/SAE1/average/wsn_ds/epoch_500_client_4.pt
2025-09-30 01:26:51.134 | INFO     | agents.servers.serverSAE1:train_on_clients:60 - Saved model for client 5 at epoch 500 -> saved_models/SAE1/average/wsn_ds/epoch_500_client_5.pt
2025-09-30 01:26:51.374 | INFO     | agents.servers.serverSAE1:train_on_clients:60 - Saved model for client 6 at epoch 500 -> saved_models/SAE1/average/wsn_ds/epoch_500_client_6.pt
2025-09-30 01:26:51.614 | INFO     | agents.servers.serverSAE1:train_on_clients:60 - Saved model for client 7 at epoch 500 -> saved_models/SAE1/average/wsn_ds/epoch_500_client_7.pt
2025-09-30 01:26:51.856 | INFO     | agents.servers.serverSAE1:train_on_clients:60 - Saved model for client 8 at epoch 500 -> saved_models/SAE1/average/wsn_ds/epoch_500_client_8.pt
2025-09-30 01:26:52.096 | INFO     | agents.servers.serverSAE1:train_on_clients:60 - Saved model for client 9 at epoch 500 -> saved_models/SAE1/average/wsn_ds/epoch_500_client_9.pt
2025-09-30 01:26:52.337 | INFO     | agents.servers.serverSAE1:train_on_clients:60 - Saved model for client 10 at epoch 500 -> saved_models/SAE1/average/wsn_ds/epoch_500_client_10.pt
2025-09-30 01:26:52.577 | INFO     | agents.servers.serverSAE1:train_on_clients:44 - Client 11 gets new best val_loss at epoch #500: 0.000340
2025-09-30 01:26:52.578 | INFO     | agents.servers.serverSAE1:train_on_clients:60 - Saved model for client 11 at epoch 500 -> saved_models/SAE1/average/wsn_ds/epoch_500_client_11.pt
2025-09-30 01:26:52.818 | INFO     | agents.servers.serverSAE1:train_on_clients:60 - Saved model for client 12 at epoch 500 -> saved_models/SAE1/average/wsn_ds/epoch_500_client_12.pt
2025-09-30 01:26:53.058 | INFO     | agents.servers.serverSAE1:train_on_clients:60 - Saved model for client 13 at epoch 500 -> saved_models/SAE1/average/wsn_ds/epoch_500_client_13.pt
2025-09-30 01:26:53.296 | INFO     | agents.servers.serverSAE1:train_on_clients:60 - Saved model for client 14 at epoch 500 -> saved_models/SAE1/average/wsn_ds/epoch_500_client_14.pt
2025-09-30 01:26:53.537 | INFO     | agents.servers.serverSAE1:train_on_clients:60 - Saved model for client 15 at epoch 500 -> saved_models/SAE1/average/wsn_ds/epoch_500_client_15.pt
2025-09-30 01:26:53.776 | INFO     | agents.servers.serverSAE1:train_on_clients:60 - Saved model for client 16 at epoch 500 -> saved_models/SAE1/average/wsn_ds/epoch_500_client_16.pt
2025-09-30 01:26:54.016 | INFO     | agents.servers.serverSAE1:train_on_clients:60 - Saved model for client 17 at epoch 500 -> saved_models/SAE1/average/wsn_ds/epoch_500_client_17.pt
2025-09-30 01:26:54.257 | INFO     | agents.servers.serverSAE1:train_on_clients:60 - Saved model for client 18 at epoch 500 -> saved_models/SAE1/average/wsn_ds/epoch_500_client_18.pt
2025-09-30 01:26:54.497 | INFO     | agents.servers.serverSAE1:train_on_clients:60 - Saved model for client 19 at epoch 500 -> saved_models/SAE1/average/wsn_ds/epoch_500_client_19.pt
2025-09-30 01:26:54.499 | INFO     | agents.servers.serverSAE1:train_on_clients:66 - 20 clients still training at epoch #500
2025-09-30 01:26:54.517 | INFO     | agents.servers.serverSAE1:test_on_clients:132 - Testing SAE1 model at epoch #500
2025-09-30 01:26:54.517 | INFO     | agents.servers.serverSAE1:test_on_clients:141 - Client 0 test params: threshold_re (mean=0.000374, std=0.000249), threshold_z (mean=0.000078, std=0.000009), best epoch 354
2025-09-30 01:26:57.259 | DEBUG    | agents.clients.clientSAE1:test_with_thresholds:271 - Classification Report:
              precision    recall  f1-score   support

           0       1.00      0.75      0.86      3416
           1       0.28      0.98      0.43       331

    accuracy                           0.77      3747
   macro avg       0.64      0.87      0.64      3747
weighted avg       0.93      0.77      0.82      3747

2025-09-30 01:26:57.260 | DEBUG    | agents.clients.clientSAE1:test_with_thresholds:275 - Confusion Matrix:
[[2569  847]
 [   7  324]]
2025-09-30 01:26:57.260 | DEBUG    | agents.clients.clientSAE1:test_with_thresholds:276 - ROC AUC Score: 0.8654505720370461
2025-09-30 01:26:57.260 | DEBUG    | agents.clients.clientSAE1:test_with_thresholds:277 - False Positive Rate (FPR): 0.2480
2025-09-30 01:28:05.532 | INFO     | agents.servers.serverSAE1:test_on_clients:158 - [Client 0] Multiplier 0.0: ACC=0.7721, P=0.2767, R=0.9789, F1=0.4314, AUC=0.8655
2025-09-30 01:28:05.553 | INFO     | agents.servers.serverSAE1:test_on_clients:141 - Client 1 test params: threshold_re (mean=0.000349, std=0.000353), threshold_z (mean=0.000087, std=0.000010), best epoch 456
2025-09-30 01:28:08.310 | DEBUG    | agents.clients.clientSAE1:test_with_thresholds:271 - Classification Report:
              precision    recall  f1-score   support

           0       1.00      0.76      0.86      3395
           1       0.30      0.99      0.46       352

    accuracy                           0.78      3747
   macro avg       0.65      0.88      0.66      3747
weighted avg       0.93      0.78      0.82      3747

2025-09-30 01:28:08.310 | DEBUG    | agents.clients.clientSAE1:test_with_thresholds:275 - Confusion Matrix:
[[2576  819]
 [   3  349]]
2025-09-30 01:28:08.310 | DEBUG    | agents.clients.clientSAE1:test_with_thresholds:276 - ROC AUC Score: 0.8751200796626053
2025-09-30 01:28:08.310 | DEBUG    | agents.clients.clientSAE1:test_with_thresholds:277 - False Positive Rate (FPR): 0.2412
2025-09-30 01:29:14.670 | INFO     | agents.servers.serverSAE1:test_on_clients:158 - [Client 1] Multiplier 0.0: ACC=0.7806, P=0.2988, R=0.9915, F1=0.4592, AUC=0.8751
2025-09-30 01:29:14.690 | INFO     | agents.servers.serverSAE1:test_on_clients:141 - Client 2 test params: threshold_re (mean=0.000214, std=0.000041), threshold_z (mean=0.000084, std=0.000013), best epoch 469
2025-09-30 01:29:17.363 | DEBUG    | agents.clients.clientSAE1:test_with_thresholds:271 - Classification Report:
              precision    recall  f1-score   support

           0       1.00      0.74      0.85      3404
           1       0.28      0.99      0.43       343

    accuracy                           0.76      3747
   macro avg       0.64      0.86      0.64      3747
weighted avg       0.93      0.76      0.81      3747

2025-09-30 01:29:17.363 | DEBUG    | agents.clients.clientSAE1:test_with_thresholds:275 - Confusion Matrix:
[[2508  896]
 [   3  340]]
2025-09-30 01:29:17.363 | DEBUG    | agents.clients.clientSAE1:test_with_thresholds:276 - ROC AUC Score: 0.864016951417129
2025-09-30 01:29:17.363 | DEBUG    | agents.clients.clientSAE1:test_with_thresholds:277 - False Positive Rate (FPR): 0.2632
2025-09-30 01:30:24.644 | INFO     | agents.servers.serverSAE1:test_on_clients:158 - [Client 2] Multiplier 0.0: ACC=0.7601, P=0.2751, R=0.9913, F1=0.4307, AUC=0.8640
2025-09-30 01:30:24.666 | INFO     | agents.servers.serverSAE1:test_on_clients:141 - Client 3 test params: threshold_re (mean=0.000283, std=0.000100), threshold_z (mean=0.000073, std=0.000008), best epoch 480
2025-09-30 01:30:27.340 | DEBUG    | agents.clients.clientSAE1:test_with_thresholds:271 - Classification Report:
              precision    recall  f1-score   support

           0       1.00      0.75      0.85      3380
           1       0.30      0.99      0.46       367

    accuracy                           0.77      3747
   macro avg       0.65      0.87      0.66      3747
weighted avg       0.93      0.77      0.82      3747

2025-09-30 01:30:27.341 | DEBUG    | agents.clients.clientSAE1:test_with_thresholds:275 - Confusion Matrix:
[[2521  859]
 [   3  364]]
2025-09-30 01:30:27.341 | DEBUG    | agents.clients.clientSAE1:test_with_thresholds:276 - ROC AUC Score: 0.8688418006223497
2025-09-30 01:30:27.341 | DEBUG    | agents.clients.clientSAE1:test_with_thresholds:277 - False Positive Rate (FPR): 0.2541
2025-09-30 01:31:33.877 | INFO     | agents.servers.serverSAE1:test_on_clients:158 - [Client 3] Multiplier 0.0: ACC=0.7699, P=0.2976, R=0.9918, F1=0.4579, AUC=0.8688
2025-09-30 01:31:33.898 | INFO     | agents.servers.serverSAE1:test_on_clients:141 - Client 4 test params: threshold_re (mean=0.000258, std=0.000192), threshold_z (mean=0.000083, std=0.000013), best epoch 464
2025-09-30 01:31:36.592 | DEBUG    | agents.clients.clientSAE1:test_with_thresholds:271 - Classification Report:
              precision    recall  f1-score   support

           0       1.00      0.75      0.85      3413
           1       0.28      0.99      0.43       334

    accuracy                           0.77      3747
   macro avg       0.64      0.87      0.64      3747
weighted avg       0.93      0.77      0.82      3747

2025-09-30 01:31:36.592 | DEBUG    | agents.clients.clientSAE1:test_with_thresholds:275 - Confusion Matrix:
[[2548  865]
 [   3  331]]
2025-09-30 01:31:36.592 | DEBUG    | agents.clients.clientSAE1:test_with_thresholds:276 - ROC AUC Score: 0.8687876225281637
2025-09-30 01:31:36.592 | DEBUG    | agents.clients.clientSAE1:test_with_thresholds:277 - False Positive Rate (FPR): 0.2534
2025-09-30 01:32:43.998 | INFO     | agents.servers.serverSAE1:test_on_clients:158 - [Client 4] Multiplier 0.0: ACC=0.7683, P=0.2768, R=0.9910, F1=0.4327, AUC=0.8688
2025-09-30 01:32:44.019 | INFO     | agents.servers.serverSAE1:test_on_clients:141 - Client 5 test params: threshold_re (mean=0.000280, std=0.000152), threshold_z (mean=0.000081, std=0.000009), best epoch 393
2025-09-30 01:32:46.714 | DEBUG    | agents.clients.clientSAE1:test_with_thresholds:271 - Classification Report:
              precision    recall  f1-score   support

           0       1.00      0.75      0.86      3381
           1       0.30      0.98      0.46       366

    accuracy                           0.77      3747
   macro avg       0.65      0.87      0.66      3747
weighted avg       0.93      0.77      0.82      3747

2025-09-30 01:32:46.714 | DEBUG    | agents.clients.clientSAE1:test_with_thresholds:275 - Confusion Matrix:
[[2539  842]
 [   6  360]]
2025-09-30 01:32:46.714 | DEBUG    | agents.clients.clientSAE1:test_with_thresholds:276 - ROC AUC Score: 0.8672839057219466
2025-09-30 01:32:46.714 | DEBUG    | agents.clients.clientSAE1:test_with_thresholds:277 - False Positive Rate (FPR): 0.2490
2025-09-30 01:33:53.132 | INFO     | agents.servers.serverSAE1:test_on_clients:158 - [Client 5] Multiplier 0.0: ACC=0.7737, P=0.2995, R=0.9836, F1=0.4592, AUC=0.8673
2025-09-30 01:33:53.153 | INFO     | agents.servers.serverSAE1:test_on_clients:141 - Client 6 test params: threshold_re (mean=0.000241, std=0.000172), threshold_z (mean=0.000092, std=0.000018), best epoch 454
2025-09-30 01:33:55.854 | DEBUG    | agents.clients.clientSAE1:test_with_thresholds:271 - Classification Report:
              precision    recall  f1-score   support

           0       1.00      0.74      0.85      3390
           1       0.29      0.99      0.44       357

    accuracy                           0.76      3747
   macro avg       0.64      0.87      0.65      3747
weighted avg       0.93      0.76      0.81      3747

2025-09-30 01:33:55.854 | DEBUG    | agents.clients.clientSAE1:test_with_thresholds:275 - Confusion Matrix:
[[2505  885]
 [   3  354]]
2025-09-30 01:33:55.854 | DEBUG    | agents.clients.clientSAE1:test_with_thresholds:276 - ROC AUC Score: 0.8652673458764035
2025-09-30 01:33:55.854 | DEBUG    | agents.clients.clientSAE1:test_with_thresholds:277 - False Positive Rate (FPR): 0.2611
2025-09-30 01:35:02.153 | INFO     | agents.servers.serverSAE1:test_on_clients:158 - [Client 6] Multiplier 0.0: ACC=0.7630, P=0.2857, R=0.9916, F1=0.4436, AUC=0.8653
2025-09-30 01:35:02.174 | INFO     | agents.servers.serverSAE1:test_on_clients:141 - Client 7 test params: threshold_re (mean=0.000285, std=0.000168), threshold_z (mean=0.000083, std=0.000010), best epoch 464
2025-09-30 01:35:04.792 | DEBUG    | agents.clients.clientSAE1:test_with_thresholds:271 - Classification Report:
              precision    recall  f1-score   support

           0       1.00      0.75      0.86      3396
           1       0.29      0.99      0.45       351

    accuracy                           0.78      3747
   macro avg       0.65      0.87      0.66      3747
weighted avg       0.93      0.78      0.82      3747

2025-09-30 01:35:04.793 | DEBUG    | agents.clients.clientSAE1:test_with_thresholds:275 - Confusion Matrix:
[[2557  839]
 [   3  348]]
2025-09-30 01:35:04.793 | DEBUG    | agents.clients.clientSAE1:test_with_thresholds:276 - ROC AUC Score: 0.8721988161034098
2025-09-30 01:35:04.793 | DEBUG    | agents.clients.clientSAE1:test_with_thresholds:277 - False Positive Rate (FPR): 0.2471
2025-09-30 01:36:12.071 | INFO     | agents.servers.serverSAE1:test_on_clients:158 - [Client 7] Multiplier 0.0: ACC=0.7753, P=0.2932, R=0.9915, F1=0.4525, AUC=0.8722
2025-09-30 01:36:12.092 | INFO     | agents.servers.serverSAE1:test_on_clients:141 - Client 8 test params: threshold_re (mean=0.000265, std=0.000193), threshold_z (mean=0.000081, std=0.000014), best epoch 462
2025-09-30 01:36:14.751 | DEBUG    | agents.clients.clientSAE1:test_with_thresholds:271 - Classification Report:
              precision    recall  f1-score   support

           0       1.00      0.74      0.85      3398
           1       0.28      0.99      0.44       349

    accuracy                           0.77      3747
   macro avg       0.64      0.87      0.65      3747
weighted avg       0.93      0.77      0.81      3747

2025-09-30 01:36:14.752 | DEBUG    | agents.clients.clientSAE1:test_with_thresholds:275 - Confusion Matrix:
[[2531  867]
 [   4  345]]
2025-09-30 01:36:14.752 | DEBUG    | agents.clients.clientSAE1:test_with_thresholds:276 - ROC AUC Score: 0.8666942968305983
2025-09-30 01:36:14.752 | DEBUG    | agents.clients.clientSAE1:test_with_thresholds:277 - False Positive Rate (FPR): 0.2552
2025-09-30 01:37:21.854 | INFO     | agents.servers.serverSAE1:test_on_clients:158 - [Client 8] Multiplier 0.0: ACC=0.7675, P=0.2847, R=0.9885, F1=0.4420, AUC=0.8667
2025-09-30 01:37:21.876 | INFO     | agents.servers.serverSAE1:test_on_clients:141 - Client 9 test params: threshold_re (mean=0.000243, std=0.000131), threshold_z (mean=0.000082, std=0.000010), best epoch 389
2025-09-30 01:37:24.574 | DEBUG    | agents.clients.clientSAE1:test_with_thresholds:271 - Classification Report:
              precision    recall  f1-score   support

           0       1.00      0.73      0.85      3411
           1       0.27      0.99      0.42       336

    accuracy                           0.76      3747
   macro avg       0.63      0.86      0.63      3747
weighted avg       0.93      0.76      0.81      3747

2025-09-30 01:37:24.574 | DEBUG    | agents.clients.clientSAE1:test_with_thresholds:275 - Confusion Matrix:
[[2505  906]
 [   3  333]]
2025-09-30 01:37:24.574 | DEBUG    | agents.clients.clientSAE1:test_with_thresholds:276 - ROC AUC Score: 0.8627300854378691
2025-09-30 01:37:24.575 | DEBUG    | agents.clients.clientSAE1:test_with_thresholds:277 - False Positive Rate (FPR): 0.2656
2025-09-30 01:38:32.318 | INFO     | agents.servers.serverSAE1:test_on_clients:158 - [Client 9] Multiplier 0.0: ACC=0.7574, P=0.2688, R=0.9911, F1=0.4229, AUC=0.8627
2025-09-30 01:38:32.339 | INFO     | agents.servers.serverSAE1:test_on_clients:141 - Client 10 test params: threshold_re (mean=0.000285, std=0.000130), threshold_z (mean=0.000084, std=0.000008), best epoch 395
2025-09-30 01:38:34.976 | DEBUG    | agents.clients.clientSAE1:test_with_thresholds:271 - Classification Report:
              precision    recall  f1-score   support

           0       1.00      0.75      0.85      3403
           1       0.28      0.99      0.44       344

    accuracy                           0.77      3747
   macro avg       0.64      0.87      0.65      3747
weighted avg       0.93      0.77      0.82      3747

2025-09-30 01:38:34.977 | DEBUG    | agents.clients.clientSAE1:test_with_thresholds:275 - Confusion Matrix:
[[2536  867]
 [   4  340]]
2025-09-30 01:38:34.977 | DEBUG    | agents.clients.clientSAE1:test_with_thresholds:276 - ROC AUC Score: 0.8667984473344313
2025-09-30 01:38:34.977 | DEBUG    | agents.clients.clientSAE1:test_with_thresholds:277 - False Positive Rate (FPR): 0.2548
2025-09-30 01:39:41.405 | INFO     | agents.servers.serverSAE1:test_on_clients:158 - [Client 10] Multiplier 0.0: ACC=0.7675, P=0.2817, R=0.9884, F1=0.4384, AUC=0.8668
2025-09-30 01:39:41.426 | INFO     | agents.servers.serverSAE1:test_on_clients:141 - Client 11 test params: threshold_re (mean=0.000255, std=0.000167), threshold_z (mean=0.000085, std=0.000010), best epoch 500
2025-09-30 01:39:44.146 | DEBUG    | agents.clients.clientSAE1:test_with_thresholds:271 - Classification Report:
              precision    recall  f1-score   support

           0       1.00      0.73      0.84      3398
           1       0.27      0.99      0.43       349

    accuracy                           0.75      3747
   macro avg       0.64      0.86      0.63      3747
weighted avg       0.93      0.75      0.80      3747

2025-09-30 01:39:44.146 | DEBUG    | agents.clients.clientSAE1:test_with_thresholds:275 - Confusion Matrix:
[[2474  924]
 [   3  346]]
2025-09-30 01:39:44.146 | DEBUG    | agents.clients.clientSAE1:test_with_thresholds:276 - ROC AUC Score: 0.8597396749478456
2025-09-30 01:39:44.146 | DEBUG    | agents.clients.clientSAE1:test_with_thresholds:277 - False Positive Rate (FPR): 0.2719
2025-09-30 01:40:51.661 | INFO     | agents.servers.serverSAE1:test_on_clients:158 - [Client 11] Multiplier 0.0: ACC=0.7526, P=0.2724, R=0.9914, F1=0.4274, AUC=0.8597
2025-09-30 01:40:51.682 | INFO     | agents.servers.serverSAE1:test_on_clients:141 - Client 12 test params: threshold_re (mean=0.000340, std=0.000367), threshold_z (mean=0.000086, std=0.000010), best epoch 457
2025-09-30 01:40:54.434 | DEBUG    | agents.clients.clientSAE1:test_with_thresholds:271 - Classification Report:
              precision    recall  f1-score   support

           0       1.00      0.75      0.86      3375
           1       0.31      0.99      0.47       372

    accuracy                           0.78      3747
   macro avg       0.65      0.87      0.66      3747
weighted avg       0.93      0.78      0.82      3747

2025-09-30 01:40:54.434 | DEBUG    | agents.clients.clientSAE1:test_with_thresholds:275 - Confusion Matrix:
[[2543  832]
 [   3  369]]
2025-09-30 01:40:54.434 | DEBUG    | agents.clients.clientSAE1:test_with_thresholds:276 - ROC AUC Score: 0.8727084826762246
2025-09-30 01:40:54.434 | DEBUG    | agents.clients.clientSAE1:test_with_thresholds:277 - False Positive Rate (FPR): 0.2465
2025-09-30 01:42:01.035 | INFO     | agents.servers.serverSAE1:test_on_clients:158 - [Client 12] Multiplier 0.0: ACC=0.7772, P=0.3072, R=0.9919, F1=0.4692, AUC=0.8727
2025-09-30 01:42:01.056 | INFO     | agents.servers.serverSAE1:test_on_clients:141 - Client 13 test params: threshold_re (mean=0.000221, std=0.000123), threshold_z (mean=0.000080, std=0.000006), best epoch 481
2025-09-30 01:42:03.721 | DEBUG    | agents.clients.clientSAE1:test_with_thresholds:271 - Classification Report:
              precision    recall  f1-score   support

           0       1.00      0.74      0.85      3404
           1       0.27      0.98      0.43       342

    accuracy                           0.76      3746
   macro avg       0.63      0.86      0.64      3746
weighted avg       0.93      0.76      0.81      3746

2025-09-30 01:42:03.722 | DEBUG    | agents.clients.clientSAE1:test_with_thresholds:275 - Confusion Matrix:
[[2510  894]
 [   7  335]]
2025-09-30 01:42:03.722 | DEBUG    | agents.clients.clientSAE1:test_with_thresholds:276 - ROC AUC Score: 0.858449983163942
2025-09-30 01:42:03.722 | DEBUG    | agents.clients.clientSAE1:test_with_thresholds:277 - False Positive Rate (FPR): 0.2626
2025-09-30 01:43:10.611 | INFO     | agents.servers.serverSAE1:test_on_clients:158 - [Client 13] Multiplier 0.0: ACC=0.7595, P=0.2726, R=0.9795, F1=0.4265, AUC=0.8584
2025-09-30 01:43:10.633 | INFO     | agents.servers.serverSAE1:test_on_clients:141 - Client 14 test params: threshold_re (mean=0.000240, std=0.000106), threshold_z (mean=0.000086, std=0.000012), best epoch 390
2025-09-30 01:43:13.275 | DEBUG    | agents.clients.clientSAE1:test_with_thresholds:271 - Classification Report:
              precision    recall  f1-score   support

           0       1.00      0.74      0.85      3418
           1       0.27      0.98      0.42       328

    accuracy                           0.76      3746
   macro avg       0.63      0.86      0.63      3746
weighted avg       0.93      0.76      0.81      3746

2025-09-30 01:43:13.276 | DEBUG    | agents.clients.clientSAE1:test_with_thresholds:275 - Confusion Matrix:
[[2525  893]
 [   6  322]]
2025-09-30 01:43:13.276 | DEBUG    | agents.clients.clientSAE1:test_with_thresholds:276 - ROC AUC Score: 0.860221710028686
2025-09-30 01:43:13.276 | DEBUG    | agents.clients.clientSAE1:test_with_thresholds:277 - False Positive Rate (FPR): 0.2613
2025-09-30 01:44:19.101 | INFO     | agents.servers.serverSAE1:test_on_clients:158 - [Client 14] Multiplier 0.0: ACC=0.7600, P=0.2650, R=0.9817, F1=0.4174, AUC=0.8602
2025-09-30 01:44:19.123 | INFO     | agents.servers.serverSAE1:test_on_clients:141 - Client 15 test params: threshold_re (mean=0.000265, std=0.000173), threshold_z (mean=0.000086, std=0.000007), best epoch 456
2025-09-30 01:44:21.857 | DEBUG    | agents.clients.clientSAE1:test_with_thresholds:271 - Classification Report:
              precision    recall  f1-score   support

           0       1.00      0.75      0.86      3417
           1       0.28      0.99      0.43       329

    accuracy                           0.77      3746
   macro avg       0.64      0.87      0.65      3746
weighted avg       0.94      0.77      0.82      3746

2025-09-30 01:44:21.858 | DEBUG    | agents.clients.clientSAE1:test_with_thresholds:275 - Confusion Matrix:
[[2569  848]
 [   4  325]]
2025-09-30 01:44:21.858 | DEBUG    | agents.clients.clientSAE1:test_with_thresholds:276 - ROC AUC Score: 0.8698355175668235
2025-09-30 01:44:21.858 | DEBUG    | agents.clients.clientSAE1:test_with_thresholds:277 - False Positive Rate (FPR): 0.2482
2025-09-30 01:45:28.438 | INFO     | agents.servers.serverSAE1:test_on_clients:158 - [Client 15] Multiplier 0.0: ACC=0.7726, P=0.2771, R=0.9878, F1=0.4328, AUC=0.8698
2025-09-30 01:45:28.460 | INFO     | agents.servers.serverSAE1:test_on_clients:141 - Client 16 test params: threshold_re (mean=0.000240, std=0.000113), threshold_z (mean=0.000092, std=0.000012), best epoch 455
2025-09-30 01:45:31.215 | DEBUG    | agents.clients.clientSAE1:test_with_thresholds:271 - Classification Report:
              precision    recall  f1-score   support

           0       1.00      0.75      0.85      3369
           1       0.30      0.99      0.46       377

    accuracy                           0.77      3746
   macro avg       0.65      0.87      0.66      3746
weighted avg       0.93      0.77      0.82      3746

2025-09-30 01:45:31.216 | DEBUG    | agents.clients.clientSAE1:test_with_thresholds:275 - Confusion Matrix:
[[2516  853]
 [   5  372]]
2025-09-30 01:45:31.216 | DEBUG    | agents.clients.clientSAE1:test_with_thresholds:276 - ROC AUC Score: 0.8667732713545959
2025-09-30 01:45:31.216 | DEBUG    | agents.clients.clientSAE1:test_with_thresholds:277 - False Positive Rate (FPR): 0.2532
2025-09-30 01:46:38.567 | INFO     | agents.servers.serverSAE1:test_on_clients:158 - [Client 16] Multiplier 0.0: ACC=0.7710, P=0.3037, R=0.9867, F1=0.4644, AUC=0.8668
2025-09-30 01:46:38.588 | INFO     | agents.servers.serverSAE1:test_on_clients:141 - Client 17 test params: threshold_re (mean=0.000177, std=0.000046), threshold_z (mean=0.000090, std=0.000009), best epoch 494
2025-09-30 01:46:41.204 | DEBUG    | agents.clients.clientSAE1:test_with_thresholds:271 - Classification Report:
              precision    recall  f1-score   support

           0       1.00      0.71      0.83      3402
           1       0.26      1.00      0.41       344

    accuracy                           0.74      3746
   macro avg       0.63      0.86      0.62      3746
weighted avg       0.93      0.74      0.79      3746

2025-09-30 01:46:41.204 | DEBUG    | agents.clients.clientSAE1:test_with_thresholds:275 - Confusion Matrix:
[[2430  972]
 [   1  343]]
2025-09-30 01:46:41.204 | DEBUG    | agents.clients.clientSAE1:test_with_thresholds:276 - ROC AUC Score: 0.8556893687707642
2025-09-30 01:46:41.204 | DEBUG    | agents.clients.clientSAE1:test_with_thresholds:277 - False Positive Rate (FPR): 0.2857
2025-09-30 01:47:48.059 | INFO     | agents.servers.serverSAE1:test_on_clients:158 - [Client 17] Multiplier 0.0: ACC=0.7403, P=0.2608, R=0.9971, F1=0.4135, AUC=0.8557
2025-09-30 01:47:48.080 | INFO     | agents.servers.serverSAE1:test_on_clients:141 - Client 18 test params: threshold_re (mean=0.000234, std=0.000067), threshold_z (mean=0.000098, std=0.000009), best epoch 314
2025-09-30 01:47:50.368 | DEBUG    | agents.clients.clientSAE1:test_with_thresholds:271 - Classification Report:
              precision    recall  f1-score   support

           0       1.00      0.75      0.86      3403
           1       0.29      0.99      0.44       343

    accuracy                           0.77      3746
   macro avg       0.64      0.87      0.65      3746
weighted avg       0.93      0.77      0.82      3746

2025-09-30 01:47:50.369 | DEBUG    | agents.clients.clientSAE1:test_with_thresholds:275 - Confusion Matrix:
[[2553  850]
 [   4  339]]
2025-09-30 01:47:50.369 | DEBUG    | agents.clients.clientSAE1:test_with_thresholds:276 - ROC AUC Score: 0.869279293095014
2025-09-30 01:47:50.369 | DEBUG    | agents.clients.clientSAE1:test_with_thresholds:277 - False Positive Rate (FPR): 0.2498
2025-09-30 01:48:30.893 | INFO     | agents.servers.serverSAE1:test_on_clients:158 - [Client 18] Multiplier 0.0: ACC=0.7720, P=0.2851, R=0.9883, F1=0.4426, AUC=0.8693
2025-09-30 01:48:30.914 | INFO     | agents.servers.serverSAE1:test_on_clients:141 - Client 19 test params: threshold_re (mean=0.000234, std=0.000071), threshold_z (mean=0.000109, std=0.000026), best epoch 495
2025-09-30 01:48:32.545 | DEBUG    | agents.clients.clientSAE1:test_with_thresholds:271 - Classification Report:
              precision    recall  f1-score   support

           0       1.00      0.77      0.87      3423
           1       0.29      0.99      0.45       323

    accuracy                           0.79      3746
   macro avg       0.65      0.88      0.66      3746
weighted avg       0.94      0.79      0.84      3746

2025-09-30 01:48:32.545 | DEBUG    | agents.clients.clientSAE1:test_with_thresholds:275 - Confusion Matrix:
[[2645  778]
 [   3  320]]
2025-09-30 01:48:32.545 | DEBUG    | agents.clients.clientSAE1:test_with_thresholds:276 - ROC AUC Score: 0.8817130339381474
2025-09-30 01:48:32.546 | DEBUG    | agents.clients.clientSAE1:test_with_thresholds:277 - False Positive Rate (FPR): 0.2273
2025-09-30 01:49:13.141 | INFO     | agents.servers.serverSAE1:test_on_clients:158 - [Client 19] Multiplier 0.0: ACC=0.7915, P=0.2914, R=0.9907, F1=0.4504, AUC=0.8817
2025-09-30 01:49:13.163 | INFO     | agents.servers.serverSAE1:_log_avg_auc:209 - 
====== AVERAGE AUC PER MULTIPLIER ======
Multiplier   All Clients          Benign Clients       Poisoned Clients    
---------------------------------------------------------------------------
0.0          0.866880             0.866880             0.000000            
0.2          0.869543             0.869543             0.000000            
0.4          0.872308             0.872308             0.000000            
0.6          0.875352             0.875352             0.000000            
0.8          0.878847             0.878847             0.000000            
1.0          0.882631             0.882631             0.000000            
1.2          0.886611             0.886611             0.000000            
1.4          0.890530             0.890530             0.000000            
1.6          0.893759             0.893759             0.000000            
1.8          0.896811             0.896811             0.000000            
2.0          0.899657             0.899657             0.000000            
2.2          0.902752             0.902752             0.000000            
2.4          0.905266             0.905266             0.000000            
2.6          0.907856             0.907856             0.000000            
2.8          0.910468             0.910468             0.000000            
3.0          0.913115             0.913115             0.000000            
3.2          0.915394             0.915394             0.000000            
3.4          0.917497             0.917497             0.000000            
3.6          0.919438             0.919438             0.000000            
3.8          0.921445             0.921445             0.000000            
4.0          0.923438             0.923438             0.000000            
4.2          0.925122             0.925122             0.000000            
4.4          0.926821             0.926821             0.000000            
4.6          0.928534             0.928534             0.000000            
4.8          0.930490             0.930490             0.000000            
5.0          0.931995             0.931995             0.000000            

