2025-09-30 06:46:13.264 | DEBUG    | function.arguments:log:104 - Arguments: 
[Experiment Config]
Model Type: DAE
Noise Type: label_flipping
Aggregation Type: average
Learning Rate: 0.01
Coefficient Shrink AE: 1.0
Threshold Multiplier: 0.0
Noise STD: 0.001
Attack Noise STD: 3.0
Number of Poisoned Clients: 0
Poisoned Sample Ratio: 1.0
Dimension: 17
Epochs: 500
Number of Multi-Class Clients: 0

[System Config]
Number of Workers: 20
Early Stop Offset: 500
Threshold Factor: 0
Cuda Enabled: True
Shuffle: False
Loss Function: <class 'torch.nn.modules.loss.MSELoss'>

[Dataset Config]
Dataset: wsn_ds
Train Batch Size: 128
Val Batch Size: 128
Test Batch Size: 1
Malicious Batch Size: 128
Train Data Path: data_loaders/wsn_ds/train_data_loader.pickle
Val Data Path: data_loaders/wsn_ds/val_data_loader.pickle
Test Data Path: data_loaders/wsn_ds/test_data_loader.pickle
Malicious Data Path: data_loaders/wsn_ds/mal_data_loader.pickle
Default Model Save Path: default_models/wsn_ds

2025-09-30 06:46:13.264 | INFO     | function.utils.data_loader_util:load_data_loader_from_file:191 - Loading data loader from file: data_loaders/wsn_ds/train_data_loader.pickle
2025-09-30 06:46:13.286 | INFO     | function.utils.data_loader_util:load_data_loader_from_file:191 - Loading data loader from file: data_loaders/wsn_ds/val_data_loader.pickle
2025-09-30 06:46:13.289 | INFO     | function.utils.data_loader_util:load_data_loader_from_file:191 - Loading data loader from file: data_loaders/wsn_ds/test_data_loader.pickle
2025-09-30 06:46:13.293 | INFO     | function.utils.data_loader_util:load_data_loader_from_file:191 - Loading data loader from file: data_loaders/wsn_ds/mal_data_loader.pickle
2025-09-30 06:46:13.294 | INFO     | core.experiment_runner:run_exp:56 - Multi-class client IDs: []
2025-09-30 06:46:13.294 | INFO     | core.experiment_runner:run_exp:61 - Single-class client IDs: [0, 1, 2, 3, 4, 5, 6, 7, 8, 9, 10, 11, 12, 13, 14, 15, 16, 17, 18, 19]
2025-09-30 06:46:17.810 | INFO     | function.utils.data_util:poison_data:100 - Poisoning data for workers: []
2025-09-30 06:46:23.334 | INFO     | function.utils.data_util:poison_data:100 - Poisoning data for workers: []
2025-09-30 06:46:28.837 | INFO     | agents.servers.serverDAE:train_on_clients:22 - Training DAE model epoch #1
2025-09-30 06:46:29.239 | INFO     | agents.servers.serverDAE:train_on_clients:43 - Client 0 gets new best val_loss at epoch #1: 0.007336
2025-09-30 06:46:29.526 | INFO     | agents.servers.serverDAE:train_on_clients:43 - Client 1 gets new best val_loss at epoch #1: 0.007657
2025-09-30 06:46:29.805 | INFO     | agents.servers.serverDAE:train_on_clients:43 - Client 2 gets new best val_loss at epoch #1: 0.007648
2025-09-30 06:46:30.084 | INFO     | agents.servers.serverDAE:train_on_clients:43 - Client 3 gets new best val_loss at epoch #1: 0.007757
2025-09-30 06:46:30.364 | INFO     | agents.servers.serverDAE:train_on_clients:43 - Client 4 gets new best val_loss at epoch #1: 0.007866
2025-09-30 06:46:30.645 | INFO     | agents.servers.serverDAE:train_on_clients:43 - Client 5 gets new best val_loss at epoch #1: 0.007308
2025-09-30 06:46:30.926 | INFO     | agents.servers.serverDAE:train_on_clients:43 - Client 6 gets new best val_loss at epoch #1: 0.007106
2025-09-30 06:46:31.207 | INFO     | agents.servers.serverDAE:train_on_clients:43 - Client 7 gets new best val_loss at epoch #1: 0.008394
2025-09-30 06:46:31.485 | INFO     | agents.servers.serverDAE:train_on_clients:43 - Client 8 gets new best val_loss at epoch #1: 0.007443
2025-09-30 06:46:31.765 | INFO     | agents.servers.serverDAE:train_on_clients:43 - Client 9 gets new best val_loss at epoch #1: 0.007401
2025-09-30 06:46:32.043 | INFO     | agents.servers.serverDAE:train_on_clients:43 - Client 10 gets new best val_loss at epoch #1: 0.007806
2025-09-30 06:46:32.324 | INFO     | agents.servers.serverDAE:train_on_clients:43 - Client 11 gets new best val_loss at epoch #1: 0.007032
2025-09-30 06:46:32.605 | INFO     | agents.servers.serverDAE:train_on_clients:43 - Client 12 gets new best val_loss at epoch #1: 0.007291
2025-09-30 06:46:32.886 | INFO     | agents.servers.serverDAE:train_on_clients:43 - Client 13 gets new best val_loss at epoch #1: 0.006797
2025-09-30 06:46:33.165 | INFO     | agents.servers.serverDAE:train_on_clients:43 - Client 14 gets new best val_loss at epoch #1: 0.007379
2025-09-30 06:46:33.446 | INFO     | agents.servers.serverDAE:train_on_clients:43 - Client 15 gets new best val_loss at epoch #1: 0.007317
2025-09-30 06:46:33.725 | INFO     | agents.servers.serverDAE:train_on_clients:43 - Client 16 gets new best val_loss at epoch #1: 0.007603
2025-09-30 06:46:34.007 | INFO     | agents.servers.serverDAE:train_on_clients:43 - Client 17 gets new best val_loss at epoch #1: 0.006711
2025-09-30 06:46:34.288 | INFO     | agents.servers.serverDAE:train_on_clients:43 - Client 18 gets new best val_loss at epoch #1: 0.007946
2025-09-30 06:46:34.572 | INFO     | agents.servers.serverDAE:train_on_clients:43 - Client 19 gets new best val_loss at epoch #1: 0.007805
2025-09-30 06:46:34.574 | INFO     | agents.servers.serverDAE:train_on_clients:65 - 20 clients still training at epoch #1
2025-09-30 06:46:34.598 | INFO     | agents.servers.serverDAE:train_on_clients:22 - Training DAE model epoch #2
2025-09-30 06:46:34.883 | INFO     | agents.servers.serverDAE:train_on_clients:43 - Client 0 gets new best val_loss at epoch #2: 0.005899
2025-09-30 06:46:35.164 | INFO     | agents.servers.serverDAE:train_on_clients:43 - Client 1 gets new best val_loss at epoch #2: 0.006111
2025-09-30 06:46:35.443 | INFO     | agents.servers.serverDAE:train_on_clients:43 - Client 2 gets new best val_loss at epoch #2: 0.006122
2025-09-30 06:46:35.726 | INFO     | agents.servers.serverDAE:train_on_clients:43 - Client 3 gets new best val_loss at epoch #2: 0.006271
2025-09-30 06:46:36.008 | INFO     | agents.servers.serverDAE:train_on_clients:43 - Client 4 gets new best val_loss at epoch #2: 0.006127
2025-09-30 06:46:36.286 | INFO     | agents.servers.serverDAE:train_on_clients:43 - Client 5 gets new best val_loss at epoch #2: 0.006061
2025-09-30 06:46:36.568 | INFO     | agents.servers.serverDAE:train_on_clients:43 - Client 6 gets new best val_loss at epoch #2: 0.005828
2025-09-30 06:46:36.849 | INFO     | agents.servers.serverDAE:train_on_clients:43 - Client 7 gets new best val_loss at epoch #2: 0.006473
2025-09-30 06:46:37.128 | INFO     | agents.servers.serverDAE:train_on_clients:43 - Client 8 gets new best val_loss at epoch #2: 0.006021
2025-09-30 06:46:37.410 | INFO     | agents.servers.serverDAE:train_on_clients:43 - Client 9 gets new best val_loss at epoch #2: 0.005809
2025-09-30 06:46:37.693 | INFO     | agents.servers.serverDAE:train_on_clients:43 - Client 10 gets new best val_loss at epoch #2: 0.006163
2025-09-30 06:46:37.975 | INFO     | agents.servers.serverDAE:train_on_clients:43 - Client 11 gets new best val_loss at epoch #2: 0.005852
2025-09-30 06:46:38.255 | INFO     | agents.servers.serverDAE:train_on_clients:43 - Client 12 gets new best val_loss at epoch #2: 0.005751
2025-09-30 06:46:38.537 | INFO     | agents.servers.serverDAE:train_on_clients:43 - Client 13 gets new best val_loss at epoch #2: 0.005662
2025-09-30 06:46:38.818 | INFO     | agents.servers.serverDAE:train_on_clients:43 - Client 14 gets new best val_loss at epoch #2: 0.005925
2025-09-30 06:46:39.097 | INFO     | agents.servers.serverDAE:train_on_clients:43 - Client 15 gets new best val_loss at epoch #2: 0.005853
2025-09-30 06:46:39.377 | INFO     | agents.servers.serverDAE:train_on_clients:43 - Client 16 gets new best val_loss at epoch #2: 0.006129
2025-09-30 06:46:39.657 | INFO     | agents.servers.serverDAE:train_on_clients:43 - Client 17 gets new best val_loss at epoch #2: 0.005424
2025-09-30 06:46:39.939 | INFO     | agents.servers.serverDAE:train_on_clients:43 - Client 18 gets new best val_loss at epoch #2: 0.006346
2025-09-30 06:46:40.218 | INFO     | agents.servers.serverDAE:train_on_clients:43 - Client 19 gets new best val_loss at epoch #2: 0.006240
2025-09-30 06:46:40.220 | INFO     | agents.servers.serverDAE:train_on_clients:65 - 20 clients still training at epoch #2
2025-09-30 06:46:40.238 | INFO     | agents.servers.serverDAE:train_on_clients:22 - Training DAE model epoch #3
2025-09-30 06:46:40.519 | INFO     | agents.servers.serverDAE:train_on_clients:43 - Client 0 gets new best val_loss at epoch #3: 0.004330
2025-09-30 06:46:40.799 | INFO     | agents.servers.serverDAE:train_on_clients:43 - Client 1 gets new best val_loss at epoch #3: 0.004434
2025-09-30 06:46:41.080 | INFO     | agents.servers.serverDAE:train_on_clients:43 - Client 2 gets new best val_loss at epoch #3: 0.004555
2025-09-30 06:46:41.360 | INFO     | agents.servers.serverDAE:train_on_clients:43 - Client 3 gets new best val_loss at epoch #3: 0.004514
2025-09-30 06:46:41.643 | INFO     | agents.servers.serverDAE:train_on_clients:43 - Client 4 gets new best val_loss at epoch #3: 0.004516
2025-09-30 06:46:41.924 | INFO     | agents.servers.serverDAE:train_on_clients:43 - Client 5 gets new best val_loss at epoch #3: 0.004539
2025-09-30 06:46:42.205 | INFO     | agents.servers.serverDAE:train_on_clients:43 - Client 6 gets new best val_loss at epoch #3: 0.004240
2025-09-30 06:46:42.485 | INFO     | agents.servers.serverDAE:train_on_clients:43 - Client 7 gets new best val_loss at epoch #3: 0.004636
2025-09-30 06:46:42.765 | INFO     | agents.servers.serverDAE:train_on_clients:43 - Client 8 gets new best val_loss at epoch #3: 0.004340
2025-09-30 06:46:43.047 | INFO     | agents.servers.serverDAE:train_on_clients:43 - Client 9 gets new best val_loss at epoch #3: 0.004120
2025-09-30 06:46:43.329 | INFO     | agents.servers.serverDAE:train_on_clients:43 - Client 10 gets new best val_loss at epoch #3: 0.004440
2025-09-30 06:46:43.607 | INFO     | agents.servers.serverDAE:train_on_clients:43 - Client 11 gets new best val_loss at epoch #3: 0.004282
2025-09-30 06:46:43.889 | INFO     | agents.servers.serverDAE:train_on_clients:43 - Client 12 gets new best val_loss at epoch #3: 0.004125
2025-09-30 06:46:44.173 | INFO     | agents.servers.serverDAE:train_on_clients:43 - Client 13 gets new best val_loss at epoch #3: 0.004159
2025-09-30 06:46:44.450 | INFO     | agents.servers.serverDAE:train_on_clients:43 - Client 14 gets new best val_loss at epoch #3: 0.004215
2025-09-30 06:46:44.729 | INFO     | agents.servers.serverDAE:train_on_clients:43 - Client 15 gets new best val_loss at epoch #3: 0.004208
2025-09-30 06:46:45.008 | INFO     | agents.servers.serverDAE:train_on_clients:43 - Client 16 gets new best val_loss at epoch #3: 0.004467
2025-09-30 06:46:45.288 | INFO     | agents.servers.serverDAE:train_on_clients:43 - Client 17 gets new best val_loss at epoch #3: 0.003933
2025-09-30 06:46:45.570 | INFO     | agents.servers.serverDAE:train_on_clients:43 - Client 18 gets new best val_loss at epoch #3: 0.004576
2025-09-30 06:46:45.848 | INFO     | agents.servers.serverDAE:train_on_clients:43 - Client 19 gets new best val_loss at epoch #3: 0.004706
2025-09-30 06:46:45.850 | INFO     | agents.servers.serverDAE:train_on_clients:65 - 20 clients still training at epoch #3
2025-09-30 06:46:45.868 | INFO     | agents.servers.serverDAE:train_on_clients:22 - Training DAE model epoch #4
2025-09-30 06:46:46.147 | INFO     | agents.servers.serverDAE:train_on_clients:43 - Client 0 gets new best val_loss at epoch #4: 0.003490
2025-09-30 06:46:46.424 | INFO     | agents.servers.serverDAE:train_on_clients:43 - Client 1 gets new best val_loss at epoch #4: 0.003545
2025-09-30 06:46:46.703 | INFO     | agents.servers.serverDAE:train_on_clients:43 - Client 2 gets new best val_loss at epoch #4: 0.003662
2025-09-30 06:46:46.981 | INFO     | agents.servers.serverDAE:train_on_clients:43 - Client 3 gets new best val_loss at epoch #4: 0.003714
2025-09-30 06:46:47.258 | INFO     | agents.servers.serverDAE:train_on_clients:43 - Client 4 gets new best val_loss at epoch #4: 0.003542
2025-09-30 06:46:47.535 | INFO     | agents.servers.serverDAE:train_on_clients:43 - Client 5 gets new best val_loss at epoch #4: 0.003696
2025-09-30 06:46:47.816 | INFO     | agents.servers.serverDAE:train_on_clients:43 - Client 6 gets new best val_loss at epoch #4: 0.003382
2025-09-30 06:46:48.093 | INFO     | agents.servers.serverDAE:train_on_clients:43 - Client 7 gets new best val_loss at epoch #4: 0.003684
2025-09-30 06:46:48.374 | INFO     | agents.servers.serverDAE:train_on_clients:43 - Client 8 gets new best val_loss at epoch #4: 0.003457
2025-09-30 06:46:48.656 | INFO     | agents.servers.serverDAE:train_on_clients:43 - Client 9 gets new best val_loss at epoch #4: 0.003288
2025-09-30 06:46:48.936 | INFO     | agents.servers.serverDAE:train_on_clients:43 - Client 10 gets new best val_loss at epoch #4: 0.003572
2025-09-30 06:46:49.218 | INFO     | agents.servers.serverDAE:train_on_clients:43 - Client 11 gets new best val_loss at epoch #4: 0.003357
2025-09-30 06:46:49.497 | INFO     | agents.servers.serverDAE:train_on_clients:43 - Client 12 gets new best val_loss at epoch #4: 0.003312
2025-09-30 06:46:49.787 | INFO     | agents.servers.serverDAE:train_on_clients:43 - Client 13 gets new best val_loss at epoch #4: 0.003281
2025-09-30 06:46:50.067 | INFO     | agents.servers.serverDAE:train_on_clients:43 - Client 14 gets new best val_loss at epoch #4: 0.003321
2025-09-30 06:46:50.347 | INFO     | agents.servers.serverDAE:train_on_clients:43 - Client 15 gets new best val_loss at epoch #4: 0.003355
2025-09-30 06:46:50.626 | INFO     | agents.servers.serverDAE:train_on_clients:43 - Client 16 gets new best val_loss at epoch #4: 0.003467
2025-09-30 06:46:50.906 | INFO     | agents.servers.serverDAE:train_on_clients:43 - Client 17 gets new best val_loss at epoch #4: 0.003103
2025-09-30 06:46:51.186 | INFO     | agents.servers.serverDAE:train_on_clients:43 - Client 18 gets new best val_loss at epoch #4: 0.003627
2025-09-30 06:46:51.462 | INFO     | agents.servers.serverDAE:train_on_clients:43 - Client 19 gets new best val_loss at epoch #4: 0.003760
2025-09-30 06:46:51.464 | INFO     | agents.servers.serverDAE:train_on_clients:65 - 20 clients still training at epoch #4
2025-09-30 06:46:51.483 | INFO     | agents.servers.serverDAE:train_on_clients:22 - Training DAE model epoch #5
2025-09-30 06:46:51.763 | INFO     | agents.servers.serverDAE:train_on_clients:43 - Client 0 gets new best val_loss at epoch #5: 0.003016
2025-09-30 06:46:52.044 | INFO     | agents.servers.serverDAE:train_on_clients:43 - Client 1 gets new best val_loss at epoch #5: 0.003124
2025-09-30 06:46:52.323 | INFO     | agents.servers.serverDAE:train_on_clients:43 - Client 2 gets new best val_loss at epoch #5: 0.003219
2025-09-30 06:46:52.603 | INFO     | agents.servers.serverDAE:train_on_clients:43 - Client 3 gets new best val_loss at epoch #5: 0.003140
2025-09-30 06:46:52.884 | INFO     | agents.servers.serverDAE:train_on_clients:43 - Client 4 gets new best val_loss at epoch #5: 0.003022
2025-09-30 06:46:53.163 | INFO     | agents.servers.serverDAE:train_on_clients:43 - Client 5 gets new best val_loss at epoch #5: 0.003230
2025-09-30 06:46:53.443 | INFO     | agents.servers.serverDAE:train_on_clients:43 - Client 6 gets new best val_loss at epoch #5: 0.002949
2025-09-30 06:46:53.722 | INFO     | agents.servers.serverDAE:train_on_clients:43 - Client 7 gets new best val_loss at epoch #5: 0.003175
2025-09-30 06:46:54.005 | INFO     | agents.servers.serverDAE:train_on_clients:43 - Client 8 gets new best val_loss at epoch #5: 0.003101
2025-09-30 06:46:54.285 | INFO     | agents.servers.serverDAE:train_on_clients:43 - Client 9 gets new best val_loss at epoch #5: 0.002905
2025-09-30 06:46:54.567 | INFO     | agents.servers.serverDAE:train_on_clients:43 - Client 10 gets new best val_loss at epoch #5: 0.003195
2025-09-30 06:46:54.846 | INFO     | agents.servers.serverDAE:train_on_clients:43 - Client 11 gets new best val_loss at epoch #5: 0.002919
2025-09-30 06:46:55.126 | INFO     | agents.servers.serverDAE:train_on_clients:43 - Client 12 gets new best val_loss at epoch #5: 0.002912
2025-09-30 06:46:55.408 | INFO     | agents.servers.serverDAE:train_on_clients:43 - Client 13 gets new best val_loss at epoch #5: 0.002913
2025-09-30 06:46:55.685 | INFO     | agents.servers.serverDAE:train_on_clients:43 - Client 14 gets new best val_loss at epoch #5: 0.002858
2025-09-30 06:46:55.966 | INFO     | agents.servers.serverDAE:train_on_clients:43 - Client 15 gets new best val_loss at epoch #5: 0.002881
2025-09-30 06:46:56.249 | INFO     | agents.servers.serverDAE:train_on_clients:43 - Client 16 gets new best val_loss at epoch #5: 0.003110
2025-09-30 06:46:56.533 | INFO     | agents.servers.serverDAE:train_on_clients:43 - Client 17 gets new best val_loss at epoch #5: 0.002748
2025-09-30 06:46:56.810 | INFO     | agents.servers.serverDAE:train_on_clients:43 - Client 18 gets new best val_loss at epoch #5: 0.003112
2025-09-30 06:46:57.084 | INFO     | agents.servers.serverDAE:train_on_clients:43 - Client 19 gets new best val_loss at epoch #5: 0.003310
2025-09-30 06:46:57.085 | INFO     | agents.servers.serverDAE:train_on_clients:65 - 20 clients still training at epoch #5
2025-09-30 06:46:57.104 | INFO     | agents.servers.serverDAE:train_on_clients:22 - Training DAE model epoch #6
2025-09-30 06:46:57.379 | INFO     | agents.servers.serverDAE:train_on_clients:43 - Client 0 gets new best val_loss at epoch #6: 0.002519
2025-09-30 06:46:57.656 | INFO     | agents.servers.serverDAE:train_on_clients:43 - Client 1 gets new best val_loss at epoch #6: 0.002631
2025-09-30 06:46:57.932 | INFO     | agents.servers.serverDAE:train_on_clients:43 - Client 2 gets new best val_loss at epoch #6: 0.002643
2025-09-30 06:46:58.210 | INFO     | agents.servers.serverDAE:train_on_clients:43 - Client 3 gets new best val_loss at epoch #6: 0.002730
2025-09-30 06:46:58.488 | INFO     | agents.servers.serverDAE:train_on_clients:43 - Client 4 gets new best val_loss at epoch #6: 0.002544
2025-09-30 06:46:58.762 | INFO     | agents.servers.serverDAE:train_on_clients:43 - Client 5 gets new best val_loss at epoch #6: 0.002623
2025-09-30 06:46:59.034 | INFO     | agents.servers.serverDAE:train_on_clients:43 - Client 6 gets new best val_loss at epoch #6: 0.002516
2025-09-30 06:46:59.308 | INFO     | agents.servers.serverDAE:train_on_clients:43 - Client 7 gets new best val_loss at epoch #6: 0.002615
2025-09-30 06:46:59.577 | INFO     | agents.servers.serverDAE:train_on_clients:43 - Client 8 gets new best val_loss at epoch #6: 0.002516
2025-09-30 06:46:59.844 | INFO     | agents.servers.serverDAE:train_on_clients:43 - Client 9 gets new best val_loss at epoch #6: 0.002333
2025-09-30 06:47:00.122 | INFO     | agents.servers.serverDAE:train_on_clients:43 - Client 10 gets new best val_loss at epoch #6: 0.002587
2025-09-30 06:47:00.392 | INFO     | agents.servers.serverDAE:train_on_clients:43 - Client 11 gets new best val_loss at epoch #6: 0.002418
2025-09-30 06:47:00.662 | INFO     | agents.servers.serverDAE:train_on_clients:43 - Client 12 gets new best val_loss at epoch #6: 0.002416
2025-09-30 06:47:00.935 | INFO     | agents.servers.serverDAE:train_on_clients:43 - Client 13 gets new best val_loss at epoch #6: 0.002394
2025-09-30 06:47:01.203 | INFO     | agents.servers.serverDAE:train_on_clients:43 - Client 14 gets new best val_loss at epoch #6: 0.002416
2025-09-30 06:47:01.472 | INFO     | agents.servers.serverDAE:train_on_clients:43 - Client 15 gets new best val_loss at epoch #6: 0.002358
2025-09-30 06:47:01.739 | INFO     | agents.servers.serverDAE:train_on_clients:43 - Client 16 gets new best val_loss at epoch #6: 0.002530
2025-09-30 06:47:02.007 | INFO     | agents.servers.serverDAE:train_on_clients:43 - Client 17 gets new best val_loss at epoch #6: 0.002245
2025-09-30 06:47:02.278 | INFO     | agents.servers.serverDAE:train_on_clients:43 - Client 18 gets new best val_loss at epoch #6: 0.002572
2025-09-30 06:47:02.553 | INFO     | agents.servers.serverDAE:train_on_clients:43 - Client 19 gets new best val_loss at epoch #6: 0.002728
2025-09-30 06:47:02.555 | INFO     | agents.servers.serverDAE:train_on_clients:65 - 20 clients still training at epoch #6
2025-09-30 06:47:02.574 | INFO     | agents.servers.serverDAE:train_on_clients:22 - Training DAE model epoch #7
2025-09-30 06:47:02.851 | INFO     | agents.servers.serverDAE:train_on_clients:43 - Client 0 gets new best val_loss at epoch #7: 0.002289
2025-09-30 06:47:03.130 | INFO     | agents.servers.serverDAE:train_on_clients:43 - Client 1 gets new best val_loss at epoch #7: 0.002311
2025-09-30 06:47:03.408 | INFO     | agents.servers.serverDAE:train_on_clients:43 - Client 2 gets new best val_loss at epoch #7: 0.002320
2025-09-30 06:47:03.683 | INFO     | agents.servers.serverDAE:train_on_clients:43 - Client 3 gets new best val_loss at epoch #7: 0.002288
2025-09-30 06:47:03.959 | INFO     | agents.servers.serverDAE:train_on_clients:43 - Client 4 gets new best val_loss at epoch #7: 0.002211
2025-09-30 06:47:04.238 | INFO     | agents.servers.serverDAE:train_on_clients:43 - Client 5 gets new best val_loss at epoch #7: 0.002462
2025-09-30 06:47:04.516 | INFO     | agents.servers.serverDAE:train_on_clients:43 - Client 6 gets new best val_loss at epoch #7: 0.002161
2025-09-30 06:47:04.791 | INFO     | agents.servers.serverDAE:train_on_clients:43 - Client 7 gets new best val_loss at epoch #7: 0.002323
2025-09-30 06:47:05.063 | INFO     | agents.servers.serverDAE:train_on_clients:43 - Client 8 gets new best val_loss at epoch #7: 0.002185
2025-09-30 06:47:05.339 | INFO     | agents.servers.serverDAE:train_on_clients:43 - Client 9 gets new best val_loss at epoch #7: 0.002036
2025-09-30 06:47:05.616 | INFO     | agents.servers.serverDAE:train_on_clients:43 - Client 10 gets new best val_loss at epoch #7: 0.002335
2025-09-30 06:47:05.894 | INFO     | agents.servers.serverDAE:train_on_clients:43 - Client 11 gets new best val_loss at epoch #7: 0.002118
2025-09-30 06:47:06.173 | INFO     | agents.servers.serverDAE:train_on_clients:43 - Client 12 gets new best val_loss at epoch #7: 0.002175
2025-09-30 06:47:06.449 | INFO     | agents.servers.serverDAE:train_on_clients:43 - Client 13 gets new best val_loss at epoch #7: 0.002147
2025-09-30 06:47:06.730 | INFO     | agents.servers.serverDAE:train_on_clients:43 - Client 14 gets new best val_loss at epoch #7: 0.002192
2025-09-30 06:47:07.006 | INFO     | agents.servers.serverDAE:train_on_clients:43 - Client 15 gets new best val_loss at epoch #7: 0.002138
2025-09-30 06:47:07.286 | INFO     | agents.servers.serverDAE:train_on_clients:43 - Client 16 gets new best val_loss at epoch #7: 0.002223
2025-09-30 06:47:07.561 | INFO     | agents.servers.serverDAE:train_on_clients:43 - Client 17 gets new best val_loss at epoch #7: 0.001994
2025-09-30 06:47:07.837 | INFO     | agents.servers.serverDAE:train_on_clients:43 - Client 18 gets new best val_loss at epoch #7: 0.002274
2025-09-30 06:47:08.114 | INFO     | agents.servers.serverDAE:train_on_clients:43 - Client 19 gets new best val_loss at epoch #7: 0.002396
2025-09-30 06:47:08.116 | INFO     | agents.servers.serverDAE:train_on_clients:65 - 20 clients still training at epoch #7
2025-09-30 06:47:08.135 | INFO     | agents.servers.serverDAE:train_on_clients:22 - Training DAE model epoch #8
2025-09-30 06:47:08.412 | INFO     | agents.servers.serverDAE:train_on_clients:43 - Client 0 gets new best val_loss at epoch #8: 0.002016
2025-09-30 06:47:08.689 | INFO     | agents.servers.serverDAE:train_on_clients:43 - Client 1 gets new best val_loss at epoch #8: 0.002100
2025-09-30 06:47:08.964 | INFO     | agents.servers.serverDAE:train_on_clients:43 - Client 2 gets new best val_loss at epoch #8: 0.002066
2025-09-30 06:47:09.239 | INFO     | agents.servers.serverDAE:train_on_clients:43 - Client 3 gets new best val_loss at epoch #8: 0.002069
2025-09-30 06:47:09.517 | INFO     | agents.servers.serverDAE:train_on_clients:43 - Client 4 gets new best val_loss at epoch #8: 0.002160
2025-09-30 06:47:09.795 | INFO     | agents.servers.serverDAE:train_on_clients:43 - Client 5 gets new best val_loss at epoch #8: 0.002124
2025-09-30 06:47:10.070 | INFO     | agents.servers.serverDAE:train_on_clients:43 - Client 6 gets new best val_loss at epoch #8: 0.001993
2025-09-30 06:47:10.347 | INFO     | agents.servers.serverDAE:train_on_clients:43 - Client 7 gets new best val_loss at epoch #8: 0.002048
2025-09-30 06:47:10.622 | INFO     | agents.servers.serverDAE:train_on_clients:43 - Client 8 gets new best val_loss at epoch #8: 0.002024
2025-09-30 06:47:10.896 | INFO     | agents.servers.serverDAE:train_on_clients:43 - Client 9 gets new best val_loss at epoch #8: 0.001918
2025-09-30 06:47:11.171 | INFO     | agents.servers.serverDAE:train_on_clients:43 - Client 10 gets new best val_loss at epoch #8: 0.002158
2025-09-30 06:47:11.445 | INFO     | agents.servers.serverDAE:train_on_clients:43 - Client 11 gets new best val_loss at epoch #8: 0.001964
2025-09-30 06:47:11.717 | INFO     | agents.servers.serverDAE:train_on_clients:43 - Client 12 gets new best val_loss at epoch #8: 0.002042
2025-09-30 06:47:11.989 | INFO     | agents.servers.serverDAE:train_on_clients:43 - Client 13 gets new best val_loss at epoch #8: 0.001915
2025-09-30 06:47:12.263 | INFO     | agents.servers.serverDAE:train_on_clients:43 - Client 14 gets new best val_loss at epoch #8: 0.001947
2025-09-30 06:47:12.536 | INFO     | agents.servers.serverDAE:train_on_clients:43 - Client 15 gets new best val_loss at epoch #8: 0.001940
2025-09-30 06:47:12.814 | INFO     | agents.servers.serverDAE:train_on_clients:43 - Client 16 gets new best val_loss at epoch #8: 0.002113
2025-09-30 06:47:13.088 | INFO     | agents.servers.serverDAE:train_on_clients:43 - Client 17 gets new best val_loss at epoch #8: 0.001842
2025-09-30 06:47:13.362 | INFO     | agents.servers.serverDAE:train_on_clients:43 - Client 18 gets new best val_loss at epoch #8: 0.002046
2025-09-30 06:47:13.634 | INFO     | agents.servers.serverDAE:train_on_clients:43 - Client 19 gets new best val_loss at epoch #8: 0.002346
2025-09-30 06:47:13.636 | INFO     | agents.servers.serverDAE:train_on_clients:65 - 20 clients still training at epoch #8
2025-09-30 06:47:13.655 | INFO     | agents.servers.serverDAE:train_on_clients:22 - Training DAE model epoch #9
2025-09-30 06:47:13.928 | INFO     | agents.servers.serverDAE:train_on_clients:43 - Client 0 gets new best val_loss at epoch #9: 0.001895
2025-09-30 06:47:14.203 | INFO     | agents.servers.serverDAE:train_on_clients:43 - Client 1 gets new best val_loss at epoch #9: 0.001971
2025-09-30 06:47:14.478 | INFO     | agents.servers.serverDAE:train_on_clients:43 - Client 2 gets new best val_loss at epoch #9: 0.001957
2025-09-30 06:47:15.031 | INFO     | agents.servers.serverDAE:train_on_clients:43 - Client 4 gets new best val_loss at epoch #9: 0.001961
2025-09-30 06:47:15.311 | INFO     | agents.servers.serverDAE:train_on_clients:43 - Client 5 gets new best val_loss at epoch #9: 0.002033
2025-09-30 06:47:15.587 | INFO     | agents.servers.serverDAE:train_on_clients:43 - Client 6 gets new best val_loss at epoch #9: 0.001864
2025-09-30 06:47:16.141 | INFO     | agents.servers.serverDAE:train_on_clients:43 - Client 8 gets new best val_loss at epoch #9: 0.001851
2025-09-30 06:47:16.417 | INFO     | agents.servers.serverDAE:train_on_clients:43 - Client 9 gets new best val_loss at epoch #9: 0.001883
2025-09-30 06:47:16.694 | INFO     | agents.servers.serverDAE:train_on_clients:43 - Client 10 gets new best val_loss at epoch #9: 0.002053
2025-09-30 06:47:16.972 | INFO     | agents.servers.serverDAE:train_on_clients:43 - Client 11 gets new best val_loss at epoch #9: 0.001856
2025-09-30 06:47:17.251 | INFO     | agents.servers.serverDAE:train_on_clients:43 - Client 12 gets new best val_loss at epoch #9: 0.001911
2025-09-30 06:47:17.531 | INFO     | agents.servers.serverDAE:train_on_clients:43 - Client 13 gets new best val_loss at epoch #9: 0.001841
2025-09-30 06:47:17.808 | INFO     | agents.servers.serverDAE:train_on_clients:43 - Client 14 gets new best val_loss at epoch #9: 0.001838
2025-09-30 06:47:18.088 | INFO     | agents.servers.serverDAE:train_on_clients:43 - Client 15 gets new best val_loss at epoch #9: 0.001827
2025-09-30 06:47:18.365 | INFO     | agents.servers.serverDAE:train_on_clients:43 - Client 16 gets new best val_loss at epoch #9: 0.001923
2025-09-30 06:47:18.642 | INFO     | agents.servers.serverDAE:train_on_clients:43 - Client 17 gets new best val_loss at epoch #9: 0.001714
2025-09-30 06:47:18.917 | INFO     | agents.servers.serverDAE:train_on_clients:43 - Client 18 gets new best val_loss at epoch #9: 0.001921
2025-09-30 06:47:19.193 | INFO     | agents.servers.serverDAE:train_on_clients:43 - Client 19 gets new best val_loss at epoch #9: 0.002057
2025-09-30 06:47:19.195 | INFO     | agents.servers.serverDAE:train_on_clients:65 - 20 clients still training at epoch #9
2025-09-30 06:47:19.213 | INFO     | agents.servers.serverDAE:train_on_clients:22 - Training DAE model epoch #10
2025-09-30 06:47:19.488 | INFO     | agents.servers.serverDAE:train_on_clients:43 - Client 0 gets new best val_loss at epoch #10: 0.001828
2025-09-30 06:47:19.490 | INFO     | agents.servers.serverDAE:train_on_clients:59 - Saved model for client 0 at epoch 10 -> saved_models/DAE/average/wsn_ds/epoch_10_client_0.pt
2025-09-30 06:47:19.762 | INFO     | agents.servers.serverDAE:train_on_clients:43 - Client 1 gets new best val_loss at epoch #10: 0.001959
2025-09-30 06:47:19.763 | INFO     | agents.servers.serverDAE:train_on_clients:59 - Saved model for client 1 at epoch 10 -> saved_models/DAE/average/wsn_ds/epoch_10_client_1.pt
2025-09-30 06:47:20.037 | INFO     | agents.servers.serverDAE:train_on_clients:43 - Client 2 gets new best val_loss at epoch #10: 0.001755
2025-09-30 06:47:20.039 | INFO     | agents.servers.serverDAE:train_on_clients:59 - Saved model for client 2 at epoch 10 -> saved_models/DAE/average/wsn_ds/epoch_10_client_2.pt
2025-09-30 06:47:20.316 | INFO     | agents.servers.serverDAE:train_on_clients:43 - Client 3 gets new best val_loss at epoch #10: 0.001868
2025-09-30 06:47:20.318 | INFO     | agents.servers.serverDAE:train_on_clients:59 - Saved model for client 3 at epoch 10 -> saved_models/DAE/average/wsn_ds/epoch_10_client_3.pt
2025-09-30 06:47:20.592 | INFO     | agents.servers.serverDAE:train_on_clients:43 - Client 4 gets new best val_loss at epoch #10: 0.001893
2025-09-30 06:47:20.594 | INFO     | agents.servers.serverDAE:train_on_clients:59 - Saved model for client 4 at epoch 10 -> saved_models/DAE/average/wsn_ds/epoch_10_client_4.pt
2025-09-30 06:47:20.869 | INFO     | agents.servers.serverDAE:train_on_clients:43 - Client 5 gets new best val_loss at epoch #10: 0.001950
2025-09-30 06:47:20.871 | INFO     | agents.servers.serverDAE:train_on_clients:59 - Saved model for client 5 at epoch 10 -> saved_models/DAE/average/wsn_ds/epoch_10_client_5.pt
2025-09-30 06:47:21.147 | INFO     | agents.servers.serverDAE:train_on_clients:43 - Client 6 gets new best val_loss at epoch #10: 0.001803
2025-09-30 06:47:21.149 | INFO     | agents.servers.serverDAE:train_on_clients:59 - Saved model for client 6 at epoch 10 -> saved_models/DAE/average/wsn_ds/epoch_10_client_6.pt
2025-09-30 06:47:21.426 | INFO     | agents.servers.serverDAE:train_on_clients:43 - Client 7 gets new best val_loss at epoch #10: 0.001838
2025-09-30 06:47:21.428 | INFO     | agents.servers.serverDAE:train_on_clients:59 - Saved model for client 7 at epoch 10 -> saved_models/DAE/average/wsn_ds/epoch_10_client_7.pt
2025-09-30 06:47:21.702 | INFO     | agents.servers.serverDAE:train_on_clients:43 - Client 8 gets new best val_loss at epoch #10: 0.001786
2025-09-30 06:47:21.704 | INFO     | agents.servers.serverDAE:train_on_clients:59 - Saved model for client 8 at epoch 10 -> saved_models/DAE/average/wsn_ds/epoch_10_client_8.pt
2025-09-30 06:47:21.984 | INFO     | agents.servers.serverDAE:train_on_clients:43 - Client 9 gets new best val_loss at epoch #10: 0.001702
2025-09-30 06:47:21.986 | INFO     | agents.servers.serverDAE:train_on_clients:59 - Saved model for client 9 at epoch 10 -> saved_models/DAE/average/wsn_ds/epoch_10_client_9.pt
2025-09-30 06:47:22.266 | INFO     | agents.servers.serverDAE:train_on_clients:43 - Client 10 gets new best val_loss at epoch #10: 0.001869
2025-09-30 06:47:22.267 | INFO     | agents.servers.serverDAE:train_on_clients:59 - Saved model for client 10 at epoch 10 -> saved_models/DAE/average/wsn_ds/epoch_10_client_10.pt
2025-09-30 06:47:22.546 | INFO     | agents.servers.serverDAE:train_on_clients:43 - Client 11 gets new best val_loss at epoch #10: 0.001778
2025-09-30 06:47:22.548 | INFO     | agents.servers.serverDAE:train_on_clients:59 - Saved model for client 11 at epoch 10 -> saved_models/DAE/average/wsn_ds/epoch_10_client_11.pt
2025-09-30 06:47:22.827 | INFO     | agents.servers.serverDAE:train_on_clients:43 - Client 12 gets new best val_loss at epoch #10: 0.001890
2025-09-30 06:47:22.829 | INFO     | agents.servers.serverDAE:train_on_clients:59 - Saved model for client 12 at epoch 10 -> saved_models/DAE/average/wsn_ds/epoch_10_client_12.pt
2025-09-30 06:47:23.107 | INFO     | agents.servers.serverDAE:train_on_clients:43 - Client 13 gets new best val_loss at epoch #10: 0.001706
2025-09-30 06:47:23.109 | INFO     | agents.servers.serverDAE:train_on_clients:59 - Saved model for client 13 at epoch 10 -> saved_models/DAE/average/wsn_ds/epoch_10_client_13.pt
2025-09-30 06:47:23.388 | INFO     | agents.servers.serverDAE:train_on_clients:43 - Client 14 gets new best val_loss at epoch #10: 0.001744
2025-09-30 06:47:23.389 | INFO     | agents.servers.serverDAE:train_on_clients:59 - Saved model for client 14 at epoch 10 -> saved_models/DAE/average/wsn_ds/epoch_10_client_14.pt
2025-09-30 06:47:23.671 | INFO     | agents.servers.serverDAE:train_on_clients:43 - Client 15 gets new best val_loss at epoch #10: 0.001771
2025-09-30 06:47:23.673 | INFO     | agents.servers.serverDAE:train_on_clients:59 - Saved model for client 15 at epoch 10 -> saved_models/DAE/average/wsn_ds/epoch_10_client_15.pt
2025-09-30 06:47:23.955 | INFO     | agents.servers.serverDAE:train_on_clients:43 - Client 16 gets new best val_loss at epoch #10: 0.001878
2025-09-30 06:47:23.956 | INFO     | agents.servers.serverDAE:train_on_clients:59 - Saved model for client 16 at epoch 10 -> saved_models/DAE/average/wsn_ds/epoch_10_client_16.pt
2025-09-30 06:47:24.237 | INFO     | agents.servers.serverDAE:train_on_clients:59 - Saved model for client 17 at epoch 10 -> saved_models/DAE/average/wsn_ds/epoch_10_client_17.pt
2025-09-30 06:47:24.510 | INFO     | agents.servers.serverDAE:train_on_clients:59 - Saved model for client 18 at epoch 10 -> saved_models/DAE/average/wsn_ds/epoch_10_client_18.pt
2025-09-30 06:47:24.787 | INFO     | agents.servers.serverDAE:train_on_clients:43 - Client 19 gets new best val_loss at epoch #10: 0.001906
2025-09-30 06:47:24.788 | INFO     | agents.servers.serverDAE:train_on_clients:59 - Saved model for client 19 at epoch 10 -> saved_models/DAE/average/wsn_ds/epoch_10_client_19.pt
2025-09-30 06:47:24.790 | INFO     | agents.servers.serverDAE:train_on_clients:65 - 20 clients still training at epoch #10
2025-09-30 06:47:24.808 | INFO     | agents.servers.serverDAE:train_on_clients:22 - Training DAE model epoch #11
2025-09-30 06:47:25.089 | INFO     | agents.servers.serverDAE:train_on_clients:43 - Client 0 gets new best val_loss at epoch #11: 0.001696
2025-09-30 06:47:25.368 | INFO     | agents.servers.serverDAE:train_on_clients:43 - Client 1 gets new best val_loss at epoch #11: 0.001826
2025-09-30 06:47:25.647 | INFO     | agents.servers.serverDAE:train_on_clients:43 - Client 2 gets new best val_loss at epoch #11: 0.001724
2025-09-30 06:47:25.930 | INFO     | agents.servers.serverDAE:train_on_clients:43 - Client 3 gets new best val_loss at epoch #11: 0.001767
2025-09-30 06:47:26.208 | INFO     | agents.servers.serverDAE:train_on_clients:43 - Client 4 gets new best val_loss at epoch #11: 0.001841
2025-09-30 06:47:26.498 | INFO     | agents.servers.serverDAE:train_on_clients:43 - Client 5 gets new best val_loss at epoch #11: 0.001831
2025-09-30 06:47:26.798 | INFO     | agents.servers.serverDAE:train_on_clients:43 - Client 6 gets new best val_loss at epoch #11: 0.001656
2025-09-30 06:47:27.080 | INFO     | agents.servers.serverDAE:train_on_clients:43 - Client 7 gets new best val_loss at epoch #11: 0.001761
2025-09-30 06:47:27.362 | INFO     | agents.servers.serverDAE:train_on_clients:43 - Client 8 gets new best val_loss at epoch #11: 0.001644
2025-09-30 06:47:27.951 | INFO     | agents.servers.serverDAE:train_on_clients:43 - Client 10 gets new best val_loss at epoch #11: 0.001773
2025-09-30 06:47:28.230 | INFO     | agents.servers.serverDAE:train_on_clients:43 - Client 11 gets new best val_loss at epoch #11: 0.001647
2025-09-30 06:47:28.508 | INFO     | agents.servers.serverDAE:train_on_clients:43 - Client 12 gets new best val_loss at epoch #11: 0.001775
2025-09-30 06:47:29.090 | INFO     | agents.servers.serverDAE:train_on_clients:43 - Client 14 gets new best val_loss at epoch #11: 0.001653
2025-09-30 06:47:29.371 | INFO     | agents.servers.serverDAE:train_on_clients:43 - Client 15 gets new best val_loss at epoch #11: 0.001642
2025-09-30 06:47:29.648 | INFO     | agents.servers.serverDAE:train_on_clients:43 - Client 16 gets new best val_loss at epoch #11: 0.001756
2025-09-30 06:47:29.932 | INFO     | agents.servers.serverDAE:train_on_clients:43 - Client 17 gets new best val_loss at epoch #11: 0.001499
2025-09-30 06:47:30.215 | INFO     | agents.servers.serverDAE:train_on_clients:43 - Client 18 gets new best val_loss at epoch #11: 0.001743
2025-09-30 06:47:30.496 | INFO     | agents.servers.serverDAE:train_on_clients:65 - 20 clients still training at epoch #11
2025-09-30 06:47:30.514 | INFO     | agents.servers.serverDAE:train_on_clients:22 - Training DAE model epoch #12
2025-09-30 06:47:30.796 | INFO     | agents.servers.serverDAE:train_on_clients:43 - Client 0 gets new best val_loss at epoch #12: 0.001579
2025-09-30 06:47:31.079 | INFO     | agents.servers.serverDAE:train_on_clients:43 - Client 1 gets new best val_loss at epoch #12: 0.001648
2025-09-30 06:47:31.362 | INFO     | agents.servers.serverDAE:train_on_clients:43 - Client 2 gets new best val_loss at epoch #12: 0.001513
2025-09-30 06:47:31.644 | INFO     | agents.servers.serverDAE:train_on_clients:43 - Client 3 gets new best val_loss at epoch #12: 0.001621
2025-09-30 06:47:31.930 | INFO     | agents.servers.serverDAE:train_on_clients:43 - Client 4 gets new best val_loss at epoch #12: 0.001600
2025-09-30 06:47:32.214 | INFO     | agents.servers.serverDAE:train_on_clients:43 - Client 5 gets new best val_loss at epoch #12: 0.001678
2025-09-30 06:47:32.497 | INFO     | agents.servers.serverDAE:train_on_clients:43 - Client 6 gets new best val_loss at epoch #12: 0.001577
2025-09-30 06:47:32.779 | INFO     | agents.servers.serverDAE:train_on_clients:43 - Client 7 gets new best val_loss at epoch #12: 0.001590
2025-09-30 06:47:33.063 | INFO     | agents.servers.serverDAE:train_on_clients:43 - Client 8 gets new best val_loss at epoch #12: 0.001546
2025-09-30 06:47:33.344 | INFO     | agents.servers.serverDAE:train_on_clients:43 - Client 9 gets new best val_loss at epoch #12: 0.001521
2025-09-30 06:47:33.622 | INFO     | agents.servers.serverDAE:train_on_clients:43 - Client 10 gets new best val_loss at epoch #12: 0.001695
2025-09-30 06:47:33.901 | INFO     | agents.servers.serverDAE:train_on_clients:43 - Client 11 gets new best val_loss at epoch #12: 0.001505
2025-09-30 06:47:34.179 | INFO     | agents.servers.serverDAE:train_on_clients:43 - Client 12 gets new best val_loss at epoch #12: 0.001742
2025-09-30 06:47:34.462 | INFO     | agents.servers.serverDAE:train_on_clients:43 - Client 13 gets new best val_loss at epoch #12: 0.001570
2025-09-30 06:47:34.740 | INFO     | agents.servers.serverDAE:train_on_clients:43 - Client 14 gets new best val_loss at epoch #12: 0.001570
2025-09-30 06:47:35.023 | INFO     | agents.servers.serverDAE:train_on_clients:43 - Client 15 gets new best val_loss at epoch #12: 0.001565
2025-09-30 06:47:35.305 | INFO     | agents.servers.serverDAE:train_on_clients:43 - Client 16 gets new best val_loss at epoch #12: 0.001717
2025-09-30 06:47:35.588 | INFO     | agents.servers.serverDAE:train_on_clients:43 - Client 17 gets new best val_loss at epoch #12: 0.001489
2025-09-30 06:47:36.149 | INFO     | agents.servers.serverDAE:train_on_clients:43 - Client 19 gets new best val_loss at epoch #12: 0.001674
2025-09-30 06:47:36.151 | INFO     | agents.servers.serverDAE:train_on_clients:65 - 20 clients still training at epoch #12
2025-09-30 06:47:36.170 | INFO     | agents.servers.serverDAE:train_on_clients:22 - Training DAE model epoch #13
2025-09-30 06:47:36.451 | INFO     | agents.servers.serverDAE:train_on_clients:43 - Client 0 gets new best val_loss at epoch #13: 0.001469
2025-09-30 06:47:37.009 | INFO     | agents.servers.serverDAE:train_on_clients:43 - Client 2 gets new best val_loss at epoch #13: 0.001459
2025-09-30 06:47:37.287 | INFO     | agents.servers.serverDAE:train_on_clients:43 - Client 3 gets new best val_loss at epoch #13: 0.001524
2025-09-30 06:47:37.837 | INFO     | agents.servers.serverDAE:train_on_clients:43 - Client 5 gets new best val_loss at epoch #13: 0.001579
2025-09-30 06:47:38.112 | INFO     | agents.servers.serverDAE:train_on_clients:43 - Client 6 gets new best val_loss at epoch #13: 0.001490
2025-09-30 06:47:38.662 | INFO     | agents.servers.serverDAE:train_on_clients:43 - Client 8 gets new best val_loss at epoch #13: 0.001497
2025-09-30 06:47:38.942 | INFO     | agents.servers.serverDAE:train_on_clients:43 - Client 9 gets new best val_loss at epoch #13: 0.001505
2025-09-30 06:47:39.776 | INFO     | agents.servers.serverDAE:train_on_clients:43 - Client 12 gets new best val_loss at epoch #13: 0.001674
2025-09-30 06:47:40.056 | INFO     | agents.servers.serverDAE:train_on_clients:43 - Client 13 gets new best val_loss at epoch #13: 0.001530
2025-09-30 06:47:40.336 | INFO     | agents.servers.serverDAE:train_on_clients:43 - Client 14 gets new best val_loss at epoch #13: 0.001476
2025-09-30 06:47:40.613 | INFO     | agents.servers.serverDAE:train_on_clients:43 - Client 15 gets new best val_loss at epoch #13: 0.001451
2025-09-30 06:47:40.889 | INFO     | agents.servers.serverDAE:train_on_clients:43 - Client 16 gets new best val_loss at epoch #13: 0.001634
2025-09-30 06:47:41.167 | INFO     | agents.servers.serverDAE:train_on_clients:43 - Client 17 gets new best val_loss at epoch #13: 0.001395
2025-09-30 06:47:41.448 | INFO     | agents.servers.serverDAE:train_on_clients:43 - Client 18 gets new best val_loss at epoch #13: 0.001494
2025-09-30 06:47:41.727 | INFO     | agents.servers.serverDAE:train_on_clients:43 - Client 19 gets new best val_loss at epoch #13: 0.001578
2025-09-30 06:47:41.729 | INFO     | agents.servers.serverDAE:train_on_clients:65 - 20 clients still training at epoch #13
2025-09-30 06:47:41.747 | INFO     | agents.servers.serverDAE:train_on_clients:22 - Training DAE model epoch #14
2025-09-30 06:47:42.025 | INFO     | agents.servers.serverDAE:train_on_clients:43 - Client 0 gets new best val_loss at epoch #14: 0.001439
2025-09-30 06:47:42.304 | INFO     | agents.servers.serverDAE:train_on_clients:43 - Client 1 gets new best val_loss at epoch #14: 0.001517
2025-09-30 06:47:42.584 | INFO     | agents.servers.serverDAE:train_on_clients:43 - Client 2 gets new best val_loss at epoch #14: 0.001362
2025-09-30 06:47:43.146 | INFO     | agents.servers.serverDAE:train_on_clients:43 - Client 4 gets new best val_loss at epoch #14: 0.001470
2025-09-30 06:47:43.424 | INFO     | agents.servers.serverDAE:train_on_clients:43 - Client 5 gets new best val_loss at epoch #14: 0.001524
2025-09-30 06:47:43.702 | INFO     | agents.servers.serverDAE:train_on_clients:43 - Client 6 gets new best val_loss at epoch #14: 0.001397
2025-09-30 06:47:43.981 | INFO     | agents.servers.serverDAE:train_on_clients:43 - Client 7 gets new best val_loss at epoch #14: 0.001420
2025-09-30 06:47:44.257 | INFO     | agents.servers.serverDAE:train_on_clients:43 - Client 8 gets new best val_loss at epoch #14: 0.001398
2025-09-30 06:47:44.538 | INFO     | agents.servers.serverDAE:train_on_clients:43 - Client 9 gets new best val_loss at epoch #14: 0.001391
2025-09-30 06:47:44.817 | INFO     | agents.servers.serverDAE:train_on_clients:43 - Client 10 gets new best val_loss at epoch #14: 0.001599
2025-09-30 06:47:45.093 | INFO     | agents.servers.serverDAE:train_on_clients:43 - Client 11 gets new best val_loss at epoch #14: 0.001363
2025-09-30 06:47:45.371 | INFO     | agents.servers.serverDAE:train_on_clients:43 - Client 12 gets new best val_loss at epoch #14: 0.001541
2025-09-30 06:47:45.650 | INFO     | agents.servers.serverDAE:train_on_clients:43 - Client 13 gets new best val_loss at epoch #14: 0.001370
2025-09-30 06:47:45.927 | INFO     | agents.servers.serverDAE:train_on_clients:43 - Client 14 gets new best val_loss at epoch #14: 0.001395
2025-09-30 06:47:46.489 | INFO     | agents.servers.serverDAE:train_on_clients:43 - Client 16 gets new best val_loss at epoch #14: 0.001505
2025-09-30 06:47:46.770 | INFO     | agents.servers.serverDAE:train_on_clients:43 - Client 17 gets new best val_loss at epoch #14: 0.001270
2025-09-30 06:47:47.330 | INFO     | agents.servers.serverDAE:train_on_clients:43 - Client 19 gets new best val_loss at epoch #14: 0.001468
2025-09-30 06:47:47.332 | INFO     | agents.servers.serverDAE:train_on_clients:65 - 20 clients still training at epoch #14
2025-09-30 06:47:47.351 | INFO     | agents.servers.serverDAE:train_on_clients:22 - Training DAE model epoch #15
2025-09-30 06:47:47.631 | INFO     | agents.servers.serverDAE:train_on_clients:43 - Client 0 gets new best val_loss at epoch #15: 0.001390
2025-09-30 06:47:48.193 | INFO     | agents.servers.serverDAE:train_on_clients:43 - Client 2 gets new best val_loss at epoch #15: 0.001334
2025-09-30 06:47:48.473 | INFO     | agents.servers.serverDAE:train_on_clients:43 - Client 3 gets new best val_loss at epoch #15: 0.001399
2025-09-30 06:47:49.034 | INFO     | agents.servers.serverDAE:train_on_clients:43 - Client 5 gets new best val_loss at epoch #15: 0.001395
2025-09-30 06:47:50.160 | INFO     | agents.servers.serverDAE:train_on_clients:43 - Client 9 gets new best val_loss at epoch #15: 0.001390
2025-09-30 06:47:50.443 | INFO     | agents.servers.serverDAE:train_on_clients:43 - Client 10 gets new best val_loss at epoch #15: 0.001488
2025-09-30 06:47:50.725 | INFO     | agents.servers.serverDAE:train_on_clients:43 - Client 11 gets new best val_loss at epoch #15: 0.001341
2025-09-30 06:47:51.008 | INFO     | agents.servers.serverDAE:train_on_clients:43 - Client 12 gets new best val_loss at epoch #15: 0.001453
2025-09-30 06:47:51.289 | INFO     | agents.servers.serverDAE:train_on_clients:43 - Client 13 gets new best val_loss at epoch #15: 0.001352
2025-09-30 06:47:51.569 | INFO     | agents.servers.serverDAE:train_on_clients:43 - Client 14 gets new best val_loss at epoch #15: 0.001384
2025-09-30 06:47:51.849 | INFO     | agents.servers.serverDAE:train_on_clients:43 - Client 15 gets new best val_loss at epoch #15: 0.001360
2025-09-30 06:47:52.133 | INFO     | agents.servers.serverDAE:train_on_clients:43 - Client 16 gets new best val_loss at epoch #15: 0.001463
2025-09-30 06:47:52.973 | INFO     | agents.servers.serverDAE:train_on_clients:65 - 20 clients still training at epoch #15
2025-09-30 06:47:52.991 | INFO     | agents.servers.serverDAE:train_on_clients:22 - Training DAE model epoch #16
2025-09-30 06:47:53.270 | INFO     | agents.servers.serverDAE:train_on_clients:43 - Client 0 gets new best val_loss at epoch #16: 0.001335
2025-09-30 06:47:53.551 | INFO     | agents.servers.serverDAE:train_on_clients:43 - Client 1 gets new best val_loss at epoch #16: 0.001508
2025-09-30 06:47:53.833 | INFO     | agents.servers.serverDAE:train_on_clients:43 - Client 2 gets new best val_loss at epoch #16: 0.001273
2025-09-30 06:47:54.393 | INFO     | agents.servers.serverDAE:train_on_clients:43 - Client 4 gets new best val_loss at epoch #16: 0.001358
2025-09-30 06:47:54.675 | INFO     | agents.servers.serverDAE:train_on_clients:43 - Client 5 gets new best val_loss at epoch #16: 0.001395
2025-09-30 06:47:54.957 | INFO     | agents.servers.serverDAE:train_on_clients:43 - Client 6 gets new best val_loss at epoch #16: 0.001326
2025-09-30 06:47:55.238 | INFO     | agents.servers.serverDAE:train_on_clients:43 - Client 7 gets new best val_loss at epoch #16: 0.001362
2025-09-30 06:47:55.521 | INFO     | agents.servers.serverDAE:train_on_clients:43 - Client 8 gets new best val_loss at epoch #16: 0.001396
2025-09-30 06:47:55.805 | INFO     | agents.servers.serverDAE:train_on_clients:43 - Client 9 gets new best val_loss at epoch #16: 0.001319
2025-09-30 06:47:56.087 | INFO     | agents.servers.serverDAE:train_on_clients:43 - Client 10 gets new best val_loss at epoch #16: 0.001428
2025-09-30 06:47:56.650 | INFO     | agents.servers.serverDAE:train_on_clients:43 - Client 12 gets new best val_loss at epoch #16: 0.001359
2025-09-30 06:47:57.212 | INFO     | agents.servers.serverDAE:train_on_clients:43 - Client 14 gets new best val_loss at epoch #16: 0.001367
2025-09-30 06:47:57.496 | INFO     | agents.servers.serverDAE:train_on_clients:43 - Client 15 gets new best val_loss at epoch #16: 0.001334
2025-09-30 06:47:57.776 | INFO     | agents.servers.serverDAE:train_on_clients:43 - Client 16 gets new best val_loss at epoch #16: 0.001439
2025-09-30 06:47:58.055 | INFO     | agents.servers.serverDAE:train_on_clients:43 - Client 17 gets new best val_loss at epoch #16: 0.001220
2025-09-30 06:47:58.339 | INFO     | agents.servers.serverDAE:train_on_clients:43 - Client 18 gets new best val_loss at epoch #16: 0.001309
2025-09-30 06:47:58.621 | INFO     | agents.servers.serverDAE:train_on_clients:43 - Client 19 gets new best val_loss at epoch #16: 0.001431
2025-09-30 06:47:58.623 | INFO     | agents.servers.serverDAE:train_on_clients:65 - 20 clients still training at epoch #16
2025-09-30 06:47:58.642 | INFO     | agents.servers.serverDAE:train_on_clients:22 - Training DAE model epoch #17
2025-09-30 06:47:58.923 | INFO     | agents.servers.serverDAE:train_on_clients:43 - Client 0 gets new best val_loss at epoch #17: 0.001301
2025-09-30 06:47:59.205 | INFO     | agents.servers.serverDAE:train_on_clients:43 - Client 1 gets new best val_loss at epoch #17: 0.001364
2025-09-30 06:47:59.488 | INFO     | agents.servers.serverDAE:train_on_clients:43 - Client 2 gets new best val_loss at epoch #17: 0.001254
2025-09-30 06:47:59.771 | INFO     | agents.servers.serverDAE:train_on_clients:43 - Client 3 gets new best val_loss at epoch #17: 0.001335
2025-09-30 06:48:01.172 | INFO     | agents.servers.serverDAE:train_on_clients:43 - Client 8 gets new best val_loss at epoch #17: 0.001234
2025-09-30 06:48:01.450 | INFO     | agents.servers.serverDAE:train_on_clients:43 - Client 9 gets new best val_loss at epoch #17: 0.001280
2025-09-30 06:48:02.293 | INFO     | agents.servers.serverDAE:train_on_clients:43 - Client 12 gets new best val_loss at epoch #17: 0.001313
2025-09-30 06:48:02.574 | INFO     | agents.servers.serverDAE:train_on_clients:43 - Client 13 gets new best val_loss at epoch #17: 0.001234
2025-09-30 06:48:02.855 | INFO     | agents.servers.serverDAE:train_on_clients:43 - Client 14 gets new best val_loss at epoch #17: 0.001283
2025-09-30 06:48:03.135 | INFO     | agents.servers.serverDAE:train_on_clients:43 - Client 15 gets new best val_loss at epoch #17: 0.001280
2025-09-30 06:48:03.409 | INFO     | agents.servers.serverDAE:train_on_clients:43 - Client 16 gets new best val_loss at epoch #17: 0.001371
2025-09-30 06:48:03.692 | INFO     | agents.servers.serverDAE:train_on_clients:43 - Client 17 gets new best val_loss at epoch #17: 0.001213
2025-09-30 06:48:04.253 | INFO     | agents.servers.serverDAE:train_on_clients:43 - Client 19 gets new best val_loss at epoch #17: 0.001338
2025-09-30 06:48:04.254 | INFO     | agents.servers.serverDAE:train_on_clients:65 - 20 clients still training at epoch #17
2025-09-30 06:48:04.273 | INFO     | agents.servers.serverDAE:train_on_clients:22 - Training DAE model epoch #18
2025-09-30 06:48:04.556 | INFO     | agents.servers.serverDAE:train_on_clients:43 - Client 0 gets new best val_loss at epoch #18: 0.001235
2025-09-30 06:48:05.673 | INFO     | agents.servers.serverDAE:train_on_clients:43 - Client 4 gets new best val_loss at epoch #18: 0.001268
2025-09-30 06:48:06.241 | INFO     | agents.servers.serverDAE:train_on_clients:43 - Client 6 gets new best val_loss at epoch #18: 0.001257
2025-09-30 06:48:06.525 | INFO     | agents.servers.serverDAE:train_on_clients:43 - Client 7 gets new best val_loss at epoch #18: 0.001282
2025-09-30 06:48:07.088 | INFO     | agents.servers.serverDAE:train_on_clients:43 - Client 9 gets new best val_loss at epoch #18: 0.001237
2025-09-30 06:48:07.371 | INFO     | agents.servers.serverDAE:train_on_clients:43 - Client 10 gets new best val_loss at epoch #18: 0.001343
2025-09-30 06:48:07.655 | INFO     | agents.servers.serverDAE:train_on_clients:43 - Client 11 gets new best val_loss at epoch #18: 0.001227
2025-09-30 06:48:07.937 | INFO     | agents.servers.serverDAE:train_on_clients:43 - Client 12 gets new best val_loss at epoch #18: 0.001292
2025-09-30 06:48:08.221 | INFO     | agents.servers.serverDAE:train_on_clients:43 - Client 13 gets new best val_loss at epoch #18: 0.001226
2025-09-30 06:48:08.506 | INFO     | agents.servers.serverDAE:train_on_clients:43 - Client 14 gets new best val_loss at epoch #18: 0.001216
2025-09-30 06:48:09.349 | INFO     | agents.servers.serverDAE:train_on_clients:43 - Client 17 gets new best val_loss at epoch #18: 0.001155
2025-09-30 06:48:09.634 | INFO     | agents.servers.serverDAE:train_on_clients:43 - Client 18 gets new best val_loss at epoch #18: 0.001291
2025-09-30 06:48:09.916 | INFO     | agents.servers.serverDAE:train_on_clients:65 - 20 clients still training at epoch #18
2025-09-30 06:48:09.935 | INFO     | agents.servers.serverDAE:train_on_clients:22 - Training DAE model epoch #19
2025-09-30 06:48:10.778 | INFO     | agents.servers.serverDAE:train_on_clients:43 - Client 2 gets new best val_loss at epoch #19: 0.001168
2025-09-30 06:48:11.060 | INFO     | agents.servers.serverDAE:train_on_clients:43 - Client 3 gets new best val_loss at epoch #19: 0.001293
2025-09-30 06:48:11.344 | INFO     | agents.servers.serverDAE:train_on_clients:43 - Client 4 gets new best val_loss at epoch #19: 0.001265
2025-09-30 06:48:11.627 | INFO     | agents.servers.serverDAE:train_on_clients:43 - Client 5 gets new best val_loss at epoch #19: 0.001315
2025-09-30 06:48:11.910 | INFO     | agents.servers.serverDAE:train_on_clients:43 - Client 6 gets new best val_loss at epoch #19: 0.001227
2025-09-30 06:48:12.193 | INFO     | agents.servers.serverDAE:train_on_clients:43 - Client 7 gets new best val_loss at epoch #19: 0.001279
2025-09-30 06:48:12.477 | INFO     | agents.servers.serverDAE:train_on_clients:43 - Client 8 gets new best val_loss at epoch #19: 0.001224
2025-09-30 06:48:12.762 | INFO     | agents.servers.serverDAE:train_on_clients:43 - Client 9 gets new best val_loss at epoch #19: 0.001232
2025-09-30 06:48:13.047 | INFO     | agents.servers.serverDAE:train_on_clients:43 - Client 10 gets new best val_loss at epoch #19: 0.001300
2025-09-30 06:48:13.326 | INFO     | agents.servers.serverDAE:train_on_clients:43 - Client 11 gets new best val_loss at epoch #19: 0.001213
2025-09-30 06:48:13.884 | INFO     | agents.servers.serverDAE:train_on_clients:43 - Client 13 gets new best val_loss at epoch #19: 0.001166
2025-09-30 06:48:14.167 | INFO     | agents.servers.serverDAE:train_on_clients:43 - Client 14 gets new best val_loss at epoch #19: 0.001210
2025-09-30 06:48:14.449 | INFO     | agents.servers.serverDAE:train_on_clients:43 - Client 15 gets new best val_loss at epoch #19: 0.001239
2025-09-30 06:48:14.731 | INFO     | agents.servers.serverDAE:train_on_clients:43 - Client 16 gets new best val_loss at epoch #19: 0.001345
2025-09-30 06:48:15.014 | INFO     | agents.servers.serverDAE:train_on_clients:43 - Client 17 gets new best val_loss at epoch #19: 0.001150
2025-09-30 06:48:15.294 | INFO     | agents.servers.serverDAE:train_on_clients:43 - Client 18 gets new best val_loss at epoch #19: 0.001246
2025-09-30 06:48:15.574 | INFO     | agents.servers.serverDAE:train_on_clients:65 - 20 clients still training at epoch #19
2025-09-30 06:48:15.592 | INFO     | agents.servers.serverDAE:train_on_clients:22 - Training DAE model epoch #20
2025-09-30 06:48:15.872 | INFO     | agents.servers.serverDAE:train_on_clients:59 - Saved model for client 0 at epoch 20 -> saved_models/DAE/average/wsn_ds/epoch_20_client_0.pt
2025-09-30 06:48:16.156 | INFO     | agents.servers.serverDAE:train_on_clients:43 - Client 1 gets new best val_loss at epoch #20: 0.001302
2025-09-30 06:48:16.157 | INFO     | agents.servers.serverDAE:train_on_clients:59 - Saved model for client 1 at epoch 20 -> saved_models/DAE/average/wsn_ds/epoch_20_client_1.pt
2025-09-30 06:48:16.442 | INFO     | agents.servers.serverDAE:train_on_clients:59 - Saved model for client 2 at epoch 20 -> saved_models/DAE/average/wsn_ds/epoch_20_client_2.pt
2025-09-30 06:48:16.728 | INFO     | agents.servers.serverDAE:train_on_clients:43 - Client 3 gets new best val_loss at epoch #20: 0.001242
2025-09-30 06:48:16.729 | INFO     | agents.servers.serverDAE:train_on_clients:59 - Saved model for client 3 at epoch 20 -> saved_models/DAE/average/wsn_ds/epoch_20_client_3.pt
2025-09-30 06:48:17.010 | INFO     | agents.servers.serverDAE:train_on_clients:59 - Saved model for client 4 at epoch 20 -> saved_models/DAE/average/wsn_ds/epoch_20_client_4.pt
2025-09-30 06:48:17.292 | INFO     | agents.servers.serverDAE:train_on_clients:43 - Client 5 gets new best val_loss at epoch #20: 0.001266
2025-09-30 06:48:17.293 | INFO     | agents.servers.serverDAE:train_on_clients:59 - Saved model for client 5 at epoch 20 -> saved_models/DAE/average/wsn_ds/epoch_20_client_5.pt
2025-09-30 06:48:17.573 | INFO     | agents.servers.serverDAE:train_on_clients:43 - Client 6 gets new best val_loss at epoch #20: 0.001184
2025-09-30 06:48:17.575 | INFO     | agents.servers.serverDAE:train_on_clients:59 - Saved model for client 6 at epoch 20 -> saved_models/DAE/average/wsn_ds/epoch_20_client_6.pt
2025-09-30 06:48:17.854 | INFO     | agents.servers.serverDAE:train_on_clients:43 - Client 7 gets new best val_loss at epoch #20: 0.001229
2025-09-30 06:48:17.856 | INFO     | agents.servers.serverDAE:train_on_clients:59 - Saved model for client 7 at epoch 20 -> saved_models/DAE/average/wsn_ds/epoch_20_client_7.pt
2025-09-30 06:48:18.135 | INFO     | agents.servers.serverDAE:train_on_clients:43 - Client 8 gets new best val_loss at epoch #20: 0.001151
2025-09-30 06:48:18.136 | INFO     | agents.servers.serverDAE:train_on_clients:59 - Saved model for client 8 at epoch 20 -> saved_models/DAE/average/wsn_ds/epoch_20_client_8.pt
2025-09-30 06:48:18.415 | INFO     | agents.servers.serverDAE:train_on_clients:43 - Client 9 gets new best val_loss at epoch #20: 0.001207
2025-09-30 06:48:18.417 | INFO     | agents.servers.serverDAE:train_on_clients:59 - Saved model for client 9 at epoch 20 -> saved_models/DAE/average/wsn_ds/epoch_20_client_9.pt
2025-09-30 06:48:18.693 | INFO     | agents.servers.serverDAE:train_on_clients:59 - Saved model for client 10 at epoch 20 -> saved_models/DAE/average/wsn_ds/epoch_20_client_10.pt
2025-09-30 06:48:18.971 | INFO     | agents.servers.serverDAE:train_on_clients:43 - Client 11 gets new best val_loss at epoch #20: 0.001190
2025-09-30 06:48:18.973 | INFO     | agents.servers.serverDAE:train_on_clients:59 - Saved model for client 11 at epoch 20 -> saved_models/DAE/average/wsn_ds/epoch_20_client_11.pt
2025-09-30 06:48:19.251 | INFO     | agents.servers.serverDAE:train_on_clients:43 - Client 12 gets new best val_loss at epoch #20: 0.001288
2025-09-30 06:48:19.252 | INFO     | agents.servers.serverDAE:train_on_clients:59 - Saved model for client 12 at epoch 20 -> saved_models/DAE/average/wsn_ds/epoch_20_client_12.pt
2025-09-30 06:48:19.533 | INFO     | agents.servers.serverDAE:train_on_clients:59 - Saved model for client 13 at epoch 20 -> saved_models/DAE/average/wsn_ds/epoch_20_client_13.pt
2025-09-30 06:48:19.812 | INFO     | agents.servers.serverDAE:train_on_clients:43 - Client 14 gets new best val_loss at epoch #20: 0.001179
2025-09-30 06:48:19.814 | INFO     | agents.servers.serverDAE:train_on_clients:59 - Saved model for client 14 at epoch 20 -> saved_models/DAE/average/wsn_ds/epoch_20_client_14.pt
2025-09-30 06:48:20.092 | INFO     | agents.servers.serverDAE:train_on_clients:43 - Client 15 gets new best val_loss at epoch #20: 0.001233
2025-09-30 06:48:20.094 | INFO     | agents.servers.serverDAE:train_on_clients:59 - Saved model for client 15 at epoch 20 -> saved_models/DAE/average/wsn_ds/epoch_20_client_15.pt
2025-09-30 06:48:20.372 | INFO     | agents.servers.serverDAE:train_on_clients:59 - Saved model for client 16 at epoch 20 -> saved_models/DAE/average/wsn_ds/epoch_20_client_16.pt
2025-09-30 06:48:20.651 | INFO     | agents.servers.serverDAE:train_on_clients:59 - Saved model for client 17 at epoch 20 -> saved_models/DAE/average/wsn_ds/epoch_20_client_17.pt
2025-09-30 06:48:20.932 | INFO     | agents.servers.serverDAE:train_on_clients:59 - Saved model for client 18 at epoch 20 -> saved_models/DAE/average/wsn_ds/epoch_20_client_18.pt
2025-09-30 06:48:21.212 | INFO     | agents.servers.serverDAE:train_on_clients:59 - Saved model for client 19 at epoch 20 -> saved_models/DAE/average/wsn_ds/epoch_20_client_19.pt
2025-09-30 06:48:21.214 | INFO     | agents.servers.serverDAE:train_on_clients:65 - 20 clients still training at epoch #20
2025-09-30 06:48:21.233 | INFO     | agents.servers.serverDAE:train_on_clients:22 - Training DAE model epoch #21
2025-09-30 06:48:21.513 | INFO     | agents.servers.serverDAE:train_on_clients:43 - Client 0 gets new best val_loss at epoch #21: 0.001213
2025-09-30 06:48:21.793 | INFO     | agents.servers.serverDAE:train_on_clients:43 - Client 1 gets new best val_loss at epoch #21: 0.001273
2025-09-30 06:48:22.347 | INFO     | agents.servers.serverDAE:train_on_clients:43 - Client 3 gets new best val_loss at epoch #21: 0.001230
2025-09-30 06:48:22.907 | INFO     | agents.servers.serverDAE:train_on_clients:43 - Client 5 gets new best val_loss at epoch #21: 0.001262
2025-09-30 06:48:23.469 | INFO     | agents.servers.serverDAE:train_on_clients:43 - Client 7 gets new best val_loss at epoch #21: 0.001227
2025-09-30 06:48:24.035 | INFO     | agents.servers.serverDAE:train_on_clients:43 - Client 9 gets new best val_loss at epoch #21: 0.001192
2025-09-30 06:48:24.315 | INFO     | agents.servers.serverDAE:train_on_clients:43 - Client 10 gets new best val_loss at epoch #21: 0.001279
2025-09-30 06:48:24.599 | INFO     | agents.servers.serverDAE:train_on_clients:43 - Client 11 gets new best val_loss at epoch #21: 0.001149
2025-09-30 06:48:24.880 | INFO     | agents.servers.serverDAE:train_on_clients:43 - Client 12 gets new best val_loss at epoch #21: 0.001231
2025-09-30 06:48:25.444 | INFO     | agents.servers.serverDAE:train_on_clients:43 - Client 14 gets new best val_loss at epoch #21: 0.001162
2025-09-30 06:48:25.727 | INFO     | agents.servers.serverDAE:train_on_clients:43 - Client 15 gets new best val_loss at epoch #21: 0.001197
2025-09-30 06:48:26.011 | INFO     | agents.servers.serverDAE:train_on_clients:43 - Client 16 gets new best val_loss at epoch #21: 0.001287
2025-09-30 06:48:26.289 | INFO     | agents.servers.serverDAE:train_on_clients:43 - Client 17 gets new best val_loss at epoch #21: 0.001094
2025-09-30 06:48:26.571 | INFO     | agents.servers.serverDAE:train_on_clients:43 - Client 18 gets new best val_loss at epoch #21: 0.001242
2025-09-30 06:48:26.854 | INFO     | agents.servers.serverDAE:train_on_clients:43 - Client 19 gets new best val_loss at epoch #21: 0.001283
2025-09-30 06:48:26.856 | INFO     | agents.servers.serverDAE:train_on_clients:65 - 20 clients still training at epoch #21
2025-09-30 06:48:26.875 | INFO     | agents.servers.serverDAE:train_on_clients:22 - Training DAE model epoch #22
2025-09-30 06:48:27.157 | INFO     | agents.servers.serverDAE:train_on_clients:43 - Client 0 gets new best val_loss at epoch #22: 0.001148
2025-09-30 06:48:27.726 | INFO     | agents.servers.serverDAE:train_on_clients:43 - Client 2 gets new best val_loss at epoch #22: 0.001150
2025-09-30 06:48:28.573 | INFO     | agents.servers.serverDAE:train_on_clients:43 - Client 5 gets new best val_loss at epoch #22: 0.001256
2025-09-30 06:48:28.856 | INFO     | agents.servers.serverDAE:train_on_clients:43 - Client 6 gets new best val_loss at epoch #22: 0.001162
2025-09-30 06:48:29.700 | INFO     | agents.servers.serverDAE:train_on_clients:43 - Client 9 gets new best val_loss at epoch #22: 0.001184
2025-09-30 06:48:30.261 | INFO     | agents.servers.serverDAE:train_on_clients:43 - Client 11 gets new best val_loss at epoch #22: 0.001113
2025-09-30 06:48:30.826 | INFO     | agents.servers.serverDAE:train_on_clients:43 - Client 13 gets new best val_loss at epoch #22: 0.001143
2025-09-30 06:48:31.387 | INFO     | agents.servers.serverDAE:train_on_clients:43 - Client 15 gets new best val_loss at epoch #22: 0.001144
2025-09-30 06:48:31.668 | INFO     | agents.servers.serverDAE:train_on_clients:43 - Client 16 gets new best val_loss at epoch #22: 0.001279
2025-09-30 06:48:32.500 | INFO     | agents.servers.serverDAE:train_on_clients:43 - Client 19 gets new best val_loss at epoch #22: 0.001235
2025-09-30 06:48:32.502 | INFO     | agents.servers.serverDAE:train_on_clients:65 - 20 clients still training at epoch #22
2025-09-30 06:48:32.521 | INFO     | agents.servers.serverDAE:train_on_clients:22 - Training DAE model epoch #23
2025-09-30 06:48:33.082 | INFO     | agents.servers.serverDAE:train_on_clients:43 - Client 1 gets new best val_loss at epoch #23: 0.001265
2025-09-30 06:48:33.941 | INFO     | agents.servers.serverDAE:train_on_clients:43 - Client 4 gets new best val_loss at epoch #23: 0.001176
2025-09-30 06:48:34.272 | INFO     | agents.servers.serverDAE:train_on_clients:43 - Client 5 gets new best val_loss at epoch #23: 0.001246
2025-09-30 06:48:35.103 | INFO     | agents.servers.serverDAE:train_on_clients:43 - Client 8 gets new best val_loss at epoch #23: 0.001081
2025-09-30 06:48:35.382 | INFO     | agents.servers.serverDAE:train_on_clients:43 - Client 9 gets new best val_loss at epoch #23: 0.001133
2025-09-30 06:48:35.693 | INFO     | agents.servers.serverDAE:train_on_clients:43 - Client 10 gets new best val_loss at epoch #23: 0.001176
2025-09-30 06:48:36.258 | INFO     | agents.servers.serverDAE:train_on_clients:43 - Client 12 gets new best val_loss at epoch #23: 0.001194
2025-09-30 06:48:36.540 | INFO     | agents.servers.serverDAE:train_on_clients:43 - Client 13 gets new best val_loss at epoch #23: 0.001079
2025-09-30 06:48:37.388 | INFO     | agents.servers.serverDAE:train_on_clients:43 - Client 16 gets new best val_loss at epoch #23: 0.001208
2025-09-30 06:48:37.671 | INFO     | agents.servers.serverDAE:train_on_clients:43 - Client 17 gets new best val_loss at epoch #23: 0.001059
2025-09-30 06:48:38.235 | INFO     | agents.servers.serverDAE:train_on_clients:65 - 20 clients still training at epoch #23
2025-09-30 06:48:38.254 | INFO     | agents.servers.serverDAE:train_on_clients:22 - Training DAE model epoch #24
2025-09-30 06:48:38.539 | INFO     | agents.servers.serverDAE:train_on_clients:43 - Client 0 gets new best val_loss at epoch #24: 0.001113
2025-09-30 06:48:38.838 | INFO     | agents.servers.serverDAE:train_on_clients:43 - Client 1 gets new best val_loss at epoch #24: 0.001244
2025-09-30 06:48:39.125 | INFO     | agents.servers.serverDAE:train_on_clients:43 - Client 2 gets new best val_loss at epoch #24: 0.001127
2025-09-30 06:48:39.690 | INFO     | agents.servers.serverDAE:train_on_clients:43 - Client 4 gets new best val_loss at epoch #24: 0.001160
2025-09-30 06:48:39.969 | INFO     | agents.servers.serverDAE:train_on_clients:43 - Client 5 gets new best val_loss at epoch #24: 0.001185
2025-09-30 06:48:40.254 | INFO     | agents.servers.serverDAE:train_on_clients:43 - Client 6 gets new best val_loss at epoch #24: 0.001109
2025-09-30 06:48:41.666 | INFO     | agents.servers.serverDAE:train_on_clients:43 - Client 11 gets new best val_loss at epoch #24: 0.001081
2025-09-30 06:48:42.513 | INFO     | agents.servers.serverDAE:train_on_clients:43 - Client 14 gets new best val_loss at epoch #24: 0.001102
2025-09-30 06:48:43.355 | INFO     | agents.servers.serverDAE:train_on_clients:43 - Client 17 gets new best val_loss at epoch #24: 0.001032
2025-09-30 06:48:43.635 | INFO     | agents.servers.serverDAE:train_on_clients:43 - Client 18 gets new best val_loss at epoch #24: 0.001205
2025-09-30 06:48:43.917 | INFO     | agents.servers.serverDAE:train_on_clients:43 - Client 19 gets new best val_loss at epoch #24: 0.001216
2025-09-30 06:48:43.919 | INFO     | agents.servers.serverDAE:train_on_clients:65 - 20 clients still training at epoch #24
2025-09-30 06:48:43.938 | INFO     | agents.servers.serverDAE:train_on_clients:22 - Training DAE model epoch #25
2025-09-30 06:48:44.504 | INFO     | agents.servers.serverDAE:train_on_clients:43 - Client 1 gets new best val_loss at epoch #25: 0.001195
2025-09-30 06:48:44.785 | INFO     | agents.servers.serverDAE:train_on_clients:43 - Client 2 gets new best val_loss at epoch #25: 0.001106
2025-09-30 06:48:45.069 | INFO     | agents.servers.serverDAE:train_on_clients:43 - Client 3 gets new best val_loss at epoch #25: 0.001202
2025-09-30 06:48:45.913 | INFO     | agents.servers.serverDAE:train_on_clients:43 - Client 6 gets new best val_loss at epoch #25: 0.001079
2025-09-30 06:48:46.194 | INFO     | agents.servers.serverDAE:train_on_clients:43 - Client 7 gets new best val_loss at epoch #25: 0.001119
2025-09-30 06:48:47.039 | INFO     | agents.servers.serverDAE:train_on_clients:43 - Client 10 gets new best val_loss at epoch #25: 0.001150
2025-09-30 06:48:47.322 | INFO     | agents.servers.serverDAE:train_on_clients:43 - Client 11 gets new best val_loss at epoch #25: 0.001067
2025-09-30 06:48:47.606 | INFO     | agents.servers.serverDAE:train_on_clients:43 - Client 12 gets new best val_loss at epoch #25: 0.001161
2025-09-30 06:48:48.456 | INFO     | agents.servers.serverDAE:train_on_clients:43 - Client 15 gets new best val_loss at epoch #25: 0.001119
2025-09-30 06:48:49.020 | INFO     | agents.servers.serverDAE:train_on_clients:43 - Client 17 gets new best val_loss at epoch #25: 0.001027
2025-09-30 06:48:49.298 | INFO     | agents.servers.serverDAE:train_on_clients:43 - Client 18 gets new best val_loss at epoch #25: 0.001144
2025-09-30 06:48:49.583 | INFO     | agents.servers.serverDAE:train_on_clients:65 - 20 clients still training at epoch #25
2025-09-30 06:48:49.602 | INFO     | agents.servers.serverDAE:train_on_clients:22 - Training DAE model epoch #26
2025-09-30 06:48:49.883 | INFO     | agents.servers.serverDAE:train_on_clients:43 - Client 0 gets new best val_loss at epoch #26: 0.001098
2025-09-30 06:48:50.165 | INFO     | agents.servers.serverDAE:train_on_clients:43 - Client 1 gets new best val_loss at epoch #26: 0.001176
2025-09-30 06:48:51.008 | INFO     | agents.servers.serverDAE:train_on_clients:43 - Client 4 gets new best val_loss at epoch #26: 0.001099
2025-09-30 06:48:51.288 | INFO     | agents.servers.serverDAE:train_on_clients:43 - Client 5 gets new best val_loss at epoch #26: 0.001167
2025-09-30 06:48:51.572 | INFO     | agents.servers.serverDAE:train_on_clients:43 - Client 6 gets new best val_loss at epoch #26: 0.001077
2025-09-30 06:48:52.136 | INFO     | agents.servers.serverDAE:train_on_clients:43 - Client 8 gets new best val_loss at epoch #26: 0.001077
2025-09-30 06:48:52.416 | INFO     | agents.servers.serverDAE:train_on_clients:43 - Client 9 gets new best val_loss at epoch #26: 0.001097
2025-09-30 06:48:54.372 | INFO     | agents.servers.serverDAE:train_on_clients:43 - Client 16 gets new best val_loss at epoch #26: 0.001203
2025-09-30 06:48:54.934 | INFO     | agents.servers.serverDAE:train_on_clients:43 - Client 18 gets new best val_loss at epoch #26: 0.001128
2025-09-30 06:48:55.210 | INFO     | agents.servers.serverDAE:train_on_clients:65 - 20 clients still training at epoch #26
2025-09-30 06:48:55.229 | INFO     | agents.servers.serverDAE:train_on_clients:22 - Training DAE model epoch #27
2025-09-30 06:48:56.069 | INFO     | agents.servers.serverDAE:train_on_clients:43 - Client 2 gets new best val_loss at epoch #27: 0.001027
2025-09-30 06:48:56.351 | INFO     | agents.servers.serverDAE:train_on_clients:43 - Client 3 gets new best val_loss at epoch #27: 0.001117
2025-09-30 06:48:56.917 | INFO     | agents.servers.serverDAE:train_on_clients:43 - Client 5 gets new best val_loss at epoch #27: 0.001134
2025-09-30 06:48:57.201 | INFO     | agents.servers.serverDAE:train_on_clients:43 - Client 6 gets new best val_loss at epoch #27: 0.001075
2025-09-30 06:48:57.479 | INFO     | agents.servers.serverDAE:train_on_clients:43 - Client 7 gets new best val_loss at epoch #27: 0.001103
2025-09-30 06:48:57.765 | INFO     | agents.servers.serverDAE:train_on_clients:43 - Client 8 gets new best val_loss at epoch #27: 0.001045
2025-09-30 06:48:58.043 | INFO     | agents.servers.serverDAE:train_on_clients:43 - Client 9 gets new best val_loss at epoch #27: 0.001071
2025-09-30 06:48:58.323 | INFO     | agents.servers.serverDAE:train_on_clients:43 - Client 10 gets new best val_loss at epoch #27: 0.001129
2025-09-30 06:48:58.602 | INFO     | agents.servers.serverDAE:train_on_clients:43 - Client 11 gets new best val_loss at epoch #27: 0.001053
2025-09-30 06:48:58.881 | INFO     | agents.servers.serverDAE:train_on_clients:43 - Client 12 gets new best val_loss at epoch #27: 0.001110
2025-09-30 06:48:59.162 | INFO     | agents.servers.serverDAE:train_on_clients:43 - Client 13 gets new best val_loss at epoch #27: 0.001062
2025-09-30 06:48:59.715 | INFO     | agents.servers.serverDAE:train_on_clients:43 - Client 15 gets new best val_loss at epoch #27: 0.001081
2025-09-30 06:48:59.991 | INFO     | agents.servers.serverDAE:train_on_clients:43 - Client 16 gets new best val_loss at epoch #27: 0.001162
2025-09-30 06:49:00.830 | INFO     | agents.servers.serverDAE:train_on_clients:43 - Client 19 gets new best val_loss at epoch #27: 0.001146
2025-09-30 06:49:00.832 | INFO     | agents.servers.serverDAE:train_on_clients:65 - 20 clients still training at epoch #27
2025-09-30 06:49:00.851 | INFO     | agents.servers.serverDAE:train_on_clients:22 - Training DAE model epoch #28
2025-09-30 06:49:02.508 | INFO     | agents.servers.serverDAE:train_on_clients:43 - Client 5 gets new best val_loss at epoch #28: 0.001106
2025-09-30 06:49:02.792 | INFO     | agents.servers.serverDAE:train_on_clients:43 - Client 6 gets new best val_loss at epoch #28: 0.001058
2025-09-30 06:49:03.634 | INFO     | agents.servers.serverDAE:train_on_clients:43 - Client 9 gets new best val_loss at epoch #28: 0.001060
2025-09-30 06:49:03.918 | INFO     | agents.servers.serverDAE:train_on_clients:43 - Client 10 gets new best val_loss at epoch #28: 0.001119
2025-09-30 06:49:06.175 | INFO     | agents.servers.serverDAE:train_on_clients:43 - Client 18 gets new best val_loss at epoch #28: 0.001100
2025-09-30 06:49:06.459 | INFO     | agents.servers.serverDAE:train_on_clients:65 - 20 clients still training at epoch #28
2025-09-30 06:49:06.477 | INFO     | agents.servers.serverDAE:train_on_clients:22 - Training DAE model epoch #29
2025-09-30 06:49:07.889 | INFO     | agents.servers.serverDAE:train_on_clients:43 - Client 4 gets new best val_loss at epoch #29: 0.001084
2025-09-30 06:49:08.455 | INFO     | agents.servers.serverDAE:train_on_clients:43 - Client 6 gets new best val_loss at epoch #29: 0.001038
2025-09-30 06:49:09.023 | INFO     | agents.servers.serverDAE:train_on_clients:43 - Client 8 gets new best val_loss at epoch #29: 0.001023
2025-09-30 06:49:09.309 | INFO     | agents.servers.serverDAE:train_on_clients:43 - Client 9 gets new best val_loss at epoch #29: 0.001049
2025-09-30 06:49:09.876 | INFO     | agents.servers.serverDAE:train_on_clients:43 - Client 11 gets new best val_loss at epoch #29: 0.001047
2025-09-30 06:49:10.161 | INFO     | agents.servers.serverDAE:train_on_clients:43 - Client 12 gets new best val_loss at epoch #29: 0.001086
2025-09-30 06:49:10.446 | INFO     | agents.servers.serverDAE:train_on_clients:43 - Client 13 gets new best val_loss at epoch #29: 0.001022
2025-09-30 06:49:10.730 | INFO     | agents.servers.serverDAE:train_on_clients:43 - Client 14 gets new best val_loss at epoch #29: 0.001028
2025-09-30 06:49:11.297 | INFO     | agents.servers.serverDAE:train_on_clients:43 - Client 16 gets new best val_loss at epoch #29: 0.001136
2025-09-30 06:49:12.140 | INFO     | agents.servers.serverDAE:train_on_clients:65 - 20 clients still training at epoch #29
2025-09-30 06:49:12.158 | INFO     | agents.servers.serverDAE:train_on_clients:22 - Training DAE model epoch #30
2025-09-30 06:49:12.441 | INFO     | agents.servers.serverDAE:train_on_clients:43 - Client 0 gets new best val_loss at epoch #30: 0.001063
2025-09-30 06:49:12.442 | INFO     | agents.servers.serverDAE:train_on_clients:59 - Saved model for client 0 at epoch 30 -> saved_models/DAE/average/wsn_ds/epoch_30_client_0.pt
2025-09-30 06:49:12.724 | INFO     | agents.servers.serverDAE:train_on_clients:59 - Saved model for client 1 at epoch 30 -> saved_models/DAE/average/wsn_ds/epoch_30_client_1.pt
2025-09-30 06:49:13.006 | INFO     | agents.servers.serverDAE:train_on_clients:43 - Client 2 gets new best val_loss at epoch #30: 0.000988
2025-09-30 06:49:13.008 | INFO     | agents.servers.serverDAE:train_on_clients:59 - Saved model for client 2 at epoch 30 -> saved_models/DAE/average/wsn_ds/epoch_30_client_2.pt
2025-09-30 06:49:13.294 | INFO     | agents.servers.serverDAE:train_on_clients:43 - Client 3 gets new best val_loss at epoch #30: 0.001103
2025-09-30 06:49:13.295 | INFO     | agents.servers.serverDAE:train_on_clients:59 - Saved model for client 3 at epoch 30 -> saved_models/DAE/average/wsn_ds/epoch_30_client_3.pt
2025-09-30 06:49:13.575 | INFO     | agents.servers.serverDAE:train_on_clients:43 - Client 4 gets new best val_loss at epoch #30: 0.001056
2025-09-30 06:49:13.576 | INFO     | agents.servers.serverDAE:train_on_clients:59 - Saved model for client 4 at epoch 30 -> saved_models/DAE/average/wsn_ds/epoch_30_client_4.pt
2025-09-30 06:49:13.861 | INFO     | agents.servers.serverDAE:train_on_clients:43 - Client 5 gets new best val_loss at epoch #30: 0.001096
2025-09-30 06:49:13.862 | INFO     | agents.servers.serverDAE:train_on_clients:59 - Saved model for client 5 at epoch 30 -> saved_models/DAE/average/wsn_ds/epoch_30_client_5.pt
2025-09-30 06:49:14.142 | INFO     | agents.servers.serverDAE:train_on_clients:59 - Saved model for client 6 at epoch 30 -> saved_models/DAE/average/wsn_ds/epoch_30_client_6.pt
2025-09-30 06:49:14.428 | INFO     | agents.servers.serverDAE:train_on_clients:59 - Saved model for client 7 at epoch 30 -> saved_models/DAE/average/wsn_ds/epoch_30_client_7.pt
2025-09-30 06:49:14.714 | INFO     | agents.servers.serverDAE:train_on_clients:43 - Client 8 gets new best val_loss at epoch #30: 0.000989
2025-09-30 06:49:14.716 | INFO     | agents.servers.serverDAE:train_on_clients:59 - Saved model for client 8 at epoch 30 -> saved_models/DAE/average/wsn_ds/epoch_30_client_8.pt
2025-09-30 06:49:15.000 | INFO     | agents.servers.serverDAE:train_on_clients:59 - Saved model for client 9 at epoch 30 -> saved_models/DAE/average/wsn_ds/epoch_30_client_9.pt
2025-09-30 06:49:15.282 | INFO     | agents.servers.serverDAE:train_on_clients:43 - Client 10 gets new best val_loss at epoch #30: 0.001088
2025-09-30 06:49:15.283 | INFO     | agents.servers.serverDAE:train_on_clients:59 - Saved model for client 10 at epoch 30 -> saved_models/DAE/average/wsn_ds/epoch_30_client_10.pt
2025-09-30 06:49:15.562 | INFO     | agents.servers.serverDAE:train_on_clients:43 - Client 11 gets new best val_loss at epoch #30: 0.001046
2025-09-30 06:49:15.563 | INFO     | agents.servers.serverDAE:train_on_clients:59 - Saved model for client 11 at epoch 30 -> saved_models/DAE/average/wsn_ds/epoch_30_client_11.pt
2025-09-30 06:49:15.842 | INFO     | agents.servers.serverDAE:train_on_clients:43 - Client 12 gets new best val_loss at epoch #30: 0.001082
2025-09-30 06:49:15.844 | INFO     | agents.servers.serverDAE:train_on_clients:59 - Saved model for client 12 at epoch 30 -> saved_models/DAE/average/wsn_ds/epoch_30_client_12.pt
2025-09-30 06:49:16.125 | INFO     | agents.servers.serverDAE:train_on_clients:59 - Saved model for client 13 at epoch 30 -> saved_models/DAE/average/wsn_ds/epoch_30_client_13.pt
2025-09-30 06:49:16.406 | INFO     | agents.servers.serverDAE:train_on_clients:43 - Client 14 gets new best val_loss at epoch #30: 0.001011
2025-09-30 06:49:16.407 | INFO     | agents.servers.serverDAE:train_on_clients:59 - Saved model for client 14 at epoch 30 -> saved_models/DAE/average/wsn_ds/epoch_30_client_14.pt
2025-09-30 06:49:16.688 | INFO     | agents.servers.serverDAE:train_on_clients:43 - Client 15 gets new best val_loss at epoch #30: 0.001066
2025-09-30 06:49:16.689 | INFO     | agents.servers.serverDAE:train_on_clients:59 - Saved model for client 15 at epoch 30 -> saved_models/DAE/average/wsn_ds/epoch_30_client_15.pt
2025-09-30 06:49:16.973 | INFO     | agents.servers.serverDAE:train_on_clients:59 - Saved model for client 16 at epoch 30 -> saved_models/DAE/average/wsn_ds/epoch_30_client_16.pt
2025-09-30 06:49:17.253 | INFO     | agents.servers.serverDAE:train_on_clients:59 - Saved model for client 17 at epoch 30 -> saved_models/DAE/average/wsn_ds/epoch_30_client_17.pt
2025-09-30 06:49:17.538 | INFO     | agents.servers.serverDAE:train_on_clients:59 - Saved model for client 18 at epoch 30 -> saved_models/DAE/average/wsn_ds/epoch_30_client_18.pt
2025-09-30 06:49:17.822 | INFO     | agents.servers.serverDAE:train_on_clients:43 - Client 19 gets new best val_loss at epoch #30: 0.001136
2025-09-30 06:49:17.823 | INFO     | agents.servers.serverDAE:train_on_clients:59 - Saved model for client 19 at epoch 30 -> saved_models/DAE/average/wsn_ds/epoch_30_client_19.pt
2025-09-30 06:49:17.825 | INFO     | agents.servers.serverDAE:train_on_clients:65 - 20 clients still training at epoch #30
2025-09-30 06:49:17.844 | INFO     | agents.servers.serverDAE:train_on_clients:22 - Training DAE model epoch #31
2025-09-30 06:49:18.407 | INFO     | agents.servers.serverDAE:train_on_clients:43 - Client 1 gets new best val_loss at epoch #31: 0.001154
2025-09-30 06:49:19.251 | INFO     | agents.servers.serverDAE:train_on_clients:43 - Client 4 gets new best val_loss at epoch #31: 0.001056
2025-09-30 06:49:19.535 | INFO     | agents.servers.serverDAE:train_on_clients:43 - Client 5 gets new best val_loss at epoch #31: 0.001092
2025-09-30 06:49:20.099 | INFO     | agents.servers.serverDAE:train_on_clients:43 - Client 7 gets new best val_loss at epoch #31: 0.001082
2025-09-30 06:49:20.664 | INFO     | agents.servers.serverDAE:train_on_clients:43 - Client 9 gets new best val_loss at epoch #31: 0.001035
2025-09-30 06:49:20.947 | INFO     | agents.servers.serverDAE:train_on_clients:43 - Client 10 gets new best val_loss at epoch #31: 0.001074
2025-09-30 06:49:21.512 | INFO     | agents.servers.serverDAE:train_on_clients:43 - Client 12 gets new best val_loss at epoch #31: 0.001075
2025-09-30 06:49:22.359 | INFO     | agents.servers.serverDAE:train_on_clients:43 - Client 15 gets new best val_loss at epoch #31: 0.001065
2025-09-30 06:49:22.645 | INFO     | agents.servers.serverDAE:train_on_clients:43 - Client 16 gets new best val_loss at epoch #31: 0.001105
2025-09-30 06:49:22.926 | INFO     | agents.servers.serverDAE:train_on_clients:43 - Client 17 gets new best val_loss at epoch #31: 0.000989
2025-09-30 06:49:23.209 | INFO     | agents.servers.serverDAE:train_on_clients:43 - Client 18 gets new best val_loss at epoch #31: 0.001099
2025-09-30 06:49:23.493 | INFO     | agents.servers.serverDAE:train_on_clients:65 - 20 clients still training at epoch #31
2025-09-30 06:49:23.511 | INFO     | agents.servers.serverDAE:train_on_clients:22 - Training DAE model epoch #32
2025-09-30 06:49:23.792 | INFO     | agents.servers.serverDAE:train_on_clients:43 - Client 0 gets new best val_loss at epoch #32: 0.001058
2025-09-30 06:49:24.634 | INFO     | agents.servers.serverDAE:train_on_clients:43 - Client 3 gets new best val_loss at epoch #32: 0.001084
2025-09-30 06:49:25.199 | INFO     | agents.servers.serverDAE:train_on_clients:43 - Client 5 gets new best val_loss at epoch #32: 0.001068
2025-09-30 06:49:25.484 | INFO     | agents.servers.serverDAE:train_on_clients:43 - Client 6 gets new best val_loss at epoch #32: 0.000975
2025-09-30 06:49:26.054 | INFO     | agents.servers.serverDAE:train_on_clients:43 - Client 8 gets new best val_loss at epoch #32: 0.000983
2025-09-30 06:49:26.898 | INFO     | agents.servers.serverDAE:train_on_clients:43 - Client 11 gets new best val_loss at epoch #32: 0.000991
2025-09-30 06:49:27.180 | INFO     | agents.servers.serverDAE:train_on_clients:43 - Client 12 gets new best val_loss at epoch #32: 0.001052
2025-09-30 06:49:27.466 | INFO     | agents.servers.serverDAE:train_on_clients:43 - Client 13 gets new best val_loss at epoch #32: 0.000993
2025-09-30 06:49:27.748 | INFO     | agents.servers.serverDAE:train_on_clients:43 - Client 14 gets new best val_loss at epoch #32: 0.001009
2025-09-30 06:49:28.313 | INFO     | agents.servers.serverDAE:train_on_clients:43 - Client 16 gets new best val_loss at epoch #32: 0.001081
2025-09-30 06:49:28.879 | INFO     | agents.servers.serverDAE:train_on_clients:43 - Client 18 gets new best val_loss at epoch #32: 0.001037
2025-09-30 06:49:29.159 | INFO     | agents.servers.serverDAE:train_on_clients:43 - Client 19 gets new best val_loss at epoch #32: 0.001097
2025-09-30 06:49:29.161 | INFO     | agents.servers.serverDAE:train_on_clients:65 - 20 clients still training at epoch #32
2025-09-30 06:49:29.180 | INFO     | agents.servers.serverDAE:train_on_clients:22 - Training DAE model epoch #33
2025-09-30 06:49:29.462 | INFO     | agents.servers.serverDAE:train_on_clients:43 - Client 0 gets new best val_loss at epoch #33: 0.001005
2025-09-30 06:49:30.582 | INFO     | agents.servers.serverDAE:train_on_clients:43 - Client 4 gets new best val_loss at epoch #33: 0.001029
2025-09-30 06:49:32.271 | INFO     | agents.servers.serverDAE:train_on_clients:43 - Client 10 gets new best val_loss at epoch #33: 0.001049
2025-09-30 06:49:32.832 | INFO     | agents.servers.serverDAE:train_on_clients:43 - Client 12 gets new best val_loss at epoch #33: 0.001033
2025-09-30 06:49:33.391 | INFO     | agents.servers.serverDAE:train_on_clients:43 - Client 14 gets new best val_loss at epoch #33: 0.001003
2025-09-30 06:49:34.791 | INFO     | agents.servers.serverDAE:train_on_clients:43 - Client 19 gets new best val_loss at epoch #33: 0.001036
2025-09-30 06:49:34.793 | INFO     | agents.servers.serverDAE:train_on_clients:65 - 20 clients still training at epoch #33
2025-09-30 06:49:34.811 | INFO     | agents.servers.serverDAE:train_on_clients:22 - Training DAE model epoch #34
2025-09-30 06:49:35.374 | INFO     | agents.servers.serverDAE:train_on_clients:43 - Client 1 gets new best val_loss at epoch #34: 0.001094
2025-09-30 06:49:35.934 | INFO     | agents.servers.serverDAE:train_on_clients:43 - Client 3 gets new best val_loss at epoch #34: 0.001071
2025-09-30 06:49:36.503 | INFO     | agents.servers.serverDAE:train_on_clients:43 - Client 5 gets new best val_loss at epoch #34: 0.001043
2025-09-30 06:49:36.790 | INFO     | agents.servers.serverDAE:train_on_clients:43 - Client 6 gets new best val_loss at epoch #34: 0.000968
2025-09-30 06:49:37.074 | INFO     | agents.servers.serverDAE:train_on_clients:43 - Client 7 gets new best val_loss at epoch #34: 0.001068
2025-09-30 06:49:37.358 | INFO     | agents.servers.serverDAE:train_on_clients:43 - Client 8 gets new best val_loss at epoch #34: 0.000965
2025-09-30 06:49:38.211 | INFO     | agents.servers.serverDAE:train_on_clients:43 - Client 11 gets new best val_loss at epoch #34: 0.000987
2025-09-30 06:49:38.491 | INFO     | agents.servers.serverDAE:train_on_clients:43 - Client 12 gets new best val_loss at epoch #34: 0.001032
2025-09-30 06:49:39.613 | INFO     | agents.servers.serverDAE:train_on_clients:43 - Client 16 gets new best val_loss at epoch #34: 0.001078
2025-09-30 06:49:39.888 | INFO     | agents.servers.serverDAE:train_on_clients:43 - Client 17 gets new best val_loss at epoch #34: 0.000946
2025-09-30 06:49:40.470 | INFO     | agents.servers.serverDAE:train_on_clients:65 - 20 clients still training at epoch #34
2025-09-30 06:49:40.488 | INFO     | agents.servers.serverDAE:train_on_clients:22 - Training DAE model epoch #35
2025-09-30 06:49:41.322 | INFO     | agents.servers.serverDAE:train_on_clients:43 - Client 2 gets new best val_loss at epoch #35: 0.000981
2025-09-30 06:49:41.600 | INFO     | agents.servers.serverDAE:train_on_clients:43 - Client 3 gets new best val_loss at epoch #35: 0.001048
2025-09-30 06:49:41.926 | INFO     | agents.servers.serverDAE:train_on_clients:43 - Client 4 gets new best val_loss at epoch #35: 0.001022
2025-09-30 06:49:42.473 | INFO     | agents.servers.serverDAE:train_on_clients:43 - Client 6 gets new best val_loss at epoch #35: 0.000966
2025-09-30 06:49:42.749 | INFO     | agents.servers.serverDAE:train_on_clients:43 - Client 7 gets new best val_loss at epoch #35: 0.001068
2025-09-30 06:49:43.027 | INFO     | agents.servers.serverDAE:train_on_clients:43 - Client 8 gets new best val_loss at epoch #35: 0.000960
2025-09-30 06:49:43.302 | INFO     | agents.servers.serverDAE:train_on_clients:43 - Client 9 gets new best val_loss at epoch #35: 0.001000
2025-09-30 06:49:44.137 | INFO     | agents.servers.serverDAE:train_on_clients:43 - Client 12 gets new best val_loss at epoch #35: 0.001024
2025-09-30 06:49:44.992 | INFO     | agents.servers.serverDAE:train_on_clients:43 - Client 15 gets new best val_loss at epoch #35: 0.001051
2025-09-30 06:49:46.130 | INFO     | agents.servers.serverDAE:train_on_clients:65 - 20 clients still training at epoch #35
2025-09-30 06:49:46.148 | INFO     | agents.servers.serverDAE:train_on_clients:22 - Training DAE model epoch #36
2025-09-30 06:49:46.707 | INFO     | agents.servers.serverDAE:train_on_clients:43 - Client 1 gets new best val_loss at epoch #36: 0.001091
2025-09-30 06:49:46.993 | INFO     | agents.servers.serverDAE:train_on_clients:43 - Client 2 gets new best val_loss at epoch #36: 0.000965
2025-09-30 06:49:47.558 | INFO     | agents.servers.serverDAE:train_on_clients:43 - Client 4 gets new best val_loss at epoch #36: 0.001001
2025-09-30 06:49:47.843 | INFO     | agents.servers.serverDAE:train_on_clients:43 - Client 5 gets new best val_loss at epoch #36: 0.001039
2025-09-30 06:49:48.408 | INFO     | agents.servers.serverDAE:train_on_clients:43 - Client 7 gets new best val_loss at epoch #36: 0.001067
2025-09-30 06:49:50.103 | INFO     | agents.servers.serverDAE:train_on_clients:43 - Client 13 gets new best val_loss at epoch #36: 0.000969
2025-09-30 06:49:50.386 | INFO     | agents.servers.serverDAE:train_on_clients:43 - Client 14 gets new best val_loss at epoch #36: 0.000972
2025-09-30 06:49:51.515 | INFO     | agents.servers.serverDAE:train_on_clients:43 - Client 18 gets new best val_loss at epoch #36: 0.001035
2025-09-30 06:49:51.801 | INFO     | agents.servers.serverDAE:train_on_clients:65 - 20 clients still training at epoch #36
2025-09-30 06:49:51.819 | INFO     | agents.servers.serverDAE:train_on_clients:22 - Training DAE model epoch #37
2025-09-30 06:49:52.670 | INFO     | agents.servers.serverDAE:train_on_clients:43 - Client 2 gets new best val_loss at epoch #37: 0.000958
2025-09-30 06:49:53.519 | INFO     | agents.servers.serverDAE:train_on_clients:43 - Client 5 gets new best val_loss at epoch #37: 0.001013
2025-09-30 06:49:54.086 | INFO     | agents.servers.serverDAE:train_on_clients:43 - Client 7 gets new best val_loss at epoch #37: 0.001041
2025-09-30 06:49:54.650 | INFO     | agents.servers.serverDAE:train_on_clients:43 - Client 9 gets new best val_loss at epoch #37: 0.000986
2025-09-30 06:49:54.934 | INFO     | agents.servers.serverDAE:train_on_clients:43 - Client 10 gets new best val_loss at epoch #37: 0.001046
2025-09-30 06:49:55.500 | INFO     | agents.servers.serverDAE:train_on_clients:43 - Client 12 gets new best val_loss at epoch #37: 0.000979
2025-09-30 06:49:56.624 | INFO     | agents.servers.serverDAE:train_on_clients:43 - Client 16 gets new best val_loss at epoch #37: 0.001075
2025-09-30 06:49:57.190 | INFO     | agents.servers.serverDAE:train_on_clients:43 - Client 18 gets new best val_loss at epoch #37: 0.000998
2025-09-30 06:49:57.474 | INFO     | agents.servers.serverDAE:train_on_clients:65 - 20 clients still training at epoch #37
2025-09-30 06:49:57.492 | INFO     | agents.servers.serverDAE:train_on_clients:22 - Training DAE model epoch #38
2025-09-30 06:49:58.622 | INFO     | agents.servers.serverDAE:train_on_clients:43 - Client 3 gets new best val_loss at epoch #38: 0.001046
2025-09-30 06:50:00.592 | INFO     | agents.servers.serverDAE:train_on_clients:43 - Client 10 gets new best val_loss at epoch #38: 0.001013
2025-09-30 06:50:02.008 | INFO     | agents.servers.serverDAE:train_on_clients:43 - Client 15 gets new best val_loss at epoch #38: 0.001009
2025-09-30 06:50:02.293 | INFO     | agents.servers.serverDAE:train_on_clients:43 - Client 16 gets new best val_loss at epoch #38: 0.001069
2025-09-30 06:50:02.578 | INFO     | agents.servers.serverDAE:train_on_clients:43 - Client 17 gets new best val_loss at epoch #38: 0.000923
2025-09-30 06:50:03.143 | INFO     | agents.servers.serverDAE:train_on_clients:43 - Client 19 gets new best val_loss at epoch #38: 0.001013
2025-09-30 06:50:03.145 | INFO     | agents.servers.serverDAE:train_on_clients:65 - 20 clients still training at epoch #38
2025-09-30 06:50:03.164 | INFO     | agents.servers.serverDAE:train_on_clients:22 - Training DAE model epoch #39
2025-09-30 06:50:03.732 | INFO     | agents.servers.serverDAE:train_on_clients:43 - Client 1 gets new best val_loss at epoch #39: 0.001060
2025-09-30 06:50:04.016 | INFO     | agents.servers.serverDAE:train_on_clients:43 - Client 2 gets new best val_loss at epoch #39: 0.000930
2025-09-30 06:50:04.302 | INFO     | agents.servers.serverDAE:train_on_clients:43 - Client 3 gets new best val_loss at epoch #39: 0.001018
2025-09-30 06:50:04.585 | INFO     | agents.servers.serverDAE:train_on_clients:43 - Client 4 gets new best val_loss at epoch #39: 0.000981
2025-09-30 06:50:05.152 | INFO     | agents.servers.serverDAE:train_on_clients:43 - Client 6 gets new best val_loss at epoch #39: 0.000961
2025-09-30 06:50:05.436 | INFO     | agents.servers.serverDAE:train_on_clients:43 - Client 7 gets new best val_loss at epoch #39: 0.001001
2025-09-30 06:50:05.719 | INFO     | agents.servers.serverDAE:train_on_clients:43 - Client 8 gets new best val_loss at epoch #39: 0.000942
2025-09-30 06:50:07.692 | INFO     | agents.servers.serverDAE:train_on_clients:43 - Client 15 gets new best val_loss at epoch #39: 0.000983
2025-09-30 06:50:08.822 | INFO     | agents.servers.serverDAE:train_on_clients:65 - 20 clients still training at epoch #39
2025-09-30 06:50:08.840 | INFO     | agents.servers.serverDAE:train_on_clients:22 - Training DAE model epoch #40
2025-09-30 06:50:09.122 | INFO     | agents.servers.serverDAE:train_on_clients:59 - Saved model for client 0 at epoch 40 -> saved_models/DAE/average/wsn_ds/epoch_40_client_0.pt
2025-09-30 06:50:09.406 | INFO     | agents.servers.serverDAE:train_on_clients:59 - Saved model for client 1 at epoch 40 -> saved_models/DAE/average/wsn_ds/epoch_40_client_1.pt
2025-09-30 06:50:09.689 | INFO     | agents.servers.serverDAE:train_on_clients:59 - Saved model for client 2 at epoch 40 -> saved_models/DAE/average/wsn_ds/epoch_40_client_2.pt
2025-09-30 06:50:09.973 | INFO     | agents.servers.serverDAE:train_on_clients:59 - Saved model for client 3 at epoch 40 -> saved_models/DAE/average/wsn_ds/epoch_40_client_3.pt
2025-09-30 06:50:10.256 | INFO     | agents.servers.serverDAE:train_on_clients:59 - Saved model for client 4 at epoch 40 -> saved_models/DAE/average/wsn_ds/epoch_40_client_4.pt
2025-09-30 06:50:10.541 | INFO     | agents.servers.serverDAE:train_on_clients:59 - Saved model for client 5 at epoch 40 -> saved_models/DAE/average/wsn_ds/epoch_40_client_5.pt
2025-09-30 06:50:10.824 | INFO     | agents.servers.serverDAE:train_on_clients:43 - Client 6 gets new best val_loss at epoch #40: 0.000944
2025-09-30 06:50:10.825 | INFO     | agents.servers.serverDAE:train_on_clients:59 - Saved model for client 6 at epoch 40 -> saved_models/DAE/average/wsn_ds/epoch_40_client_6.pt
2025-09-30 06:50:11.109 | INFO     | agents.servers.serverDAE:train_on_clients:59 - Saved model for client 7 at epoch 40 -> saved_models/DAE/average/wsn_ds/epoch_40_client_7.pt
2025-09-30 06:50:11.392 | INFO     | agents.servers.serverDAE:train_on_clients:59 - Saved model for client 8 at epoch 40 -> saved_models/DAE/average/wsn_ds/epoch_40_client_8.pt
2025-09-30 06:50:11.664 | INFO     | agents.servers.serverDAE:train_on_clients:59 - Saved model for client 9 at epoch 40 -> saved_models/DAE/average/wsn_ds/epoch_40_client_9.pt
2025-09-30 06:50:11.948 | INFO     | agents.servers.serverDAE:train_on_clients:59 - Saved model for client 10 at epoch 40 -> saved_models/DAE/average/wsn_ds/epoch_40_client_10.pt
2025-09-30 06:50:12.231 | INFO     | agents.servers.serverDAE:train_on_clients:43 - Client 11 gets new best val_loss at epoch #40: 0.000982
2025-09-30 06:50:12.233 | INFO     | agents.servers.serverDAE:train_on_clients:59 - Saved model for client 11 at epoch 40 -> saved_models/DAE/average/wsn_ds/epoch_40_client_11.pt
2025-09-30 06:50:12.517 | INFO     | agents.servers.serverDAE:train_on_clients:59 - Saved model for client 12 at epoch 40 -> saved_models/DAE/average/wsn_ds/epoch_40_client_12.pt
2025-09-30 06:50:12.801 | INFO     | agents.servers.serverDAE:train_on_clients:59 - Saved model for client 13 at epoch 40 -> saved_models/DAE/average/wsn_ds/epoch_40_client_13.pt
2025-09-30 06:50:13.082 | INFO     | agents.servers.serverDAE:train_on_clients:59 - Saved model for client 14 at epoch 40 -> saved_models/DAE/average/wsn_ds/epoch_40_client_14.pt
2025-09-30 06:50:13.366 | INFO     | agents.servers.serverDAE:train_on_clients:59 - Saved model for client 15 at epoch 40 -> saved_models/DAE/average/wsn_ds/epoch_40_client_15.pt
2025-09-30 06:50:13.649 | INFO     | agents.servers.serverDAE:train_on_clients:59 - Saved model for client 16 at epoch 40 -> saved_models/DAE/average/wsn_ds/epoch_40_client_16.pt
2025-09-30 06:50:13.932 | INFO     | agents.servers.serverDAE:train_on_clients:59 - Saved model for client 17 at epoch 40 -> saved_models/DAE/average/wsn_ds/epoch_40_client_17.pt
2025-09-30 06:50:14.216 | INFO     | agents.servers.serverDAE:train_on_clients:59 - Saved model for client 18 at epoch 40 -> saved_models/DAE/average/wsn_ds/epoch_40_client_18.pt
2025-09-30 06:50:14.498 | INFO     | agents.servers.serverDAE:train_on_clients:59 - Saved model for client 19 at epoch 40 -> saved_models/DAE/average/wsn_ds/epoch_40_client_19.pt
2025-09-30 06:50:14.500 | INFO     | agents.servers.serverDAE:train_on_clients:65 - 20 clients still training at epoch #40
2025-09-30 06:50:14.519 | INFO     | agents.servers.serverDAE:train_on_clients:22 - Training DAE model epoch #41
2025-09-30 06:50:14.800 | INFO     | agents.servers.serverDAE:train_on_clients:43 - Client 0 gets new best val_loss at epoch #41: 0.000981
2025-09-30 06:50:15.368 | INFO     | agents.servers.serverDAE:train_on_clients:43 - Client 2 gets new best val_loss at epoch #41: 0.000928
2025-09-30 06:50:16.221 | INFO     | agents.servers.serverDAE:train_on_clients:43 - Client 5 gets new best val_loss at epoch #41: 0.000980
2025-09-30 06:50:18.481 | INFO     | agents.servers.serverDAE:train_on_clients:43 - Client 13 gets new best val_loss at epoch #41: 0.000958
2025-09-30 06:50:19.333 | INFO     | agents.servers.serverDAE:train_on_clients:43 - Client 16 gets new best val_loss at epoch #41: 0.001068
2025-09-30 06:50:20.164 | INFO     | agents.servers.serverDAE:train_on_clients:65 - 20 clients still training at epoch #41
2025-09-30 06:50:20.182 | INFO     | agents.servers.serverDAE:train_on_clients:22 - Training DAE model epoch #42
2025-09-30 06:50:21.541 | INFO     | agents.servers.serverDAE:train_on_clients:43 - Client 4 gets new best val_loss at epoch #42: 0.000959
2025-09-30 06:50:22.090 | INFO     | agents.servers.serverDAE:train_on_clients:43 - Client 6 gets new best val_loss at epoch #42: 0.000936
2025-09-30 06:50:23.454 | INFO     | agents.servers.serverDAE:train_on_clients:43 - Client 11 gets new best val_loss at epoch #42: 0.000961
2025-09-30 06:50:24.001 | INFO     | agents.servers.serverDAE:train_on_clients:43 - Client 13 gets new best val_loss at epoch #42: 0.000957
2025-09-30 06:50:24.275 | INFO     | agents.servers.serverDAE:train_on_clients:43 - Client 14 gets new best val_loss at epoch #42: 0.000933
2025-09-30 06:50:24.822 | INFO     | agents.servers.serverDAE:train_on_clients:43 - Client 16 gets new best val_loss at epoch #42: 0.001063
2025-09-30 06:50:25.384 | INFO     | agents.servers.serverDAE:train_on_clients:43 - Client 18 gets new best val_loss at epoch #42: 0.000985
2025-09-30 06:50:25.667 | INFO     | agents.servers.serverDAE:train_on_clients:65 - 20 clients still training at epoch #42
2025-09-30 06:50:25.686 | INFO     | agents.servers.serverDAE:train_on_clients:22 - Training DAE model epoch #43
2025-09-30 06:50:27.662 | INFO     | agents.servers.serverDAE:train_on_clients:43 - Client 6 gets new best val_loss at epoch #43: 0.000923
2025-09-30 06:50:28.513 | INFO     | agents.servers.serverDAE:train_on_clients:43 - Client 9 gets new best val_loss at epoch #43: 0.000983
2025-09-30 06:50:28.797 | INFO     | agents.servers.serverDAE:train_on_clients:43 - Client 10 gets new best val_loss at epoch #43: 0.001005
2025-09-30 06:50:30.492 | INFO     | agents.servers.serverDAE:train_on_clients:43 - Client 16 gets new best val_loss at epoch #43: 0.001041
2025-09-30 06:50:31.337 | INFO     | agents.servers.serverDAE:train_on_clients:65 - 20 clients still training at epoch #43
2025-09-30 06:50:31.356 | INFO     | agents.servers.serverDAE:train_on_clients:22 - Training DAE model epoch #44
2025-09-30 06:50:31.919 | INFO     | agents.servers.serverDAE:train_on_clients:43 - Client 1 gets new best val_loss at epoch #44: 0.001058
2025-09-30 06:50:33.608 | INFO     | agents.servers.serverDAE:train_on_clients:43 - Client 7 gets new best val_loss at epoch #44: 0.000998
2025-09-30 06:50:34.174 | INFO     | agents.servers.serverDAE:train_on_clients:43 - Client 9 gets new best val_loss at epoch #44: 0.000959
2025-09-30 06:50:35.308 | INFO     | agents.servers.serverDAE:train_on_clients:43 - Client 13 gets new best val_loss at epoch #44: 0.000930
2025-09-30 06:50:36.158 | INFO     | agents.servers.serverDAE:train_on_clients:43 - Client 16 gets new best val_loss at epoch #44: 0.001039
2025-09-30 06:50:37.001 | INFO     | agents.servers.serverDAE:train_on_clients:65 - 20 clients still training at epoch #44
2025-09-30 06:50:37.019 | INFO     | agents.servers.serverDAE:train_on_clients:22 - Training DAE model epoch #45
2025-09-30 06:50:37.868 | INFO     | agents.servers.serverDAE:train_on_clients:43 - Client 2 gets new best val_loss at epoch #45: 0.000897
2025-09-30 06:50:38.152 | INFO     | agents.servers.serverDAE:train_on_clients:43 - Client 3 gets new best val_loss at epoch #45: 0.000993
2025-09-30 06:50:39.000 | INFO     | agents.servers.serverDAE:train_on_clients:43 - Client 6 gets new best val_loss at epoch #45: 0.000917
2025-09-30 06:50:40.689 | INFO     | agents.servers.serverDAE:train_on_clients:43 - Client 12 gets new best val_loss at epoch #45: 0.000967
2025-09-30 06:50:42.646 | INFO     | agents.servers.serverDAE:train_on_clients:43 - Client 19 gets new best val_loss at epoch #45: 0.001004
2025-09-30 06:50:42.648 | INFO     | agents.servers.serverDAE:train_on_clients:65 - 20 clients still training at epoch #45
2025-09-30 06:50:42.667 | INFO     | agents.servers.serverDAE:train_on_clients:22 - Training DAE model epoch #46
2025-09-30 06:50:43.231 | INFO     | agents.servers.serverDAE:train_on_clients:43 - Client 1 gets new best val_loss at epoch #46: 0.001057
2025-09-30 06:50:45.780 | INFO     | agents.servers.serverDAE:train_on_clients:43 - Client 10 gets new best val_loss at epoch #46: 0.000975
2025-09-30 06:50:46.068 | INFO     | agents.servers.serverDAE:train_on_clients:43 - Client 11 gets new best val_loss at epoch #46: 0.000942
2025-09-30 06:50:46.664 | INFO     | agents.servers.serverDAE:train_on_clients:43 - Client 13 gets new best val_loss at epoch #46: 0.000920
2025-09-30 06:50:47.799 | INFO     | agents.servers.serverDAE:train_on_clients:43 - Client 17 gets new best val_loss at epoch #46: 0.000920
2025-09-30 06:50:48.085 | INFO     | agents.servers.serverDAE:train_on_clients:43 - Client 18 gets new best val_loss at epoch #46: 0.000928
2025-09-30 06:50:48.399 | INFO     | agents.servers.serverDAE:train_on_clients:43 - Client 19 gets new best val_loss at epoch #46: 0.000997
2025-09-30 06:50:48.401 | INFO     | agents.servers.serverDAE:train_on_clients:65 - 20 clients still training at epoch #46
2025-09-30 06:50:48.420 | INFO     | agents.servers.serverDAE:train_on_clients:22 - Training DAE model epoch #47
2025-09-30 06:50:49.844 | INFO     | agents.servers.serverDAE:train_on_clients:43 - Client 4 gets new best val_loss at epoch #47: 0.000958
2025-09-30 06:50:50.698 | INFO     | agents.servers.serverDAE:train_on_clients:43 - Client 7 gets new best val_loss at epoch #47: 0.000983
2025-09-30 06:50:53.243 | INFO     | agents.servers.serverDAE:train_on_clients:43 - Client 16 gets new best val_loss at epoch #47: 0.001006
2025-09-30 06:50:53.526 | INFO     | agents.servers.serverDAE:train_on_clients:43 - Client 17 gets new best val_loss at epoch #47: 0.000920
2025-09-30 06:50:54.092 | INFO     | agents.servers.serverDAE:train_on_clients:43 - Client 19 gets new best val_loss at epoch #47: 0.000984
2025-09-30 06:50:54.094 | INFO     | agents.servers.serverDAE:train_on_clients:65 - 20 clients still training at epoch #47
2025-09-30 06:50:54.112 | INFO     | agents.servers.serverDAE:train_on_clients:22 - Training DAE model epoch #48
2025-09-30 06:50:56.361 | INFO     | agents.servers.serverDAE:train_on_clients:43 - Client 7 gets new best val_loss at epoch #48: 0.000970
2025-09-30 06:50:59.746 | INFO     | agents.servers.serverDAE:train_on_clients:65 - 20 clients still training at epoch #48
2025-09-30 06:50:59.765 | INFO     | agents.servers.serverDAE:train_on_clients:22 - Training DAE model epoch #49
2025-09-30 06:51:00.048 | INFO     | agents.servers.serverDAE:train_on_clients:43 - Client 0 gets new best val_loss at epoch #49: 0.000975
2025-09-30 06:51:01.432 | INFO     | agents.servers.serverDAE:train_on_clients:43 - Client 5 gets new best val_loss at epoch #49: 0.000939
2025-09-30 06:51:01.707 | INFO     | agents.servers.serverDAE:train_on_clients:43 - Client 6 gets new best val_loss at epoch #49: 0.000887
2025-09-30 06:51:02.253 | INFO     | agents.servers.serverDAE:train_on_clients:43 - Client 8 gets new best val_loss at epoch #49: 0.000923
2025-09-30 06:51:03.614 | INFO     | agents.servers.serverDAE:train_on_clients:43 - Client 13 gets new best val_loss at epoch #49: 0.000917
2025-09-30 06:51:05.260 | INFO     | agents.servers.serverDAE:train_on_clients:65 - 20 clients still training at epoch #49
2025-09-30 06:51:05.278 | INFO     | agents.servers.serverDAE:train_on_clients:22 - Training DAE model epoch #50
2025-09-30 06:51:05.555 | INFO     | agents.servers.serverDAE:train_on_clients:59 - Saved model for client 0 at epoch 50 -> saved_models/DAE/average/wsn_ds/epoch_50_client_0.pt
2025-09-30 06:51:05.832 | INFO     | agents.servers.serverDAE:train_on_clients:43 - Client 1 gets new best val_loss at epoch #50: 0.001029
2025-09-30 06:51:05.833 | INFO     | agents.servers.serverDAE:train_on_clients:59 - Saved model for client 1 at epoch 50 -> saved_models/DAE/average/wsn_ds/epoch_50_client_1.pt
2025-09-30 06:51:06.114 | INFO     | agents.servers.serverDAE:train_on_clients:59 - Saved model for client 2 at epoch 50 -> saved_models/DAE/average/wsn_ds/epoch_50_client_2.pt
2025-09-30 06:51:06.400 | INFO     | agents.servers.serverDAE:train_on_clients:59 - Saved model for client 3 at epoch 50 -> saved_models/DAE/average/wsn_ds/epoch_50_client_3.pt
2025-09-30 06:51:06.683 | INFO     | agents.servers.serverDAE:train_on_clients:59 - Saved model for client 4 at epoch 50 -> saved_models/DAE/average/wsn_ds/epoch_50_client_4.pt
2025-09-30 06:51:06.969 | INFO     | agents.servers.serverDAE:train_on_clients:59 - Saved model for client 5 at epoch 50 -> saved_models/DAE/average/wsn_ds/epoch_50_client_5.pt
2025-09-30 06:51:07.253 | INFO     | agents.servers.serverDAE:train_on_clients:59 - Saved model for client 6 at epoch 50 -> saved_models/DAE/average/wsn_ds/epoch_50_client_6.pt
2025-09-30 06:51:07.536 | INFO     | agents.servers.serverDAE:train_on_clients:59 - Saved model for client 7 at epoch 50 -> saved_models/DAE/average/wsn_ds/epoch_50_client_7.pt
2025-09-30 06:51:07.817 | INFO     | agents.servers.serverDAE:train_on_clients:59 - Saved model for client 8 at epoch 50 -> saved_models/DAE/average/wsn_ds/epoch_50_client_8.pt
2025-09-30 06:51:08.101 | INFO     | agents.servers.serverDAE:train_on_clients:59 - Saved model for client 9 at epoch 50 -> saved_models/DAE/average/wsn_ds/epoch_50_client_9.pt
2025-09-30 06:51:08.384 | INFO     | agents.servers.serverDAE:train_on_clients:59 - Saved model for client 10 at epoch 50 -> saved_models/DAE/average/wsn_ds/epoch_50_client_10.pt
2025-09-30 06:51:08.668 | INFO     | agents.servers.serverDAE:train_on_clients:59 - Saved model for client 11 at epoch 50 -> saved_models/DAE/average/wsn_ds/epoch_50_client_11.pt
2025-09-30 06:51:08.950 | INFO     | agents.servers.serverDAE:train_on_clients:43 - Client 12 gets new best val_loss at epoch #50: 0.000960
2025-09-30 06:51:08.952 | INFO     | agents.servers.serverDAE:train_on_clients:59 - Saved model for client 12 at epoch 50 -> saved_models/DAE/average/wsn_ds/epoch_50_client_12.pt
2025-09-30 06:51:09.234 | INFO     | agents.servers.serverDAE:train_on_clients:59 - Saved model for client 13 at epoch 50 -> saved_models/DAE/average/wsn_ds/epoch_50_client_13.pt
2025-09-30 06:51:09.504 | INFO     | agents.servers.serverDAE:train_on_clients:59 - Saved model for client 14 at epoch 50 -> saved_models/DAE/average/wsn_ds/epoch_50_client_14.pt
2025-09-30 06:51:09.787 | INFO     | agents.servers.serverDAE:train_on_clients:59 - Saved model for client 15 at epoch 50 -> saved_models/DAE/average/wsn_ds/epoch_50_client_15.pt
2025-09-30 06:51:10.069 | INFO     | agents.servers.serverDAE:train_on_clients:59 - Saved model for client 16 at epoch 50 -> saved_models/DAE/average/wsn_ds/epoch_50_client_16.pt
2025-09-30 06:51:10.352 | INFO     | agents.servers.serverDAE:train_on_clients:59 - Saved model for client 17 at epoch 50 -> saved_models/DAE/average/wsn_ds/epoch_50_client_17.pt
2025-09-30 06:51:10.635 | INFO     | agents.servers.serverDAE:train_on_clients:59 - Saved model for client 18 at epoch 50 -> saved_models/DAE/average/wsn_ds/epoch_50_client_18.pt
2025-09-30 06:51:10.918 | INFO     | agents.servers.serverDAE:train_on_clients:59 - Saved model for client 19 at epoch 50 -> saved_models/DAE/average/wsn_ds/epoch_50_client_19.pt
2025-09-30 06:51:10.920 | INFO     | agents.servers.serverDAE:train_on_clients:65 - 20 clients still training at epoch #50
2025-09-30 06:51:10.939 | INFO     | agents.servers.serverDAE:train_on_clients:22 - Training DAE model epoch #51
2025-09-30 06:51:11.220 | INFO     | agents.servers.serverDAE:train_on_clients:43 - Client 0 gets new best val_loss at epoch #51: 0.000966
2025-09-30 06:51:12.620 | INFO     | agents.servers.serverDAE:train_on_clients:43 - Client 5 gets new best val_loss at epoch #51: 0.000914
2025-09-30 06:51:13.740 | INFO     | agents.servers.serverDAE:train_on_clients:43 - Client 9 gets new best val_loss at epoch #51: 0.000909
2025-09-30 06:51:14.020 | INFO     | agents.servers.serverDAE:train_on_clients:43 - Client 10 gets new best val_loss at epoch #51: 0.000951
2025-09-30 06:51:14.587 | INFO     | agents.servers.serverDAE:train_on_clients:43 - Client 12 gets new best val_loss at epoch #51: 0.000944
2025-09-30 06:51:15.148 | INFO     | agents.servers.serverDAE:train_on_clients:43 - Client 14 gets new best val_loss at epoch #51: 0.000896
2025-09-30 06:51:16.550 | INFO     | agents.servers.serverDAE:train_on_clients:65 - 20 clients still training at epoch #51
2025-09-30 06:51:16.568 | INFO     | agents.servers.serverDAE:train_on_clients:22 - Training DAE model epoch #52
2025-09-30 06:51:17.968 | INFO     | agents.servers.serverDAE:train_on_clients:43 - Client 4 gets new best val_loss at epoch #52: 0.000923
2025-09-30 06:51:19.098 | INFO     | agents.servers.serverDAE:train_on_clients:43 - Client 8 gets new best val_loss at epoch #52: 0.000909
2025-09-30 06:51:21.630 | INFO     | agents.servers.serverDAE:train_on_clients:43 - Client 17 gets new best val_loss at epoch #52: 0.000869
2025-09-30 06:51:21.913 | INFO     | agents.servers.serverDAE:train_on_clients:43 - Client 18 gets new best val_loss at epoch #52: 0.000923
2025-09-30 06:51:22.196 | INFO     | agents.servers.serverDAE:train_on_clients:65 - 20 clients still training at epoch #52
2025-09-30 06:51:22.214 | INFO     | agents.servers.serverDAE:train_on_clients:22 - Training DAE model epoch #53
2025-09-30 06:51:22.496 | INFO     | agents.servers.serverDAE:train_on_clients:43 - Client 0 gets new best val_loss at epoch #53: 0.000954
2025-09-30 06:51:23.347 | INFO     | agents.servers.serverDAE:train_on_clients:43 - Client 3 gets new best val_loss at epoch #53: 0.000958
2025-09-30 06:51:25.600 | INFO     | agents.servers.serverDAE:train_on_clients:43 - Client 11 gets new best val_loss at epoch #53: 0.000912
2025-09-30 06:51:25.885 | INFO     | agents.servers.serverDAE:train_on_clients:43 - Client 12 gets new best val_loss at epoch #53: 0.000927
2025-09-30 06:51:26.733 | INFO     | agents.servers.serverDAE:train_on_clients:43 - Client 15 gets new best val_loss at epoch #53: 0.000980
2025-09-30 06:51:27.859 | INFO     | agents.servers.serverDAE:train_on_clients:65 - 20 clients still training at epoch #53
2025-09-30 06:51:27.878 | INFO     | agents.servers.serverDAE:train_on_clients:22 - Training DAE model epoch #54
2025-09-30 06:51:28.159 | INFO     | agents.servers.serverDAE:train_on_clients:43 - Client 0 gets new best val_loss at epoch #54: 0.000953
2025-09-30 06:51:31.547 | INFO     | agents.servers.serverDAE:train_on_clients:43 - Client 12 gets new best val_loss at epoch #54: 0.000916
2025-09-30 06:51:32.394 | INFO     | agents.servers.serverDAE:train_on_clients:43 - Client 15 gets new best val_loss at epoch #54: 0.000936
2025-09-30 06:51:33.532 | INFO     | agents.servers.serverDAE:train_on_clients:65 - 20 clients still training at epoch #54
2025-09-30 06:51:33.704 | INFO     | agents.servers.serverDAE:train_on_clients:22 - Training DAE model epoch #55
2025-09-30 06:51:34.552 | INFO     | agents.servers.serverDAE:train_on_clients:43 - Client 2 gets new best val_loss at epoch #55: 0.000896
2025-09-30 06:51:35.965 | INFO     | agents.servers.serverDAE:train_on_clients:43 - Client 7 gets new best val_loss at epoch #55: 0.000964
2025-09-30 06:51:38.502 | INFO     | agents.servers.serverDAE:train_on_clients:43 - Client 16 gets new best val_loss at epoch #55: 0.001003
2025-09-30 06:51:39.355 | INFO     | agents.servers.serverDAE:train_on_clients:65 - 20 clients still training at epoch #55
2025-09-30 06:51:39.374 | INFO     | agents.servers.serverDAE:train_on_clients:22 - Training DAE model epoch #56
2025-09-30 06:51:41.339 | INFO     | agents.servers.serverDAE:train_on_clients:43 - Client 6 gets new best val_loss at epoch #56: 0.000874
2025-09-30 06:51:41.895 | INFO     | agents.servers.serverDAE:train_on_clients:43 - Client 8 gets new best val_loss at epoch #56: 0.000874
2025-09-30 06:51:42.448 | INFO     | agents.servers.serverDAE:train_on_clients:43 - Client 10 gets new best val_loss at epoch #56: 0.000944
2025-09-30 06:51:43.280 | INFO     | agents.servers.serverDAE:train_on_clients:43 - Client 13 gets new best val_loss at epoch #56: 0.000914
2025-09-30 06:51:44.110 | INFO     | agents.servers.serverDAE:train_on_clients:43 - Client 16 gets new best val_loss at epoch #56: 0.000993
2025-09-30 06:51:44.934 | INFO     | agents.servers.serverDAE:train_on_clients:43 - Client 19 gets new best val_loss at epoch #56: 0.000979
2025-09-30 06:51:44.936 | INFO     | agents.servers.serverDAE:train_on_clients:65 - 20 clients still training at epoch #56
2025-09-30 06:51:44.955 | INFO     | agents.servers.serverDAE:train_on_clients:22 - Training DAE model epoch #57
2025-09-30 06:51:45.233 | INFO     | agents.servers.serverDAE:train_on_clients:43 - Client 0 gets new best val_loss at epoch #57: 0.000950
2025-09-30 06:51:45.790 | INFO     | agents.servers.serverDAE:train_on_clients:43 - Client 2 gets new best val_loss at epoch #57: 0.000869
2025-09-30 06:51:46.902 | INFO     | agents.servers.serverDAE:train_on_clients:43 - Client 6 gets new best val_loss at epoch #57: 0.000871
2025-09-30 06:51:47.186 | INFO     | agents.servers.serverDAE:train_on_clients:43 - Client 7 gets new best val_loss at epoch #57: 0.000934
2025-09-30 06:51:47.469 | INFO     | agents.servers.serverDAE:train_on_clients:43 - Client 8 gets new best val_loss at epoch #57: 0.000864
2025-09-30 06:51:48.323 | INFO     | agents.servers.serverDAE:train_on_clients:43 - Client 11 gets new best val_loss at epoch #57: 0.000909
2025-09-30 06:51:49.735 | INFO     | agents.servers.serverDAE:train_on_clients:43 - Client 16 gets new best val_loss at epoch #57: 0.000972
2025-09-30 06:51:50.310 | INFO     | agents.servers.serverDAE:train_on_clients:43 - Client 18 gets new best val_loss at epoch #57: 0.000902
2025-09-30 06:51:50.597 | INFO     | agents.servers.serverDAE:train_on_clients:65 - 20 clients still training at epoch #57
2025-09-30 06:51:50.615 | INFO     | agents.servers.serverDAE:train_on_clients:22 - Training DAE model epoch #58
2025-09-30 06:51:50.900 | INFO     | agents.servers.serverDAE:train_on_clients:43 - Client 0 gets new best val_loss at epoch #58: 0.000947
2025-09-30 06:51:51.183 | INFO     | agents.servers.serverDAE:train_on_clients:43 - Client 1 gets new best val_loss at epoch #58: 0.001021
2025-09-30 06:51:51.754 | INFO     | agents.servers.serverDAE:train_on_clients:43 - Client 3 gets new best val_loss at epoch #58: 0.000954
2025-09-30 06:51:52.048 | INFO     | agents.servers.serverDAE:train_on_clients:43 - Client 4 gets new best val_loss at epoch #58: 0.000888
2025-09-30 06:51:54.639 | INFO     | agents.servers.serverDAE:train_on_clients:43 - Client 13 gets new best val_loss at epoch #58: 0.000908
2025-09-30 06:51:54.946 | INFO     | agents.servers.serverDAE:train_on_clients:43 - Client 14 gets new best val_loss at epoch #58: 0.000896
2025-09-30 06:51:55.222 | INFO     | agents.servers.serverDAE:train_on_clients:43 - Client 15 gets new best val_loss at epoch #58: 0.000928
2025-09-30 06:51:56.346 | INFO     | agents.servers.serverDAE:train_on_clients:65 - 20 clients still training at epoch #58
2025-09-30 06:51:56.365 | INFO     | agents.servers.serverDAE:train_on_clients:22 - Training DAE model epoch #59
2025-09-30 06:51:56.650 | INFO     | agents.servers.serverDAE:train_on_clients:43 - Client 0 gets new best val_loss at epoch #59: 0.000913
2025-09-30 06:51:57.504 | INFO     | agents.servers.serverDAE:train_on_clients:43 - Client 3 gets new best val_loss at epoch #59: 0.000931
2025-09-30 06:51:59.199 | INFO     | agents.servers.serverDAE:train_on_clients:43 - Client 9 gets new best val_loss at epoch #59: 0.000909
2025-09-30 06:52:00.047 | INFO     | agents.servers.serverDAE:train_on_clients:43 - Client 12 gets new best val_loss at epoch #59: 0.000904
2025-09-30 06:52:00.326 | INFO     | agents.servers.serverDAE:train_on_clients:43 - Client 13 gets new best val_loss at epoch #59: 0.000903
2025-09-30 06:52:02.016 | INFO     | agents.servers.serverDAE:train_on_clients:43 - Client 19 gets new best val_loss at epoch #59: 0.000958
2025-09-30 06:52:02.018 | INFO     | agents.servers.serverDAE:train_on_clients:65 - 20 clients still training at epoch #59
2025-09-30 06:52:02.037 | INFO     | agents.servers.serverDAE:train_on_clients:22 - Training DAE model epoch #60
2025-09-30 06:52:02.320 | INFO     | agents.servers.serverDAE:train_on_clients:59 - Saved model for client 0 at epoch 60 -> saved_models/DAE/average/wsn_ds/epoch_60_client_0.pt
2025-09-30 06:52:02.605 | INFO     | agents.servers.serverDAE:train_on_clients:59 - Saved model for client 1 at epoch 60 -> saved_models/DAE/average/wsn_ds/epoch_60_client_1.pt
2025-09-30 06:52:02.888 | INFO     | agents.servers.serverDAE:train_on_clients:43 - Client 2 gets new best val_loss at epoch #60: 0.000867
2025-09-30 06:52:02.890 | INFO     | agents.servers.serverDAE:train_on_clients:59 - Saved model for client 2 at epoch 60 -> saved_models/DAE/average/wsn_ds/epoch_60_client_2.pt
2025-09-30 06:52:03.174 | INFO     | agents.servers.serverDAE:train_on_clients:59 - Saved model for client 3 at epoch 60 -> saved_models/DAE/average/wsn_ds/epoch_60_client_3.pt
2025-09-30 06:52:03.459 | INFO     | agents.servers.serverDAE:train_on_clients:59 - Saved model for client 4 at epoch 60 -> saved_models/DAE/average/wsn_ds/epoch_60_client_4.pt
2025-09-30 06:52:03.741 | INFO     | agents.servers.serverDAE:train_on_clients:43 - Client 5 gets new best val_loss at epoch #60: 0.000897
2025-09-30 06:52:03.743 | INFO     | agents.servers.serverDAE:train_on_clients:59 - Saved model for client 5 at epoch 60 -> saved_models/DAE/average/wsn_ds/epoch_60_client_5.pt
2025-09-30 06:52:04.028 | INFO     | agents.servers.serverDAE:train_on_clients:59 - Saved model for client 6 at epoch 60 -> saved_models/DAE/average/wsn_ds/epoch_60_client_6.pt
2025-09-30 06:52:04.312 | INFO     | agents.servers.serverDAE:train_on_clients:43 - Client 7 gets new best val_loss at epoch #60: 0.000926
2025-09-30 06:52:04.314 | INFO     | agents.servers.serverDAE:train_on_clients:59 - Saved model for client 7 at epoch 60 -> saved_models/DAE/average/wsn_ds/epoch_60_client_7.pt
2025-09-30 06:52:04.596 | INFO     | agents.servers.serverDAE:train_on_clients:59 - Saved model for client 8 at epoch 60 -> saved_models/DAE/average/wsn_ds/epoch_60_client_8.pt
2025-09-30 06:52:04.880 | INFO     | agents.servers.serverDAE:train_on_clients:59 - Saved model for client 9 at epoch 60 -> saved_models/DAE/average/wsn_ds/epoch_60_client_9.pt
2025-09-30 06:52:05.164 | INFO     | agents.servers.serverDAE:train_on_clients:43 - Client 10 gets new best val_loss at epoch #60: 0.000933
2025-09-30 06:52:05.166 | INFO     | agents.servers.serverDAE:train_on_clients:59 - Saved model for client 10 at epoch 60 -> saved_models/DAE/average/wsn_ds/epoch_60_client_10.pt
2025-09-30 06:52:05.448 | INFO     | agents.servers.serverDAE:train_on_clients:43 - Client 11 gets new best val_loss at epoch #60: 0.000893
2025-09-30 06:52:05.450 | INFO     | agents.servers.serverDAE:train_on_clients:59 - Saved model for client 11 at epoch 60 -> saved_models/DAE/average/wsn_ds/epoch_60_client_11.pt
2025-09-30 06:52:05.734 | INFO     | agents.servers.serverDAE:train_on_clients:59 - Saved model for client 12 at epoch 60 -> saved_models/DAE/average/wsn_ds/epoch_60_client_12.pt
2025-09-30 06:52:06.017 | INFO     | agents.servers.serverDAE:train_on_clients:59 - Saved model for client 13 at epoch 60 -> saved_models/DAE/average/wsn_ds/epoch_60_client_13.pt
2025-09-30 06:52:06.302 | INFO     | agents.servers.serverDAE:train_on_clients:43 - Client 14 gets new best val_loss at epoch #60: 0.000892
2025-09-30 06:52:06.304 | INFO     | agents.servers.serverDAE:train_on_clients:59 - Saved model for client 14 at epoch 60 -> saved_models/DAE/average/wsn_ds/epoch_60_client_14.pt
2025-09-30 06:52:06.592 | INFO     | agents.servers.serverDAE:train_on_clients:59 - Saved model for client 15 at epoch 60 -> saved_models/DAE/average/wsn_ds/epoch_60_client_15.pt
2025-09-30 06:52:06.875 | INFO     | agents.servers.serverDAE:train_on_clients:59 - Saved model for client 16 at epoch 60 -> saved_models/DAE/average/wsn_ds/epoch_60_client_16.pt
2025-09-30 06:52:07.161 | INFO     | agents.servers.serverDAE:train_on_clients:59 - Saved model for client 17 at epoch 60 -> saved_models/DAE/average/wsn_ds/epoch_60_client_17.pt
2025-09-30 06:52:07.446 | INFO     | agents.servers.serverDAE:train_on_clients:59 - Saved model for client 18 at epoch 60 -> saved_models/DAE/average/wsn_ds/epoch_60_client_18.pt
2025-09-30 06:52:07.728 | INFO     | agents.servers.serverDAE:train_on_clients:59 - Saved model for client 19 at epoch 60 -> saved_models/DAE/average/wsn_ds/epoch_60_client_19.pt
2025-09-30 06:52:07.731 | INFO     | agents.servers.serverDAE:train_on_clients:65 - 20 clients still training at epoch #60
2025-09-30 06:52:07.749 | INFO     | agents.servers.serverDAE:train_on_clients:22 - Training DAE model epoch #61
2025-09-30 06:52:09.725 | INFO     | agents.servers.serverDAE:train_on_clients:43 - Client 6 gets new best val_loss at epoch #61: 0.000865
2025-09-30 06:52:10.578 | INFO     | agents.servers.serverDAE:train_on_clients:43 - Client 9 gets new best val_loss at epoch #61: 0.000899
2025-09-30 06:52:10.862 | INFO     | agents.servers.serverDAE:train_on_clients:43 - Client 10 gets new best val_loss at epoch #61: 0.000912
2025-09-30 06:52:11.147 | INFO     | agents.servers.serverDAE:train_on_clients:43 - Client 11 gets new best val_loss at epoch #61: 0.000890
2025-09-30 06:52:11.988 | INFO     | agents.servers.serverDAE:train_on_clients:43 - Client 14 gets new best val_loss at epoch #61: 0.000885
2025-09-30 06:52:12.278 | INFO     | agents.servers.serverDAE:train_on_clients:43 - Client 15 gets new best val_loss at epoch #61: 0.000924
2025-09-30 06:52:13.408 | INFO     | agents.servers.serverDAE:train_on_clients:43 - Client 19 gets new best val_loss at epoch #61: 0.000910
2025-09-30 06:52:13.410 | INFO     | agents.servers.serverDAE:train_on_clients:65 - 20 clients still training at epoch #61
2025-09-30 06:52:13.428 | INFO     | agents.servers.serverDAE:train_on_clients:22 - Training DAE model epoch #62
2025-09-30 06:52:13.713 | INFO     | agents.servers.serverDAE:train_on_clients:43 - Client 0 gets new best val_loss at epoch #62: 0.000903
2025-09-30 06:52:13.996 | INFO     | agents.servers.serverDAE:train_on_clients:43 - Client 1 gets new best val_loss at epoch #62: 0.000955
2025-09-30 06:52:14.274 | INFO     | agents.servers.serverDAE:train_on_clients:43 - Client 2 gets new best val_loss at epoch #62: 0.000856
2025-09-30 06:52:15.406 | INFO     | agents.servers.serverDAE:train_on_clients:43 - Client 6 gets new best val_loss at epoch #62: 0.000842
2025-09-30 06:52:15.689 | INFO     | agents.servers.serverDAE:train_on_clients:43 - Client 7 gets new best val_loss at epoch #62: 0.000909
2025-09-30 06:52:15.973 | INFO     | agents.servers.serverDAE:train_on_clients:43 - Client 8 gets new best val_loss at epoch #62: 0.000838
2025-09-30 06:52:16.256 | INFO     | agents.servers.serverDAE:train_on_clients:43 - Client 9 gets new best val_loss at epoch #62: 0.000886
2025-09-30 06:52:17.106 | INFO     | agents.servers.serverDAE:train_on_clients:43 - Client 12 gets new best val_loss at epoch #62: 0.000892
2025-09-30 06:52:17.675 | INFO     | agents.servers.serverDAE:train_on_clients:43 - Client 14 gets new best val_loss at epoch #62: 0.000860
2025-09-30 06:52:19.097 | INFO     | agents.servers.serverDAE:train_on_clients:65 - 20 clients still training at epoch #62
2025-09-30 06:52:19.115 | INFO     | agents.servers.serverDAE:train_on_clients:22 - Training DAE model epoch #63
2025-09-30 06:52:19.397 | INFO     | agents.servers.serverDAE:train_on_clients:43 - Client 0 gets new best val_loss at epoch #63: 0.000892
2025-09-30 06:52:19.964 | INFO     | agents.servers.serverDAE:train_on_clients:43 - Client 2 gets new best val_loss at epoch #63: 0.000819
2025-09-30 06:52:20.246 | INFO     | agents.servers.serverDAE:train_on_clients:43 - Client 3 gets new best val_loss at epoch #63: 0.000923
2025-09-30 06:52:20.531 | INFO     | agents.servers.serverDAE:train_on_clients:43 - Client 4 gets new best val_loss at epoch #63: 0.000861
2025-09-30 06:52:21.383 | INFO     | agents.servers.serverDAE:train_on_clients:43 - Client 7 gets new best val_loss at epoch #63: 0.000886
2025-09-30 06:52:21.669 | INFO     | agents.servers.serverDAE:train_on_clients:43 - Client 8 gets new best val_loss at epoch #63: 0.000817
2025-09-30 06:52:21.947 | INFO     | agents.servers.serverDAE:train_on_clients:43 - Client 9 gets new best val_loss at epoch #63: 0.000863
2025-09-30 06:52:22.229 | INFO     | agents.servers.serverDAE:train_on_clients:43 - Client 10 gets new best val_loss at epoch #63: 0.000889
2025-09-30 06:52:22.501 | INFO     | agents.servers.serverDAE:train_on_clients:43 - Client 11 gets new best val_loss at epoch #63: 0.000871
2025-09-30 06:52:23.053 | INFO     | agents.servers.serverDAE:train_on_clients:43 - Client 13 gets new best val_loss at epoch #63: 0.000856
2025-09-30 06:52:23.329 | INFO     | agents.servers.serverDAE:train_on_clients:43 - Client 14 gets new best val_loss at epoch #63: 0.000825
2025-09-30 06:52:23.607 | INFO     | agents.servers.serverDAE:train_on_clients:43 - Client 15 gets new best val_loss at epoch #63: 0.000868
2025-09-30 06:52:24.156 | INFO     | agents.servers.serverDAE:train_on_clients:43 - Client 17 gets new best val_loss at epoch #63: 0.000796
2025-09-30 06:52:24.712 | INFO     | agents.servers.serverDAE:train_on_clients:65 - 20 clients still training at epoch #63
2025-09-30 06:52:24.731 | INFO     | agents.servers.serverDAE:train_on_clients:22 - Training DAE model epoch #64
2025-09-30 06:52:25.008 | INFO     | agents.servers.serverDAE:train_on_clients:43 - Client 0 gets new best val_loss at epoch #64: 0.000875
2025-09-30 06:52:25.557 | INFO     | agents.servers.serverDAE:train_on_clients:43 - Client 2 gets new best val_loss at epoch #64: 0.000794
2025-09-30 06:52:25.834 | INFO     | agents.servers.serverDAE:train_on_clients:43 - Client 3 gets new best val_loss at epoch #64: 0.000890
2025-09-30 06:52:26.108 | INFO     | agents.servers.serverDAE:train_on_clients:43 - Client 4 gets new best val_loss at epoch #64: 0.000814
2025-09-30 06:52:26.386 | INFO     | agents.servers.serverDAE:train_on_clients:43 - Client 5 gets new best val_loss at epoch #64: 0.000831
2025-09-30 06:52:26.661 | INFO     | agents.servers.serverDAE:train_on_clients:43 - Client 6 gets new best val_loss at epoch #64: 0.000831
2025-09-30 06:52:26.937 | INFO     | agents.servers.serverDAE:train_on_clients:43 - Client 7 gets new best val_loss at epoch #64: 0.000821
2025-09-30 06:52:27.211 | INFO     | agents.servers.serverDAE:train_on_clients:43 - Client 8 gets new best val_loss at epoch #64: 0.000777
2025-09-30 06:52:27.769 | INFO     | agents.servers.serverDAE:train_on_clients:43 - Client 10 gets new best val_loss at epoch #64: 0.000877
2025-09-30 06:52:28.046 | INFO     | agents.servers.serverDAE:train_on_clients:43 - Client 11 gets new best val_loss at epoch #64: 0.000853
2025-09-30 06:52:28.329 | INFO     | agents.servers.serverDAE:train_on_clients:43 - Client 12 gets new best val_loss at epoch #64: 0.000866
2025-09-30 06:52:28.611 | INFO     | agents.servers.serverDAE:train_on_clients:43 - Client 13 gets new best val_loss at epoch #64: 0.000839
2025-09-30 06:52:28.896 | INFO     | agents.servers.serverDAE:train_on_clients:43 - Client 14 gets new best val_loss at epoch #64: 0.000762
2025-09-30 06:52:29.456 | INFO     | agents.servers.serverDAE:train_on_clients:43 - Client 16 gets new best val_loss at epoch #64: 0.000877
2025-09-30 06:52:29.731 | INFO     | agents.servers.serverDAE:train_on_clients:43 - Client 17 gets new best val_loss at epoch #64: 0.000763
2025-09-30 06:52:30.014 | INFO     | agents.servers.serverDAE:train_on_clients:43 - Client 18 gets new best val_loss at epoch #64: 0.000859
2025-09-30 06:52:30.298 | INFO     | agents.servers.serverDAE:train_on_clients:65 - 20 clients still training at epoch #64
2025-09-30 06:52:30.316 | INFO     | agents.servers.serverDAE:train_on_clients:22 - Training DAE model epoch #65
2025-09-30 06:52:30.598 | INFO     | agents.servers.serverDAE:train_on_clients:43 - Client 0 gets new best val_loss at epoch #65: 0.000841
2025-09-30 06:52:31.162 | INFO     | agents.servers.serverDAE:train_on_clients:43 - Client 2 gets new best val_loss at epoch #65: 0.000767
2025-09-30 06:52:31.442 | INFO     | agents.servers.serverDAE:train_on_clients:43 - Client 3 gets new best val_loss at epoch #65: 0.000790
2025-09-30 06:52:32.005 | INFO     | agents.servers.serverDAE:train_on_clients:43 - Client 5 gets new best val_loss at epoch #65: 0.000805
2025-09-30 06:52:32.290 | INFO     | agents.servers.serverDAE:train_on_clients:43 - Client 6 gets new best val_loss at epoch #65: 0.000791
2025-09-30 06:52:33.137 | INFO     | agents.servers.serverDAE:train_on_clients:43 - Client 9 gets new best val_loss at epoch #65: 0.000810
2025-09-30 06:52:33.423 | INFO     | agents.servers.serverDAE:train_on_clients:43 - Client 10 gets new best val_loss at epoch #65: 0.000750
2025-09-30 06:52:33.708 | INFO     | agents.servers.serverDAE:train_on_clients:43 - Client 11 gets new best val_loss at epoch #65: 0.000831
2025-09-30 06:52:33.990 | INFO     | agents.servers.serverDAE:train_on_clients:43 - Client 12 gets new best val_loss at epoch #65: 0.000799
2025-09-30 06:52:34.275 | INFO     | agents.servers.serverDAE:train_on_clients:43 - Client 13 gets new best val_loss at epoch #65: 0.000833
2025-09-30 06:52:34.843 | INFO     | agents.servers.serverDAE:train_on_clients:43 - Client 15 gets new best val_loss at epoch #65: 0.000797
2025-09-30 06:52:35.128 | INFO     | agents.servers.serverDAE:train_on_clients:43 - Client 16 gets new best val_loss at epoch #65: 0.000815
2025-09-30 06:52:35.414 | INFO     | agents.servers.serverDAE:train_on_clients:43 - Client 17 gets new best val_loss at epoch #65: 0.000701
2025-09-30 06:52:35.698 | INFO     | agents.servers.serverDAE:train_on_clients:43 - Client 18 gets new best val_loss at epoch #65: 0.000852
2025-09-30 06:52:35.983 | INFO     | agents.servers.serverDAE:train_on_clients:65 - 20 clients still training at epoch #65
2025-09-30 06:52:36.002 | INFO     | agents.servers.serverDAE:train_on_clients:22 - Training DAE model epoch #66
2025-09-30 06:52:36.565 | INFO     | agents.servers.serverDAE:train_on_clients:43 - Client 1 gets new best val_loss at epoch #66: 0.000947
2025-09-30 06:52:37.140 | INFO     | agents.servers.serverDAE:train_on_clients:43 - Client 3 gets new best val_loss at epoch #66: 0.000760
2025-09-30 06:52:37.982 | INFO     | agents.servers.serverDAE:train_on_clients:43 - Client 6 gets new best val_loss at epoch #66: 0.000743
2025-09-30 06:52:38.834 | INFO     | agents.servers.serverDAE:train_on_clients:43 - Client 9 gets new best val_loss at epoch #66: 0.000738
2025-09-30 06:52:39.678 | INFO     | agents.servers.serverDAE:train_on_clients:43 - Client 12 gets new best val_loss at epoch #66: 0.000774
2025-09-30 06:52:39.961 | INFO     | agents.servers.serverDAE:train_on_clients:43 - Client 13 gets new best val_loss at epoch #66: 0.000782
2025-09-30 06:52:40.247 | INFO     | agents.servers.serverDAE:train_on_clients:43 - Client 14 gets new best val_loss at epoch #66: 0.000733
2025-09-30 06:52:40.816 | INFO     | agents.servers.serverDAE:train_on_clients:43 - Client 16 gets new best val_loss at epoch #66: 0.000808
2025-09-30 06:52:41.378 | INFO     | agents.servers.serverDAE:train_on_clients:43 - Client 18 gets new best val_loss at epoch #66: 0.000756
2025-09-30 06:52:41.661 | INFO     | agents.servers.serverDAE:train_on_clients:65 - 20 clients still training at epoch #66
2025-09-30 06:52:41.680 | INFO     | agents.servers.serverDAE:train_on_clients:22 - Training DAE model epoch #67
2025-09-30 06:52:42.244 | INFO     | agents.servers.serverDAE:train_on_clients:43 - Client 1 gets new best val_loss at epoch #67: 0.000902
2025-09-30 06:52:42.529 | INFO     | agents.servers.serverDAE:train_on_clients:43 - Client 2 gets new best val_loss at epoch #67: 0.000704
2025-09-30 06:52:42.813 | INFO     | agents.servers.serverDAE:train_on_clients:43 - Client 3 gets new best val_loss at epoch #67: 0.000743
2025-09-30 06:52:43.097 | INFO     | agents.servers.serverDAE:train_on_clients:43 - Client 4 gets new best val_loss at epoch #67: 0.000786
2025-09-30 06:52:43.377 | INFO     | agents.servers.serverDAE:train_on_clients:43 - Client 5 gets new best val_loss at epoch #67: 0.000760
2025-09-30 06:52:43.938 | INFO     | agents.servers.serverDAE:train_on_clients:43 - Client 7 gets new best val_loss at epoch #67: 0.000767
2025-09-30 06:52:44.223 | INFO     | agents.servers.serverDAE:train_on_clients:43 - Client 8 gets new best val_loss at epoch #67: 0.000712
2025-09-30 06:52:44.504 | INFO     | agents.servers.serverDAE:train_on_clients:43 - Client 9 gets new best val_loss at epoch #67: 0.000732
2025-09-30 06:52:44.788 | INFO     | agents.servers.serverDAE:train_on_clients:43 - Client 10 gets new best val_loss at epoch #67: 0.000725
2025-09-30 06:52:45.074 | INFO     | agents.servers.serverDAE:train_on_clients:43 - Client 11 gets new best val_loss at epoch #67: 0.000817
2025-09-30 06:52:45.359 | INFO     | agents.servers.serverDAE:train_on_clients:43 - Client 12 gets new best val_loss at epoch #67: 0.000759
2025-09-30 06:52:45.642 | INFO     | agents.servers.serverDAE:train_on_clients:43 - Client 13 gets new best val_loss at epoch #67: 0.000756
2025-09-30 06:52:47.050 | INFO     | agents.servers.serverDAE:train_on_clients:43 - Client 18 gets new best val_loss at epoch #67: 0.000752
2025-09-30 06:52:47.331 | INFO     | agents.servers.serverDAE:train_on_clients:43 - Client 19 gets new best val_loss at epoch #67: 0.000804
2025-09-30 06:52:47.333 | INFO     | agents.servers.serverDAE:train_on_clients:65 - 20 clients still training at epoch #67
2025-09-30 06:52:47.352 | INFO     | agents.servers.serverDAE:train_on_clients:22 - Training DAE model epoch #68
2025-09-30 06:52:48.202 | INFO     | agents.servers.serverDAE:train_on_clients:43 - Client 2 gets new best val_loss at epoch #68: 0.000690
2025-09-30 06:52:49.897 | INFO     | agents.servers.serverDAE:train_on_clients:43 - Client 8 gets new best val_loss at epoch #68: 0.000706
2025-09-30 06:52:50.466 | INFO     | agents.servers.serverDAE:train_on_clients:43 - Client 10 gets new best val_loss at epoch #68: 0.000724
2025-09-30 06:52:50.747 | INFO     | agents.servers.serverDAE:train_on_clients:43 - Client 11 gets new best val_loss at epoch #68: 0.000754
2025-09-30 06:52:51.303 | INFO     | agents.servers.serverDAE:train_on_clients:43 - Client 13 gets new best val_loss at epoch #68: 0.000752
2025-09-30 06:52:51.858 | INFO     | agents.servers.serverDAE:train_on_clients:43 - Client 15 gets new best val_loss at epoch #68: 0.000750
2025-09-30 06:52:52.993 | INFO     | agents.servers.serverDAE:train_on_clients:65 - 20 clients still training at epoch #68
2025-09-30 06:52:53.011 | INFO     | agents.servers.serverDAE:train_on_clients:22 - Training DAE model epoch #69
2025-09-30 06:52:53.577 | INFO     | agents.servers.serverDAE:train_on_clients:43 - Client 1 gets new best val_loss at epoch #69: 0.000874
2025-09-30 06:52:54.714 | INFO     | agents.servers.serverDAE:train_on_clients:43 - Client 5 gets new best val_loss at epoch #69: 0.000757
2025-09-30 06:52:54.999 | INFO     | agents.servers.serverDAE:train_on_clients:43 - Client 6 gets new best val_loss at epoch #69: 0.000737
2025-09-30 06:52:55.284 | INFO     | agents.servers.serverDAE:train_on_clients:43 - Client 7 gets new best val_loss at epoch #69: 0.000726
2025-09-30 06:52:57.833 | INFO     | agents.servers.serverDAE:train_on_clients:43 - Client 16 gets new best val_loss at epoch #69: 0.000756
2025-09-30 06:52:58.119 | INFO     | agents.servers.serverDAE:train_on_clients:43 - Client 17 gets new best val_loss at epoch #69: 0.000691
2025-09-30 06:52:58.686 | INFO     | agents.servers.serverDAE:train_on_clients:65 - 20 clients still training at epoch #69
2025-09-30 06:52:58.705 | INFO     | agents.servers.serverDAE:train_on_clients:22 - Training DAE model epoch #70
2025-09-30 06:52:58.989 | INFO     | agents.servers.serverDAE:train_on_clients:43 - Client 0 gets new best val_loss at epoch #70: 0.000826
2025-09-30 06:52:58.990 | INFO     | agents.servers.serverDAE:train_on_clients:59 - Saved model for client 0 at epoch 70 -> saved_models/DAE/average/wsn_ds/epoch_70_client_0.pt
2025-09-30 06:52:59.276 | INFO     | agents.servers.serverDAE:train_on_clients:43 - Client 1 gets new best val_loss at epoch #70: 0.000857
2025-09-30 06:52:59.278 | INFO     | agents.servers.serverDAE:train_on_clients:59 - Saved model for client 1 at epoch 70 -> saved_models/DAE/average/wsn_ds/epoch_70_client_1.pt
2025-09-30 06:52:59.599 | INFO     | agents.servers.serverDAE:train_on_clients:59 - Saved model for client 2 at epoch 70 -> saved_models/DAE/average/wsn_ds/epoch_70_client_2.pt
2025-09-30 06:52:59.886 | INFO     | agents.servers.serverDAE:train_on_clients:43 - Client 3 gets new best val_loss at epoch #70: 0.000738
2025-09-30 06:52:59.887 | INFO     | agents.servers.serverDAE:train_on_clients:59 - Saved model for client 3 at epoch 70 -> saved_models/DAE/average/wsn_ds/epoch_70_client_3.pt
2025-09-30 06:53:00.171 | INFO     | agents.servers.serverDAE:train_on_clients:43 - Client 4 gets new best val_loss at epoch #70: 0.000758
2025-09-30 06:53:00.173 | INFO     | agents.servers.serverDAE:train_on_clients:59 - Saved model for client 4 at epoch 70 -> saved_models/DAE/average/wsn_ds/epoch_70_client_4.pt
2025-09-30 06:53:00.461 | INFO     | agents.servers.serverDAE:train_on_clients:43 - Client 5 gets new best val_loss at epoch #70: 0.000747
2025-09-30 06:53:00.463 | INFO     | agents.servers.serverDAE:train_on_clients:59 - Saved model for client 5 at epoch 70 -> saved_models/DAE/average/wsn_ds/epoch_70_client_5.pt
2025-09-30 06:53:00.746 | INFO     | agents.servers.serverDAE:train_on_clients:59 - Saved model for client 6 at epoch 70 -> saved_models/DAE/average/wsn_ds/epoch_70_client_6.pt
2025-09-30 06:53:01.061 | INFO     | agents.servers.serverDAE:train_on_clients:59 - Saved model for client 7 at epoch 70 -> saved_models/DAE/average/wsn_ds/epoch_70_client_7.pt
2025-09-30 06:53:01.343 | INFO     | agents.servers.serverDAE:train_on_clients:59 - Saved model for client 8 at epoch 70 -> saved_models/DAE/average/wsn_ds/epoch_70_client_8.pt
2025-09-30 06:53:01.631 | INFO     | agents.servers.serverDAE:train_on_clients:43 - Client 9 gets new best val_loss at epoch #70: 0.000720
2025-09-30 06:53:01.632 | INFO     | agents.servers.serverDAE:train_on_clients:59 - Saved model for client 9 at epoch 70 -> saved_models/DAE/average/wsn_ds/epoch_70_client_9.pt
2025-09-30 06:53:01.918 | INFO     | agents.servers.serverDAE:train_on_clients:43 - Client 10 gets new best val_loss at epoch #70: 0.000704
2025-09-30 06:53:01.919 | INFO     | agents.servers.serverDAE:train_on_clients:59 - Saved model for client 10 at epoch 70 -> saved_models/DAE/average/wsn_ds/epoch_70_client_10.pt
2025-09-30 06:53:02.203 | INFO     | agents.servers.serverDAE:train_on_clients:59 - Saved model for client 11 at epoch 70 -> saved_models/DAE/average/wsn_ds/epoch_70_client_11.pt
2025-09-30 06:53:02.495 | INFO     | agents.servers.serverDAE:train_on_clients:59 - Saved model for client 12 at epoch 70 -> saved_models/DAE/average/wsn_ds/epoch_70_client_12.pt
2025-09-30 06:53:02.781 | INFO     | agents.servers.serverDAE:train_on_clients:43 - Client 13 gets new best val_loss at epoch #70: 0.000731
2025-09-30 06:53:02.783 | INFO     | agents.servers.serverDAE:train_on_clients:59 - Saved model for client 13 at epoch 70 -> saved_models/DAE/average/wsn_ds/epoch_70_client_13.pt
2025-09-30 06:53:03.069 | INFO     | agents.servers.serverDAE:train_on_clients:59 - Saved model for client 14 at epoch 70 -> saved_models/DAE/average/wsn_ds/epoch_70_client_14.pt
2025-09-30 06:53:03.347 | INFO     | agents.servers.serverDAE:train_on_clients:59 - Saved model for client 15 at epoch 70 -> saved_models/DAE/average/wsn_ds/epoch_70_client_15.pt
2025-09-30 06:53:03.629 | INFO     | agents.servers.serverDAE:train_on_clients:59 - Saved model for client 16 at epoch 70 -> saved_models/DAE/average/wsn_ds/epoch_70_client_16.pt
2025-09-30 06:53:03.915 | INFO     | agents.servers.serverDAE:train_on_clients:43 - Client 17 gets new best val_loss at epoch #70: 0.000676
2025-09-30 06:53:03.917 | INFO     | agents.servers.serverDAE:train_on_clients:59 - Saved model for client 17 at epoch 70 -> saved_models/DAE/average/wsn_ds/epoch_70_client_17.pt
2025-09-30 06:53:04.233 | INFO     | agents.servers.serverDAE:train_on_clients:43 - Client 18 gets new best val_loss at epoch #70: 0.000751
2025-09-30 06:53:04.236 | INFO     | agents.servers.serverDAE:train_on_clients:59 - Saved model for client 18 at epoch 70 -> saved_models/DAE/average/wsn_ds/epoch_70_client_18.pt
2025-09-30 06:53:04.533 | INFO     | agents.servers.serverDAE:train_on_clients:59 - Saved model for client 19 at epoch 70 -> saved_models/DAE/average/wsn_ds/epoch_70_client_19.pt
2025-09-30 06:53:04.536 | INFO     | agents.servers.serverDAE:train_on_clients:65 - 20 clients still training at epoch #70
2025-09-30 06:53:04.554 | INFO     | agents.servers.serverDAE:train_on_clients:22 - Training DAE model epoch #71
2025-09-30 06:53:05.935 | INFO     | agents.servers.serverDAE:train_on_clients:43 - Client 4 gets new best val_loss at epoch #71: 0.000743
2025-09-30 06:53:07.601 | INFO     | agents.servers.serverDAE:train_on_clients:43 - Client 10 gets new best val_loss at epoch #71: 0.000681
2025-09-30 06:53:08.440 | INFO     | agents.servers.serverDAE:train_on_clients:43 - Client 13 gets new best val_loss at epoch #71: 0.000730
2025-09-30 06:53:08.725 | INFO     | agents.servers.serverDAE:train_on_clients:43 - Client 14 gets new best val_loss at epoch #71: 0.000700
2025-09-30 06:53:09.012 | INFO     | agents.servers.serverDAE:train_on_clients:43 - Client 15 gets new best val_loss at epoch #71: 0.000719
2025-09-30 06:53:09.297 | INFO     | agents.servers.serverDAE:train_on_clients:43 - Client 16 gets new best val_loss at epoch #71: 0.000736
2025-09-30 06:53:09.867 | INFO     | agents.servers.serverDAE:train_on_clients:43 - Client 18 gets new best val_loss at epoch #71: 0.000718
2025-09-30 06:53:10.150 | INFO     | agents.servers.serverDAE:train_on_clients:65 - 20 clients still training at epoch #71
2025-09-30 06:53:10.168 | INFO     | agents.servers.serverDAE:train_on_clients:22 - Training DAE model epoch #72
2025-09-30 06:53:10.450 | INFO     | agents.servers.serverDAE:train_on_clients:43 - Client 0 gets new best val_loss at epoch #72: 0.000823
2025-09-30 06:53:11.013 | INFO     | agents.servers.serverDAE:train_on_clients:43 - Client 2 gets new best val_loss at epoch #72: 0.000660
2025-09-30 06:53:11.578 | INFO     | agents.servers.serverDAE:train_on_clients:43 - Client 4 gets new best val_loss at epoch #72: 0.000733
2025-09-30 06:53:12.143 | INFO     | agents.servers.serverDAE:train_on_clients:43 - Client 6 gets new best val_loss at epoch #72: 0.000731
2025-09-30 06:53:12.706 | INFO     | agents.servers.serverDAE:train_on_clients:43 - Client 8 gets new best val_loss at epoch #72: 0.000670
2025-09-30 06:53:13.831 | INFO     | agents.servers.serverDAE:train_on_clients:43 - Client 12 gets new best val_loss at epoch #72: 0.000713
2025-09-30 06:53:14.397 | INFO     | agents.servers.serverDAE:train_on_clients:43 - Client 14 gets new best val_loss at epoch #72: 0.000681
2025-09-30 06:53:14.966 | INFO     | agents.servers.serverDAE:train_on_clients:43 - Client 16 gets new best val_loss at epoch #72: 0.000730
2025-09-30 06:53:15.253 | INFO     | agents.servers.serverDAE:train_on_clients:43 - Client 17 gets new best val_loss at epoch #72: 0.000659
2025-09-30 06:53:15.815 | INFO     | agents.servers.serverDAE:train_on_clients:43 - Client 19 gets new best val_loss at epoch #72: 0.000792
2025-09-30 06:53:15.818 | INFO     | agents.servers.serverDAE:train_on_clients:65 - 20 clients still training at epoch #72
2025-09-30 06:53:15.836 | INFO     | agents.servers.serverDAE:train_on_clients:22 - Training DAE model epoch #73
2025-09-30 06:53:16.119 | INFO     | agents.servers.serverDAE:train_on_clients:43 - Client 0 gets new best val_loss at epoch #73: 0.000780
2025-09-30 06:53:16.403 | INFO     | agents.servers.serverDAE:train_on_clients:43 - Client 1 gets new best val_loss at epoch #73: 0.000822
2025-09-30 06:53:18.660 | INFO     | agents.servers.serverDAE:train_on_clients:43 - Client 9 gets new best val_loss at epoch #73: 0.000707
2025-09-30 06:53:19.796 | INFO     | agents.servers.serverDAE:train_on_clients:43 - Client 13 gets new best val_loss at epoch #73: 0.000714
2025-09-30 06:53:21.487 | INFO     | agents.servers.serverDAE:train_on_clients:65 - 20 clients still training at epoch #73
2025-09-30 06:53:21.505 | INFO     | agents.servers.serverDAE:train_on_clients:22 - Training DAE model epoch #74
2025-09-30 06:53:22.070 | INFO     | agents.servers.serverDAE:train_on_clients:43 - Client 1 gets new best val_loss at epoch #74: 0.000804
2025-09-30 06:53:22.636 | INFO     | agents.servers.serverDAE:train_on_clients:43 - Client 3 gets new best val_loss at epoch #74: 0.000682
2025-09-30 06:53:22.921 | INFO     | agents.servers.serverDAE:train_on_clients:43 - Client 4 gets new best val_loss at epoch #74: 0.000721
2025-09-30 06:53:23.208 | INFO     | agents.servers.serverDAE:train_on_clients:43 - Client 5 gets new best val_loss at epoch #74: 0.000729
2025-09-30 06:53:26.893 | INFO     | agents.servers.serverDAE:train_on_clients:43 - Client 18 gets new best val_loss at epoch #74: 0.000710
2025-09-30 06:53:27.180 | INFO     | agents.servers.serverDAE:train_on_clients:65 - 20 clients still training at epoch #74
2025-09-30 06:53:27.198 | INFO     | agents.servers.serverDAE:train_on_clients:22 - Training DAE model epoch #75
2025-09-30 06:53:27.480 | INFO     | agents.servers.serverDAE:train_on_clients:43 - Client 0 gets new best val_loss at epoch #75: 0.000772
2025-09-30 06:53:28.051 | INFO     | agents.servers.serverDAE:train_on_clients:43 - Client 2 gets new best val_loss at epoch #75: 0.000645
2025-09-30 06:53:29.468 | INFO     | agents.servers.serverDAE:train_on_clients:43 - Client 7 gets new best val_loss at epoch #75: 0.000713
2025-09-30 06:53:30.608 | INFO     | agents.servers.serverDAE:train_on_clients:43 - Client 11 gets new best val_loss at epoch #75: 0.000727
2025-09-30 06:53:31.174 | INFO     | agents.servers.serverDAE:train_on_clients:43 - Client 13 gets new best val_loss at epoch #75: 0.000695
2025-09-30 06:53:32.865 | INFO     | agents.servers.serverDAE:train_on_clients:65 - 20 clients still training at epoch #75
2025-09-30 06:53:32.883 | INFO     | agents.servers.serverDAE:train_on_clients:22 - Training DAE model epoch #76
2025-09-30 06:53:34.308 | INFO     | agents.servers.serverDAE:train_on_clients:43 - Client 4 gets new best val_loss at epoch #76: 0.000705
2025-09-30 06:53:34.593 | INFO     | agents.servers.serverDAE:train_on_clients:43 - Client 5 gets new best val_loss at epoch #76: 0.000701
2025-09-30 06:53:34.875 | INFO     | agents.servers.serverDAE:train_on_clients:43 - Client 6 gets new best val_loss at epoch #76: 0.000709
2025-09-30 06:53:35.725 | INFO     | agents.servers.serverDAE:train_on_clients:43 - Client 9 gets new best val_loss at epoch #76: 0.000705
2025-09-30 06:53:38.279 | INFO     | agents.servers.serverDAE:train_on_clients:43 - Client 18 gets new best val_loss at epoch #76: 0.000701
2025-09-30 06:53:38.563 | INFO     | agents.servers.serverDAE:train_on_clients:65 - 20 clients still training at epoch #76
2025-09-30 06:53:38.581 | INFO     | agents.servers.serverDAE:train_on_clients:22 - Training DAE model epoch #77
2025-09-30 06:53:40.282 | INFO     | agents.servers.serverDAE:train_on_clients:43 - Client 5 gets new best val_loss at epoch #77: 0.000671
2025-09-30 06:53:41.136 | INFO     | agents.servers.serverDAE:train_on_clients:43 - Client 8 gets new best val_loss at epoch #77: 0.000634
2025-09-30 06:53:41.418 | INFO     | agents.servers.serverDAE:train_on_clients:43 - Client 9 gets new best val_loss at epoch #77: 0.000679
2025-09-30 06:53:41.988 | INFO     | agents.servers.serverDAE:train_on_clients:43 - Client 11 gets new best val_loss at epoch #77: 0.000716
2025-09-30 06:53:42.845 | INFO     | agents.servers.serverDAE:train_on_clients:43 - Client 14 gets new best val_loss at epoch #77: 0.000638
2025-09-30 06:53:44.250 | INFO     | agents.servers.serverDAE:train_on_clients:65 - 20 clients still training at epoch #77
2025-09-30 06:53:44.269 | INFO     | agents.servers.serverDAE:train_on_clients:22 - Training DAE model epoch #78
2025-09-30 06:53:45.097 | INFO     | agents.servers.serverDAE:train_on_clients:43 - Client 2 gets new best val_loss at epoch #78: 0.000643
2025-09-30 06:53:46.479 | INFO     | agents.servers.serverDAE:train_on_clients:43 - Client 7 gets new best val_loss at epoch #78: 0.000686
2025-09-30 06:53:48.687 | INFO     | agents.servers.serverDAE:train_on_clients:43 - Client 15 gets new best val_loss at epoch #78: 0.000700
2025-09-30 06:53:49.810 | INFO     | agents.servers.serverDAE:train_on_clients:65 - 20 clients still training at epoch #78
2025-09-30 06:53:49.828 | INFO     | agents.servers.serverDAE:train_on_clients:22 - Training DAE model epoch #79
2025-09-30 06:53:50.693 | INFO     | agents.servers.serverDAE:train_on_clients:43 - Client 2 gets new best val_loss at epoch #79: 0.000629
2025-09-30 06:53:51.834 | INFO     | agents.servers.serverDAE:train_on_clients:43 - Client 6 gets new best val_loss at epoch #79: 0.000691
2025-09-30 06:53:52.686 | INFO     | agents.servers.serverDAE:train_on_clients:43 - Client 9 gets new best val_loss at epoch #79: 0.000642
2025-09-30 06:53:52.972 | INFO     | agents.servers.serverDAE:train_on_clients:43 - Client 10 gets new best val_loss at epoch #79: 0.000637
2025-09-30 06:53:55.249 | INFO     | agents.servers.serverDAE:train_on_clients:43 - Client 18 gets new best val_loss at epoch #79: 0.000662
2025-09-30 06:53:55.535 | INFO     | agents.servers.serverDAE:train_on_clients:65 - 20 clients still training at epoch #79
2025-09-30 06:53:55.553 | INFO     | agents.servers.serverDAE:train_on_clients:22 - Training DAE model epoch #80
2025-09-30 06:53:55.836 | INFO     | agents.servers.serverDAE:train_on_clients:59 - Saved model for client 0 at epoch 80 -> saved_models/DAE/average/wsn_ds/epoch_80_client_0.pt
2025-09-30 06:53:56.122 | INFO     | agents.servers.serverDAE:train_on_clients:59 - Saved model for client 1 at epoch 80 -> saved_models/DAE/average/wsn_ds/epoch_80_client_1.pt
2025-09-30 06:53:56.405 | INFO     | agents.servers.serverDAE:train_on_clients:59 - Saved model for client 2 at epoch 80 -> saved_models/DAE/average/wsn_ds/epoch_80_client_2.pt
2025-09-30 06:53:56.689 | INFO     | agents.servers.serverDAE:train_on_clients:59 - Saved model for client 3 at epoch 80 -> saved_models/DAE/average/wsn_ds/epoch_80_client_3.pt
2025-09-30 06:53:56.972 | INFO     | agents.servers.serverDAE:train_on_clients:59 - Saved model for client 4 at epoch 80 -> saved_models/DAE/average/wsn_ds/epoch_80_client_4.pt
2025-09-30 06:53:57.256 | INFO     | agents.servers.serverDAE:train_on_clients:59 - Saved model for client 5 at epoch 80 -> saved_models/DAE/average/wsn_ds/epoch_80_client_5.pt
2025-09-30 06:53:57.538 | INFO     | agents.servers.serverDAE:train_on_clients:43 - Client 6 gets new best val_loss at epoch #80: 0.000690
2025-09-30 06:53:57.540 | INFO     | agents.servers.serverDAE:train_on_clients:59 - Saved model for client 6 at epoch 80 -> saved_models/DAE/average/wsn_ds/epoch_80_client_6.pt
2025-09-30 06:53:57.825 | INFO     | agents.servers.serverDAE:train_on_clients:59 - Saved model for client 7 at epoch 80 -> saved_models/DAE/average/wsn_ds/epoch_80_client_7.pt
2025-09-30 06:53:58.108 | INFO     | agents.servers.serverDAE:train_on_clients:59 - Saved model for client 8 at epoch 80 -> saved_models/DAE/average/wsn_ds/epoch_80_client_8.pt
2025-09-30 06:53:58.393 | INFO     | agents.servers.serverDAE:train_on_clients:59 - Saved model for client 9 at epoch 80 -> saved_models/DAE/average/wsn_ds/epoch_80_client_9.pt
2025-09-30 06:53:58.677 | INFO     | agents.servers.serverDAE:train_on_clients:59 - Saved model for client 10 at epoch 80 -> saved_models/DAE/average/wsn_ds/epoch_80_client_10.pt
2025-09-30 06:53:58.961 | INFO     | agents.servers.serverDAE:train_on_clients:59 - Saved model for client 11 at epoch 80 -> saved_models/DAE/average/wsn_ds/epoch_80_client_11.pt
2025-09-30 06:53:59.246 | INFO     | agents.servers.serverDAE:train_on_clients:59 - Saved model for client 12 at epoch 80 -> saved_models/DAE/average/wsn_ds/epoch_80_client_12.pt
2025-09-30 06:53:59.530 | INFO     | agents.servers.serverDAE:train_on_clients:59 - Saved model for client 13 at epoch 80 -> saved_models/DAE/average/wsn_ds/epoch_80_client_13.pt
2025-09-30 06:53:59.815 | INFO     | agents.servers.serverDAE:train_on_clients:59 - Saved model for client 14 at epoch 80 -> saved_models/DAE/average/wsn_ds/epoch_80_client_14.pt
2025-09-30 06:54:00.101 | INFO     | agents.servers.serverDAE:train_on_clients:59 - Saved model for client 15 at epoch 80 -> saved_models/DAE/average/wsn_ds/epoch_80_client_15.pt
2025-09-30 06:54:00.388 | INFO     | agents.servers.serverDAE:train_on_clients:43 - Client 16 gets new best val_loss at epoch #80: 0.000705
2025-09-30 06:54:00.389 | INFO     | agents.servers.serverDAE:train_on_clients:59 - Saved model for client 16 at epoch 80 -> saved_models/DAE/average/wsn_ds/epoch_80_client_16.pt
2025-09-30 06:54:00.675 | INFO     | agents.servers.serverDAE:train_on_clients:43 - Client 17 gets new best val_loss at epoch #80: 0.000657
2025-09-30 06:54:00.676 | INFO     | agents.servers.serverDAE:train_on_clients:59 - Saved model for client 17 at epoch 80 -> saved_models/DAE/average/wsn_ds/epoch_80_client_17.pt
2025-09-30 06:54:00.960 | INFO     | agents.servers.serverDAE:train_on_clients:59 - Saved model for client 18 at epoch 80 -> saved_models/DAE/average/wsn_ds/epoch_80_client_18.pt
2025-09-30 06:54:01.246 | INFO     | agents.servers.serverDAE:train_on_clients:59 - Saved model for client 19 at epoch 80 -> saved_models/DAE/average/wsn_ds/epoch_80_client_19.pt
2025-09-30 06:54:01.249 | INFO     | agents.servers.serverDAE:train_on_clients:65 - 20 clients still training at epoch #80
2025-09-30 06:54:01.267 | INFO     | agents.servers.serverDAE:train_on_clients:22 - Training DAE model epoch #81
2025-09-30 06:54:01.836 | INFO     | agents.servers.serverDAE:train_on_clients:43 - Client 1 gets new best val_loss at epoch #81: 0.000793
2025-09-30 06:54:02.405 | INFO     | agents.servers.serverDAE:train_on_clients:43 - Client 3 gets new best val_loss at epoch #81: 0.000659
2025-09-30 06:54:02.688 | INFO     | agents.servers.serverDAE:train_on_clients:43 - Client 4 gets new best val_loss at epoch #81: 0.000682
2025-09-30 06:54:04.662 | INFO     | agents.servers.serverDAE:train_on_clients:43 - Client 11 gets new best val_loss at epoch #81: 0.000716
2025-09-30 06:54:05.233 | INFO     | agents.servers.serverDAE:train_on_clients:43 - Client 13 gets new best val_loss at epoch #81: 0.000679
2025-09-30 06:54:06.385 | INFO     | agents.servers.serverDAE:train_on_clients:43 - Client 17 gets new best val_loss at epoch #81: 0.000642
2025-09-30 06:54:06.942 | INFO     | agents.servers.serverDAE:train_on_clients:65 - 20 clients still training at epoch #81
2025-09-30 06:54:06.960 | INFO     | agents.servers.serverDAE:train_on_clients:22 - Training DAE model epoch #82
2025-09-30 06:54:07.839 | INFO     | agents.servers.serverDAE:train_on_clients:43 - Client 2 gets new best val_loss at epoch #82: 0.000623
2025-09-30 06:54:10.976 | INFO     | agents.servers.serverDAE:train_on_clients:43 - Client 13 gets new best val_loss at epoch #82: 0.000670
2025-09-30 06:54:12.685 | INFO     | agents.servers.serverDAE:train_on_clients:65 - 20 clients still training at epoch #82
2025-09-30 06:54:12.703 | INFO     | agents.servers.serverDAE:train_on_clients:22 - Training DAE model epoch #83
2025-09-30 06:54:17.523 | INFO     | agents.servers.serverDAE:train_on_clients:43 - Client 16 gets new best val_loss at epoch #83: 0.000685
2025-09-30 06:54:17.808 | INFO     | agents.servers.serverDAE:train_on_clients:43 - Client 17 gets new best val_loss at epoch #83: 0.000616
2025-09-30 06:54:18.377 | INFO     | agents.servers.serverDAE:train_on_clients:43 - Client 19 gets new best val_loss at epoch #83: 0.000737
2025-09-30 06:54:18.379 | INFO     | agents.servers.serverDAE:train_on_clients:65 - 20 clients still training at epoch #83
2025-09-30 06:54:18.397 | INFO     | agents.servers.serverDAE:train_on_clients:22 - Training DAE model epoch #84
2025-09-30 06:54:18.680 | INFO     | agents.servers.serverDAE:train_on_clients:43 - Client 0 gets new best val_loss at epoch #84: 0.000729
2025-09-30 06:54:18.966 | INFO     | agents.servers.serverDAE:train_on_clients:43 - Client 1 gets new best val_loss at epoch #84: 0.000769
2025-09-30 06:54:20.103 | INFO     | agents.servers.serverDAE:train_on_clients:43 - Client 5 gets new best val_loss at epoch #84: 0.000663
2025-09-30 06:54:20.390 | INFO     | agents.servers.serverDAE:train_on_clients:43 - Client 6 gets new best val_loss at epoch #84: 0.000680
2025-09-30 06:54:20.958 | INFO     | agents.servers.serverDAE:train_on_clients:43 - Client 8 gets new best val_loss at epoch #84: 0.000623
2025-09-30 06:54:22.380 | INFO     | agents.servers.serverDAE:train_on_clients:43 - Client 13 gets new best val_loss at epoch #84: 0.000653
2025-09-30 06:54:23.231 | INFO     | agents.servers.serverDAE:train_on_clients:43 - Client 16 gets new best val_loss at epoch #84: 0.000670
2025-09-30 06:54:24.084 | INFO     | agents.servers.serverDAE:train_on_clients:65 - 20 clients still training at epoch #84
2025-09-30 06:54:24.103 | INFO     | agents.servers.serverDAE:train_on_clients:22 - Training DAE model epoch #85
2025-09-30 06:54:24.952 | INFO     | agents.servers.serverDAE:train_on_clients:43 - Client 2 gets new best val_loss at epoch #85: 0.000619
2025-09-30 06:54:26.337 | INFO     | agents.servers.serverDAE:train_on_clients:43 - Client 7 gets new best val_loss at epoch #85: 0.000657
2025-09-30 06:54:27.175 | INFO     | agents.servers.serverDAE:train_on_clients:43 - Client 10 gets new best val_loss at epoch #85: 0.000634
2025-09-30 06:54:27.452 | INFO     | agents.servers.serverDAE:train_on_clients:43 - Client 11 gets new best val_loss at epoch #85: 0.000699
2025-09-30 06:54:29.118 | INFO     | agents.servers.serverDAE:train_on_clients:43 - Client 17 gets new best val_loss at epoch #85: 0.000588
2025-09-30 06:54:29.399 | INFO     | agents.servers.serverDAE:train_on_clients:43 - Client 18 gets new best val_loss at epoch #85: 0.000661
2025-09-30 06:54:29.681 | INFO     | agents.servers.serverDAE:train_on_clients:65 - 20 clients still training at epoch #85
2025-09-30 06:54:29.699 | INFO     | agents.servers.serverDAE:train_on_clients:22 - Training DAE model epoch #86
2025-09-30 06:54:30.537 | INFO     | agents.servers.serverDAE:train_on_clients:43 - Client 2 gets new best val_loss at epoch #86: 0.000615
2025-09-30 06:54:31.674 | INFO     | agents.servers.serverDAE:train_on_clients:43 - Client 6 gets new best val_loss at epoch #86: 0.000671
2025-09-30 06:54:32.244 | INFO     | agents.servers.serverDAE:train_on_clients:43 - Client 8 gets new best val_loss at epoch #86: 0.000608
2025-09-30 06:54:33.377 | INFO     | agents.servers.serverDAE:train_on_clients:43 - Client 12 gets new best val_loss at epoch #86: 0.000675
2025-09-30 06:54:33.946 | INFO     | agents.servers.serverDAE:train_on_clients:43 - Client 14 gets new best val_loss at epoch #86: 0.000633
2025-09-30 06:54:34.235 | INFO     | agents.servers.serverDAE:train_on_clients:43 - Client 15 gets new best val_loss at epoch #86: 0.000680
2025-09-30 06:54:35.371 | INFO     | agents.servers.serverDAE:train_on_clients:65 - 20 clients still training at epoch #86
2025-09-30 06:54:35.390 | INFO     | agents.servers.serverDAE:train_on_clients:22 - Training DAE model epoch #87
2025-09-30 06:54:36.242 | INFO     | agents.servers.serverDAE:train_on_clients:43 - Client 2 gets new best val_loss at epoch #87: 0.000606
2025-09-30 06:54:36.525 | INFO     | agents.servers.serverDAE:train_on_clients:43 - Client 3 gets new best val_loss at epoch #87: 0.000659
2025-09-30 06:54:37.092 | INFO     | agents.servers.serverDAE:train_on_clients:43 - Client 5 gets new best val_loss at epoch #87: 0.000642
2025-09-30 06:54:37.944 | INFO     | agents.servers.serverDAE:train_on_clients:43 - Client 8 gets new best val_loss at epoch #87: 0.000599
2025-09-30 06:54:38.797 | INFO     | agents.servers.serverDAE:train_on_clients:43 - Client 11 gets new best val_loss at epoch #87: 0.000694
2025-09-30 06:54:40.217 | INFO     | agents.servers.serverDAE:train_on_clients:43 - Client 16 gets new best val_loss at epoch #87: 0.000668
2025-09-30 06:54:41.071 | INFO     | agents.servers.serverDAE:train_on_clients:65 - 20 clients still training at epoch #87
2025-09-30 06:54:41.089 | INFO     | agents.servers.serverDAE:train_on_clients:22 - Training DAE model epoch #88
2025-09-30 06:54:43.354 | INFO     | agents.servers.serverDAE:train_on_clients:43 - Client 7 gets new best val_loss at epoch #88: 0.000654
2025-09-30 06:54:46.474 | INFO     | agents.servers.serverDAE:train_on_clients:43 - Client 18 gets new best val_loss at epoch #88: 0.000656
2025-09-30 06:54:46.761 | INFO     | agents.servers.serverDAE:train_on_clients:65 - 20 clients still training at epoch #88
2025-09-30 06:54:46.779 | INFO     | agents.servers.serverDAE:train_on_clients:22 - Training DAE model epoch #89
2025-09-30 06:54:47.913 | INFO     | agents.servers.serverDAE:train_on_clients:43 - Client 3 gets new best val_loss at epoch #89: 0.000651
2025-09-30 06:54:48.484 | INFO     | agents.servers.serverDAE:train_on_clients:43 - Client 5 gets new best val_loss at epoch #89: 0.000642
2025-09-30 06:54:49.622 | INFO     | agents.servers.serverDAE:train_on_clients:43 - Client 9 gets new best val_loss at epoch #89: 0.000630
2025-09-30 06:54:50.762 | INFO     | agents.servers.serverDAE:train_on_clients:43 - Client 13 gets new best val_loss at epoch #89: 0.000641
2025-09-30 06:54:51.331 | INFO     | agents.servers.serverDAE:train_on_clients:43 - Client 15 gets new best val_loss at epoch #89: 0.000670
2025-09-30 06:54:52.465 | INFO     | agents.servers.serverDAE:train_on_clients:65 - 20 clients still training at epoch #89
2025-09-30 06:54:52.484 | INFO     | agents.servers.serverDAE:train_on_clients:22 - Training DAE model epoch #90
2025-09-30 06:54:52.770 | INFO     | agents.servers.serverDAE:train_on_clients:59 - Saved model for client 0 at epoch 90 -> saved_models/DAE/average/wsn_ds/epoch_90_client_0.pt
2025-09-30 06:54:53.053 | INFO     | agents.servers.serverDAE:train_on_clients:43 - Client 1 gets new best val_loss at epoch #90: 0.000769
2025-09-30 06:54:53.054 | INFO     | agents.servers.serverDAE:train_on_clients:59 - Saved model for client 1 at epoch 90 -> saved_models/DAE/average/wsn_ds/epoch_90_client_1.pt
2025-09-30 06:54:53.340 | INFO     | agents.servers.serverDAE:train_on_clients:59 - Saved model for client 2 at epoch 90 -> saved_models/DAE/average/wsn_ds/epoch_90_client_2.pt
2025-09-30 06:54:53.626 | INFO     | agents.servers.serverDAE:train_on_clients:43 - Client 3 gets new best val_loss at epoch #90: 0.000641
2025-09-30 06:54:53.628 | INFO     | agents.servers.serverDAE:train_on_clients:59 - Saved model for client 3 at epoch 90 -> saved_models/DAE/average/wsn_ds/epoch_90_client_3.pt
2025-09-30 06:54:53.914 | INFO     | agents.servers.serverDAE:train_on_clients:59 - Saved model for client 4 at epoch 90 -> saved_models/DAE/average/wsn_ds/epoch_90_client_4.pt
2025-09-30 06:54:54.223 | INFO     | agents.servers.serverDAE:train_on_clients:59 - Saved model for client 5 at epoch 90 -> saved_models/DAE/average/wsn_ds/epoch_90_client_5.pt
2025-09-30 06:54:54.511 | INFO     | agents.servers.serverDAE:train_on_clients:59 - Saved model for client 6 at epoch 90 -> saved_models/DAE/average/wsn_ds/epoch_90_client_6.pt
2025-09-30 06:54:54.798 | INFO     | agents.servers.serverDAE:train_on_clients:59 - Saved model for client 7 at epoch 90 -> saved_models/DAE/average/wsn_ds/epoch_90_client_7.pt
2025-09-30 06:54:55.080 | INFO     | agents.servers.serverDAE:train_on_clients:59 - Saved model for client 8 at epoch 90 -> saved_models/DAE/average/wsn_ds/epoch_90_client_8.pt
2025-09-30 06:54:55.368 | INFO     | agents.servers.serverDAE:train_on_clients:43 - Client 9 gets new best val_loss at epoch #90: 0.000608
2025-09-30 06:54:55.389 | INFO     | agents.servers.serverDAE:train_on_clients:59 - Saved model for client 9 at epoch 90 -> saved_models/DAE/average/wsn_ds/epoch_90_client_9.pt
2025-09-30 06:54:55.675 | INFO     | agents.servers.serverDAE:train_on_clients:43 - Client 10 gets new best val_loss at epoch #90: 0.000620
2025-09-30 06:54:55.677 | INFO     | agents.servers.serverDAE:train_on_clients:59 - Saved model for client 10 at epoch 90 -> saved_models/DAE/average/wsn_ds/epoch_90_client_10.pt
2025-09-30 06:54:55.962 | INFO     | agents.servers.serverDAE:train_on_clients:43 - Client 11 gets new best val_loss at epoch #90: 0.000691
2025-09-30 06:54:55.963 | INFO     | agents.servers.serverDAE:train_on_clients:59 - Saved model for client 11 at epoch 90 -> saved_models/DAE/average/wsn_ds/epoch_90_client_11.pt
2025-09-30 06:54:56.248 | INFO     | agents.servers.serverDAE:train_on_clients:43 - Client 12 gets new best val_loss at epoch #90: 0.000642
2025-09-30 06:54:56.250 | INFO     | agents.servers.serverDAE:train_on_clients:59 - Saved model for client 12 at epoch 90 -> saved_models/DAE/average/wsn_ds/epoch_90_client_12.pt
2025-09-30 06:54:56.535 | INFO     | agents.servers.serverDAE:train_on_clients:59 - Saved model for client 13 at epoch 90 -> saved_models/DAE/average/wsn_ds/epoch_90_client_13.pt
2025-09-30 06:54:56.821 | INFO     | agents.servers.serverDAE:train_on_clients:59 - Saved model for client 14 at epoch 90 -> saved_models/DAE/average/wsn_ds/epoch_90_client_14.pt
2025-09-30 06:54:57.107 | INFO     | agents.servers.serverDAE:train_on_clients:43 - Client 15 gets new best val_loss at epoch #90: 0.000645
2025-09-30 06:54:57.108 | INFO     | agents.servers.serverDAE:train_on_clients:59 - Saved model for client 15 at epoch 90 -> saved_models/DAE/average/wsn_ds/epoch_90_client_15.pt
2025-09-30 06:54:57.394 | INFO     | agents.servers.serverDAE:train_on_clients:59 - Saved model for client 16 at epoch 90 -> saved_models/DAE/average/wsn_ds/epoch_90_client_16.pt
2025-09-30 06:54:57.678 | INFO     | agents.servers.serverDAE:train_on_clients:59 - Saved model for client 17 at epoch 90 -> saved_models/DAE/average/wsn_ds/epoch_90_client_17.pt
2025-09-30 06:54:57.964 | INFO     | agents.servers.serverDAE:train_on_clients:59 - Saved model for client 18 at epoch 90 -> saved_models/DAE/average/wsn_ds/epoch_90_client_18.pt
2025-09-30 06:54:58.249 | INFO     | agents.servers.serverDAE:train_on_clients:43 - Client 19 gets new best val_loss at epoch #90: 0.000716
2025-09-30 06:54:58.251 | INFO     | agents.servers.serverDAE:train_on_clients:59 - Saved model for client 19 at epoch 90 -> saved_models/DAE/average/wsn_ds/epoch_90_client_19.pt
2025-09-30 06:54:58.253 | INFO     | agents.servers.serverDAE:train_on_clients:65 - 20 clients still training at epoch #90
2025-09-30 06:54:58.272 | INFO     | agents.servers.serverDAE:train_on_clients:22 - Training DAE model epoch #91
2025-09-30 06:54:59.693 | INFO     | agents.servers.serverDAE:train_on_clients:43 - Client 4 gets new best val_loss at epoch #91: 0.000675
2025-09-30 06:55:00.263 | INFO     | agents.servers.serverDAE:train_on_clients:43 - Client 6 gets new best val_loss at epoch #91: 0.000665
2025-09-30 06:55:01.390 | INFO     | agents.servers.serverDAE:train_on_clients:43 - Client 10 gets new best val_loss at epoch #91: 0.000606
2025-09-30 06:55:02.520 | INFO     | agents.servers.serverDAE:train_on_clients:43 - Client 14 gets new best val_loss at epoch #91: 0.000622
2025-09-30 06:55:03.366 | INFO     | agents.servers.serverDAE:train_on_clients:43 - Client 17 gets new best val_loss at epoch #91: 0.000583
2025-09-30 06:55:03.936 | INFO     | agents.servers.serverDAE:train_on_clients:65 - 20 clients still training at epoch #91
2025-09-30 06:55:03.954 | INFO     | agents.servers.serverDAE:train_on_clients:22 - Training DAE model epoch #92
2025-09-30 06:55:07.323 | INFO     | agents.servers.serverDAE:train_on_clients:43 - Client 11 gets new best val_loss at epoch #92: 0.000673
2025-09-30 06:55:09.532 | INFO     | agents.servers.serverDAE:train_on_clients:65 - 20 clients still training at epoch #92
2025-09-30 06:55:09.551 | INFO     | agents.servers.serverDAE:train_on_clients:22 - Training DAE model epoch #93
2025-09-30 06:55:09.828 | INFO     | agents.servers.serverDAE:train_on_clients:43 - Client 0 gets new best val_loss at epoch #93: 0.000726
2025-09-30 06:55:10.105 | INFO     | agents.servers.serverDAE:train_on_clients:43 - Client 1 gets new best val_loss at epoch #93: 0.000753
2025-09-30 06:55:11.217 | INFO     | agents.servers.serverDAE:train_on_clients:43 - Client 5 gets new best val_loss at epoch #93: 0.000636
2025-09-30 06:55:11.503 | INFO     | agents.servers.serverDAE:train_on_clients:43 - Client 6 gets new best val_loss at epoch #93: 0.000656
2025-09-30 06:55:15.311 | INFO     | agents.servers.serverDAE:train_on_clients:65 - 20 clients still training at epoch #93
2025-09-30 06:55:15.330 | INFO     | agents.servers.serverDAE:train_on_clients:22 - Training DAE model epoch #94
2025-09-30 06:55:15.617 | INFO     | agents.servers.serverDAE:train_on_clients:43 - Client 0 gets new best val_loss at epoch #94: 0.000713
2025-09-30 06:55:20.759 | INFO     | agents.servers.serverDAE:train_on_clients:43 - Client 18 gets new best val_loss at epoch #94: 0.000628
2025-09-30 06:55:21.044 | INFO     | agents.servers.serverDAE:train_on_clients:65 - 20 clients still training at epoch #94
2025-09-30 06:55:21.062 | INFO     | agents.servers.serverDAE:train_on_clients:22 - Training DAE model epoch #95
2025-09-30 06:55:22.471 | INFO     | agents.servers.serverDAE:train_on_clients:43 - Client 4 gets new best val_loss at epoch #95: 0.000636
2025-09-30 06:55:23.037 | INFO     | agents.servers.serverDAE:train_on_clients:43 - Client 6 gets new best val_loss at epoch #95: 0.000644
2025-09-30 06:55:26.712 | INFO     | agents.servers.serverDAE:train_on_clients:65 - 20 clients still training at epoch #95
2025-09-30 06:55:26.731 | INFO     | agents.servers.serverDAE:train_on_clients:22 - Training DAE model epoch #96
2025-09-30 06:55:29.312 | INFO     | agents.servers.serverDAE:train_on_clients:43 - Client 8 gets new best val_loss at epoch #96: 0.000584
2025-09-30 06:55:30.446 | INFO     | agents.servers.serverDAE:train_on_clients:43 - Client 12 gets new best val_loss at epoch #96: 0.000629
2025-09-30 06:55:31.015 | INFO     | agents.servers.serverDAE:train_on_clients:43 - Client 14 gets new best val_loss at epoch #96: 0.000617
2025-09-30 06:55:31.582 | INFO     | agents.servers.serverDAE:train_on_clients:43 - Client 16 gets new best val_loss at epoch #96: 0.000650
2025-09-30 06:55:32.438 | INFO     | agents.servers.serverDAE:train_on_clients:65 - 20 clients still training at epoch #96
2025-09-30 06:55:32.456 | INFO     | agents.servers.serverDAE:train_on_clients:22 - Training DAE model epoch #97
2025-09-30 06:55:33.023 | INFO     | agents.servers.serverDAE:train_on_clients:43 - Client 1 gets new best val_loss at epoch #97: 0.000749
2025-09-30 06:55:33.593 | INFO     | agents.servers.serverDAE:train_on_clients:43 - Client 3 gets new best val_loss at epoch #97: 0.000632
2025-09-30 06:55:34.726 | INFO     | agents.servers.serverDAE:train_on_clients:43 - Client 7 gets new best val_loss at epoch #97: 0.000634
2025-09-30 06:55:35.858 | INFO     | agents.servers.serverDAE:train_on_clients:43 - Client 11 gets new best val_loss at epoch #97: 0.000671
2025-09-30 06:55:36.713 | INFO     | agents.servers.serverDAE:train_on_clients:43 - Client 14 gets new best val_loss at epoch #97: 0.000601
2025-09-30 06:55:38.139 | INFO     | agents.servers.serverDAE:train_on_clients:65 - 20 clients still training at epoch #97
2025-09-30 06:55:38.158 | INFO     | agents.servers.serverDAE:train_on_clients:22 - Training DAE model epoch #98
2025-09-30 06:55:38.442 | INFO     | agents.servers.serverDAE:train_on_clients:43 - Client 0 gets new best val_loss at epoch #98: 0.000711
2025-09-30 06:55:39.011 | INFO     | agents.servers.serverDAE:train_on_clients:43 - Client 2 gets new best val_loss at epoch #98: 0.000590
2025-09-30 06:55:40.152 | INFO     | agents.servers.serverDAE:train_on_clients:43 - Client 6 gets new best val_loss at epoch #98: 0.000642
2025-09-30 06:55:40.721 | INFO     | agents.servers.serverDAE:train_on_clients:43 - Client 8 gets new best val_loss at epoch #98: 0.000578
2025-09-30 06:55:41.290 | INFO     | agents.servers.serverDAE:train_on_clients:43 - Client 10 gets new best val_loss at epoch #98: 0.000603
2025-09-30 06:55:42.141 | INFO     | agents.servers.serverDAE:train_on_clients:43 - Client 13 gets new best val_loss at epoch #98: 0.000628
2025-09-30 06:55:43.556 | INFO     | agents.servers.serverDAE:train_on_clients:43 - Client 18 gets new best val_loss at epoch #98: 0.000624
2025-09-30 06:55:43.844 | INFO     | agents.servers.serverDAE:train_on_clients:65 - 20 clients still training at epoch #98
2025-09-30 06:55:43.862 | INFO     | agents.servers.serverDAE:train_on_clients:22 - Training DAE model epoch #99
2025-09-30 06:55:44.145 | INFO     | agents.servers.serverDAE:train_on_clients:43 - Client 0 gets new best val_loss at epoch #99: 0.000699
2025-09-30 06:55:46.139 | INFO     | agents.servers.serverDAE:train_on_clients:43 - Client 7 gets new best val_loss at epoch #99: 0.000628
2025-09-30 06:55:46.426 | INFO     | agents.servers.serverDAE:train_on_clients:43 - Client 8 gets new best val_loss at epoch #99: 0.000568
2025-09-30 06:55:48.923 | INFO     | agents.servers.serverDAE:train_on_clients:43 - Client 17 gets new best val_loss at epoch #99: 0.000558
2025-09-30 06:55:49.201 | INFO     | agents.servers.serverDAE:train_on_clients:43 - Client 18 gets new best val_loss at epoch #99: 0.000618
2025-09-30 06:55:49.476 | INFO     | agents.servers.serverDAE:train_on_clients:65 - 20 clients still training at epoch #99
2025-09-30 06:55:49.495 | INFO     | agents.servers.serverDAE:train_on_clients:22 - Training DAE model epoch #100
2025-09-30 06:55:49.769 | INFO     | agents.servers.serverDAE:train_on_clients:59 - Saved model for client 0 at epoch 100 -> saved_models/DAE/average/wsn_ds/epoch_100_client_0.pt
2025-09-30 06:55:50.052 | INFO     | agents.servers.serverDAE:train_on_clients:59 - Saved model for client 1 at epoch 100 -> saved_models/DAE/average/wsn_ds/epoch_100_client_1.pt
2025-09-30 06:55:50.327 | INFO     | agents.servers.serverDAE:train_on_clients:59 - Saved model for client 2 at epoch 100 -> saved_models/DAE/average/wsn_ds/epoch_100_client_2.pt
2025-09-30 06:55:50.607 | INFO     | agents.servers.serverDAE:train_on_clients:59 - Saved model for client 3 at epoch 100 -> saved_models/DAE/average/wsn_ds/epoch_100_client_3.pt
2025-09-30 06:55:50.886 | INFO     | agents.servers.serverDAE:train_on_clients:59 - Saved model for client 4 at epoch 100 -> saved_models/DAE/average/wsn_ds/epoch_100_client_4.pt
2025-09-30 06:55:51.165 | INFO     | agents.servers.serverDAE:train_on_clients:59 - Saved model for client 5 at epoch 100 -> saved_models/DAE/average/wsn_ds/epoch_100_client_5.pt
2025-09-30 06:55:51.443 | INFO     | agents.servers.serverDAE:train_on_clients:59 - Saved model for client 6 at epoch 100 -> saved_models/DAE/average/wsn_ds/epoch_100_client_6.pt
2025-09-30 06:55:51.723 | INFO     | agents.servers.serverDAE:train_on_clients:59 - Saved model for client 7 at epoch 100 -> saved_models/DAE/average/wsn_ds/epoch_100_client_7.pt
2025-09-30 06:55:51.999 | INFO     | agents.servers.serverDAE:train_on_clients:59 - Saved model for client 8 at epoch 100 -> saved_models/DAE/average/wsn_ds/epoch_100_client_8.pt
2025-09-30 06:55:52.275 | INFO     | agents.servers.serverDAE:train_on_clients:43 - Client 9 gets new best val_loss at epoch #100: 0.000606
2025-09-30 06:55:52.276 | INFO     | agents.servers.serverDAE:train_on_clients:59 - Saved model for client 9 at epoch 100 -> saved_models/DAE/average/wsn_ds/epoch_100_client_9.pt
2025-09-30 06:55:52.563 | INFO     | agents.servers.serverDAE:train_on_clients:59 - Saved model for client 10 at epoch 100 -> saved_models/DAE/average/wsn_ds/epoch_100_client_10.pt
2025-09-30 06:55:52.843 | INFO     | agents.servers.serverDAE:train_on_clients:59 - Saved model for client 11 at epoch 100 -> saved_models/DAE/average/wsn_ds/epoch_100_client_11.pt
2025-09-30 06:55:53.129 | INFO     | agents.servers.serverDAE:train_on_clients:59 - Saved model for client 12 at epoch 100 -> saved_models/DAE/average/wsn_ds/epoch_100_client_12.pt
2025-09-30 06:55:53.412 | INFO     | agents.servers.serverDAE:train_on_clients:59 - Saved model for client 13 at epoch 100 -> saved_models/DAE/average/wsn_ds/epoch_100_client_13.pt
2025-09-30 06:55:53.698 | INFO     | agents.servers.serverDAE:train_on_clients:59 - Saved model for client 14 at epoch 100 -> saved_models/DAE/average/wsn_ds/epoch_100_client_14.pt
2025-09-30 06:55:53.979 | INFO     | agents.servers.serverDAE:train_on_clients:59 - Saved model for client 15 at epoch 100 -> saved_models/DAE/average/wsn_ds/epoch_100_client_15.pt
2025-09-30 06:55:54.265 | INFO     | agents.servers.serverDAE:train_on_clients:59 - Saved model for client 16 at epoch 100 -> saved_models/DAE/average/wsn_ds/epoch_100_client_16.pt
2025-09-30 06:55:54.549 | INFO     | agents.servers.serverDAE:train_on_clients:59 - Saved model for client 17 at epoch 100 -> saved_models/DAE/average/wsn_ds/epoch_100_client_17.pt
2025-09-30 06:55:54.833 | INFO     | agents.servers.serverDAE:train_on_clients:43 - Client 18 gets new best val_loss at epoch #100: 0.000613
2025-09-30 06:55:54.835 | INFO     | agents.servers.serverDAE:train_on_clients:59 - Saved model for client 18 at epoch 100 -> saved_models/DAE/average/wsn_ds/epoch_100_client_18.pt
2025-09-30 06:55:55.121 | INFO     | agents.servers.serverDAE:train_on_clients:59 - Saved model for client 19 at epoch 100 -> saved_models/DAE/average/wsn_ds/epoch_100_client_19.pt
2025-09-30 06:55:55.123 | INFO     | agents.servers.serverDAE:train_on_clients:65 - 20 clients still training at epoch #100
2025-09-30 06:55:55.142 | INFO     | agents.servers.serverDAE:train_on_clients:22 - Training DAE model epoch #101
2025-09-30 06:55:55.425 | INFO     | agents.servers.serverDAE:train_on_clients:43 - Client 0 gets new best val_loss at epoch #101: 0.000684
2025-09-30 06:55:56.845 | INFO     | agents.servers.serverDAE:train_on_clients:43 - Client 5 gets new best val_loss at epoch #101: 0.000629
2025-09-30 06:55:58.541 | INFO     | agents.servers.serverDAE:train_on_clients:43 - Client 11 gets new best val_loss at epoch #101: 0.000655
2025-09-30 06:56:00.811 | INFO     | agents.servers.serverDAE:train_on_clients:43 - Client 19 gets new best val_loss at epoch #101: 0.000694
2025-09-30 06:56:00.814 | INFO     | agents.servers.serverDAE:train_on_clients:65 - 20 clients still training at epoch #101
2025-09-30 06:56:00.832 | INFO     | agents.servers.serverDAE:train_on_clients:22 - Training DAE model epoch #102
2025-09-30 06:56:03.089 | INFO     | agents.servers.serverDAE:train_on_clients:43 - Client 7 gets new best val_loss at epoch #102: 0.000605
2025-09-30 06:56:03.939 | INFO     | agents.servers.serverDAE:train_on_clients:43 - Client 10 gets new best val_loss at epoch #102: 0.000592
2025-09-30 06:56:06.490 | INFO     | agents.servers.serverDAE:train_on_clients:65 - 20 clients still training at epoch #102
2025-09-30 06:56:06.509 | INFO     | agents.servers.serverDAE:train_on_clients:22 - Training DAE model epoch #103
2025-09-30 06:56:07.075 | INFO     | agents.servers.serverDAE:train_on_clients:43 - Client 1 gets new best val_loss at epoch #103: 0.000740
2025-09-30 06:56:07.642 | INFO     | agents.servers.serverDAE:train_on_clients:43 - Client 3 gets new best val_loss at epoch #103: 0.000628
2025-09-30 06:56:08.211 | INFO     | agents.servers.serverDAE:train_on_clients:43 - Client 5 gets new best val_loss at epoch #103: 0.000625
2025-09-30 06:56:08.498 | INFO     | agents.servers.serverDAE:train_on_clients:43 - Client 6 gets new best val_loss at epoch #103: 0.000634
2025-09-30 06:56:09.916 | INFO     | agents.servers.serverDAE:train_on_clients:43 - Client 11 gets new best val_loss at epoch #103: 0.000647
2025-09-30 06:56:11.051 | INFO     | agents.servers.serverDAE:train_on_clients:43 - Client 15 gets new best val_loss at epoch #103: 0.000637
2025-09-30 06:56:12.187 | INFO     | agents.servers.serverDAE:train_on_clients:65 - 20 clients still training at epoch #103
2025-09-30 06:56:12.206 | INFO     | agents.servers.serverDAE:train_on_clients:22 - Training DAE model epoch #104
2025-09-30 06:56:15.045 | INFO     | agents.servers.serverDAE:train_on_clients:43 - Client 9 gets new best val_loss at epoch #104: 0.000594
2025-09-30 06:56:16.749 | INFO     | agents.servers.serverDAE:train_on_clients:43 - Client 15 gets new best val_loss at epoch #104: 0.000635
2025-09-30 06:56:17.894 | INFO     | agents.servers.serverDAE:train_on_clients:65 - 20 clients still training at epoch #104
2025-09-30 06:56:17.913 | INFO     | agents.servers.serverDAE:train_on_clients:22 - Training DAE model epoch #105
2025-09-30 06:56:19.074 | INFO     | agents.servers.serverDAE:train_on_clients:43 - Client 3 gets new best val_loss at epoch #105: 0.000611
2025-09-30 06:56:21.656 | INFO     | agents.servers.serverDAE:train_on_clients:43 - Client 12 gets new best val_loss at epoch #105: 0.000620
2025-09-30 06:56:23.645 | INFO     | agents.servers.serverDAE:train_on_clients:65 - 20 clients still training at epoch #105
2025-09-30 06:56:23.664 | INFO     | agents.servers.serverDAE:train_on_clients:22 - Training DAE model epoch #106
2025-09-30 06:56:24.234 | INFO     | agents.servers.serverDAE:train_on_clients:43 - Client 1 gets new best val_loss at epoch #106: 0.000739
2025-09-30 06:56:27.365 | INFO     | agents.servers.serverDAE:train_on_clients:43 - Client 12 gets new best val_loss at epoch #106: 0.000616
2025-09-30 06:56:29.308 | INFO     | agents.servers.serverDAE:train_on_clients:43 - Client 19 gets new best val_loss at epoch #106: 0.000682
2025-09-30 06:56:29.311 | INFO     | agents.servers.serverDAE:train_on_clients:65 - 20 clients still training at epoch #106
2025-09-30 06:56:29.330 | INFO     | agents.servers.serverDAE:train_on_clients:22 - Training DAE model epoch #107
2025-09-30 06:56:33.487 | INFO     | agents.servers.serverDAE:train_on_clients:43 - Client 14 gets new best val_loss at epoch #107: 0.000573
2025-09-30 06:56:34.906 | INFO     | agents.servers.serverDAE:train_on_clients:65 - 20 clients still training at epoch #107
2025-09-30 06:56:34.925 | INFO     | agents.servers.serverDAE:train_on_clients:22 - Training DAE model epoch #108
2025-09-30 06:56:35.776 | INFO     | agents.servers.serverDAE:train_on_clients:43 - Client 2 gets new best val_loss at epoch #108: 0.000559
2025-09-30 06:56:38.054 | INFO     | agents.servers.serverDAE:train_on_clients:43 - Client 10 gets new best val_loss at epoch #108: 0.000584
2025-09-30 06:56:40.059 | INFO     | agents.servers.serverDAE:train_on_clients:43 - Client 17 gets new best val_loss at epoch #108: 0.000557
2025-09-30 06:56:40.630 | INFO     | agents.servers.serverDAE:train_on_clients:65 - 20 clients still training at epoch #108
2025-09-30 06:56:40.648 | INFO     | agents.servers.serverDAE:train_on_clients:22 - Training DAE model epoch #109
2025-09-30 06:56:41.214 | INFO     | agents.servers.serverDAE:train_on_clients:43 - Client 1 gets new best val_loss at epoch #109: 0.000738
2025-09-30 06:56:42.350 | INFO     | agents.servers.serverDAE:train_on_clients:43 - Client 5 gets new best val_loss at epoch #109: 0.000594
2025-09-30 06:56:44.337 | INFO     | agents.servers.serverDAE:train_on_clients:43 - Client 12 gets new best val_loss at epoch #109: 0.000608
2025-09-30 06:56:44.623 | INFO     | agents.servers.serverDAE:train_on_clients:43 - Client 13 gets new best val_loss at epoch #109: 0.000626
2025-09-30 06:56:46.340 | INFO     | agents.servers.serverDAE:train_on_clients:65 - 20 clients still training at epoch #109
2025-09-30 06:56:46.358 | INFO     | agents.servers.serverDAE:train_on_clients:22 - Training DAE model epoch #110
2025-09-30 06:56:46.644 | INFO     | agents.servers.serverDAE:train_on_clients:59 - Saved model for client 0 at epoch 110 -> saved_models/DAE/average/wsn_ds/epoch_110_client_0.pt
2025-09-30 06:56:46.930 | INFO     | agents.servers.serverDAE:train_on_clients:59 - Saved model for client 1 at epoch 110 -> saved_models/DAE/average/wsn_ds/epoch_110_client_1.pt
2025-09-30 06:56:47.213 | INFO     | agents.servers.serverDAE:train_on_clients:59 - Saved model for client 2 at epoch 110 -> saved_models/DAE/average/wsn_ds/epoch_110_client_2.pt
2025-09-30 06:56:47.498 | INFO     | agents.servers.serverDAE:train_on_clients:59 - Saved model for client 3 at epoch 110 -> saved_models/DAE/average/wsn_ds/epoch_110_client_3.pt
2025-09-30 06:56:47.783 | INFO     | agents.servers.serverDAE:train_on_clients:59 - Saved model for client 4 at epoch 110 -> saved_models/DAE/average/wsn_ds/epoch_110_client_4.pt
2025-09-30 06:56:48.069 | INFO     | agents.servers.serverDAE:train_on_clients:59 - Saved model for client 5 at epoch 110 -> saved_models/DAE/average/wsn_ds/epoch_110_client_5.pt
2025-09-30 06:56:48.350 | INFO     | agents.servers.serverDAE:train_on_clients:43 - Client 6 gets new best val_loss at epoch #110: 0.000626
2025-09-30 06:56:48.351 | INFO     | agents.servers.serverDAE:train_on_clients:59 - Saved model for client 6 at epoch 110 -> saved_models/DAE/average/wsn_ds/epoch_110_client_6.pt
2025-09-30 06:56:48.638 | INFO     | agents.servers.serverDAE:train_on_clients:59 - Saved model for client 7 at epoch 110 -> saved_models/DAE/average/wsn_ds/epoch_110_client_7.pt
2025-09-30 06:56:48.924 | INFO     | agents.servers.serverDAE:train_on_clients:59 - Saved model for client 8 at epoch 110 -> saved_models/DAE/average/wsn_ds/epoch_110_client_8.pt
2025-09-30 06:56:49.210 | INFO     | agents.servers.serverDAE:train_on_clients:59 - Saved model for client 9 at epoch 110 -> saved_models/DAE/average/wsn_ds/epoch_110_client_9.pt
2025-09-30 06:56:49.496 | INFO     | agents.servers.serverDAE:train_on_clients:59 - Saved model for client 10 at epoch 110 -> saved_models/DAE/average/wsn_ds/epoch_110_client_10.pt
2025-09-30 06:56:49.784 | INFO     | agents.servers.serverDAE:train_on_clients:59 - Saved model for client 11 at epoch 110 -> saved_models/DAE/average/wsn_ds/epoch_110_client_11.pt
2025-09-30 06:56:50.065 | INFO     | agents.servers.serverDAE:train_on_clients:59 - Saved model for client 12 at epoch 110 -> saved_models/DAE/average/wsn_ds/epoch_110_client_12.pt
2025-09-30 06:56:50.350 | INFO     | agents.servers.serverDAE:train_on_clients:59 - Saved model for client 13 at epoch 110 -> saved_models/DAE/average/wsn_ds/epoch_110_client_13.pt
2025-09-30 06:56:50.637 | INFO     | agents.servers.serverDAE:train_on_clients:59 - Saved model for client 14 at epoch 110 -> saved_models/DAE/average/wsn_ds/epoch_110_client_14.pt
2025-09-30 06:56:50.923 | INFO     | agents.servers.serverDAE:train_on_clients:59 - Saved model for client 15 at epoch 110 -> saved_models/DAE/average/wsn_ds/epoch_110_client_15.pt
2025-09-30 06:56:51.211 | INFO     | agents.servers.serverDAE:train_on_clients:59 - Saved model for client 16 at epoch 110 -> saved_models/DAE/average/wsn_ds/epoch_110_client_16.pt
2025-09-30 06:56:51.496 | INFO     | agents.servers.serverDAE:train_on_clients:59 - Saved model for client 17 at epoch 110 -> saved_models/DAE/average/wsn_ds/epoch_110_client_17.pt
2025-09-30 06:56:51.782 | INFO     | agents.servers.serverDAE:train_on_clients:59 - Saved model for client 18 at epoch 110 -> saved_models/DAE/average/wsn_ds/epoch_110_client_18.pt
2025-09-30 06:56:52.069 | INFO     | agents.servers.serverDAE:train_on_clients:59 - Saved model for client 19 at epoch 110 -> saved_models/DAE/average/wsn_ds/epoch_110_client_19.pt
2025-09-30 06:56:52.072 | INFO     | agents.servers.serverDAE:train_on_clients:65 - 20 clients still training at epoch #110
2025-09-30 06:56:52.090 | INFO     | agents.servers.serverDAE:train_on_clients:22 - Training DAE model epoch #111
2025-09-30 06:56:52.376 | INFO     | agents.servers.serverDAE:train_on_clients:43 - Client 0 gets new best val_loss at epoch #111: 0.000672
2025-09-30 06:56:56.914 | INFO     | agents.servers.serverDAE:train_on_clients:43 - Client 16 gets new best val_loss at epoch #111: 0.000648
2025-09-30 06:56:57.506 | INFO     | agents.servers.serverDAE:train_on_clients:43 - Client 18 gets new best val_loss at epoch #111: 0.000606
2025-09-30 06:56:57.793 | INFO     | agents.servers.serverDAE:train_on_clients:65 - 20 clients still training at epoch #111
2025-09-30 06:56:57.811 | INFO     | agents.servers.serverDAE:train_on_clients:22 - Training DAE model epoch #112
2025-09-30 06:57:00.939 | INFO     | agents.servers.serverDAE:train_on_clients:43 - Client 10 gets new best val_loss at epoch #112: 0.000564
2025-09-30 06:57:02.382 | INFO     | agents.servers.serverDAE:train_on_clients:43 - Client 15 gets new best val_loss at epoch #112: 0.000618
2025-09-30 06:57:02.953 | INFO     | agents.servers.serverDAE:train_on_clients:43 - Client 17 gets new best val_loss at epoch #112: 0.000540
2025-09-30 06:57:03.525 | INFO     | agents.servers.serverDAE:train_on_clients:65 - 20 clients still training at epoch #112
2025-09-30 06:57:03.544 | INFO     | agents.servers.serverDAE:train_on_clients:22 - Training DAE model epoch #113
2025-09-30 06:57:04.108 | INFO     | agents.servers.serverDAE:train_on_clients:43 - Client 1 gets new best val_loss at epoch #113: 0.000728
2025-09-30 06:57:05.537 | INFO     | agents.servers.serverDAE:train_on_clients:43 - Client 6 gets new best val_loss at epoch #113: 0.000617
2025-09-30 06:57:06.388 | INFO     | agents.servers.serverDAE:train_on_clients:43 - Client 9 gets new best val_loss at epoch #113: 0.000593
2025-09-30 06:57:06.954 | INFO     | agents.servers.serverDAE:train_on_clients:43 - Client 11 gets new best val_loss at epoch #113: 0.000631
2025-09-30 06:57:09.215 | INFO     | agents.servers.serverDAE:train_on_clients:65 - 20 clients still training at epoch #113
2025-09-30 06:57:09.234 | INFO     | agents.servers.serverDAE:train_on_clients:22 - Training DAE model epoch #114
2025-09-30 06:57:12.003 | INFO     | agents.servers.serverDAE:train_on_clients:43 - Client 9 gets new best val_loss at epoch #114: 0.000589
2025-09-30 06:57:13.104 | INFO     | agents.servers.serverDAE:train_on_clients:43 - Client 13 gets new best val_loss at epoch #114: 0.000599
2025-09-30 06:57:14.784 | INFO     | agents.servers.serverDAE:train_on_clients:65 - 20 clients still training at epoch #114
2025-09-30 06:57:14.803 | INFO     | agents.servers.serverDAE:train_on_clients:22 - Training DAE model epoch #115
2025-09-30 06:57:16.223 | INFO     | agents.servers.serverDAE:train_on_clients:43 - Client 4 gets new best val_loss at epoch #115: 0.000628
2025-09-30 06:57:19.346 | INFO     | agents.servers.serverDAE:train_on_clients:43 - Client 15 gets new best val_loss at epoch #115: 0.000594
2025-09-30 06:57:20.196 | INFO     | agents.servers.serverDAE:train_on_clients:43 - Client 18 gets new best val_loss at epoch #115: 0.000593
2025-09-30 06:57:20.483 | INFO     | agents.servers.serverDAE:train_on_clients:65 - 20 clients still training at epoch #115
2025-09-30 06:57:20.502 | INFO     | agents.servers.serverDAE:train_on_clients:22 - Training DAE model epoch #116
2025-09-30 06:57:21.644 | INFO     | agents.servers.serverDAE:train_on_clients:43 - Client 3 gets new best val_loss at epoch #116: 0.000607
2025-09-30 06:57:21.929 | INFO     | agents.servers.serverDAE:train_on_clients:43 - Client 4 gets new best val_loss at epoch #116: 0.000610
2025-09-30 06:57:26.250 | INFO     | agents.servers.serverDAE:train_on_clients:65 - 20 clients still training at epoch #116
2025-09-30 06:57:26.268 | INFO     | agents.servers.serverDAE:train_on_clients:22 - Training DAE model epoch #117
2025-09-30 06:57:30.299 | INFO     | agents.servers.serverDAE:train_on_clients:43 - Client 13 gets new best val_loss at epoch #117: 0.000592
2025-09-30 06:57:32.049 | INFO     | agents.servers.serverDAE:train_on_clients:65 - 20 clients still training at epoch #117
2025-09-30 06:57:32.067 | INFO     | agents.servers.serverDAE:train_on_clients:22 - Training DAE model epoch #118
2025-09-30 06:57:32.351 | INFO     | agents.servers.serverDAE:train_on_clients:43 - Client 0 gets new best val_loss at epoch #118: 0.000657
2025-09-30 06:57:36.900 | INFO     | agents.servers.serverDAE:train_on_clients:43 - Client 16 gets new best val_loss at epoch #118: 0.000630
2025-09-30 06:57:37.755 | INFO     | agents.servers.serverDAE:train_on_clients:43 - Client 19 gets new best val_loss at epoch #118: 0.000670
2025-09-30 06:57:37.759 | INFO     | agents.servers.serverDAE:train_on_clients:65 - 20 clients still training at epoch #118
2025-09-30 06:57:37.777 | INFO     | agents.servers.serverDAE:train_on_clients:22 - Training DAE model epoch #119
2025-09-30 06:57:38.341 | INFO     | agents.servers.serverDAE:train_on_clients:43 - Client 1 gets new best val_loss at epoch #119: 0.000717
2025-09-30 06:57:39.767 | INFO     | agents.servers.serverDAE:train_on_clients:43 - Client 6 gets new best val_loss at epoch #119: 0.000588
2025-09-30 06:57:40.340 | INFO     | agents.servers.serverDAE:train_on_clients:43 - Client 8 gets new best val_loss at epoch #119: 0.000554
2025-09-30 06:57:41.185 | INFO     | agents.servers.serverDAE:train_on_clients:43 - Client 11 gets new best val_loss at epoch #119: 0.000624
2025-09-30 06:57:43.454 | INFO     | agents.servers.serverDAE:train_on_clients:65 - 20 clients still training at epoch #119
2025-09-30 06:57:43.473 | INFO     | agents.servers.serverDAE:train_on_clients:22 - Training DAE model epoch #120
2025-09-30 06:57:43.754 | INFO     | agents.servers.serverDAE:train_on_clients:43 - Client 0 gets new best val_loss at epoch #120: 0.000653
2025-09-30 06:57:43.755 | INFO     | agents.servers.serverDAE:train_on_clients:59 - Saved model for client 0 at epoch 120 -> saved_models/DAE/average/wsn_ds/epoch_120_client_0.pt
2025-09-30 06:57:44.043 | INFO     | agents.servers.serverDAE:train_on_clients:43 - Client 1 gets new best val_loss at epoch #120: 0.000696
2025-09-30 06:57:44.044 | INFO     | agents.servers.serverDAE:train_on_clients:59 - Saved model for client 1 at epoch 120 -> saved_models/DAE/average/wsn_ds/epoch_120_client_1.pt
2025-09-30 06:57:44.322 | INFO     | agents.servers.serverDAE:train_on_clients:59 - Saved model for client 2 at epoch 120 -> saved_models/DAE/average/wsn_ds/epoch_120_client_2.pt
2025-09-30 06:57:44.609 | INFO     | agents.servers.serverDAE:train_on_clients:59 - Saved model for client 3 at epoch 120 -> saved_models/DAE/average/wsn_ds/epoch_120_client_3.pt
2025-09-30 06:57:44.895 | INFO     | agents.servers.serverDAE:train_on_clients:59 - Saved model for client 4 at epoch 120 -> saved_models/DAE/average/wsn_ds/epoch_120_client_4.pt
2025-09-30 06:57:45.183 | INFO     | agents.servers.serverDAE:train_on_clients:59 - Saved model for client 5 at epoch 120 -> saved_models/DAE/average/wsn_ds/epoch_120_client_5.pt
2025-09-30 06:57:45.471 | INFO     | agents.servers.serverDAE:train_on_clients:59 - Saved model for client 6 at epoch 120 -> saved_models/DAE/average/wsn_ds/epoch_120_client_6.pt
2025-09-30 06:57:45.757 | INFO     | agents.servers.serverDAE:train_on_clients:59 - Saved model for client 7 at epoch 120 -> saved_models/DAE/average/wsn_ds/epoch_120_client_7.pt
2025-09-30 06:57:46.043 | INFO     | agents.servers.serverDAE:train_on_clients:59 - Saved model for client 8 at epoch 120 -> saved_models/DAE/average/wsn_ds/epoch_120_client_8.pt
2025-09-30 06:57:46.329 | INFO     | agents.servers.serverDAE:train_on_clients:59 - Saved model for client 9 at epoch 120 -> saved_models/DAE/average/wsn_ds/epoch_120_client_9.pt
2025-09-30 06:57:46.614 | INFO     | agents.servers.serverDAE:train_on_clients:59 - Saved model for client 10 at epoch 120 -> saved_models/DAE/average/wsn_ds/epoch_120_client_10.pt
2025-09-30 06:57:46.900 | INFO     | agents.servers.serverDAE:train_on_clients:59 - Saved model for client 11 at epoch 120 -> saved_models/DAE/average/wsn_ds/epoch_120_client_11.pt
2025-09-30 06:57:47.185 | INFO     | agents.servers.serverDAE:train_on_clients:59 - Saved model for client 12 at epoch 120 -> saved_models/DAE/average/wsn_ds/epoch_120_client_12.pt
2025-09-30 06:57:47.471 | INFO     | agents.servers.serverDAE:train_on_clients:59 - Saved model for client 13 at epoch 120 -> saved_models/DAE/average/wsn_ds/epoch_120_client_13.pt
2025-09-30 06:57:47.754 | INFO     | agents.servers.serverDAE:train_on_clients:59 - Saved model for client 14 at epoch 120 -> saved_models/DAE/average/wsn_ds/epoch_120_client_14.pt
2025-09-30 06:57:48.040 | INFO     | agents.servers.serverDAE:train_on_clients:59 - Saved model for client 15 at epoch 120 -> saved_models/DAE/average/wsn_ds/epoch_120_client_15.pt
2025-09-30 06:57:48.326 | INFO     | agents.servers.serverDAE:train_on_clients:59 - Saved model for client 16 at epoch 120 -> saved_models/DAE/average/wsn_ds/epoch_120_client_16.pt
2025-09-30 06:57:48.615 | INFO     | agents.servers.serverDAE:train_on_clients:59 - Saved model for client 17 at epoch 120 -> saved_models/DAE/average/wsn_ds/epoch_120_client_17.pt
2025-09-30 06:57:48.901 | INFO     | agents.servers.serverDAE:train_on_clients:59 - Saved model for client 18 at epoch 120 -> saved_models/DAE/average/wsn_ds/epoch_120_client_18.pt
2025-09-30 06:57:49.187 | INFO     | agents.servers.serverDAE:train_on_clients:59 - Saved model for client 19 at epoch 120 -> saved_models/DAE/average/wsn_ds/epoch_120_client_19.pt
2025-09-30 06:57:49.190 | INFO     | agents.servers.serverDAE:train_on_clients:65 - 20 clients still training at epoch #120
2025-09-30 06:57:49.208 | INFO     | agents.servers.serverDAE:train_on_clients:22 - Training DAE model epoch #121
2025-09-30 06:57:50.324 | INFO     | agents.servers.serverDAE:train_on_clients:43 - Client 3 gets new best val_loss at epoch #121: 0.000606
2025-09-30 06:57:53.370 | INFO     | agents.servers.serverDAE:train_on_clients:43 - Client 14 gets new best val_loss at epoch #121: 0.000564
2025-09-30 06:57:54.755 | INFO     | agents.servers.serverDAE:train_on_clients:65 - 20 clients still training at epoch #121
2025-09-30 06:57:54.774 | INFO     | agents.servers.serverDAE:train_on_clients:22 - Training DAE model epoch #122
2025-09-30 06:57:59.316 | INFO     | agents.servers.serverDAE:train_on_clients:43 - Client 15 gets new best val_loss at epoch #122: 0.000583
2025-09-30 06:58:00.455 | INFO     | agents.servers.serverDAE:train_on_clients:43 - Client 19 gets new best val_loss at epoch #122: 0.000669
2025-09-30 06:58:00.458 | INFO     | agents.servers.serverDAE:train_on_clients:65 - 20 clients still training at epoch #122
2025-09-30 06:58:00.477 | INFO     | agents.servers.serverDAE:train_on_clients:22 - Training DAE model epoch #123
2025-09-30 06:58:00.760 | INFO     | agents.servers.serverDAE:train_on_clients:43 - Client 0 gets new best val_loss at epoch #123: 0.000639
2025-09-30 06:58:02.183 | INFO     | agents.servers.serverDAE:train_on_clients:43 - Client 5 gets new best val_loss at epoch #123: 0.000575
2025-09-30 06:58:06.161 | INFO     | agents.servers.serverDAE:train_on_clients:43 - Client 19 gets new best val_loss at epoch #123: 0.000646
2025-09-30 06:58:06.165 | INFO     | agents.servers.serverDAE:train_on_clients:65 - 20 clients still training at epoch #123
2025-09-30 06:58:06.183 | INFO     | agents.servers.serverDAE:train_on_clients:22 - Training DAE model epoch #124
2025-09-30 06:58:07.887 | INFO     | agents.servers.serverDAE:train_on_clients:43 - Client 5 gets new best val_loss at epoch #124: 0.000571
2025-09-30 06:58:08.740 | INFO     | agents.servers.serverDAE:train_on_clients:43 - Client 8 gets new best val_loss at epoch #124: 0.000543
2025-09-30 06:58:09.026 | INFO     | agents.servers.serverDAE:train_on_clients:43 - Client 9 gets new best val_loss at epoch #124: 0.000580
2025-09-30 06:58:11.875 | INFO     | agents.servers.serverDAE:train_on_clients:65 - 20 clients still training at epoch #124
2025-09-30 06:58:11.894 | INFO     | agents.servers.serverDAE:train_on_clients:22 - Training DAE model epoch #125
2025-09-30 06:58:15.016 | INFO     | agents.servers.serverDAE:train_on_clients:43 - Client 10 gets new best val_loss at epoch #125: 0.000559
2025-09-30 06:58:15.588 | INFO     | agents.servers.serverDAE:train_on_clients:43 - Client 12 gets new best val_loss at epoch #125: 0.000606
2025-09-30 06:58:17.578 | INFO     | agents.servers.serverDAE:train_on_clients:65 - 20 clients still training at epoch #125
2025-09-30 06:58:17.597 | INFO     | agents.servers.serverDAE:train_on_clients:22 - Training DAE model epoch #126
2025-09-30 06:58:18.167 | INFO     | agents.servers.serverDAE:train_on_clients:43 - Client 1 gets new best val_loss at epoch #126: 0.000687
2025-09-30 06:58:21.305 | INFO     | agents.servers.serverDAE:train_on_clients:43 - Client 12 gets new best val_loss at epoch #126: 0.000569
2025-09-30 06:58:23.290 | INFO     | agents.servers.serverDAE:train_on_clients:65 - 20 clients still training at epoch #126
2025-09-30 06:58:23.309 | INFO     | agents.servers.serverDAE:train_on_clients:22 - Training DAE model epoch #127
2025-09-30 06:58:23.879 | INFO     | agents.servers.serverDAE:train_on_clients:43 - Client 1 gets new best val_loss at epoch #127: 0.000684
2025-09-30 06:58:24.734 | INFO     | agents.servers.serverDAE:train_on_clients:43 - Client 4 gets new best val_loss at epoch #127: 0.000603
2025-09-30 06:58:25.306 | INFO     | agents.servers.serverDAE:train_on_clients:43 - Client 6 gets new best val_loss at epoch #127: 0.000578
2025-09-30 06:58:28.996 | INFO     | agents.servers.serverDAE:train_on_clients:65 - 20 clients still training at epoch #127
2025-09-30 06:58:29.014 | INFO     | agents.servers.serverDAE:train_on_clients:22 - Training DAE model epoch #128
2025-09-30 06:58:31.870 | INFO     | agents.servers.serverDAE:train_on_clients:43 - Client 9 gets new best val_loss at epoch #128: 0.000580
2025-09-30 06:58:32.151 | INFO     | agents.servers.serverDAE:train_on_clients:43 - Client 10 gets new best val_loss at epoch #128: 0.000556
2025-09-30 06:58:34.389 | INFO     | agents.servers.serverDAE:train_on_clients:43 - Client 18 gets new best val_loss at epoch #128: 0.000570
2025-09-30 06:58:34.668 | INFO     | agents.servers.serverDAE:train_on_clients:65 - 20 clients still training at epoch #128
2025-09-30 06:58:34.687 | INFO     | agents.servers.serverDAE:train_on_clients:22 - Training DAE model epoch #129
2025-09-30 06:58:35.518 | INFO     | agents.servers.serverDAE:train_on_clients:43 - Client 2 gets new best val_loss at epoch #129: 0.000553
2025-09-30 06:58:35.800 | INFO     | agents.servers.serverDAE:train_on_clients:43 - Client 3 gets new best val_loss at epoch #129: 0.000575
2025-09-30 06:58:40.271 | INFO     | agents.servers.serverDAE:train_on_clients:65 - 20 clients still training at epoch #129
2025-09-30 06:58:40.290 | INFO     | agents.servers.serverDAE:train_on_clients:22 - Training DAE model epoch #130
2025-09-30 06:58:40.569 | INFO     | agents.servers.serverDAE:train_on_clients:59 - Saved model for client 0 at epoch 130 -> saved_models/DAE/average/wsn_ds/epoch_130_client_0.pt
2025-09-30 06:58:40.849 | INFO     | agents.servers.serverDAE:train_on_clients:59 - Saved model for client 1 at epoch 130 -> saved_models/DAE/average/wsn_ds/epoch_130_client_1.pt
2025-09-30 06:58:41.127 | INFO     | agents.servers.serverDAE:train_on_clients:59 - Saved model for client 2 at epoch 130 -> saved_models/DAE/average/wsn_ds/epoch_130_client_2.pt
2025-09-30 06:58:41.412 | INFO     | agents.servers.serverDAE:train_on_clients:59 - Saved model for client 3 at epoch 130 -> saved_models/DAE/average/wsn_ds/epoch_130_client_3.pt
2025-09-30 06:58:41.694 | INFO     | agents.servers.serverDAE:train_on_clients:59 - Saved model for client 4 at epoch 130 -> saved_models/DAE/average/wsn_ds/epoch_130_client_4.pt
2025-09-30 06:58:41.979 | INFO     | agents.servers.serverDAE:train_on_clients:59 - Saved model for client 5 at epoch 130 -> saved_models/DAE/average/wsn_ds/epoch_130_client_5.pt
2025-09-30 06:58:42.265 | INFO     | agents.servers.serverDAE:train_on_clients:59 - Saved model for client 6 at epoch 130 -> saved_models/DAE/average/wsn_ds/epoch_130_client_6.pt
2025-09-30 06:58:42.551 | INFO     | agents.servers.serverDAE:train_on_clients:43 - Client 7 gets new best val_loss at epoch #130: 0.000602
2025-09-30 06:58:42.552 | INFO     | agents.servers.serverDAE:train_on_clients:59 - Saved model for client 7 at epoch 130 -> saved_models/DAE/average/wsn_ds/epoch_130_client_7.pt
2025-09-30 06:58:42.840 | INFO     | agents.servers.serverDAE:train_on_clients:59 - Saved model for client 8 at epoch 130 -> saved_models/DAE/average/wsn_ds/epoch_130_client_8.pt
2025-09-30 06:58:43.126 | INFO     | agents.servers.serverDAE:train_on_clients:59 - Saved model for client 9 at epoch 130 -> saved_models/DAE/average/wsn_ds/epoch_130_client_9.pt
2025-09-30 06:58:43.414 | INFO     | agents.servers.serverDAE:train_on_clients:59 - Saved model for client 10 at epoch 130 -> saved_models/DAE/average/wsn_ds/epoch_130_client_10.pt
2025-09-30 06:58:43.698 | INFO     | agents.servers.serverDAE:train_on_clients:59 - Saved model for client 11 at epoch 130 -> saved_models/DAE/average/wsn_ds/epoch_130_client_11.pt
2025-09-30 06:58:43.984 | INFO     | agents.servers.serverDAE:train_on_clients:59 - Saved model for client 12 at epoch 130 -> saved_models/DAE/average/wsn_ds/epoch_130_client_12.pt
2025-09-30 06:58:44.270 | INFO     | agents.servers.serverDAE:train_on_clients:59 - Saved model for client 13 at epoch 130 -> saved_models/DAE/average/wsn_ds/epoch_130_client_13.pt
2025-09-30 06:58:44.557 | INFO     | agents.servers.serverDAE:train_on_clients:59 - Saved model for client 14 at epoch 130 -> saved_models/DAE/average/wsn_ds/epoch_130_client_14.pt
2025-09-30 06:58:44.842 | INFO     | agents.servers.serverDAE:train_on_clients:59 - Saved model for client 15 at epoch 130 -> saved_models/DAE/average/wsn_ds/epoch_130_client_15.pt
2025-09-30 06:58:45.128 | INFO     | agents.servers.serverDAE:train_on_clients:59 - Saved model for client 16 at epoch 130 -> saved_models/DAE/average/wsn_ds/epoch_130_client_16.pt
2025-09-30 06:58:45.413 | INFO     | agents.servers.serverDAE:train_on_clients:59 - Saved model for client 17 at epoch 130 -> saved_models/DAE/average/wsn_ds/epoch_130_client_17.pt
2025-09-30 06:58:45.699 | INFO     | agents.servers.serverDAE:train_on_clients:59 - Saved model for client 18 at epoch 130 -> saved_models/DAE/average/wsn_ds/epoch_130_client_18.pt
2025-09-30 06:58:45.982 | INFO     | agents.servers.serverDAE:train_on_clients:59 - Saved model for client 19 at epoch 130 -> saved_models/DAE/average/wsn_ds/epoch_130_client_19.pt
2025-09-30 06:58:45.985 | INFO     | agents.servers.serverDAE:train_on_clients:65 - 20 clients still training at epoch #130
2025-09-30 06:58:46.004 | INFO     | agents.servers.serverDAE:train_on_clients:22 - Training DAE model epoch #131
2025-09-30 06:58:47.707 | INFO     | agents.servers.serverDAE:train_on_clients:43 - Client 5 gets new best val_loss at epoch #131: 0.000563
2025-09-30 06:58:48.558 | INFO     | agents.servers.serverDAE:train_on_clients:43 - Client 8 gets new best val_loss at epoch #131: 0.000529
2025-09-30 06:58:48.842 | INFO     | agents.servers.serverDAE:train_on_clients:43 - Client 9 gets new best val_loss at epoch #131: 0.000574
2025-09-30 06:58:51.116 | INFO     | agents.servers.serverDAE:train_on_clients:43 - Client 17 gets new best val_loss at epoch #131: 0.000539
2025-09-30 06:58:51.684 | INFO     | agents.servers.serverDAE:train_on_clients:65 - 20 clients still training at epoch #131
2025-09-30 06:58:51.703 | INFO     | agents.servers.serverDAE:train_on_clients:22 - Training DAE model epoch #132
2025-09-30 06:58:52.557 | INFO     | agents.servers.serverDAE:train_on_clients:43 - Client 2 gets new best val_loss at epoch #132: 0.000551
2025-09-30 06:58:53.127 | INFO     | agents.servers.serverDAE:train_on_clients:43 - Client 4 gets new best val_loss at epoch #132: 0.000587
2025-09-30 06:58:55.677 | INFO     | agents.servers.serverDAE:train_on_clients:43 - Client 13 gets new best val_loss at epoch #132: 0.000588
2025-09-30 06:58:57.383 | INFO     | agents.servers.serverDAE:train_on_clients:65 - 20 clients still training at epoch #132
2025-09-30 06:58:57.402 | INFO     | agents.servers.serverDAE:train_on_clients:22 - Training DAE model epoch #133
2025-09-30 06:59:03.078 | INFO     | agents.servers.serverDAE:train_on_clients:65 - 20 clients still training at epoch #133
2025-09-30 06:59:03.097 | INFO     | agents.servers.serverDAE:train_on_clients:22 - Training DAE model epoch #134
2025-09-30 06:59:05.076 | INFO     | agents.servers.serverDAE:train_on_clients:43 - Client 6 gets new best val_loss at epoch #134: 0.000576
2025-09-30 06:59:07.060 | INFO     | agents.servers.serverDAE:train_on_clients:43 - Client 13 gets new best val_loss at epoch #134: 0.000582
2025-09-30 06:59:07.343 | INFO     | agents.servers.serverDAE:train_on_clients:43 - Client 14 gets new best val_loss at epoch #134: 0.000540
2025-09-30 06:59:07.912 | INFO     | agents.servers.serverDAE:train_on_clients:43 - Client 16 gets new best val_loss at epoch #134: 0.000619
2025-09-30 06:59:08.765 | INFO     | agents.servers.serverDAE:train_on_clients:65 - 20 clients still training at epoch #134
2025-09-30 06:59:08.784 | INFO     | agents.servers.serverDAE:train_on_clients:22 - Training DAE model epoch #135
2025-09-30 06:59:11.614 | INFO     | agents.servers.serverDAE:train_on_clients:43 - Client 9 gets new best val_loss at epoch #135: 0.000563
2025-09-30 06:59:14.364 | INFO     | agents.servers.serverDAE:train_on_clients:65 - 20 clients still training at epoch #135
2025-09-30 06:59:14.382 | INFO     | agents.servers.serverDAE:train_on_clients:22 - Training DAE model epoch #136
2025-09-30 06:59:15.212 | INFO     | agents.servers.serverDAE:train_on_clients:43 - Client 2 gets new best val_loss at epoch #136: 0.000537
2025-09-30 06:59:16.860 | INFO     | agents.servers.serverDAE:train_on_clients:43 - Client 8 gets new best val_loss at epoch #136: 0.000528
2025-09-30 06:59:17.426 | INFO     | agents.servers.serverDAE:train_on_clients:43 - Client 10 gets new best val_loss at epoch #136: 0.000545
2025-09-30 06:59:19.409 | INFO     | agents.servers.serverDAE:train_on_clients:43 - Client 17 gets new best val_loss at epoch #136: 0.000522
2025-09-30 06:59:19.692 | INFO     | agents.servers.serverDAE:train_on_clients:43 - Client 18 gets new best val_loss at epoch #136: 0.000559
2025-09-30 06:59:19.978 | INFO     | agents.servers.serverDAE:train_on_clients:65 - 20 clients still training at epoch #136
2025-09-30 06:59:19.996 | INFO     | agents.servers.serverDAE:train_on_clients:22 - Training DAE model epoch #137
2025-09-30 06:59:24.791 | INFO     | agents.servers.serverDAE:train_on_clients:43 - Client 16 gets new best val_loss at epoch #137: 0.000585
2025-09-30 06:59:25.648 | INFO     | agents.servers.serverDAE:train_on_clients:65 - 20 clients still training at epoch #137
2025-09-30 06:59:25.666 | INFO     | agents.servers.serverDAE:train_on_clients:22 - Training DAE model epoch #138
2025-09-30 06:59:25.945 | INFO     | agents.servers.serverDAE:train_on_clients:43 - Client 0 gets new best val_loss at epoch #138: 0.000632
2025-09-30 06:59:29.623 | INFO     | agents.servers.serverDAE:train_on_clients:43 - Client 13 gets new best val_loss at epoch #138: 0.000576
2025-09-30 06:59:31.323 | INFO     | agents.servers.serverDAE:train_on_clients:65 - 20 clients still training at epoch #138
2025-09-30 06:59:31.341 | INFO     | agents.servers.serverDAE:train_on_clients:22 - Training DAE model epoch #139
2025-09-30 06:59:34.746 | INFO     | agents.servers.serverDAE:train_on_clients:43 - Client 11 gets new best val_loss at epoch #139: 0.000619
2025-09-30 06:59:37.021 | INFO     | agents.servers.serverDAE:train_on_clients:43 - Client 19 gets new best val_loss at epoch #139: 0.000639
2025-09-30 06:59:37.024 | INFO     | agents.servers.serverDAE:train_on_clients:65 - 20 clients still training at epoch #139
2025-09-30 06:59:37.043 | INFO     | agents.servers.serverDAE:train_on_clients:22 - Training DAE model epoch #140
2025-09-30 06:59:37.327 | INFO     | agents.servers.serverDAE:train_on_clients:59 - Saved model for client 0 at epoch 140 -> saved_models/DAE/average/wsn_ds/epoch_140_client_0.pt
2025-09-30 06:59:37.646 | INFO     | agents.servers.serverDAE:train_on_clients:59 - Saved model for client 1 at epoch 140 -> saved_models/DAE/average/wsn_ds/epoch_140_client_1.pt
2025-09-30 06:59:37.932 | INFO     | agents.servers.serverDAE:train_on_clients:59 - Saved model for client 2 at epoch 140 -> saved_models/DAE/average/wsn_ds/epoch_140_client_2.pt
2025-09-30 06:59:38.215 | INFO     | agents.servers.serverDAE:train_on_clients:59 - Saved model for client 3 at epoch 140 -> saved_models/DAE/average/wsn_ds/epoch_140_client_3.pt
2025-09-30 06:59:38.498 | INFO     | agents.servers.serverDAE:train_on_clients:59 - Saved model for client 4 at epoch 140 -> saved_models/DAE/average/wsn_ds/epoch_140_client_4.pt
2025-09-30 06:59:38.783 | INFO     | agents.servers.serverDAE:train_on_clients:59 - Saved model for client 5 at epoch 140 -> saved_models/DAE/average/wsn_ds/epoch_140_client_5.pt
2025-09-30 06:59:39.065 | INFO     | agents.servers.serverDAE:train_on_clients:59 - Saved model for client 6 at epoch 140 -> saved_models/DAE/average/wsn_ds/epoch_140_client_6.pt
2025-09-30 06:59:39.388 | INFO     | agents.servers.serverDAE:train_on_clients:59 - Saved model for client 7 at epoch 140 -> saved_models/DAE/average/wsn_ds/epoch_140_client_7.pt
2025-09-30 06:59:39.683 | INFO     | agents.servers.serverDAE:train_on_clients:59 - Saved model for client 8 at epoch 140 -> saved_models/DAE/average/wsn_ds/epoch_140_client_8.pt
2025-09-30 06:59:39.969 | INFO     | agents.servers.serverDAE:train_on_clients:59 - Saved model for client 9 at epoch 140 -> saved_models/DAE/average/wsn_ds/epoch_140_client_9.pt
2025-09-30 06:59:40.255 | INFO     | agents.servers.serverDAE:train_on_clients:59 - Saved model for client 10 at epoch 140 -> saved_models/DAE/average/wsn_ds/epoch_140_client_10.pt
2025-09-30 06:59:40.542 | INFO     | agents.servers.serverDAE:train_on_clients:43 - Client 11 gets new best val_loss at epoch #140: 0.000617
2025-09-30 06:59:40.544 | INFO     | agents.servers.serverDAE:train_on_clients:59 - Saved model for client 11 at epoch 140 -> saved_models/DAE/average/wsn_ds/epoch_140_client_11.pt
2025-09-30 06:59:40.831 | INFO     | agents.servers.serverDAE:train_on_clients:43 - Client 12 gets new best val_loss at epoch #140: 0.000568
2025-09-30 06:59:40.832 | INFO     | agents.servers.serverDAE:train_on_clients:59 - Saved model for client 12 at epoch 140 -> saved_models/DAE/average/wsn_ds/epoch_140_client_12.pt
2025-09-30 06:59:41.119 | INFO     | agents.servers.serverDAE:train_on_clients:59 - Saved model for client 13 at epoch 140 -> saved_models/DAE/average/wsn_ds/epoch_140_client_13.pt
2025-09-30 06:59:41.407 | INFO     | agents.servers.serverDAE:train_on_clients:59 - Saved model for client 14 at epoch 140 -> saved_models/DAE/average/wsn_ds/epoch_140_client_14.pt
2025-09-30 06:59:41.692 | INFO     | agents.servers.serverDAE:train_on_clients:59 - Saved model for client 15 at epoch 140 -> saved_models/DAE/average/wsn_ds/epoch_140_client_15.pt
2025-09-30 06:59:41.979 | INFO     | agents.servers.serverDAE:train_on_clients:59 - Saved model for client 16 at epoch 140 -> saved_models/DAE/average/wsn_ds/epoch_140_client_16.pt
2025-09-30 06:59:42.269 | INFO     | agents.servers.serverDAE:train_on_clients:59 - Saved model for client 17 at epoch 140 -> saved_models/DAE/average/wsn_ds/epoch_140_client_17.pt
2025-09-30 06:59:42.554 | INFO     | agents.servers.serverDAE:train_on_clients:59 - Saved model for client 18 at epoch 140 -> saved_models/DAE/average/wsn_ds/epoch_140_client_18.pt
2025-09-30 06:59:42.843 | INFO     | agents.servers.serverDAE:train_on_clients:59 - Saved model for client 19 at epoch 140 -> saved_models/DAE/average/wsn_ds/epoch_140_client_19.pt
2025-09-30 06:59:42.846 | INFO     | agents.servers.serverDAE:train_on_clients:65 - 20 clients still training at epoch #140
2025-09-30 06:59:42.865 | INFO     | agents.servers.serverDAE:train_on_clients:22 - Training DAE model epoch #141
2025-09-30 06:59:44.029 | INFO     | agents.servers.serverDAE:train_on_clients:43 - Client 3 gets new best val_loss at epoch #141: 0.000561
2025-09-30 06:59:44.599 | INFO     | agents.servers.serverDAE:train_on_clients:43 - Client 5 gets new best val_loss at epoch #141: 0.000559
2025-09-30 06:59:46.306 | INFO     | agents.servers.serverDAE:train_on_clients:43 - Client 11 gets new best val_loss at epoch #141: 0.000611
2025-09-30 06:59:48.007 | INFO     | agents.servers.serverDAE:train_on_clients:43 - Client 17 gets new best val_loss at epoch #141: 0.000516
2025-09-30 06:59:48.579 | INFO     | agents.servers.serverDAE:train_on_clients:65 - 20 clients still training at epoch #141
2025-09-30 06:59:48.598 | INFO     | agents.servers.serverDAE:train_on_clients:22 - Training DAE model epoch #142
2025-09-30 06:59:49.439 | INFO     | agents.servers.serverDAE:train_on_clients:43 - Client 2 gets new best val_loss at epoch #142: 0.000531
2025-09-30 06:59:50.861 | INFO     | agents.servers.serverDAE:train_on_clients:43 - Client 7 gets new best val_loss at epoch #142: 0.000576
2025-09-30 06:59:51.708 | INFO     | agents.servers.serverDAE:train_on_clients:43 - Client 10 gets new best val_loss at epoch #142: 0.000538
2025-09-30 06:59:53.663 | INFO     | agents.servers.serverDAE:train_on_clients:43 - Client 17 gets new best val_loss at epoch #142: 0.000513
2025-09-30 06:59:54.220 | INFO     | agents.servers.serverDAE:train_on_clients:65 - 20 clients still training at epoch #142
2025-09-30 06:59:54.238 | INFO     | agents.servers.serverDAE:train_on_clients:22 - Training DAE model epoch #143
2025-09-30 06:59:56.988 | INFO     | agents.servers.serverDAE:train_on_clients:43 - Client 9 gets new best val_loss at epoch #143: 0.000558
2025-09-30 06:59:59.515 | INFO     | agents.servers.serverDAE:train_on_clients:43 - Client 18 gets new best val_loss at epoch #143: 0.000551
2025-09-30 06:59:59.796 | INFO     | agents.servers.serverDAE:train_on_clients:65 - 20 clients still training at epoch #143
2025-09-30 06:59:59.814 | INFO     | agents.servers.serverDAE:train_on_clients:22 - Training DAE model epoch #144
2025-09-30 07:00:00.667 | INFO     | agents.servers.serverDAE:train_on_clients:43 - Client 2 gets new best val_loss at epoch #144: 0.000522
2025-09-30 07:00:02.379 | INFO     | agents.servers.serverDAE:train_on_clients:43 - Client 8 gets new best val_loss at epoch #144: 0.000526
2025-09-30 07:00:05.506 | INFO     | agents.servers.serverDAE:train_on_clients:65 - 20 clients still training at epoch #144
2025-09-30 07:00:05.525 | INFO     | agents.servers.serverDAE:train_on_clients:22 - Training DAE model epoch #145
2025-09-30 07:00:05.805 | INFO     | agents.servers.serverDAE:train_on_clients:43 - Client 0 gets new best val_loss at epoch #145: 0.000614
2025-09-30 07:00:11.196 | INFO     | agents.servers.serverDAE:train_on_clients:65 - 20 clients still training at epoch #145
2025-09-30 07:00:11.214 | INFO     | agents.servers.serverDAE:train_on_clients:22 - Training DAE model epoch #146
2025-09-30 07:00:15.472 | INFO     | agents.servers.serverDAE:train_on_clients:43 - Client 14 gets new best val_loss at epoch #146: 0.000539
2025-09-30 07:00:16.902 | INFO     | agents.servers.serverDAE:train_on_clients:65 - 20 clients still training at epoch #146
2025-09-30 07:00:16.920 | INFO     | agents.servers.serverDAE:train_on_clients:22 - Training DAE model epoch #147
2025-09-30 07:00:19.185 | INFO     | agents.servers.serverDAE:train_on_clients:43 - Client 7 gets new best val_loss at epoch #147: 0.000569
2025-09-30 07:00:20.323 | INFO     | agents.servers.serverDAE:train_on_clients:43 - Client 11 gets new best val_loss at epoch #147: 0.000600
2025-09-30 07:00:22.602 | INFO     | agents.servers.serverDAE:train_on_clients:65 - 20 clients still training at epoch #147
2025-09-30 07:00:22.620 | INFO     | agents.servers.serverDAE:train_on_clients:22 - Training DAE model epoch #148
2025-09-30 07:00:23.184 | INFO     | agents.servers.serverDAE:train_on_clients:43 - Client 1 gets new best val_loss at epoch #148: 0.000650
2025-09-30 07:00:24.604 | INFO     | agents.servers.serverDAE:train_on_clients:43 - Client 6 gets new best val_loss at epoch #148: 0.000565
2025-09-30 07:00:28.305 | INFO     | agents.servers.serverDAE:train_on_clients:65 - 20 clients still training at epoch #148
2025-09-30 07:00:28.324 | INFO     | agents.servers.serverDAE:train_on_clients:22 - Training DAE model epoch #149
2025-09-30 07:00:32.008 | INFO     | agents.servers.serverDAE:train_on_clients:43 - Client 12 gets new best val_loss at epoch #149: 0.000559
2025-09-30 07:00:33.983 | INFO     | agents.servers.serverDAE:train_on_clients:43 - Client 19 gets new best val_loss at epoch #149: 0.000637
2025-09-30 07:00:33.986 | INFO     | agents.servers.serverDAE:train_on_clients:65 - 20 clients still training at epoch #149
2025-09-30 07:00:34.005 | INFO     | agents.servers.serverDAE:train_on_clients:22 - Training DAE model epoch #150
2025-09-30 07:00:34.283 | INFO     | agents.servers.serverDAE:train_on_clients:59 - Saved model for client 0 at epoch 150 -> saved_models/DAE/average/wsn_ds/epoch_150_client_0.pt
2025-09-30 07:00:34.562 | INFO     | agents.servers.serverDAE:train_on_clients:59 - Saved model for client 1 at epoch 150 -> saved_models/DAE/average/wsn_ds/epoch_150_client_1.pt
2025-09-30 07:00:34.842 | INFO     | agents.servers.serverDAE:train_on_clients:59 - Saved model for client 2 at epoch 150 -> saved_models/DAE/average/wsn_ds/epoch_150_client_2.pt
2025-09-30 07:00:35.117 | INFO     | agents.servers.serverDAE:train_on_clients:59 - Saved model for client 3 at epoch 150 -> saved_models/DAE/average/wsn_ds/epoch_150_client_3.pt
2025-09-30 07:00:35.391 | INFO     | agents.servers.serverDAE:train_on_clients:59 - Saved model for client 4 at epoch 150 -> saved_models/DAE/average/wsn_ds/epoch_150_client_4.pt
2025-09-30 07:00:35.668 | INFO     | agents.servers.serverDAE:train_on_clients:59 - Saved model for client 5 at epoch 150 -> saved_models/DAE/average/wsn_ds/epoch_150_client_5.pt
2025-09-30 07:00:35.940 | INFO     | agents.servers.serverDAE:train_on_clients:59 - Saved model for client 6 at epoch 150 -> saved_models/DAE/average/wsn_ds/epoch_150_client_6.pt
2025-09-30 07:00:36.217 | INFO     | agents.servers.serverDAE:train_on_clients:59 - Saved model for client 7 at epoch 150 -> saved_models/DAE/average/wsn_ds/epoch_150_client_7.pt
2025-09-30 07:00:36.497 | INFO     | agents.servers.serverDAE:train_on_clients:59 - Saved model for client 8 at epoch 150 -> saved_models/DAE/average/wsn_ds/epoch_150_client_8.pt
2025-09-30 07:00:36.775 | INFO     | agents.servers.serverDAE:train_on_clients:59 - Saved model for client 9 at epoch 150 -> saved_models/DAE/average/wsn_ds/epoch_150_client_9.pt
2025-09-30 07:00:37.055 | INFO     | agents.servers.serverDAE:train_on_clients:59 - Saved model for client 10 at epoch 150 -> saved_models/DAE/average/wsn_ds/epoch_150_client_10.pt
2025-09-30 07:00:37.333 | INFO     | agents.servers.serverDAE:train_on_clients:59 - Saved model for client 11 at epoch 150 -> saved_models/DAE/average/wsn_ds/epoch_150_client_11.pt
2025-09-30 07:00:37.611 | INFO     | agents.servers.serverDAE:train_on_clients:59 - Saved model for client 12 at epoch 150 -> saved_models/DAE/average/wsn_ds/epoch_150_client_12.pt
2025-09-30 07:00:37.887 | INFO     | agents.servers.serverDAE:train_on_clients:59 - Saved model for client 13 at epoch 150 -> saved_models/DAE/average/wsn_ds/epoch_150_client_13.pt
2025-09-30 07:00:38.163 | INFO     | agents.servers.serverDAE:train_on_clients:59 - Saved model for client 14 at epoch 150 -> saved_models/DAE/average/wsn_ds/epoch_150_client_14.pt
2025-09-30 07:00:38.440 | INFO     | agents.servers.serverDAE:train_on_clients:59 - Saved model for client 15 at epoch 150 -> saved_models/DAE/average/wsn_ds/epoch_150_client_15.pt
2025-09-30 07:00:38.718 | INFO     | agents.servers.serverDAE:train_on_clients:59 - Saved model for client 16 at epoch 150 -> saved_models/DAE/average/wsn_ds/epoch_150_client_16.pt
2025-09-30 07:00:39.002 | INFO     | agents.servers.serverDAE:train_on_clients:59 - Saved model for client 17 at epoch 150 -> saved_models/DAE/average/wsn_ds/epoch_150_client_17.pt
2025-09-30 07:00:39.284 | INFO     | agents.servers.serverDAE:train_on_clients:59 - Saved model for client 18 at epoch 150 -> saved_models/DAE/average/wsn_ds/epoch_150_client_18.pt
2025-09-30 07:00:39.571 | INFO     | agents.servers.serverDAE:train_on_clients:59 - Saved model for client 19 at epoch 150 -> saved_models/DAE/average/wsn_ds/epoch_150_client_19.pt
2025-09-30 07:00:39.574 | INFO     | agents.servers.serverDAE:train_on_clients:65 - 20 clients still training at epoch #150
2025-09-30 07:00:39.592 | INFO     | agents.servers.serverDAE:train_on_clients:22 - Training DAE model epoch #151
2025-09-30 07:00:42.151 | INFO     | agents.servers.serverDAE:train_on_clients:43 - Client 8 gets new best val_loss at epoch #151: 0.000523
2025-09-30 07:00:45.335 | INFO     | agents.servers.serverDAE:train_on_clients:65 - 20 clients still training at epoch #151
2025-09-30 07:00:45.354 | INFO     | agents.servers.serverDAE:train_on_clients:22 - Training DAE model epoch #152
2025-09-30 07:00:47.386 | INFO     | agents.servers.serverDAE:train_on_clients:43 - Client 6 gets new best val_loss at epoch #152: 0.000542
2025-09-30 07:00:51.035 | INFO     | agents.servers.serverDAE:train_on_clients:65 - 20 clients still training at epoch #152
2025-09-30 07:00:51.053 | INFO     | agents.servers.serverDAE:train_on_clients:22 - Training DAE model epoch #153
2025-09-30 07:00:54.688 | INFO     | agents.servers.serverDAE:train_on_clients:43 - Client 12 gets new best val_loss at epoch #153: 0.000552
2025-09-30 07:00:56.656 | INFO     | agents.servers.serverDAE:train_on_clients:65 - 20 clients still training at epoch #153
2025-09-30 07:00:56.675 | INFO     | agents.servers.serverDAE:train_on_clients:22 - Training DAE model epoch #154
2025-09-30 07:01:00.083 | INFO     | agents.servers.serverDAE:train_on_clients:43 - Client 11 gets new best val_loss at epoch #154: 0.000591
2025-09-30 07:01:00.933 | INFO     | agents.servers.serverDAE:train_on_clients:43 - Client 14 gets new best val_loss at epoch #154: 0.000531
2025-09-30 07:01:02.073 | INFO     | agents.servers.serverDAE:train_on_clients:43 - Client 18 gets new best val_loss at epoch #154: 0.000550
2025-09-30 07:01:02.360 | INFO     | agents.servers.serverDAE:train_on_clients:65 - 20 clients still training at epoch #154
2025-09-30 07:01:02.379 | INFO     | agents.servers.serverDAE:train_on_clients:22 - Training DAE model epoch #155
2025-09-30 07:01:08.052 | INFO     | agents.servers.serverDAE:train_on_clients:65 - 20 clients still training at epoch #155
2025-09-30 07:01:08.070 | INFO     | agents.servers.serverDAE:train_on_clients:22 - Training DAE model epoch #156
2025-09-30 07:01:12.307 | INFO     | agents.servers.serverDAE:train_on_clients:43 - Client 14 gets new best val_loss at epoch #156: 0.000528
2025-09-30 07:01:12.585 | INFO     | agents.servers.serverDAE:train_on_clients:43 - Client 15 gets new best val_loss at epoch #156: 0.000575
2025-09-30 07:01:13.722 | INFO     | agents.servers.serverDAE:train_on_clients:65 - 20 clients still training at epoch #156
2025-09-30 07:01:13.740 | INFO     | agents.servers.serverDAE:train_on_clients:22 - Training DAE model epoch #157
2025-09-30 07:01:15.974 | INFO     | agents.servers.serverDAE:train_on_clients:43 - Client 7 gets new best val_loss at epoch #157: 0.000565
2025-09-30 07:01:18.750 | INFO     | agents.servers.serverDAE:train_on_clients:43 - Client 17 gets new best val_loss at epoch #157: 0.000512
2025-09-30 07:01:19.029 | INFO     | agents.servers.serverDAE:train_on_clients:43 - Client 18 gets new best val_loss at epoch #157: 0.000548
2025-09-30 07:01:19.309 | INFO     | agents.servers.serverDAE:train_on_clients:65 - 20 clients still training at epoch #157
2025-09-30 07:01:19.328 | INFO     | agents.servers.serverDAE:train_on_clients:22 - Training DAE model epoch #158
2025-09-30 07:01:25.002 | INFO     | agents.servers.serverDAE:train_on_clients:65 - 20 clients still training at epoch #158
2025-09-30 07:01:25.021 | INFO     | agents.servers.serverDAE:train_on_clients:22 - Training DAE model epoch #159
2025-09-30 07:01:30.684 | INFO     | agents.servers.serverDAE:train_on_clients:65 - 20 clients still training at epoch #159
2025-09-30 07:01:30.703 | INFO     | agents.servers.serverDAE:train_on_clients:22 - Training DAE model epoch #160
2025-09-30 07:01:30.986 | INFO     | agents.servers.serverDAE:train_on_clients:59 - Saved model for client 0 at epoch 160 -> saved_models/DAE/average/wsn_ds/epoch_160_client_0.pt
2025-09-30 07:01:31.272 | INFO     | agents.servers.serverDAE:train_on_clients:59 - Saved model for client 1 at epoch 160 -> saved_models/DAE/average/wsn_ds/epoch_160_client_1.pt
2025-09-30 07:01:31.560 | INFO     | agents.servers.serverDAE:train_on_clients:59 - Saved model for client 2 at epoch 160 -> saved_models/DAE/average/wsn_ds/epoch_160_client_2.pt
2025-09-30 07:01:31.848 | INFO     | agents.servers.serverDAE:train_on_clients:59 - Saved model for client 3 at epoch 160 -> saved_models/DAE/average/wsn_ds/epoch_160_client_3.pt
2025-09-30 07:01:32.133 | INFO     | agents.servers.serverDAE:train_on_clients:59 - Saved model for client 4 at epoch 160 -> saved_models/DAE/average/wsn_ds/epoch_160_client_4.pt
2025-09-30 07:01:32.417 | INFO     | agents.servers.serverDAE:train_on_clients:59 - Saved model for client 5 at epoch 160 -> saved_models/DAE/average/wsn_ds/epoch_160_client_5.pt
2025-09-30 07:01:32.703 | INFO     | agents.servers.serverDAE:train_on_clients:59 - Saved model for client 6 at epoch 160 -> saved_models/DAE/average/wsn_ds/epoch_160_client_6.pt
2025-09-30 07:01:32.986 | INFO     | agents.servers.serverDAE:train_on_clients:59 - Saved model for client 7 at epoch 160 -> saved_models/DAE/average/wsn_ds/epoch_160_client_7.pt
2025-09-30 07:01:33.270 | INFO     | agents.servers.serverDAE:train_on_clients:43 - Client 8 gets new best val_loss at epoch #160: 0.000512
2025-09-30 07:01:33.272 | INFO     | agents.servers.serverDAE:train_on_clients:59 - Saved model for client 8 at epoch 160 -> saved_models/DAE/average/wsn_ds/epoch_160_client_8.pt
2025-09-30 07:01:33.564 | INFO     | agents.servers.serverDAE:train_on_clients:59 - Saved model for client 9 at epoch 160 -> saved_models/DAE/average/wsn_ds/epoch_160_client_9.pt
2025-09-30 07:01:33.847 | INFO     | agents.servers.serverDAE:train_on_clients:59 - Saved model for client 10 at epoch 160 -> saved_models/DAE/average/wsn_ds/epoch_160_client_10.pt
2025-09-30 07:01:34.129 | INFO     | agents.servers.serverDAE:train_on_clients:59 - Saved model for client 11 at epoch 160 -> saved_models/DAE/average/wsn_ds/epoch_160_client_11.pt
2025-09-30 07:01:34.414 | INFO     | agents.servers.serverDAE:train_on_clients:59 - Saved model for client 12 at epoch 160 -> saved_models/DAE/average/wsn_ds/epoch_160_client_12.pt
2025-09-30 07:01:34.693 | INFO     | agents.servers.serverDAE:train_on_clients:59 - Saved model for client 13 at epoch 160 -> saved_models/DAE/average/wsn_ds/epoch_160_client_13.pt
2025-09-30 07:01:34.979 | INFO     | agents.servers.serverDAE:train_on_clients:59 - Saved model for client 14 at epoch 160 -> saved_models/DAE/average/wsn_ds/epoch_160_client_14.pt
2025-09-30 07:01:35.265 | INFO     | agents.servers.serverDAE:train_on_clients:59 - Saved model for client 15 at epoch 160 -> saved_models/DAE/average/wsn_ds/epoch_160_client_15.pt
2025-09-30 07:01:35.552 | INFO     | agents.servers.serverDAE:train_on_clients:59 - Saved model for client 16 at epoch 160 -> saved_models/DAE/average/wsn_ds/epoch_160_client_16.pt
2025-09-30 07:01:35.841 | INFO     | agents.servers.serverDAE:train_on_clients:59 - Saved model for client 17 at epoch 160 -> saved_models/DAE/average/wsn_ds/epoch_160_client_17.pt
2025-09-30 07:01:36.127 | INFO     | agents.servers.serverDAE:train_on_clients:59 - Saved model for client 18 at epoch 160 -> saved_models/DAE/average/wsn_ds/epoch_160_client_18.pt
2025-09-30 07:01:36.415 | INFO     | agents.servers.serverDAE:train_on_clients:59 - Saved model for client 19 at epoch 160 -> saved_models/DAE/average/wsn_ds/epoch_160_client_19.pt
2025-09-30 07:01:36.418 | INFO     | agents.servers.serverDAE:train_on_clients:65 - 20 clients still training at epoch #160
2025-09-30 07:01:36.437 | INFO     | agents.servers.serverDAE:train_on_clients:22 - Training DAE model epoch #161
2025-09-30 07:01:37.860 | INFO     | agents.servers.serverDAE:train_on_clients:43 - Client 4 gets new best val_loss at epoch #161: 0.000576
2025-09-30 07:01:41.551 | INFO     | agents.servers.serverDAE:train_on_clients:43 - Client 17 gets new best val_loss at epoch #161: 0.000505
2025-09-30 07:01:42.125 | INFO     | agents.servers.serverDAE:train_on_clients:65 - 20 clients still training at epoch #161
2025-09-30 07:01:42.144 | INFO     | agents.servers.serverDAE:train_on_clients:22 - Training DAE model epoch #162
2025-09-30 07:01:44.416 | INFO     | agents.servers.serverDAE:train_on_clients:43 - Client 7 gets new best val_loss at epoch #162: 0.000553
2025-09-30 07:01:44.986 | INFO     | agents.servers.serverDAE:train_on_clients:43 - Client 9 gets new best val_loss at epoch #162: 0.000549
2025-09-30 07:01:47.826 | INFO     | agents.servers.serverDAE:train_on_clients:65 - 20 clients still training at epoch #162
2025-09-30 07:01:47.845 | INFO     | agents.servers.serverDAE:train_on_clients:22 - Training DAE model epoch #163
2025-09-30 07:01:52.004 | INFO     | agents.servers.serverDAE:train_on_clients:43 - Client 13 gets new best val_loss at epoch #163: 0.000559
2025-09-30 07:01:53.305 | INFO     | agents.servers.serverDAE:train_on_clients:43 - Client 17 gets new best val_loss at epoch #163: 0.000503
2025-09-30 07:01:53.877 | INFO     | agents.servers.serverDAE:train_on_clients:65 - 20 clients still training at epoch #163
2025-09-30 07:01:53.895 | INFO     | agents.servers.serverDAE:train_on_clients:22 - Training DAE model epoch #164
2025-09-30 07:01:56.658 | INFO     | agents.servers.serverDAE:train_on_clients:43 - Client 9 gets new best val_loss at epoch #164: 0.000549
2025-09-30 07:01:59.372 | INFO     | agents.servers.serverDAE:train_on_clients:65 - 20 clients still training at epoch #164
2025-09-30 07:01:59.390 | INFO     | agents.servers.serverDAE:train_on_clients:22 - Training DAE model epoch #165
2025-09-30 07:02:02.179 | INFO     | agents.servers.serverDAE:train_on_clients:43 - Client 9 gets new best val_loss at epoch #165: 0.000541
2025-09-30 07:02:04.999 | INFO     | agents.servers.serverDAE:train_on_clients:65 - 20 clients still training at epoch #165
2025-09-30 07:02:05.017 | INFO     | agents.servers.serverDAE:train_on_clients:22 - Training DAE model epoch #166
2025-09-30 07:02:10.687 | INFO     | agents.servers.serverDAE:train_on_clients:65 - 20 clients still training at epoch #166
2025-09-30 07:02:10.706 | INFO     | agents.servers.serverDAE:train_on_clients:22 - Training DAE model epoch #167
2025-09-30 07:02:16.390 | INFO     | agents.servers.serverDAE:train_on_clients:65 - 20 clients still training at epoch #167
2025-09-30 07:02:16.409 | INFO     | agents.servers.serverDAE:train_on_clients:22 - Training DAE model epoch #168
2025-09-30 07:02:22.124 | INFO     | agents.servers.serverDAE:train_on_clients:43 - Client 19 gets new best val_loss at epoch #168: 0.000630
2025-09-30 07:02:22.128 | INFO     | agents.servers.serverDAE:train_on_clients:65 - 20 clients still training at epoch #168
2025-09-30 07:02:22.147 | INFO     | agents.servers.serverDAE:train_on_clients:22 - Training DAE model epoch #169
2025-09-30 07:02:24.703 | INFO     | agents.servers.serverDAE:train_on_clients:43 - Client 8 gets new best val_loss at epoch #169: 0.000510
2025-09-30 07:02:25.276 | INFO     | agents.servers.serverDAE:train_on_clients:43 - Client 10 gets new best val_loss at epoch #169: 0.000530
2025-09-30 07:02:27.843 | INFO     | agents.servers.serverDAE:train_on_clients:65 - 20 clients still training at epoch #169
2025-09-30 07:02:27.861 | INFO     | agents.servers.serverDAE:train_on_clients:22 - Training DAE model epoch #170
2025-09-30 07:02:28.143 | INFO     | agents.servers.serverDAE:train_on_clients:59 - Saved model for client 0 at epoch 170 -> saved_models/DAE/average/wsn_ds/epoch_170_client_0.pt
2025-09-30 07:02:28.429 | INFO     | agents.servers.serverDAE:train_on_clients:59 - Saved model for client 1 at epoch 170 -> saved_models/DAE/average/wsn_ds/epoch_170_client_1.pt
2025-09-30 07:02:28.716 | INFO     | agents.servers.serverDAE:train_on_clients:59 - Saved model for client 2 at epoch 170 -> saved_models/DAE/average/wsn_ds/epoch_170_client_2.pt
2025-09-30 07:02:29.018 | INFO     | agents.servers.serverDAE:train_on_clients:59 - Saved model for client 3 at epoch 170 -> saved_models/DAE/average/wsn_ds/epoch_170_client_3.pt
2025-09-30 07:02:29.309 | INFO     | agents.servers.serverDAE:train_on_clients:59 - Saved model for client 4 at epoch 170 -> saved_models/DAE/average/wsn_ds/epoch_170_client_4.pt
2025-09-30 07:02:29.592 | INFO     | agents.servers.serverDAE:train_on_clients:59 - Saved model for client 5 at epoch 170 -> saved_models/DAE/average/wsn_ds/epoch_170_client_5.pt
2025-09-30 07:02:29.876 | INFO     | agents.servers.serverDAE:train_on_clients:59 - Saved model for client 6 at epoch 170 -> saved_models/DAE/average/wsn_ds/epoch_170_client_6.pt
2025-09-30 07:02:30.163 | INFO     | agents.servers.serverDAE:train_on_clients:59 - Saved model for client 7 at epoch 170 -> saved_models/DAE/average/wsn_ds/epoch_170_client_7.pt
2025-09-30 07:02:30.452 | INFO     | agents.servers.serverDAE:train_on_clients:59 - Saved model for client 8 at epoch 170 -> saved_models/DAE/average/wsn_ds/epoch_170_client_8.pt
2025-09-30 07:02:30.737 | INFO     | agents.servers.serverDAE:train_on_clients:59 - Saved model for client 9 at epoch 170 -> saved_models/DAE/average/wsn_ds/epoch_170_client_9.pt
2025-09-30 07:02:31.024 | INFO     | agents.servers.serverDAE:train_on_clients:59 - Saved model for client 10 at epoch 170 -> saved_models/DAE/average/wsn_ds/epoch_170_client_10.pt
2025-09-30 07:02:31.310 | INFO     | agents.servers.serverDAE:train_on_clients:59 - Saved model for client 11 at epoch 170 -> saved_models/DAE/average/wsn_ds/epoch_170_client_11.pt
2025-09-30 07:02:31.597 | INFO     | agents.servers.serverDAE:train_on_clients:59 - Saved model for client 12 at epoch 170 -> saved_models/DAE/average/wsn_ds/epoch_170_client_12.pt
2025-09-30 07:02:31.885 | INFO     | agents.servers.serverDAE:train_on_clients:43 - Client 13 gets new best val_loss at epoch #170: 0.000556
2025-09-30 07:02:31.887 | INFO     | agents.servers.serverDAE:train_on_clients:59 - Saved model for client 13 at epoch 170 -> saved_models/DAE/average/wsn_ds/epoch_170_client_13.pt
2025-09-30 07:02:32.170 | INFO     | agents.servers.serverDAE:train_on_clients:43 - Client 14 gets new best val_loss at epoch #170: 0.000524
2025-09-30 07:02:32.171 | INFO     | agents.servers.serverDAE:train_on_clients:59 - Saved model for client 14 at epoch 170 -> saved_models/DAE/average/wsn_ds/epoch_170_client_14.pt
2025-09-30 07:02:32.457 | INFO     | agents.servers.serverDAE:train_on_clients:59 - Saved model for client 15 at epoch 170 -> saved_models/DAE/average/wsn_ds/epoch_170_client_15.pt
2025-09-30 07:02:32.739 | INFO     | agents.servers.serverDAE:train_on_clients:59 - Saved model for client 16 at epoch 170 -> saved_models/DAE/average/wsn_ds/epoch_170_client_16.pt
2025-09-30 07:02:33.024 | INFO     | agents.servers.serverDAE:train_on_clients:59 - Saved model for client 17 at epoch 170 -> saved_models/DAE/average/wsn_ds/epoch_170_client_17.pt
2025-09-30 07:02:33.312 | INFO     | agents.servers.serverDAE:train_on_clients:59 - Saved model for client 18 at epoch 170 -> saved_models/DAE/average/wsn_ds/epoch_170_client_18.pt
2025-09-30 07:02:33.600 | INFO     | agents.servers.serverDAE:train_on_clients:59 - Saved model for client 19 at epoch 170 -> saved_models/DAE/average/wsn_ds/epoch_170_client_19.pt
2025-09-30 07:02:33.603 | INFO     | agents.servers.serverDAE:train_on_clients:65 - 20 clients still training at epoch #170
2025-09-30 07:02:33.622 | INFO     | agents.servers.serverDAE:train_on_clients:22 - Training DAE model epoch #171
2025-09-30 07:02:39.211 | INFO     | agents.servers.serverDAE:train_on_clients:65 - 20 clients still training at epoch #171
2025-09-30 07:02:39.230 | INFO     | agents.servers.serverDAE:train_on_clients:22 - Training DAE model epoch #172
2025-09-30 07:02:44.867 | INFO     | agents.servers.serverDAE:train_on_clients:65 - 20 clients still training at epoch #172
2025-09-30 07:02:44.885 | INFO     | agents.servers.serverDAE:train_on_clients:22 - Training DAE model epoch #173
2025-09-30 07:02:45.451 | INFO     | agents.servers.serverDAE:train_on_clients:43 - Client 1 gets new best val_loss at epoch #173: 0.000644
2025-09-30 07:02:47.444 | INFO     | agents.servers.serverDAE:train_on_clients:43 - Client 8 gets new best val_loss at epoch #173: 0.000504
2025-09-30 07:02:50.585 | INFO     | agents.servers.serverDAE:train_on_clients:65 - 20 clients still training at epoch #173
2025-09-30 07:02:50.604 | INFO     | agents.servers.serverDAE:train_on_clients:22 - Training DAE model epoch #174
2025-09-30 07:02:52.298 | INFO     | agents.servers.serverDAE:train_on_clients:43 - Client 5 gets new best val_loss at epoch #174: 0.000555
2025-09-30 07:02:53.996 | INFO     | agents.servers.serverDAE:train_on_clients:43 - Client 11 gets new best val_loss at epoch #174: 0.000578
2025-09-30 07:02:56.271 | INFO     | agents.servers.serverDAE:train_on_clients:65 - 20 clients still training at epoch #174
2025-09-30 07:02:56.290 | INFO     | agents.servers.serverDAE:train_on_clients:22 - Training DAE model epoch #175
2025-09-30 07:02:58.007 | INFO     | agents.servers.serverDAE:train_on_clients:43 - Client 5 gets new best val_loss at epoch #175: 0.000529
2025-09-30 07:03:00.594 | INFO     | agents.servers.serverDAE:train_on_clients:43 - Client 14 gets new best val_loss at epoch #175: 0.000515
2025-09-30 07:03:02.031 | INFO     | agents.servers.serverDAE:train_on_clients:65 - 20 clients still training at epoch #175
2025-09-30 07:03:02.049 | INFO     | agents.servers.serverDAE:train_on_clients:22 - Training DAE model epoch #176
2025-09-30 07:03:02.334 | INFO     | agents.servers.serverDAE:train_on_clients:43 - Client 0 gets new best val_loss at epoch #176: 0.000602
2025-09-30 07:03:07.709 | INFO     | agents.servers.serverDAE:train_on_clients:65 - 20 clients still training at epoch #176
2025-09-30 07:03:07.728 | INFO     | agents.servers.serverDAE:train_on_clients:22 - Training DAE model epoch #177
2025-09-30 07:03:13.408 | INFO     | agents.servers.serverDAE:train_on_clients:65 - 20 clients still training at epoch #177
2025-09-30 07:03:13.426 | INFO     | agents.servers.serverDAE:train_on_clients:22 - Training DAE model epoch #178
2025-09-30 07:03:19.048 | INFO     | agents.servers.serverDAE:train_on_clients:65 - 20 clients still training at epoch #178
2025-09-30 07:03:19.066 | INFO     | agents.servers.serverDAE:train_on_clients:22 - Training DAE model epoch #179
2025-09-30 07:03:24.644 | INFO     | agents.servers.serverDAE:train_on_clients:65 - 20 clients still training at epoch #179
2025-09-30 07:03:24.663 | INFO     | agents.servers.serverDAE:train_on_clients:22 - Training DAE model epoch #180
2025-09-30 07:03:24.948 | INFO     | agents.servers.serverDAE:train_on_clients:59 - Saved model for client 0 at epoch 180 -> saved_models/DAE/average/wsn_ds/epoch_180_client_0.pt
2025-09-30 07:03:25.228 | INFO     | agents.servers.serverDAE:train_on_clients:59 - Saved model for client 1 at epoch 180 -> saved_models/DAE/average/wsn_ds/epoch_180_client_1.pt
2025-09-30 07:03:25.514 | INFO     | agents.servers.serverDAE:train_on_clients:59 - Saved model for client 2 at epoch 180 -> saved_models/DAE/average/wsn_ds/epoch_180_client_2.pt
2025-09-30 07:03:25.798 | INFO     | agents.servers.serverDAE:train_on_clients:59 - Saved model for client 3 at epoch 180 -> saved_models/DAE/average/wsn_ds/epoch_180_client_3.pt
2025-09-30 07:03:26.082 | INFO     | agents.servers.serverDAE:train_on_clients:59 - Saved model for client 4 at epoch 180 -> saved_models/DAE/average/wsn_ds/epoch_180_client_4.pt
2025-09-30 07:03:26.365 | INFO     | agents.servers.serverDAE:train_on_clients:59 - Saved model for client 5 at epoch 180 -> saved_models/DAE/average/wsn_ds/epoch_180_client_5.pt
2025-09-30 07:03:26.648 | INFO     | agents.servers.serverDAE:train_on_clients:59 - Saved model for client 6 at epoch 180 -> saved_models/DAE/average/wsn_ds/epoch_180_client_6.pt
2025-09-30 07:03:26.941 | INFO     | agents.servers.serverDAE:train_on_clients:59 - Saved model for client 7 at epoch 180 -> saved_models/DAE/average/wsn_ds/epoch_180_client_7.pt
2025-09-30 07:03:27.227 | INFO     | agents.servers.serverDAE:train_on_clients:59 - Saved model for client 8 at epoch 180 -> saved_models/DAE/average/wsn_ds/epoch_180_client_8.pt
2025-09-30 07:03:27.513 | INFO     | agents.servers.serverDAE:train_on_clients:59 - Saved model for client 9 at epoch 180 -> saved_models/DAE/average/wsn_ds/epoch_180_client_9.pt
2025-09-30 07:03:27.800 | INFO     | agents.servers.serverDAE:train_on_clients:59 - Saved model for client 10 at epoch 180 -> saved_models/DAE/average/wsn_ds/epoch_180_client_10.pt
2025-09-30 07:03:28.086 | INFO     | agents.servers.serverDAE:train_on_clients:59 - Saved model for client 11 at epoch 180 -> saved_models/DAE/average/wsn_ds/epoch_180_client_11.pt
2025-09-30 07:03:28.372 | INFO     | agents.servers.serverDAE:train_on_clients:59 - Saved model for client 12 at epoch 180 -> saved_models/DAE/average/wsn_ds/epoch_180_client_12.pt
2025-09-30 07:03:28.658 | INFO     | agents.servers.serverDAE:train_on_clients:59 - Saved model for client 13 at epoch 180 -> saved_models/DAE/average/wsn_ds/epoch_180_client_13.pt
2025-09-30 07:03:28.947 | INFO     | agents.servers.serverDAE:train_on_clients:59 - Saved model for client 14 at epoch 180 -> saved_models/DAE/average/wsn_ds/epoch_180_client_14.pt
2025-09-30 07:03:29.268 | INFO     | agents.servers.serverDAE:train_on_clients:59 - Saved model for client 15 at epoch 180 -> saved_models/DAE/average/wsn_ds/epoch_180_client_15.pt
2025-09-30 07:03:29.554 | INFO     | agents.servers.serverDAE:train_on_clients:43 - Client 16 gets new best val_loss at epoch #180: 0.000578
2025-09-30 07:03:29.556 | INFO     | agents.servers.serverDAE:train_on_clients:59 - Saved model for client 16 at epoch 180 -> saved_models/DAE/average/wsn_ds/epoch_180_client_16.pt
2025-09-30 07:03:29.838 | INFO     | agents.servers.serverDAE:train_on_clients:59 - Saved model for client 17 at epoch 180 -> saved_models/DAE/average/wsn_ds/epoch_180_client_17.pt
2025-09-30 07:03:30.124 | INFO     | agents.servers.serverDAE:train_on_clients:43 - Client 18 gets new best val_loss at epoch #180: 0.000534
2025-09-30 07:03:30.126 | INFO     | agents.servers.serverDAE:train_on_clients:59 - Saved model for client 18 at epoch 180 -> saved_models/DAE/average/wsn_ds/epoch_180_client_18.pt
2025-09-30 07:03:30.410 | INFO     | agents.servers.serverDAE:train_on_clients:43 - Client 19 gets new best val_loss at epoch #180: 0.000584
2025-09-30 07:03:30.411 | INFO     | agents.servers.serverDAE:train_on_clients:59 - Saved model for client 19 at epoch 180 -> saved_models/DAE/average/wsn_ds/epoch_180_client_19.pt
2025-09-30 07:03:30.415 | INFO     | agents.servers.serverDAE:train_on_clients:65 - 20 clients still training at epoch #180
2025-09-30 07:03:30.434 | INFO     | agents.servers.serverDAE:train_on_clients:22 - Training DAE model epoch #181
2025-09-30 07:03:33.548 | INFO     | agents.servers.serverDAE:train_on_clients:43 - Client 10 gets new best val_loss at epoch #181: 0.000524
2025-09-30 07:03:36.103 | INFO     | agents.servers.serverDAE:train_on_clients:65 - 20 clients still training at epoch #181
2025-09-30 07:03:36.121 | INFO     | agents.servers.serverDAE:train_on_clients:22 - Training DAE model epoch #182
2025-09-30 07:03:40.106 | INFO     | agents.servers.serverDAE:train_on_clients:43 - Client 13 gets new best val_loss at epoch #182: 0.000550
2025-09-30 07:03:41.818 | INFO     | agents.servers.serverDAE:train_on_clients:65 - 20 clients still training at epoch #182
2025-09-30 07:03:41.837 | INFO     | agents.servers.serverDAE:train_on_clients:22 - Training DAE model epoch #183
2025-09-30 07:03:42.973 | INFO     | agents.servers.serverDAE:train_on_clients:43 - Client 3 gets new best val_loss at epoch #183: 0.000557
2025-09-30 07:03:47.537 | INFO     | agents.servers.serverDAE:train_on_clients:65 - 20 clients still training at epoch #183
2025-09-30 07:03:47.556 | INFO     | agents.servers.serverDAE:train_on_clients:22 - Training DAE model epoch #184
2025-09-30 07:03:49.563 | INFO     | agents.servers.serverDAE:train_on_clients:43 - Client 6 gets new best val_loss at epoch #184: 0.000514
2025-09-30 07:03:50.984 | INFO     | agents.servers.serverDAE:train_on_clients:43 - Client 11 gets new best val_loss at epoch #184: 0.000577
2025-09-30 07:03:53.263 | INFO     | agents.servers.serverDAE:train_on_clients:65 - 20 clients still training at epoch #184
2025-09-30 07:03:53.282 | INFO     | agents.servers.serverDAE:train_on_clients:22 - Training DAE model epoch #185
2025-09-30 07:03:58.934 | INFO     | agents.servers.serverDAE:train_on_clients:65 - 20 clients still training at epoch #185
2025-09-30 07:03:58.952 | INFO     | agents.servers.serverDAE:train_on_clients:22 - Training DAE model epoch #186
2025-09-30 07:04:02.012 | INFO     | agents.servers.serverDAE:train_on_clients:43 - Client 10 gets new best val_loss at epoch #186: 0.000507
2025-09-30 07:04:04.607 | INFO     | agents.servers.serverDAE:train_on_clients:65 - 20 clients still training at epoch #186
2025-09-30 07:04:04.626 | INFO     | agents.servers.serverDAE:train_on_clients:22 - Training DAE model epoch #187
2025-09-30 07:04:09.849 | INFO     | agents.servers.serverDAE:train_on_clients:43 - Client 17 gets new best val_loss at epoch #187: 0.000498
2025-09-30 07:04:10.423 | INFO     | agents.servers.serverDAE:train_on_clients:65 - 20 clients still training at epoch #187
2025-09-30 07:04:10.442 | INFO     | agents.servers.serverDAE:train_on_clients:22 - Training DAE model epoch #188
2025-09-30 07:04:16.131 | INFO     | agents.servers.serverDAE:train_on_clients:65 - 20 clients still training at epoch #188
2025-09-30 07:04:16.150 | INFO     | agents.servers.serverDAE:train_on_clients:22 - Training DAE model epoch #189
2025-09-30 07:04:19.848 | INFO     | agents.servers.serverDAE:train_on_clients:43 - Client 12 gets new best val_loss at epoch #189: 0.000542
2025-09-30 07:04:21.837 | INFO     | agents.servers.serverDAE:train_on_clients:65 - 20 clients still training at epoch #189
2025-09-30 07:04:21.855 | INFO     | agents.servers.serverDAE:train_on_clients:22 - Training DAE model epoch #190
2025-09-30 07:04:22.139 | INFO     | agents.servers.serverDAE:train_on_clients:59 - Saved model for client 0 at epoch 190 -> saved_models/DAE/average/wsn_ds/epoch_190_client_0.pt
2025-09-30 07:04:22.424 | INFO     | agents.servers.serverDAE:train_on_clients:59 - Saved model for client 1 at epoch 190 -> saved_models/DAE/average/wsn_ds/epoch_190_client_1.pt
2025-09-30 07:04:22.709 | INFO     | agents.servers.serverDAE:train_on_clients:59 - Saved model for client 2 at epoch 190 -> saved_models/DAE/average/wsn_ds/epoch_190_client_2.pt
2025-09-30 07:04:22.994 | INFO     | agents.servers.serverDAE:train_on_clients:59 - Saved model for client 3 at epoch 190 -> saved_models/DAE/average/wsn_ds/epoch_190_client_3.pt
2025-09-30 07:04:23.283 | INFO     | agents.servers.serverDAE:train_on_clients:59 - Saved model for client 4 at epoch 190 -> saved_models/DAE/average/wsn_ds/epoch_190_client_4.pt
2025-09-30 07:04:23.567 | INFO     | agents.servers.serverDAE:train_on_clients:59 - Saved model for client 5 at epoch 190 -> saved_models/DAE/average/wsn_ds/epoch_190_client_5.pt
2025-09-30 07:04:23.852 | INFO     | agents.servers.serverDAE:train_on_clients:59 - Saved model for client 6 at epoch 190 -> saved_models/DAE/average/wsn_ds/epoch_190_client_6.pt
2025-09-30 07:04:24.139 | INFO     | agents.servers.serverDAE:train_on_clients:59 - Saved model for client 7 at epoch 190 -> saved_models/DAE/average/wsn_ds/epoch_190_client_7.pt
2025-09-30 07:04:24.427 | INFO     | agents.servers.serverDAE:train_on_clients:59 - Saved model for client 8 at epoch 190 -> saved_models/DAE/average/wsn_ds/epoch_190_client_8.pt
2025-09-30 07:04:24.713 | INFO     | agents.servers.serverDAE:train_on_clients:59 - Saved model for client 9 at epoch 190 -> saved_models/DAE/average/wsn_ds/epoch_190_client_9.pt
2025-09-30 07:04:24.997 | INFO     | agents.servers.serverDAE:train_on_clients:59 - Saved model for client 10 at epoch 190 -> saved_models/DAE/average/wsn_ds/epoch_190_client_10.pt
2025-09-30 07:04:25.285 | INFO     | agents.servers.serverDAE:train_on_clients:59 - Saved model for client 11 at epoch 190 -> saved_models/DAE/average/wsn_ds/epoch_190_client_11.pt
2025-09-30 07:04:25.571 | INFO     | agents.servers.serverDAE:train_on_clients:43 - Client 12 gets new best val_loss at epoch #190: 0.000539
2025-09-30 07:04:25.573 | INFO     | agents.servers.serverDAE:train_on_clients:59 - Saved model for client 12 at epoch 190 -> saved_models/DAE/average/wsn_ds/epoch_190_client_12.pt
2025-09-30 07:04:25.860 | INFO     | agents.servers.serverDAE:train_on_clients:43 - Client 13 gets new best val_loss at epoch #190: 0.000531
2025-09-30 07:04:25.861 | INFO     | agents.servers.serverDAE:train_on_clients:59 - Saved model for client 13 at epoch 190 -> saved_models/DAE/average/wsn_ds/epoch_190_client_13.pt
2025-09-30 07:04:26.146 | INFO     | agents.servers.serverDAE:train_on_clients:59 - Saved model for client 14 at epoch 190 -> saved_models/DAE/average/wsn_ds/epoch_190_client_14.pt
2025-09-30 07:04:26.435 | INFO     | agents.servers.serverDAE:train_on_clients:59 - Saved model for client 15 at epoch 190 -> saved_models/DAE/average/wsn_ds/epoch_190_client_15.pt
2025-09-30 07:04:26.724 | INFO     | agents.servers.serverDAE:train_on_clients:59 - Saved model for client 16 at epoch 190 -> saved_models/DAE/average/wsn_ds/epoch_190_client_16.pt
2025-09-30 07:04:27.010 | INFO     | agents.servers.serverDAE:train_on_clients:59 - Saved model for client 17 at epoch 190 -> saved_models/DAE/average/wsn_ds/epoch_190_client_17.pt
2025-09-30 07:04:27.296 | INFO     | agents.servers.serverDAE:train_on_clients:59 - Saved model for client 18 at epoch 190 -> saved_models/DAE/average/wsn_ds/epoch_190_client_18.pt
2025-09-30 07:04:27.584 | INFO     | agents.servers.serverDAE:train_on_clients:59 - Saved model for client 19 at epoch 190 -> saved_models/DAE/average/wsn_ds/epoch_190_client_19.pt
2025-09-30 07:04:27.588 | INFO     | agents.servers.serverDAE:train_on_clients:65 - 20 clients still training at epoch #190
2025-09-30 07:04:27.607 | INFO     | agents.servers.serverDAE:train_on_clients:22 - Training DAE model epoch #191
2025-09-30 07:04:33.303 | INFO     | agents.servers.serverDAE:train_on_clients:65 - 20 clients still training at epoch #191
2025-09-30 07:04:33.321 | INFO     | agents.servers.serverDAE:train_on_clients:22 - Training DAE model epoch #192
2025-09-30 07:04:34.740 | INFO     | agents.servers.serverDAE:train_on_clients:43 - Client 4 gets new best val_loss at epoch #192: 0.000571
2025-09-30 07:04:37.873 | INFO     | agents.servers.serverDAE:train_on_clients:43 - Client 15 gets new best val_loss at epoch #192: 0.000560
2025-09-30 07:04:38.995 | INFO     | agents.servers.serverDAE:train_on_clients:65 - 20 clients still training at epoch #192
2025-09-30 07:04:39.013 | INFO     | agents.servers.serverDAE:train_on_clients:22 - Training DAE model epoch #193
2025-09-30 07:04:41.769 | INFO     | agents.servers.serverDAE:train_on_clients:43 - Client 9 gets new best val_loss at epoch #193: 0.000536
2025-09-30 07:04:43.417 | INFO     | agents.servers.serverDAE:train_on_clients:43 - Client 15 gets new best val_loss at epoch #193: 0.000560
2025-09-30 07:04:44.539 | INFO     | agents.servers.serverDAE:train_on_clients:65 - 20 clients still training at epoch #193
2025-09-30 07:04:44.557 | INFO     | agents.servers.serverDAE:train_on_clients:22 - Training DAE model epoch #194
2025-09-30 07:04:47.098 | INFO     | agents.servers.serverDAE:train_on_clients:43 - Client 8 gets new best val_loss at epoch #194: 0.000502
2025-09-30 07:04:50.207 | INFO     | agents.servers.serverDAE:train_on_clients:65 - 20 clients still training at epoch #194
2025-09-30 07:04:50.225 | INFO     | agents.servers.serverDAE:train_on_clients:22 - Training DAE model epoch #195
2025-09-30 07:04:54.783 | INFO     | agents.servers.serverDAE:train_on_clients:43 - Client 15 gets new best val_loss at epoch #195: 0.000544
2025-09-30 07:04:55.927 | INFO     | agents.servers.serverDAE:train_on_clients:65 - 20 clients still training at epoch #195
2025-09-30 07:04:55.945 | INFO     | agents.servers.serverDAE:train_on_clients:22 - Training DAE model epoch #196
2025-09-30 07:04:57.083 | INFO     | agents.servers.serverDAE:train_on_clients:43 - Client 3 gets new best val_loss at epoch #196: 0.000552
2025-09-30 07:04:58.800 | INFO     | agents.servers.serverDAE:train_on_clients:43 - Client 9 gets new best val_loss at epoch #196: 0.000533
2025-09-30 07:05:01.656 | INFO     | agents.servers.serverDAE:train_on_clients:65 - 20 clients still training at epoch #196
2025-09-30 07:05:01.675 | INFO     | agents.servers.serverDAE:train_on_clients:22 - Training DAE model epoch #197
2025-09-30 07:05:02.532 | INFO     | agents.servers.serverDAE:train_on_clients:43 - Client 2 gets new best val_loss at epoch #197: 0.000510
2025-09-30 07:05:07.389 | INFO     | agents.servers.serverDAE:train_on_clients:65 - 20 clients still training at epoch #197
2025-09-30 07:05:07.411 | INFO     | agents.servers.serverDAE:train_on_clients:22 - Training DAE model epoch #198
2025-09-30 07:05:11.305 | INFO     | agents.servers.serverDAE:train_on_clients:43 - Client 12 gets new best val_loss at epoch #198: 0.000530
2025-09-30 07:05:13.291 | INFO     | agents.servers.serverDAE:train_on_clients:65 - 20 clients still training at epoch #198
2025-09-30 07:05:13.310 | INFO     | agents.servers.serverDAE:train_on_clients:22 - Training DAE model epoch #199
2025-09-30 07:05:15.886 | INFO     | agents.servers.serverDAE:train_on_clients:43 - Client 8 gets new best val_loss at epoch #199: 0.000475
2025-09-30 07:05:19.021 | INFO     | agents.servers.serverDAE:train_on_clients:65 - 20 clients still training at epoch #199
2025-09-30 07:05:19.040 | INFO     | agents.servers.serverDAE:train_on_clients:22 - Training DAE model epoch #200
2025-09-30 07:05:19.338 | INFO     | agents.servers.serverDAE:train_on_clients:59 - Saved model for client 0 at epoch 200 -> saved_models/DAE/average/wsn_ds/epoch_200_client_0.pt
2025-09-30 07:05:19.638 | INFO     | agents.servers.serverDAE:train_on_clients:59 - Saved model for client 1 at epoch 200 -> saved_models/DAE/average/wsn_ds/epoch_200_client_1.pt
2025-09-30 07:05:19.917 | INFO     | agents.servers.serverDAE:train_on_clients:59 - Saved model for client 2 at epoch 200 -> saved_models/DAE/average/wsn_ds/epoch_200_client_2.pt
2025-09-30 07:05:20.198 | INFO     | agents.servers.serverDAE:train_on_clients:59 - Saved model for client 3 at epoch 200 -> saved_models/DAE/average/wsn_ds/epoch_200_client_3.pt
2025-09-30 07:05:20.478 | INFO     | agents.servers.serverDAE:train_on_clients:59 - Saved model for client 4 at epoch 200 -> saved_models/DAE/average/wsn_ds/epoch_200_client_4.pt
2025-09-30 07:05:20.758 | INFO     | agents.servers.serverDAE:train_on_clients:59 - Saved model for client 5 at epoch 200 -> saved_models/DAE/average/wsn_ds/epoch_200_client_5.pt
2025-09-30 07:05:21.038 | INFO     | agents.servers.serverDAE:train_on_clients:59 - Saved model for client 6 at epoch 200 -> saved_models/DAE/average/wsn_ds/epoch_200_client_6.pt
2025-09-30 07:05:21.316 | INFO     | agents.servers.serverDAE:train_on_clients:43 - Client 7 gets new best val_loss at epoch #200: 0.000548
2025-09-30 07:05:21.318 | INFO     | agents.servers.serverDAE:train_on_clients:59 - Saved model for client 7 at epoch 200 -> saved_models/DAE/average/wsn_ds/epoch_200_client_7.pt
2025-09-30 07:05:21.602 | INFO     | agents.servers.serverDAE:train_on_clients:59 - Saved model for client 8 at epoch 200 -> saved_models/DAE/average/wsn_ds/epoch_200_client_8.pt
2025-09-30 07:05:21.882 | INFO     | agents.servers.serverDAE:train_on_clients:59 - Saved model for client 9 at epoch 200 -> saved_models/DAE/average/wsn_ds/epoch_200_client_9.pt
2025-09-30 07:05:22.160 | INFO     | agents.servers.serverDAE:train_on_clients:59 - Saved model for client 10 at epoch 200 -> saved_models/DAE/average/wsn_ds/epoch_200_client_10.pt
2025-09-30 07:05:22.438 | INFO     | agents.servers.serverDAE:train_on_clients:59 - Saved model for client 11 at epoch 200 -> saved_models/DAE/average/wsn_ds/epoch_200_client_11.pt
2025-09-30 07:05:22.719 | INFO     | agents.servers.serverDAE:train_on_clients:59 - Saved model for client 12 at epoch 200 -> saved_models/DAE/average/wsn_ds/epoch_200_client_12.pt
2025-09-30 07:05:22.999 | INFO     | agents.servers.serverDAE:train_on_clients:59 - Saved model for client 13 at epoch 200 -> saved_models/DAE/average/wsn_ds/epoch_200_client_13.pt
2025-09-30 07:05:23.280 | INFO     | agents.servers.serverDAE:train_on_clients:59 - Saved model for client 14 at epoch 200 -> saved_models/DAE/average/wsn_ds/epoch_200_client_14.pt
2025-09-30 07:05:23.561 | INFO     | agents.servers.serverDAE:train_on_clients:59 - Saved model for client 15 at epoch 200 -> saved_models/DAE/average/wsn_ds/epoch_200_client_15.pt
2025-09-30 07:05:23.841 | INFO     | agents.servers.serverDAE:train_on_clients:59 - Saved model for client 16 at epoch 200 -> saved_models/DAE/average/wsn_ds/epoch_200_client_16.pt
2025-09-30 07:05:24.122 | INFO     | agents.servers.serverDAE:train_on_clients:59 - Saved model for client 17 at epoch 200 -> saved_models/DAE/average/wsn_ds/epoch_200_client_17.pt
2025-09-30 07:05:24.405 | INFO     | agents.servers.serverDAE:train_on_clients:59 - Saved model for client 18 at epoch 200 -> saved_models/DAE/average/wsn_ds/epoch_200_client_18.pt
2025-09-30 07:05:24.685 | INFO     | agents.servers.serverDAE:train_on_clients:59 - Saved model for client 19 at epoch 200 -> saved_models/DAE/average/wsn_ds/epoch_200_client_19.pt
2025-09-30 07:05:24.689 | INFO     | agents.servers.serverDAE:train_on_clients:65 - 20 clients still training at epoch #200
2025-09-30 07:05:24.707 | INFO     | agents.servers.serverDAE:train_on_clients:22 - Training DAE model epoch #201
2025-09-30 07:05:27.533 | INFO     | agents.servers.serverDAE:train_on_clients:43 - Client 9 gets new best val_loss at epoch #201: 0.000532
2025-09-30 07:05:29.813 | INFO     | agents.servers.serverDAE:train_on_clients:43 - Client 17 gets new best val_loss at epoch #201: 0.000491
2025-09-30 07:05:30.388 | INFO     | agents.servers.serverDAE:train_on_clients:65 - 20 clients still training at epoch #201
2025-09-30 07:05:30.406 | INFO     | agents.servers.serverDAE:train_on_clients:22 - Training DAE model epoch #202
2025-09-30 07:05:36.090 | INFO     | agents.servers.serverDAE:train_on_clients:65 - 20 clients still training at epoch #202
2025-09-30 07:05:36.108 | INFO     | agents.servers.serverDAE:train_on_clients:22 - Training DAE model epoch #203
2025-09-30 07:05:40.406 | INFO     | agents.servers.serverDAE:train_on_clients:43 - Client 14 gets new best val_loss at epoch #203: 0.000500
2025-09-30 07:05:41.832 | INFO     | agents.servers.serverDAE:train_on_clients:65 - 20 clients still training at epoch #203
2025-09-30 07:05:41.850 | INFO     | agents.servers.serverDAE:train_on_clients:22 - Training DAE model epoch #204
2025-09-30 07:05:47.564 | INFO     | agents.servers.serverDAE:train_on_clients:65 - 20 clients still training at epoch #204
2025-09-30 07:05:47.583 | INFO     | agents.servers.serverDAE:train_on_clients:22 - Training DAE model epoch #205
2025-09-30 07:05:49.552 | INFO     | agents.servers.serverDAE:train_on_clients:43 - Client 6 gets new best val_loss at epoch #205: 0.000502
2025-09-30 07:05:52.969 | INFO     | agents.servers.serverDAE:train_on_clients:43 - Client 18 gets new best val_loss at epoch #205: 0.000531
2025-09-30 07:05:53.258 | INFO     | agents.servers.serverDAE:train_on_clients:65 - 20 clients still training at epoch #205
2025-09-30 07:05:53.277 | INFO     | agents.servers.serverDAE:train_on_clients:22 - Training DAE model epoch #206
2025-09-30 07:05:53.847 | INFO     | agents.servers.serverDAE:train_on_clients:43 - Client 1 gets new best val_loss at epoch #206: 0.000639
2025-09-30 07:05:58.977 | INFO     | agents.servers.serverDAE:train_on_clients:65 - 20 clients still training at epoch #206
2025-09-30 07:05:58.996 | INFO     | agents.servers.serverDAE:train_on_clients:22 - Training DAE model epoch #207
2025-09-30 07:06:00.132 | INFO     | agents.servers.serverDAE:train_on_clients:43 - Client 3 gets new best val_loss at epoch #207: 0.000531
2025-09-30 07:06:00.697 | INFO     | agents.servers.serverDAE:train_on_clients:43 - Client 5 gets new best val_loss at epoch #207: 0.000528
2025-09-30 07:06:04.598 | INFO     | agents.servers.serverDAE:train_on_clients:65 - 20 clients still training at epoch #207
2025-09-30 07:06:04.617 | INFO     | agents.servers.serverDAE:train_on_clients:22 - Training DAE model epoch #208
2025-09-30 07:06:10.282 | INFO     | agents.servers.serverDAE:train_on_clients:65 - 20 clients still training at epoch #208
2025-09-30 07:06:10.301 | INFO     | agents.servers.serverDAE:train_on_clients:22 - Training DAE model epoch #209
2025-09-30 07:06:16.079 | INFO     | agents.servers.serverDAE:train_on_clients:65 - 20 clients still training at epoch #209
2025-09-30 07:06:16.098 | INFO     | agents.servers.serverDAE:train_on_clients:22 - Training DAE model epoch #210
2025-09-30 07:06:16.381 | INFO     | agents.servers.serverDAE:train_on_clients:59 - Saved model for client 0 at epoch 210 -> saved_models/DAE/average/wsn_ds/epoch_210_client_0.pt
2025-09-30 07:06:16.667 | INFO     | agents.servers.serverDAE:train_on_clients:59 - Saved model for client 1 at epoch 210 -> saved_models/DAE/average/wsn_ds/epoch_210_client_1.pt
2025-09-30 07:06:16.954 | INFO     | agents.servers.serverDAE:train_on_clients:59 - Saved model for client 2 at epoch 210 -> saved_models/DAE/average/wsn_ds/epoch_210_client_2.pt
2025-09-30 07:06:17.244 | INFO     | agents.servers.serverDAE:train_on_clients:43 - Client 3 gets new best val_loss at epoch #210: 0.000523
2025-09-30 07:06:17.245 | INFO     | agents.servers.serverDAE:train_on_clients:59 - Saved model for client 3 at epoch 210 -> saved_models/DAE/average/wsn_ds/epoch_210_client_3.pt
2025-09-30 07:06:17.563 | INFO     | agents.servers.serverDAE:train_on_clients:59 - Saved model for client 4 at epoch 210 -> saved_models/DAE/average/wsn_ds/epoch_210_client_4.pt
2025-09-30 07:06:17.852 | INFO     | agents.servers.serverDAE:train_on_clients:59 - Saved model for client 5 at epoch 210 -> saved_models/DAE/average/wsn_ds/epoch_210_client_5.pt
2025-09-30 07:06:18.140 | INFO     | agents.servers.serverDAE:train_on_clients:59 - Saved model for client 6 at epoch 210 -> saved_models/DAE/average/wsn_ds/epoch_210_client_6.pt
2025-09-30 07:06:18.428 | INFO     | agents.servers.serverDAE:train_on_clients:59 - Saved model for client 7 at epoch 210 -> saved_models/DAE/average/wsn_ds/epoch_210_client_7.pt
2025-09-30 07:06:18.715 | INFO     | agents.servers.serverDAE:train_on_clients:59 - Saved model for client 8 at epoch 210 -> saved_models/DAE/average/wsn_ds/epoch_210_client_8.pt
2025-09-30 07:06:19.002 | INFO     | agents.servers.serverDAE:train_on_clients:59 - Saved model for client 9 at epoch 210 -> saved_models/DAE/average/wsn_ds/epoch_210_client_9.pt
2025-09-30 07:06:19.289 | INFO     | agents.servers.serverDAE:train_on_clients:59 - Saved model for client 10 at epoch 210 -> saved_models/DAE/average/wsn_ds/epoch_210_client_10.pt
2025-09-30 07:06:19.575 | INFO     | agents.servers.serverDAE:train_on_clients:59 - Saved model for client 11 at epoch 210 -> saved_models/DAE/average/wsn_ds/epoch_210_client_11.pt
2025-09-30 07:06:19.863 | INFO     | agents.servers.serverDAE:train_on_clients:59 - Saved model for client 12 at epoch 210 -> saved_models/DAE/average/wsn_ds/epoch_210_client_12.pt
2025-09-30 07:06:20.151 | INFO     | agents.servers.serverDAE:train_on_clients:59 - Saved model for client 13 at epoch 210 -> saved_models/DAE/average/wsn_ds/epoch_210_client_13.pt
2025-09-30 07:06:20.440 | INFO     | agents.servers.serverDAE:train_on_clients:59 - Saved model for client 14 at epoch 210 -> saved_models/DAE/average/wsn_ds/epoch_210_client_14.pt
2025-09-30 07:06:20.731 | INFO     | agents.servers.serverDAE:train_on_clients:59 - Saved model for client 15 at epoch 210 -> saved_models/DAE/average/wsn_ds/epoch_210_client_15.pt
2025-09-30 07:06:21.018 | INFO     | agents.servers.serverDAE:train_on_clients:59 - Saved model for client 16 at epoch 210 -> saved_models/DAE/average/wsn_ds/epoch_210_client_16.pt
2025-09-30 07:06:21.306 | INFO     | agents.servers.serverDAE:train_on_clients:43 - Client 17 gets new best val_loss at epoch #210: 0.000484
2025-09-30 07:06:21.307 | INFO     | agents.servers.serverDAE:train_on_clients:59 - Saved model for client 17 at epoch 210 -> saved_models/DAE/average/wsn_ds/epoch_210_client_17.pt
2025-09-30 07:06:21.591 | INFO     | agents.servers.serverDAE:train_on_clients:43 - Client 18 gets new best val_loss at epoch #210: 0.000531
2025-09-30 07:06:21.593 | INFO     | agents.servers.serverDAE:train_on_clients:59 - Saved model for client 18 at epoch 210 -> saved_models/DAE/average/wsn_ds/epoch_210_client_18.pt
2025-09-30 07:06:21.881 | INFO     | agents.servers.serverDAE:train_on_clients:59 - Saved model for client 19 at epoch 210 -> saved_models/DAE/average/wsn_ds/epoch_210_client_19.pt
2025-09-30 07:06:21.885 | INFO     | agents.servers.serverDAE:train_on_clients:65 - 20 clients still training at epoch #210
2025-09-30 07:06:21.904 | INFO     | agents.servers.serverDAE:train_on_clients:22 - Training DAE model epoch #211
2025-09-30 07:06:22.475 | INFO     | agents.servers.serverDAE:train_on_clients:43 - Client 1 gets new best val_loss at epoch #211: 0.000636
2025-09-30 07:06:24.754 | INFO     | agents.servers.serverDAE:train_on_clients:43 - Client 9 gets new best val_loss at epoch #211: 0.000523
2025-09-30 07:06:27.603 | INFO     | agents.servers.serverDAE:train_on_clients:65 - 20 clients still training at epoch #211
2025-09-30 07:06:27.622 | INFO     | agents.servers.serverDAE:train_on_clients:22 - Training DAE model epoch #212
2025-09-30 07:06:33.331 | INFO     | agents.servers.serverDAE:train_on_clients:65 - 20 clients still training at epoch #212
2025-09-30 07:06:33.349 | INFO     | agents.servers.serverDAE:train_on_clients:22 - Training DAE model epoch #213
2025-09-30 07:06:39.089 | INFO     | agents.servers.serverDAE:train_on_clients:65 - 20 clients still training at epoch #213
2025-09-30 07:06:39.107 | INFO     | agents.servers.serverDAE:train_on_clients:22 - Training DAE model epoch #214
2025-09-30 07:06:44.700 | INFO     | agents.servers.serverDAE:train_on_clients:65 - 20 clients still training at epoch #214
2025-09-30 07:06:44.718 | INFO     | agents.servers.serverDAE:train_on_clients:22 - Training DAE model epoch #215
2025-09-30 07:06:44.993 | INFO     | agents.servers.serverDAE:train_on_clients:43 - Client 0 gets new best val_loss at epoch #215: 0.000592
2025-09-30 07:06:49.781 | INFO     | agents.servers.serverDAE:train_on_clients:43 - Client 17 gets new best val_loss at epoch #215: 0.000482
2025-09-30 07:06:50.355 | INFO     | agents.servers.serverDAE:train_on_clients:65 - 20 clients still training at epoch #215
2025-09-30 07:06:50.373 | INFO     | agents.servers.serverDAE:train_on_clients:22 - Training DAE model epoch #216
2025-09-30 07:06:51.231 | INFO     | agents.servers.serverDAE:train_on_clients:43 - Client 2 gets new best val_loss at epoch #216: 0.000502
2025-09-30 07:06:56.103 | INFO     | agents.servers.serverDAE:train_on_clients:65 - 20 clients still training at epoch #216
2025-09-30 07:06:56.122 | INFO     | agents.servers.serverDAE:train_on_clients:22 - Training DAE model epoch #217
2025-09-30 07:06:56.701 | INFO     | agents.servers.serverDAE:train_on_clients:43 - Client 1 gets new best val_loss at epoch #217: 0.000633
2025-09-30 07:06:58.703 | INFO     | agents.servers.serverDAE:train_on_clients:43 - Client 8 gets new best val_loss at epoch #217: 0.000475
2025-09-30 07:07:01.847 | INFO     | agents.servers.serverDAE:train_on_clients:65 - 20 clients still training at epoch #217
2025-09-30 07:07:01.866 | INFO     | agents.servers.serverDAE:train_on_clients:22 - Training DAE model epoch #218
2025-09-30 07:07:03.303 | INFO     | agents.servers.serverDAE:train_on_clients:43 - Client 4 gets new best val_loss at epoch #218: 0.000565
2025-09-30 07:07:07.605 | INFO     | agents.servers.serverDAE:train_on_clients:65 - 20 clients still training at epoch #218
2025-09-30 07:07:07.624 | INFO     | agents.servers.serverDAE:train_on_clients:22 - Training DAE model epoch #219
2025-09-30 07:07:13.314 | INFO     | agents.servers.serverDAE:train_on_clients:65 - 20 clients still training at epoch #219
2025-09-30 07:07:13.332 | INFO     | agents.servers.serverDAE:train_on_clients:22 - Training DAE model epoch #220
2025-09-30 07:07:13.616 | INFO     | agents.servers.serverDAE:train_on_clients:59 - Saved model for client 0 at epoch 220 -> saved_models/DAE/average/wsn_ds/epoch_220_client_0.pt
2025-09-30 07:07:13.903 | INFO     | agents.servers.serverDAE:train_on_clients:59 - Saved model for client 1 at epoch 220 -> saved_models/DAE/average/wsn_ds/epoch_220_client_1.pt
2025-09-30 07:07:14.192 | INFO     | agents.servers.serverDAE:train_on_clients:59 - Saved model for client 2 at epoch 220 -> saved_models/DAE/average/wsn_ds/epoch_220_client_2.pt
2025-09-30 07:07:14.481 | INFO     | agents.servers.serverDAE:train_on_clients:59 - Saved model for client 3 at epoch 220 -> saved_models/DAE/average/wsn_ds/epoch_220_client_3.pt
2025-09-30 07:07:14.768 | INFO     | agents.servers.serverDAE:train_on_clients:59 - Saved model for client 4 at epoch 220 -> saved_models/DAE/average/wsn_ds/epoch_220_client_4.pt
2025-09-30 07:07:15.056 | INFO     | agents.servers.serverDAE:train_on_clients:59 - Saved model for client 5 at epoch 220 -> saved_models/DAE/average/wsn_ds/epoch_220_client_5.pt
2025-09-30 07:07:15.343 | INFO     | agents.servers.serverDAE:train_on_clients:59 - Saved model for client 6 at epoch 220 -> saved_models/DAE/average/wsn_ds/epoch_220_client_6.pt
2025-09-30 07:07:15.629 | INFO     | agents.servers.serverDAE:train_on_clients:59 - Saved model for client 7 at epoch 220 -> saved_models/DAE/average/wsn_ds/epoch_220_client_7.pt
2025-09-30 07:07:15.917 | INFO     | agents.servers.serverDAE:train_on_clients:59 - Saved model for client 8 at epoch 220 -> saved_models/DAE/average/wsn_ds/epoch_220_client_8.pt
2025-09-30 07:07:16.204 | INFO     | agents.servers.serverDAE:train_on_clients:59 - Saved model for client 9 at epoch 220 -> saved_models/DAE/average/wsn_ds/epoch_220_client_9.pt
2025-09-30 07:07:16.491 | INFO     | agents.servers.serverDAE:train_on_clients:59 - Saved model for client 10 at epoch 220 -> saved_models/DAE/average/wsn_ds/epoch_220_client_10.pt
2025-09-30 07:07:16.780 | INFO     | agents.servers.serverDAE:train_on_clients:59 - Saved model for client 11 at epoch 220 -> saved_models/DAE/average/wsn_ds/epoch_220_client_11.pt
2025-09-30 07:07:17.069 | INFO     | agents.servers.serverDAE:train_on_clients:43 - Client 12 gets new best val_loss at epoch #220: 0.000528
2025-09-30 07:07:17.071 | INFO     | agents.servers.serverDAE:train_on_clients:59 - Saved model for client 12 at epoch 220 -> saved_models/DAE/average/wsn_ds/epoch_220_client_12.pt
2025-09-30 07:07:17.360 | INFO     | agents.servers.serverDAE:train_on_clients:59 - Saved model for client 13 at epoch 220 -> saved_models/DAE/average/wsn_ds/epoch_220_client_13.pt
2025-09-30 07:07:17.644 | INFO     | agents.servers.serverDAE:train_on_clients:59 - Saved model for client 14 at epoch 220 -> saved_models/DAE/average/wsn_ds/epoch_220_client_14.pt
2025-09-30 07:07:17.932 | INFO     | agents.servers.serverDAE:train_on_clients:59 - Saved model for client 15 at epoch 220 -> saved_models/DAE/average/wsn_ds/epoch_220_client_15.pt
2025-09-30 07:07:18.220 | INFO     | agents.servers.serverDAE:train_on_clients:59 - Saved model for client 16 at epoch 220 -> saved_models/DAE/average/wsn_ds/epoch_220_client_16.pt
2025-09-30 07:07:18.507 | INFO     | agents.servers.serverDAE:train_on_clients:59 - Saved model for client 17 at epoch 220 -> saved_models/DAE/average/wsn_ds/epoch_220_client_17.pt
2025-09-30 07:07:18.792 | INFO     | agents.servers.serverDAE:train_on_clients:59 - Saved model for client 18 at epoch 220 -> saved_models/DAE/average/wsn_ds/epoch_220_client_18.pt
2025-09-30 07:07:19.071 | INFO     | agents.servers.serverDAE:train_on_clients:59 - Saved model for client 19 at epoch 220 -> saved_models/DAE/average/wsn_ds/epoch_220_client_19.pt
2025-09-30 07:07:19.075 | INFO     | agents.servers.serverDAE:train_on_clients:65 - 20 clients still training at epoch #220
2025-09-30 07:07:19.093 | INFO     | agents.servers.serverDAE:train_on_clients:22 - Training DAE model epoch #221
2025-09-30 07:07:21.996 | INFO     | agents.servers.serverDAE:train_on_clients:43 - Client 9 gets new best val_loss at epoch #221: 0.000511
2025-09-30 07:07:22.601 | INFO     | agents.servers.serverDAE:train_on_clients:43 - Client 11 gets new best val_loss at epoch #221: 0.000564
2025-09-30 07:07:23.173 | INFO     | agents.servers.serverDAE:train_on_clients:43 - Client 13 gets new best val_loss at epoch #221: 0.000525
2025-09-30 07:07:24.655 | INFO     | agents.servers.serverDAE:train_on_clients:43 - Client 18 gets new best val_loss at epoch #221: 0.000528
2025-09-30 07:07:24.954 | INFO     | agents.servers.serverDAE:train_on_clients:65 - 20 clients still training at epoch #221
2025-09-30 07:07:24.973 | INFO     | agents.servers.serverDAE:train_on_clients:22 - Training DAE model epoch #222
2025-09-30 07:07:30.666 | INFO     | agents.servers.serverDAE:train_on_clients:65 - 20 clients still training at epoch #222
2025-09-30 07:07:30.684 | INFO     | agents.servers.serverDAE:train_on_clients:22 - Training DAE model epoch #223
2025-09-30 07:07:36.411 | INFO     | agents.servers.serverDAE:train_on_clients:65 - 20 clients still training at epoch #223
2025-09-30 07:07:36.430 | INFO     | agents.servers.serverDAE:train_on_clients:22 - Training DAE model epoch #224
2025-09-30 07:07:41.299 | INFO     | agents.servers.serverDAE:train_on_clients:43 - Client 16 gets new best val_loss at epoch #224: 0.000556
2025-09-30 07:07:41.587 | INFO     | agents.servers.serverDAE:train_on_clients:43 - Client 17 gets new best val_loss at epoch #224: 0.000481
2025-09-30 07:07:42.164 | INFO     | agents.servers.serverDAE:train_on_clients:65 - 20 clients still training at epoch #224
2025-09-30 07:07:42.183 | INFO     | agents.servers.serverDAE:train_on_clients:22 - Training DAE model epoch #225
2025-09-30 07:07:47.607 | INFO     | agents.servers.serverDAE:train_on_clients:43 - Client 18 gets new best val_loss at epoch #225: 0.000516
2025-09-30 07:07:47.899 | INFO     | agents.servers.serverDAE:train_on_clients:65 - 20 clients still training at epoch #225
2025-09-30 07:07:47.917 | INFO     | agents.servers.serverDAE:train_on_clients:22 - Training DAE model epoch #226
2025-09-30 07:07:53.034 | INFO     | agents.servers.serverDAE:train_on_clients:43 - Client 17 gets new best val_loss at epoch #226: 0.000464
2025-09-30 07:07:53.609 | INFO     | agents.servers.serverDAE:train_on_clients:65 - 20 clients still training at epoch #226
2025-09-30 07:07:53.628 | INFO     | agents.servers.serverDAE:train_on_clients:22 - Training DAE model epoch #227
2025-09-30 07:07:59.334 | INFO     | agents.servers.serverDAE:train_on_clients:65 - 20 clients still training at epoch #227
2025-09-30 07:07:59.353 | INFO     | agents.servers.serverDAE:train_on_clients:22 - Training DAE model epoch #228
2025-09-30 07:08:05.050 | INFO     | agents.servers.serverDAE:train_on_clients:65 - 20 clients still training at epoch #228
2025-09-30 07:08:05.069 | INFO     | agents.servers.serverDAE:train_on_clients:22 - Training DAE model epoch #229
2025-09-30 07:08:09.197 | INFO     | agents.servers.serverDAE:train_on_clients:43 - Client 14 gets new best val_loss at epoch #229: 0.000493
2025-09-30 07:08:10.626 | INFO     | agents.servers.serverDAE:train_on_clients:65 - 20 clients still training at epoch #229
2025-09-30 07:08:10.645 | INFO     | agents.servers.serverDAE:train_on_clients:22 - Training DAE model epoch #230
2025-09-30 07:08:10.929 | INFO     | agents.servers.serverDAE:train_on_clients:59 - Saved model for client 0 at epoch 230 -> saved_models/DAE/average/wsn_ds/epoch_230_client_0.pt
2025-09-30 07:08:11.217 | INFO     | agents.servers.serverDAE:train_on_clients:43 - Client 1 gets new best val_loss at epoch #230: 0.000625
2025-09-30 07:08:11.219 | INFO     | agents.servers.serverDAE:train_on_clients:59 - Saved model for client 1 at epoch 230 -> saved_models/DAE/average/wsn_ds/epoch_230_client_1.pt
2025-09-30 07:08:11.506 | INFO     | agents.servers.serverDAE:train_on_clients:59 - Saved model for client 2 at epoch 230 -> saved_models/DAE/average/wsn_ds/epoch_230_client_2.pt
2025-09-30 07:08:11.791 | INFO     | agents.servers.serverDAE:train_on_clients:59 - Saved model for client 3 at epoch 230 -> saved_models/DAE/average/wsn_ds/epoch_230_client_3.pt
2025-09-30 07:08:12.078 | INFO     | agents.servers.serverDAE:train_on_clients:59 - Saved model for client 4 at epoch 230 -> saved_models/DAE/average/wsn_ds/epoch_230_client_4.pt
2025-09-30 07:08:12.364 | INFO     | agents.servers.serverDAE:train_on_clients:59 - Saved model for client 5 at epoch 230 -> saved_models/DAE/average/wsn_ds/epoch_230_client_5.pt
2025-09-30 07:08:12.651 | INFO     | agents.servers.serverDAE:train_on_clients:59 - Saved model for client 6 at epoch 230 -> saved_models/DAE/average/wsn_ds/epoch_230_client_6.pt
2025-09-30 07:08:12.938 | INFO     | agents.servers.serverDAE:train_on_clients:59 - Saved model for client 7 at epoch 230 -> saved_models/DAE/average/wsn_ds/epoch_230_client_7.pt
2025-09-30 07:08:13.226 | INFO     | agents.servers.serverDAE:train_on_clients:59 - Saved model for client 8 at epoch 230 -> saved_models/DAE/average/wsn_ds/epoch_230_client_8.pt
2025-09-30 07:08:13.512 | INFO     | agents.servers.serverDAE:train_on_clients:59 - Saved model for client 9 at epoch 230 -> saved_models/DAE/average/wsn_ds/epoch_230_client_9.pt
2025-09-30 07:08:13.799 | INFO     | agents.servers.serverDAE:train_on_clients:59 - Saved model for client 10 at epoch 230 -> saved_models/DAE/average/wsn_ds/epoch_230_client_10.pt
2025-09-30 07:08:14.084 | INFO     | agents.servers.serverDAE:train_on_clients:59 - Saved model for client 11 at epoch 230 -> saved_models/DAE/average/wsn_ds/epoch_230_client_11.pt
2025-09-30 07:08:14.370 | INFO     | agents.servers.serverDAE:train_on_clients:59 - Saved model for client 12 at epoch 230 -> saved_models/DAE/average/wsn_ds/epoch_230_client_12.pt
2025-09-30 07:08:14.654 | INFO     | agents.servers.serverDAE:train_on_clients:59 - Saved model for client 13 at epoch 230 -> saved_models/DAE/average/wsn_ds/epoch_230_client_13.pt
2025-09-30 07:08:14.943 | INFO     | agents.servers.serverDAE:train_on_clients:59 - Saved model for client 14 at epoch 230 -> saved_models/DAE/average/wsn_ds/epoch_230_client_14.pt
2025-09-30 07:08:15.229 | INFO     | agents.servers.serverDAE:train_on_clients:59 - Saved model for client 15 at epoch 230 -> saved_models/DAE/average/wsn_ds/epoch_230_client_15.pt
2025-09-30 07:08:15.516 | INFO     | agents.servers.serverDAE:train_on_clients:59 - Saved model for client 16 at epoch 230 -> saved_models/DAE/average/wsn_ds/epoch_230_client_16.pt
2025-09-30 07:08:15.805 | INFO     | agents.servers.serverDAE:train_on_clients:59 - Saved model for client 17 at epoch 230 -> saved_models/DAE/average/wsn_ds/epoch_230_client_17.pt
2025-09-30 07:08:16.092 | INFO     | agents.servers.serverDAE:train_on_clients:59 - Saved model for client 18 at epoch 230 -> saved_models/DAE/average/wsn_ds/epoch_230_client_18.pt
2025-09-30 07:08:16.379 | INFO     | agents.servers.serverDAE:train_on_clients:59 - Saved model for client 19 at epoch 230 -> saved_models/DAE/average/wsn_ds/epoch_230_client_19.pt
2025-09-30 07:08:16.383 | INFO     | agents.servers.serverDAE:train_on_clients:65 - 20 clients still training at epoch #230
2025-09-30 07:08:16.402 | INFO     | agents.servers.serverDAE:train_on_clients:22 - Training DAE model epoch #231
2025-09-30 07:08:21.267 | INFO     | agents.servers.serverDAE:train_on_clients:43 - Client 16 gets new best val_loss at epoch #231: 0.000551
2025-09-30 07:08:21.839 | INFO     | agents.servers.serverDAE:train_on_clients:43 - Client 18 gets new best val_loss at epoch #231: 0.000505
2025-09-30 07:08:22.128 | INFO     | agents.servers.serverDAE:train_on_clients:65 - 20 clients still training at epoch #231
2025-09-30 07:08:22.147 | INFO     | agents.servers.serverDAE:train_on_clients:22 - Training DAE model epoch #232
2025-09-30 07:08:24.428 | INFO     | agents.servers.serverDAE:train_on_clients:43 - Client 7 gets new best val_loss at epoch #232: 0.000547
2025-09-30 07:08:27.900 | INFO     | agents.servers.serverDAE:train_on_clients:65 - 20 clients still training at epoch #232
2025-09-30 07:08:27.919 | INFO     | agents.servers.serverDAE:train_on_clients:22 - Training DAE model epoch #233
2025-09-30 07:08:30.284 | INFO     | agents.servers.serverDAE:train_on_clients:43 - Client 7 gets new best val_loss at epoch #233: 0.000525
2025-09-30 07:08:30.844 | INFO     | agents.servers.serverDAE:train_on_clients:43 - Client 9 gets new best val_loss at epoch #233: 0.000511
2025-09-30 07:08:31.135 | INFO     | agents.servers.serverDAE:train_on_clients:43 - Client 10 gets new best val_loss at epoch #233: 0.000502
2025-09-30 07:08:33.662 | INFO     | agents.servers.serverDAE:train_on_clients:65 - 20 clients still training at epoch #233
2025-09-30 07:08:33.681 | INFO     | agents.servers.serverDAE:train_on_clients:22 - Training DAE model epoch #234
2025-09-30 07:08:38.773 | INFO     | agents.servers.serverDAE:train_on_clients:43 - Client 17 gets new best val_loss at epoch #234: 0.000463
2025-09-30 07:08:39.334 | INFO     | agents.servers.serverDAE:train_on_clients:65 - 20 clients still training at epoch #234
2025-09-30 07:08:39.353 | INFO     | agents.servers.serverDAE:train_on_clients:22 - Training DAE model epoch #235
2025-09-30 07:08:39.630 | INFO     | agents.servers.serverDAE:train_on_clients:43 - Client 0 gets new best val_loss at epoch #235: 0.000586
2025-09-30 07:08:44.907 | INFO     | agents.servers.serverDAE:train_on_clients:65 - 20 clients still training at epoch #235
2025-09-30 07:08:44.926 | INFO     | agents.servers.serverDAE:train_on_clients:22 - Training DAE model epoch #236
2025-09-30 07:08:50.359 | INFO     | agents.servers.serverDAE:train_on_clients:65 - 20 clients still training at epoch #236
2025-09-30 07:08:50.378 | INFO     | agents.servers.serverDAE:train_on_clients:22 - Training DAE model epoch #237
2025-09-30 07:08:50.651 | INFO     | agents.servers.serverDAE:train_on_clients:43 - Client 0 gets new best val_loss at epoch #237: 0.000580
2025-09-30 07:08:56.016 | INFO     | agents.servers.serverDAE:train_on_clients:65 - 20 clients still training at epoch #237
2025-09-30 07:08:56.035 | INFO     | agents.servers.serverDAE:train_on_clients:22 - Training DAE model epoch #238
2025-09-30 07:09:01.708 | INFO     | agents.servers.serverDAE:train_on_clients:65 - 20 clients still training at epoch #238
2025-09-30 07:09:01.726 | INFO     | agents.servers.serverDAE:train_on_clients:22 - Training DAE model epoch #239
2025-09-30 07:09:07.424 | INFO     | agents.servers.serverDAE:train_on_clients:65 - 20 clients still training at epoch #239
2025-09-30 07:09:07.443 | INFO     | agents.servers.serverDAE:train_on_clients:22 - Training DAE model epoch #240
2025-09-30 07:09:07.725 | INFO     | agents.servers.serverDAE:train_on_clients:59 - Saved model for client 0 at epoch 240 -> saved_models/DAE/average/wsn_ds/epoch_240_client_0.pt
2025-09-30 07:09:08.008 | INFO     | agents.servers.serverDAE:train_on_clients:59 - Saved model for client 1 at epoch 240 -> saved_models/DAE/average/wsn_ds/epoch_240_client_1.pt
2025-09-30 07:09:08.289 | INFO     | agents.servers.serverDAE:train_on_clients:59 - Saved model for client 2 at epoch 240 -> saved_models/DAE/average/wsn_ds/epoch_240_client_2.pt
2025-09-30 07:09:08.572 | INFO     | agents.servers.serverDAE:train_on_clients:59 - Saved model for client 3 at epoch 240 -> saved_models/DAE/average/wsn_ds/epoch_240_client_3.pt
2025-09-30 07:09:08.857 | INFO     | agents.servers.serverDAE:train_on_clients:59 - Saved model for client 4 at epoch 240 -> saved_models/DAE/average/wsn_ds/epoch_240_client_4.pt
2025-09-30 07:09:09.140 | INFO     | agents.servers.serverDAE:train_on_clients:59 - Saved model for client 5 at epoch 240 -> saved_models/DAE/average/wsn_ds/epoch_240_client_5.pt
2025-09-30 07:09:09.424 | INFO     | agents.servers.serverDAE:train_on_clients:59 - Saved model for client 6 at epoch 240 -> saved_models/DAE/average/wsn_ds/epoch_240_client_6.pt
2025-09-30 07:09:09.712 | INFO     | agents.servers.serverDAE:train_on_clients:59 - Saved model for client 7 at epoch 240 -> saved_models/DAE/average/wsn_ds/epoch_240_client_7.pt
2025-09-30 07:09:09.999 | INFO     | agents.servers.serverDAE:train_on_clients:59 - Saved model for client 8 at epoch 240 -> saved_models/DAE/average/wsn_ds/epoch_240_client_8.pt
2025-09-30 07:09:10.285 | INFO     | agents.servers.serverDAE:train_on_clients:43 - Client 9 gets new best val_loss at epoch #240: 0.000507
2025-09-30 07:09:10.286 | INFO     | agents.servers.serverDAE:train_on_clients:59 - Saved model for client 9 at epoch 240 -> saved_models/DAE/average/wsn_ds/epoch_240_client_9.pt
2025-09-30 07:09:10.571 | INFO     | agents.servers.serverDAE:train_on_clients:59 - Saved model for client 10 at epoch 240 -> saved_models/DAE/average/wsn_ds/epoch_240_client_10.pt
2025-09-30 07:09:10.853 | INFO     | agents.servers.serverDAE:train_on_clients:59 - Saved model for client 11 at epoch 240 -> saved_models/DAE/average/wsn_ds/epoch_240_client_11.pt
2025-09-30 07:09:11.141 | INFO     | agents.servers.serverDAE:train_on_clients:59 - Saved model for client 12 at epoch 240 -> saved_models/DAE/average/wsn_ds/epoch_240_client_12.pt
2025-09-30 07:09:11.426 | INFO     | agents.servers.serverDAE:train_on_clients:59 - Saved model for client 13 at epoch 240 -> saved_models/DAE/average/wsn_ds/epoch_240_client_13.pt
2025-09-30 07:09:11.711 | INFO     | agents.servers.serverDAE:train_on_clients:59 - Saved model for client 14 at epoch 240 -> saved_models/DAE/average/wsn_ds/epoch_240_client_14.pt
2025-09-30 07:09:11.997 | INFO     | agents.servers.serverDAE:train_on_clients:59 - Saved model for client 15 at epoch 240 -> saved_models/DAE/average/wsn_ds/epoch_240_client_15.pt
2025-09-30 07:09:12.281 | INFO     | agents.servers.serverDAE:train_on_clients:59 - Saved model for client 16 at epoch 240 -> saved_models/DAE/average/wsn_ds/epoch_240_client_16.pt
2025-09-30 07:09:12.564 | INFO     | agents.servers.serverDAE:train_on_clients:59 - Saved model for client 17 at epoch 240 -> saved_models/DAE/average/wsn_ds/epoch_240_client_17.pt
2025-09-30 07:09:12.848 | INFO     | agents.servers.serverDAE:train_on_clients:59 - Saved model for client 18 at epoch 240 -> saved_models/DAE/average/wsn_ds/epoch_240_client_18.pt
2025-09-30 07:09:13.133 | INFO     | agents.servers.serverDAE:train_on_clients:59 - Saved model for client 19 at epoch 240 -> saved_models/DAE/average/wsn_ds/epoch_240_client_19.pt
2025-09-30 07:09:13.137 | INFO     | agents.servers.serverDAE:train_on_clients:65 - 20 clients still training at epoch #240
2025-09-30 07:09:13.156 | INFO     | agents.servers.serverDAE:train_on_clients:22 - Training DAE model epoch #241
2025-09-30 07:09:14.291 | INFO     | agents.servers.serverDAE:train_on_clients:43 - Client 3 gets new best val_loss at epoch #241: 0.000512
2025-09-30 07:09:18.861 | INFO     | agents.servers.serverDAE:train_on_clients:65 - 20 clients still training at epoch #241
2025-09-30 07:09:18.879 | INFO     | agents.servers.serverDAE:train_on_clients:22 - Training DAE model epoch #242
2025-09-30 07:09:24.556 | INFO     | agents.servers.serverDAE:train_on_clients:43 - Client 19 gets new best val_loss at epoch #242: 0.000575
2025-09-30 07:09:24.561 | INFO     | agents.servers.serverDAE:train_on_clients:65 - 20 clients still training at epoch #242
2025-09-30 07:09:24.579 | INFO     | agents.servers.serverDAE:train_on_clients:22 - Training DAE model epoch #243
2025-09-30 07:09:27.063 | INFO     | agents.servers.serverDAE:train_on_clients:43 - Client 8 gets new best val_loss at epoch #243: 0.000474
2025-09-30 07:09:28.450 | INFO     | agents.servers.serverDAE:train_on_clients:43 - Client 13 gets new best val_loss at epoch #243: 0.000524
2025-09-30 07:09:28.728 | INFO     | agents.servers.serverDAE:train_on_clients:43 - Client 14 gets new best val_loss at epoch #243: 0.000492
2025-09-30 07:09:30.108 | INFO     | agents.servers.serverDAE:train_on_clients:65 - 20 clients still training at epoch #243
2025-09-30 07:09:30.127 | INFO     | agents.servers.serverDAE:train_on_clients:22 - Training DAE model epoch #244
2025-09-30 07:09:35.853 | INFO     | agents.servers.serverDAE:train_on_clients:65 - 20 clients still training at epoch #244
2025-09-30 07:09:35.872 | INFO     | agents.servers.serverDAE:train_on_clients:22 - Training DAE model epoch #245
2025-09-30 07:09:41.724 | INFO     | agents.servers.serverDAE:train_on_clients:65 - 20 clients still training at epoch #245
2025-09-30 07:09:41.742 | INFO     | agents.servers.serverDAE:train_on_clients:22 - Training DAE model epoch #246
2025-09-30 07:09:42.036 | INFO     | agents.servers.serverDAE:train_on_clients:43 - Client 0 gets new best val_loss at epoch #246: 0.000575
2025-09-30 07:09:42.620 | INFO     | agents.servers.serverDAE:train_on_clients:43 - Client 2 gets new best val_loss at epoch #246: 0.000500
2025-09-30 07:09:47.567 | INFO     | agents.servers.serverDAE:train_on_clients:65 - 20 clients still training at epoch #246
2025-09-30 07:09:47.586 | INFO     | agents.servers.serverDAE:train_on_clients:22 - Training DAE model epoch #247
2025-09-30 07:09:53.259 | INFO     | agents.servers.serverDAE:train_on_clients:65 - 20 clients still training at epoch #247
2025-09-30 07:09:53.277 | INFO     | agents.servers.serverDAE:train_on_clients:22 - Training DAE model epoch #248
2025-09-30 07:09:56.963 | INFO     | agents.servers.serverDAE:train_on_clients:43 - Client 12 gets new best val_loss at epoch #248: 0.000518
2025-09-30 07:09:58.949 | INFO     | agents.servers.serverDAE:train_on_clients:65 - 20 clients still training at epoch #248
2025-09-30 07:09:58.967 | INFO     | agents.servers.serverDAE:train_on_clients:22 - Training DAE model epoch #249
2025-09-30 07:09:59.257 | INFO     | agents.servers.serverDAE:train_on_clients:43 - Client 0 gets new best val_loss at epoch #249: 0.000570
2025-09-30 07:10:01.541 | INFO     | agents.servers.serverDAE:train_on_clients:43 - Client 8 gets new best val_loss at epoch #249: 0.000473
2025-09-30 07:10:04.652 | INFO     | agents.servers.serverDAE:train_on_clients:43 - Client 19 gets new best val_loss at epoch #249: 0.000569
2025-09-30 07:10:04.657 | INFO     | agents.servers.serverDAE:train_on_clients:65 - 20 clients still training at epoch #249
2025-09-30 07:10:04.676 | INFO     | agents.servers.serverDAE:train_on_clients:22 - Training DAE model epoch #250
2025-09-30 07:10:04.967 | INFO     | agents.servers.serverDAE:train_on_clients:59 - Saved model for client 0 at epoch 250 -> saved_models/DAE/average/wsn_ds/epoch_250_client_0.pt
2025-09-30 07:10:05.256 | INFO     | agents.servers.serverDAE:train_on_clients:59 - Saved model for client 1 at epoch 250 -> saved_models/DAE/average/wsn_ds/epoch_250_client_1.pt
2025-09-30 07:10:05.533 | INFO     | agents.servers.serverDAE:train_on_clients:59 - Saved model for client 2 at epoch 250 -> saved_models/DAE/average/wsn_ds/epoch_250_client_2.pt
2025-09-30 07:10:05.809 | INFO     | agents.servers.serverDAE:train_on_clients:59 - Saved model for client 3 at epoch 250 -> saved_models/DAE/average/wsn_ds/epoch_250_client_3.pt
2025-09-30 07:10:06.087 | INFO     | agents.servers.serverDAE:train_on_clients:59 - Saved model for client 4 at epoch 250 -> saved_models/DAE/average/wsn_ds/epoch_250_client_4.pt
2025-09-30 07:10:06.364 | INFO     | agents.servers.serverDAE:train_on_clients:59 - Saved model for client 5 at epoch 250 -> saved_models/DAE/average/wsn_ds/epoch_250_client_5.pt
2025-09-30 07:10:06.633 | INFO     | agents.servers.serverDAE:train_on_clients:59 - Saved model for client 6 at epoch 250 -> saved_models/DAE/average/wsn_ds/epoch_250_client_6.pt
2025-09-30 07:10:06.909 | INFO     | agents.servers.serverDAE:train_on_clients:59 - Saved model for client 7 at epoch 250 -> saved_models/DAE/average/wsn_ds/epoch_250_client_7.pt
2025-09-30 07:10:07.188 | INFO     | agents.servers.serverDAE:train_on_clients:59 - Saved model for client 8 at epoch 250 -> saved_models/DAE/average/wsn_ds/epoch_250_client_8.pt
2025-09-30 07:10:07.466 | INFO     | agents.servers.serverDAE:train_on_clients:59 - Saved model for client 9 at epoch 250 -> saved_models/DAE/average/wsn_ds/epoch_250_client_9.pt
2025-09-30 07:10:07.750 | INFO     | agents.servers.serverDAE:train_on_clients:59 - Saved model for client 10 at epoch 250 -> saved_models/DAE/average/wsn_ds/epoch_250_client_10.pt
2025-09-30 07:10:08.036 | INFO     | agents.servers.serverDAE:train_on_clients:59 - Saved model for client 11 at epoch 250 -> saved_models/DAE/average/wsn_ds/epoch_250_client_11.pt
2025-09-30 07:10:08.313 | INFO     | agents.servers.serverDAE:train_on_clients:59 - Saved model for client 12 at epoch 250 -> saved_models/DAE/average/wsn_ds/epoch_250_client_12.pt
2025-09-30 07:10:08.593 | INFO     | agents.servers.serverDAE:train_on_clients:59 - Saved model for client 13 at epoch 250 -> saved_models/DAE/average/wsn_ds/epoch_250_client_13.pt
2025-09-30 07:10:08.878 | INFO     | agents.servers.serverDAE:train_on_clients:59 - Saved model for client 14 at epoch 250 -> saved_models/DAE/average/wsn_ds/epoch_250_client_14.pt
2025-09-30 07:10:09.154 | INFO     | agents.servers.serverDAE:train_on_clients:59 - Saved model for client 15 at epoch 250 -> saved_models/DAE/average/wsn_ds/epoch_250_client_15.pt
2025-09-30 07:10:09.437 | INFO     | agents.servers.serverDAE:train_on_clients:59 - Saved model for client 16 at epoch 250 -> saved_models/DAE/average/wsn_ds/epoch_250_client_16.pt
2025-09-30 07:10:09.714 | INFO     | agents.servers.serverDAE:train_on_clients:59 - Saved model for client 17 at epoch 250 -> saved_models/DAE/average/wsn_ds/epoch_250_client_17.pt
2025-09-30 07:10:09.989 | INFO     | agents.servers.serverDAE:train_on_clients:59 - Saved model for client 18 at epoch 250 -> saved_models/DAE/average/wsn_ds/epoch_250_client_18.pt
2025-09-30 07:10:10.268 | INFO     | agents.servers.serverDAE:train_on_clients:59 - Saved model for client 19 at epoch 250 -> saved_models/DAE/average/wsn_ds/epoch_250_client_19.pt
2025-09-30 07:10:10.272 | INFO     | agents.servers.serverDAE:train_on_clients:65 - 20 clients still training at epoch #250
2025-09-30 07:10:10.291 | INFO     | agents.servers.serverDAE:train_on_clients:22 - Training DAE model epoch #251
2025-09-30 07:10:15.972 | INFO     | agents.servers.serverDAE:train_on_clients:65 - 20 clients still training at epoch #251
2025-09-30 07:10:15.991 | INFO     | agents.servers.serverDAE:train_on_clients:22 - Training DAE model epoch #252
2025-09-30 07:10:17.686 | INFO     | agents.servers.serverDAE:train_on_clients:43 - Client 5 gets new best val_loss at epoch #252: 0.000527
2025-09-30 07:10:21.691 | INFO     | agents.servers.serverDAE:train_on_clients:65 - 20 clients still training at epoch #252
2025-09-30 07:10:21.709 | INFO     | agents.servers.serverDAE:train_on_clients:22 - Training DAE model epoch #253
2025-09-30 07:10:23.131 | INFO     | agents.servers.serverDAE:train_on_clients:43 - Client 4 gets new best val_loss at epoch #253: 0.000550
2025-09-30 07:10:23.416 | INFO     | agents.servers.serverDAE:train_on_clients:43 - Client 5 gets new best val_loss at epoch #253: 0.000522
2025-09-30 07:10:27.419 | INFO     | agents.servers.serverDAE:train_on_clients:65 - 20 clients still training at epoch #253
2025-09-30 07:10:27.437 | INFO     | agents.servers.serverDAE:train_on_clients:22 - Training DAE model epoch #254
2025-09-30 07:10:29.139 | INFO     | agents.servers.serverDAE:train_on_clients:43 - Client 5 gets new best val_loss at epoch #254: 0.000514
2025-09-30 07:10:33.098 | INFO     | agents.servers.serverDAE:train_on_clients:65 - 20 clients still training at epoch #254
2025-09-30 07:10:33.117 | INFO     | agents.servers.serverDAE:train_on_clients:22 - Training DAE model epoch #255
2025-09-30 07:10:37.654 | INFO     | agents.servers.serverDAE:train_on_clients:43 - Client 15 gets new best val_loss at epoch #255: 0.000539
2025-09-30 07:10:38.780 | INFO     | agents.servers.serverDAE:train_on_clients:65 - 20 clients still training at epoch #255
2025-09-30 07:10:38.799 | INFO     | agents.servers.serverDAE:train_on_clients:22 - Training DAE model epoch #256
2025-09-30 07:10:41.363 | INFO     | agents.servers.serverDAE:train_on_clients:43 - Client 8 gets new best val_loss at epoch #256: 0.000473
2025-09-30 07:10:44.569 | INFO     | agents.servers.serverDAE:train_on_clients:65 - 20 clients still training at epoch #256
2025-09-30 07:10:44.588 | INFO     | agents.servers.serverDAE:train_on_clients:22 - Training DAE model epoch #257
2025-09-30 07:10:49.060 | INFO     | agents.servers.serverDAE:train_on_clients:43 - Client 15 gets new best val_loss at epoch #257: 0.000524
2025-09-30 07:10:50.173 | INFO     | agents.servers.serverDAE:train_on_clients:65 - 20 clients still training at epoch #257
2025-09-30 07:10:50.191 | INFO     | agents.servers.serverDAE:train_on_clients:22 - Training DAE model epoch #258
2025-09-30 07:10:55.913 | INFO     | agents.servers.serverDAE:train_on_clients:65 - 20 clients still training at epoch #258
2025-09-30 07:10:55.931 | INFO     | agents.servers.serverDAE:train_on_clients:22 - Training DAE model epoch #259
2025-09-30 07:10:56.786 | INFO     | agents.servers.serverDAE:train_on_clients:43 - Client 2 gets new best val_loss at epoch #259: 0.000500
2025-09-30 07:11:01.680 | INFO     | agents.servers.serverDAE:train_on_clients:65 - 20 clients still training at epoch #259
2025-09-30 07:11:01.698 | INFO     | agents.servers.serverDAE:train_on_clients:22 - Training DAE model epoch #260
2025-09-30 07:11:01.982 | INFO     | agents.servers.serverDAE:train_on_clients:59 - Saved model for client 0 at epoch 260 -> saved_models/DAE/average/wsn_ds/epoch_260_client_0.pt
2025-09-30 07:11:02.268 | INFO     | agents.servers.serverDAE:train_on_clients:59 - Saved model for client 1 at epoch 260 -> saved_models/DAE/average/wsn_ds/epoch_260_client_1.pt
2025-09-30 07:11:02.557 | INFO     | agents.servers.serverDAE:train_on_clients:59 - Saved model for client 2 at epoch 260 -> saved_models/DAE/average/wsn_ds/epoch_260_client_2.pt
2025-09-30 07:11:02.843 | INFO     | agents.servers.serverDAE:train_on_clients:59 - Saved model for client 3 at epoch 260 -> saved_models/DAE/average/wsn_ds/epoch_260_client_3.pt
2025-09-30 07:11:03.131 | INFO     | agents.servers.serverDAE:train_on_clients:59 - Saved model for client 4 at epoch 260 -> saved_models/DAE/average/wsn_ds/epoch_260_client_4.pt
2025-09-30 07:11:03.418 | INFO     | agents.servers.serverDAE:train_on_clients:59 - Saved model for client 5 at epoch 260 -> saved_models/DAE/average/wsn_ds/epoch_260_client_5.pt
2025-09-30 07:11:03.707 | INFO     | agents.servers.serverDAE:train_on_clients:59 - Saved model for client 6 at epoch 260 -> saved_models/DAE/average/wsn_ds/epoch_260_client_6.pt
2025-09-30 07:11:03.994 | INFO     | agents.servers.serverDAE:train_on_clients:59 - Saved model for client 7 at epoch 260 -> saved_models/DAE/average/wsn_ds/epoch_260_client_7.pt
2025-09-30 07:11:04.280 | INFO     | agents.servers.serverDAE:train_on_clients:59 - Saved model for client 8 at epoch 260 -> saved_models/DAE/average/wsn_ds/epoch_260_client_8.pt
2025-09-30 07:11:04.569 | INFO     | agents.servers.serverDAE:train_on_clients:59 - Saved model for client 9 at epoch 260 -> saved_models/DAE/average/wsn_ds/epoch_260_client_9.pt
2025-09-30 07:11:04.858 | INFO     | agents.servers.serverDAE:train_on_clients:59 - Saved model for client 10 at epoch 260 -> saved_models/DAE/average/wsn_ds/epoch_260_client_10.pt
2025-09-30 07:11:05.144 | INFO     | agents.servers.serverDAE:train_on_clients:59 - Saved model for client 11 at epoch 260 -> saved_models/DAE/average/wsn_ds/epoch_260_client_11.pt
2025-09-30 07:11:05.433 | INFO     | agents.servers.serverDAE:train_on_clients:59 - Saved model for client 12 at epoch 260 -> saved_models/DAE/average/wsn_ds/epoch_260_client_12.pt
2025-09-30 07:11:05.722 | INFO     | agents.servers.serverDAE:train_on_clients:59 - Saved model for client 13 at epoch 260 -> saved_models/DAE/average/wsn_ds/epoch_260_client_13.pt
2025-09-30 07:11:06.009 | INFO     | agents.servers.serverDAE:train_on_clients:59 - Saved model for client 14 at epoch 260 -> saved_models/DAE/average/wsn_ds/epoch_260_client_14.pt
2025-09-30 07:11:06.293 | INFO     | agents.servers.serverDAE:train_on_clients:59 - Saved model for client 15 at epoch 260 -> saved_models/DAE/average/wsn_ds/epoch_260_client_15.pt
2025-09-30 07:11:06.580 | INFO     | agents.servers.serverDAE:train_on_clients:59 - Saved model for client 16 at epoch 260 -> saved_models/DAE/average/wsn_ds/epoch_260_client_16.pt
2025-09-30 07:11:06.868 | INFO     | agents.servers.serverDAE:train_on_clients:59 - Saved model for client 17 at epoch 260 -> saved_models/DAE/average/wsn_ds/epoch_260_client_17.pt
2025-09-30 07:11:07.156 | INFO     | agents.servers.serverDAE:train_on_clients:59 - Saved model for client 18 at epoch 260 -> saved_models/DAE/average/wsn_ds/epoch_260_client_18.pt
2025-09-30 07:11:07.441 | INFO     | agents.servers.serverDAE:train_on_clients:59 - Saved model for client 19 at epoch 260 -> saved_models/DAE/average/wsn_ds/epoch_260_client_19.pt
2025-09-30 07:11:07.446 | INFO     | agents.servers.serverDAE:train_on_clients:65 - 20 clients still training at epoch #260
2025-09-30 07:11:07.465 | INFO     | agents.servers.serverDAE:train_on_clients:22 - Training DAE model epoch #261
2025-09-30 07:11:13.181 | INFO     | agents.servers.serverDAE:train_on_clients:65 - 20 clients still training at epoch #261
2025-09-30 07:11:13.199 | INFO     | agents.servers.serverDAE:train_on_clients:22 - Training DAE model epoch #262
2025-09-30 07:11:18.945 | INFO     | agents.servers.serverDAE:train_on_clients:65 - 20 clients still training at epoch #262
2025-09-30 07:11:18.963 | INFO     | agents.servers.serverDAE:train_on_clients:22 - Training DAE model epoch #263
2025-09-30 07:11:24.713 | INFO     | agents.servers.serverDAE:train_on_clients:65 - 20 clients still training at epoch #263
2025-09-30 07:11:24.731 | INFO     | agents.servers.serverDAE:train_on_clients:22 - Training DAE model epoch #264
2025-09-30 07:11:28.405 | INFO     | agents.servers.serverDAE:train_on_clients:43 - Client 12 gets new best val_loss at epoch #264: 0.000512
2025-09-30 07:11:30.339 | INFO     | agents.servers.serverDAE:train_on_clients:65 - 20 clients still training at epoch #264
2025-09-30 07:11:30.358 | INFO     | agents.servers.serverDAE:train_on_clients:22 - Training DAE model epoch #265
2025-09-30 07:11:36.072 | INFO     | agents.servers.serverDAE:train_on_clients:65 - 20 clients still training at epoch #265
2025-09-30 07:11:36.090 | INFO     | agents.servers.serverDAE:train_on_clients:22 - Training DAE model epoch #266
2025-09-30 07:11:36.660 | INFO     | agents.servers.serverDAE:train_on_clients:43 - Client 1 gets new best val_loss at epoch #266: 0.000622
2025-09-30 07:11:41.822 | INFO     | agents.servers.serverDAE:train_on_clients:65 - 20 clients still training at epoch #266
2025-09-30 07:11:41.841 | INFO     | agents.servers.serverDAE:train_on_clients:22 - Training DAE model epoch #267
2025-09-30 07:11:42.699 | INFO     | agents.servers.serverDAE:train_on_clients:43 - Client 2 gets new best val_loss at epoch #267: 0.000493
2025-09-30 07:11:44.407 | INFO     | agents.servers.serverDAE:train_on_clients:43 - Client 8 gets new best val_loss at epoch #267: 0.000456
2025-09-30 07:11:45.554 | INFO     | agents.servers.serverDAE:train_on_clients:43 - Client 12 gets new best val_loss at epoch #267: 0.000495
2025-09-30 07:11:47.569 | INFO     | agents.servers.serverDAE:train_on_clients:65 - 20 clients still training at epoch #267
2025-09-30 07:11:47.587 | INFO     | agents.servers.serverDAE:train_on_clients:22 - Training DAE model epoch #268
2025-09-30 07:11:52.874 | INFO     | agents.servers.serverDAE:train_on_clients:43 - Client 17 gets new best val_loss at epoch #268: 0.000459
2025-09-30 07:11:53.444 | INFO     | agents.servers.serverDAE:train_on_clients:65 - 20 clients still training at epoch #268
2025-09-30 07:11:53.511 | INFO     | agents.servers.serverDAE:train_on_clients:22 - Training DAE model epoch #269
2025-09-30 07:11:56.323 | INFO     | agents.servers.serverDAE:train_on_clients:43 - Client 9 gets new best val_loss at epoch #269: 0.000505
2025-09-30 07:11:59.176 | INFO     | agents.servers.serverDAE:train_on_clients:65 - 20 clients still training at epoch #269
2025-09-30 07:11:59.195 | INFO     | agents.servers.serverDAE:train_on_clients:22 - Training DAE model epoch #270
2025-09-30 07:11:59.474 | INFO     | agents.servers.serverDAE:train_on_clients:59 - Saved model for client 0 at epoch 270 -> saved_models/DAE/average/wsn_ds/epoch_270_client_0.pt
2025-09-30 07:11:59.757 | INFO     | agents.servers.serverDAE:train_on_clients:59 - Saved model for client 1 at epoch 270 -> saved_models/DAE/average/wsn_ds/epoch_270_client_1.pt
2025-09-30 07:12:00.039 | INFO     | agents.servers.serverDAE:train_on_clients:59 - Saved model for client 2 at epoch 270 -> saved_models/DAE/average/wsn_ds/epoch_270_client_2.pt
2025-09-30 07:12:00.324 | INFO     | agents.servers.serverDAE:train_on_clients:59 - Saved model for client 3 at epoch 270 -> saved_models/DAE/average/wsn_ds/epoch_270_client_3.pt
2025-09-30 07:12:00.606 | INFO     | agents.servers.serverDAE:train_on_clients:59 - Saved model for client 4 at epoch 270 -> saved_models/DAE/average/wsn_ds/epoch_270_client_4.pt
2025-09-30 07:12:00.887 | INFO     | agents.servers.serverDAE:train_on_clients:59 - Saved model for client 5 at epoch 270 -> saved_models/DAE/average/wsn_ds/epoch_270_client_5.pt
2025-09-30 07:12:01.172 | INFO     | agents.servers.serverDAE:train_on_clients:59 - Saved model for client 6 at epoch 270 -> saved_models/DAE/average/wsn_ds/epoch_270_client_6.pt
2025-09-30 07:12:01.452 | INFO     | agents.servers.serverDAE:train_on_clients:59 - Saved model for client 7 at epoch 270 -> saved_models/DAE/average/wsn_ds/epoch_270_client_7.pt
2025-09-30 07:12:01.731 | INFO     | agents.servers.serverDAE:train_on_clients:59 - Saved model for client 8 at epoch 270 -> saved_models/DAE/average/wsn_ds/epoch_270_client_8.pt
2025-09-30 07:12:02.013 | INFO     | agents.servers.serverDAE:train_on_clients:59 - Saved model for client 9 at epoch 270 -> saved_models/DAE/average/wsn_ds/epoch_270_client_9.pt
2025-09-30 07:12:02.293 | INFO     | agents.servers.serverDAE:train_on_clients:59 - Saved model for client 10 at epoch 270 -> saved_models/DAE/average/wsn_ds/epoch_270_client_10.pt
2025-09-30 07:12:02.577 | INFO     | agents.servers.serverDAE:train_on_clients:59 - Saved model for client 11 at epoch 270 -> saved_models/DAE/average/wsn_ds/epoch_270_client_11.pt
2025-09-30 07:12:02.858 | INFO     | agents.servers.serverDAE:train_on_clients:59 - Saved model for client 12 at epoch 270 -> saved_models/DAE/average/wsn_ds/epoch_270_client_12.pt
2025-09-30 07:12:03.135 | INFO     | agents.servers.serverDAE:train_on_clients:59 - Saved model for client 13 at epoch 270 -> saved_models/DAE/average/wsn_ds/epoch_270_client_13.pt
2025-09-30 07:12:03.418 | INFO     | agents.servers.serverDAE:train_on_clients:59 - Saved model for client 14 at epoch 270 -> saved_models/DAE/average/wsn_ds/epoch_270_client_14.pt
2025-09-30 07:12:03.703 | INFO     | agents.servers.serverDAE:train_on_clients:59 - Saved model for client 15 at epoch 270 -> saved_models/DAE/average/wsn_ds/epoch_270_client_15.pt
2025-09-30 07:12:03.984 | INFO     | agents.servers.serverDAE:train_on_clients:59 - Saved model for client 16 at epoch 270 -> saved_models/DAE/average/wsn_ds/epoch_270_client_16.pt
2025-09-30 07:12:04.268 | INFO     | agents.servers.serverDAE:train_on_clients:59 - Saved model for client 17 at epoch 270 -> saved_models/DAE/average/wsn_ds/epoch_270_client_17.pt
2025-09-30 07:12:04.553 | INFO     | agents.servers.serverDAE:train_on_clients:59 - Saved model for client 18 at epoch 270 -> saved_models/DAE/average/wsn_ds/epoch_270_client_18.pt
2025-09-30 07:12:04.836 | INFO     | agents.servers.serverDAE:train_on_clients:43 - Client 19 gets new best val_loss at epoch #270: 0.000555
2025-09-30 07:12:04.838 | INFO     | agents.servers.serverDAE:train_on_clients:59 - Saved model for client 19 at epoch 270 -> saved_models/DAE/average/wsn_ds/epoch_270_client_19.pt
2025-09-30 07:12:04.843 | INFO     | agents.servers.serverDAE:train_on_clients:65 - 20 clients still training at epoch #270
2025-09-30 07:12:04.862 | INFO     | agents.servers.serverDAE:train_on_clients:22 - Training DAE model epoch #271
2025-09-30 07:12:10.438 | INFO     | agents.servers.serverDAE:train_on_clients:65 - 20 clients still training at epoch #271
2025-09-30 07:12:10.457 | INFO     | agents.servers.serverDAE:train_on_clients:22 - Training DAE model epoch #272
2025-09-30 07:12:14.374 | INFO     | agents.servers.serverDAE:train_on_clients:43 - Client 13 gets new best val_loss at epoch #272: 0.000523
2025-09-30 07:12:16.070 | INFO     | agents.servers.serverDAE:train_on_clients:65 - 20 clients still training at epoch #272
2025-09-30 07:12:16.088 | INFO     | agents.servers.serverDAE:train_on_clients:22 - Training DAE model epoch #273
2025-09-30 07:12:19.164 | INFO     | agents.servers.serverDAE:train_on_clients:43 - Client 10 gets new best val_loss at epoch #273: 0.000501
2025-09-30 07:12:21.707 | INFO     | agents.servers.serverDAE:train_on_clients:65 - 20 clients still training at epoch #273
2025-09-30 07:12:21.726 | INFO     | agents.servers.serverDAE:train_on_clients:22 - Training DAE model epoch #274
2025-09-30 07:12:26.581 | INFO     | agents.servers.serverDAE:train_on_clients:43 - Client 16 gets new best val_loss at epoch #274: 0.000549
2025-09-30 07:12:27.444 | INFO     | agents.servers.serverDAE:train_on_clients:65 - 20 clients still training at epoch #274
2025-09-30 07:12:27.463 | INFO     | agents.servers.serverDAE:train_on_clients:22 - Training DAE model epoch #275
2025-09-30 07:12:27.748 | INFO     | agents.servers.serverDAE:train_on_clients:43 - Client 0 gets new best val_loss at epoch #275: 0.000569
2025-09-30 07:12:33.217 | INFO     | agents.servers.serverDAE:train_on_clients:65 - 20 clients still training at epoch #275
2025-09-30 07:12:33.236 | INFO     | agents.servers.serverDAE:train_on_clients:22 - Training DAE model epoch #276
2025-09-30 07:12:33.522 | INFO     | agents.servers.serverDAE:train_on_clients:43 - Client 0 gets new best val_loss at epoch #276: 0.000561
2025-09-30 07:12:38.949 | INFO     | agents.servers.serverDAE:train_on_clients:65 - 20 clients still training at epoch #276
2025-09-30 07:12:38.968 | INFO     | agents.servers.serverDAE:train_on_clients:22 - Training DAE model epoch #277
2025-09-30 07:12:44.704 | INFO     | agents.servers.serverDAE:train_on_clients:43 - Client 19 gets new best val_loss at epoch #277: 0.000524
2025-09-30 07:12:44.709 | INFO     | agents.servers.serverDAE:train_on_clients:65 - 20 clients still training at epoch #277
2025-09-30 07:12:44.728 | INFO     | agents.servers.serverDAE:train_on_clients:22 - Training DAE model epoch #278
2025-09-30 07:12:50.388 | INFO     | agents.servers.serverDAE:train_on_clients:65 - 20 clients still training at epoch #278
2025-09-30 07:12:50.406 | INFO     | agents.servers.serverDAE:train_on_clients:22 - Training DAE model epoch #279
2025-09-30 07:12:56.156 | INFO     | agents.servers.serverDAE:train_on_clients:65 - 20 clients still training at epoch #279
2025-09-30 07:12:56.175 | INFO     | agents.servers.serverDAE:train_on_clients:22 - Training DAE model epoch #280
2025-09-30 07:12:56.472 | INFO     | agents.servers.serverDAE:train_on_clients:59 - Saved model for client 0 at epoch 280 -> saved_models/DAE/average/wsn_ds/epoch_280_client_0.pt
2025-09-30 07:12:56.764 | INFO     | agents.servers.serverDAE:train_on_clients:59 - Saved model for client 1 at epoch 280 -> saved_models/DAE/average/wsn_ds/epoch_280_client_1.pt
2025-09-30 07:12:57.050 | INFO     | agents.servers.serverDAE:train_on_clients:59 - Saved model for client 2 at epoch 280 -> saved_models/DAE/average/wsn_ds/epoch_280_client_2.pt
2025-09-30 07:12:57.338 | INFO     | agents.servers.serverDAE:train_on_clients:59 - Saved model for client 3 at epoch 280 -> saved_models/DAE/average/wsn_ds/epoch_280_client_3.pt
2025-09-30 07:12:57.629 | INFO     | agents.servers.serverDAE:train_on_clients:59 - Saved model for client 4 at epoch 280 -> saved_models/DAE/average/wsn_ds/epoch_280_client_4.pt
2025-09-30 07:12:57.917 | INFO     | agents.servers.serverDAE:train_on_clients:59 - Saved model for client 5 at epoch 280 -> saved_models/DAE/average/wsn_ds/epoch_280_client_5.pt
2025-09-30 07:12:58.207 | INFO     | agents.servers.serverDAE:train_on_clients:59 - Saved model for client 6 at epoch 280 -> saved_models/DAE/average/wsn_ds/epoch_280_client_6.pt
2025-09-30 07:12:58.495 | INFO     | agents.servers.serverDAE:train_on_clients:59 - Saved model for client 7 at epoch 280 -> saved_models/DAE/average/wsn_ds/epoch_280_client_7.pt
2025-09-30 07:12:58.786 | INFO     | agents.servers.serverDAE:train_on_clients:59 - Saved model for client 8 at epoch 280 -> saved_models/DAE/average/wsn_ds/epoch_280_client_8.pt
2025-09-30 07:12:59.080 | INFO     | agents.servers.serverDAE:train_on_clients:59 - Saved model for client 9 at epoch 280 -> saved_models/DAE/average/wsn_ds/epoch_280_client_9.pt
2025-09-30 07:12:59.371 | INFO     | agents.servers.serverDAE:train_on_clients:59 - Saved model for client 10 at epoch 280 -> saved_models/DAE/average/wsn_ds/epoch_280_client_10.pt
2025-09-30 07:12:59.659 | INFO     | agents.servers.serverDAE:train_on_clients:59 - Saved model for client 11 at epoch 280 -> saved_models/DAE/average/wsn_ds/epoch_280_client_11.pt
2025-09-30 07:12:59.943 | INFO     | agents.servers.serverDAE:train_on_clients:59 - Saved model for client 12 at epoch 280 -> saved_models/DAE/average/wsn_ds/epoch_280_client_12.pt
2025-09-30 07:13:00.231 | INFO     | agents.servers.serverDAE:train_on_clients:59 - Saved model for client 13 at epoch 280 -> saved_models/DAE/average/wsn_ds/epoch_280_client_13.pt
2025-09-30 07:13:00.518 | INFO     | agents.servers.serverDAE:train_on_clients:59 - Saved model for client 14 at epoch 280 -> saved_models/DAE/average/wsn_ds/epoch_280_client_14.pt
2025-09-30 07:13:00.805 | INFO     | agents.servers.serverDAE:train_on_clients:59 - Saved model for client 15 at epoch 280 -> saved_models/DAE/average/wsn_ds/epoch_280_client_15.pt
2025-09-30 07:13:01.092 | INFO     | agents.servers.serverDAE:train_on_clients:43 - Client 16 gets new best val_loss at epoch #280: 0.000543
2025-09-30 07:13:01.094 | INFO     | agents.servers.serverDAE:train_on_clients:59 - Saved model for client 16 at epoch 280 -> saved_models/DAE/average/wsn_ds/epoch_280_client_16.pt
2025-09-30 07:13:01.381 | INFO     | agents.servers.serverDAE:train_on_clients:59 - Saved model for client 17 at epoch 280 -> saved_models/DAE/average/wsn_ds/epoch_280_client_17.pt
2025-09-30 07:13:01.668 | INFO     | agents.servers.serverDAE:train_on_clients:59 - Saved model for client 18 at epoch 280 -> saved_models/DAE/average/wsn_ds/epoch_280_client_18.pt
2025-09-30 07:13:01.953 | INFO     | agents.servers.serverDAE:train_on_clients:59 - Saved model for client 19 at epoch 280 -> saved_models/DAE/average/wsn_ds/epoch_280_client_19.pt
2025-09-30 07:13:01.958 | INFO     | agents.servers.serverDAE:train_on_clients:65 - 20 clients still training at epoch #280
2025-09-30 07:13:01.976 | INFO     | agents.servers.serverDAE:train_on_clients:22 - Training DAE model epoch #281
2025-09-30 07:13:02.546 | INFO     | agents.servers.serverDAE:train_on_clients:43 - Client 1 gets new best val_loss at epoch #281: 0.000615
2025-09-30 07:13:03.407 | INFO     | agents.servers.serverDAE:train_on_clients:43 - Client 4 gets new best val_loss at epoch #281: 0.000549
2025-09-30 07:13:07.718 | INFO     | agents.servers.serverDAE:train_on_clients:65 - 20 clients still training at epoch #281
2025-09-30 07:13:07.737 | INFO     | agents.servers.serverDAE:train_on_clients:22 - Training DAE model epoch #282
2025-09-30 07:13:13.191 | INFO     | agents.servers.serverDAE:train_on_clients:43 - Client 18 gets new best val_loss at epoch #282: 0.000499
2025-09-30 07:13:13.486 | INFO     | agents.servers.serverDAE:train_on_clients:65 - 20 clients still training at epoch #282
2025-09-30 07:13:13.505 | INFO     | agents.servers.serverDAE:train_on_clients:22 - Training DAE model epoch #283
2025-09-30 07:13:19.232 | INFO     | agents.servers.serverDAE:train_on_clients:65 - 20 clients still training at epoch #283
2025-09-30 07:13:19.250 | INFO     | agents.servers.serverDAE:train_on_clients:22 - Training DAE model epoch #284
2025-09-30 07:13:24.977 | INFO     | agents.servers.serverDAE:train_on_clients:65 - 20 clients still training at epoch #284
2025-09-30 07:13:24.995 | INFO     | agents.servers.serverDAE:train_on_clients:22 - Training DAE model epoch #285
2025-09-30 07:13:27.855 | INFO     | agents.servers.serverDAE:train_on_clients:43 - Client 9 gets new best val_loss at epoch #285: 0.000496
2025-09-30 07:13:30.640 | INFO     | agents.servers.serverDAE:train_on_clients:65 - 20 clients still training at epoch #285
2025-09-30 07:13:30.658 | INFO     | agents.servers.serverDAE:train_on_clients:22 - Training DAE model epoch #286
2025-09-30 07:13:33.717 | INFO     | agents.servers.serverDAE:train_on_clients:43 - Client 10 gets new best val_loss at epoch #286: 0.000497
2025-09-30 07:13:36.295 | INFO     | agents.servers.serverDAE:train_on_clients:65 - 20 clients still training at epoch #286
2025-09-30 07:13:36.313 | INFO     | agents.servers.serverDAE:train_on_clients:22 - Training DAE model epoch #287
2025-09-30 07:13:37.779 | INFO     | agents.servers.serverDAE:train_on_clients:43 - Client 4 gets new best val_loss at epoch #287: 0.000546
2025-09-30 07:13:42.104 | INFO     | agents.servers.serverDAE:train_on_clients:65 - 20 clients still training at epoch #287
2025-09-30 07:13:42.123 | INFO     | agents.servers.serverDAE:train_on_clients:22 - Training DAE model epoch #288
2025-09-30 07:13:43.542 | INFO     | agents.servers.serverDAE:train_on_clients:43 - Client 4 gets new best val_loss at epoch #288: 0.000538
2025-09-30 07:13:44.401 | INFO     | agents.servers.serverDAE:train_on_clients:43 - Client 7 gets new best val_loss at epoch #288: 0.000521
2025-09-30 07:13:46.390 | INFO     | agents.servers.serverDAE:train_on_clients:43 - Client 14 gets new best val_loss at epoch #288: 0.000491
2025-09-30 07:13:47.829 | INFO     | agents.servers.serverDAE:train_on_clients:65 - 20 clients still training at epoch #288
2025-09-30 07:13:47.847 | INFO     | agents.servers.serverDAE:train_on_clients:22 - Training DAE model epoch #289
2025-09-30 07:13:53.574 | INFO     | agents.servers.serverDAE:train_on_clients:65 - 20 clients still training at epoch #289
2025-09-30 07:13:53.593 | INFO     | agents.servers.serverDAE:train_on_clients:22 - Training DAE model epoch #290
2025-09-30 07:13:53.880 | INFO     | agents.servers.serverDAE:train_on_clients:59 - Saved model for client 0 at epoch 290 -> saved_models/DAE/average/wsn_ds/epoch_290_client_0.pt
2025-09-30 07:13:54.169 | INFO     | agents.servers.serverDAE:train_on_clients:59 - Saved model for client 1 at epoch 290 -> saved_models/DAE/average/wsn_ds/epoch_290_client_1.pt
2025-09-30 07:13:54.457 | INFO     | agents.servers.serverDAE:train_on_clients:59 - Saved model for client 2 at epoch 290 -> saved_models/DAE/average/wsn_ds/epoch_290_client_2.pt
2025-09-30 07:13:54.747 | INFO     | agents.servers.serverDAE:train_on_clients:59 - Saved model for client 3 at epoch 290 -> saved_models/DAE/average/wsn_ds/epoch_290_client_3.pt
2025-09-30 07:13:55.036 | INFO     | agents.servers.serverDAE:train_on_clients:59 - Saved model for client 4 at epoch 290 -> saved_models/DAE/average/wsn_ds/epoch_290_client_4.pt
2025-09-30 07:13:55.325 | INFO     | agents.servers.serverDAE:train_on_clients:59 - Saved model for client 5 at epoch 290 -> saved_models/DAE/average/wsn_ds/epoch_290_client_5.pt
2025-09-30 07:13:55.613 | INFO     | agents.servers.serverDAE:train_on_clients:59 - Saved model for client 6 at epoch 290 -> saved_models/DAE/average/wsn_ds/epoch_290_client_6.pt
2025-09-30 07:13:55.902 | INFO     | agents.servers.serverDAE:train_on_clients:59 - Saved model for client 7 at epoch 290 -> saved_models/DAE/average/wsn_ds/epoch_290_client_7.pt
2025-09-30 07:13:56.188 | INFO     | agents.servers.serverDAE:train_on_clients:59 - Saved model for client 8 at epoch 290 -> saved_models/DAE/average/wsn_ds/epoch_290_client_8.pt
2025-09-30 07:13:56.478 | INFO     | agents.servers.serverDAE:train_on_clients:59 - Saved model for client 9 at epoch 290 -> saved_models/DAE/average/wsn_ds/epoch_290_client_9.pt
2025-09-30 07:13:56.763 | INFO     | agents.servers.serverDAE:train_on_clients:59 - Saved model for client 10 at epoch 290 -> saved_models/DAE/average/wsn_ds/epoch_290_client_10.pt
2025-09-30 07:13:57.051 | INFO     | agents.servers.serverDAE:train_on_clients:59 - Saved model for client 11 at epoch 290 -> saved_models/DAE/average/wsn_ds/epoch_290_client_11.pt
2025-09-30 07:13:57.340 | INFO     | agents.servers.serverDAE:train_on_clients:59 - Saved model for client 12 at epoch 290 -> saved_models/DAE/average/wsn_ds/epoch_290_client_12.pt
2025-09-30 07:13:57.628 | INFO     | agents.servers.serverDAE:train_on_clients:59 - Saved model for client 13 at epoch 290 -> saved_models/DAE/average/wsn_ds/epoch_290_client_13.pt
2025-09-30 07:13:57.914 | INFO     | agents.servers.serverDAE:train_on_clients:59 - Saved model for client 14 at epoch 290 -> saved_models/DAE/average/wsn_ds/epoch_290_client_14.pt
2025-09-30 07:13:58.203 | INFO     | agents.servers.serverDAE:train_on_clients:59 - Saved model for client 15 at epoch 290 -> saved_models/DAE/average/wsn_ds/epoch_290_client_15.pt
2025-09-30 07:13:58.491 | INFO     | agents.servers.serverDAE:train_on_clients:43 - Client 16 gets new best val_loss at epoch #290: 0.000536
2025-09-30 07:13:58.493 | INFO     | agents.servers.serverDAE:train_on_clients:59 - Saved model for client 16 at epoch 290 -> saved_models/DAE/average/wsn_ds/epoch_290_client_16.pt
2025-09-30 07:13:58.782 | INFO     | agents.servers.serverDAE:train_on_clients:59 - Saved model for client 17 at epoch 290 -> saved_models/DAE/average/wsn_ds/epoch_290_client_17.pt
2025-09-30 07:13:59.068 | INFO     | agents.servers.serverDAE:train_on_clients:59 - Saved model for client 18 at epoch 290 -> saved_models/DAE/average/wsn_ds/epoch_290_client_18.pt
2025-09-30 07:13:59.358 | INFO     | agents.servers.serverDAE:train_on_clients:59 - Saved model for client 19 at epoch 290 -> saved_models/DAE/average/wsn_ds/epoch_290_client_19.pt
2025-09-30 07:13:59.363 | INFO     | agents.servers.serverDAE:train_on_clients:65 - 20 clients still training at epoch #290
2025-09-30 07:13:59.382 | INFO     | agents.servers.serverDAE:train_on_clients:22 - Training DAE model epoch #291
2025-09-30 07:14:00.810 | INFO     | agents.servers.serverDAE:train_on_clients:43 - Client 4 gets new best val_loss at epoch #291: 0.000538
2025-09-30 07:14:05.187 | INFO     | agents.servers.serverDAE:train_on_clients:65 - 20 clients still training at epoch #291
2025-09-30 07:14:05.206 | INFO     | agents.servers.serverDAE:train_on_clients:22 - Training DAE model epoch #292
2025-09-30 07:14:09.527 | INFO     | agents.servers.serverDAE:train_on_clients:43 - Client 14 gets new best val_loss at epoch #292: 0.000483
2025-09-30 07:14:10.938 | INFO     | agents.servers.serverDAE:train_on_clients:65 - 20 clients still training at epoch #292
2025-09-30 07:14:10.957 | INFO     | agents.servers.serverDAE:train_on_clients:22 - Training DAE model epoch #293
2025-09-30 07:14:14.884 | INFO     | agents.servers.serverDAE:train_on_clients:43 - Client 13 gets new best val_loss at epoch #293: 0.000510
2025-09-30 07:14:16.599 | INFO     | agents.servers.serverDAE:train_on_clients:65 - 20 clients still training at epoch #293
2025-09-30 07:14:16.618 | INFO     | agents.servers.serverDAE:train_on_clients:22 - Training DAE model epoch #294
2025-09-30 07:14:22.409 | INFO     | agents.servers.serverDAE:train_on_clients:65 - 20 clients still training at epoch #294
2025-09-30 07:14:22.427 | INFO     | agents.servers.serverDAE:train_on_clients:22 - Training DAE model epoch #295
2025-09-30 07:14:28.148 | INFO     | agents.servers.serverDAE:train_on_clients:65 - 20 clients still training at epoch #295
2025-09-30 07:14:28.167 | INFO     | agents.servers.serverDAE:train_on_clients:22 - Training DAE model epoch #296
2025-09-30 07:14:28.737 | INFO     | agents.servers.serverDAE:train_on_clients:43 - Client 1 gets new best val_loss at epoch #296: 0.000612
2025-09-30 07:14:33.921 | INFO     | agents.servers.serverDAE:train_on_clients:65 - 20 clients still training at epoch #296
2025-09-30 07:14:33.940 | INFO     | agents.servers.serverDAE:train_on_clients:22 - Training DAE model epoch #297
2025-09-30 07:14:39.690 | INFO     | agents.servers.serverDAE:train_on_clients:65 - 20 clients still training at epoch #297
2025-09-30 07:14:39.709 | INFO     | agents.servers.serverDAE:train_on_clients:22 - Training DAE model epoch #298
2025-09-30 07:14:41.703 | INFO     | agents.servers.serverDAE:train_on_clients:43 - Client 6 gets new best val_loss at epoch #298: 0.000494
2025-09-30 07:14:45.422 | INFO     | agents.servers.serverDAE:train_on_clients:65 - 20 clients still training at epoch #298
2025-09-30 07:14:45.440 | INFO     | agents.servers.serverDAE:train_on_clients:22 - Training DAE model epoch #299
2025-09-30 07:14:51.104 | INFO     | agents.servers.serverDAE:train_on_clients:65 - 20 clients still training at epoch #299
2025-09-30 07:14:51.123 | INFO     | agents.servers.serverDAE:train_on_clients:22 - Training DAE model epoch #300
2025-09-30 07:14:51.398 | INFO     | agents.servers.serverDAE:train_on_clients:59 - Saved model for client 0 at epoch 300 -> saved_models/DAE/average/wsn_ds/epoch_300_client_0.pt
2025-09-30 07:14:51.680 | INFO     | agents.servers.serverDAE:train_on_clients:59 - Saved model for client 1 at epoch 300 -> saved_models/DAE/average/wsn_ds/epoch_300_client_1.pt
2025-09-30 07:14:51.962 | INFO     | agents.servers.serverDAE:train_on_clients:59 - Saved model for client 2 at epoch 300 -> saved_models/DAE/average/wsn_ds/epoch_300_client_2.pt
2025-09-30 07:14:52.242 | INFO     | agents.servers.serverDAE:train_on_clients:59 - Saved model for client 3 at epoch 300 -> saved_models/DAE/average/wsn_ds/epoch_300_client_3.pt
2025-09-30 07:14:52.520 | INFO     | agents.servers.serverDAE:train_on_clients:59 - Saved model for client 4 at epoch 300 -> saved_models/DAE/average/wsn_ds/epoch_300_client_4.pt
2025-09-30 07:14:52.801 | INFO     | agents.servers.serverDAE:train_on_clients:59 - Saved model for client 5 at epoch 300 -> saved_models/DAE/average/wsn_ds/epoch_300_client_5.pt
2025-09-30 07:14:53.081 | INFO     | agents.servers.serverDAE:train_on_clients:59 - Saved model for client 6 at epoch 300 -> saved_models/DAE/average/wsn_ds/epoch_300_client_6.pt
2025-09-30 07:14:53.363 | INFO     | agents.servers.serverDAE:train_on_clients:59 - Saved model for client 7 at epoch 300 -> saved_models/DAE/average/wsn_ds/epoch_300_client_7.pt
2025-09-30 07:14:53.642 | INFO     | agents.servers.serverDAE:train_on_clients:59 - Saved model for client 8 at epoch 300 -> saved_models/DAE/average/wsn_ds/epoch_300_client_8.pt
2025-09-30 07:14:53.917 | INFO     | agents.servers.serverDAE:train_on_clients:59 - Saved model for client 9 at epoch 300 -> saved_models/DAE/average/wsn_ds/epoch_300_client_9.pt
2025-09-30 07:14:54.196 | INFO     | agents.servers.serverDAE:train_on_clients:59 - Saved model for client 10 at epoch 300 -> saved_models/DAE/average/wsn_ds/epoch_300_client_10.pt
2025-09-30 07:14:54.474 | INFO     | agents.servers.serverDAE:train_on_clients:59 - Saved model for client 11 at epoch 300 -> saved_models/DAE/average/wsn_ds/epoch_300_client_11.pt
2025-09-30 07:14:54.755 | INFO     | agents.servers.serverDAE:train_on_clients:59 - Saved model for client 12 at epoch 300 -> saved_models/DAE/average/wsn_ds/epoch_300_client_12.pt
2025-09-30 07:14:55.035 | INFO     | agents.servers.serverDAE:train_on_clients:59 - Saved model for client 13 at epoch 300 -> saved_models/DAE/average/wsn_ds/epoch_300_client_13.pt
2025-09-30 07:14:55.322 | INFO     | agents.servers.serverDAE:train_on_clients:59 - Saved model for client 14 at epoch 300 -> saved_models/DAE/average/wsn_ds/epoch_300_client_14.pt
2025-09-30 07:14:55.609 | INFO     | agents.servers.serverDAE:train_on_clients:59 - Saved model for client 15 at epoch 300 -> saved_models/DAE/average/wsn_ds/epoch_300_client_15.pt
2025-09-30 07:14:55.900 | INFO     | agents.servers.serverDAE:train_on_clients:59 - Saved model for client 16 at epoch 300 -> saved_models/DAE/average/wsn_ds/epoch_300_client_16.pt
2025-09-30 07:14:56.188 | INFO     | agents.servers.serverDAE:train_on_clients:59 - Saved model for client 17 at epoch 300 -> saved_models/DAE/average/wsn_ds/epoch_300_client_17.pt
2025-09-30 07:14:56.477 | INFO     | agents.servers.serverDAE:train_on_clients:59 - Saved model for client 18 at epoch 300 -> saved_models/DAE/average/wsn_ds/epoch_300_client_18.pt
2025-09-30 07:14:56.764 | INFO     | agents.servers.serverDAE:train_on_clients:59 - Saved model for client 19 at epoch 300 -> saved_models/DAE/average/wsn_ds/epoch_300_client_19.pt
2025-09-30 07:14:56.770 | INFO     | agents.servers.serverDAE:train_on_clients:65 - 20 clients still training at epoch #300
2025-09-30 07:14:56.788 | INFO     | agents.servers.serverDAE:train_on_clients:22 - Training DAE model epoch #301
2025-09-30 07:14:59.917 | INFO     | agents.servers.serverDAE:train_on_clients:43 - Client 10 gets new best val_loss at epoch #301: 0.000493
2025-09-30 07:15:02.502 | INFO     | agents.servers.serverDAE:train_on_clients:65 - 20 clients still training at epoch #301
2025-09-30 07:15:02.521 | INFO     | agents.servers.serverDAE:train_on_clients:22 - Training DAE model epoch #302
2025-09-30 07:15:08.286 | INFO     | agents.servers.serverDAE:train_on_clients:65 - 20 clients still training at epoch #302
2025-09-30 07:15:08.304 | INFO     | agents.servers.serverDAE:train_on_clients:22 - Training DAE model epoch #303
2025-09-30 07:15:09.478 | INFO     | agents.servers.serverDAE:train_on_clients:43 - Client 3 gets new best val_loss at epoch #303: 0.000508
2025-09-30 07:15:14.120 | INFO     | agents.servers.serverDAE:train_on_clients:65 - 20 clients still training at epoch #303
2025-09-30 07:15:14.139 | INFO     | agents.servers.serverDAE:train_on_clients:22 - Training DAE model epoch #304
2025-09-30 07:15:19.886 | INFO     | agents.servers.serverDAE:train_on_clients:65 - 20 clients still training at epoch #304
2025-09-30 07:15:19.905 | INFO     | agents.servers.serverDAE:train_on_clients:22 - Training DAE model epoch #305
2025-09-30 07:15:25.617 | INFO     | agents.servers.serverDAE:train_on_clients:65 - 20 clients still training at epoch #305
2025-09-30 07:15:25.636 | INFO     | agents.servers.serverDAE:train_on_clients:22 - Training DAE model epoch #306
2025-09-30 07:15:30.202 | INFO     | agents.servers.serverDAE:train_on_clients:43 - Client 15 gets new best val_loss at epoch #306: 0.000513
2025-09-30 07:15:31.333 | INFO     | agents.servers.serverDAE:train_on_clients:65 - 20 clients still training at epoch #306
2025-09-30 07:15:31.352 | INFO     | agents.servers.serverDAE:train_on_clients:22 - Training DAE model epoch #307
2025-09-30 07:15:33.034 | INFO     | agents.servers.serverDAE:train_on_clients:43 - Client 5 gets new best val_loss at epoch #307: 0.000510
2025-09-30 07:15:36.990 | INFO     | agents.servers.serverDAE:train_on_clients:65 - 20 clients still training at epoch #307
2025-09-30 07:15:37.008 | INFO     | agents.servers.serverDAE:train_on_clients:22 - Training DAE model epoch #308
2025-09-30 07:15:42.744 | INFO     | agents.servers.serverDAE:train_on_clients:65 - 20 clients still training at epoch #308
2025-09-30 07:15:42.763 | INFO     | agents.servers.serverDAE:train_on_clients:22 - Training DAE model epoch #309
2025-09-30 07:15:48.522 | INFO     | agents.servers.serverDAE:train_on_clients:65 - 20 clients still training at epoch #309
2025-09-30 07:15:48.540 | INFO     | agents.servers.serverDAE:train_on_clients:22 - Training DAE model epoch #310
2025-09-30 07:15:48.826 | INFO     | agents.servers.serverDAE:train_on_clients:59 - Saved model for client 0 at epoch 310 -> saved_models/DAE/average/wsn_ds/epoch_310_client_0.pt
2025-09-30 07:15:49.125 | INFO     | agents.servers.serverDAE:train_on_clients:59 - Saved model for client 1 at epoch 310 -> saved_models/DAE/average/wsn_ds/epoch_310_client_1.pt
2025-09-30 07:15:49.427 | INFO     | agents.servers.serverDAE:train_on_clients:59 - Saved model for client 2 at epoch 310 -> saved_models/DAE/average/wsn_ds/epoch_310_client_2.pt
2025-09-30 07:15:49.720 | INFO     | agents.servers.serverDAE:train_on_clients:59 - Saved model for client 3 at epoch 310 -> saved_models/DAE/average/wsn_ds/epoch_310_client_3.pt
2025-09-30 07:15:50.005 | INFO     | agents.servers.serverDAE:train_on_clients:59 - Saved model for client 4 at epoch 310 -> saved_models/DAE/average/wsn_ds/epoch_310_client_4.pt
2025-09-30 07:15:50.292 | INFO     | agents.servers.serverDAE:train_on_clients:59 - Saved model for client 5 at epoch 310 -> saved_models/DAE/average/wsn_ds/epoch_310_client_5.pt
2025-09-30 07:15:50.580 | INFO     | agents.servers.serverDAE:train_on_clients:59 - Saved model for client 6 at epoch 310 -> saved_models/DAE/average/wsn_ds/epoch_310_client_6.pt
2025-09-30 07:15:50.861 | INFO     | agents.servers.serverDAE:train_on_clients:59 - Saved model for client 7 at epoch 310 -> saved_models/DAE/average/wsn_ds/epoch_310_client_7.pt
2025-09-30 07:15:51.146 | INFO     | agents.servers.serverDAE:train_on_clients:59 - Saved model for client 8 at epoch 310 -> saved_models/DAE/average/wsn_ds/epoch_310_client_8.pt
2025-09-30 07:15:51.433 | INFO     | agents.servers.serverDAE:train_on_clients:59 - Saved model for client 9 at epoch 310 -> saved_models/DAE/average/wsn_ds/epoch_310_client_9.pt
2025-09-30 07:15:51.720 | INFO     | agents.servers.serverDAE:train_on_clients:59 - Saved model for client 10 at epoch 310 -> saved_models/DAE/average/wsn_ds/epoch_310_client_10.pt
2025-09-30 07:15:52.011 | INFO     | agents.servers.serverDAE:train_on_clients:59 - Saved model for client 11 at epoch 310 -> saved_models/DAE/average/wsn_ds/epoch_310_client_11.pt
2025-09-30 07:15:52.298 | INFO     | agents.servers.serverDAE:train_on_clients:59 - Saved model for client 12 at epoch 310 -> saved_models/DAE/average/wsn_ds/epoch_310_client_12.pt
2025-09-30 07:15:52.588 | INFO     | agents.servers.serverDAE:train_on_clients:59 - Saved model for client 13 at epoch 310 -> saved_models/DAE/average/wsn_ds/epoch_310_client_13.pt
2025-09-30 07:15:52.875 | INFO     | agents.servers.serverDAE:train_on_clients:59 - Saved model for client 14 at epoch 310 -> saved_models/DAE/average/wsn_ds/epoch_310_client_14.pt
2025-09-30 07:15:53.163 | INFO     | agents.servers.serverDAE:train_on_clients:59 - Saved model for client 15 at epoch 310 -> saved_models/DAE/average/wsn_ds/epoch_310_client_15.pt
2025-09-30 07:15:53.450 | INFO     | agents.servers.serverDAE:train_on_clients:59 - Saved model for client 16 at epoch 310 -> saved_models/DAE/average/wsn_ds/epoch_310_client_16.pt
2025-09-30 07:15:53.739 | INFO     | agents.servers.serverDAE:train_on_clients:59 - Saved model for client 17 at epoch 310 -> saved_models/DAE/average/wsn_ds/epoch_310_client_17.pt
2025-09-30 07:15:54.022 | INFO     | agents.servers.serverDAE:train_on_clients:59 - Saved model for client 18 at epoch 310 -> saved_models/DAE/average/wsn_ds/epoch_310_client_18.pt
2025-09-30 07:15:54.311 | INFO     | agents.servers.serverDAE:train_on_clients:59 - Saved model for client 19 at epoch 310 -> saved_models/DAE/average/wsn_ds/epoch_310_client_19.pt
2025-09-30 07:15:54.316 | INFO     | agents.servers.serverDAE:train_on_clients:65 - 20 clients still training at epoch #310
2025-09-30 07:15:54.335 | INFO     | agents.servers.serverDAE:train_on_clients:22 - Training DAE model epoch #311
2025-09-30 07:15:58.096 | INFO     | agents.servers.serverDAE:train_on_clients:43 - Client 12 gets new best val_loss at epoch #311: 0.000483
2025-09-30 07:15:59.815 | INFO     | agents.servers.serverDAE:train_on_clients:43 - Client 18 gets new best val_loss at epoch #311: 0.000498
2025-09-30 07:16:00.108 | INFO     | agents.servers.serverDAE:train_on_clients:65 - 20 clients still training at epoch #311
2025-09-30 07:16:00.127 | INFO     | agents.servers.serverDAE:train_on_clients:22 - Training DAE model epoch #312
2025-09-30 07:16:05.853 | INFO     | agents.servers.serverDAE:train_on_clients:65 - 20 clients still training at epoch #312
2025-09-30 07:16:05.871 | INFO     | agents.servers.serverDAE:train_on_clients:22 - Training DAE model epoch #313
2025-09-30 07:16:11.309 | INFO     | agents.servers.serverDAE:train_on_clients:43 - Client 18 gets new best val_loss at epoch #313: 0.000497
2025-09-30 07:16:11.607 | INFO     | agents.servers.serverDAE:train_on_clients:65 - 20 clients still training at epoch #313
2025-09-30 07:16:11.626 | INFO     | agents.servers.serverDAE:train_on_clients:22 - Training DAE model epoch #314
2025-09-30 07:16:12.481 | INFO     | agents.servers.serverDAE:train_on_clients:43 - Client 2 gets new best val_loss at epoch #314: 0.000477
2025-09-30 07:16:13.615 | INFO     | agents.servers.serverDAE:train_on_clients:43 - Client 6 gets new best val_loss at epoch #314: 0.000481
2025-09-30 07:16:17.347 | INFO     | agents.servers.serverDAE:train_on_clients:65 - 20 clients still training at epoch #314
2025-09-30 07:16:17.365 | INFO     | agents.servers.serverDAE:train_on_clients:22 - Training DAE model epoch #315
2025-09-30 07:16:18.806 | INFO     | agents.servers.serverDAE:train_on_clients:43 - Client 4 gets new best val_loss at epoch #315: 0.000532
2025-09-30 07:16:23.087 | INFO     | agents.servers.serverDAE:train_on_clients:65 - 20 clients still training at epoch #315
2025-09-30 07:16:23.105 | INFO     | agents.servers.serverDAE:train_on_clients:22 - Training DAE model epoch #316
2025-09-30 07:16:28.761 | INFO     | agents.servers.serverDAE:train_on_clients:65 - 20 clients still training at epoch #316
2025-09-30 07:16:28.779 | INFO     | agents.servers.serverDAE:train_on_clients:22 - Training DAE model epoch #317
2025-09-30 07:16:34.494 | INFO     | agents.servers.serverDAE:train_on_clients:65 - 20 clients still training at epoch #317
2025-09-30 07:16:34.513 | INFO     | agents.servers.serverDAE:train_on_clients:22 - Training DAE model epoch #318
2025-09-30 07:16:40.245 | INFO     | agents.servers.serverDAE:train_on_clients:65 - 20 clients still training at epoch #318
2025-09-30 07:16:40.264 | INFO     | agents.servers.serverDAE:train_on_clients:22 - Training DAE model epoch #319
2025-09-30 07:16:45.980 | INFO     | agents.servers.serverDAE:train_on_clients:65 - 20 clients still training at epoch #319
2025-09-30 07:16:45.998 | INFO     | agents.servers.serverDAE:train_on_clients:22 - Training DAE model epoch #320
2025-09-30 07:16:46.281 | INFO     | agents.servers.serverDAE:train_on_clients:59 - Saved model for client 0 at epoch 320 -> saved_models/DAE/average/wsn_ds/epoch_320_client_0.pt
2025-09-30 07:16:46.566 | INFO     | agents.servers.serverDAE:train_on_clients:59 - Saved model for client 1 at epoch 320 -> saved_models/DAE/average/wsn_ds/epoch_320_client_1.pt
2025-09-30 07:16:46.853 | INFO     | agents.servers.serverDAE:train_on_clients:59 - Saved model for client 2 at epoch 320 -> saved_models/DAE/average/wsn_ds/epoch_320_client_2.pt
2025-09-30 07:16:47.145 | INFO     | agents.servers.serverDAE:train_on_clients:59 - Saved model for client 3 at epoch 320 -> saved_models/DAE/average/wsn_ds/epoch_320_client_3.pt
2025-09-30 07:16:47.434 | INFO     | agents.servers.serverDAE:train_on_clients:59 - Saved model for client 4 at epoch 320 -> saved_models/DAE/average/wsn_ds/epoch_320_client_4.pt
2025-09-30 07:16:47.718 | INFO     | agents.servers.serverDAE:train_on_clients:59 - Saved model for client 5 at epoch 320 -> saved_models/DAE/average/wsn_ds/epoch_320_client_5.pt
2025-09-30 07:16:48.006 | INFO     | agents.servers.serverDAE:train_on_clients:59 - Saved model for client 6 at epoch 320 -> saved_models/DAE/average/wsn_ds/epoch_320_client_6.pt
2025-09-30 07:16:48.293 | INFO     | agents.servers.serverDAE:train_on_clients:59 - Saved model for client 7 at epoch 320 -> saved_models/DAE/average/wsn_ds/epoch_320_client_7.pt
2025-09-30 07:16:48.582 | INFO     | agents.servers.serverDAE:train_on_clients:59 - Saved model for client 8 at epoch 320 -> saved_models/DAE/average/wsn_ds/epoch_320_client_8.pt
2025-09-30 07:16:48.869 | INFO     | agents.servers.serverDAE:train_on_clients:59 - Saved model for client 9 at epoch 320 -> saved_models/DAE/average/wsn_ds/epoch_320_client_9.pt
2025-09-30 07:16:49.159 | INFO     | agents.servers.serverDAE:train_on_clients:59 - Saved model for client 10 at epoch 320 -> saved_models/DAE/average/wsn_ds/epoch_320_client_10.pt
2025-09-30 07:16:49.444 | INFO     | agents.servers.serverDAE:train_on_clients:59 - Saved model for client 11 at epoch 320 -> saved_models/DAE/average/wsn_ds/epoch_320_client_11.pt
2025-09-30 07:16:49.731 | INFO     | agents.servers.serverDAE:train_on_clients:59 - Saved model for client 12 at epoch 320 -> saved_models/DAE/average/wsn_ds/epoch_320_client_12.pt
2025-09-30 07:16:50.017 | INFO     | agents.servers.serverDAE:train_on_clients:59 - Saved model for client 13 at epoch 320 -> saved_models/DAE/average/wsn_ds/epoch_320_client_13.pt
2025-09-30 07:16:50.304 | INFO     | agents.servers.serverDAE:train_on_clients:59 - Saved model for client 14 at epoch 320 -> saved_models/DAE/average/wsn_ds/epoch_320_client_14.pt
2025-09-30 07:16:50.586 | INFO     | agents.servers.serverDAE:train_on_clients:59 - Saved model for client 15 at epoch 320 -> saved_models/DAE/average/wsn_ds/epoch_320_client_15.pt
2025-09-30 07:16:50.884 | INFO     | agents.servers.serverDAE:train_on_clients:59 - Saved model for client 16 at epoch 320 -> saved_models/DAE/average/wsn_ds/epoch_320_client_16.pt
2025-09-30 07:16:51.178 | INFO     | agents.servers.serverDAE:train_on_clients:59 - Saved model for client 17 at epoch 320 -> saved_models/DAE/average/wsn_ds/epoch_320_client_17.pt
2025-09-30 07:16:51.465 | INFO     | agents.servers.serverDAE:train_on_clients:59 - Saved model for client 18 at epoch 320 -> saved_models/DAE/average/wsn_ds/epoch_320_client_18.pt
2025-09-30 07:16:51.753 | INFO     | agents.servers.serverDAE:train_on_clients:59 - Saved model for client 19 at epoch 320 -> saved_models/DAE/average/wsn_ds/epoch_320_client_19.pt
2025-09-30 07:16:51.758 | INFO     | agents.servers.serverDAE:train_on_clients:65 - 20 clients still training at epoch #320
2025-09-30 07:16:51.777 | INFO     | agents.servers.serverDAE:train_on_clients:22 - Training DAE model epoch #321
2025-09-30 07:16:57.345 | INFO     | agents.servers.serverDAE:train_on_clients:65 - 20 clients still training at epoch #321
2025-09-30 07:16:57.363 | INFO     | agents.servers.serverDAE:train_on_clients:22 - Training DAE model epoch #322
2025-09-30 07:17:03.089 | INFO     | agents.servers.serverDAE:train_on_clients:65 - 20 clients still training at epoch #322
2025-09-30 07:17:03.107 | INFO     | agents.servers.serverDAE:train_on_clients:22 - Training DAE model epoch #323
2025-09-30 07:17:04.820 | INFO     | agents.servers.serverDAE:train_on_clients:43 - Client 5 gets new best val_loss at epoch #323: 0.000490
2025-09-30 07:17:08.858 | INFO     | agents.servers.serverDAE:train_on_clients:65 - 20 clients still training at epoch #323
2025-09-30 07:17:08.877 | INFO     | agents.servers.serverDAE:train_on_clients:22 - Training DAE model epoch #324
2025-09-30 07:17:14.639 | INFO     | agents.servers.serverDAE:train_on_clients:65 - 20 clients still training at epoch #324
2025-09-30 07:17:14.657 | INFO     | agents.servers.serverDAE:train_on_clients:22 - Training DAE model epoch #325
2025-09-30 07:17:14.936 | INFO     | agents.servers.serverDAE:train_on_clients:43 - Client 0 gets new best val_loss at epoch #325: 0.000556
2025-09-30 07:17:20.467 | INFO     | agents.servers.serverDAE:train_on_clients:65 - 20 clients still training at epoch #325
2025-09-30 07:17:20.486 | INFO     | agents.servers.serverDAE:train_on_clients:22 - Training DAE model epoch #326
2025-09-30 07:17:26.336 | INFO     | agents.servers.serverDAE:train_on_clients:65 - 20 clients still training at epoch #326
2025-09-30 07:17:26.354 | INFO     | agents.servers.serverDAE:train_on_clients:22 - Training DAE model epoch #327
2025-09-30 07:17:28.647 | INFO     | agents.servers.serverDAE:train_on_clients:43 - Client 7 gets new best val_loss at epoch #327: 0.000518
2025-09-30 07:17:30.660 | INFO     | agents.servers.serverDAE:train_on_clients:43 - Client 14 gets new best val_loss at epoch #327: 0.000478
2025-09-30 07:17:32.102 | INFO     | agents.servers.serverDAE:train_on_clients:65 - 20 clients still training at epoch #327
2025-09-30 07:17:32.120 | INFO     | agents.servers.serverDAE:train_on_clients:22 - Training DAE model epoch #328
2025-09-30 07:17:37.112 | INFO     | agents.servers.serverDAE:train_on_clients:43 - Client 17 gets new best val_loss at epoch #328: 0.000451
2025-09-30 07:17:37.675 | INFO     | agents.servers.serverDAE:train_on_clients:65 - 20 clients still training at epoch #328
2025-09-30 07:17:37.694 | INFO     | agents.servers.serverDAE:train_on_clients:22 - Training DAE model epoch #329
2025-09-30 07:17:42.005 | INFO     | agents.servers.serverDAE:train_on_clients:43 - Client 14 gets new best val_loss at epoch #329: 0.000472
2025-09-30 07:17:43.144 | INFO     | agents.servers.serverDAE:train_on_clients:43 - Client 18 gets new best val_loss at epoch #329: 0.000496
2025-09-30 07:17:43.437 | INFO     | agents.servers.serverDAE:train_on_clients:65 - 20 clients still training at epoch #329
2025-09-30 07:17:43.455 | INFO     | agents.servers.serverDAE:train_on_clients:22 - Training DAE model epoch #330
2025-09-30 07:17:43.741 | INFO     | agents.servers.serverDAE:train_on_clients:59 - Saved model for client 0 at epoch 330 -> saved_models/DAE/average/wsn_ds/epoch_330_client_0.pt
2025-09-30 07:17:44.025 | INFO     | agents.servers.serverDAE:train_on_clients:59 - Saved model for client 1 at epoch 330 -> saved_models/DAE/average/wsn_ds/epoch_330_client_1.pt
2025-09-30 07:17:44.315 | INFO     | agents.servers.serverDAE:train_on_clients:59 - Saved model for client 2 at epoch 330 -> saved_models/DAE/average/wsn_ds/epoch_330_client_2.pt
2025-09-30 07:17:44.601 | INFO     | agents.servers.serverDAE:train_on_clients:59 - Saved model for client 3 at epoch 330 -> saved_models/DAE/average/wsn_ds/epoch_330_client_3.pt
2025-09-30 07:17:44.890 | INFO     | agents.servers.serverDAE:train_on_clients:59 - Saved model for client 4 at epoch 330 -> saved_models/DAE/average/wsn_ds/epoch_330_client_4.pt
2025-09-30 07:17:45.182 | INFO     | agents.servers.serverDAE:train_on_clients:59 - Saved model for client 5 at epoch 330 -> saved_models/DAE/average/wsn_ds/epoch_330_client_5.pt
2025-09-30 07:17:45.472 | INFO     | agents.servers.serverDAE:train_on_clients:59 - Saved model for client 6 at epoch 330 -> saved_models/DAE/average/wsn_ds/epoch_330_client_6.pt
2025-09-30 07:17:45.760 | INFO     | agents.servers.serverDAE:train_on_clients:59 - Saved model for client 7 at epoch 330 -> saved_models/DAE/average/wsn_ds/epoch_330_client_7.pt
2025-09-30 07:17:46.050 | INFO     | agents.servers.serverDAE:train_on_clients:43 - Client 8 gets new best val_loss at epoch #330: 0.000450
2025-09-30 07:17:46.051 | INFO     | agents.servers.serverDAE:train_on_clients:59 - Saved model for client 8 at epoch 330 -> saved_models/DAE/average/wsn_ds/epoch_330_client_8.pt
2025-09-30 07:17:46.342 | INFO     | agents.servers.serverDAE:train_on_clients:59 - Saved model for client 9 at epoch 330 -> saved_models/DAE/average/wsn_ds/epoch_330_client_9.pt
2025-09-30 07:17:46.633 | INFO     | agents.servers.serverDAE:train_on_clients:59 - Saved model for client 10 at epoch 330 -> saved_models/DAE/average/wsn_ds/epoch_330_client_10.pt
2025-09-30 07:17:46.923 | INFO     | agents.servers.serverDAE:train_on_clients:59 - Saved model for client 11 at epoch 330 -> saved_models/DAE/average/wsn_ds/epoch_330_client_11.pt
2025-09-30 07:17:47.213 | INFO     | agents.servers.serverDAE:train_on_clients:59 - Saved model for client 12 at epoch 330 -> saved_models/DAE/average/wsn_ds/epoch_330_client_12.pt
2025-09-30 07:17:47.503 | INFO     | agents.servers.serverDAE:train_on_clients:59 - Saved model for client 13 at epoch 330 -> saved_models/DAE/average/wsn_ds/epoch_330_client_13.pt
2025-09-30 07:17:47.791 | INFO     | agents.servers.serverDAE:train_on_clients:59 - Saved model for client 14 at epoch 330 -> saved_models/DAE/average/wsn_ds/epoch_330_client_14.pt
2025-09-30 07:17:48.082 | INFO     | agents.servers.serverDAE:train_on_clients:59 - Saved model for client 15 at epoch 330 -> saved_models/DAE/average/wsn_ds/epoch_330_client_15.pt
2025-09-30 07:17:48.370 | INFO     | agents.servers.serverDAE:train_on_clients:59 - Saved model for client 16 at epoch 330 -> saved_models/DAE/average/wsn_ds/epoch_330_client_16.pt
2025-09-30 07:17:48.659 | INFO     | agents.servers.serverDAE:train_on_clients:59 - Saved model for client 17 at epoch 330 -> saved_models/DAE/average/wsn_ds/epoch_330_client_17.pt
2025-09-30 07:17:48.948 | INFO     | agents.servers.serverDAE:train_on_clients:59 - Saved model for client 18 at epoch 330 -> saved_models/DAE/average/wsn_ds/epoch_330_client_18.pt
2025-09-30 07:17:49.238 | INFO     | agents.servers.serverDAE:train_on_clients:59 - Saved model for client 19 at epoch 330 -> saved_models/DAE/average/wsn_ds/epoch_330_client_19.pt
2025-09-30 07:17:49.244 | INFO     | agents.servers.serverDAE:train_on_clients:65 - 20 clients still training at epoch #330
2025-09-30 07:17:49.262 | INFO     | agents.servers.serverDAE:train_on_clients:22 - Training DAE model epoch #331
2025-09-30 07:17:51.556 | INFO     | agents.servers.serverDAE:train_on_clients:43 - Client 7 gets new best val_loss at epoch #331: 0.000513
2025-09-30 07:17:52.129 | INFO     | agents.servers.serverDAE:train_on_clients:43 - Client 9 gets new best val_loss at epoch #331: 0.000491
2025-09-30 07:17:54.992 | INFO     | agents.servers.serverDAE:train_on_clients:65 - 20 clients still training at epoch #331
2025-09-30 07:17:55.011 | INFO     | agents.servers.serverDAE:train_on_clients:22 - Training DAE model epoch #332
2025-09-30 07:17:57.869 | INFO     | agents.servers.serverDAE:train_on_clients:43 - Client 9 gets new best val_loss at epoch #332: 0.000484
2025-09-30 07:18:00.430 | INFO     | agents.servers.serverDAE:train_on_clients:43 - Client 18 gets new best val_loss at epoch #332: 0.000490
2025-09-30 07:18:00.722 | INFO     | agents.servers.serverDAE:train_on_clients:65 - 20 clients still training at epoch #332
2025-09-30 07:18:00.741 | INFO     | agents.servers.serverDAE:train_on_clients:22 - Training DAE model epoch #333
2025-09-30 07:18:06.182 | INFO     | agents.servers.serverDAE:train_on_clients:43 - Client 18 gets new best val_loss at epoch #333: 0.000484
2025-09-30 07:18:06.474 | INFO     | agents.servers.serverDAE:train_on_clients:65 - 20 clients still training at epoch #333
2025-09-30 07:18:06.493 | INFO     | agents.servers.serverDAE:train_on_clients:22 - Training DAE model epoch #334
2025-09-30 07:18:12.232 | INFO     | agents.servers.serverDAE:train_on_clients:65 - 20 clients still training at epoch #334
2025-09-30 07:18:12.250 | INFO     | agents.servers.serverDAE:train_on_clients:22 - Training DAE model epoch #335
2025-09-30 07:18:17.802 | INFO     | agents.servers.serverDAE:train_on_clients:65 - 20 clients still training at epoch #335
2025-09-30 07:18:17.821 | INFO     | agents.servers.serverDAE:train_on_clients:22 - Training DAE model epoch #336
2025-09-30 07:18:23.521 | INFO     | agents.servers.serverDAE:train_on_clients:65 - 20 clients still training at epoch #336
2025-09-30 07:18:23.540 | INFO     | agents.servers.serverDAE:train_on_clients:22 - Training DAE model epoch #337
2025-09-30 07:18:24.961 | INFO     | agents.servers.serverDAE:train_on_clients:43 - Client 4 gets new best val_loss at epoch #337: 0.000513
2025-09-30 07:18:26.997 | INFO     | agents.servers.serverDAE:train_on_clients:43 - Client 11 gets new best val_loss at epoch #337: 0.000561
2025-09-30 07:18:29.314 | INFO     | agents.servers.serverDAE:train_on_clients:65 - 20 clients still training at epoch #337
2025-09-30 07:18:29.333 | INFO     | agents.servers.serverDAE:train_on_clients:22 - Training DAE model epoch #338
2025-09-30 07:18:35.016 | INFO     | agents.servers.serverDAE:train_on_clients:65 - 20 clients still training at epoch #338
2025-09-30 07:18:35.035 | INFO     | agents.servers.serverDAE:train_on_clients:22 - Training DAE model epoch #339
2025-09-30 07:18:35.596 | INFO     | agents.servers.serverDAE:train_on_clients:43 - Client 1 gets new best val_loss at epoch #339: 0.000605
2025-09-30 07:18:40.687 | INFO     | agents.servers.serverDAE:train_on_clients:65 - 20 clients still training at epoch #339
2025-09-30 07:18:40.705 | INFO     | agents.servers.serverDAE:train_on_clients:22 - Training DAE model epoch #340
2025-09-30 07:18:40.982 | INFO     | agents.servers.serverDAE:train_on_clients:59 - Saved model for client 0 at epoch 340 -> saved_models/DAE/average/wsn_ds/epoch_340_client_0.pt
2025-09-30 07:18:41.274 | INFO     | agents.servers.serverDAE:train_on_clients:59 - Saved model for client 1 at epoch 340 -> saved_models/DAE/average/wsn_ds/epoch_340_client_1.pt
2025-09-30 07:18:41.565 | INFO     | agents.servers.serverDAE:train_on_clients:59 - Saved model for client 2 at epoch 340 -> saved_models/DAE/average/wsn_ds/epoch_340_client_2.pt
2025-09-30 07:18:41.854 | INFO     | agents.servers.serverDAE:train_on_clients:59 - Saved model for client 3 at epoch 340 -> saved_models/DAE/average/wsn_ds/epoch_340_client_3.pt
2025-09-30 07:18:42.137 | INFO     | agents.servers.serverDAE:train_on_clients:59 - Saved model for client 4 at epoch 340 -> saved_models/DAE/average/wsn_ds/epoch_340_client_4.pt
2025-09-30 07:18:42.421 | INFO     | agents.servers.serverDAE:train_on_clients:59 - Saved model for client 5 at epoch 340 -> saved_models/DAE/average/wsn_ds/epoch_340_client_5.pt
2025-09-30 07:18:42.704 | INFO     | agents.servers.serverDAE:train_on_clients:59 - Saved model for client 6 at epoch 340 -> saved_models/DAE/average/wsn_ds/epoch_340_client_6.pt
2025-09-30 07:18:42.988 | INFO     | agents.servers.serverDAE:train_on_clients:59 - Saved model for client 7 at epoch 340 -> saved_models/DAE/average/wsn_ds/epoch_340_client_7.pt
2025-09-30 07:18:43.272 | INFO     | agents.servers.serverDAE:train_on_clients:59 - Saved model for client 8 at epoch 340 -> saved_models/DAE/average/wsn_ds/epoch_340_client_8.pt
2025-09-30 07:18:43.556 | INFO     | agents.servers.serverDAE:train_on_clients:59 - Saved model for client 9 at epoch 340 -> saved_models/DAE/average/wsn_ds/epoch_340_client_9.pt
2025-09-30 07:18:43.841 | INFO     | agents.servers.serverDAE:train_on_clients:59 - Saved model for client 10 at epoch 340 -> saved_models/DAE/average/wsn_ds/epoch_340_client_10.pt
2025-09-30 07:18:44.127 | INFO     | agents.servers.serverDAE:train_on_clients:59 - Saved model for client 11 at epoch 340 -> saved_models/DAE/average/wsn_ds/epoch_340_client_11.pt
2025-09-30 07:18:44.412 | INFO     | agents.servers.serverDAE:train_on_clients:59 - Saved model for client 12 at epoch 340 -> saved_models/DAE/average/wsn_ds/epoch_340_client_12.pt
2025-09-30 07:18:44.695 | INFO     | agents.servers.serverDAE:train_on_clients:59 - Saved model for client 13 at epoch 340 -> saved_models/DAE/average/wsn_ds/epoch_340_client_13.pt
2025-09-30 07:18:44.979 | INFO     | agents.servers.serverDAE:train_on_clients:59 - Saved model for client 14 at epoch 340 -> saved_models/DAE/average/wsn_ds/epoch_340_client_14.pt
2025-09-30 07:18:45.262 | INFO     | agents.servers.serverDAE:train_on_clients:59 - Saved model for client 15 at epoch 340 -> saved_models/DAE/average/wsn_ds/epoch_340_client_15.pt
2025-09-30 07:18:45.546 | INFO     | agents.servers.serverDAE:train_on_clients:59 - Saved model for client 16 at epoch 340 -> saved_models/DAE/average/wsn_ds/epoch_340_client_16.pt
2025-09-30 07:18:45.829 | INFO     | agents.servers.serverDAE:train_on_clients:59 - Saved model for client 17 at epoch 340 -> saved_models/DAE/average/wsn_ds/epoch_340_client_17.pt
2025-09-30 07:18:46.112 | INFO     | agents.servers.serverDAE:train_on_clients:59 - Saved model for client 18 at epoch 340 -> saved_models/DAE/average/wsn_ds/epoch_340_client_18.pt
2025-09-30 07:18:46.394 | INFO     | agents.servers.serverDAE:train_on_clients:59 - Saved model for client 19 at epoch 340 -> saved_models/DAE/average/wsn_ds/epoch_340_client_19.pt
2025-09-30 07:18:46.400 | INFO     | agents.servers.serverDAE:train_on_clients:65 - 20 clients still training at epoch #340
2025-09-30 07:18:46.418 | INFO     | agents.servers.serverDAE:train_on_clients:22 - Training DAE model epoch #341
2025-09-30 07:18:52.069 | INFO     | agents.servers.serverDAE:train_on_clients:65 - 20 clients still training at epoch #341
2025-09-30 07:18:52.088 | INFO     | agents.servers.serverDAE:train_on_clients:22 - Training DAE model epoch #342
2025-09-30 07:18:57.610 | INFO     | agents.servers.serverDAE:train_on_clients:65 - 20 clients still training at epoch #342
2025-09-30 07:18:57.629 | INFO     | agents.servers.serverDAE:train_on_clients:22 - Training DAE model epoch #343
2025-09-30 07:19:03.196 | INFO     | agents.servers.serverDAE:train_on_clients:65 - 20 clients still training at epoch #343
2025-09-30 07:19:03.214 | INFO     | agents.servers.serverDAE:train_on_clients:22 - Training DAE model epoch #344
2025-09-30 07:19:08.881 | INFO     | agents.servers.serverDAE:train_on_clients:65 - 20 clients still training at epoch #344
2025-09-30 07:19:08.899 | INFO     | agents.servers.serverDAE:train_on_clients:22 - Training DAE model epoch #345
2025-09-30 07:19:14.501 | INFO     | agents.servers.serverDAE:train_on_clients:65 - 20 clients still training at epoch #345
2025-09-30 07:19:14.519 | INFO     | agents.servers.serverDAE:train_on_clients:22 - Training DAE model epoch #346
2025-09-30 07:19:14.803 | INFO     | agents.servers.serverDAE:train_on_clients:43 - Client 0 gets new best val_loss at epoch #346: 0.000554
2025-09-30 07:19:17.897 | INFO     | agents.servers.serverDAE:train_on_clients:43 - Client 11 gets new best val_loss at epoch #346: 0.000561
2025-09-30 07:19:20.150 | INFO     | agents.servers.serverDAE:train_on_clients:65 - 20 clients still training at epoch #346
2025-09-30 07:19:20.169 | INFO     | agents.servers.serverDAE:train_on_clients:22 - Training DAE model epoch #347
2025-09-30 07:19:25.863 | INFO     | agents.servers.serverDAE:train_on_clients:65 - 20 clients still training at epoch #347
2025-09-30 07:19:25.882 | INFO     | agents.servers.serverDAE:train_on_clients:22 - Training DAE model epoch #348
2025-09-30 07:19:31.646 | INFO     | agents.servers.serverDAE:train_on_clients:65 - 20 clients still training at epoch #348
2025-09-30 07:19:31.664 | INFO     | agents.servers.serverDAE:train_on_clients:22 - Training DAE model epoch #349
2025-09-30 07:19:34.607 | INFO     | agents.servers.serverDAE:train_on_clients:43 - Client 9 gets new best val_loss at epoch #349: 0.000475
2025-09-30 07:19:37.449 | INFO     | agents.servers.serverDAE:train_on_clients:65 - 20 clients still training at epoch #349
2025-09-30 07:19:37.468 | INFO     | agents.servers.serverDAE:train_on_clients:22 - Training DAE model epoch #350
2025-09-30 07:19:37.752 | INFO     | agents.servers.serverDAE:train_on_clients:59 - Saved model for client 0 at epoch 350 -> saved_models/DAE/average/wsn_ds/epoch_350_client_0.pt
2025-09-30 07:19:38.041 | INFO     | agents.servers.serverDAE:train_on_clients:59 - Saved model for client 1 at epoch 350 -> saved_models/DAE/average/wsn_ds/epoch_350_client_1.pt
2025-09-30 07:19:38.324 | INFO     | agents.servers.serverDAE:train_on_clients:59 - Saved model for client 2 at epoch 350 -> saved_models/DAE/average/wsn_ds/epoch_350_client_2.pt
2025-09-30 07:19:38.646 | INFO     | agents.servers.serverDAE:train_on_clients:59 - Saved model for client 3 at epoch 350 -> saved_models/DAE/average/wsn_ds/epoch_350_client_3.pt
2025-09-30 07:19:38.924 | INFO     | agents.servers.serverDAE:train_on_clients:59 - Saved model for client 4 at epoch 350 -> saved_models/DAE/average/wsn_ds/epoch_350_client_4.pt
2025-09-30 07:19:39.200 | INFO     | agents.servers.serverDAE:train_on_clients:59 - Saved model for client 5 at epoch 350 -> saved_models/DAE/average/wsn_ds/epoch_350_client_5.pt
2025-09-30 07:19:39.481 | INFO     | agents.servers.serverDAE:train_on_clients:59 - Saved model for client 6 at epoch 350 -> saved_models/DAE/average/wsn_ds/epoch_350_client_6.pt
2025-09-30 07:19:39.756 | INFO     | agents.servers.serverDAE:train_on_clients:59 - Saved model for client 7 at epoch 350 -> saved_models/DAE/average/wsn_ds/epoch_350_client_7.pt
2025-09-30 07:19:40.029 | INFO     | agents.servers.serverDAE:train_on_clients:59 - Saved model for client 8 at epoch 350 -> saved_models/DAE/average/wsn_ds/epoch_350_client_8.pt
2025-09-30 07:19:40.304 | INFO     | agents.servers.serverDAE:train_on_clients:59 - Saved model for client 9 at epoch 350 -> saved_models/DAE/average/wsn_ds/epoch_350_client_9.pt
2025-09-30 07:19:40.583 | INFO     | agents.servers.serverDAE:train_on_clients:59 - Saved model for client 10 at epoch 350 -> saved_models/DAE/average/wsn_ds/epoch_350_client_10.pt
2025-09-30 07:19:40.869 | INFO     | agents.servers.serverDAE:train_on_clients:59 - Saved model for client 11 at epoch 350 -> saved_models/DAE/average/wsn_ds/epoch_350_client_11.pt
2025-09-30 07:19:41.154 | INFO     | agents.servers.serverDAE:train_on_clients:59 - Saved model for client 12 at epoch 350 -> saved_models/DAE/average/wsn_ds/epoch_350_client_12.pt
2025-09-30 07:19:41.440 | INFO     | agents.servers.serverDAE:train_on_clients:43 - Client 13 gets new best val_loss at epoch #350: 0.000508
2025-09-30 07:19:41.442 | INFO     | agents.servers.serverDAE:train_on_clients:59 - Saved model for client 13 at epoch 350 -> saved_models/DAE/average/wsn_ds/epoch_350_client_13.pt
2025-09-30 07:19:41.732 | INFO     | agents.servers.serverDAE:train_on_clients:59 - Saved model for client 14 at epoch 350 -> saved_models/DAE/average/wsn_ds/epoch_350_client_14.pt
2025-09-30 07:19:42.019 | INFO     | agents.servers.serverDAE:train_on_clients:59 - Saved model for client 15 at epoch 350 -> saved_models/DAE/average/wsn_ds/epoch_350_client_15.pt
2025-09-30 07:19:42.306 | INFO     | agents.servers.serverDAE:train_on_clients:59 - Saved model for client 16 at epoch 350 -> saved_models/DAE/average/wsn_ds/epoch_350_client_16.pt
2025-09-30 07:19:42.595 | INFO     | agents.servers.serverDAE:train_on_clients:59 - Saved model for client 17 at epoch 350 -> saved_models/DAE/average/wsn_ds/epoch_350_client_17.pt
2025-09-30 07:19:42.884 | INFO     | agents.servers.serverDAE:train_on_clients:59 - Saved model for client 18 at epoch 350 -> saved_models/DAE/average/wsn_ds/epoch_350_client_18.pt
2025-09-30 07:19:43.173 | INFO     | agents.servers.serverDAE:train_on_clients:59 - Saved model for client 19 at epoch 350 -> saved_models/DAE/average/wsn_ds/epoch_350_client_19.pt
2025-09-30 07:19:43.178 | INFO     | agents.servers.serverDAE:train_on_clients:65 - 20 clients still training at epoch #350
2025-09-30 07:19:43.197 | INFO     | agents.servers.serverDAE:train_on_clients:22 - Training DAE model epoch #351
2025-09-30 07:19:48.928 | INFO     | agents.servers.serverDAE:train_on_clients:65 - 20 clients still training at epoch #351
2025-09-30 07:19:48.947 | INFO     | agents.servers.serverDAE:train_on_clients:22 - Training DAE model epoch #352
2025-09-30 07:19:54.126 | INFO     | agents.servers.serverDAE:train_on_clients:43 - Client 17 gets new best val_loss at epoch #352: 0.000449
2025-09-30 07:19:54.706 | INFO     | agents.servers.serverDAE:train_on_clients:65 - 20 clients still training at epoch #352
2025-09-30 07:19:54.725 | INFO     | agents.servers.serverDAE:train_on_clients:22 - Training DAE model epoch #353
2025-09-30 07:19:57.013 | INFO     | agents.servers.serverDAE:train_on_clients:43 - Client 7 gets new best val_loss at epoch #353: 0.000508
2025-09-30 07:19:58.447 | INFO     | agents.servers.serverDAE:train_on_clients:43 - Client 12 gets new best val_loss at epoch #353: 0.000478
2025-09-30 07:20:00.461 | INFO     | agents.servers.serverDAE:train_on_clients:65 - 20 clients still training at epoch #353
2025-09-30 07:20:00.480 | INFO     | agents.servers.serverDAE:train_on_clients:22 - Training DAE model epoch #354
2025-09-30 07:20:02.772 | INFO     | agents.servers.serverDAE:train_on_clients:43 - Client 7 gets new best val_loss at epoch #354: 0.000504
2025-09-30 07:20:06.232 | INFO     | agents.servers.serverDAE:train_on_clients:65 - 20 clients still training at epoch #354
2025-09-30 07:20:06.250 | INFO     | agents.servers.serverDAE:train_on_clients:22 - Training DAE model epoch #355
2025-09-30 07:20:12.009 | INFO     | agents.servers.serverDAE:train_on_clients:65 - 20 clients still training at epoch #355
2025-09-30 07:20:12.028 | INFO     | agents.servers.serverDAE:train_on_clients:22 - Training DAE model epoch #356
2025-09-30 07:20:17.743 | INFO     | agents.servers.serverDAE:train_on_clients:65 - 20 clients still training at epoch #356
2025-09-30 07:20:17.762 | INFO     | agents.servers.serverDAE:train_on_clients:22 - Training DAE model epoch #357
2025-09-30 07:20:23.345 | INFO     | agents.servers.serverDAE:train_on_clients:65 - 20 clients still training at epoch #357
2025-09-30 07:20:23.364 | INFO     | agents.servers.serverDAE:train_on_clients:22 - Training DAE model epoch #358
2025-09-30 07:20:23.930 | INFO     | agents.servers.serverDAE:train_on_clients:43 - Client 1 gets new best val_loss at epoch #358: 0.000605
2025-09-30 07:20:29.129 | INFO     | agents.servers.serverDAE:train_on_clients:65 - 20 clients still training at epoch #358
2025-09-30 07:20:29.147 | INFO     | agents.servers.serverDAE:train_on_clients:22 - Training DAE model epoch #359
2025-09-30 07:20:34.915 | INFO     | agents.servers.serverDAE:train_on_clients:65 - 20 clients still training at epoch #359
2025-09-30 07:20:34.934 | INFO     | agents.servers.serverDAE:train_on_clients:22 - Training DAE model epoch #360
2025-09-30 07:20:35.217 | INFO     | agents.servers.serverDAE:train_on_clients:59 - Saved model for client 0 at epoch 360 -> saved_models/DAE/average/wsn_ds/epoch_360_client_0.pt
2025-09-30 07:20:35.509 | INFO     | agents.servers.serverDAE:train_on_clients:59 - Saved model for client 1 at epoch 360 -> saved_models/DAE/average/wsn_ds/epoch_360_client_1.pt
2025-09-30 07:20:35.798 | INFO     | agents.servers.serverDAE:train_on_clients:59 - Saved model for client 2 at epoch 360 -> saved_models/DAE/average/wsn_ds/epoch_360_client_2.pt
2025-09-30 07:20:36.084 | INFO     | agents.servers.serverDAE:train_on_clients:59 - Saved model for client 3 at epoch 360 -> saved_models/DAE/average/wsn_ds/epoch_360_client_3.pt
2025-09-30 07:20:36.373 | INFO     | agents.servers.serverDAE:train_on_clients:59 - Saved model for client 4 at epoch 360 -> saved_models/DAE/average/wsn_ds/epoch_360_client_4.pt
2025-09-30 07:20:36.667 | INFO     | agents.servers.serverDAE:train_on_clients:59 - Saved model for client 5 at epoch 360 -> saved_models/DAE/average/wsn_ds/epoch_360_client_5.pt
2025-09-30 07:20:36.957 | INFO     | agents.servers.serverDAE:train_on_clients:59 - Saved model for client 6 at epoch 360 -> saved_models/DAE/average/wsn_ds/epoch_360_client_6.pt
2025-09-30 07:20:37.246 | INFO     | agents.servers.serverDAE:train_on_clients:59 - Saved model for client 7 at epoch 360 -> saved_models/DAE/average/wsn_ds/epoch_360_client_7.pt
2025-09-30 07:20:37.537 | INFO     | agents.servers.serverDAE:train_on_clients:59 - Saved model for client 8 at epoch 360 -> saved_models/DAE/average/wsn_ds/epoch_360_client_8.pt
2025-09-30 07:20:37.829 | INFO     | agents.servers.serverDAE:train_on_clients:59 - Saved model for client 9 at epoch 360 -> saved_models/DAE/average/wsn_ds/epoch_360_client_9.pt
2025-09-30 07:20:38.119 | INFO     | agents.servers.serverDAE:train_on_clients:59 - Saved model for client 10 at epoch 360 -> saved_models/DAE/average/wsn_ds/epoch_360_client_10.pt
2025-09-30 07:20:38.419 | INFO     | agents.servers.serverDAE:train_on_clients:43 - Client 11 gets new best val_loss at epoch #360: 0.000557
2025-09-30 07:20:38.421 | INFO     | agents.servers.serverDAE:train_on_clients:59 - Saved model for client 11 at epoch 360 -> saved_models/DAE/average/wsn_ds/epoch_360_client_11.pt
2025-09-30 07:20:38.710 | INFO     | agents.servers.serverDAE:train_on_clients:59 - Saved model for client 12 at epoch 360 -> saved_models/DAE/average/wsn_ds/epoch_360_client_12.pt
2025-09-30 07:20:38.998 | INFO     | agents.servers.serverDAE:train_on_clients:59 - Saved model for client 13 at epoch 360 -> saved_models/DAE/average/wsn_ds/epoch_360_client_13.pt
2025-09-30 07:20:39.287 | INFO     | agents.servers.serverDAE:train_on_clients:59 - Saved model for client 14 at epoch 360 -> saved_models/DAE/average/wsn_ds/epoch_360_client_14.pt
2025-09-30 07:20:39.607 | INFO     | agents.servers.serverDAE:train_on_clients:59 - Saved model for client 15 at epoch 360 -> saved_models/DAE/average/wsn_ds/epoch_360_client_15.pt
2025-09-30 07:20:39.892 | INFO     | agents.servers.serverDAE:train_on_clients:59 - Saved model for client 16 at epoch 360 -> saved_models/DAE/average/wsn_ds/epoch_360_client_16.pt
2025-09-30 07:20:40.193 | INFO     | agents.servers.serverDAE:train_on_clients:59 - Saved model for client 17 at epoch 360 -> saved_models/DAE/average/wsn_ds/epoch_360_client_17.pt
2025-09-30 07:20:40.480 | INFO     | agents.servers.serverDAE:train_on_clients:59 - Saved model for client 18 at epoch 360 -> saved_models/DAE/average/wsn_ds/epoch_360_client_18.pt
2025-09-30 07:20:40.769 | INFO     | agents.servers.serverDAE:train_on_clients:59 - Saved model for client 19 at epoch 360 -> saved_models/DAE/average/wsn_ds/epoch_360_client_19.pt
2025-09-30 07:20:40.775 | INFO     | agents.servers.serverDAE:train_on_clients:65 - 20 clients still training at epoch #360
2025-09-30 07:20:40.794 | INFO     | agents.servers.serverDAE:train_on_clients:22 - Training DAE model epoch #361
2025-09-30 07:20:45.996 | INFO     | agents.servers.serverDAE:train_on_clients:43 - Client 17 gets new best val_loss at epoch #361: 0.000446
2025-09-30 07:20:46.578 | INFO     | agents.servers.serverDAE:train_on_clients:65 - 20 clients still training at epoch #361
2025-09-30 07:20:46.596 | INFO     | agents.servers.serverDAE:train_on_clients:22 - Training DAE model epoch #362
2025-09-30 07:20:52.282 | INFO     | agents.servers.serverDAE:train_on_clients:65 - 20 clients still training at epoch #362
2025-09-30 07:20:52.301 | INFO     | agents.servers.serverDAE:train_on_clients:22 - Training DAE model epoch #363
2025-09-30 07:20:58.065 | INFO     | agents.servers.serverDAE:train_on_clients:65 - 20 clients still training at epoch #363
2025-09-30 07:20:58.084 | INFO     | agents.servers.serverDAE:train_on_clients:22 - Training DAE model epoch #364
2025-09-30 07:21:01.971 | INFO     | agents.servers.serverDAE:train_on_clients:43 - Client 13 gets new best val_loss at epoch #364: 0.000501
2025-09-30 07:21:03.092 | INFO     | agents.servers.serverDAE:train_on_clients:43 - Client 17 gets new best val_loss at epoch #364: 0.000440
2025-09-30 07:21:03.675 | INFO     | agents.servers.serverDAE:train_on_clients:65 - 20 clients still training at epoch #364
2025-09-30 07:21:03.693 | INFO     | agents.servers.serverDAE:train_on_clients:22 - Training DAE model epoch #365
2025-09-30 07:21:09.419 | INFO     | agents.servers.serverDAE:train_on_clients:65 - 20 clients still training at epoch #365
2025-09-30 07:21:09.437 | INFO     | agents.servers.serverDAE:train_on_clients:22 - Training DAE model epoch #366
2025-09-30 07:21:15.157 | INFO     | agents.servers.serverDAE:train_on_clients:65 - 20 clients still training at epoch #366
2025-09-30 07:21:15.176 | INFO     | agents.servers.serverDAE:train_on_clients:22 - Training DAE model epoch #367
2025-09-30 07:21:15.740 | INFO     | agents.servers.serverDAE:train_on_clients:43 - Client 1 gets new best val_loss at epoch #367: 0.000604
2025-09-30 07:21:20.910 | INFO     | agents.servers.serverDAE:train_on_clients:65 - 20 clients still training at epoch #367
2025-09-30 07:21:20.929 | INFO     | agents.servers.serverDAE:train_on_clients:22 - Training DAE model epoch #368
2025-09-30 07:21:26.688 | INFO     | agents.servers.serverDAE:train_on_clients:65 - 20 clients still training at epoch #368
2025-09-30 07:21:26.706 | INFO     | agents.servers.serverDAE:train_on_clients:22 - Training DAE model epoch #369
2025-09-30 07:21:32.448 | INFO     | agents.servers.serverDAE:train_on_clients:65 - 20 clients still training at epoch #369
2025-09-30 07:21:32.466 | INFO     | agents.servers.serverDAE:train_on_clients:22 - Training DAE model epoch #370
2025-09-30 07:21:32.750 | INFO     | agents.servers.serverDAE:train_on_clients:59 - Saved model for client 0 at epoch 370 -> saved_models/DAE/average/wsn_ds/epoch_370_client_0.pt
2025-09-30 07:21:33.039 | INFO     | agents.servers.serverDAE:train_on_clients:59 - Saved model for client 1 at epoch 370 -> saved_models/DAE/average/wsn_ds/epoch_370_client_1.pt
2025-09-30 07:21:33.329 | INFO     | agents.servers.serverDAE:train_on_clients:59 - Saved model for client 2 at epoch 370 -> saved_models/DAE/average/wsn_ds/epoch_370_client_2.pt
2025-09-30 07:21:33.616 | INFO     | agents.servers.serverDAE:train_on_clients:59 - Saved model for client 3 at epoch 370 -> saved_models/DAE/average/wsn_ds/epoch_370_client_3.pt
2025-09-30 07:21:33.895 | INFO     | agents.servers.serverDAE:train_on_clients:43 - Client 4 gets new best val_loss at epoch #370: 0.000505
2025-09-30 07:21:33.896 | INFO     | agents.servers.serverDAE:train_on_clients:59 - Saved model for client 4 at epoch 370 -> saved_models/DAE/average/wsn_ds/epoch_370_client_4.pt
2025-09-30 07:21:34.185 | INFO     | agents.servers.serverDAE:train_on_clients:59 - Saved model for client 5 at epoch 370 -> saved_models/DAE/average/wsn_ds/epoch_370_client_5.pt
2025-09-30 07:21:34.474 | INFO     | agents.servers.serverDAE:train_on_clients:59 - Saved model for client 6 at epoch 370 -> saved_models/DAE/average/wsn_ds/epoch_370_client_6.pt
2025-09-30 07:21:34.760 | INFO     | agents.servers.serverDAE:train_on_clients:59 - Saved model for client 7 at epoch 370 -> saved_models/DAE/average/wsn_ds/epoch_370_client_7.pt
2025-09-30 07:21:35.049 | INFO     | agents.servers.serverDAE:train_on_clients:59 - Saved model for client 8 at epoch 370 -> saved_models/DAE/average/wsn_ds/epoch_370_client_8.pt
2025-09-30 07:21:35.341 | INFO     | agents.servers.serverDAE:train_on_clients:59 - Saved model for client 9 at epoch 370 -> saved_models/DAE/average/wsn_ds/epoch_370_client_9.pt
2025-09-30 07:21:35.628 | INFO     | agents.servers.serverDAE:train_on_clients:59 - Saved model for client 10 at epoch 370 -> saved_models/DAE/average/wsn_ds/epoch_370_client_10.pt
2025-09-30 07:21:35.919 | INFO     | agents.servers.serverDAE:train_on_clients:59 - Saved model for client 11 at epoch 370 -> saved_models/DAE/average/wsn_ds/epoch_370_client_11.pt
2025-09-30 07:21:36.209 | INFO     | agents.servers.serverDAE:train_on_clients:59 - Saved model for client 12 at epoch 370 -> saved_models/DAE/average/wsn_ds/epoch_370_client_12.pt
2025-09-30 07:21:36.497 | INFO     | agents.servers.serverDAE:train_on_clients:59 - Saved model for client 13 at epoch 370 -> saved_models/DAE/average/wsn_ds/epoch_370_client_13.pt
2025-09-30 07:21:36.785 | INFO     | agents.servers.serverDAE:train_on_clients:59 - Saved model for client 14 at epoch 370 -> saved_models/DAE/average/wsn_ds/epoch_370_client_14.pt
2025-09-30 07:21:37.076 | INFO     | agents.servers.serverDAE:train_on_clients:59 - Saved model for client 15 at epoch 370 -> saved_models/DAE/average/wsn_ds/epoch_370_client_15.pt
2025-09-30 07:21:37.364 | INFO     | agents.servers.serverDAE:train_on_clients:59 - Saved model for client 16 at epoch 370 -> saved_models/DAE/average/wsn_ds/epoch_370_client_16.pt
2025-09-30 07:21:37.654 | INFO     | agents.servers.serverDAE:train_on_clients:59 - Saved model for client 17 at epoch 370 -> saved_models/DAE/average/wsn_ds/epoch_370_client_17.pt
2025-09-30 07:21:37.940 | INFO     | agents.servers.serverDAE:train_on_clients:59 - Saved model for client 18 at epoch 370 -> saved_models/DAE/average/wsn_ds/epoch_370_client_18.pt
2025-09-30 07:21:38.226 | INFO     | agents.servers.serverDAE:train_on_clients:59 - Saved model for client 19 at epoch 370 -> saved_models/DAE/average/wsn_ds/epoch_370_client_19.pt
2025-09-30 07:21:38.232 | INFO     | agents.servers.serverDAE:train_on_clients:65 - 20 clients still training at epoch #370
2025-09-30 07:21:38.250 | INFO     | agents.servers.serverDAE:train_on_clients:22 - Training DAE model epoch #371
2025-09-30 07:21:38.808 | INFO     | agents.servers.serverDAE:train_on_clients:43 - Client 1 gets new best val_loss at epoch #371: 0.000594
2025-09-30 07:21:39.928 | INFO     | agents.servers.serverDAE:train_on_clients:43 - Client 5 gets new best val_loss at epoch #371: 0.000490
2025-09-30 07:21:43.831 | INFO     | agents.servers.serverDAE:train_on_clients:65 - 20 clients still training at epoch #371
2025-09-30 07:21:43.850 | INFO     | agents.servers.serverDAE:train_on_clients:22 - Training DAE model epoch #372
2025-09-30 07:21:49.646 | INFO     | agents.servers.serverDAE:train_on_clients:65 - 20 clients still training at epoch #372
2025-09-30 07:21:49.665 | INFO     | agents.servers.serverDAE:train_on_clients:22 - Training DAE model epoch #373
2025-09-30 07:21:53.201 | INFO     | agents.servers.serverDAE:train_on_clients:43 - Client 11 gets new best val_loss at epoch #373: 0.000554
2025-09-30 07:21:55.493 | INFO     | agents.servers.serverDAE:train_on_clients:65 - 20 clients still training at epoch #373
2025-09-30 07:21:55.512 | INFO     | agents.servers.serverDAE:train_on_clients:22 - Training DAE model epoch #374
2025-09-30 07:22:01.266 | INFO     | agents.servers.serverDAE:train_on_clients:65 - 20 clients still training at epoch #374
2025-09-30 07:22:01.284 | INFO     | agents.servers.serverDAE:train_on_clients:22 - Training DAE model epoch #375
2025-09-30 07:22:07.075 | INFO     | agents.servers.serverDAE:train_on_clients:65 - 20 clients still training at epoch #375
2025-09-30 07:22:07.094 | INFO     | agents.servers.serverDAE:train_on_clients:22 - Training DAE model epoch #376
2025-09-30 07:22:12.843 | INFO     | agents.servers.serverDAE:train_on_clients:65 - 20 clients still training at epoch #376
2025-09-30 07:22:12.861 | INFO     | agents.servers.serverDAE:train_on_clients:22 - Training DAE model epoch #377
2025-09-30 07:22:14.009 | INFO     | agents.servers.serverDAE:train_on_clients:43 - Client 3 gets new best val_loss at epoch #377: 0.000495
2025-09-30 07:22:18.622 | INFO     | agents.servers.serverDAE:train_on_clients:65 - 20 clients still training at epoch #377
2025-09-30 07:22:18.642 | INFO     | agents.servers.serverDAE:train_on_clients:22 - Training DAE model epoch #378
2025-09-30 07:22:18.928 | INFO     | agents.servers.serverDAE:train_on_clients:43 - Client 0 gets new best val_loss at epoch #378: 0.000536
2025-09-30 07:22:24.219 | INFO     | agents.servers.serverDAE:train_on_clients:65 - 20 clients still training at epoch #378
2025-09-30 07:22:24.244 | INFO     | agents.servers.serverDAE:train_on_clients:22 - Training DAE model epoch #379
2025-09-30 07:22:25.966 | INFO     | agents.servers.serverDAE:train_on_clients:43 - Client 5 gets new best val_loss at epoch #379: 0.000490
2025-09-30 07:22:27.979 | INFO     | agents.servers.serverDAE:train_on_clients:43 - Client 12 gets new best val_loss at epoch #379: 0.000463
2025-09-30 07:22:29.987 | INFO     | agents.servers.serverDAE:train_on_clients:65 - 20 clients still training at epoch #379
2025-09-30 07:22:30.006 | INFO     | agents.servers.serverDAE:train_on_clients:22 - Training DAE model epoch #380
2025-09-30 07:22:30.293 | INFO     | agents.servers.serverDAE:train_on_clients:59 - Saved model for client 0 at epoch 380 -> saved_models/DAE/average/wsn_ds/epoch_380_client_0.pt
2025-09-30 07:22:30.583 | INFO     | agents.servers.serverDAE:train_on_clients:59 - Saved model for client 1 at epoch 380 -> saved_models/DAE/average/wsn_ds/epoch_380_client_1.pt
2025-09-30 07:22:30.872 | INFO     | agents.servers.serverDAE:train_on_clients:59 - Saved model for client 2 at epoch 380 -> saved_models/DAE/average/wsn_ds/epoch_380_client_2.pt
2025-09-30 07:22:31.163 | INFO     | agents.servers.serverDAE:train_on_clients:59 - Saved model for client 3 at epoch 380 -> saved_models/DAE/average/wsn_ds/epoch_380_client_3.pt
2025-09-30 07:22:31.452 | INFO     | agents.servers.serverDAE:train_on_clients:59 - Saved model for client 4 at epoch 380 -> saved_models/DAE/average/wsn_ds/epoch_380_client_4.pt
2025-09-30 07:22:31.745 | INFO     | agents.servers.serverDAE:train_on_clients:59 - Saved model for client 5 at epoch 380 -> saved_models/DAE/average/wsn_ds/epoch_380_client_5.pt
2025-09-30 07:22:32.034 | INFO     | agents.servers.serverDAE:train_on_clients:59 - Saved model for client 6 at epoch 380 -> saved_models/DAE/average/wsn_ds/epoch_380_client_6.pt
2025-09-30 07:22:32.326 | INFO     | agents.servers.serverDAE:train_on_clients:43 - Client 7 gets new best val_loss at epoch #380: 0.000503
2025-09-30 07:22:32.327 | INFO     | agents.servers.serverDAE:train_on_clients:59 - Saved model for client 7 at epoch 380 -> saved_models/DAE/average/wsn_ds/epoch_380_client_7.pt
2025-09-30 07:22:32.619 | INFO     | agents.servers.serverDAE:train_on_clients:59 - Saved model for client 8 at epoch 380 -> saved_models/DAE/average/wsn_ds/epoch_380_client_8.pt
2025-09-30 07:22:32.909 | INFO     | agents.servers.serverDAE:train_on_clients:59 - Saved model for client 9 at epoch 380 -> saved_models/DAE/average/wsn_ds/epoch_380_client_9.pt
2025-09-30 07:22:33.198 | INFO     | agents.servers.serverDAE:train_on_clients:59 - Saved model for client 10 at epoch 380 -> saved_models/DAE/average/wsn_ds/epoch_380_client_10.pt
2025-09-30 07:22:33.488 | INFO     | agents.servers.serverDAE:train_on_clients:59 - Saved model for client 11 at epoch 380 -> saved_models/DAE/average/wsn_ds/epoch_380_client_11.pt
2025-09-30 07:22:33.776 | INFO     | agents.servers.serverDAE:train_on_clients:59 - Saved model for client 12 at epoch 380 -> saved_models/DAE/average/wsn_ds/epoch_380_client_12.pt
2025-09-30 07:22:34.064 | INFO     | agents.servers.serverDAE:train_on_clients:59 - Saved model for client 13 at epoch 380 -> saved_models/DAE/average/wsn_ds/epoch_380_client_13.pt
2025-09-30 07:22:34.353 | INFO     | agents.servers.serverDAE:train_on_clients:59 - Saved model for client 14 at epoch 380 -> saved_models/DAE/average/wsn_ds/epoch_380_client_14.pt
2025-09-30 07:22:34.644 | INFO     | agents.servers.serverDAE:train_on_clients:59 - Saved model for client 15 at epoch 380 -> saved_models/DAE/average/wsn_ds/epoch_380_client_15.pt
2025-09-30 07:22:34.930 | INFO     | agents.servers.serverDAE:train_on_clients:59 - Saved model for client 16 at epoch 380 -> saved_models/DAE/average/wsn_ds/epoch_380_client_16.pt
2025-09-30 07:22:35.219 | INFO     | agents.servers.serverDAE:train_on_clients:59 - Saved model for client 17 at epoch 380 -> saved_models/DAE/average/wsn_ds/epoch_380_client_17.pt
2025-09-30 07:22:35.508 | INFO     | agents.servers.serverDAE:train_on_clients:59 - Saved model for client 18 at epoch 380 -> saved_models/DAE/average/wsn_ds/epoch_380_client_18.pt
2025-09-30 07:22:35.797 | INFO     | agents.servers.serverDAE:train_on_clients:59 - Saved model for client 19 at epoch 380 -> saved_models/DAE/average/wsn_ds/epoch_380_client_19.pt
2025-09-30 07:22:35.804 | INFO     | agents.servers.serverDAE:train_on_clients:65 - 20 clients still training at epoch #380
2025-09-30 07:22:35.823 | INFO     | agents.servers.serverDAE:train_on_clients:22 - Training DAE model epoch #381
2025-09-30 07:22:41.586 | INFO     | agents.servers.serverDAE:train_on_clients:65 - 20 clients still training at epoch #381
2025-09-30 07:22:41.605 | INFO     | agents.servers.serverDAE:train_on_clients:22 - Training DAE model epoch #382
2025-09-30 07:22:45.079 | INFO     | agents.servers.serverDAE:train_on_clients:43 - Client 11 gets new best val_loss at epoch #382: 0.000539
2025-09-30 07:22:47.385 | INFO     | agents.servers.serverDAE:train_on_clients:65 - 20 clients still training at epoch #382
2025-09-30 07:22:47.403 | INFO     | agents.servers.serverDAE:train_on_clients:22 - Training DAE model epoch #383
2025-09-30 07:22:53.224 | INFO     | agents.servers.serverDAE:train_on_clients:65 - 20 clients still training at epoch #383
2025-09-30 07:22:53.244 | INFO     | agents.servers.serverDAE:train_on_clients:22 - Training DAE model epoch #384
2025-09-30 07:22:59.032 | INFO     | agents.servers.serverDAE:train_on_clients:65 - 20 clients still training at epoch #384
2025-09-30 07:22:59.051 | INFO     | agents.servers.serverDAE:train_on_clients:22 - Training DAE model epoch #385
2025-09-30 07:23:04.912 | INFO     | agents.servers.serverDAE:train_on_clients:65 - 20 clients still training at epoch #385
2025-09-30 07:23:04.930 | INFO     | agents.servers.serverDAE:train_on_clients:22 - Training DAE model epoch #386
2025-09-30 07:23:10.705 | INFO     | agents.servers.serverDAE:train_on_clients:65 - 20 clients still training at epoch #386
2025-09-30 07:23:10.724 | INFO     | agents.servers.serverDAE:train_on_clients:22 - Training DAE model epoch #387
2025-09-30 07:23:16.497 | INFO     | agents.servers.serverDAE:train_on_clients:65 - 20 clients still training at epoch #387
2025-09-30 07:23:16.515 | INFO     | agents.servers.serverDAE:train_on_clients:22 - Training DAE model epoch #388
2025-09-30 07:23:18.523 | INFO     | agents.servers.serverDAE:train_on_clients:43 - Client 6 gets new best val_loss at epoch #388: 0.000471
2025-09-30 07:23:22.294 | INFO     | agents.servers.serverDAE:train_on_clients:65 - 20 clients still training at epoch #388
2025-09-30 07:23:22.313 | INFO     | agents.servers.serverDAE:train_on_clients:22 - Training DAE model epoch #389
2025-09-30 07:23:25.472 | INFO     | agents.servers.serverDAE:train_on_clients:43 - Client 10 gets new best val_loss at epoch #389: 0.000479
2025-09-30 07:23:28.089 | INFO     | agents.servers.serverDAE:train_on_clients:65 - 20 clients still training at epoch #389
2025-09-30 07:23:28.108 | INFO     | agents.servers.serverDAE:train_on_clients:22 - Training DAE model epoch #390
2025-09-30 07:23:28.393 | INFO     | agents.servers.serverDAE:train_on_clients:59 - Saved model for client 0 at epoch 390 -> saved_models/DAE/average/wsn_ds/epoch_390_client_0.pt
2025-09-30 07:23:28.682 | INFO     | agents.servers.serverDAE:train_on_clients:59 - Saved model for client 1 at epoch 390 -> saved_models/DAE/average/wsn_ds/epoch_390_client_1.pt
2025-09-30 07:23:28.971 | INFO     | agents.servers.serverDAE:train_on_clients:59 - Saved model for client 2 at epoch 390 -> saved_models/DAE/average/wsn_ds/epoch_390_client_2.pt
2025-09-30 07:23:29.260 | INFO     | agents.servers.serverDAE:train_on_clients:59 - Saved model for client 3 at epoch 390 -> saved_models/DAE/average/wsn_ds/epoch_390_client_3.pt
2025-09-30 07:23:29.549 | INFO     | agents.servers.serverDAE:train_on_clients:59 - Saved model for client 4 at epoch 390 -> saved_models/DAE/average/wsn_ds/epoch_390_client_4.pt
2025-09-30 07:23:29.835 | INFO     | agents.servers.serverDAE:train_on_clients:43 - Client 5 gets new best val_loss at epoch #390: 0.000479
2025-09-30 07:23:29.836 | INFO     | agents.servers.serverDAE:train_on_clients:59 - Saved model for client 5 at epoch 390 -> saved_models/DAE/average/wsn_ds/epoch_390_client_5.pt
2025-09-30 07:23:30.128 | INFO     | agents.servers.serverDAE:train_on_clients:59 - Saved model for client 6 at epoch 390 -> saved_models/DAE/average/wsn_ds/epoch_390_client_6.pt
2025-09-30 07:23:30.417 | INFO     | agents.servers.serverDAE:train_on_clients:43 - Client 7 gets new best val_loss at epoch #390: 0.000502
2025-09-30 07:23:30.419 | INFO     | agents.servers.serverDAE:train_on_clients:59 - Saved model for client 7 at epoch 390 -> saved_models/DAE/average/wsn_ds/epoch_390_client_7.pt
2025-09-30 07:23:30.706 | INFO     | agents.servers.serverDAE:train_on_clients:59 - Saved model for client 8 at epoch 390 -> saved_models/DAE/average/wsn_ds/epoch_390_client_8.pt
2025-09-30 07:23:30.989 | INFO     | agents.servers.serverDAE:train_on_clients:59 - Saved model for client 9 at epoch 390 -> saved_models/DAE/average/wsn_ds/epoch_390_client_9.pt
2025-09-30 07:23:31.295 | INFO     | agents.servers.serverDAE:train_on_clients:59 - Saved model for client 10 at epoch 390 -> saved_models/DAE/average/wsn_ds/epoch_390_client_10.pt
2025-09-30 07:23:31.588 | INFO     | agents.servers.serverDAE:train_on_clients:59 - Saved model for client 11 at epoch 390 -> saved_models/DAE/average/wsn_ds/epoch_390_client_11.pt
2025-09-30 07:23:31.878 | INFO     | agents.servers.serverDAE:train_on_clients:59 - Saved model for client 12 at epoch 390 -> saved_models/DAE/average/wsn_ds/epoch_390_client_12.pt
2025-09-30 07:23:32.167 | INFO     | agents.servers.serverDAE:train_on_clients:59 - Saved model for client 13 at epoch 390 -> saved_models/DAE/average/wsn_ds/epoch_390_client_13.pt
2025-09-30 07:23:32.454 | INFO     | agents.servers.serverDAE:train_on_clients:59 - Saved model for client 14 at epoch 390 -> saved_models/DAE/average/wsn_ds/epoch_390_client_14.pt
2025-09-30 07:23:32.738 | INFO     | agents.servers.serverDAE:train_on_clients:59 - Saved model for client 15 at epoch 390 -> saved_models/DAE/average/wsn_ds/epoch_390_client_15.pt
2025-09-30 07:23:33.022 | INFO     | agents.servers.serverDAE:train_on_clients:59 - Saved model for client 16 at epoch 390 -> saved_models/DAE/average/wsn_ds/epoch_390_client_16.pt
2025-09-30 07:23:33.311 | INFO     | agents.servers.serverDAE:train_on_clients:59 - Saved model for client 17 at epoch 390 -> saved_models/DAE/average/wsn_ds/epoch_390_client_17.pt
2025-09-30 07:23:33.599 | INFO     | agents.servers.serverDAE:train_on_clients:59 - Saved model for client 18 at epoch 390 -> saved_models/DAE/average/wsn_ds/epoch_390_client_18.pt
2025-09-30 07:23:33.888 | INFO     | agents.servers.serverDAE:train_on_clients:59 - Saved model for client 19 at epoch 390 -> saved_models/DAE/average/wsn_ds/epoch_390_client_19.pt
2025-09-30 07:23:33.894 | INFO     | agents.servers.serverDAE:train_on_clients:65 - 20 clients still training at epoch #390
2025-09-30 07:23:33.913 | INFO     | agents.servers.serverDAE:train_on_clients:22 - Training DAE model epoch #391
2025-09-30 07:23:39.685 | INFO     | agents.servers.serverDAE:train_on_clients:65 - 20 clients still training at epoch #391
2025-09-30 07:23:39.704 | INFO     | agents.servers.serverDAE:train_on_clients:22 - Training DAE model epoch #392
2025-09-30 07:23:45.324 | INFO     | agents.servers.serverDAE:train_on_clients:65 - 20 clients still training at epoch #392
2025-09-30 07:23:45.343 | INFO     | agents.servers.serverDAE:train_on_clients:22 - Training DAE model epoch #393
2025-09-30 07:23:51.087 | INFO     | agents.servers.serverDAE:train_on_clients:65 - 20 clients still training at epoch #393
2025-09-30 07:23:51.105 | INFO     | agents.servers.serverDAE:train_on_clients:22 - Training DAE model epoch #394
2025-09-30 07:23:56.871 | INFO     | agents.servers.serverDAE:train_on_clients:65 - 20 clients still training at epoch #394
2025-09-30 07:23:56.889 | INFO     | agents.servers.serverDAE:train_on_clients:22 - Training DAE model epoch #395
2025-09-30 07:24:02.671 | INFO     | agents.servers.serverDAE:train_on_clients:65 - 20 clients still training at epoch #395
2025-09-30 07:24:02.690 | INFO     | agents.servers.serverDAE:train_on_clients:22 - Training DAE model epoch #396
2025-09-30 07:24:08.402 | INFO     | agents.servers.serverDAE:train_on_clients:65 - 20 clients still training at epoch #396
2025-09-30 07:24:08.421 | INFO     | agents.servers.serverDAE:train_on_clients:22 - Training DAE model epoch #397
2025-09-30 07:24:08.978 | INFO     | agents.servers.serverDAE:train_on_clients:43 - Client 1 gets new best val_loss at epoch #397: 0.000594
2025-09-30 07:24:14.102 | INFO     | agents.servers.serverDAE:train_on_clients:65 - 20 clients still training at epoch #397
2025-09-30 07:24:14.121 | INFO     | agents.servers.serverDAE:train_on_clients:22 - Training DAE model epoch #398
2025-09-30 07:24:18.665 | INFO     | agents.servers.serverDAE:train_on_clients:43 - Client 15 gets new best val_loss at epoch #398: 0.000513
2025-09-30 07:24:19.799 | INFO     | agents.servers.serverDAE:train_on_clients:65 - 20 clients still training at epoch #398
2025-09-30 07:24:19.823 | INFO     | agents.servers.serverDAE:train_on_clients:22 - Training DAE model epoch #399
2025-09-30 07:24:22.105 | INFO     | agents.servers.serverDAE:train_on_clients:43 - Client 7 gets new best val_loss at epoch #399: 0.000496
2025-09-30 07:24:25.510 | INFO     | agents.servers.serverDAE:train_on_clients:65 - 20 clients still training at epoch #399
2025-09-30 07:24:25.529 | INFO     | agents.servers.serverDAE:train_on_clients:22 - Training DAE model epoch #400
2025-09-30 07:24:25.808 | INFO     | agents.servers.serverDAE:train_on_clients:59 - Saved model for client 0 at epoch 400 -> saved_models/DAE/average/wsn_ds/epoch_400_client_0.pt
2025-09-30 07:24:26.093 | INFO     | agents.servers.serverDAE:train_on_clients:59 - Saved model for client 1 at epoch 400 -> saved_models/DAE/average/wsn_ds/epoch_400_client_1.pt
2025-09-30 07:24:26.378 | INFO     | agents.servers.serverDAE:train_on_clients:59 - Saved model for client 2 at epoch 400 -> saved_models/DAE/average/wsn_ds/epoch_400_client_2.pt
2025-09-30 07:24:26.660 | INFO     | agents.servers.serverDAE:train_on_clients:59 - Saved model for client 3 at epoch 400 -> saved_models/DAE/average/wsn_ds/epoch_400_client_3.pt
2025-09-30 07:24:26.943 | INFO     | agents.servers.serverDAE:train_on_clients:59 - Saved model for client 4 at epoch 400 -> saved_models/DAE/average/wsn_ds/epoch_400_client_4.pt
2025-09-30 07:24:27.232 | INFO     | agents.servers.serverDAE:train_on_clients:59 - Saved model for client 5 at epoch 400 -> saved_models/DAE/average/wsn_ds/epoch_400_client_5.pt
2025-09-30 07:24:27.518 | INFO     | agents.servers.serverDAE:train_on_clients:59 - Saved model for client 6 at epoch 400 -> saved_models/DAE/average/wsn_ds/epoch_400_client_6.pt
2025-09-30 07:24:27.806 | INFO     | agents.servers.serverDAE:train_on_clients:59 - Saved model for client 7 at epoch 400 -> saved_models/DAE/average/wsn_ds/epoch_400_client_7.pt
2025-09-30 07:24:28.095 | INFO     | agents.servers.serverDAE:train_on_clients:59 - Saved model for client 8 at epoch 400 -> saved_models/DAE/average/wsn_ds/epoch_400_client_8.pt
2025-09-30 07:24:28.385 | INFO     | agents.servers.serverDAE:train_on_clients:59 - Saved model for client 9 at epoch 400 -> saved_models/DAE/average/wsn_ds/epoch_400_client_9.pt
2025-09-30 07:24:28.674 | INFO     | agents.servers.serverDAE:train_on_clients:59 - Saved model for client 10 at epoch 400 -> saved_models/DAE/average/wsn_ds/epoch_400_client_10.pt
2025-09-30 07:24:28.963 | INFO     | agents.servers.serverDAE:train_on_clients:59 - Saved model for client 11 at epoch 400 -> saved_models/DAE/average/wsn_ds/epoch_400_client_11.pt
2025-09-30 07:24:29.254 | INFO     | agents.servers.serverDAE:train_on_clients:59 - Saved model for client 12 at epoch 400 -> saved_models/DAE/average/wsn_ds/epoch_400_client_12.pt
2025-09-30 07:24:29.543 | INFO     | agents.servers.serverDAE:train_on_clients:59 - Saved model for client 13 at epoch 400 -> saved_models/DAE/average/wsn_ds/epoch_400_client_13.pt
2025-09-30 07:24:29.834 | INFO     | agents.servers.serverDAE:train_on_clients:59 - Saved model for client 14 at epoch 400 -> saved_models/DAE/average/wsn_ds/epoch_400_client_14.pt
2025-09-30 07:24:30.122 | INFO     | agents.servers.serverDAE:train_on_clients:59 - Saved model for client 15 at epoch 400 -> saved_models/DAE/average/wsn_ds/epoch_400_client_15.pt
2025-09-30 07:24:30.414 | INFO     | agents.servers.serverDAE:train_on_clients:59 - Saved model for client 16 at epoch 400 -> saved_models/DAE/average/wsn_ds/epoch_400_client_16.pt
2025-09-30 07:24:30.703 | INFO     | agents.servers.serverDAE:train_on_clients:59 - Saved model for client 17 at epoch 400 -> saved_models/DAE/average/wsn_ds/epoch_400_client_17.pt
2025-09-30 07:24:30.992 | INFO     | agents.servers.serverDAE:train_on_clients:59 - Saved model for client 18 at epoch 400 -> saved_models/DAE/average/wsn_ds/epoch_400_client_18.pt
2025-09-30 07:24:31.278 | INFO     | agents.servers.serverDAE:train_on_clients:59 - Saved model for client 19 at epoch 400 -> saved_models/DAE/average/wsn_ds/epoch_400_client_19.pt
2025-09-30 07:24:31.284 | INFO     | agents.servers.serverDAE:train_on_clients:65 - 20 clients still training at epoch #400
2025-09-30 07:24:31.302 | INFO     | agents.servers.serverDAE:train_on_clients:22 - Training DAE model epoch #401
2025-09-30 07:24:37.068 | INFO     | agents.servers.serverDAE:train_on_clients:65 - 20 clients still training at epoch #401
2025-09-30 07:24:37.086 | INFO     | agents.servers.serverDAE:train_on_clients:22 - Training DAE model epoch #402
2025-09-30 07:24:42.850 | INFO     | agents.servers.serverDAE:train_on_clients:65 - 20 clients still training at epoch #402
2025-09-30 07:24:42.869 | INFO     | agents.servers.serverDAE:train_on_clients:22 - Training DAE model epoch #403
2025-09-30 07:24:47.179 | INFO     | agents.servers.serverDAE:train_on_clients:43 - Client 14 gets new best val_loss at epoch #403: 0.000467
2025-09-30 07:24:48.623 | INFO     | agents.servers.serverDAE:train_on_clients:65 - 20 clients still training at epoch #403
2025-09-30 07:24:48.641 | INFO     | agents.servers.serverDAE:train_on_clients:22 - Training DAE model epoch #404
2025-09-30 07:24:54.383 | INFO     | agents.servers.serverDAE:train_on_clients:65 - 20 clients still training at epoch #404
2025-09-30 07:24:54.401 | INFO     | agents.servers.serverDAE:train_on_clients:22 - Training DAE model epoch #405
2025-09-30 07:25:00.191 | INFO     | agents.servers.serverDAE:train_on_clients:65 - 20 clients still training at epoch #405
2025-09-30 07:25:00.209 | INFO     | agents.servers.serverDAE:train_on_clients:22 - Training DAE model epoch #406
2025-09-30 07:25:05.923 | INFO     | agents.servers.serverDAE:train_on_clients:65 - 20 clients still training at epoch #406
2025-09-30 07:25:05.941 | INFO     | agents.servers.serverDAE:train_on_clients:22 - Training DAE model epoch #407
2025-09-30 07:25:10.245 | INFO     | agents.servers.serverDAE:train_on_clients:43 - Client 14 gets new best val_loss at epoch #407: 0.000466
2025-09-30 07:25:11.692 | INFO     | agents.servers.serverDAE:train_on_clients:65 - 20 clients still training at epoch #407
2025-09-30 07:25:11.710 | INFO     | agents.servers.serverDAE:train_on_clients:22 - Training DAE model epoch #408
2025-09-30 07:25:16.061 | INFO     | agents.servers.serverDAE:train_on_clients:43 - Client 14 gets new best val_loss at epoch #408: 0.000457
2025-09-30 07:25:17.530 | INFO     | agents.servers.serverDAE:train_on_clients:65 - 20 clients still training at epoch #408
2025-09-30 07:25:17.549 | INFO     | agents.servers.serverDAE:train_on_clients:22 - Training DAE model epoch #409
2025-09-30 07:25:23.336 | INFO     | agents.servers.serverDAE:train_on_clients:65 - 20 clients still training at epoch #409
2025-09-30 07:25:23.354 | INFO     | agents.servers.serverDAE:train_on_clients:22 - Training DAE model epoch #410
2025-09-30 07:25:23.637 | INFO     | agents.servers.serverDAE:train_on_clients:59 - Saved model for client 0 at epoch 410 -> saved_models/DAE/average/wsn_ds/epoch_410_client_0.pt
2025-09-30 07:25:23.928 | INFO     | agents.servers.serverDAE:train_on_clients:59 - Saved model for client 1 at epoch 410 -> saved_models/DAE/average/wsn_ds/epoch_410_client_1.pt
2025-09-30 07:25:24.218 | INFO     | agents.servers.serverDAE:train_on_clients:59 - Saved model for client 2 at epoch 410 -> saved_models/DAE/average/wsn_ds/epoch_410_client_2.pt
2025-09-30 07:25:24.510 | INFO     | agents.servers.serverDAE:train_on_clients:59 - Saved model for client 3 at epoch 410 -> saved_models/DAE/average/wsn_ds/epoch_410_client_3.pt
2025-09-30 07:25:24.801 | INFO     | agents.servers.serverDAE:train_on_clients:59 - Saved model for client 4 at epoch 410 -> saved_models/DAE/average/wsn_ds/epoch_410_client_4.pt
2025-09-30 07:25:25.091 | INFO     | agents.servers.serverDAE:train_on_clients:59 - Saved model for client 5 at epoch 410 -> saved_models/DAE/average/wsn_ds/epoch_410_client_5.pt
2025-09-30 07:25:25.379 | INFO     | agents.servers.serverDAE:train_on_clients:59 - Saved model for client 6 at epoch 410 -> saved_models/DAE/average/wsn_ds/epoch_410_client_6.pt
2025-09-30 07:25:25.669 | INFO     | agents.servers.serverDAE:train_on_clients:59 - Saved model for client 7 at epoch 410 -> saved_models/DAE/average/wsn_ds/epoch_410_client_7.pt
2025-09-30 07:25:25.959 | INFO     | agents.servers.serverDAE:train_on_clients:59 - Saved model for client 8 at epoch 410 -> saved_models/DAE/average/wsn_ds/epoch_410_client_8.pt
2025-09-30 07:25:26.250 | INFO     | agents.servers.serverDAE:train_on_clients:59 - Saved model for client 9 at epoch 410 -> saved_models/DAE/average/wsn_ds/epoch_410_client_9.pt
2025-09-30 07:25:26.539 | INFO     | agents.servers.serverDAE:train_on_clients:59 - Saved model for client 10 at epoch 410 -> saved_models/DAE/average/wsn_ds/epoch_410_client_10.pt
2025-09-30 07:25:26.831 | INFO     | agents.servers.serverDAE:train_on_clients:59 - Saved model for client 11 at epoch 410 -> saved_models/DAE/average/wsn_ds/epoch_410_client_11.pt
2025-09-30 07:25:27.122 | INFO     | agents.servers.serverDAE:train_on_clients:59 - Saved model for client 12 at epoch 410 -> saved_models/DAE/average/wsn_ds/epoch_410_client_12.pt
2025-09-30 07:25:27.414 | INFO     | agents.servers.serverDAE:train_on_clients:59 - Saved model for client 13 at epoch 410 -> saved_models/DAE/average/wsn_ds/epoch_410_client_13.pt
2025-09-30 07:25:27.703 | INFO     | agents.servers.serverDAE:train_on_clients:59 - Saved model for client 14 at epoch 410 -> saved_models/DAE/average/wsn_ds/epoch_410_client_14.pt
2025-09-30 07:25:27.993 | INFO     | agents.servers.serverDAE:train_on_clients:59 - Saved model for client 15 at epoch 410 -> saved_models/DAE/average/wsn_ds/epoch_410_client_15.pt
2025-09-30 07:25:28.284 | INFO     | agents.servers.serverDAE:train_on_clients:59 - Saved model for client 16 at epoch 410 -> saved_models/DAE/average/wsn_ds/epoch_410_client_16.pt
2025-09-30 07:25:28.574 | INFO     | agents.servers.serverDAE:train_on_clients:59 - Saved model for client 17 at epoch 410 -> saved_models/DAE/average/wsn_ds/epoch_410_client_17.pt
2025-09-30 07:25:28.862 | INFO     | agents.servers.serverDAE:train_on_clients:59 - Saved model for client 18 at epoch 410 -> saved_models/DAE/average/wsn_ds/epoch_410_client_18.pt
2025-09-30 07:25:29.150 | INFO     | agents.servers.serverDAE:train_on_clients:59 - Saved model for client 19 at epoch 410 -> saved_models/DAE/average/wsn_ds/epoch_410_client_19.pt
2025-09-30 07:25:29.157 | INFO     | agents.servers.serverDAE:train_on_clients:65 - 20 clients still training at epoch #410
2025-09-30 07:25:29.175 | INFO     | agents.servers.serverDAE:train_on_clients:22 - Training DAE model epoch #411
2025-09-30 07:25:31.489 | INFO     | agents.servers.serverDAE:train_on_clients:43 - Client 7 gets new best val_loss at epoch #411: 0.000488
2025-09-30 07:25:34.981 | INFO     | agents.servers.serverDAE:train_on_clients:65 - 20 clients still training at epoch #411
2025-09-30 07:25:35.000 | INFO     | agents.servers.serverDAE:train_on_clients:22 - Training DAE model epoch #412
2025-09-30 07:25:39.078 | INFO     | agents.servers.serverDAE:train_on_clients:43 - Client 13 gets new best val_loss at epoch #412: 0.000481
2025-09-30 07:25:40.812 | INFO     | agents.servers.serverDAE:train_on_clients:65 - 20 clients still training at epoch #412
2025-09-30 07:25:40.831 | INFO     | agents.servers.serverDAE:train_on_clients:22 - Training DAE model epoch #413
2025-09-30 07:25:46.512 | INFO     | agents.servers.serverDAE:train_on_clients:65 - 20 clients still training at epoch #413
2025-09-30 07:25:46.531 | INFO     | agents.servers.serverDAE:train_on_clients:22 - Training DAE model epoch #414
2025-09-30 07:25:52.257 | INFO     | agents.servers.serverDAE:train_on_clients:65 - 20 clients still training at epoch #414
2025-09-30 07:25:52.276 | INFO     | agents.servers.serverDAE:train_on_clients:22 - Training DAE model epoch #415
2025-09-30 07:25:58.056 | INFO     | agents.servers.serverDAE:train_on_clients:65 - 20 clients still training at epoch #415
2025-09-30 07:25:58.074 | INFO     | agents.servers.serverDAE:train_on_clients:22 - Training DAE model epoch #416
2025-09-30 07:26:03.820 | INFO     | agents.servers.serverDAE:train_on_clients:65 - 20 clients still training at epoch #416
2025-09-30 07:26:03.838 | INFO     | agents.servers.serverDAE:train_on_clients:22 - Training DAE model epoch #417
2025-09-30 07:26:09.601 | INFO     | agents.servers.serverDAE:train_on_clients:65 - 20 clients still training at epoch #417
2025-09-30 07:26:09.619 | INFO     | agents.servers.serverDAE:train_on_clients:22 - Training DAE model epoch #418
2025-09-30 07:26:15.246 | INFO     | agents.servers.serverDAE:train_on_clients:43 - Client 18 gets new best val_loss at epoch #418: 0.000484
2025-09-30 07:26:15.542 | INFO     | agents.servers.serverDAE:train_on_clients:65 - 20 clients still training at epoch #418
2025-09-30 07:26:15.561 | INFO     | agents.servers.serverDAE:train_on_clients:22 - Training DAE model epoch #419
2025-09-30 07:26:21.306 | INFO     | agents.servers.serverDAE:train_on_clients:65 - 20 clients still training at epoch #419
2025-09-30 07:26:21.325 | INFO     | agents.servers.serverDAE:train_on_clients:22 - Training DAE model epoch #420
2025-09-30 07:26:21.609 | INFO     | agents.servers.serverDAE:train_on_clients:59 - Saved model for client 0 at epoch 420 -> saved_models/DAE/average/wsn_ds/epoch_420_client_0.pt
2025-09-30 07:26:21.898 | INFO     | agents.servers.serverDAE:train_on_clients:59 - Saved model for client 1 at epoch 420 -> saved_models/DAE/average/wsn_ds/epoch_420_client_1.pt
2025-09-30 07:26:22.186 | INFO     | agents.servers.serverDAE:train_on_clients:59 - Saved model for client 2 at epoch 420 -> saved_models/DAE/average/wsn_ds/epoch_420_client_2.pt
2025-09-30 07:26:22.475 | INFO     | agents.servers.serverDAE:train_on_clients:59 - Saved model for client 3 at epoch 420 -> saved_models/DAE/average/wsn_ds/epoch_420_client_3.pt
2025-09-30 07:26:22.759 | INFO     | agents.servers.serverDAE:train_on_clients:59 - Saved model for client 4 at epoch 420 -> saved_models/DAE/average/wsn_ds/epoch_420_client_4.pt
2025-09-30 07:26:23.048 | INFO     | agents.servers.serverDAE:train_on_clients:59 - Saved model for client 5 at epoch 420 -> saved_models/DAE/average/wsn_ds/epoch_420_client_5.pt
2025-09-30 07:26:23.337 | INFO     | agents.servers.serverDAE:train_on_clients:59 - Saved model for client 6 at epoch 420 -> saved_models/DAE/average/wsn_ds/epoch_420_client_6.pt
2025-09-30 07:26:23.626 | INFO     | agents.servers.serverDAE:train_on_clients:59 - Saved model for client 7 at epoch 420 -> saved_models/DAE/average/wsn_ds/epoch_420_client_7.pt
2025-09-30 07:26:23.915 | INFO     | agents.servers.serverDAE:train_on_clients:59 - Saved model for client 8 at epoch 420 -> saved_models/DAE/average/wsn_ds/epoch_420_client_8.pt
2025-09-30 07:26:24.203 | INFO     | agents.servers.serverDAE:train_on_clients:59 - Saved model for client 9 at epoch 420 -> saved_models/DAE/average/wsn_ds/epoch_420_client_9.pt
2025-09-30 07:26:24.483 | INFO     | agents.servers.serverDAE:train_on_clients:59 - Saved model for client 10 at epoch 420 -> saved_models/DAE/average/wsn_ds/epoch_420_client_10.pt
2025-09-30 07:26:24.761 | INFO     | agents.servers.serverDAE:train_on_clients:59 - Saved model for client 11 at epoch 420 -> saved_models/DAE/average/wsn_ds/epoch_420_client_11.pt
2025-09-30 07:26:25.038 | INFO     | agents.servers.serverDAE:train_on_clients:59 - Saved model for client 12 at epoch 420 -> saved_models/DAE/average/wsn_ds/epoch_420_client_12.pt
2025-09-30 07:26:25.319 | INFO     | agents.servers.serverDAE:train_on_clients:59 - Saved model for client 13 at epoch 420 -> saved_models/DAE/average/wsn_ds/epoch_420_client_13.pt
2025-09-30 07:26:25.596 | INFO     | agents.servers.serverDAE:train_on_clients:59 - Saved model for client 14 at epoch 420 -> saved_models/DAE/average/wsn_ds/epoch_420_client_14.pt
2025-09-30 07:26:25.878 | INFO     | agents.servers.serverDAE:train_on_clients:59 - Saved model for client 15 at epoch 420 -> saved_models/DAE/average/wsn_ds/epoch_420_client_15.pt
2025-09-30 07:26:26.155 | INFO     | agents.servers.serverDAE:train_on_clients:59 - Saved model for client 16 at epoch 420 -> saved_models/DAE/average/wsn_ds/epoch_420_client_16.pt
2025-09-30 07:26:26.437 | INFO     | agents.servers.serverDAE:train_on_clients:59 - Saved model for client 17 at epoch 420 -> saved_models/DAE/average/wsn_ds/epoch_420_client_17.pt
2025-09-30 07:26:26.715 | INFO     | agents.servers.serverDAE:train_on_clients:59 - Saved model for client 18 at epoch 420 -> saved_models/DAE/average/wsn_ds/epoch_420_client_18.pt
2025-09-30 07:26:26.995 | INFO     | agents.servers.serverDAE:train_on_clients:59 - Saved model for client 19 at epoch 420 -> saved_models/DAE/average/wsn_ds/epoch_420_client_19.pt
2025-09-30 07:26:27.002 | INFO     | agents.servers.serverDAE:train_on_clients:65 - 20 clients still training at epoch #420
2025-09-30 07:26:27.020 | INFO     | agents.servers.serverDAE:train_on_clients:22 - Training DAE model epoch #421
2025-09-30 07:26:27.833 | INFO     | agents.servers.serverDAE:train_on_clients:43 - Client 2 gets new best val_loss at epoch #421: 0.000467
2025-09-30 07:26:32.625 | INFO     | agents.servers.serverDAE:train_on_clients:65 - 20 clients still training at epoch #421
2025-09-30 07:26:32.643 | INFO     | agents.servers.serverDAE:train_on_clients:22 - Training DAE model epoch #422
2025-09-30 07:26:35.533 | INFO     | agents.servers.serverDAE:train_on_clients:43 - Client 9 gets new best val_loss at epoch #422: 0.000475
2025-09-30 07:26:38.436 | INFO     | agents.servers.serverDAE:train_on_clients:65 - 20 clients still training at epoch #422
2025-09-30 07:26:38.455 | INFO     | agents.servers.serverDAE:train_on_clients:22 - Training DAE model epoch #423
2025-09-30 07:26:43.078 | INFO     | agents.servers.serverDAE:train_on_clients:43 - Client 15 gets new best val_loss at epoch #423: 0.000507
2025-09-30 07:26:44.236 | INFO     | agents.servers.serverDAE:train_on_clients:65 - 20 clients still training at epoch #423
2025-09-30 07:26:44.254 | INFO     | agents.servers.serverDAE:train_on_clients:22 - Training DAE model epoch #424
2025-09-30 07:26:49.153 | INFO     | agents.servers.serverDAE:train_on_clients:43 - Client 16 gets new best val_loss at epoch #424: 0.000529
2025-09-30 07:26:50.025 | INFO     | agents.servers.serverDAE:train_on_clients:65 - 20 clients still training at epoch #424
2025-09-30 07:26:50.044 | INFO     | agents.servers.serverDAE:train_on_clients:22 - Training DAE model epoch #425
2025-09-30 07:26:55.821 | INFO     | agents.servers.serverDAE:train_on_clients:65 - 20 clients still training at epoch #425
2025-09-30 07:26:55.840 | INFO     | agents.servers.serverDAE:train_on_clients:22 - Training DAE model epoch #426
2025-09-30 07:26:57.309 | INFO     | agents.servers.serverDAE:train_on_clients:43 - Client 4 gets new best val_loss at epoch #426: 0.000501
2025-09-30 07:27:01.628 | INFO     | agents.servers.serverDAE:train_on_clients:65 - 20 clients still training at epoch #426
2025-09-30 07:27:01.646 | INFO     | agents.servers.serverDAE:train_on_clients:22 - Training DAE model epoch #427
2025-09-30 07:27:07.388 | INFO     | agents.servers.serverDAE:train_on_clients:65 - 20 clients still training at epoch #427
2025-09-30 07:27:07.407 | INFO     | agents.servers.serverDAE:train_on_clients:22 - Training DAE model epoch #428
2025-09-30 07:27:13.082 | INFO     | agents.servers.serverDAE:train_on_clients:65 - 20 clients still training at epoch #428
2025-09-30 07:27:13.100 | INFO     | agents.servers.serverDAE:train_on_clients:22 - Training DAE model epoch #429
2025-09-30 07:27:19.083 | INFO     | agents.servers.serverDAE:train_on_clients:65 - 20 clients still training at epoch #429
2025-09-30 07:27:19.102 | INFO     | agents.servers.serverDAE:train_on_clients:22 - Training DAE model epoch #430
2025-09-30 07:27:19.387 | INFO     | agents.servers.serverDAE:train_on_clients:59 - Saved model for client 0 at epoch 430 -> saved_models/DAE/average/wsn_ds/epoch_430_client_0.pt
2025-09-30 07:27:19.701 | INFO     | agents.servers.serverDAE:train_on_clients:59 - Saved model for client 1 at epoch 430 -> saved_models/DAE/average/wsn_ds/epoch_430_client_1.pt
2025-09-30 07:27:19.993 | INFO     | agents.servers.serverDAE:train_on_clients:59 - Saved model for client 2 at epoch 430 -> saved_models/DAE/average/wsn_ds/epoch_430_client_2.pt
2025-09-30 07:27:20.285 | INFO     | agents.servers.serverDAE:train_on_clients:43 - Client 3 gets new best val_loss at epoch #430: 0.000488
2025-09-30 07:27:20.286 | INFO     | agents.servers.serverDAE:train_on_clients:59 - Saved model for client 3 at epoch 430 -> saved_models/DAE/average/wsn_ds/epoch_430_client_3.pt
2025-09-30 07:27:20.579 | INFO     | agents.servers.serverDAE:train_on_clients:59 - Saved model for client 4 at epoch 430 -> saved_models/DAE/average/wsn_ds/epoch_430_client_4.pt
2025-09-30 07:27:20.870 | INFO     | agents.servers.serverDAE:train_on_clients:59 - Saved model for client 5 at epoch 430 -> saved_models/DAE/average/wsn_ds/epoch_430_client_5.pt
2025-09-30 07:27:21.159 | INFO     | agents.servers.serverDAE:train_on_clients:59 - Saved model for client 6 at epoch 430 -> saved_models/DAE/average/wsn_ds/epoch_430_client_6.pt
2025-09-30 07:27:21.448 | INFO     | agents.servers.serverDAE:train_on_clients:59 - Saved model for client 7 at epoch 430 -> saved_models/DAE/average/wsn_ds/epoch_430_client_7.pt
2025-09-30 07:27:21.740 | INFO     | agents.servers.serverDAE:train_on_clients:59 - Saved model for client 8 at epoch 430 -> saved_models/DAE/average/wsn_ds/epoch_430_client_8.pt
2025-09-30 07:27:22.031 | INFO     | agents.servers.serverDAE:train_on_clients:59 - Saved model for client 9 at epoch 430 -> saved_models/DAE/average/wsn_ds/epoch_430_client_9.pt
2025-09-30 07:27:22.322 | INFO     | agents.servers.serverDAE:train_on_clients:59 - Saved model for client 10 at epoch 430 -> saved_models/DAE/average/wsn_ds/epoch_430_client_10.pt
2025-09-30 07:27:22.613 | INFO     | agents.servers.serverDAE:train_on_clients:59 - Saved model for client 11 at epoch 430 -> saved_models/DAE/average/wsn_ds/epoch_430_client_11.pt
2025-09-30 07:27:22.905 | INFO     | agents.servers.serverDAE:train_on_clients:59 - Saved model for client 12 at epoch 430 -> saved_models/DAE/average/wsn_ds/epoch_430_client_12.pt
2025-09-30 07:27:23.198 | INFO     | agents.servers.serverDAE:train_on_clients:59 - Saved model for client 13 at epoch 430 -> saved_models/DAE/average/wsn_ds/epoch_430_client_13.pt
2025-09-30 07:27:23.489 | INFO     | agents.servers.serverDAE:train_on_clients:59 - Saved model for client 14 at epoch 430 -> saved_models/DAE/average/wsn_ds/epoch_430_client_14.pt
2025-09-30 07:27:23.777 | INFO     | agents.servers.serverDAE:train_on_clients:59 - Saved model for client 15 at epoch 430 -> saved_models/DAE/average/wsn_ds/epoch_430_client_15.pt
2025-09-30 07:27:24.068 | INFO     | agents.servers.serverDAE:train_on_clients:59 - Saved model for client 16 at epoch 430 -> saved_models/DAE/average/wsn_ds/epoch_430_client_16.pt
2025-09-30 07:27:24.355 | INFO     | agents.servers.serverDAE:train_on_clients:59 - Saved model for client 17 at epoch 430 -> saved_models/DAE/average/wsn_ds/epoch_430_client_17.pt
2025-09-30 07:27:24.645 | INFO     | agents.servers.serverDAE:train_on_clients:59 - Saved model for client 18 at epoch 430 -> saved_models/DAE/average/wsn_ds/epoch_430_client_18.pt
2025-09-30 07:27:24.935 | INFO     | agents.servers.serverDAE:train_on_clients:59 - Saved model for client 19 at epoch 430 -> saved_models/DAE/average/wsn_ds/epoch_430_client_19.pt
2025-09-30 07:27:24.942 | INFO     | agents.servers.serverDAE:train_on_clients:65 - 20 clients still training at epoch #430
2025-09-30 07:27:24.961 | INFO     | agents.servers.serverDAE:train_on_clients:22 - Training DAE model epoch #431
2025-09-30 07:27:30.756 | INFO     | agents.servers.serverDAE:train_on_clients:65 - 20 clients still training at epoch #431
2025-09-30 07:27:30.774 | INFO     | agents.servers.serverDAE:train_on_clients:22 - Training DAE model epoch #432
2025-09-30 07:27:36.553 | INFO     | agents.servers.serverDAE:train_on_clients:65 - 20 clients still training at epoch #432
2025-09-30 07:27:36.571 | INFO     | agents.servers.serverDAE:train_on_clients:22 - Training DAE model epoch #433
2025-09-30 07:27:42.347 | INFO     | agents.servers.serverDAE:train_on_clients:65 - 20 clients still training at epoch #433
2025-09-30 07:27:42.365 | INFO     | agents.servers.serverDAE:train_on_clients:22 - Training DAE model epoch #434
2025-09-30 07:27:48.093 | INFO     | agents.servers.serverDAE:train_on_clients:65 - 20 clients still training at epoch #434
2025-09-30 07:27:48.111 | INFO     | agents.servers.serverDAE:train_on_clients:22 - Training DAE model epoch #435
2025-09-30 07:27:53.787 | INFO     | agents.servers.serverDAE:train_on_clients:65 - 20 clients still training at epoch #435
2025-09-30 07:27:53.805 | INFO     | agents.servers.serverDAE:train_on_clients:22 - Training DAE model epoch #436
2025-09-30 07:27:59.549 | INFO     | agents.servers.serverDAE:train_on_clients:65 - 20 clients still training at epoch #436
2025-09-30 07:27:59.568 | INFO     | agents.servers.serverDAE:train_on_clients:22 - Training DAE model epoch #437
2025-09-30 07:28:05.320 | INFO     | agents.servers.serverDAE:train_on_clients:65 - 20 clients still training at epoch #437
2025-09-30 07:28:05.338 | INFO     | agents.servers.serverDAE:train_on_clients:22 - Training DAE model epoch #438
2025-09-30 07:28:11.232 | INFO     | agents.servers.serverDAE:train_on_clients:65 - 20 clients still training at epoch #438
2025-09-30 07:28:11.256 | INFO     | agents.servers.serverDAE:train_on_clients:22 - Training DAE model epoch #439
2025-09-30 07:28:16.992 | INFO     | agents.servers.serverDAE:train_on_clients:65 - 20 clients still training at epoch #439
2025-09-30 07:28:17.010 | INFO     | agents.servers.serverDAE:train_on_clients:22 - Training DAE model epoch #440
2025-09-30 07:28:17.294 | INFO     | agents.servers.serverDAE:train_on_clients:59 - Saved model for client 0 at epoch 440 -> saved_models/DAE/average/wsn_ds/epoch_440_client_0.pt
2025-09-30 07:28:17.572 | INFO     | agents.servers.serverDAE:train_on_clients:59 - Saved model for client 1 at epoch 440 -> saved_models/DAE/average/wsn_ds/epoch_440_client_1.pt
2025-09-30 07:28:17.862 | INFO     | agents.servers.serverDAE:train_on_clients:59 - Saved model for client 2 at epoch 440 -> saved_models/DAE/average/wsn_ds/epoch_440_client_2.pt
2025-09-30 07:28:18.153 | INFO     | agents.servers.serverDAE:train_on_clients:59 - Saved model for client 3 at epoch 440 -> saved_models/DAE/average/wsn_ds/epoch_440_client_3.pt
2025-09-30 07:28:18.442 | INFO     | agents.servers.serverDAE:train_on_clients:59 - Saved model for client 4 at epoch 440 -> saved_models/DAE/average/wsn_ds/epoch_440_client_4.pt
2025-09-30 07:28:18.731 | INFO     | agents.servers.serverDAE:train_on_clients:59 - Saved model for client 5 at epoch 440 -> saved_models/DAE/average/wsn_ds/epoch_440_client_5.pt
2025-09-30 07:28:19.020 | INFO     | agents.servers.serverDAE:train_on_clients:59 - Saved model for client 6 at epoch 440 -> saved_models/DAE/average/wsn_ds/epoch_440_client_6.pt
2025-09-30 07:28:19.310 | INFO     | agents.servers.serverDAE:train_on_clients:59 - Saved model for client 7 at epoch 440 -> saved_models/DAE/average/wsn_ds/epoch_440_client_7.pt
2025-09-30 07:28:19.598 | INFO     | agents.servers.serverDAE:train_on_clients:59 - Saved model for client 8 at epoch 440 -> saved_models/DAE/average/wsn_ds/epoch_440_client_8.pt
2025-09-30 07:28:19.886 | INFO     | agents.servers.serverDAE:train_on_clients:59 - Saved model for client 9 at epoch 440 -> saved_models/DAE/average/wsn_ds/epoch_440_client_9.pt
2025-09-30 07:28:20.175 | INFO     | agents.servers.serverDAE:train_on_clients:59 - Saved model for client 10 at epoch 440 -> saved_models/DAE/average/wsn_ds/epoch_440_client_10.pt
2025-09-30 07:28:20.462 | INFO     | agents.servers.serverDAE:train_on_clients:59 - Saved model for client 11 at epoch 440 -> saved_models/DAE/average/wsn_ds/epoch_440_client_11.pt
2025-09-30 07:28:20.750 | INFO     | agents.servers.serverDAE:train_on_clients:59 - Saved model for client 12 at epoch 440 -> saved_models/DAE/average/wsn_ds/epoch_440_client_12.pt
2025-09-30 07:28:21.039 | INFO     | agents.servers.serverDAE:train_on_clients:59 - Saved model for client 13 at epoch 440 -> saved_models/DAE/average/wsn_ds/epoch_440_client_13.pt
2025-09-30 07:28:21.328 | INFO     | agents.servers.serverDAE:train_on_clients:59 - Saved model for client 14 at epoch 440 -> saved_models/DAE/average/wsn_ds/epoch_440_client_14.pt
2025-09-30 07:28:21.619 | INFO     | agents.servers.serverDAE:train_on_clients:59 - Saved model for client 15 at epoch 440 -> saved_models/DAE/average/wsn_ds/epoch_440_client_15.pt
2025-09-30 07:28:21.909 | INFO     | agents.servers.serverDAE:train_on_clients:59 - Saved model for client 16 at epoch 440 -> saved_models/DAE/average/wsn_ds/epoch_440_client_16.pt
2025-09-30 07:28:22.200 | INFO     | agents.servers.serverDAE:train_on_clients:59 - Saved model for client 17 at epoch 440 -> saved_models/DAE/average/wsn_ds/epoch_440_client_17.pt
2025-09-30 07:28:22.489 | INFO     | agents.servers.serverDAE:train_on_clients:59 - Saved model for client 18 at epoch 440 -> saved_models/DAE/average/wsn_ds/epoch_440_client_18.pt
2025-09-30 07:28:22.781 | INFO     | agents.servers.serverDAE:train_on_clients:59 - Saved model for client 19 at epoch 440 -> saved_models/DAE/average/wsn_ds/epoch_440_client_19.pt
2025-09-30 07:28:22.788 | INFO     | agents.servers.serverDAE:train_on_clients:65 - 20 clients still training at epoch #440
2025-09-30 07:28:22.806 | INFO     | agents.servers.serverDAE:train_on_clients:22 - Training DAE model epoch #441
2025-09-30 07:28:28.613 | INFO     | agents.servers.serverDAE:train_on_clients:65 - 20 clients still training at epoch #441
2025-09-30 07:28:28.632 | INFO     | agents.servers.serverDAE:train_on_clients:22 - Training DAE model epoch #442
2025-09-30 07:28:34.334 | INFO     | agents.servers.serverDAE:train_on_clients:65 - 20 clients still training at epoch #442
2025-09-30 07:28:34.352 | INFO     | agents.servers.serverDAE:train_on_clients:22 - Training DAE model epoch #443
2025-09-30 07:28:40.109 | INFO     | agents.servers.serverDAE:train_on_clients:65 - 20 clients still training at epoch #443
2025-09-30 07:28:40.127 | INFO     | agents.servers.serverDAE:train_on_clients:22 - Training DAE model epoch #444
2025-09-30 07:28:45.638 | INFO     | agents.servers.serverDAE:train_on_clients:43 - Client 18 gets new best val_loss at epoch #444: 0.000483
2025-09-30 07:28:45.937 | INFO     | agents.servers.serverDAE:train_on_clients:65 - 20 clients still training at epoch #444
2025-09-30 07:28:45.955 | INFO     | agents.servers.serverDAE:train_on_clients:22 - Training DAE model epoch #445
2025-09-30 07:28:51.718 | INFO     | agents.servers.serverDAE:train_on_clients:65 - 20 clients still training at epoch #445
2025-09-30 07:28:51.737 | INFO     | agents.servers.serverDAE:train_on_clients:22 - Training DAE model epoch #446
2025-09-30 07:28:57.495 | INFO     | agents.servers.serverDAE:train_on_clients:65 - 20 clients still training at epoch #446
2025-09-30 07:28:57.514 | INFO     | agents.servers.serverDAE:train_on_clients:22 - Training DAE model epoch #447
2025-09-30 07:29:03.276 | INFO     | agents.servers.serverDAE:train_on_clients:65 - 20 clients still training at epoch #447
2025-09-30 07:29:03.295 | INFO     | agents.servers.serverDAE:train_on_clients:22 - Training DAE model epoch #448
2025-09-30 07:29:08.982 | INFO     | agents.servers.serverDAE:train_on_clients:65 - 20 clients still training at epoch #448
2025-09-30 07:29:09.000 | INFO     | agents.servers.serverDAE:train_on_clients:22 - Training DAE model epoch #449
2025-09-30 07:29:14.638 | INFO     | agents.servers.serverDAE:train_on_clients:65 - 20 clients still training at epoch #449
2025-09-30 07:29:14.657 | INFO     | agents.servers.serverDAE:train_on_clients:22 - Training DAE model epoch #450
2025-09-30 07:29:14.941 | INFO     | agents.servers.serverDAE:train_on_clients:59 - Saved model for client 0 at epoch 450 -> saved_models/DAE/average/wsn_ds/epoch_450_client_0.pt
2025-09-30 07:29:15.231 | INFO     | agents.servers.serverDAE:train_on_clients:59 - Saved model for client 1 at epoch 450 -> saved_models/DAE/average/wsn_ds/epoch_450_client_1.pt
2025-09-30 07:29:15.520 | INFO     | agents.servers.serverDAE:train_on_clients:59 - Saved model for client 2 at epoch 450 -> saved_models/DAE/average/wsn_ds/epoch_450_client_2.pt
2025-09-30 07:29:15.809 | INFO     | agents.servers.serverDAE:train_on_clients:59 - Saved model for client 3 at epoch 450 -> saved_models/DAE/average/wsn_ds/epoch_450_client_3.pt
2025-09-30 07:29:16.097 | INFO     | agents.servers.serverDAE:train_on_clients:59 - Saved model for client 4 at epoch 450 -> saved_models/DAE/average/wsn_ds/epoch_450_client_4.pt
2025-09-30 07:29:16.384 | INFO     | agents.servers.serverDAE:train_on_clients:59 - Saved model for client 5 at epoch 450 -> saved_models/DAE/average/wsn_ds/epoch_450_client_5.pt
2025-09-30 07:29:16.672 | INFO     | agents.servers.serverDAE:train_on_clients:59 - Saved model for client 6 at epoch 450 -> saved_models/DAE/average/wsn_ds/epoch_450_client_6.pt
2025-09-30 07:29:16.959 | INFO     | agents.servers.serverDAE:train_on_clients:59 - Saved model for client 7 at epoch 450 -> saved_models/DAE/average/wsn_ds/epoch_450_client_7.pt
2025-09-30 07:29:17.252 | INFO     | agents.servers.serverDAE:train_on_clients:59 - Saved model for client 8 at epoch 450 -> saved_models/DAE/average/wsn_ds/epoch_450_client_8.pt
2025-09-30 07:29:17.541 | INFO     | agents.servers.serverDAE:train_on_clients:59 - Saved model for client 9 at epoch 450 -> saved_models/DAE/average/wsn_ds/epoch_450_client_9.pt
2025-09-30 07:29:17.833 | INFO     | agents.servers.serverDAE:train_on_clients:59 - Saved model for client 10 at epoch 450 -> saved_models/DAE/average/wsn_ds/epoch_450_client_10.pt
2025-09-30 07:29:18.123 | INFO     | agents.servers.serverDAE:train_on_clients:59 - Saved model for client 11 at epoch 450 -> saved_models/DAE/average/wsn_ds/epoch_450_client_11.pt
2025-09-30 07:29:18.413 | INFO     | agents.servers.serverDAE:train_on_clients:59 - Saved model for client 12 at epoch 450 -> saved_models/DAE/average/wsn_ds/epoch_450_client_12.pt
2025-09-30 07:29:18.703 | INFO     | agents.servers.serverDAE:train_on_clients:59 - Saved model for client 13 at epoch 450 -> saved_models/DAE/average/wsn_ds/epoch_450_client_13.pt
2025-09-30 07:29:18.995 | INFO     | agents.servers.serverDAE:train_on_clients:59 - Saved model for client 14 at epoch 450 -> saved_models/DAE/average/wsn_ds/epoch_450_client_14.pt
2025-09-30 07:29:19.289 | INFO     | agents.servers.serverDAE:train_on_clients:59 - Saved model for client 15 at epoch 450 -> saved_models/DAE/average/wsn_ds/epoch_450_client_15.pt
2025-09-30 07:29:19.581 | INFO     | agents.servers.serverDAE:train_on_clients:59 - Saved model for client 16 at epoch 450 -> saved_models/DAE/average/wsn_ds/epoch_450_client_16.pt
2025-09-30 07:29:19.871 | INFO     | agents.servers.serverDAE:train_on_clients:59 - Saved model for client 17 at epoch 450 -> saved_models/DAE/average/wsn_ds/epoch_450_client_17.pt
2025-09-30 07:29:20.160 | INFO     | agents.servers.serverDAE:train_on_clients:59 - Saved model for client 18 at epoch 450 -> saved_models/DAE/average/wsn_ds/epoch_450_client_18.pt
2025-09-30 07:29:20.451 | INFO     | agents.servers.serverDAE:train_on_clients:59 - Saved model for client 19 at epoch 450 -> saved_models/DAE/average/wsn_ds/epoch_450_client_19.pt
2025-09-30 07:29:20.458 | INFO     | agents.servers.serverDAE:train_on_clients:65 - 20 clients still training at epoch #450
2025-09-30 07:29:20.476 | INFO     | agents.servers.serverDAE:train_on_clients:22 - Training DAE model epoch #451
2025-09-30 07:29:26.266 | INFO     | agents.servers.serverDAE:train_on_clients:65 - 20 clients still training at epoch #451
2025-09-30 07:29:26.285 | INFO     | agents.servers.serverDAE:train_on_clients:22 - Training DAE model epoch #452
2025-09-30 07:29:32.232 | INFO     | agents.servers.serverDAE:train_on_clients:65 - 20 clients still training at epoch #452
2025-09-30 07:29:32.251 | INFO     | agents.servers.serverDAE:train_on_clients:22 - Training DAE model epoch #453
2025-09-30 07:29:34.876 | INFO     | agents.servers.serverDAE:train_on_clients:43 - Client 8 gets new best val_loss at epoch #453: 0.000444
2025-09-30 07:29:38.094 | INFO     | agents.servers.serverDAE:train_on_clients:65 - 20 clients still training at epoch #453
2025-09-30 07:29:38.113 | INFO     | agents.servers.serverDAE:train_on_clients:22 - Training DAE model epoch #454
2025-09-30 07:29:43.886 | INFO     | agents.servers.serverDAE:train_on_clients:65 - 20 clients still training at epoch #454
2025-09-30 07:29:43.905 | INFO     | agents.servers.serverDAE:train_on_clients:22 - Training DAE model epoch #455
2025-09-30 07:29:46.522 | INFO     | agents.servers.serverDAE:train_on_clients:43 - Client 8 gets new best val_loss at epoch #455: 0.000439
2025-09-30 07:29:49.382 | INFO     | agents.servers.serverDAE:train_on_clients:43 - Client 18 gets new best val_loss at epoch #455: 0.000470
2025-09-30 07:29:49.668 | INFO     | agents.servers.serverDAE:train_on_clients:65 - 20 clients still training at epoch #455
2025-09-30 07:29:49.686 | INFO     | agents.servers.serverDAE:train_on_clients:22 - Training DAE model epoch #456
2025-09-30 07:29:55.342 | INFO     | agents.servers.serverDAE:train_on_clients:65 - 20 clients still training at epoch #456
2025-09-30 07:29:55.361 | INFO     | agents.servers.serverDAE:train_on_clients:22 - Training DAE model epoch #457
2025-09-30 07:30:01.112 | INFO     | agents.servers.serverDAE:train_on_clients:65 - 20 clients still training at epoch #457
2025-09-30 07:30:01.130 | INFO     | agents.servers.serverDAE:train_on_clients:22 - Training DAE model epoch #458
2025-09-30 07:30:06.928 | INFO     | agents.servers.serverDAE:train_on_clients:65 - 20 clients still training at epoch #458
2025-09-30 07:30:06.947 | INFO     | agents.servers.serverDAE:train_on_clients:22 - Training DAE model epoch #459
2025-09-30 07:30:12.756 | INFO     | agents.servers.serverDAE:train_on_clients:65 - 20 clients still training at epoch #459
2025-09-30 07:30:12.775 | INFO     | agents.servers.serverDAE:train_on_clients:22 - Training DAE model epoch #460
2025-09-30 07:30:13.079 | INFO     | agents.servers.serverDAE:train_on_clients:59 - Saved model for client 0 at epoch 460 -> saved_models/DAE/average/wsn_ds/epoch_460_client_0.pt
2025-09-30 07:30:13.366 | INFO     | agents.servers.serverDAE:train_on_clients:59 - Saved model for client 1 at epoch 460 -> saved_models/DAE/average/wsn_ds/epoch_460_client_1.pt
2025-09-30 07:30:13.658 | INFO     | agents.servers.serverDAE:train_on_clients:59 - Saved model for client 2 at epoch 460 -> saved_models/DAE/average/wsn_ds/epoch_460_client_2.pt
2025-09-30 07:30:13.944 | INFO     | agents.servers.serverDAE:train_on_clients:59 - Saved model for client 3 at epoch 460 -> saved_models/DAE/average/wsn_ds/epoch_460_client_3.pt
2025-09-30 07:30:14.233 | INFO     | agents.servers.serverDAE:train_on_clients:59 - Saved model for client 4 at epoch 460 -> saved_models/DAE/average/wsn_ds/epoch_460_client_4.pt
2025-09-30 07:30:14.522 | INFO     | agents.servers.serverDAE:train_on_clients:59 - Saved model for client 5 at epoch 460 -> saved_models/DAE/average/wsn_ds/epoch_460_client_5.pt
2025-09-30 07:30:14.811 | INFO     | agents.servers.serverDAE:train_on_clients:59 - Saved model for client 6 at epoch 460 -> saved_models/DAE/average/wsn_ds/epoch_460_client_6.pt
2025-09-30 07:30:15.101 | INFO     | agents.servers.serverDAE:train_on_clients:59 - Saved model for client 7 at epoch 460 -> saved_models/DAE/average/wsn_ds/epoch_460_client_7.pt
2025-09-30 07:30:15.390 | INFO     | agents.servers.serverDAE:train_on_clients:59 - Saved model for client 8 at epoch 460 -> saved_models/DAE/average/wsn_ds/epoch_460_client_8.pt
2025-09-30 07:30:15.678 | INFO     | agents.servers.serverDAE:train_on_clients:59 - Saved model for client 9 at epoch 460 -> saved_models/DAE/average/wsn_ds/epoch_460_client_9.pt
2025-09-30 07:30:15.967 | INFO     | agents.servers.serverDAE:train_on_clients:59 - Saved model for client 10 at epoch 460 -> saved_models/DAE/average/wsn_ds/epoch_460_client_10.pt
2025-09-30 07:30:16.256 | INFO     | agents.servers.serverDAE:train_on_clients:59 - Saved model for client 11 at epoch 460 -> saved_models/DAE/average/wsn_ds/epoch_460_client_11.pt
2025-09-30 07:30:16.541 | INFO     | agents.servers.serverDAE:train_on_clients:59 - Saved model for client 12 at epoch 460 -> saved_models/DAE/average/wsn_ds/epoch_460_client_12.pt
2025-09-30 07:30:16.829 | INFO     | agents.servers.serverDAE:train_on_clients:59 - Saved model for client 13 at epoch 460 -> saved_models/DAE/average/wsn_ds/epoch_460_client_13.pt
2025-09-30 07:30:17.118 | INFO     | agents.servers.serverDAE:train_on_clients:59 - Saved model for client 14 at epoch 460 -> saved_models/DAE/average/wsn_ds/epoch_460_client_14.pt
2025-09-30 07:30:17.406 | INFO     | agents.servers.serverDAE:train_on_clients:59 - Saved model for client 15 at epoch 460 -> saved_models/DAE/average/wsn_ds/epoch_460_client_15.pt
2025-09-30 07:30:17.693 | INFO     | agents.servers.serverDAE:train_on_clients:59 - Saved model for client 16 at epoch 460 -> saved_models/DAE/average/wsn_ds/epoch_460_client_16.pt
2025-09-30 07:30:17.980 | INFO     | agents.servers.serverDAE:train_on_clients:59 - Saved model for client 17 at epoch 460 -> saved_models/DAE/average/wsn_ds/epoch_460_client_17.pt
2025-09-30 07:30:18.270 | INFO     | agents.servers.serverDAE:train_on_clients:59 - Saved model for client 18 at epoch 460 -> saved_models/DAE/average/wsn_ds/epoch_460_client_18.pt
2025-09-30 07:30:18.561 | INFO     | agents.servers.serverDAE:train_on_clients:59 - Saved model for client 19 at epoch 460 -> saved_models/DAE/average/wsn_ds/epoch_460_client_19.pt
2025-09-30 07:30:18.568 | INFO     | agents.servers.serverDAE:train_on_clients:65 - 20 clients still training at epoch #460
2025-09-30 07:30:18.587 | INFO     | agents.servers.serverDAE:train_on_clients:22 - Training DAE model epoch #461
2025-09-30 07:30:24.383 | INFO     | agents.servers.serverDAE:train_on_clients:65 - 20 clients still training at epoch #461
2025-09-30 07:30:24.401 | INFO     | agents.servers.serverDAE:train_on_clients:22 - Training DAE model epoch #462
2025-09-30 07:30:29.075 | INFO     | agents.servers.serverDAE:train_on_clients:43 - Client 15 gets new best val_loss at epoch #462: 0.000499
2025-09-30 07:30:30.213 | INFO     | agents.servers.serverDAE:train_on_clients:65 - 20 clients still training at epoch #462
2025-09-30 07:30:30.231 | INFO     | agents.servers.serverDAE:train_on_clients:22 - Training DAE model epoch #463
2025-09-30 07:30:35.897 | INFO     | agents.servers.serverDAE:train_on_clients:65 - 20 clients still training at epoch #463
2025-09-30 07:30:35.916 | INFO     | agents.servers.serverDAE:train_on_clients:22 - Training DAE model epoch #464
2025-09-30 07:30:41.812 | INFO     | agents.servers.serverDAE:train_on_clients:65 - 20 clients still training at epoch #464
2025-09-30 07:30:41.832 | INFO     | agents.servers.serverDAE:train_on_clients:22 - Training DAE model epoch #465
2025-09-30 07:30:47.668 | INFO     | agents.servers.serverDAE:train_on_clients:65 - 20 clients still training at epoch #465
2025-09-30 07:30:47.686 | INFO     | agents.servers.serverDAE:train_on_clients:22 - Training DAE model epoch #466
2025-09-30 07:30:53.498 | INFO     | agents.servers.serverDAE:train_on_clients:65 - 20 clients still training at epoch #466
2025-09-30 07:30:53.517 | INFO     | agents.servers.serverDAE:train_on_clients:22 - Training DAE model epoch #467
2025-09-30 07:30:59.294 | INFO     | agents.servers.serverDAE:train_on_clients:65 - 20 clients still training at epoch #467
2025-09-30 07:30:59.313 | INFO     | agents.servers.serverDAE:train_on_clients:22 - Training DAE model epoch #468
2025-09-30 07:31:05.120 | INFO     | agents.servers.serverDAE:train_on_clients:65 - 20 clients still training at epoch #468
2025-09-30 07:31:05.139 | INFO     | agents.servers.serverDAE:train_on_clients:22 - Training DAE model epoch #469
2025-09-30 07:31:10.921 | INFO     | agents.servers.serverDAE:train_on_clients:65 - 20 clients still training at epoch #469
2025-09-30 07:31:10.939 | INFO     | agents.servers.serverDAE:train_on_clients:22 - Training DAE model epoch #470
2025-09-30 07:31:11.220 | INFO     | agents.servers.serverDAE:train_on_clients:59 - Saved model for client 0 at epoch 470 -> saved_models/DAE/average/wsn_ds/epoch_470_client_0.pt
2025-09-30 07:31:11.506 | INFO     | agents.servers.serverDAE:train_on_clients:59 - Saved model for client 1 at epoch 470 -> saved_models/DAE/average/wsn_ds/epoch_470_client_1.pt
2025-09-30 07:31:11.787 | INFO     | agents.servers.serverDAE:train_on_clients:59 - Saved model for client 2 at epoch 470 -> saved_models/DAE/average/wsn_ds/epoch_470_client_2.pt
2025-09-30 07:31:12.068 | INFO     | agents.servers.serverDAE:train_on_clients:59 - Saved model for client 3 at epoch 470 -> saved_models/DAE/average/wsn_ds/epoch_470_client_3.pt
2025-09-30 07:31:12.353 | INFO     | agents.servers.serverDAE:train_on_clients:59 - Saved model for client 4 at epoch 470 -> saved_models/DAE/average/wsn_ds/epoch_470_client_4.pt
2025-09-30 07:31:12.638 | INFO     | agents.servers.serverDAE:train_on_clients:59 - Saved model for client 5 at epoch 470 -> saved_models/DAE/average/wsn_ds/epoch_470_client_5.pt
2025-09-30 07:31:12.923 | INFO     | agents.servers.serverDAE:train_on_clients:59 - Saved model for client 6 at epoch 470 -> saved_models/DAE/average/wsn_ds/epoch_470_client_6.pt
2025-09-30 07:31:13.204 | INFO     | agents.servers.serverDAE:train_on_clients:59 - Saved model for client 7 at epoch 470 -> saved_models/DAE/average/wsn_ds/epoch_470_client_7.pt
2025-09-30 07:31:13.487 | INFO     | agents.servers.serverDAE:train_on_clients:59 - Saved model for client 8 at epoch 470 -> saved_models/DAE/average/wsn_ds/epoch_470_client_8.pt
2025-09-30 07:31:13.774 | INFO     | agents.servers.serverDAE:train_on_clients:43 - Client 9 gets new best val_loss at epoch #470: 0.000471
2025-09-30 07:31:13.775 | INFO     | agents.servers.serverDAE:train_on_clients:59 - Saved model for client 9 at epoch 470 -> saved_models/DAE/average/wsn_ds/epoch_470_client_9.pt
2025-09-30 07:31:14.057 | INFO     | agents.servers.serverDAE:train_on_clients:59 - Saved model for client 10 at epoch 470 -> saved_models/DAE/average/wsn_ds/epoch_470_client_10.pt
2025-09-30 07:31:14.342 | INFO     | agents.servers.serverDAE:train_on_clients:59 - Saved model for client 11 at epoch 470 -> saved_models/DAE/average/wsn_ds/epoch_470_client_11.pt
2025-09-30 07:31:14.623 | INFO     | agents.servers.serverDAE:train_on_clients:59 - Saved model for client 12 at epoch 470 -> saved_models/DAE/average/wsn_ds/epoch_470_client_12.pt
2025-09-30 07:31:14.905 | INFO     | agents.servers.serverDAE:train_on_clients:59 - Saved model for client 13 at epoch 470 -> saved_models/DAE/average/wsn_ds/epoch_470_client_13.pt
2025-09-30 07:31:15.188 | INFO     | agents.servers.serverDAE:train_on_clients:59 - Saved model for client 14 at epoch 470 -> saved_models/DAE/average/wsn_ds/epoch_470_client_14.pt
2025-09-30 07:31:15.471 | INFO     | agents.servers.serverDAE:train_on_clients:59 - Saved model for client 15 at epoch 470 -> saved_models/DAE/average/wsn_ds/epoch_470_client_15.pt
2025-09-30 07:31:15.762 | INFO     | agents.servers.serverDAE:train_on_clients:59 - Saved model for client 16 at epoch 470 -> saved_models/DAE/average/wsn_ds/epoch_470_client_16.pt
2025-09-30 07:31:16.055 | INFO     | agents.servers.serverDAE:train_on_clients:59 - Saved model for client 17 at epoch 470 -> saved_models/DAE/average/wsn_ds/epoch_470_client_17.pt
2025-09-30 07:31:16.346 | INFO     | agents.servers.serverDAE:train_on_clients:59 - Saved model for client 18 at epoch 470 -> saved_models/DAE/average/wsn_ds/epoch_470_client_18.pt
2025-09-30 07:31:16.639 | INFO     | agents.servers.serverDAE:train_on_clients:59 - Saved model for client 19 at epoch 470 -> saved_models/DAE/average/wsn_ds/epoch_470_client_19.pt
2025-09-30 07:31:16.646 | INFO     | agents.servers.serverDAE:train_on_clients:65 - 20 clients still training at epoch #470
2025-09-30 07:31:16.664 | INFO     | agents.servers.serverDAE:train_on_clients:22 - Training DAE model epoch #471
2025-09-30 07:31:22.481 | INFO     | agents.servers.serverDAE:train_on_clients:65 - 20 clients still training at epoch #471
2025-09-30 07:31:22.499 | INFO     | agents.servers.serverDAE:train_on_clients:22 - Training DAE model epoch #472
2025-09-30 07:31:28.322 | INFO     | agents.servers.serverDAE:train_on_clients:65 - 20 clients still training at epoch #472
2025-09-30 07:31:28.341 | INFO     | agents.servers.serverDAE:train_on_clients:22 - Training DAE model epoch #473
2025-09-30 07:31:28.913 | INFO     | agents.servers.serverDAE:train_on_clients:43 - Client 1 gets new best val_loss at epoch #473: 0.000589
2025-09-30 07:31:32.120 | INFO     | agents.servers.serverDAE:train_on_clients:43 - Client 12 gets new best val_loss at epoch #473: 0.000462
2025-09-30 07:31:34.163 | INFO     | agents.servers.serverDAE:train_on_clients:65 - 20 clients still training at epoch #473
2025-09-30 07:31:34.182 | INFO     | agents.servers.serverDAE:train_on_clients:22 - Training DAE model epoch #474
2025-09-30 07:31:40.002 | INFO     | agents.servers.serverDAE:train_on_clients:65 - 20 clients still training at epoch #474
2025-09-30 07:31:40.021 | INFO     | agents.servers.serverDAE:train_on_clients:22 - Training DAE model epoch #475
2025-09-30 07:31:45.063 | INFO     | agents.servers.serverDAE:train_on_clients:43 - Client 16 gets new best val_loss at epoch #475: 0.000529
2025-09-30 07:31:45.933 | INFO     | agents.servers.serverDAE:train_on_clients:65 - 20 clients still training at epoch #475
2025-09-30 07:31:45.956 | INFO     | agents.servers.serverDAE:train_on_clients:22 - Training DAE model epoch #476
2025-09-30 07:31:47.730 | INFO     | agents.servers.serverDAE:train_on_clients:43 - Client 5 gets new best val_loss at epoch #476: 0.000476
2025-09-30 07:31:51.755 | INFO     | agents.servers.serverDAE:train_on_clients:65 - 20 clients still training at epoch #476
2025-09-30 07:31:51.774 | INFO     | agents.servers.serverDAE:train_on_clients:22 - Training DAE model epoch #477
2025-09-30 07:31:55.104 | INFO     | agents.servers.serverDAE:train_on_clients:43 - Client 11 gets new best val_loss at epoch #477: 0.000529
2025-09-30 07:31:57.351 | INFO     | agents.servers.serverDAE:train_on_clients:65 - 20 clients still training at epoch #477
2025-09-30 07:31:57.369 | INFO     | agents.servers.serverDAE:train_on_clients:22 - Training DAE model epoch #478
2025-09-30 07:32:03.127 | INFO     | agents.servers.serverDAE:train_on_clients:65 - 20 clients still training at epoch #478
2025-09-30 07:32:03.146 | INFO     | agents.servers.serverDAE:train_on_clients:22 - Training DAE model epoch #479
2025-09-30 07:32:08.929 | INFO     | agents.servers.serverDAE:train_on_clients:65 - 20 clients still training at epoch #479
2025-09-30 07:32:08.948 | INFO     | agents.servers.serverDAE:train_on_clients:22 - Training DAE model epoch #480
2025-09-30 07:32:09.234 | INFO     | agents.servers.serverDAE:train_on_clients:43 - Client 0 gets new best val_loss at epoch #480: 0.000535
2025-09-30 07:32:09.235 | INFO     | agents.servers.serverDAE:train_on_clients:59 - Saved model for client 0 at epoch 480 -> saved_models/DAE/average/wsn_ds/epoch_480_client_0.pt
2025-09-30 07:32:09.527 | INFO     | agents.servers.serverDAE:train_on_clients:59 - Saved model for client 1 at epoch 480 -> saved_models/DAE/average/wsn_ds/epoch_480_client_1.pt
2025-09-30 07:32:09.820 | INFO     | agents.servers.serverDAE:train_on_clients:59 - Saved model for client 2 at epoch 480 -> saved_models/DAE/average/wsn_ds/epoch_480_client_2.pt
2025-09-30 07:32:10.111 | INFO     | agents.servers.serverDAE:train_on_clients:59 - Saved model for client 3 at epoch 480 -> saved_models/DAE/average/wsn_ds/epoch_480_client_3.pt
2025-09-30 07:32:10.403 | INFO     | agents.servers.serverDAE:train_on_clients:59 - Saved model for client 4 at epoch 480 -> saved_models/DAE/average/wsn_ds/epoch_480_client_4.pt
2025-09-30 07:32:10.693 | INFO     | agents.servers.serverDAE:train_on_clients:59 - Saved model for client 5 at epoch 480 -> saved_models/DAE/average/wsn_ds/epoch_480_client_5.pt
2025-09-30 07:32:10.986 | INFO     | agents.servers.serverDAE:train_on_clients:59 - Saved model for client 6 at epoch 480 -> saved_models/DAE/average/wsn_ds/epoch_480_client_6.pt
2025-09-30 07:32:11.277 | INFO     | agents.servers.serverDAE:train_on_clients:43 - Client 7 gets new best val_loss at epoch #480: 0.000476
2025-09-30 07:32:11.279 | INFO     | agents.servers.serverDAE:train_on_clients:59 - Saved model for client 7 at epoch 480 -> saved_models/DAE/average/wsn_ds/epoch_480_client_7.pt
2025-09-30 07:32:11.569 | INFO     | agents.servers.serverDAE:train_on_clients:59 - Saved model for client 8 at epoch 480 -> saved_models/DAE/average/wsn_ds/epoch_480_client_8.pt
2025-09-30 07:32:11.855 | INFO     | agents.servers.serverDAE:train_on_clients:43 - Client 9 gets new best val_loss at epoch #480: 0.000469
2025-09-30 07:32:11.857 | INFO     | agents.servers.serverDAE:train_on_clients:59 - Saved model for client 9 at epoch 480 -> saved_models/DAE/average/wsn_ds/epoch_480_client_9.pt
2025-09-30 07:32:12.149 | INFO     | agents.servers.serverDAE:train_on_clients:59 - Saved model for client 10 at epoch 480 -> saved_models/DAE/average/wsn_ds/epoch_480_client_10.pt
2025-09-30 07:32:12.440 | INFO     | agents.servers.serverDAE:train_on_clients:59 - Saved model for client 11 at epoch 480 -> saved_models/DAE/average/wsn_ds/epoch_480_client_11.pt
2025-09-30 07:32:12.732 | INFO     | agents.servers.serverDAE:train_on_clients:59 - Saved model for client 12 at epoch 480 -> saved_models/DAE/average/wsn_ds/epoch_480_client_12.pt
2025-09-30 07:32:13.021 | INFO     | agents.servers.serverDAE:train_on_clients:59 - Saved model for client 13 at epoch 480 -> saved_models/DAE/average/wsn_ds/epoch_480_client_13.pt
2025-09-30 07:32:13.313 | INFO     | agents.servers.serverDAE:train_on_clients:59 - Saved model for client 14 at epoch 480 -> saved_models/DAE/average/wsn_ds/epoch_480_client_14.pt
2025-09-30 07:32:13.599 | INFO     | agents.servers.serverDAE:train_on_clients:59 - Saved model for client 15 at epoch 480 -> saved_models/DAE/average/wsn_ds/epoch_480_client_15.pt
2025-09-30 07:32:13.888 | INFO     | agents.servers.serverDAE:train_on_clients:59 - Saved model for client 16 at epoch 480 -> saved_models/DAE/average/wsn_ds/epoch_480_client_16.pt
2025-09-30 07:32:14.179 | INFO     | agents.servers.serverDAE:train_on_clients:59 - Saved model for client 17 at epoch 480 -> saved_models/DAE/average/wsn_ds/epoch_480_client_17.pt
2025-09-30 07:32:14.472 | INFO     | agents.servers.serverDAE:train_on_clients:59 - Saved model for client 18 at epoch 480 -> saved_models/DAE/average/wsn_ds/epoch_480_client_18.pt
2025-09-30 07:32:14.763 | INFO     | agents.servers.serverDAE:train_on_clients:59 - Saved model for client 19 at epoch 480 -> saved_models/DAE/average/wsn_ds/epoch_480_client_19.pt
2025-09-30 07:32:14.771 | INFO     | agents.servers.serverDAE:train_on_clients:65 - 20 clients still training at epoch #480
2025-09-30 07:32:14.789 | INFO     | agents.servers.serverDAE:train_on_clients:22 - Training DAE model epoch #481
2025-09-30 07:32:20.612 | INFO     | agents.servers.serverDAE:train_on_clients:65 - 20 clients still training at epoch #481
2025-09-30 07:32:20.630 | INFO     | agents.servers.serverDAE:train_on_clients:22 - Training DAE model epoch #482
2025-09-30 07:32:25.279 | INFO     | agents.servers.serverDAE:train_on_clients:43 - Client 15 gets new best val_loss at epoch #482: 0.000497
2025-09-30 07:32:25.868 | INFO     | agents.servers.serverDAE:train_on_clients:43 - Client 17 gets new best val_loss at epoch #482: 0.000426
2025-09-30 07:32:26.458 | INFO     | agents.servers.serverDAE:train_on_clients:65 - 20 clients still training at epoch #482
2025-09-30 07:32:26.476 | INFO     | agents.servers.serverDAE:train_on_clients:22 - Training DAE model epoch #483
2025-09-30 07:32:31.416 | INFO     | agents.servers.serverDAE:train_on_clients:43 - Client 16 gets new best val_loss at epoch #483: 0.000522
2025-09-30 07:32:32.278 | INFO     | agents.servers.serverDAE:train_on_clients:65 - 20 clients still training at epoch #483
2025-09-30 07:32:32.296 | INFO     | agents.servers.serverDAE:train_on_clients:22 - Training DAE model epoch #484
2025-09-30 07:32:37.963 | INFO     | agents.servers.serverDAE:train_on_clients:65 - 20 clients still training at epoch #484
2025-09-30 07:32:37.982 | INFO     | agents.servers.serverDAE:train_on_clients:22 - Training DAE model epoch #485
2025-09-30 07:32:43.795 | INFO     | agents.servers.serverDAE:train_on_clients:65 - 20 clients still training at epoch #485
2025-09-30 07:32:43.813 | INFO     | agents.servers.serverDAE:train_on_clients:22 - Training DAE model epoch #486
2025-09-30 07:32:49.605 | INFO     | agents.servers.serverDAE:train_on_clients:65 - 20 clients still training at epoch #486
2025-09-30 07:32:49.623 | INFO     | agents.servers.serverDAE:train_on_clients:22 - Training DAE model epoch #487
2025-09-30 07:32:53.485 | INFO     | agents.servers.serverDAE:train_on_clients:43 - Client 12 gets new best val_loss at epoch #487: 0.000456
2025-09-30 07:32:55.566 | INFO     | agents.servers.serverDAE:train_on_clients:65 - 20 clients still training at epoch #487
2025-09-30 07:32:55.584 | INFO     | agents.servers.serverDAE:train_on_clients:22 - Training DAE model epoch #488
2025-09-30 07:33:01.457 | INFO     | agents.servers.serverDAE:train_on_clients:65 - 20 clients still training at epoch #488
2025-09-30 07:33:01.476 | INFO     | agents.servers.serverDAE:train_on_clients:22 - Training DAE model epoch #489
2025-09-30 07:33:07.336 | INFO     | agents.servers.serverDAE:train_on_clients:65 - 20 clients still training at epoch #489
2025-09-30 07:33:07.354 | INFO     | agents.servers.serverDAE:train_on_clients:22 - Training DAE model epoch #490
2025-09-30 07:33:07.640 | INFO     | agents.servers.serverDAE:train_on_clients:59 - Saved model for client 0 at epoch 490 -> saved_models/DAE/average/wsn_ds/epoch_490_client_0.pt
2025-09-30 07:33:07.934 | INFO     | agents.servers.serverDAE:train_on_clients:59 - Saved model for client 1 at epoch 490 -> saved_models/DAE/average/wsn_ds/epoch_490_client_1.pt
2025-09-30 07:33:08.225 | INFO     | agents.servers.serverDAE:train_on_clients:59 - Saved model for client 2 at epoch 490 -> saved_models/DAE/average/wsn_ds/epoch_490_client_2.pt
2025-09-30 07:33:08.520 | INFO     | agents.servers.serverDAE:train_on_clients:59 - Saved model for client 3 at epoch 490 -> saved_models/DAE/average/wsn_ds/epoch_490_client_3.pt
2025-09-30 07:33:08.813 | INFO     | agents.servers.serverDAE:train_on_clients:59 - Saved model for client 4 at epoch 490 -> saved_models/DAE/average/wsn_ds/epoch_490_client_4.pt
2025-09-30 07:33:09.106 | INFO     | agents.servers.serverDAE:train_on_clients:59 - Saved model for client 5 at epoch 490 -> saved_models/DAE/average/wsn_ds/epoch_490_client_5.pt
2025-09-30 07:33:09.400 | INFO     | agents.servers.serverDAE:train_on_clients:59 - Saved model for client 6 at epoch 490 -> saved_models/DAE/average/wsn_ds/epoch_490_client_6.pt
2025-09-30 07:33:09.695 | INFO     | agents.servers.serverDAE:train_on_clients:59 - Saved model for client 7 at epoch 490 -> saved_models/DAE/average/wsn_ds/epoch_490_client_7.pt
2025-09-30 07:33:09.989 | INFO     | agents.servers.serverDAE:train_on_clients:59 - Saved model for client 8 at epoch 490 -> saved_models/DAE/average/wsn_ds/epoch_490_client_8.pt
2025-09-30 07:33:10.283 | INFO     | agents.servers.serverDAE:train_on_clients:59 - Saved model for client 9 at epoch 490 -> saved_models/DAE/average/wsn_ds/epoch_490_client_9.pt
2025-09-30 07:33:10.573 | INFO     | agents.servers.serverDAE:train_on_clients:43 - Client 10 gets new best val_loss at epoch #490: 0.000474
2025-09-30 07:33:10.574 | INFO     | agents.servers.serverDAE:train_on_clients:59 - Saved model for client 10 at epoch 490 -> saved_models/DAE/average/wsn_ds/epoch_490_client_10.pt
2025-09-30 07:33:10.868 | INFO     | agents.servers.serverDAE:train_on_clients:59 - Saved model for client 11 at epoch 490 -> saved_models/DAE/average/wsn_ds/epoch_490_client_11.pt
2025-09-30 07:33:11.159 | INFO     | agents.servers.serverDAE:train_on_clients:59 - Saved model for client 12 at epoch 490 -> saved_models/DAE/average/wsn_ds/epoch_490_client_12.pt
2025-09-30 07:33:11.452 | INFO     | agents.servers.serverDAE:train_on_clients:59 - Saved model for client 13 at epoch 490 -> saved_models/DAE/average/wsn_ds/epoch_490_client_13.pt
2025-09-30 07:33:11.745 | INFO     | agents.servers.serverDAE:train_on_clients:59 - Saved model for client 14 at epoch 490 -> saved_models/DAE/average/wsn_ds/epoch_490_client_14.pt
2025-09-30 07:33:12.038 | INFO     | agents.servers.serverDAE:train_on_clients:59 - Saved model for client 15 at epoch 490 -> saved_models/DAE/average/wsn_ds/epoch_490_client_15.pt
2025-09-30 07:33:12.333 | INFO     | agents.servers.serverDAE:train_on_clients:59 - Saved model for client 16 at epoch 490 -> saved_models/DAE/average/wsn_ds/epoch_490_client_16.pt
2025-09-30 07:33:12.624 | INFO     | agents.servers.serverDAE:train_on_clients:59 - Saved model for client 17 at epoch 490 -> saved_models/DAE/average/wsn_ds/epoch_490_client_17.pt
2025-09-30 07:33:12.917 | INFO     | agents.servers.serverDAE:train_on_clients:59 - Saved model for client 18 at epoch 490 -> saved_models/DAE/average/wsn_ds/epoch_490_client_18.pt
2025-09-30 07:33:13.208 | INFO     | agents.servers.serverDAE:train_on_clients:59 - Saved model for client 19 at epoch 490 -> saved_models/DAE/average/wsn_ds/epoch_490_client_19.pt
2025-09-30 07:33:13.216 | INFO     | agents.servers.serverDAE:train_on_clients:65 - 20 clients still training at epoch #490
2025-09-30 07:33:13.234 | INFO     | agents.servers.serverDAE:train_on_clients:22 - Training DAE model epoch #491
2025-09-30 07:33:19.054 | INFO     | agents.servers.serverDAE:train_on_clients:65 - 20 clients still training at epoch #491
2025-09-30 07:33:19.072 | INFO     | agents.servers.serverDAE:train_on_clients:22 - Training DAE model epoch #492
2025-09-30 07:33:24.932 | INFO     | agents.servers.serverDAE:train_on_clients:65 - 20 clients still training at epoch #492
2025-09-30 07:33:24.951 | INFO     | agents.servers.serverDAE:train_on_clients:22 - Training DAE model epoch #493
2025-09-30 07:33:30.809 | INFO     | agents.servers.serverDAE:train_on_clients:65 - 20 clients still training at epoch #493
2025-09-30 07:33:30.827 | INFO     | agents.servers.serverDAE:train_on_clients:22 - Training DAE model epoch #494
2025-09-30 07:33:34.646 | INFO     | agents.servers.serverDAE:train_on_clients:43 - Client 12 gets new best val_loss at epoch #494: 0.000456
2025-09-30 07:33:36.110 | INFO     | agents.servers.serverDAE:train_on_clients:43 - Client 17 gets new best val_loss at epoch #494: 0.000426
2025-09-30 07:33:36.703 | INFO     | agents.servers.serverDAE:train_on_clients:65 - 20 clients still training at epoch #494
2025-09-30 07:33:36.721 | INFO     | agents.servers.serverDAE:train_on_clients:22 - Training DAE model epoch #495
2025-09-30 07:33:42.598 | INFO     | agents.servers.serverDAE:train_on_clients:65 - 20 clients still training at epoch #495
2025-09-30 07:33:42.617 | INFO     | agents.servers.serverDAE:train_on_clients:22 - Training DAE model epoch #496
2025-09-30 07:33:48.498 | INFO     | agents.servers.serverDAE:train_on_clients:65 - 20 clients still training at epoch #496
2025-09-30 07:33:48.516 | INFO     | agents.servers.serverDAE:train_on_clients:22 - Training DAE model epoch #497
2025-09-30 07:33:49.094 | INFO     | agents.servers.serverDAE:train_on_clients:43 - Client 1 gets new best val_loss at epoch #497: 0.000588
2025-09-30 07:33:54.075 | INFO     | agents.servers.serverDAE:train_on_clients:43 - Client 18 gets new best val_loss at epoch #497: 0.000469
2025-09-30 07:33:54.374 | INFO     | agents.servers.serverDAE:train_on_clients:65 - 20 clients still training at epoch #497
2025-09-30 07:33:54.393 | INFO     | agents.servers.serverDAE:train_on_clients:22 - Training DAE model epoch #498
2025-09-30 07:34:00.294 | INFO     | agents.servers.serverDAE:train_on_clients:65 - 20 clients still training at epoch #498
2025-09-30 07:34:00.314 | INFO     | agents.servers.serverDAE:train_on_clients:22 - Training DAE model epoch #499
2025-09-30 07:34:04.079 | INFO     | agents.servers.serverDAE:train_on_clients:43 - Client 12 gets new best val_loss at epoch #499: 0.000453
2025-09-30 07:34:06.120 | INFO     | agents.servers.serverDAE:train_on_clients:65 - 20 clients still training at epoch #499
2025-09-30 07:34:06.138 | INFO     | agents.servers.serverDAE:train_on_clients:22 - Training DAE model epoch #500
2025-09-30 07:34:06.425 | INFO     | agents.servers.serverDAE:train_on_clients:59 - Saved model for client 0 at epoch 500 -> saved_models/DAE/average/wsn_ds/epoch_500_client_0.pt
2025-09-30 07:34:06.717 | INFO     | agents.servers.serverDAE:train_on_clients:59 - Saved model for client 1 at epoch 500 -> saved_models/DAE/average/wsn_ds/epoch_500_client_1.pt
2025-09-30 07:34:07.010 | INFO     | agents.servers.serverDAE:train_on_clients:59 - Saved model for client 2 at epoch 500 -> saved_models/DAE/average/wsn_ds/epoch_500_client_2.pt
2025-09-30 07:34:07.303 | INFO     | agents.servers.serverDAE:train_on_clients:59 - Saved model for client 3 at epoch 500 -> saved_models/DAE/average/wsn_ds/epoch_500_client_3.pt
2025-09-30 07:34:07.596 | INFO     | agents.servers.serverDAE:train_on_clients:59 - Saved model for client 4 at epoch 500 -> saved_models/DAE/average/wsn_ds/epoch_500_client_4.pt
2025-09-30 07:34:07.891 | INFO     | agents.servers.serverDAE:train_on_clients:59 - Saved model for client 5 at epoch 500 -> saved_models/DAE/average/wsn_ds/epoch_500_client_5.pt
2025-09-30 07:34:08.192 | INFO     | agents.servers.serverDAE:train_on_clients:59 - Saved model for client 6 at epoch 500 -> saved_models/DAE/average/wsn_ds/epoch_500_client_6.pt
2025-09-30 07:34:08.487 | INFO     | agents.servers.serverDAE:train_on_clients:59 - Saved model for client 7 at epoch 500 -> saved_models/DAE/average/wsn_ds/epoch_500_client_7.pt
2025-09-30 07:34:08.778 | INFO     | agents.servers.serverDAE:train_on_clients:59 - Saved model for client 8 at epoch 500 -> saved_models/DAE/average/wsn_ds/epoch_500_client_8.pt
2025-09-30 07:34:09.073 | INFO     | agents.servers.serverDAE:train_on_clients:59 - Saved model for client 9 at epoch 500 -> saved_models/DAE/average/wsn_ds/epoch_500_client_9.pt
2025-09-30 07:34:09.366 | INFO     | agents.servers.serverDAE:train_on_clients:59 - Saved model for client 10 at epoch 500 -> saved_models/DAE/average/wsn_ds/epoch_500_client_10.pt
2025-09-30 07:34:09.659 | INFO     | agents.servers.serverDAE:train_on_clients:59 - Saved model for client 11 at epoch 500 -> saved_models/DAE/average/wsn_ds/epoch_500_client_11.pt
2025-09-30 07:34:09.952 | INFO     | agents.servers.serverDAE:train_on_clients:59 - Saved model for client 12 at epoch 500 -> saved_models/DAE/average/wsn_ds/epoch_500_client_12.pt
2025-09-30 07:34:10.245 | INFO     | agents.servers.serverDAE:train_on_clients:59 - Saved model for client 13 at epoch 500 -> saved_models/DAE/average/wsn_ds/epoch_500_client_13.pt
2025-09-30 07:34:10.541 | INFO     | agents.servers.serverDAE:train_on_clients:59 - Saved model for client 14 at epoch 500 -> saved_models/DAE/average/wsn_ds/epoch_500_client_14.pt
2025-09-30 07:34:10.835 | INFO     | agents.servers.serverDAE:train_on_clients:59 - Saved model for client 15 at epoch 500 -> saved_models/DAE/average/wsn_ds/epoch_500_client_15.pt
2025-09-30 07:34:11.129 | INFO     | agents.servers.serverDAE:train_on_clients:59 - Saved model for client 16 at epoch 500 -> saved_models/DAE/average/wsn_ds/epoch_500_client_16.pt
2025-09-30 07:34:11.422 | INFO     | agents.servers.serverDAE:train_on_clients:59 - Saved model for client 17 at epoch 500 -> saved_models/DAE/average/wsn_ds/epoch_500_client_17.pt
2025-09-30 07:34:11.714 | INFO     | agents.servers.serverDAE:train_on_clients:59 - Saved model for client 18 at epoch 500 -> saved_models/DAE/average/wsn_ds/epoch_500_client_18.pt
2025-09-30 07:34:12.007 | INFO     | agents.servers.serverDAE:train_on_clients:59 - Saved model for client 19 at epoch 500 -> saved_models/DAE/average/wsn_ds/epoch_500_client_19.pt
2025-09-30 07:34:12.014 | INFO     | agents.servers.serverDAE:train_on_clients:65 - 20 clients still training at epoch #500
2025-09-30 07:34:12.032 | INFO     | agents.servers.serverDAE:test_on_clients:131 - Testing DAE model at epoch #500
2025-09-30 07:34:12.033 | INFO     | agents.servers.serverDAE:test_on_clients:140 - Client 0 test params: threshold_re (mean=0.000535, std=0.000148), best epoch 480
2025-09-30 07:34:16.601 | DEBUG    | agents.clients.clientDAE:test_with_thresholds:268 - Classification Report:
              precision    recall  f1-score   support

           0       1.00      0.77      0.87      3416
           1       0.29      0.98      0.45       331

    accuracy                           0.79      3747
   macro avg       0.64      0.87      0.66      3747
weighted avg       0.93      0.79      0.83      3747

2025-09-30 07:34:16.601 | DEBUG    | agents.clients.clientDAE:test_with_thresholds:272 - Confusion Matrix:
[[2629  787]
 [   8  323]]
2025-09-30 07:34:16.601 | DEBUG    | agents.clients.clientDAE:test_with_thresholds:273 - ROC AUC Score: 0.8727221994240715
2025-09-30 07:34:16.601 | DEBUG    | agents.clients.clientDAE:test_with_thresholds:274 - False Positive Rate (FPR): 0.2304
2025-09-30 07:36:10.190 | INFO     | agents.servers.serverDAE:test_on_clients:157 - [Client 0] Multiplier 0.0: ACC=0.7878, P=0.2910, R=0.9758, F1=0.4483, AUC=0.8727
2025-09-30 07:36:10.213 | INFO     | agents.servers.serverDAE:test_on_clients:140 - Client 1 test params: threshold_re (mean=0.000588, std=0.000344), best epoch 497
2025-09-30 07:36:14.960 | DEBUG    | agents.clients.clientDAE:test_with_thresholds:268 - Classification Report:
              precision    recall  f1-score   support

           0       1.00      0.81      0.90      3395
           1       0.35      0.99      0.52       352

    accuracy                           0.83      3747
   macro avg       0.68      0.90      0.71      3747
weighted avg       0.94      0.83      0.86      3747

2025-09-30 07:36:14.960 | DEBUG    | agents.clients.clientDAE:test_with_thresholds:272 - Confusion Matrix:
[[2756  639]
 [   4  348]]
2025-09-30 07:36:14.961 | DEBUG    | agents.clients.clientDAE:test_with_thresholds:273 - ROC AUC Score: 0.9002091980184764
2025-09-30 07:36:14.961 | DEBUG    | agents.clients.clientDAE:test_with_thresholds:274 - False Positive Rate (FPR): 0.1882
2025-09-30 07:38:08.629 | INFO     | agents.servers.serverDAE:test_on_clients:157 - [Client 1] Multiplier 0.0: ACC=0.8284, P=0.3526, R=0.9886, F1=0.5198, AUC=0.9002
2025-09-30 07:38:08.650 | INFO     | agents.servers.serverDAE:test_on_clients:140 - Client 2 test params: threshold_re (mean=0.000467, std=0.000056), best epoch 421
2025-09-30 07:38:13.291 | DEBUG    | agents.clients.clientDAE:test_with_thresholds:268 - Classification Report:
              precision    recall  f1-score   support

           0       1.00      0.74      0.85      3404
           1       0.27      0.99      0.43       343

    accuracy                           0.76      3747
   macro avg       0.64      0.86      0.64      3747
weighted avg       0.93      0.76      0.81      3747

2025-09-30 07:38:13.291 | DEBUG    | agents.clients.clientDAE:test_with_thresholds:272 - Confusion Matrix:
[[2502  902]
 [   2  341]]
2025-09-30 07:38:13.291 | DEBUG    | agents.clients.clientDAE:test_with_thresholds:273 - ROC AUC Score: 0.8645933612659433
2025-09-30 07:38:13.291 | DEBUG    | agents.clients.clientDAE:test_with_thresholds:274 - False Positive Rate (FPR): 0.2650
2025-09-30 07:40:06.035 | INFO     | agents.servers.serverDAE:test_on_clients:157 - [Client 2] Multiplier 0.0: ACC=0.7587, P=0.2743, R=0.9942, F1=0.4300, AUC=0.8646
2025-09-30 07:40:06.055 | INFO     | agents.servers.serverDAE:test_on_clients:140 - Client 3 test params: threshold_re (mean=0.000488, std=0.000058), best epoch 430
2025-09-30 07:40:10.561 | DEBUG    | agents.clients.clientDAE:test_with_thresholds:268 - Classification Report:
              precision    recall  f1-score   support

           0       1.00      0.76      0.86      3380
           1       0.31      0.99      0.47       367

    accuracy                           0.78      3747
   macro avg       0.65      0.87      0.66      3747
weighted avg       0.93      0.78      0.82      3747

2025-09-30 07:40:10.561 | DEBUG    | agents.clients.clientDAE:test_with_thresholds:272 - Confusion Matrix:
[[2557  823]
 [   5  362]]
2025-09-30 07:40:10.561 | DEBUG    | agents.clients.clientDAE:test_with_thresholds:273 - ROC AUC Score: 0.871442448769005
2025-09-30 07:40:10.561 | DEBUG    | agents.clients.clientDAE:test_with_thresholds:274 - False Positive Rate (FPR): 0.2435
2025-09-30 07:42:03.603 | INFO     | agents.servers.serverDAE:test_on_clients:157 - [Client 3] Multiplier 0.0: ACC=0.7790, P=0.3055, R=0.9864, F1=0.4665, AUC=0.8714
2025-09-30 07:42:03.624 | INFO     | agents.servers.serverDAE:test_on_clients:140 - Client 4 test params: threshold_re (mean=0.000501, std=0.000158), best epoch 426
2025-09-30 07:42:08.138 | DEBUG    | agents.clients.clientDAE:test_with_thresholds:268 - Classification Report:
              precision    recall  f1-score   support

           0       1.00      0.75      0.86      3413
           1       0.28      0.99      0.44       334

    accuracy                           0.77      3747
   macro avg       0.64      0.87      0.65      3747
weighted avg       0.93      0.77      0.82      3747

2025-09-30 07:42:08.138 | DEBUG    | agents.clients.clientDAE:test_with_thresholds:272 - Confusion Matrix:
[[2566  847]
 [   5  329]]
2025-09-30 07:42:08.138 | DEBUG    | agents.clients.clientDAE:test_with_thresholds:273 - ROC AUC Score: 0.8684305868193295
2025-09-30 07:42:08.138 | DEBUG    | agents.clients.clientDAE:test_with_thresholds:274 - False Positive Rate (FPR): 0.2482
2025-09-30 07:44:01.233 | INFO     | agents.servers.serverDAE:test_on_clients:157 - [Client 4] Multiplier 0.0: ACC=0.7726, P=0.2798, R=0.9850, F1=0.4358, AUC=0.8684
2025-09-30 07:44:01.254 | INFO     | agents.servers.serverDAE:test_on_clients:140 - Client 5 test params: threshold_re (mean=0.000476, std=0.000058), best epoch 476
2025-09-30 07:44:05.757 | DEBUG    | agents.clients.clientDAE:test_with_thresholds:268 - Classification Report:
              precision    recall  f1-score   support

           0       1.00      0.74      0.85      3381
           1       0.29      0.98      0.44       366

    accuracy                           0.76      3747
   macro avg       0.64      0.86      0.65      3747
weighted avg       0.93      0.76      0.81      3747

2025-09-30 07:44:05.757 | DEBUG    | agents.clients.clientDAE:test_with_thresholds:272 - Confusion Matrix:
[[2488  893]
 [   6  360]]
2025-09-30 07:44:05.757 | DEBUG    | agents.clients.clientDAE:test_with_thresholds:273 - ROC AUC Score: 0.8597417584282465
2025-09-30 07:44:05.757 | DEBUG    | agents.clients.clientDAE:test_with_thresholds:274 - False Positive Rate (FPR): 0.2641
2025-09-30 07:45:59.683 | INFO     | agents.servers.serverDAE:test_on_clients:157 - [Client 5] Multiplier 0.0: ACC=0.7601, P=0.2873, R=0.9836, F1=0.4447, AUC=0.8597
2025-09-30 07:45:59.704 | INFO     | agents.servers.serverDAE:test_on_clients:140 - Client 6 test params: threshold_re (mean=0.000471, std=0.000097), best epoch 388
2025-09-30 07:46:04.387 | DEBUG    | agents.clients.clientDAE:test_with_thresholds:268 - Classification Report:
              precision    recall  f1-score   support

           0       1.00      0.74      0.85      3390
           1       0.28      0.99      0.44       357

    accuracy                           0.76      3747
   macro avg       0.64      0.86      0.64      3747
weighted avg       0.93      0.76      0.81      3747

2025-09-30 07:46:04.387 | DEBUG    | agents.clients.clientDAE:test_with_thresholds:272 - Confusion Matrix:
[[2496  894]
 [   5  352]]
2025-09-30 07:46:04.387 | DEBUG    | agents.clients.clientDAE:test_with_thresholds:273 - ROC AUC Score: 0.8611387917999058
2025-09-30 07:46:04.387 | DEBUG    | agents.clients.clientDAE:test_with_thresholds:274 - False Positive Rate (FPR): 0.2637
2025-09-30 07:48:00.674 | INFO     | agents.servers.serverDAE:test_on_clients:157 - [Client 6] Multiplier 0.0: ACC=0.7601, P=0.2825, R=0.9860, F1=0.4392, AUC=0.8611
2025-09-30 07:48:00.695 | INFO     | agents.servers.serverDAE:test_on_clients:140 - Client 7 test params: threshold_re (mean=0.000476, std=0.000055), best epoch 480
2025-09-30 07:48:05.269 | DEBUG    | agents.clients.clientDAE:test_with_thresholds:268 - Classification Report:
              precision    recall  f1-score   support

           0       1.00      0.73      0.84      3396
           1       0.28      0.99      0.43       351

    accuracy                           0.76      3747
   macro avg       0.64      0.86      0.64      3747
weighted avg       0.93      0.76      0.81      3747

2025-09-30 07:48:05.269 | DEBUG    | agents.clients.clientDAE:test_with_thresholds:272 - Confusion Matrix:
[[2482  914]
 [   2  349]]
2025-09-30 07:48:05.269 | DEBUG    | agents.clients.clientDAE:test_with_thresholds:273 - ROC AUC Score: 0.862580914701056
2025-09-30 07:48:05.269 | DEBUG    | agents.clients.clientDAE:test_with_thresholds:274 - False Positive Rate (FPR): 0.2691
2025-09-30 07:50:01.056 | INFO     | agents.servers.serverDAE:test_on_clients:157 - [Client 7] Multiplier 0.0: ACC=0.7555, P=0.2763, R=0.9943, F1=0.4325, AUC=0.8626
2025-09-30 07:50:01.078 | INFO     | agents.servers.serverDAE:test_on_clients:140 - Client 8 test params: threshold_re (mean=0.000439, std=0.000055), best epoch 455
2025-09-30 07:50:05.791 | DEBUG    | agents.clients.clientDAE:test_with_thresholds:268 - Classification Report:
              precision    recall  f1-score   support

           0       1.00      0.70      0.82      3398
           1       0.25      0.99      0.40       349

    accuracy                           0.72      3747
   macro avg       0.62      0.84      0.61      3747
weighted avg       0.93      0.72      0.78      3747

2025-09-30 07:50:05.791 | DEBUG    | agents.clients.clientDAE:test_with_thresholds:272 - Confusion Matrix:
[[2364 1034]
 [   4  345]]
2025-09-30 07:50:05.792 | DEBUG    | agents.clients.clientDAE:test_with_thresholds:273 - ROC AUC Score: 0.8421210184315399
2025-09-30 07:50:05.792 | DEBUG    | agents.clients.clientDAE:test_with_thresholds:274 - False Positive Rate (FPR): 0.3043
2025-09-30 07:51:59.172 | INFO     | agents.servers.serverDAE:test_on_clients:157 - [Client 8] Multiplier 0.0: ACC=0.7230, P=0.2502, R=0.9885, F1=0.3993, AUC=0.8421
2025-09-30 07:51:59.193 | INFO     | agents.servers.serverDAE:test_on_clients:140 - Client 9 test params: threshold_re (mean=0.000469, std=0.000069), best epoch 480
2025-09-30 07:52:03.763 | DEBUG    | agents.clients.clientDAE:test_with_thresholds:268 - Classification Report:
              precision    recall  f1-score   support

           0       1.00      0.70      0.82      3411
           1       0.24      0.99      0.39       336

    accuracy                           0.72      3747
   macro avg       0.62      0.85      0.61      3747
weighted avg       0.93      0.72      0.78      3747

2025-09-30 07:52:03.764 | DEBUG    | agents.clients.clientDAE:test_with_thresholds:272 - Confusion Matrix:
[[2375 1036]
 [   2  334]]
2025-09-30 07:52:03.764 | DEBUG    | agents.clients.clientDAE:test_with_thresholds:273 - ROC AUC Score: 0.8451621853666709
2025-09-30 07:52:03.764 | DEBUG    | agents.clients.clientDAE:test_with_thresholds:274 - False Positive Rate (FPR): 0.3037
2025-09-30 07:53:57.292 | INFO     | agents.servers.serverDAE:test_on_clients:157 - [Client 9] Multiplier 0.0: ACC=0.7230, P=0.2438, R=0.9940, F1=0.3916, AUC=0.8452
2025-09-30 07:53:57.313 | INFO     | agents.servers.serverDAE:test_on_clients:140 - Client 10 test params: threshold_re (mean=0.000474, std=0.000080), best epoch 490
2025-09-30 07:54:01.893 | DEBUG    | agents.clients.clientDAE:test_with_thresholds:268 - Classification Report:
              precision    recall  f1-score   support

           0       1.00      0.75      0.85      3403
           1       0.28      0.99      0.44       344

    accuracy                           0.77      3747
   macro avg       0.64      0.87      0.65      3747
weighted avg       0.93      0.77      0.82      3747

2025-09-30 07:54:01.893 | DEBUG    | agents.clients.clientDAE:test_with_thresholds:272 - Confusion Matrix:
[[2537  866]
 [   4  340]]
2025-09-30 07:54:01.893 | DEBUG    | agents.clients.clientDAE:test_with_thresholds:273 - ROC AUC Score: 0.8669453765145665
2025-09-30 07:54:01.893 | DEBUG    | agents.clients.clientDAE:test_with_thresholds:274 - False Positive Rate (FPR): 0.2545
2025-09-30 07:55:55.455 | INFO     | agents.servers.serverDAE:test_on_clients:157 - [Client 10] Multiplier 0.0: ACC=0.7678, P=0.2819, R=0.9884, F1=0.4387, AUC=0.8669
2025-09-30 07:55:55.477 | INFO     | agents.servers.serverDAE:test_on_clients:140 - Client 11 test params: threshold_re (mean=0.000529, std=0.000180), best epoch 477
2025-09-30 07:56:00.041 | DEBUG    | agents.clients.clientDAE:test_with_thresholds:268 - Classification Report:
              precision    recall  f1-score   support

           0       1.00      0.77      0.87      3398
           1       0.31      1.00      0.47       349

    accuracy                           0.79      3747
   macro avg       0.66      0.89      0.67      3747
weighted avg       0.94      0.79      0.84      3747

2025-09-30 07:56:00.042 | DEBUG    | agents.clients.clientDAE:test_with_thresholds:272 - Confusion Matrix:
[[2628  770]
 [   1  348]]
2025-09-30 07:56:00.042 | DEBUG    | agents.clients.clientDAE:test_with_thresholds:273 - ROC AUC Score: 0.8852653929245419
2025-09-30 07:56:00.042 | DEBUG    | agents.clients.clientDAE:test_with_thresholds:274 - False Positive Rate (FPR): 0.2266
2025-09-30 07:57:53.477 | INFO     | agents.servers.serverDAE:test_on_clients:157 - [Client 11] Multiplier 0.0: ACC=0.7942, P=0.3113, R=0.9971, F1=0.4744, AUC=0.8853
2025-09-30 07:57:53.498 | INFO     | agents.servers.serverDAE:test_on_clients:140 - Client 12 test params: threshold_re (mean=0.000453, std=0.000049), best epoch 499
2025-09-30 07:57:58.069 | DEBUG    | agents.clients.clientDAE:test_with_thresholds:268 - Classification Report:
              precision    recall  f1-score   support

           0       1.00      0.71      0.83      3375
           1       0.27      0.99      0.42       372

    accuracy                           0.73      3747
   macro avg       0.63      0.85      0.63      3747
weighted avg       0.93      0.73      0.79      3747

2025-09-30 07:57:58.070 | DEBUG    | agents.clients.clientDAE:test_with_thresholds:272 - Confusion Matrix:
[[2383  992]
 [   5  367]]
2025-09-30 07:57:58.070 | DEBUG    | agents.clients.clientDAE:test_with_thresholds:273 - ROC AUC Score: 0.84631660692951
2025-09-30 07:57:58.070 | DEBUG    | agents.clients.clientDAE:test_with_thresholds:274 - False Positive Rate (FPR): 0.2939
2025-09-30 07:59:51.480 | INFO     | agents.servers.serverDAE:test_on_clients:157 - [Client 12] Multiplier 0.0: ACC=0.7339, P=0.2701, R=0.9866, F1=0.4240, AUC=0.8463
2025-09-30 07:59:51.501 | INFO     | agents.servers.serverDAE:test_on_clients:140 - Client 13 test params: threshold_re (mean=0.000481, std=0.000076), best epoch 412
2025-09-30 07:59:56.074 | DEBUG    | agents.clients.clientDAE:test_with_thresholds:268 - Classification Report:
              precision    recall  f1-score   support

           0       1.00      0.75      0.85      3404
           1       0.28      0.98      0.43       342

    accuracy                           0.77      3746
   macro avg       0.64      0.86      0.64      3746
weighted avg       0.93      0.77      0.81      3746

2025-09-30 07:59:56.074 | DEBUG    | agents.clients.clientDAE:test_with_thresholds:272 - Confusion Matrix:
[[2538  866]
 [   8  334]]
2025-09-30 07:59:56.074 | DEBUG    | agents.clients.clientDAE:test_with_thresholds:273 - ROC AUC Score: 0.861100803320483
2025-09-30 07:59:56.074 | DEBUG    | agents.clients.clientDAE:test_with_thresholds:274 - False Positive Rate (FPR): 0.2544
2025-09-30 08:01:49.194 | INFO     | agents.servers.serverDAE:test_on_clients:157 - [Client 13] Multiplier 0.0: ACC=0.7667, P=0.2783, R=0.9766, F1=0.4332, AUC=0.8611
2025-09-30 08:01:49.214 | INFO     | agents.servers.serverDAE:test_on_clients:140 - Client 14 test params: threshold_re (mean=0.000457, std=0.000053), best epoch 408
2025-09-30 08:01:53.898 | DEBUG    | agents.clients.clientDAE:test_with_thresholds:268 - Classification Report:
              precision    recall  f1-score   support

           0       1.00      0.72      0.84      3418
           1       0.25      0.98      0.40       328

    accuracy                           0.75      3746
   macro avg       0.63      0.85      0.62      3746
weighted avg       0.93      0.75      0.80      3746

2025-09-30 08:01:53.898 | DEBUG    | agents.clients.clientDAE:test_with_thresholds:272 - Confusion Matrix:
[[2474  944]
 [   6  322]]
2025-09-30 08:01:53.899 | DEBUG    | agents.clients.clientDAE:test_with_thresholds:273 - ROC AUC Score: 0.8527612068104297
2025-09-30 08:01:53.899 | DEBUG    | agents.clients.clientDAE:test_with_thresholds:274 - False Positive Rate (FPR): 0.2762
2025-09-30 08:03:47.157 | INFO     | agents.servers.serverDAE:test_on_clients:157 - [Client 14] Multiplier 0.0: ACC=0.7464, P=0.2543, R=0.9817, F1=0.4040, AUC=0.8528
2025-09-30 08:03:47.179 | INFO     | agents.servers.serverDAE:test_on_clients:140 - Client 15 test params: threshold_re (mean=0.000497, std=0.000142), best epoch 482
2025-09-30 08:03:51.789 | DEBUG    | agents.clients.clientDAE:test_with_thresholds:268 - Classification Report:
              precision    recall  f1-score   support

           0       1.00      0.75      0.85      3417
           1       0.27      0.99      0.43       329

    accuracy                           0.77      3746
   macro avg       0.64      0.87      0.64      3746
weighted avg       0.93      0.77      0.82      3746

2025-09-30 08:03:51.790 | DEBUG    | agents.clients.clientDAE:test_with_thresholds:272 - Confusion Matrix:
[[2548  869]
 [   4  325]]
2025-09-30 08:03:51.790 | DEBUG    | agents.clients.clientDAE:test_with_thresholds:273 - ROC AUC Score: 0.866762646627403
2025-09-30 08:03:51.790 | DEBUG    | agents.clients.clientDAE:test_with_thresholds:274 - False Positive Rate (FPR): 0.2543
2025-09-30 08:05:47.098 | INFO     | agents.servers.serverDAE:test_on_clients:157 - [Client 15] Multiplier 0.0: ACC=0.7670, P=0.2722, R=0.9878, F1=0.4268, AUC=0.8668
2025-09-30 08:05:47.120 | INFO     | agents.servers.serverDAE:test_on_clients:140 - Client 16 test params: threshold_re (mean=0.000522, std=0.000122), best epoch 483
2025-09-30 08:05:51.793 | DEBUG    | agents.clients.clientDAE:test_with_thresholds:268 - Classification Report:
              precision    recall  f1-score   support

           0       1.00      0.79      0.88      3369
           1       0.35      0.98      0.51       377

    accuracy                           0.81      3746
   macro avg       0.67      0.89      0.70      3746
weighted avg       0.93      0.81      0.85      3746

2025-09-30 08:05:51.794 | DEBUG    | agents.clients.clientDAE:test_with_thresholds:272 - Confusion Matrix:
[[2668  701]
 [   7  370]]
2025-09-30 08:05:51.794 | DEBUG    | agents.clients.clientDAE:test_with_thresholds:273 - ROC AUC Score: 0.8866793741974139
2025-09-30 08:05:51.794 | DEBUG    | agents.clients.clientDAE:test_with_thresholds:274 - False Positive Rate (FPR): 0.2081
2025-09-30 08:07:48.041 | INFO     | agents.servers.serverDAE:test_on_clients:157 - [Client 16] Multiplier 0.0: ACC=0.8110, P=0.3455, R=0.9814, F1=0.5110, AUC=0.8867
2025-09-30 08:07:48.061 | INFO     | agents.servers.serverDAE:test_on_clients:140 - Client 17 test params: threshold_re (mean=0.000426, std=0.000055), best epoch 494
2025-09-30 08:07:52.636 | DEBUG    | agents.clients.clientDAE:test_with_thresholds:268 - Classification Report:
              precision    recall  f1-score   support

           0       1.00      0.67      0.80      3402
           1       0.23      0.99      0.38       344

    accuracy                           0.70      3746
   macro avg       0.62      0.83      0.59      3746
weighted avg       0.93      0.70      0.77      3746

2025-09-30 08:07:52.637 | DEBUG    | agents.clients.clientDAE:test_with_thresholds:272 - Confusion Matrix:
[[2294 1108]
 [   4  340]]
2025-09-30 08:07:52.637 | DEBUG    | agents.clients.clientDAE:test_with_thresholds:273 - ROC AUC Score: 0.8313406614440206
2025-09-30 08:07:52.638 | DEBUG    | agents.clients.clientDAE:test_with_thresholds:274 - False Positive Rate (FPR): 0.3257
2025-09-30 08:10:10.902 | INFO     | agents.servers.serverDAE:test_on_clients:157 - [Client 17] Multiplier 0.0: ACC=0.7032, P=0.2348, R=0.9884, F1=0.3795, AUC=0.8313
2025-09-30 08:10:10.923 | INFO     | agents.servers.serverDAE:test_on_clients:140 - Client 18 test params: threshold_re (mean=0.000469, std=0.000056), best epoch 497
2025-09-30 08:10:17.182 | DEBUG    | agents.clients.clientDAE:test_with_thresholds:268 - Classification Report:
              precision    recall  f1-score   support

           0       1.00      0.73      0.84      3403
           1       0.27      0.98      0.42       343

    accuracy                           0.75      3746
   macro avg       0.63      0.86      0.63      3746
weighted avg       0.93      0.75      0.80      3746

2025-09-30 08:10:17.183 | DEBUG    | agents.clients.clientDAE:test_with_thresholds:272 - Confusion Matrix:
[[2487  916]
 [   7  336]]
2025-09-30 08:10:17.183 | DEBUG    | agents.clients.clientDAE:test_with_thresholds:273 - ROC AUC Score: 0.8552087893635267
2025-09-30 08:10:17.183 | DEBUG    | agents.clients.clientDAE:test_with_thresholds:274 - False Positive Rate (FPR): 0.2692
2025-09-30 08:12:39.118 | INFO     | agents.servers.serverDAE:test_on_clients:157 - [Client 18] Multiplier 0.0: ACC=0.7536, P=0.2684, R=0.9796, F1=0.4213, AUC=0.8552
2025-09-30 08:12:39.140 | INFO     | agents.servers.serverDAE:test_on_clients:140 - Client 19 test params: threshold_re (mean=0.000524, std=0.000080), best epoch 277
2025-09-30 08:12:45.245 | DEBUG    | agents.clients.clientDAE:test_with_thresholds:268 - Classification Report:
              precision    recall  f1-score   support

           0       1.00      0.77      0.87      3423
           1       0.29      0.99      0.45       323

    accuracy                           0.79      3746
   macro avg       0.64      0.88      0.66      3746
weighted avg       0.94      0.79      0.83      3746

2025-09-30 08:12:45.245 | DEBUG    | agents.clients.clientDAE:test_with_thresholds:272 - Confusion Matrix:
[[2636  787]
 [   4  319]]
2025-09-30 08:12:45.245 | DEBUG    | agents.clients.clientDAE:test_with_thresholds:273 - ROC AUC Score: 0.8788504100380868
2025-09-30 08:12:45.246 | DEBUG    | agents.clients.clientDAE:test_with_thresholds:274 - False Positive Rate (FPR): 0.2299
2025-09-30 08:14:48.647 | INFO     | agents.servers.serverDAE:test_on_clients:157 - [Client 19] Multiplier 0.0: ACC=0.7888, P=0.2884, R=0.9876, F1=0.4465, AUC=0.8789
2025-09-30 08:14:48.670 | INFO     | agents.servers.serverDAE:_log_avg_auc:208 - 
====== AVERAGE AUC PER MULTIPLIER ======
Multiplier   All Clients          Benign Clients       Poisoned Clients    
---------------------------------------------------------------------------
0.0          0.863969             0.863969             0.000000            
0.2          0.870185             0.870185             0.000000            
0.4          0.875495             0.875495             0.000000            
0.6          0.882279             0.882279             0.000000            
0.8          0.888701             0.888701             0.000000            
1.0          0.892908             0.892908             0.000000            
1.2          0.896531             0.896531             0.000000            
1.4          0.899464             0.899464             0.000000            
1.6          0.904447             0.904447             0.000000            
1.8          0.905545             0.905545             0.000000            
2.0          0.908671             0.908671             0.000000            
2.2          0.911398             0.911398             0.000000            
2.4          0.911456             0.911456             0.000000            
2.6          0.914360             0.914360             0.000000            
2.8          0.911728             0.911728             0.000000            
3.0          0.914028             0.914028             0.000000            
3.2          0.916581             0.916581             0.000000            
3.4          0.917815             0.917815             0.000000            
3.6          0.917233             0.917233             0.000000            
3.8          0.918346             0.918346             0.000000            
4.0          0.917480             0.917480             0.000000            
4.2          0.917344             0.917344             0.000000            
4.4          0.917806             0.917806             0.000000            
4.6          0.918121             0.918121             0.000000            
4.8          0.919162             0.919162             0.000000            
5.0          0.920248             0.920248             0.000000            

