2025-11-01 12:41:50.890 | DEBUG    | function.arguments:log:104 - Arguments: 
[Experiment Config]
Model Type: FedMSE
Noise Type: label_flipping
Aggregation Type: FedMSE
Learning Rate: 0.01
Coefficient Shrink AE: 1.0
Threshold Multiplier: 0.0
Noise STD: 0.001
Attack Noise STD: 3.0
Number of Poisoned Clients: 0
Poisoned Sample Ratio: 1.0
Dimension: 17
Epochs: 500
Number of Multi-Class Clients: 0

[System Config]
Number of Workers: 20
Early Stop Offset: 500
Threshold Factor: 0
Cuda Enabled: True
Shuffle: False
Loss Function: <class 'torch.nn.modules.loss.MSELoss'>

[Dataset Config]
Dataset: wsn_ds
Train Batch Size: 128
Val Batch Size: 128
Test Batch Size: 1
Malicious Batch Size: 128
Train Data Path: data_loaders/wsn_ds/train_data_loader.pickle
Val Data Path: data_loaders/wsn_ds/val_data_loader.pickle
Test Data Path: data_loaders/wsn_ds/test_data_loader.pickle
Malicious Data Path: data_loaders/wsn_ds/mal_data_loader.pickle
Default Model Save Path: default_models/wsn_ds

2025-11-01 12:41:50.890 | INFO     | function.utils.data_loader_util:load_data_loader_from_file:191 - Loading data loader from file: data_loaders/wsn_ds/train_data_loader.pickle
2025-11-01 12:41:50.914 | INFO     | function.utils.data_loader_util:load_data_loader_from_file:191 - Loading data loader from file: data_loaders/wsn_ds/val_data_loader.pickle
2025-11-01 12:41:50.917 | INFO     | function.utils.data_loader_util:load_data_loader_from_file:191 - Loading data loader from file: data_loaders/wsn_ds/test_data_loader.pickle
2025-11-01 12:41:50.922 | INFO     | function.utils.data_loader_util:load_data_loader_from_file:191 - Loading data loader from file: data_loaders/wsn_ds/mal_data_loader.pickle
2025-11-01 12:41:50.923 | INFO     | core.experiment_runner:run_exp:56 - Multi-class client IDs: []
2025-11-01 12:41:50.923 | INFO     | core.experiment_runner:run_exp:61 - Single-class client IDs: [0, 1, 2, 3, 4, 5, 6, 7, 8, 9, 10, 11, 12, 13, 14, 15, 16, 17, 18, 19]
2025-11-01 12:41:55.611 | INFO     | function.utils.data_util:poison_data:100 - Poisoning data for workers: []
2025-11-01 12:42:01.225 | INFO     | function.utils.data_util:poison_data:100 - Poisoning data for workers: []
2025-11-01 12:42:09.604 | INFO     | agents.servers.serverFedMSE:train_on_clients:32 - Training FedMSE model epoch #1
2025-11-01 12:42:09.990 | INFO     | agents.servers.serverFedMSE:train_on_clients:54 - Client 0 gets new best val_loss at epoch #1: 0.012922
2025-11-01 12:42:10.288 | INFO     | agents.servers.serverFedMSE:train_on_clients:54 - Client 1 gets new best val_loss at epoch #1: 0.012726
2025-11-01 12:42:10.556 | INFO     | agents.servers.serverFedMSE:train_on_clients:54 - Client 2 gets new best val_loss at epoch #1: 0.013228
2025-11-01 12:42:10.828 | INFO     | agents.servers.serverFedMSE:train_on_clients:54 - Client 3 gets new best val_loss at epoch #1: 0.012264
2025-11-01 12:42:11.091 | INFO     | agents.servers.serverFedMSE:train_on_clients:54 - Client 4 gets new best val_loss at epoch #1: 0.012490
2025-11-01 12:42:11.360 | INFO     | agents.servers.serverFedMSE:train_on_clients:54 - Client 5 gets new best val_loss at epoch #1: 0.012631
2025-11-01 12:42:11.628 | INFO     | agents.servers.serverFedMSE:train_on_clients:54 - Client 6 gets new best val_loss at epoch #1: 0.012071
2025-11-01 12:42:11.894 | INFO     | agents.servers.serverFedMSE:train_on_clients:54 - Client 7 gets new best val_loss at epoch #1: 0.011684
2025-11-01 12:42:12.163 | INFO     | agents.servers.serverFedMSE:train_on_clients:54 - Client 8 gets new best val_loss at epoch #1: 0.013476
2025-11-01 12:42:12.430 | INFO     | agents.servers.serverFedMSE:train_on_clients:54 - Client 9 gets new best val_loss at epoch #1: 0.012899
2025-11-01 12:42:12.696 | INFO     | agents.servers.serverFedMSE:train_on_clients:54 - Client 10 gets new best val_loss at epoch #1: 0.012418
2025-11-01 12:42:12.964 | INFO     | agents.servers.serverFedMSE:train_on_clients:54 - Client 11 gets new best val_loss at epoch #1: 0.012554
2025-11-01 12:42:13.233 | INFO     | agents.servers.serverFedMSE:train_on_clients:54 - Client 12 gets new best val_loss at epoch #1: 0.012020
2025-11-01 12:42:13.498 | INFO     | agents.servers.serverFedMSE:train_on_clients:54 - Client 13 gets new best val_loss at epoch #1: 0.012149
2025-11-01 12:42:13.765 | INFO     | agents.servers.serverFedMSE:train_on_clients:54 - Client 14 gets new best val_loss at epoch #1: 0.012450
2025-11-01 12:42:14.041 | INFO     | agents.servers.serverFedMSE:train_on_clients:54 - Client 15 gets new best val_loss at epoch #1: 0.012604
2025-11-01 12:42:14.313 | INFO     | agents.servers.serverFedMSE:train_on_clients:54 - Client 16 gets new best val_loss at epoch #1: 0.012456
2025-11-01 12:42:14.584 | INFO     | agents.servers.serverFedMSE:train_on_clients:54 - Client 17 gets new best val_loss at epoch #1: 0.011964
2025-11-01 12:42:14.854 | INFO     | agents.servers.serverFedMSE:train_on_clients:54 - Client 18 gets new best val_loss at epoch #1: 0.012370
2025-11-01 12:42:15.122 | INFO     | agents.servers.serverFedMSE:train_on_clients:54 - Client 19 gets new best val_loss at epoch #1: 0.012702
2025-11-01 12:42:15.124 | INFO     | agents.servers.serverFedMSE:train_on_clients:76 - 20 clients still training at epoch #1
2025-11-01 12:42:46.871 | INFO     | agents.servers.serverFedMSE:train_on_clients:32 - Training FedMSE model epoch #2
2025-11-01 12:42:47.139 | INFO     | agents.servers.serverFedMSE:train_on_clients:54 - Client 0 gets new best val_loss at epoch #2: 0.012233
2025-11-01 12:42:47.414 | INFO     | agents.servers.serverFedMSE:train_on_clients:54 - Client 1 gets new best val_loss at epoch #2: 0.012061
2025-11-01 12:42:47.689 | INFO     | agents.servers.serverFedMSE:train_on_clients:54 - Client 2 gets new best val_loss at epoch #2: 0.011877
2025-11-01 12:42:47.957 | INFO     | agents.servers.serverFedMSE:train_on_clients:54 - Client 3 gets new best val_loss at epoch #2: 0.011804
2025-11-01 12:42:48.225 | INFO     | agents.servers.serverFedMSE:train_on_clients:54 - Client 4 gets new best val_loss at epoch #2: 0.011657
2025-11-01 12:42:48.499 | INFO     | agents.servers.serverFedMSE:train_on_clients:54 - Client 5 gets new best val_loss at epoch #2: 0.011929
2025-11-01 12:42:48.768 | INFO     | agents.servers.serverFedMSE:train_on_clients:54 - Client 6 gets new best val_loss at epoch #2: 0.011541
2025-11-01 12:42:49.038 | INFO     | agents.servers.serverFedMSE:train_on_clients:54 - Client 7 gets new best val_loss at epoch #2: 0.011078
2025-11-01 12:42:49.311 | INFO     | agents.servers.serverFedMSE:train_on_clients:54 - Client 8 gets new best val_loss at epoch #2: 0.012659
2025-11-01 12:42:49.584 | INFO     | agents.servers.serverFedMSE:train_on_clients:54 - Client 9 gets new best val_loss at epoch #2: 0.011963
2025-11-01 12:42:49.855 | INFO     | agents.servers.serverFedMSE:train_on_clients:54 - Client 10 gets new best val_loss at epoch #2: 0.011807
2025-11-01 12:42:50.126 | INFO     | agents.servers.serverFedMSE:train_on_clients:54 - Client 11 gets new best val_loss at epoch #2: 0.012283
2025-11-01 12:42:50.399 | INFO     | agents.servers.serverFedMSE:train_on_clients:54 - Client 12 gets new best val_loss at epoch #2: 0.011313
2025-11-01 12:42:50.669 | INFO     | agents.servers.serverFedMSE:train_on_clients:54 - Client 13 gets new best val_loss at epoch #2: 0.011438
2025-11-01 12:42:50.939 | INFO     | agents.servers.serverFedMSE:train_on_clients:54 - Client 14 gets new best val_loss at epoch #2: 0.011918
2025-11-01 12:42:51.209 | INFO     | agents.servers.serverFedMSE:train_on_clients:54 - Client 15 gets new best val_loss at epoch #2: 0.011839
2025-11-01 12:42:51.482 | INFO     | agents.servers.serverFedMSE:train_on_clients:54 - Client 16 gets new best val_loss at epoch #2: 0.011877
2025-11-01 12:42:51.756 | INFO     | agents.servers.serverFedMSE:train_on_clients:54 - Client 17 gets new best val_loss at epoch #2: 0.011254
2025-11-01 12:42:52.024 | INFO     | agents.servers.serverFedMSE:train_on_clients:54 - Client 18 gets new best val_loss at epoch #2: 0.011737
2025-11-01 12:42:52.294 | INFO     | agents.servers.serverFedMSE:train_on_clients:54 - Client 19 gets new best val_loss at epoch #2: 0.012015
2025-11-01 12:42:52.296 | INFO     | agents.servers.serverFedMSE:train_on_clients:76 - 20 clients still training at epoch #2
2025-11-01 12:43:23.975 | INFO     | agents.servers.serverFedMSE:train_on_clients:32 - Training FedMSE model epoch #3
2025-11-01 12:43:24.248 | INFO     | agents.servers.serverFedMSE:train_on_clients:54 - Client 0 gets new best val_loss at epoch #3: 0.010532
2025-11-01 12:43:24.519 | INFO     | agents.servers.serverFedMSE:train_on_clients:54 - Client 1 gets new best val_loss at epoch #3: 0.010034
2025-11-01 12:43:24.790 | INFO     | agents.servers.serverFedMSE:train_on_clients:54 - Client 2 gets new best val_loss at epoch #3: 0.010465
2025-11-01 12:43:25.062 | INFO     | agents.servers.serverFedMSE:train_on_clients:54 - Client 3 gets new best val_loss at epoch #3: 0.009949
2025-11-01 12:43:25.337 | INFO     | agents.servers.serverFedMSE:train_on_clients:54 - Client 4 gets new best val_loss at epoch #3: 0.009839
2025-11-01 12:43:25.610 | INFO     | agents.servers.serverFedMSE:train_on_clients:54 - Client 5 gets new best val_loss at epoch #3: 0.010171
2025-11-01 12:43:25.882 | INFO     | agents.servers.serverFedMSE:train_on_clients:54 - Client 6 gets new best val_loss at epoch #3: 0.009790
2025-11-01 12:43:26.151 | INFO     | agents.servers.serverFedMSE:train_on_clients:54 - Client 7 gets new best val_loss at epoch #3: 0.009338
2025-11-01 12:43:26.422 | INFO     | agents.servers.serverFedMSE:train_on_clients:54 - Client 8 gets new best val_loss at epoch #3: 0.010871
2025-11-01 12:43:26.694 | INFO     | agents.servers.serverFedMSE:train_on_clients:54 - Client 9 gets new best val_loss at epoch #3: 0.010736
2025-11-01 12:43:26.962 | INFO     | agents.servers.serverFedMSE:train_on_clients:54 - Client 10 gets new best val_loss at epoch #3: 0.010613
2025-11-01 12:43:27.233 | INFO     | agents.servers.serverFedMSE:train_on_clients:54 - Client 11 gets new best val_loss at epoch #3: 0.010447
2025-11-01 12:43:27.504 | INFO     | agents.servers.serverFedMSE:train_on_clients:54 - Client 12 gets new best val_loss at epoch #3: 0.009678
2025-11-01 12:43:27.772 | INFO     | agents.servers.serverFedMSE:train_on_clients:54 - Client 13 gets new best val_loss at epoch #3: 0.009760
2025-11-01 12:43:28.043 | INFO     | agents.servers.serverFedMSE:train_on_clients:54 - Client 14 gets new best val_loss at epoch #3: 0.010228
2025-11-01 12:43:28.312 | INFO     | agents.servers.serverFedMSE:train_on_clients:54 - Client 15 gets new best val_loss at epoch #3: 0.009966
2025-11-01 12:43:28.583 | INFO     | agents.servers.serverFedMSE:train_on_clients:54 - Client 16 gets new best val_loss at epoch #3: 0.010086
2025-11-01 12:43:28.853 | INFO     | agents.servers.serverFedMSE:train_on_clients:54 - Client 17 gets new best val_loss at epoch #3: 0.009599
2025-11-01 12:43:29.124 | INFO     | agents.servers.serverFedMSE:train_on_clients:54 - Client 18 gets new best val_loss at epoch #3: 0.009992
2025-11-01 12:43:29.398 | INFO     | agents.servers.serverFedMSE:train_on_clients:54 - Client 19 gets new best val_loss at epoch #3: 0.010251
2025-11-01 12:43:29.400 | INFO     | agents.servers.serverFedMSE:train_on_clients:76 - 20 clients still training at epoch #3
2025-11-01 12:44:00.989 | INFO     | agents.servers.serverFedMSE:train_on_clients:32 - Training FedMSE model epoch #4
2025-11-01 12:44:01.264 | INFO     | agents.servers.serverFedMSE:train_on_clients:54 - Client 0 gets new best val_loss at epoch #4: 0.008239
2025-11-01 12:44:01.547 | INFO     | agents.servers.serverFedMSE:train_on_clients:54 - Client 1 gets new best val_loss at epoch #4: 0.008223
2025-11-01 12:44:01.831 | INFO     | agents.servers.serverFedMSE:train_on_clients:54 - Client 2 gets new best val_loss at epoch #4: 0.008091
2025-11-01 12:44:02.118 | INFO     | agents.servers.serverFedMSE:train_on_clients:54 - Client 3 gets new best val_loss at epoch #4: 0.008136
2025-11-01 12:44:02.401 | INFO     | agents.servers.serverFedMSE:train_on_clients:54 - Client 4 gets new best val_loss at epoch #4: 0.007846
2025-11-01 12:44:02.687 | INFO     | agents.servers.serverFedMSE:train_on_clients:54 - Client 5 gets new best val_loss at epoch #4: 0.008380
2025-11-01 12:44:02.973 | INFO     | agents.servers.serverFedMSE:train_on_clients:54 - Client 6 gets new best val_loss at epoch #4: 0.007943
2025-11-01 12:44:03.256 | INFO     | agents.servers.serverFedMSE:train_on_clients:54 - Client 7 gets new best val_loss at epoch #4: 0.007383
2025-11-01 12:44:03.543 | INFO     | agents.servers.serverFedMSE:train_on_clients:54 - Client 8 gets new best val_loss at epoch #4: 0.008927
2025-11-01 12:44:03.829 | INFO     | agents.servers.serverFedMSE:train_on_clients:54 - Client 9 gets new best val_loss at epoch #4: 0.008577
2025-11-01 12:44:04.116 | INFO     | agents.servers.serverFedMSE:train_on_clients:54 - Client 10 gets new best val_loss at epoch #4: 0.008221
2025-11-01 12:44:04.401 | INFO     | agents.servers.serverFedMSE:train_on_clients:54 - Client 11 gets new best val_loss at epoch #4: 0.008130
2025-11-01 12:44:04.681 | INFO     | agents.servers.serverFedMSE:train_on_clients:54 - Client 12 gets new best val_loss at epoch #4: 0.007795
2025-11-01 12:44:04.967 | INFO     | agents.servers.serverFedMSE:train_on_clients:54 - Client 13 gets new best val_loss at epoch #4: 0.007907
2025-11-01 12:44:05.252 | INFO     | agents.servers.serverFedMSE:train_on_clients:54 - Client 14 gets new best val_loss at epoch #4: 0.007927
2025-11-01 12:44:05.537 | INFO     | agents.servers.serverFedMSE:train_on_clients:54 - Client 15 gets new best val_loss at epoch #4: 0.008094
2025-11-01 12:44:05.822 | INFO     | agents.servers.serverFedMSE:train_on_clients:54 - Client 16 gets new best val_loss at epoch #4: 0.008197
2025-11-01 12:44:06.108 | INFO     | agents.servers.serverFedMSE:train_on_clients:54 - Client 17 gets new best val_loss at epoch #4: 0.008233
2025-11-01 12:44:06.395 | INFO     | agents.servers.serverFedMSE:train_on_clients:54 - Client 18 gets new best val_loss at epoch #4: 0.008420
2025-11-01 12:44:06.682 | INFO     | agents.servers.serverFedMSE:train_on_clients:54 - Client 19 gets new best val_loss at epoch #4: 0.008156
2025-11-01 12:44:06.684 | INFO     | agents.servers.serverFedMSE:train_on_clients:76 - 20 clients still training at epoch #4
2025-11-01 12:44:51.599 | INFO     | agents.servers.serverFedMSE:train_on_clients:32 - Training FedMSE model epoch #5
2025-11-01 12:44:51.890 | INFO     | agents.servers.serverFedMSE:train_on_clients:54 - Client 0 gets new best val_loss at epoch #5: 0.006932
2025-11-01 12:44:52.175 | INFO     | agents.servers.serverFedMSE:train_on_clients:54 - Client 1 gets new best val_loss at epoch #5: 0.007091
2025-11-01 12:44:52.462 | INFO     | agents.servers.serverFedMSE:train_on_clients:54 - Client 2 gets new best val_loss at epoch #5: 0.006848
2025-11-01 12:44:52.749 | INFO     | agents.servers.serverFedMSE:train_on_clients:54 - Client 3 gets new best val_loss at epoch #5: 0.007232
2025-11-01 12:44:53.039 | INFO     | agents.servers.serverFedMSE:train_on_clients:54 - Client 4 gets new best val_loss at epoch #5: 0.006781
2025-11-01 12:44:53.336 | INFO     | agents.servers.serverFedMSE:train_on_clients:54 - Client 5 gets new best val_loss at epoch #5: 0.007313
2025-11-01 12:44:53.624 | INFO     | agents.servers.serverFedMSE:train_on_clients:54 - Client 6 gets new best val_loss at epoch #5: 0.007029
2025-11-01 12:44:53.910 | INFO     | agents.servers.serverFedMSE:train_on_clients:54 - Client 7 gets new best val_loss at epoch #5: 0.006363
2025-11-01 12:44:54.199 | INFO     | agents.servers.serverFedMSE:train_on_clients:54 - Client 8 gets new best val_loss at epoch #5: 0.007560
2025-11-01 12:44:54.482 | INFO     | agents.servers.serverFedMSE:train_on_clients:54 - Client 9 gets new best val_loss at epoch #5: 0.006980
2025-11-01 12:44:54.768 | INFO     | agents.servers.serverFedMSE:train_on_clients:54 - Client 10 gets new best val_loss at epoch #5: 0.006846
2025-11-01 12:44:55.054 | INFO     | agents.servers.serverFedMSE:train_on_clients:54 - Client 11 gets new best val_loss at epoch #5: 0.006985
2025-11-01 12:44:55.343 | INFO     | agents.servers.serverFedMSE:train_on_clients:54 - Client 12 gets new best val_loss at epoch #5: 0.006515
2025-11-01 12:44:55.628 | INFO     | agents.servers.serverFedMSE:train_on_clients:54 - Client 13 gets new best val_loss at epoch #5: 0.006899
2025-11-01 12:44:55.917 | INFO     | agents.servers.serverFedMSE:train_on_clients:54 - Client 14 gets new best val_loss at epoch #5: 0.007601
2025-11-01 12:44:56.202 | INFO     | agents.servers.serverFedMSE:train_on_clients:54 - Client 15 gets new best val_loss at epoch #5: 0.007492
2025-11-01 12:44:56.488 | INFO     | agents.servers.serverFedMSE:train_on_clients:54 - Client 16 gets new best val_loss at epoch #5: 0.006992
2025-11-01 12:44:56.776 | INFO     | agents.servers.serverFedMSE:train_on_clients:54 - Client 17 gets new best val_loss at epoch #5: 0.006613
2025-11-01 12:44:57.062 | INFO     | agents.servers.serverFedMSE:train_on_clients:54 - Client 18 gets new best val_loss at epoch #5: 0.007020
2025-11-01 12:44:57.347 | INFO     | agents.servers.serverFedMSE:train_on_clients:54 - Client 19 gets new best val_loss at epoch #5: 0.007058
2025-11-01 12:44:57.348 | INFO     | agents.servers.serverFedMSE:train_on_clients:76 - 20 clients still training at epoch #5
2025-11-01 12:45:42.312 | INFO     | agents.servers.serverFedMSE:train_on_clients:32 - Training FedMSE model epoch #6
2025-11-01 12:45:42.600 | INFO     | agents.servers.serverFedMSE:train_on_clients:54 - Client 0 gets new best val_loss at epoch #6: 0.006845
2025-11-01 12:45:42.890 | INFO     | agents.servers.serverFedMSE:train_on_clients:54 - Client 1 gets new best val_loss at epoch #6: 0.006746
2025-11-01 12:45:43.174 | INFO     | agents.servers.serverFedMSE:train_on_clients:54 - Client 2 gets new best val_loss at epoch #6: 0.006822
2025-11-01 12:45:43.465 | INFO     | agents.servers.serverFedMSE:train_on_clients:54 - Client 3 gets new best val_loss at epoch #6: 0.006837
2025-11-01 12:45:43.752 | INFO     | agents.servers.serverFedMSE:train_on_clients:54 - Client 4 gets new best val_loss at epoch #6: 0.006564
2025-11-01 12:45:44.041 | INFO     | agents.servers.serverFedMSE:train_on_clients:54 - Client 5 gets new best val_loss at epoch #6: 0.006994
2025-11-01 12:45:44.327 | INFO     | agents.servers.serverFedMSE:train_on_clients:54 - Client 6 gets new best val_loss at epoch #6: 0.006652
2025-11-01 12:45:44.619 | INFO     | agents.servers.serverFedMSE:train_on_clients:54 - Client 7 gets new best val_loss at epoch #6: 0.006200
2025-11-01 12:45:44.908 | INFO     | agents.servers.serverFedMSE:train_on_clients:54 - Client 8 gets new best val_loss at epoch #6: 0.007510
2025-11-01 12:45:45.191 | INFO     | agents.servers.serverFedMSE:train_on_clients:54 - Client 9 gets new best val_loss at epoch #6: 0.006959
2025-11-01 12:45:45.477 | INFO     | agents.servers.serverFedMSE:train_on_clients:54 - Client 10 gets new best val_loss at epoch #6: 0.006784
2025-11-01 12:45:46.051 | INFO     | agents.servers.serverFedMSE:train_on_clients:54 - Client 12 gets new best val_loss at epoch #6: 0.006272
2025-11-01 12:45:46.333 | INFO     | agents.servers.serverFedMSE:train_on_clients:54 - Client 13 gets new best val_loss at epoch #6: 0.006781
2025-11-01 12:45:46.625 | INFO     | agents.servers.serverFedMSE:train_on_clients:54 - Client 14 gets new best val_loss at epoch #6: 0.006865
2025-11-01 12:45:46.909 | INFO     | agents.servers.serverFedMSE:train_on_clients:54 - Client 15 gets new best val_loss at epoch #6: 0.006626
2025-11-01 12:45:47.195 | INFO     | agents.servers.serverFedMSE:train_on_clients:54 - Client 16 gets new best val_loss at epoch #6: 0.006745
2025-11-01 12:45:47.481 | INFO     | agents.servers.serverFedMSE:train_on_clients:54 - Client 17 gets new best val_loss at epoch #6: 0.006447
2025-11-01 12:45:47.771 | INFO     | agents.servers.serverFedMSE:train_on_clients:54 - Client 18 gets new best val_loss at epoch #6: 0.006932
2025-11-01 12:45:48.058 | INFO     | agents.servers.serverFedMSE:train_on_clients:54 - Client 19 gets new best val_loss at epoch #6: 0.006730
2025-11-01 12:45:48.060 | INFO     | agents.servers.serverFedMSE:train_on_clients:76 - 20 clients still training at epoch #6
2025-11-01 12:46:32.915 | INFO     | agents.servers.serverFedMSE:train_on_clients:32 - Training FedMSE model epoch #7
2025-11-01 12:46:33.196 | INFO     | agents.servers.serverFedMSE:train_on_clients:54 - Client 0 gets new best val_loss at epoch #7: 0.006595
2025-11-01 12:46:33.491 | INFO     | agents.servers.serverFedMSE:train_on_clients:54 - Client 1 gets new best val_loss at epoch #7: 0.006617
2025-11-01 12:46:33.780 | INFO     | agents.servers.serverFedMSE:train_on_clients:54 - Client 2 gets new best val_loss at epoch #7: 0.006543
2025-11-01 12:46:34.067 | INFO     | agents.servers.serverFedMSE:train_on_clients:54 - Client 3 gets new best val_loss at epoch #7: 0.006612
2025-11-01 12:46:34.349 | INFO     | agents.servers.serverFedMSE:train_on_clients:54 - Client 4 gets new best val_loss at epoch #7: 0.006402
2025-11-01 12:46:34.638 | INFO     | agents.servers.serverFedMSE:train_on_clients:54 - Client 5 gets new best val_loss at epoch #7: 0.006779
2025-11-01 12:46:34.924 | INFO     | agents.servers.serverFedMSE:train_on_clients:54 - Client 6 gets new best val_loss at epoch #7: 0.006348
2025-11-01 12:46:35.214 | INFO     | agents.servers.serverFedMSE:train_on_clients:54 - Client 7 gets new best val_loss at epoch #7: 0.006052
2025-11-01 12:46:35.506 | INFO     | agents.servers.serverFedMSE:train_on_clients:54 - Client 8 gets new best val_loss at epoch #7: 0.007215
2025-11-01 12:46:36.079 | INFO     | agents.servers.serverFedMSE:train_on_clients:54 - Client 10 gets new best val_loss at epoch #7: 0.006482
2025-11-01 12:46:36.936 | INFO     | agents.servers.serverFedMSE:train_on_clients:54 - Client 13 gets new best val_loss at epoch #7: 0.006484
2025-11-01 12:46:37.510 | INFO     | agents.servers.serverFedMSE:train_on_clients:54 - Client 15 gets new best val_loss at epoch #7: 0.006484
2025-11-01 12:46:37.801 | INFO     | agents.servers.serverFedMSE:train_on_clients:54 - Client 16 gets new best val_loss at epoch #7: 0.006650
2025-11-01 12:46:38.091 | INFO     | agents.servers.serverFedMSE:train_on_clients:54 - Client 17 gets new best val_loss at epoch #7: 0.006286
2025-11-01 12:46:38.662 | INFO     | agents.servers.serverFedMSE:train_on_clients:54 - Client 19 gets new best val_loss at epoch #7: 0.006677
2025-11-01 12:46:38.664 | INFO     | agents.servers.serverFedMSE:train_on_clients:76 - 20 clients still training at epoch #7
2025-11-01 12:47:23.868 | INFO     | agents.servers.serverFedMSE:train_on_clients:32 - Training FedMSE model epoch #8
2025-11-01 12:47:24.165 | INFO     | agents.servers.serverFedMSE:train_on_clients:54 - Client 0 gets new best val_loss at epoch #8: 0.005893
2025-11-01 12:47:24.459 | INFO     | agents.servers.serverFedMSE:train_on_clients:54 - Client 1 gets new best val_loss at epoch #8: 0.005894
2025-11-01 12:47:24.756 | INFO     | agents.servers.serverFedMSE:train_on_clients:54 - Client 2 gets new best val_loss at epoch #8: 0.005861
2025-11-01 12:47:25.637 | INFO     | agents.servers.serverFedMSE:train_on_clients:54 - Client 5 gets new best val_loss at epoch #8: 0.005948
2025-11-01 12:47:25.927 | INFO     | agents.servers.serverFedMSE:train_on_clients:54 - Client 6 gets new best val_loss at epoch #8: 0.005700
2025-11-01 12:47:26.218 | INFO     | agents.servers.serverFedMSE:train_on_clients:54 - Client 7 gets new best val_loss at epoch #8: 0.005322
2025-11-01 12:47:26.507 | INFO     | agents.servers.serverFedMSE:train_on_clients:54 - Client 8 gets new best val_loss at epoch #8: 0.006595
2025-11-01 12:47:26.799 | INFO     | agents.servers.serverFedMSE:train_on_clients:54 - Client 9 gets new best val_loss at epoch #8: 0.005955
2025-11-01 12:47:27.088 | INFO     | agents.servers.serverFedMSE:train_on_clients:54 - Client 10 gets new best val_loss at epoch #8: 0.005768
2025-11-01 12:47:27.384 | INFO     | agents.servers.serverFedMSE:train_on_clients:54 - Client 11 gets new best val_loss at epoch #8: 0.006000
2025-11-01 12:47:27.676 | INFO     | agents.servers.serverFedMSE:train_on_clients:54 - Client 12 gets new best val_loss at epoch #8: 0.005734
2025-11-01 12:47:27.962 | INFO     | agents.servers.serverFedMSE:train_on_clients:54 - Client 13 gets new best val_loss at epoch #8: 0.006477
2025-11-01 12:47:28.251 | INFO     | agents.servers.serverFedMSE:train_on_clients:54 - Client 14 gets new best val_loss at epoch #8: 0.006090
2025-11-01 12:47:28.539 | INFO     | agents.servers.serverFedMSE:train_on_clients:54 - Client 15 gets new best val_loss at epoch #8: 0.005861
2025-11-01 12:47:28.830 | INFO     | agents.servers.serverFedMSE:train_on_clients:54 - Client 16 gets new best val_loss at epoch #8: 0.005853
2025-11-01 12:47:29.117 | INFO     | agents.servers.serverFedMSE:train_on_clients:54 - Client 17 gets new best val_loss at epoch #8: 0.005562
2025-11-01 12:47:29.406 | INFO     | agents.servers.serverFedMSE:train_on_clients:54 - Client 18 gets new best val_loss at epoch #8: 0.006078
2025-11-01 12:47:29.701 | INFO     | agents.servers.serverFedMSE:train_on_clients:54 - Client 19 gets new best val_loss at epoch #8: 0.005744
2025-11-01 12:47:29.703 | INFO     | agents.servers.serverFedMSE:train_on_clients:76 - 20 clients still training at epoch #8
2025-11-01 12:48:15.001 | INFO     | agents.servers.serverFedMSE:train_on_clients:32 - Training FedMSE model epoch #9
2025-11-01 12:48:15.291 | INFO     | agents.servers.serverFedMSE:train_on_clients:54 - Client 0 gets new best val_loss at epoch #9: 0.004641
2025-11-01 12:48:15.589 | INFO     | agents.servers.serverFedMSE:train_on_clients:54 - Client 1 gets new best val_loss at epoch #9: 0.004740
2025-11-01 12:48:15.877 | INFO     | agents.servers.serverFedMSE:train_on_clients:54 - Client 2 gets new best val_loss at epoch #9: 0.004580
2025-11-01 12:48:16.172 | INFO     | agents.servers.serverFedMSE:train_on_clients:54 - Client 3 gets new best val_loss at epoch #9: 0.004729
2025-11-01 12:48:16.459 | INFO     | agents.servers.serverFedMSE:train_on_clients:54 - Client 4 gets new best val_loss at epoch #9: 0.004810
2025-11-01 12:48:16.749 | INFO     | agents.servers.serverFedMSE:train_on_clients:54 - Client 5 gets new best val_loss at epoch #9: 0.004745
2025-11-01 12:48:17.040 | INFO     | agents.servers.serverFedMSE:train_on_clients:54 - Client 6 gets new best val_loss at epoch #9: 0.004425
2025-11-01 12:48:17.329 | INFO     | agents.servers.serverFedMSE:train_on_clients:54 - Client 7 gets new best val_loss at epoch #9: 0.004193
2025-11-01 12:48:17.619 | INFO     | agents.servers.serverFedMSE:train_on_clients:54 - Client 8 gets new best val_loss at epoch #9: 0.004846
2025-11-01 12:48:17.902 | INFO     | agents.servers.serverFedMSE:train_on_clients:54 - Client 9 gets new best val_loss at epoch #9: 0.004576
2025-11-01 12:48:18.190 | INFO     | agents.servers.serverFedMSE:train_on_clients:54 - Client 10 gets new best val_loss at epoch #9: 0.005022
2025-11-01 12:48:18.484 | INFO     | agents.servers.serverFedMSE:train_on_clients:54 - Client 11 gets new best val_loss at epoch #9: 0.004494
2025-11-01 12:48:18.779 | INFO     | agents.servers.serverFedMSE:train_on_clients:54 - Client 12 gets new best val_loss at epoch #9: 0.004568
2025-11-01 12:48:19.074 | INFO     | agents.servers.serverFedMSE:train_on_clients:54 - Client 13 gets new best val_loss at epoch #9: 0.004640
2025-11-01 12:48:19.363 | INFO     | agents.servers.serverFedMSE:train_on_clients:54 - Client 14 gets new best val_loss at epoch #9: 0.004727
2025-11-01 12:48:19.660 | INFO     | agents.servers.serverFedMSE:train_on_clients:54 - Client 15 gets new best val_loss at epoch #9: 0.004595
2025-11-01 12:48:19.951 | INFO     | agents.servers.serverFedMSE:train_on_clients:54 - Client 16 gets new best val_loss at epoch #9: 0.004589
2025-11-01 12:48:20.245 | INFO     | agents.servers.serverFedMSE:train_on_clients:54 - Client 17 gets new best val_loss at epoch #9: 0.004294
2025-11-01 12:48:20.544 | INFO     | agents.servers.serverFedMSE:train_on_clients:54 - Client 18 gets new best val_loss at epoch #9: 0.004787
2025-11-01 12:48:20.829 | INFO     | agents.servers.serverFedMSE:train_on_clients:54 - Client 19 gets new best val_loss at epoch #9: 0.004616
2025-11-01 12:48:20.830 | INFO     | agents.servers.serverFedMSE:train_on_clients:76 - 20 clients still training at epoch #9
2025-11-01 12:49:05.866 | INFO     | agents.servers.serverFedMSE:train_on_clients:32 - Training FedMSE model epoch #10
2025-11-01 12:49:06.150 | INFO     | agents.servers.serverFedMSE:train_on_clients:54 - Client 0 gets new best val_loss at epoch #10: 0.003845
2025-11-01 12:49:06.175 | INFO     | agents.servers.serverFedMSE:train_on_clients:70 - Saved model for client 0 at epoch 10 -> saved_models/FedMSE/FedMSE/wsn_ds/epoch_10_client_0.pt
2025-11-01 12:49:06.466 | INFO     | agents.servers.serverFedMSE:train_on_clients:54 - Client 1 gets new best val_loss at epoch #10: 0.004245
2025-11-01 12:49:06.483 | INFO     | agents.servers.serverFedMSE:train_on_clients:70 - Saved model for client 1 at epoch 10 -> saved_models/FedMSE/FedMSE/wsn_ds/epoch_10_client_1.pt
2025-11-01 12:49:06.772 | INFO     | agents.servers.serverFedMSE:train_on_clients:54 - Client 2 gets new best val_loss at epoch #10: 0.003854
2025-11-01 12:49:06.774 | INFO     | agents.servers.serverFedMSE:train_on_clients:70 - Saved model for client 2 at epoch 10 -> saved_models/FedMSE/FedMSE/wsn_ds/epoch_10_client_2.pt
2025-11-01 12:49:07.060 | INFO     | agents.servers.serverFedMSE:train_on_clients:54 - Client 3 gets new best val_loss at epoch #10: 0.004068
2025-11-01 12:49:07.062 | INFO     | agents.servers.serverFedMSE:train_on_clients:70 - Saved model for client 3 at epoch 10 -> saved_models/FedMSE/FedMSE/wsn_ds/epoch_10_client_3.pt
2025-11-01 12:49:07.352 | INFO     | agents.servers.serverFedMSE:train_on_clients:54 - Client 4 gets new best val_loss at epoch #10: 0.004122
2025-11-01 12:49:07.353 | INFO     | agents.servers.serverFedMSE:train_on_clients:70 - Saved model for client 4 at epoch 10 -> saved_models/FedMSE/FedMSE/wsn_ds/epoch_10_client_4.pt
2025-11-01 12:49:07.642 | INFO     | agents.servers.serverFedMSE:train_on_clients:54 - Client 5 gets new best val_loss at epoch #10: 0.004091
2025-11-01 12:49:07.644 | INFO     | agents.servers.serverFedMSE:train_on_clients:70 - Saved model for client 5 at epoch 10 -> saved_models/FedMSE/FedMSE/wsn_ds/epoch_10_client_5.pt
2025-11-01 12:49:07.929 | INFO     | agents.servers.serverFedMSE:train_on_clients:70 - Saved model for client 6 at epoch 10 -> saved_models/FedMSE/FedMSE/wsn_ds/epoch_10_client_6.pt
2025-11-01 12:49:08.219 | INFO     | agents.servers.serverFedMSE:train_on_clients:54 - Client 7 gets new best val_loss at epoch #10: 0.003655
2025-11-01 12:49:08.221 | INFO     | agents.servers.serverFedMSE:train_on_clients:70 - Saved model for client 7 at epoch 10 -> saved_models/FedMSE/FedMSE/wsn_ds/epoch_10_client_7.pt
2025-11-01 12:49:08.512 | INFO     | agents.servers.serverFedMSE:train_on_clients:54 - Client 8 gets new best val_loss at epoch #10: 0.004264
2025-11-01 12:49:08.513 | INFO     | agents.servers.serverFedMSE:train_on_clients:70 - Saved model for client 8 at epoch 10 -> saved_models/FedMSE/FedMSE/wsn_ds/epoch_10_client_8.pt
2025-11-01 12:49:08.798 | INFO     | agents.servers.serverFedMSE:train_on_clients:54 - Client 9 gets new best val_loss at epoch #10: 0.003888
2025-11-01 12:49:08.800 | INFO     | agents.servers.serverFedMSE:train_on_clients:70 - Saved model for client 9 at epoch 10 -> saved_models/FedMSE/FedMSE/wsn_ds/epoch_10_client_9.pt
2025-11-01 12:49:09.084 | INFO     | agents.servers.serverFedMSE:train_on_clients:54 - Client 10 gets new best val_loss at epoch #10: 0.003790
2025-11-01 12:49:09.085 | INFO     | agents.servers.serverFedMSE:train_on_clients:70 - Saved model for client 10 at epoch 10 -> saved_models/FedMSE/FedMSE/wsn_ds/epoch_10_client_10.pt
2025-11-01 12:49:09.370 | INFO     | agents.servers.serverFedMSE:train_on_clients:54 - Client 11 gets new best val_loss at epoch #10: 0.003859
2025-11-01 12:49:09.372 | INFO     | agents.servers.serverFedMSE:train_on_clients:70 - Saved model for client 11 at epoch 10 -> saved_models/FedMSE/FedMSE/wsn_ds/epoch_10_client_11.pt
2025-11-01 12:49:09.663 | INFO     | agents.servers.serverFedMSE:train_on_clients:54 - Client 12 gets new best val_loss at epoch #10: 0.003866
2025-11-01 12:49:09.664 | INFO     | agents.servers.serverFedMSE:train_on_clients:70 - Saved model for client 12 at epoch 10 -> saved_models/FedMSE/FedMSE/wsn_ds/epoch_10_client_12.pt
2025-11-01 12:49:09.952 | INFO     | agents.servers.serverFedMSE:train_on_clients:54 - Client 13 gets new best val_loss at epoch #10: 0.003926
2025-11-01 12:49:09.954 | INFO     | agents.servers.serverFedMSE:train_on_clients:70 - Saved model for client 13 at epoch 10 -> saved_models/FedMSE/FedMSE/wsn_ds/epoch_10_client_13.pt
2025-11-01 12:49:10.239 | INFO     | agents.servers.serverFedMSE:train_on_clients:54 - Client 14 gets new best val_loss at epoch #10: 0.004086
2025-11-01 12:49:10.241 | INFO     | agents.servers.serverFedMSE:train_on_clients:70 - Saved model for client 14 at epoch 10 -> saved_models/FedMSE/FedMSE/wsn_ds/epoch_10_client_14.pt
2025-11-01 12:49:10.528 | INFO     | agents.servers.serverFedMSE:train_on_clients:54 - Client 15 gets new best val_loss at epoch #10: 0.003904
2025-11-01 12:49:10.530 | INFO     | agents.servers.serverFedMSE:train_on_clients:70 - Saved model for client 15 at epoch 10 -> saved_models/FedMSE/FedMSE/wsn_ds/epoch_10_client_15.pt
2025-11-01 12:49:10.820 | INFO     | agents.servers.serverFedMSE:train_on_clients:54 - Client 16 gets new best val_loss at epoch #10: 0.004007
2025-11-01 12:49:10.822 | INFO     | agents.servers.serverFedMSE:train_on_clients:70 - Saved model for client 16 at epoch 10 -> saved_models/FedMSE/FedMSE/wsn_ds/epoch_10_client_16.pt
2025-11-01 12:49:11.110 | INFO     | agents.servers.serverFedMSE:train_on_clients:54 - Client 17 gets new best val_loss at epoch #10: 0.003723
2025-11-01 12:49:11.112 | INFO     | agents.servers.serverFedMSE:train_on_clients:70 - Saved model for client 17 at epoch 10 -> saved_models/FedMSE/FedMSE/wsn_ds/epoch_10_client_17.pt
2025-11-01 12:49:11.397 | INFO     | agents.servers.serverFedMSE:train_on_clients:54 - Client 18 gets new best val_loss at epoch #10: 0.004419
2025-11-01 12:49:11.399 | INFO     | agents.servers.serverFedMSE:train_on_clients:70 - Saved model for client 18 at epoch 10 -> saved_models/FedMSE/FedMSE/wsn_ds/epoch_10_client_18.pt
2025-11-01 12:49:11.685 | INFO     | agents.servers.serverFedMSE:train_on_clients:54 - Client 19 gets new best val_loss at epoch #10: 0.003961
2025-11-01 12:49:11.687 | INFO     | agents.servers.serverFedMSE:train_on_clients:70 - Saved model for client 19 at epoch 10 -> saved_models/FedMSE/FedMSE/wsn_ds/epoch_10_client_19.pt
2025-11-01 12:49:11.688 | INFO     | agents.servers.serverFedMSE:train_on_clients:76 - 20 clients still training at epoch #10
2025-11-01 12:49:56.650 | INFO     | agents.servers.serverFedMSE:train_on_clients:32 - Training FedMSE model epoch #11
2025-11-01 12:49:56.937 | INFO     | agents.servers.serverFedMSE:train_on_clients:54 - Client 0 gets new best val_loss at epoch #11: 0.003756
2025-11-01 12:49:57.222 | INFO     | agents.servers.serverFedMSE:train_on_clients:54 - Client 1 gets new best val_loss at epoch #11: 0.004019
2025-11-01 12:49:57.510 | INFO     | agents.servers.serverFedMSE:train_on_clients:54 - Client 2 gets new best val_loss at epoch #11: 0.003819
2025-11-01 12:49:57.800 | INFO     | agents.servers.serverFedMSE:train_on_clients:54 - Client 3 gets new best val_loss at epoch #11: 0.003943
2025-11-01 12:49:58.088 | INFO     | agents.servers.serverFedMSE:train_on_clients:54 - Client 4 gets new best val_loss at epoch #11: 0.003776
2025-11-01 12:49:58.380 | INFO     | agents.servers.serverFedMSE:train_on_clients:54 - Client 5 gets new best val_loss at epoch #11: 0.003841
2025-11-01 12:49:58.668 | INFO     | agents.servers.serverFedMSE:train_on_clients:54 - Client 6 gets new best val_loss at epoch #11: 0.004097
2025-11-01 12:49:58.957 | INFO     | agents.servers.serverFedMSE:train_on_clients:54 - Client 7 gets new best val_loss at epoch #11: 0.003522
2025-11-01 12:49:59.247 | INFO     | agents.servers.serverFedMSE:train_on_clients:54 - Client 8 gets new best val_loss at epoch #11: 0.004078
2025-11-01 12:49:59.815 | INFO     | agents.servers.serverFedMSE:train_on_clients:54 - Client 10 gets new best val_loss at epoch #11: 0.003667
2025-11-01 12:50:00.377 | INFO     | agents.servers.serverFedMSE:train_on_clients:54 - Client 12 gets new best val_loss at epoch #11: 0.003645
2025-11-01 12:50:00.664 | INFO     | agents.servers.serverFedMSE:train_on_clients:54 - Client 13 gets new best val_loss at epoch #11: 0.003754
2025-11-01 12:50:00.951 | INFO     | agents.servers.serverFedMSE:train_on_clients:54 - Client 14 gets new best val_loss at epoch #11: 0.003984
2025-11-01 12:50:01.805 | INFO     | agents.servers.serverFedMSE:train_on_clients:54 - Client 17 gets new best val_loss at epoch #11: 0.003536
2025-11-01 12:50:02.095 | INFO     | agents.servers.serverFedMSE:train_on_clients:54 - Client 18 gets new best val_loss at epoch #11: 0.003935
2025-11-01 12:50:02.383 | INFO     | agents.servers.serverFedMSE:train_on_clients:76 - 20 clients still training at epoch #11
2025-11-01 12:50:47.248 | INFO     | agents.servers.serverFedMSE:train_on_clients:32 - Training FedMSE model epoch #12
2025-11-01 12:50:47.535 | INFO     | agents.servers.serverFedMSE:train_on_clients:54 - Client 0 gets new best val_loss at epoch #12: 0.003706
2025-11-01 12:50:47.824 | INFO     | agents.servers.serverFedMSE:train_on_clients:54 - Client 1 gets new best val_loss at epoch #12: 0.003864
2025-11-01 12:50:48.110 | INFO     | agents.servers.serverFedMSE:train_on_clients:54 - Client 2 gets new best val_loss at epoch #12: 0.003654
2025-11-01 12:50:48.685 | INFO     | agents.servers.serverFedMSE:train_on_clients:54 - Client 4 gets new best val_loss at epoch #12: 0.003733
2025-11-01 12:50:49.251 | INFO     | agents.servers.serverFedMSE:train_on_clients:54 - Client 6 gets new best val_loss at epoch #12: 0.003631
2025-11-01 12:50:49.824 | INFO     | agents.servers.serverFedMSE:train_on_clients:54 - Client 8 gets new best val_loss at epoch #12: 0.004027
2025-11-01 12:50:50.113 | INFO     | agents.servers.serverFedMSE:train_on_clients:54 - Client 9 gets new best val_loss at epoch #12: 0.003695
2025-11-01 12:50:51.261 | INFO     | agents.servers.serverFedMSE:train_on_clients:54 - Client 13 gets new best val_loss at epoch #12: 0.003685
2025-11-01 12:50:51.832 | INFO     | agents.servers.serverFedMSE:train_on_clients:54 - Client 15 gets new best val_loss at epoch #12: 0.003688
2025-11-01 12:50:52.117 | INFO     | agents.servers.serverFedMSE:train_on_clients:54 - Client 16 gets new best val_loss at epoch #12: 0.003737
2025-11-01 12:50:52.972 | INFO     | agents.servers.serverFedMSE:train_on_clients:54 - Client 19 gets new best val_loss at epoch #12: 0.003768
2025-11-01 12:50:52.974 | INFO     | agents.servers.serverFedMSE:train_on_clients:76 - 20 clients still training at epoch #12
2025-11-01 12:51:37.751 | INFO     | agents.servers.serverFedMSE:train_on_clients:32 - Training FedMSE model epoch #13
2025-11-01 12:51:38.042 | INFO     | agents.servers.serverFedMSE:train_on_clients:54 - Client 0 gets new best val_loss at epoch #13: 0.003700
2025-11-01 12:51:38.899 | INFO     | agents.servers.serverFedMSE:train_on_clients:54 - Client 3 gets new best val_loss at epoch #13: 0.003889
2025-11-01 12:51:39.188 | INFO     | agents.servers.serverFedMSE:train_on_clients:54 - Client 4 gets new best val_loss at epoch #13: 0.003651
2025-11-01 12:51:39.474 | INFO     | agents.servers.serverFedMSE:train_on_clients:54 - Client 5 gets new best val_loss at epoch #13: 0.003782
2025-11-01 12:51:40.050 | INFO     | agents.servers.serverFedMSE:train_on_clients:54 - Client 7 gets new best val_loss at epoch #13: 0.003449
2025-11-01 12:51:40.337 | INFO     | agents.servers.serverFedMSE:train_on_clients:54 - Client 8 gets new best val_loss at epoch #13: 0.004017
2025-11-01 12:51:40.908 | INFO     | agents.servers.serverFedMSE:train_on_clients:54 - Client 10 gets new best val_loss at epoch #13: 0.003582
2025-11-01 12:51:41.198 | INFO     | agents.servers.serverFedMSE:train_on_clients:54 - Client 11 gets new best val_loss at epoch #13: 0.003644
2025-11-01 12:51:41.485 | INFO     | agents.servers.serverFedMSE:train_on_clients:54 - Client 12 gets new best val_loss at epoch #13: 0.003636
2025-11-01 12:51:41.777 | INFO     | agents.servers.serverFedMSE:train_on_clients:54 - Client 13 gets new best val_loss at epoch #13: 0.003647
2025-11-01 12:51:42.344 | INFO     | agents.servers.serverFedMSE:train_on_clients:54 - Client 15 gets new best val_loss at epoch #13: 0.003656
2025-11-01 12:51:42.632 | INFO     | agents.servers.serverFedMSE:train_on_clients:54 - Client 16 gets new best val_loss at epoch #13: 0.003736
2025-11-01 12:51:42.916 | INFO     | agents.servers.serverFedMSE:train_on_clients:54 - Client 17 gets new best val_loss at epoch #13: 0.003475
2025-11-01 12:51:43.204 | INFO     | agents.servers.serverFedMSE:train_on_clients:54 - Client 18 gets new best val_loss at epoch #13: 0.003846
2025-11-01 12:51:43.492 | INFO     | agents.servers.serverFedMSE:train_on_clients:76 - 20 clients still training at epoch #13
2025-11-01 12:52:28.294 | INFO     | agents.servers.serverFedMSE:train_on_clients:32 - Training FedMSE model epoch #14
2025-11-01 12:52:28.875 | INFO     | agents.servers.serverFedMSE:train_on_clients:54 - Client 1 gets new best val_loss at epoch #14: 0.003780
2025-11-01 12:52:29.164 | INFO     | agents.servers.serverFedMSE:train_on_clients:54 - Client 2 gets new best val_loss at epoch #14: 0.003637
2025-11-01 12:52:30.306 | INFO     | agents.servers.serverFedMSE:train_on_clients:54 - Client 6 gets new best val_loss at epoch #14: 0.003537
2025-11-01 12:52:32.316 | INFO     | agents.servers.serverFedMSE:train_on_clients:54 - Client 13 gets new best val_loss at epoch #14: 0.003641
2025-11-01 12:52:32.604 | INFO     | agents.servers.serverFedMSE:train_on_clients:54 - Client 14 gets new best val_loss at epoch #14: 0.003861
2025-11-01 12:52:34.039 | INFO     | agents.servers.serverFedMSE:train_on_clients:54 - Client 19 gets new best val_loss at epoch #14: 0.003728
2025-11-01 12:52:34.041 | INFO     | agents.servers.serverFedMSE:train_on_clients:76 - 20 clients still training at epoch #14
2025-11-01 12:53:18.640 | INFO     | agents.servers.serverFedMSE:train_on_clients:32 - Training FedMSE model epoch #15
2025-11-01 12:53:19.504 | INFO     | agents.servers.serverFedMSE:train_on_clients:54 - Client 2 gets new best val_loss at epoch #15: 0.003594
2025-11-01 12:53:19.793 | INFO     | agents.servers.serverFedMSE:train_on_clients:54 - Client 3 gets new best val_loss at epoch #15: 0.003871
2025-11-01 12:53:20.366 | INFO     | agents.servers.serverFedMSE:train_on_clients:54 - Client 5 gets new best val_loss at epoch #15: 0.003717
2025-11-01 12:53:21.223 | INFO     | agents.servers.serverFedMSE:train_on_clients:54 - Client 8 gets new best val_loss at epoch #15: 0.003941
2025-11-01 12:53:22.368 | INFO     | agents.servers.serverFedMSE:train_on_clients:54 - Client 12 gets new best val_loss at epoch #15: 0.003553
2025-11-01 12:53:24.082 | INFO     | agents.servers.serverFedMSE:train_on_clients:54 - Client 18 gets new best val_loss at epoch #15: 0.003787
2025-11-01 12:53:24.372 | INFO     | agents.servers.serverFedMSE:train_on_clients:76 - 20 clients still training at epoch #15
2025-11-01 12:54:09.070 | INFO     | agents.servers.serverFedMSE:train_on_clients:32 - Training FedMSE model epoch #16
2025-11-01 12:54:09.357 | INFO     | agents.servers.serverFedMSE:train_on_clients:54 - Client 0 gets new best val_loss at epoch #16: 0.003593
2025-11-01 12:54:10.216 | INFO     | agents.servers.serverFedMSE:train_on_clients:54 - Client 3 gets new best val_loss at epoch #16: 0.003790
2025-11-01 12:54:11.924 | INFO     | agents.servers.serverFedMSE:train_on_clients:54 - Client 9 gets new best val_loss at epoch #16: 0.003619
2025-11-01 12:54:12.213 | INFO     | agents.servers.serverFedMSE:train_on_clients:54 - Client 10 gets new best val_loss at epoch #16: 0.003573
2025-11-01 12:54:12.493 | INFO     | agents.servers.serverFedMSE:train_on_clients:54 - Client 11 gets new best val_loss at epoch #16: 0.003626
2025-11-01 12:54:13.347 | INFO     | agents.servers.serverFedMSE:train_on_clients:54 - Client 14 gets new best val_loss at epoch #16: 0.003843
2025-11-01 12:54:13.632 | INFO     | agents.servers.serverFedMSE:train_on_clients:54 - Client 15 gets new best val_loss at epoch #16: 0.003600
2025-11-01 12:54:13.917 | INFO     | agents.servers.serverFedMSE:train_on_clients:54 - Client 16 gets new best val_loss at epoch #16: 0.003666
2025-11-01 12:54:14.772 | INFO     | agents.servers.serverFedMSE:train_on_clients:76 - 20 clients still training at epoch #16
2025-11-01 12:54:59.471 | INFO     | agents.servers.serverFedMSE:train_on_clients:32 - Training FedMSE model epoch #17
2025-11-01 12:55:00.044 | INFO     | agents.servers.serverFedMSE:train_on_clients:54 - Client 1 gets new best val_loss at epoch #17: 0.003736
2025-11-01 12:55:01.766 | INFO     | agents.servers.serverFedMSE:train_on_clients:54 - Client 7 gets new best val_loss at epoch #17: 0.003400
2025-11-01 12:55:02.635 | INFO     | agents.servers.serverFedMSE:train_on_clients:54 - Client 10 gets new best val_loss at epoch #17: 0.003571
2025-11-01 12:55:03.498 | INFO     | agents.servers.serverFedMSE:train_on_clients:54 - Client 13 gets new best val_loss at epoch #17: 0.003580
2025-11-01 12:55:04.645 | INFO     | agents.servers.serverFedMSE:train_on_clients:54 - Client 17 gets new best val_loss at epoch #17: 0.003371
2025-11-01 12:55:05.230 | INFO     | agents.servers.serverFedMSE:train_on_clients:76 - 20 clients still training at epoch #17
2025-11-01 12:55:49.761 | INFO     | agents.servers.serverFedMSE:train_on_clients:32 - Training FedMSE model epoch #18
2025-11-01 12:55:51.266 | INFO     | agents.servers.serverFedMSE:train_on_clients:54 - Client 4 gets new best val_loss at epoch #18: 0.003628
2025-11-01 12:55:51.838 | INFO     | agents.servers.serverFedMSE:train_on_clients:54 - Client 6 gets new best val_loss at epoch #18: 0.003497
2025-11-01 12:55:53.256 | INFO     | agents.servers.serverFedMSE:train_on_clients:54 - Client 11 gets new best val_loss at epoch #18: 0.003611
2025-11-01 12:55:54.106 | INFO     | agents.servers.serverFedMSE:train_on_clients:54 - Client 14 gets new best val_loss at epoch #18: 0.003813
2025-11-01 12:55:54.397 | INFO     | agents.servers.serverFedMSE:train_on_clients:54 - Client 15 gets new best val_loss at epoch #18: 0.003599
2025-11-01 12:55:54.684 | INFO     | agents.servers.serverFedMSE:train_on_clients:54 - Client 16 gets new best val_loss at epoch #18: 0.003635
2025-11-01 12:55:55.534 | INFO     | agents.servers.serverFedMSE:train_on_clients:54 - Client 19 gets new best val_loss at epoch #18: 0.003680
2025-11-01 12:55:55.535 | INFO     | agents.servers.serverFedMSE:train_on_clients:76 - 20 clients still training at epoch #18
2025-11-01 12:56:39.917 | INFO     | agents.servers.serverFedMSE:train_on_clients:32 - Training FedMSE model epoch #19
2025-11-01 12:56:41.617 | INFO     | agents.servers.serverFedMSE:train_on_clients:54 - Client 5 gets new best val_loss at epoch #19: 0.003705
2025-11-01 12:56:42.478 | INFO     | agents.servers.serverFedMSE:train_on_clients:54 - Client 8 gets new best val_loss at epoch #19: 0.003887
2025-11-01 12:56:43.332 | INFO     | agents.servers.serverFedMSE:train_on_clients:54 - Client 11 gets new best val_loss at epoch #19: 0.003581
2025-11-01 12:56:45.607 | INFO     | agents.servers.serverFedMSE:train_on_clients:76 - 20 clients still training at epoch #19
2025-11-01 12:57:29.832 | INFO     | agents.servers.serverFedMSE:train_on_clients:32 - Training FedMSE model epoch #20
2025-11-01 12:57:30.120 | INFO     | agents.servers.serverFedMSE:train_on_clients:70 - Saved model for client 0 at epoch 20 -> saved_models/FedMSE/FedMSE/wsn_ds/epoch_20_client_0.pt
2025-11-01 12:57:30.405 | INFO     | agents.servers.serverFedMSE:train_on_clients:70 - Saved model for client 1 at epoch 20 -> saved_models/FedMSE/FedMSE/wsn_ds/epoch_20_client_1.pt
2025-11-01 12:57:30.688 | INFO     | agents.servers.serverFedMSE:train_on_clients:54 - Client 2 gets new best val_loss at epoch #20: 0.003552
2025-11-01 12:57:30.689 | INFO     | agents.servers.serverFedMSE:train_on_clients:70 - Saved model for client 2 at epoch 20 -> saved_models/FedMSE/FedMSE/wsn_ds/epoch_20_client_2.pt
2025-11-01 12:57:30.983 | INFO     | agents.servers.serverFedMSE:train_on_clients:54 - Client 3 gets new best val_loss at epoch #20: 0.003737
2025-11-01 12:57:30.984 | INFO     | agents.servers.serverFedMSE:train_on_clients:70 - Saved model for client 3 at epoch 20 -> saved_models/FedMSE/FedMSE/wsn_ds/epoch_20_client_3.pt
2025-11-01 12:57:31.271 | INFO     | agents.servers.serverFedMSE:train_on_clients:70 - Saved model for client 4 at epoch 20 -> saved_models/FedMSE/FedMSE/wsn_ds/epoch_20_client_4.pt
2025-11-01 12:57:31.556 | INFO     | agents.servers.serverFedMSE:train_on_clients:70 - Saved model for client 5 at epoch 20 -> saved_models/FedMSE/FedMSE/wsn_ds/epoch_20_client_5.pt
2025-11-01 12:57:31.841 | INFO     | agents.servers.serverFedMSE:train_on_clients:70 - Saved model for client 6 at epoch 20 -> saved_models/FedMSE/FedMSE/wsn_ds/epoch_20_client_6.pt
2025-11-01 12:57:32.131 | INFO     | agents.servers.serverFedMSE:train_on_clients:70 - Saved model for client 7 at epoch 20 -> saved_models/FedMSE/FedMSE/wsn_ds/epoch_20_client_7.pt
2025-11-01 12:57:32.417 | INFO     | agents.servers.serverFedMSE:train_on_clients:70 - Saved model for client 8 at epoch 20 -> saved_models/FedMSE/FedMSE/wsn_ds/epoch_20_client_8.pt
2025-11-01 12:57:32.700 | INFO     | agents.servers.serverFedMSE:train_on_clients:70 - Saved model for client 9 at epoch 20 -> saved_models/FedMSE/FedMSE/wsn_ds/epoch_20_client_9.pt
2025-11-01 12:57:32.983 | INFO     | agents.servers.serverFedMSE:train_on_clients:54 - Client 10 gets new best val_loss at epoch #20: 0.003569
2025-11-01 12:57:32.985 | INFO     | agents.servers.serverFedMSE:train_on_clients:70 - Saved model for client 10 at epoch 20 -> saved_models/FedMSE/FedMSE/wsn_ds/epoch_20_client_10.pt
2025-11-01 12:57:33.269 | INFO     | agents.servers.serverFedMSE:train_on_clients:70 - Saved model for client 11 at epoch 20 -> saved_models/FedMSE/FedMSE/wsn_ds/epoch_20_client_11.pt
2025-11-01 12:57:33.554 | INFO     | agents.servers.serverFedMSE:train_on_clients:70 - Saved model for client 12 at epoch 20 -> saved_models/FedMSE/FedMSE/wsn_ds/epoch_20_client_12.pt
2025-11-01 12:57:33.834 | INFO     | agents.servers.serverFedMSE:train_on_clients:54 - Client 13 gets new best val_loss at epoch #20: 0.003559
2025-11-01 12:57:33.836 | INFO     | agents.servers.serverFedMSE:train_on_clients:70 - Saved model for client 13 at epoch 20 -> saved_models/FedMSE/FedMSE/wsn_ds/epoch_20_client_13.pt
2025-11-01 12:57:34.119 | INFO     | agents.servers.serverFedMSE:train_on_clients:70 - Saved model for client 14 at epoch 20 -> saved_models/FedMSE/FedMSE/wsn_ds/epoch_20_client_14.pt
2025-11-01 12:57:34.411 | INFO     | agents.servers.serverFedMSE:train_on_clients:54 - Client 15 gets new best val_loss at epoch #20: 0.003586
2025-11-01 12:57:34.413 | INFO     | agents.servers.serverFedMSE:train_on_clients:70 - Saved model for client 15 at epoch 20 -> saved_models/FedMSE/FedMSE/wsn_ds/epoch_20_client_15.pt
2025-11-01 12:57:34.701 | INFO     | agents.servers.serverFedMSE:train_on_clients:70 - Saved model for client 16 at epoch 20 -> saved_models/FedMSE/FedMSE/wsn_ds/epoch_20_client_16.pt
2025-11-01 12:57:34.985 | INFO     | agents.servers.serverFedMSE:train_on_clients:70 - Saved model for client 17 at epoch 20 -> saved_models/FedMSE/FedMSE/wsn_ds/epoch_20_client_17.pt
2025-11-01 12:57:35.276 | INFO     | agents.servers.serverFedMSE:train_on_clients:54 - Client 18 gets new best val_loss at epoch #20: 0.003715
2025-11-01 12:57:35.278 | INFO     | agents.servers.serverFedMSE:train_on_clients:70 - Saved model for client 18 at epoch 20 -> saved_models/FedMSE/FedMSE/wsn_ds/epoch_20_client_18.pt
2025-11-01 12:57:35.567 | INFO     | agents.servers.serverFedMSE:train_on_clients:70 - Saved model for client 19 at epoch 20 -> saved_models/FedMSE/FedMSE/wsn_ds/epoch_20_client_19.pt
2025-11-01 12:57:35.569 | INFO     | agents.servers.serverFedMSE:train_on_clients:76 - 20 clients still training at epoch #20
2025-11-01 12:58:19.672 | INFO     | agents.servers.serverFedMSE:train_on_clients:32 - Training FedMSE model epoch #21
2025-11-01 12:58:21.942 | INFO     | agents.servers.serverFedMSE:train_on_clients:54 - Client 7 gets new best val_loss at epoch #21: 0.003374
2025-11-01 12:58:23.367 | INFO     | agents.servers.serverFedMSE:train_on_clients:54 - Client 12 gets new best val_loss at epoch #21: 0.003466
2025-11-01 12:58:25.338 | INFO     | agents.servers.serverFedMSE:train_on_clients:76 - 20 clients still training at epoch #21
2025-11-01 12:59:09.436 | INFO     | agents.servers.serverFedMSE:train_on_clients:32 - Training FedMSE model epoch #22
2025-11-01 12:59:09.721 | INFO     | agents.servers.serverFedMSE:train_on_clients:54 - Client 0 gets new best val_loss at epoch #22: 0.003574
2025-11-01 12:59:10.294 | INFO     | agents.servers.serverFedMSE:train_on_clients:54 - Client 2 gets new best val_loss at epoch #22: 0.003520
2025-11-01 12:59:10.867 | INFO     | agents.servers.serverFedMSE:train_on_clients:54 - Client 4 gets new best val_loss at epoch #22: 0.003542
2025-11-01 12:59:12.011 | INFO     | agents.servers.serverFedMSE:train_on_clients:54 - Client 8 gets new best val_loss at epoch #22: 0.003861
2025-11-01 12:59:12.587 | INFO     | agents.servers.serverFedMSE:train_on_clients:54 - Client 10 gets new best val_loss at epoch #22: 0.003503
2025-11-01 12:59:13.439 | INFO     | agents.servers.serverFedMSE:train_on_clients:54 - Client 13 gets new best val_loss at epoch #22: 0.003544
2025-11-01 12:59:14.012 | INFO     | agents.servers.serverFedMSE:train_on_clients:54 - Client 15 gets new best val_loss at epoch #22: 0.003572
2025-11-01 12:59:14.294 | INFO     | agents.servers.serverFedMSE:train_on_clients:54 - Client 16 gets new best val_loss at epoch #22: 0.003607
2025-11-01 12:59:14.582 | INFO     | agents.servers.serverFedMSE:train_on_clients:54 - Client 17 gets new best val_loss at epoch #22: 0.003332
2025-11-01 12:59:15.153 | INFO     | agents.servers.serverFedMSE:train_on_clients:76 - 20 clients still training at epoch #22
2025-11-01 12:59:59.210 | INFO     | agents.servers.serverFedMSE:train_on_clients:32 - Training FedMSE model epoch #23
2025-11-01 13:00:04.880 | INFO     | agents.servers.serverFedMSE:train_on_clients:54 - Client 19 gets new best val_loss at epoch #23: 0.003676
2025-11-01 13:00:04.881 | INFO     | agents.servers.serverFedMSE:train_on_clients:76 - 20 clients still training at epoch #23
2025-11-01 13:00:48.843 | INFO     | agents.servers.serverFedMSE:train_on_clients:32 - Training FedMSE model epoch #24
2025-11-01 13:00:49.409 | INFO     | agents.servers.serverFedMSE:train_on_clients:54 - Client 1 gets new best val_loss at epoch #24: 0.003664
2025-11-01 13:00:50.544 | INFO     | agents.servers.serverFedMSE:train_on_clients:54 - Client 5 gets new best val_loss at epoch #24: 0.003621
2025-11-01 13:00:51.387 | INFO     | agents.servers.serverFedMSE:train_on_clients:54 - Client 8 gets new best val_loss at epoch #24: 0.003800
2025-11-01 13:00:51.953 | INFO     | agents.servers.serverFedMSE:train_on_clients:54 - Client 10 gets new best val_loss at epoch #24: 0.003466
2025-11-01 13:00:52.515 | INFO     | agents.servers.serverFedMSE:train_on_clients:54 - Client 12 gets new best val_loss at epoch #24: 0.003459
2025-11-01 13:00:52.803 | INFO     | agents.servers.serverFedMSE:train_on_clients:54 - Client 13 gets new best val_loss at epoch #24: 0.003518
2025-11-01 13:00:53.378 | INFO     | agents.servers.serverFedMSE:train_on_clients:54 - Client 15 gets new best val_loss at epoch #24: 0.003571
2025-11-01 13:00:54.512 | INFO     | agents.servers.serverFedMSE:train_on_clients:76 - 20 clients still training at epoch #24
2025-11-01 13:01:38.276 | INFO     | agents.servers.serverFedMSE:train_on_clients:32 - Training FedMSE model epoch #25
2025-11-01 13:01:38.564 | INFO     | agents.servers.serverFedMSE:train_on_clients:54 - Client 0 gets new best val_loss at epoch #25: 0.003563
2025-11-01 13:01:41.115 | INFO     | agents.servers.serverFedMSE:train_on_clients:54 - Client 9 gets new best val_loss at epoch #25: 0.003567
2025-11-01 13:01:43.372 | INFO     | agents.servers.serverFedMSE:train_on_clients:54 - Client 17 gets new best val_loss at epoch #25: 0.003312
2025-11-01 13:01:43.945 | INFO     | agents.servers.serverFedMSE:train_on_clients:76 - 20 clients still training at epoch #25
2025-11-01 13:02:27.647 | INFO     | agents.servers.serverFedMSE:train_on_clients:32 - Training FedMSE model epoch #26
2025-11-01 13:02:28.213 | INFO     | agents.servers.serverFedMSE:train_on_clients:54 - Client 1 gets new best val_loss at epoch #26: 0.003645
2025-11-01 13:02:29.348 | INFO     | agents.servers.serverFedMSE:train_on_clients:54 - Client 5 gets new best val_loss at epoch #26: 0.003620
2025-11-01 13:02:29.633 | INFO     | agents.servers.serverFedMSE:train_on_clients:54 - Client 6 gets new best val_loss at epoch #26: 0.003478
2025-11-01 13:02:30.201 | INFO     | agents.servers.serverFedMSE:train_on_clients:54 - Client 8 gets new best val_loss at epoch #26: 0.003786
2025-11-01 13:02:31.335 | INFO     | agents.servers.serverFedMSE:train_on_clients:54 - Client 12 gets new best val_loss at epoch #26: 0.003422
2025-11-01 13:02:33.309 | INFO     | agents.servers.serverFedMSE:train_on_clients:76 - 20 clients still training at epoch #26
2025-11-01 13:03:16.990 | INFO     | agents.servers.serverFedMSE:train_on_clients:32 - Training FedMSE model epoch #27
2025-11-01 13:03:21.261 | INFO     | agents.servers.serverFedMSE:train_on_clients:54 - Client 14 gets new best val_loss at epoch #27: 0.003806
2025-11-01 13:03:22.690 | INFO     | agents.servers.serverFedMSE:train_on_clients:76 - 20 clients still training at epoch #27
2025-11-01 13:04:06.304 | INFO     | agents.servers.serverFedMSE:train_on_clients:32 - Training FedMSE model epoch #28
2025-11-01 13:04:07.445 | INFO     | agents.servers.serverFedMSE:train_on_clients:54 - Client 3 gets new best val_loss at epoch #28: 0.003710
2025-11-01 13:04:08.301 | INFO     | agents.servers.serverFedMSE:train_on_clients:54 - Client 6 gets new best val_loss at epoch #28: 0.003429
2025-11-01 13:04:08.585 | INFO     | agents.servers.serverFedMSE:train_on_clients:54 - Client 7 gets new best val_loss at epoch #28: 0.003341
2025-11-01 13:04:09.741 | INFO     | agents.servers.serverFedMSE:train_on_clients:54 - Client 11 gets new best val_loss at epoch #28: 0.003563
2025-11-01 13:04:11.725 | INFO     | agents.servers.serverFedMSE:train_on_clients:54 - Client 18 gets new best val_loss at epoch #28: 0.003666
2025-11-01 13:04:12.007 | INFO     | agents.servers.serverFedMSE:train_on_clients:54 - Client 19 gets new best val_loss at epoch #28: 0.003638
2025-11-01 13:04:12.009 | INFO     | agents.servers.serverFedMSE:train_on_clients:76 - 20 clients still training at epoch #28
2025-11-01 13:04:55.521 | INFO     | agents.servers.serverFedMSE:train_on_clients:32 - Training FedMSE model epoch #29
2025-11-01 13:04:57.841 | INFO     | agents.servers.serverFedMSE:train_on_clients:54 - Client 7 gets new best val_loss at epoch #29: 0.003336
2025-11-01 13:04:58.985 | INFO     | agents.servers.serverFedMSE:train_on_clients:54 - Client 11 gets new best val_loss at epoch #29: 0.003531
2025-11-01 13:04:59.858 | INFO     | agents.servers.serverFedMSE:train_on_clients:54 - Client 14 gets new best val_loss at epoch #29: 0.003799
2025-11-01 13:05:00.147 | INFO     | agents.servers.serverFedMSE:train_on_clients:54 - Client 15 gets new best val_loss at epoch #29: 0.003533
2025-11-01 13:05:00.441 | INFO     | agents.servers.serverFedMSE:train_on_clients:54 - Client 16 gets new best val_loss at epoch #29: 0.003593
2025-11-01 13:05:00.724 | INFO     | agents.servers.serverFedMSE:train_on_clients:54 - Client 17 gets new best val_loss at epoch #29: 0.003304
2025-11-01 13:05:01.299 | INFO     | agents.servers.serverFedMSE:train_on_clients:76 - 20 clients still training at epoch #29
2025-11-01 13:05:44.691 | INFO     | agents.servers.serverFedMSE:train_on_clients:32 - Training FedMSE model epoch #30
2025-11-01 13:05:44.977 | INFO     | agents.servers.serverFedMSE:train_on_clients:54 - Client 0 gets new best val_loss at epoch #30: 0.003542
2025-11-01 13:05:44.979 | INFO     | agents.servers.serverFedMSE:train_on_clients:70 - Saved model for client 0 at epoch 30 -> saved_models/FedMSE/FedMSE/wsn_ds/epoch_30_client_0.pt
2025-11-01 13:05:45.269 | INFO     | agents.servers.serverFedMSE:train_on_clients:54 - Client 1 gets new best val_loss at epoch #30: 0.003636
2025-11-01 13:05:45.270 | INFO     | agents.servers.serverFedMSE:train_on_clients:70 - Saved model for client 1 at epoch 30 -> saved_models/FedMSE/FedMSE/wsn_ds/epoch_30_client_1.pt
2025-11-01 13:05:45.563 | INFO     | agents.servers.serverFedMSE:train_on_clients:70 - Saved model for client 2 at epoch 30 -> saved_models/FedMSE/FedMSE/wsn_ds/epoch_30_client_2.pt
2025-11-01 13:05:45.851 | INFO     | agents.servers.serverFedMSE:train_on_clients:70 - Saved model for client 3 at epoch 30 -> saved_models/FedMSE/FedMSE/wsn_ds/epoch_30_client_3.pt
2025-11-01 13:05:46.138 | INFO     | agents.servers.serverFedMSE:train_on_clients:54 - Client 4 gets new best val_loss at epoch #30: 0.003525
2025-11-01 13:05:46.140 | INFO     | agents.servers.serverFedMSE:train_on_clients:70 - Saved model for client 4 at epoch 30 -> saved_models/FedMSE/FedMSE/wsn_ds/epoch_30_client_4.pt
2025-11-01 13:05:46.427 | INFO     | agents.servers.serverFedMSE:train_on_clients:70 - Saved model for client 5 at epoch 30 -> saved_models/FedMSE/FedMSE/wsn_ds/epoch_30_client_5.pt
2025-11-01 13:05:46.729 | INFO     | agents.servers.serverFedMSE:train_on_clients:70 - Saved model for client 6 at epoch 30 -> saved_models/FedMSE/FedMSE/wsn_ds/epoch_30_client_6.pt
2025-11-01 13:05:47.020 | INFO     | agents.servers.serverFedMSE:train_on_clients:70 - Saved model for client 7 at epoch 30 -> saved_models/FedMSE/FedMSE/wsn_ds/epoch_30_client_7.pt
2025-11-01 13:05:47.310 | INFO     | agents.servers.serverFedMSE:train_on_clients:70 - Saved model for client 8 at epoch 30 -> saved_models/FedMSE/FedMSE/wsn_ds/epoch_30_client_8.pt
2025-11-01 13:05:47.597 | INFO     | agents.servers.serverFedMSE:train_on_clients:70 - Saved model for client 9 at epoch 30 -> saved_models/FedMSE/FedMSE/wsn_ds/epoch_30_client_9.pt
2025-11-01 13:05:47.884 | INFO     | agents.servers.serverFedMSE:train_on_clients:70 - Saved model for client 10 at epoch 30 -> saved_models/FedMSE/FedMSE/wsn_ds/epoch_30_client_10.pt
2025-11-01 13:05:48.172 | INFO     | agents.servers.serverFedMSE:train_on_clients:70 - Saved model for client 11 at epoch 30 -> saved_models/FedMSE/FedMSE/wsn_ds/epoch_30_client_11.pt
2025-11-01 13:05:48.461 | INFO     | agents.servers.serverFedMSE:train_on_clients:54 - Client 12 gets new best val_loss at epoch #30: 0.003420
2025-11-01 13:05:48.462 | INFO     | agents.servers.serverFedMSE:train_on_clients:70 - Saved model for client 12 at epoch 30 -> saved_models/FedMSE/FedMSE/wsn_ds/epoch_30_client_12.pt
2025-11-01 13:05:48.756 | INFO     | agents.servers.serverFedMSE:train_on_clients:70 - Saved model for client 13 at epoch 30 -> saved_models/FedMSE/FedMSE/wsn_ds/epoch_30_client_13.pt
2025-11-01 13:05:49.048 | INFO     | agents.servers.serverFedMSE:train_on_clients:70 - Saved model for client 14 at epoch 30 -> saved_models/FedMSE/FedMSE/wsn_ds/epoch_30_client_14.pt
2025-11-01 13:05:49.331 | INFO     | agents.servers.serverFedMSE:train_on_clients:70 - Saved model for client 15 at epoch 30 -> saved_models/FedMSE/FedMSE/wsn_ds/epoch_30_client_15.pt
2025-11-01 13:05:49.622 | INFO     | agents.servers.serverFedMSE:train_on_clients:70 - Saved model for client 16 at epoch 30 -> saved_models/FedMSE/FedMSE/wsn_ds/epoch_30_client_16.pt
2025-11-01 13:05:49.914 | INFO     | agents.servers.serverFedMSE:train_on_clients:70 - Saved model for client 17 at epoch 30 -> saved_models/FedMSE/FedMSE/wsn_ds/epoch_30_client_17.pt
2025-11-01 13:05:50.203 | INFO     | agents.servers.serverFedMSE:train_on_clients:70 - Saved model for client 18 at epoch 30 -> saved_models/FedMSE/FedMSE/wsn_ds/epoch_30_client_18.pt
2025-11-01 13:05:50.490 | INFO     | agents.servers.serverFedMSE:train_on_clients:70 - Saved model for client 19 at epoch 30 -> saved_models/FedMSE/FedMSE/wsn_ds/epoch_30_client_19.pt
2025-11-01 13:05:50.492 | INFO     | agents.servers.serverFedMSE:train_on_clients:76 - 20 clients still training at epoch #30
2025-11-01 13:06:33.749 | INFO     | agents.servers.serverFedMSE:train_on_clients:32 - Training FedMSE model epoch #31
2025-11-01 13:06:35.171 | INFO     | agents.servers.serverFedMSE:train_on_clients:54 - Client 4 gets new best val_loss at epoch #31: 0.003499
2025-11-01 13:06:39.442 | INFO     | agents.servers.serverFedMSE:train_on_clients:54 - Client 19 gets new best val_loss at epoch #31: 0.003636
2025-11-01 13:06:39.444 | INFO     | agents.servers.serverFedMSE:train_on_clients:76 - 20 clients still training at epoch #31
2025-11-01 13:07:22.730 | INFO     | agents.servers.serverFedMSE:train_on_clients:32 - Training FedMSE model epoch #32
2025-11-01 13:07:23.008 | INFO     | agents.servers.serverFedMSE:train_on_clients:54 - Client 0 gets new best val_loss at epoch #32: 0.003531
2025-11-01 13:07:28.130 | INFO     | agents.servers.serverFedMSE:train_on_clients:76 - 20 clients still training at epoch #32
2025-11-01 13:08:11.308 | INFO     | agents.servers.serverFedMSE:train_on_clients:32 - Training FedMSE model epoch #33
2025-11-01 13:08:12.396 | INFO     | agents.servers.serverFedMSE:train_on_clients:54 - Client 3 gets new best val_loss at epoch #33: 0.003708
2025-11-01 13:08:14.585 | INFO     | agents.servers.serverFedMSE:train_on_clients:54 - Client 11 gets new best val_loss at epoch #33: 0.003513
2025-11-01 13:08:16.809 | INFO     | agents.servers.serverFedMSE:train_on_clients:76 - 20 clients still training at epoch #33
2025-11-01 13:08:59.992 | INFO     | agents.servers.serverFedMSE:train_on_clients:32 - Training FedMSE model epoch #34
2025-11-01 13:09:01.698 | INFO     | agents.servers.serverFedMSE:train_on_clients:54 - Client 5 gets new best val_loss at epoch #34: 0.003598
2025-11-01 13:09:02.555 | INFO     | agents.servers.serverFedMSE:train_on_clients:54 - Client 8 gets new best val_loss at epoch #34: 0.003769
2025-11-01 13:09:03.128 | INFO     | agents.servers.serverFedMSE:train_on_clients:54 - Client 10 gets new best val_loss at epoch #34: 0.003410
2025-11-01 13:09:03.984 | INFO     | agents.servers.serverFedMSE:train_on_clients:54 - Client 13 gets new best val_loss at epoch #34: 0.003477
2025-11-01 13:09:05.129 | INFO     | agents.servers.serverFedMSE:train_on_clients:54 - Client 17 gets new best val_loss at epoch #34: 0.003282
2025-11-01 13:09:05.695 | INFO     | agents.servers.serverFedMSE:train_on_clients:76 - 20 clients still training at epoch #34
2025-11-01 13:09:48.637 | INFO     | agents.servers.serverFedMSE:train_on_clients:32 - Training FedMSE model epoch #35
2025-11-01 13:09:49.492 | INFO     | agents.servers.serverFedMSE:train_on_clients:54 - Client 2 gets new best val_loss at epoch #35: 0.003519
2025-11-01 13:09:49.778 | INFO     | agents.servers.serverFedMSE:train_on_clients:54 - Client 3 gets new best val_loss at epoch #35: 0.003693
2025-11-01 13:09:52.890 | INFO     | agents.servers.serverFedMSE:train_on_clients:54 - Client 14 gets new best val_loss at epoch #35: 0.003765
2025-11-01 13:09:54.034 | INFO     | agents.servers.serverFedMSE:train_on_clients:54 - Client 18 gets new best val_loss at epoch #35: 0.003653
2025-11-01 13:09:54.321 | INFO     | agents.servers.serverFedMSE:train_on_clients:76 - 20 clients still training at epoch #35
2025-11-01 13:10:37.271 | INFO     | agents.servers.serverFedMSE:train_on_clients:32 - Training FedMSE model epoch #36
2025-11-01 13:10:40.110 | INFO     | agents.servers.serverFedMSE:train_on_clients:54 - Client 9 gets new best val_loss at epoch #36: 0.003536
2025-11-01 13:10:40.957 | INFO     | agents.servers.serverFedMSE:train_on_clients:54 - Client 12 gets new best val_loss at epoch #36: 0.003390
2025-11-01 13:10:42.950 | INFO     | agents.servers.serverFedMSE:train_on_clients:76 - 20 clients still training at epoch #36
2025-11-01 13:11:25.773 | INFO     | agents.servers.serverFedMSE:train_on_clients:32 - Training FedMSE model epoch #37
2025-11-01 13:11:28.327 | INFO     | agents.servers.serverFedMSE:train_on_clients:54 - Client 8 gets new best val_loss at epoch #37: 0.003757
2025-11-01 13:11:28.904 | INFO     | agents.servers.serverFedMSE:train_on_clients:54 - Client 10 gets new best val_loss at epoch #37: 0.003408
2025-11-01 13:11:30.034 | INFO     | agents.servers.serverFedMSE:train_on_clients:54 - Client 14 gets new best val_loss at epoch #37: 0.003735
2025-11-01 13:11:30.608 | INFO     | agents.servers.serverFedMSE:train_on_clients:54 - Client 16 gets new best val_loss at epoch #37: 0.003570
2025-11-01 13:11:30.895 | INFO     | agents.servers.serverFedMSE:train_on_clients:54 - Client 17 gets new best val_loss at epoch #37: 0.003250
2025-11-01 13:11:31.462 | INFO     | agents.servers.serverFedMSE:train_on_clients:76 - 20 clients still training at epoch #37
2025-11-01 13:12:14.326 | INFO     | agents.servers.serverFedMSE:train_on_clients:32 - Training FedMSE model epoch #38
2025-11-01 13:12:14.900 | INFO     | agents.servers.serverFedMSE:train_on_clients:54 - Client 1 gets new best val_loss at epoch #38: 0.003633
2025-11-01 13:12:16.611 | INFO     | agents.servers.serverFedMSE:train_on_clients:54 - Client 7 gets new best val_loss at epoch #38: 0.003307
2025-11-01 13:12:18.313 | INFO     | agents.servers.serverFedMSE:train_on_clients:54 - Client 13 gets new best val_loss at epoch #38: 0.003475
2025-11-01 13:12:18.888 | INFO     | agents.servers.serverFedMSE:train_on_clients:54 - Client 15 gets new best val_loss at epoch #38: 0.003518
2025-11-01 13:12:20.032 | INFO     | agents.servers.serverFedMSE:train_on_clients:76 - 20 clients still training at epoch #38
2025-11-01 13:13:02.764 | INFO     | agents.servers.serverFedMSE:train_on_clients:32 - Training FedMSE model epoch #39
2025-11-01 13:13:03.055 | INFO     | agents.servers.serverFedMSE:train_on_clients:54 - Client 0 gets new best val_loss at epoch #39: 0.003492
2025-11-01 13:13:04.193 | INFO     | agents.servers.serverFedMSE:train_on_clients:54 - Client 4 gets new best val_loss at epoch #39: 0.003470
2025-11-01 13:13:04.765 | INFO     | agents.servers.serverFedMSE:train_on_clients:54 - Client 6 gets new best val_loss at epoch #39: 0.003410
2025-11-01 13:13:06.177 | INFO     | agents.servers.serverFedMSE:train_on_clients:54 - Client 11 gets new best val_loss at epoch #39: 0.003491
2025-11-01 13:13:07.602 | INFO     | agents.servers.serverFedMSE:train_on_clients:54 - Client 16 gets new best val_loss at epoch #39: 0.003558
2025-11-01 13:13:08.452 | INFO     | agents.servers.serverFedMSE:train_on_clients:76 - 20 clients still training at epoch #39
2025-11-01 13:13:51.158 | INFO     | agents.servers.serverFedMSE:train_on_clients:32 - Training FedMSE model epoch #40
2025-11-01 13:13:51.446 | INFO     | agents.servers.serverFedMSE:train_on_clients:70 - Saved model for client 0 at epoch 40 -> saved_models/FedMSE/FedMSE/wsn_ds/epoch_40_client_0.pt
2025-11-01 13:13:51.736 | INFO     | agents.servers.serverFedMSE:train_on_clients:70 - Saved model for client 1 at epoch 40 -> saved_models/FedMSE/FedMSE/wsn_ds/epoch_40_client_1.pt
2025-11-01 13:13:52.021 | INFO     | agents.servers.serverFedMSE:train_on_clients:54 - Client 2 gets new best val_loss at epoch #40: 0.003485
2025-11-01 13:13:52.023 | INFO     | agents.servers.serverFedMSE:train_on_clients:70 - Saved model for client 2 at epoch 40 -> saved_models/FedMSE/FedMSE/wsn_ds/epoch_40_client_2.pt
2025-11-01 13:13:52.308 | INFO     | agents.servers.serverFedMSE:train_on_clients:54 - Client 3 gets new best val_loss at epoch #40: 0.003675
2025-11-01 13:13:52.310 | INFO     | agents.servers.serverFedMSE:train_on_clients:70 - Saved model for client 3 at epoch 40 -> saved_models/FedMSE/FedMSE/wsn_ds/epoch_40_client_3.pt
2025-11-01 13:13:52.595 | INFO     | agents.servers.serverFedMSE:train_on_clients:70 - Saved model for client 4 at epoch 40 -> saved_models/FedMSE/FedMSE/wsn_ds/epoch_40_client_4.pt
2025-11-01 13:13:52.885 | INFO     | agents.servers.serverFedMSE:train_on_clients:70 - Saved model for client 5 at epoch 40 -> saved_models/FedMSE/FedMSE/wsn_ds/epoch_40_client_5.pt
2025-11-01 13:13:53.172 | INFO     | agents.servers.serverFedMSE:train_on_clients:70 - Saved model for client 6 at epoch 40 -> saved_models/FedMSE/FedMSE/wsn_ds/epoch_40_client_6.pt
2025-11-01 13:13:53.459 | INFO     | agents.servers.serverFedMSE:train_on_clients:70 - Saved model for client 7 at epoch 40 -> saved_models/FedMSE/FedMSE/wsn_ds/epoch_40_client_7.pt
2025-11-01 13:13:53.747 | INFO     | agents.servers.serverFedMSE:train_on_clients:70 - Saved model for client 8 at epoch 40 -> saved_models/FedMSE/FedMSE/wsn_ds/epoch_40_client_8.pt
2025-11-01 13:13:54.040 | INFO     | agents.servers.serverFedMSE:train_on_clients:70 - Saved model for client 9 at epoch 40 -> saved_models/FedMSE/FedMSE/wsn_ds/epoch_40_client_9.pt
2025-11-01 13:13:54.323 | INFO     | agents.servers.serverFedMSE:train_on_clients:70 - Saved model for client 10 at epoch 40 -> saved_models/FedMSE/FedMSE/wsn_ds/epoch_40_client_10.pt
2025-11-01 13:13:54.609 | INFO     | agents.servers.serverFedMSE:train_on_clients:70 - Saved model for client 11 at epoch 40 -> saved_models/FedMSE/FedMSE/wsn_ds/epoch_40_client_11.pt
2025-11-01 13:13:54.897 | INFO     | agents.servers.serverFedMSE:train_on_clients:70 - Saved model for client 12 at epoch 40 -> saved_models/FedMSE/FedMSE/wsn_ds/epoch_40_client_12.pt
2025-11-01 13:13:55.182 | INFO     | agents.servers.serverFedMSE:train_on_clients:54 - Client 13 gets new best val_loss at epoch #40: 0.003473
2025-11-01 13:13:55.183 | INFO     | agents.servers.serverFedMSE:train_on_clients:70 - Saved model for client 13 at epoch 40 -> saved_models/FedMSE/FedMSE/wsn_ds/epoch_40_client_13.pt
2025-11-01 13:13:55.472 | INFO     | agents.servers.serverFedMSE:train_on_clients:70 - Saved model for client 14 at epoch 40 -> saved_models/FedMSE/FedMSE/wsn_ds/epoch_40_client_14.pt
2025-11-01 13:13:55.755 | INFO     | agents.servers.serverFedMSE:train_on_clients:70 - Saved model for client 15 at epoch 40 -> saved_models/FedMSE/FedMSE/wsn_ds/epoch_40_client_15.pt
2025-11-01 13:13:56.041 | INFO     | agents.servers.serverFedMSE:train_on_clients:70 - Saved model for client 16 at epoch 40 -> saved_models/FedMSE/FedMSE/wsn_ds/epoch_40_client_16.pt
2025-11-01 13:13:56.323 | INFO     | agents.servers.serverFedMSE:train_on_clients:70 - Saved model for client 17 at epoch 40 -> saved_models/FedMSE/FedMSE/wsn_ds/epoch_40_client_17.pt
2025-11-01 13:13:56.611 | INFO     | agents.servers.serverFedMSE:train_on_clients:54 - Client 18 gets new best val_loss at epoch #40: 0.003652
2025-11-01 13:13:56.612 | INFO     | agents.servers.serverFedMSE:train_on_clients:70 - Saved model for client 18 at epoch 40 -> saved_models/FedMSE/FedMSE/wsn_ds/epoch_40_client_18.pt
2025-11-01 13:13:56.900 | INFO     | agents.servers.serverFedMSE:train_on_clients:54 - Client 19 gets new best val_loss at epoch #40: 0.003615
2025-11-01 13:13:56.902 | INFO     | agents.servers.serverFedMSE:train_on_clients:70 - Saved model for client 19 at epoch 40 -> saved_models/FedMSE/FedMSE/wsn_ds/epoch_40_client_19.pt
2025-11-01 13:13:56.904 | INFO     | agents.servers.serverFedMSE:train_on_clients:76 - 20 clients still training at epoch #40
2025-11-01 13:14:39.471 | INFO     | agents.servers.serverFedMSE:train_on_clients:32 - Training FedMSE model epoch #41
2025-11-01 13:14:40.044 | INFO     | agents.servers.serverFedMSE:train_on_clients:54 - Client 1 gets new best val_loss at epoch #41: 0.003625
2025-11-01 13:14:40.904 | INFO     | agents.servers.serverFedMSE:train_on_clients:54 - Client 4 gets new best val_loss at epoch #41: 0.003470
2025-11-01 13:14:42.887 | INFO     | agents.servers.serverFedMSE:train_on_clients:54 - Client 11 gets new best val_loss at epoch #41: 0.003472
2025-11-01 13:14:45.159 | INFO     | agents.servers.serverFedMSE:train_on_clients:76 - 20 clients still training at epoch #41
2025-11-01 13:15:27.757 | INFO     | agents.servers.serverFedMSE:train_on_clients:32 - Training FedMSE model epoch #42
2025-11-01 13:15:28.891 | INFO     | agents.servers.serverFedMSE:train_on_clients:54 - Client 3 gets new best val_loss at epoch #42: 0.003663
2025-11-01 13:15:29.453 | INFO     | agents.servers.serverFedMSE:train_on_clients:54 - Client 5 gets new best val_loss at epoch #42: 0.003575
2025-11-01 13:15:30.021 | INFO     | agents.servers.serverFedMSE:train_on_clients:54 - Client 7 gets new best val_loss at epoch #42: 0.003306
2025-11-01 13:15:31.720 | INFO     | agents.servers.serverFedMSE:train_on_clients:54 - Client 13 gets new best val_loss at epoch #42: 0.003461
2025-11-01 13:15:33.414 | INFO     | agents.servers.serverFedMSE:train_on_clients:54 - Client 19 gets new best val_loss at epoch #42: 0.003610
2025-11-01 13:15:33.416 | INFO     | agents.servers.serverFedMSE:train_on_clients:76 - 20 clients still training at epoch #42
2025-11-01 13:16:15.975 | INFO     | agents.servers.serverFedMSE:train_on_clients:32 - Training FedMSE model epoch #43
2025-11-01 13:16:16.546 | INFO     | agents.servers.serverFedMSE:train_on_clients:54 - Client 1 gets new best val_loss at epoch #43: 0.003614
2025-11-01 13:16:16.827 | INFO     | agents.servers.serverFedMSE:train_on_clients:54 - Client 2 gets new best val_loss at epoch #43: 0.003461
2025-11-01 13:16:17.403 | INFO     | agents.servers.serverFedMSE:train_on_clients:54 - Client 4 gets new best val_loss at epoch #43: 0.003464
2025-11-01 13:16:19.959 | INFO     | agents.servers.serverFedMSE:train_on_clients:54 - Client 13 gets new best val_loss at epoch #43: 0.003429
2025-11-01 13:16:21.656 | INFO     | agents.servers.serverFedMSE:train_on_clients:76 - 20 clients still training at epoch #43
2025-11-01 13:17:04.108 | INFO     | agents.servers.serverFedMSE:train_on_clients:32 - Training FedMSE model epoch #44
2025-11-01 13:17:04.394 | INFO     | agents.servers.serverFedMSE:train_on_clients:54 - Client 0 gets new best val_loss at epoch #44: 0.003474
2025-11-01 13:17:04.679 | INFO     | agents.servers.serverFedMSE:train_on_clients:54 - Client 1 gets new best val_loss at epoch #44: 0.003600
2025-11-01 13:17:05.246 | INFO     | agents.servers.serverFedMSE:train_on_clients:54 - Client 3 gets new best val_loss at epoch #44: 0.003643
2025-11-01 13:17:05.814 | INFO     | agents.servers.serverFedMSE:train_on_clients:54 - Client 5 gets new best val_loss at epoch #44: 0.003551
2025-11-01 13:17:06.098 | INFO     | agents.servers.serverFedMSE:train_on_clients:54 - Client 6 gets new best val_loss at epoch #44: 0.003403
2025-11-01 13:17:08.918 | INFO     | agents.servers.serverFedMSE:train_on_clients:54 - Client 16 gets new best val_loss at epoch #44: 0.003522
2025-11-01 13:17:09.770 | INFO     | agents.servers.serverFedMSE:train_on_clients:76 - 20 clients still training at epoch #44
2025-11-01 13:17:52.136 | INFO     | agents.servers.serverFedMSE:train_on_clients:32 - Training FedMSE model epoch #45
2025-11-01 13:17:52.419 | INFO     | agents.servers.serverFedMSE:train_on_clients:54 - Client 0 gets new best val_loss at epoch #45: 0.003472
2025-11-01 13:17:52.982 | INFO     | agents.servers.serverFedMSE:train_on_clients:54 - Client 2 gets new best val_loss at epoch #45: 0.003459
2025-11-01 13:17:54.396 | INFO     | agents.servers.serverFedMSE:train_on_clients:54 - Client 7 gets new best val_loss at epoch #45: 0.003255
2025-11-01 13:17:55.250 | INFO     | agents.servers.serverFedMSE:train_on_clients:54 - Client 10 gets new best val_loss at epoch #45: 0.003386
2025-11-01 13:17:55.531 | INFO     | agents.servers.serverFedMSE:train_on_clients:54 - Client 11 gets new best val_loss at epoch #45: 0.003446
2025-11-01 13:17:56.382 | INFO     | agents.servers.serverFedMSE:train_on_clients:54 - Client 14 gets new best val_loss at epoch #45: 0.003695
2025-11-01 13:17:56.661 | INFO     | agents.servers.serverFedMSE:train_on_clients:54 - Client 15 gets new best val_loss at epoch #45: 0.003463
2025-11-01 13:17:57.230 | INFO     | agents.servers.serverFedMSE:train_on_clients:54 - Client 17 gets new best val_loss at epoch #45: 0.003211
2025-11-01 13:17:57.803 | INFO     | agents.servers.serverFedMSE:train_on_clients:54 - Client 19 gets new best val_loss at epoch #45: 0.003600
2025-11-01 13:17:57.805 | INFO     | agents.servers.serverFedMSE:train_on_clients:76 - 20 clients still training at epoch #45
2025-11-01 13:18:40.198 | INFO     | agents.servers.serverFedMSE:train_on_clients:32 - Training FedMSE model epoch #46
2025-11-01 13:18:40.485 | INFO     | agents.servers.serverFedMSE:train_on_clients:54 - Client 0 gets new best val_loss at epoch #46: 0.003449
2025-11-01 13:18:40.769 | INFO     | agents.servers.serverFedMSE:train_on_clients:54 - Client 1 gets new best val_loss at epoch #46: 0.003560
2025-11-01 13:18:41.053 | INFO     | agents.servers.serverFedMSE:train_on_clients:54 - Client 2 gets new best val_loss at epoch #46: 0.003403
2025-11-01 13:18:41.625 | INFO     | agents.servers.serverFedMSE:train_on_clients:54 - Client 4 gets new best val_loss at epoch #46: 0.003460
2025-11-01 13:18:41.920 | INFO     | agents.servers.serverFedMSE:train_on_clients:54 - Client 5 gets new best val_loss at epoch #46: 0.003529
2025-11-01 13:18:42.770 | INFO     | agents.servers.serverFedMSE:train_on_clients:54 - Client 8 gets new best val_loss at epoch #46: 0.003713
2025-11-01 13:18:43.044 | INFO     | agents.servers.serverFedMSE:train_on_clients:54 - Client 9 gets new best val_loss at epoch #46: 0.003525
2025-11-01 13:18:43.866 | INFO     | agents.servers.serverFedMSE:train_on_clients:54 - Client 12 gets new best val_loss at epoch #46: 0.003323
2025-11-01 13:18:44.671 | INFO     | agents.servers.serverFedMSE:train_on_clients:54 - Client 15 gets new best val_loss at epoch #46: 0.003432
2025-11-01 13:18:45.217 | INFO     | agents.servers.serverFedMSE:train_on_clients:54 - Client 17 gets new best val_loss at epoch #46: 0.003189
2025-11-01 13:18:45.486 | INFO     | agents.servers.serverFedMSE:train_on_clients:54 - Client 18 gets new best val_loss at epoch #46: 0.003612
2025-11-01 13:18:45.756 | INFO     | agents.servers.serverFedMSE:train_on_clients:54 - Client 19 gets new best val_loss at epoch #46: 0.003536
2025-11-01 13:18:45.758 | INFO     | agents.servers.serverFedMSE:train_on_clients:76 - 20 clients still training at epoch #46
2025-11-01 13:19:28.197 | INFO     | agents.servers.serverFedMSE:train_on_clients:32 - Training FedMSE model epoch #47
2025-11-01 13:19:28.741 | INFO     | agents.servers.serverFedMSE:train_on_clients:54 - Client 1 gets new best val_loss at epoch #47: 0.003543
2025-11-01 13:19:30.096 | INFO     | agents.servers.serverFedMSE:train_on_clients:54 - Client 6 gets new best val_loss at epoch #47: 0.003375
2025-11-01 13:19:31.188 | INFO     | agents.servers.serverFedMSE:train_on_clients:54 - Client 10 gets new best val_loss at epoch #47: 0.003341
2025-11-01 13:19:31.457 | INFO     | agents.servers.serverFedMSE:train_on_clients:54 - Client 11 gets new best val_loss at epoch #47: 0.003369
2025-11-01 13:19:32.004 | INFO     | agents.servers.serverFedMSE:train_on_clients:54 - Client 13 gets new best val_loss at epoch #47: 0.003386
2025-11-01 13:19:32.544 | INFO     | agents.servers.serverFedMSE:train_on_clients:54 - Client 15 gets new best val_loss at epoch #47: 0.003400
2025-11-01 13:19:33.643 | INFO     | agents.servers.serverFedMSE:train_on_clients:76 - 20 clients still training at epoch #47
2025-11-01 13:20:15.791 | INFO     | agents.servers.serverFedMSE:train_on_clients:32 - Training FedMSE model epoch #48
2025-11-01 13:20:16.063 | INFO     | agents.servers.serverFedMSE:train_on_clients:54 - Client 0 gets new best val_loss at epoch #48: 0.003324
2025-11-01 13:20:16.336 | INFO     | agents.servers.serverFedMSE:train_on_clients:54 - Client 1 gets new best val_loss at epoch #48: 0.003490
2025-11-01 13:20:16.608 | INFO     | agents.servers.serverFedMSE:train_on_clients:54 - Client 2 gets new best val_loss at epoch #48: 0.003354
2025-11-01 13:20:17.150 | INFO     | agents.servers.serverFedMSE:train_on_clients:54 - Client 4 gets new best val_loss at epoch #48: 0.003298
2025-11-01 13:20:17.423 | INFO     | agents.servers.serverFedMSE:train_on_clients:54 - Client 5 gets new best val_loss at epoch #48: 0.003422
2025-11-01 13:20:17.692 | INFO     | agents.servers.serverFedMSE:train_on_clients:54 - Client 6 gets new best val_loss at epoch #48: 0.003301
2025-11-01 13:20:17.963 | INFO     | agents.servers.serverFedMSE:train_on_clients:54 - Client 7 gets new best val_loss at epoch #48: 0.003174
2025-11-01 13:20:18.240 | INFO     | agents.servers.serverFedMSE:train_on_clients:54 - Client 8 gets new best val_loss at epoch #48: 0.003625
2025-11-01 13:20:18.515 | INFO     | agents.servers.serverFedMSE:train_on_clients:54 - Client 9 gets new best val_loss at epoch #48: 0.003470
2025-11-01 13:20:18.790 | INFO     | agents.servers.serverFedMSE:train_on_clients:54 - Client 10 gets new best val_loss at epoch #48: 0.003283
2025-11-01 13:20:19.061 | INFO     | agents.servers.serverFedMSE:train_on_clients:54 - Client 11 gets new best val_loss at epoch #48: 0.003317
2025-11-01 13:20:19.335 | INFO     | agents.servers.serverFedMSE:train_on_clients:54 - Client 12 gets new best val_loss at epoch #48: 0.003291
2025-11-01 13:20:19.607 | INFO     | agents.servers.serverFedMSE:train_on_clients:54 - Client 13 gets new best val_loss at epoch #48: 0.003311
2025-11-01 13:20:19.878 | INFO     | agents.servers.serverFedMSE:train_on_clients:54 - Client 14 gets new best val_loss at epoch #48: 0.003602
2025-11-01 13:20:20.421 | INFO     | agents.servers.serverFedMSE:train_on_clients:54 - Client 16 gets new best val_loss at epoch #48: 0.003431
2025-11-01 13:20:20.958 | INFO     | agents.servers.serverFedMSE:train_on_clients:54 - Client 18 gets new best val_loss at epoch #48: 0.003545
2025-11-01 13:20:21.229 | INFO     | agents.servers.serverFedMSE:train_on_clients:54 - Client 19 gets new best val_loss at epoch #48: 0.003479
2025-11-01 13:20:21.231 | INFO     | agents.servers.serverFedMSE:train_on_clients:76 - 20 clients still training at epoch #48
2025-11-01 13:21:03.291 | INFO     | agents.servers.serverFedMSE:train_on_clients:32 - Training FedMSE model epoch #49
2025-11-01 13:21:03.571 | INFO     | agents.servers.serverFedMSE:train_on_clients:54 - Client 0 gets new best val_loss at epoch #49: 0.003202
2025-11-01 13:21:03.840 | INFO     | agents.servers.serverFedMSE:train_on_clients:54 - Client 1 gets new best val_loss at epoch #49: 0.003411
2025-11-01 13:21:04.110 | INFO     | agents.servers.serverFedMSE:train_on_clients:54 - Client 2 gets new best val_loss at epoch #49: 0.003248
2025-11-01 13:21:04.380 | INFO     | agents.servers.serverFedMSE:train_on_clients:54 - Client 3 gets new best val_loss at epoch #49: 0.003529
2025-11-01 13:21:04.648 | INFO     | agents.servers.serverFedMSE:train_on_clients:54 - Client 4 gets new best val_loss at epoch #49: 0.003223
2025-11-01 13:21:04.922 | INFO     | agents.servers.serverFedMSE:train_on_clients:54 - Client 5 gets new best val_loss at epoch #49: 0.003282
2025-11-01 13:21:05.193 | INFO     | agents.servers.serverFedMSE:train_on_clients:54 - Client 6 gets new best val_loss at epoch #49: 0.003204
2025-11-01 13:21:05.466 | INFO     | agents.servers.serverFedMSE:train_on_clients:54 - Client 7 gets new best val_loss at epoch #49: 0.003088
2025-11-01 13:21:06.005 | INFO     | agents.servers.serverFedMSE:train_on_clients:54 - Client 9 gets new best val_loss at epoch #49: 0.003281
2025-11-01 13:21:06.279 | INFO     | agents.servers.serverFedMSE:train_on_clients:54 - Client 10 gets new best val_loss at epoch #49: 0.003206
2025-11-01 13:21:06.551 | INFO     | agents.servers.serverFedMSE:train_on_clients:54 - Client 11 gets new best val_loss at epoch #49: 0.003167
2025-11-01 13:21:06.823 | INFO     | agents.servers.serverFedMSE:train_on_clients:54 - Client 12 gets new best val_loss at epoch #49: 0.003211
2025-11-01 13:21:07.093 | INFO     | agents.servers.serverFedMSE:train_on_clients:54 - Client 13 gets new best val_loss at epoch #49: 0.003218
2025-11-01 13:21:07.372 | INFO     | agents.servers.serverFedMSE:train_on_clients:54 - Client 14 gets new best val_loss at epoch #49: 0.003492
2025-11-01 13:21:07.643 | INFO     | agents.servers.serverFedMSE:train_on_clients:54 - Client 15 gets new best val_loss at epoch #49: 0.003270
2025-11-01 13:21:07.918 | INFO     | agents.servers.serverFedMSE:train_on_clients:54 - Client 16 gets new best val_loss at epoch #49: 0.003372
2025-11-01 13:21:08.191 | INFO     | agents.servers.serverFedMSE:train_on_clients:54 - Client 17 gets new best val_loss at epoch #49: 0.002958
2025-11-01 13:21:08.774 | INFO     | agents.servers.serverFedMSE:train_on_clients:76 - 20 clients still training at epoch #49
2025-11-01 13:21:50.798 | INFO     | agents.servers.serverFedMSE:train_on_clients:32 - Training FedMSE model epoch #50
2025-11-01 13:21:51.089 | INFO     | agents.servers.serverFedMSE:train_on_clients:54 - Client 0 gets new best val_loss at epoch #50: 0.003075
2025-11-01 13:21:51.091 | INFO     | agents.servers.serverFedMSE:train_on_clients:70 - Saved model for client 0 at epoch 50 -> saved_models/FedMSE/FedMSE/wsn_ds/epoch_50_client_0.pt
2025-11-01 13:21:51.377 | INFO     | agents.servers.serverFedMSE:train_on_clients:54 - Client 1 gets new best val_loss at epoch #50: 0.003358
2025-11-01 13:21:51.379 | INFO     | agents.servers.serverFedMSE:train_on_clients:70 - Saved model for client 1 at epoch 50 -> saved_models/FedMSE/FedMSE/wsn_ds/epoch_50_client_1.pt
2025-11-01 13:21:51.665 | INFO     | agents.servers.serverFedMSE:train_on_clients:54 - Client 2 gets new best val_loss at epoch #50: 0.003174
2025-11-01 13:21:51.666 | INFO     | agents.servers.serverFedMSE:train_on_clients:70 - Saved model for client 2 at epoch 50 -> saved_models/FedMSE/FedMSE/wsn_ds/epoch_50_client_2.pt
2025-11-01 13:21:51.960 | INFO     | agents.servers.serverFedMSE:train_on_clients:54 - Client 3 gets new best val_loss at epoch #50: 0.003430
2025-11-01 13:21:51.961 | INFO     | agents.servers.serverFedMSE:train_on_clients:70 - Saved model for client 3 at epoch 50 -> saved_models/FedMSE/FedMSE/wsn_ds/epoch_50_client_3.pt
2025-11-01 13:21:52.247 | INFO     | agents.servers.serverFedMSE:train_on_clients:70 - Saved model for client 4 at epoch 50 -> saved_models/FedMSE/FedMSE/wsn_ds/epoch_50_client_4.pt
2025-11-01 13:21:52.529 | INFO     | agents.servers.serverFedMSE:train_on_clients:54 - Client 5 gets new best val_loss at epoch #50: 0.003176
2025-11-01 13:21:52.531 | INFO     | agents.servers.serverFedMSE:train_on_clients:70 - Saved model for client 5 at epoch 50 -> saved_models/FedMSE/FedMSE/wsn_ds/epoch_50_client_5.pt
2025-11-01 13:21:52.816 | INFO     | agents.servers.serverFedMSE:train_on_clients:54 - Client 6 gets new best val_loss at epoch #50: 0.002994
2025-11-01 13:21:52.818 | INFO     | agents.servers.serverFedMSE:train_on_clients:70 - Saved model for client 6 at epoch 50 -> saved_models/FedMSE/FedMSE/wsn_ds/epoch_50_client_6.pt
2025-11-01 13:21:53.092 | INFO     | agents.servers.serverFedMSE:train_on_clients:54 - Client 7 gets new best val_loss at epoch #50: 0.002957
2025-11-01 13:21:53.094 | INFO     | agents.servers.serverFedMSE:train_on_clients:70 - Saved model for client 7 at epoch 50 -> saved_models/FedMSE/FedMSE/wsn_ds/epoch_50_client_7.pt
2025-11-01 13:21:53.359 | INFO     | agents.servers.serverFedMSE:train_on_clients:54 - Client 8 gets new best val_loss at epoch #50: 0.003353
2025-11-01 13:21:53.361 | INFO     | agents.servers.serverFedMSE:train_on_clients:70 - Saved model for client 8 at epoch 50 -> saved_models/FedMSE/FedMSE/wsn_ds/epoch_50_client_8.pt
2025-11-01 13:21:53.630 | INFO     | agents.servers.serverFedMSE:train_on_clients:54 - Client 9 gets new best val_loss at epoch #50: 0.003164
2025-11-01 13:21:53.632 | INFO     | agents.servers.serverFedMSE:train_on_clients:70 - Saved model for client 9 at epoch 50 -> saved_models/FedMSE/FedMSE/wsn_ds/epoch_50_client_9.pt
2025-11-01 13:21:53.902 | INFO     | agents.servers.serverFedMSE:train_on_clients:54 - Client 10 gets new best val_loss at epoch #50: 0.003079
2025-11-01 13:21:53.904 | INFO     | agents.servers.serverFedMSE:train_on_clients:70 - Saved model for client 10 at epoch 50 -> saved_models/FedMSE/FedMSE/wsn_ds/epoch_50_client_10.pt
2025-11-01 13:21:54.180 | INFO     | agents.servers.serverFedMSE:train_on_clients:54 - Client 11 gets new best val_loss at epoch #50: 0.003022
2025-11-01 13:21:54.182 | INFO     | agents.servers.serverFedMSE:train_on_clients:70 - Saved model for client 11 at epoch 50 -> saved_models/FedMSE/FedMSE/wsn_ds/epoch_50_client_11.pt
2025-11-01 13:21:54.452 | INFO     | agents.servers.serverFedMSE:train_on_clients:54 - Client 12 gets new best val_loss at epoch #50: 0.002991
2025-11-01 13:21:54.454 | INFO     | agents.servers.serverFedMSE:train_on_clients:70 - Saved model for client 12 at epoch 50 -> saved_models/FedMSE/FedMSE/wsn_ds/epoch_50_client_12.pt
2025-11-01 13:21:54.724 | INFO     | agents.servers.serverFedMSE:train_on_clients:54 - Client 13 gets new best val_loss at epoch #50: 0.003028
2025-11-01 13:21:54.726 | INFO     | agents.servers.serverFedMSE:train_on_clients:70 - Saved model for client 13 at epoch 50 -> saved_models/FedMSE/FedMSE/wsn_ds/epoch_50_client_13.pt
2025-11-01 13:21:55.000 | INFO     | agents.servers.serverFedMSE:train_on_clients:54 - Client 14 gets new best val_loss at epoch #50: 0.003292
2025-11-01 13:21:55.002 | INFO     | agents.servers.serverFedMSE:train_on_clients:70 - Saved model for client 14 at epoch 50 -> saved_models/FedMSE/FedMSE/wsn_ds/epoch_50_client_14.pt
2025-11-01 13:21:55.271 | INFO     | agents.servers.serverFedMSE:train_on_clients:54 - Client 15 gets new best val_loss at epoch #50: 0.003042
2025-11-01 13:21:55.273 | INFO     | agents.servers.serverFedMSE:train_on_clients:70 - Saved model for client 15 at epoch 50 -> saved_models/FedMSE/FedMSE/wsn_ds/epoch_50_client_15.pt
2025-11-01 13:21:55.549 | INFO     | agents.servers.serverFedMSE:train_on_clients:54 - Client 16 gets new best val_loss at epoch #50: 0.003180
2025-11-01 13:21:55.551 | INFO     | agents.servers.serverFedMSE:train_on_clients:70 - Saved model for client 16 at epoch 50 -> saved_models/FedMSE/FedMSE/wsn_ds/epoch_50_client_16.pt
2025-11-01 13:21:55.822 | INFO     | agents.servers.serverFedMSE:train_on_clients:54 - Client 17 gets new best val_loss at epoch #50: 0.002837
2025-11-01 13:21:55.824 | INFO     | agents.servers.serverFedMSE:train_on_clients:70 - Saved model for client 17 at epoch 50 -> saved_models/FedMSE/FedMSE/wsn_ds/epoch_50_client_17.pt
2025-11-01 13:21:56.102 | INFO     | agents.servers.serverFedMSE:train_on_clients:54 - Client 18 gets new best val_loss at epoch #50: 0.003544
2025-11-01 13:21:56.104 | INFO     | agents.servers.serverFedMSE:train_on_clients:70 - Saved model for client 18 at epoch 50 -> saved_models/FedMSE/FedMSE/wsn_ds/epoch_50_client_18.pt
2025-11-01 13:21:56.377 | INFO     | agents.servers.serverFedMSE:train_on_clients:54 - Client 19 gets new best val_loss at epoch #50: 0.003241
2025-11-01 13:21:56.379 | INFO     | agents.servers.serverFedMSE:train_on_clients:70 - Saved model for client 19 at epoch 50 -> saved_models/FedMSE/FedMSE/wsn_ds/epoch_50_client_19.pt
2025-11-01 13:21:56.381 | INFO     | agents.servers.serverFedMSE:train_on_clients:76 - 20 clients still training at epoch #50
2025-11-01 13:22:38.516 | INFO     | agents.servers.serverFedMSE:train_on_clients:32 - Training FedMSE model epoch #51
2025-11-01 13:22:38.801 | INFO     | agents.servers.serverFedMSE:train_on_clients:54 - Client 0 gets new best val_loss at epoch #51: 0.002935
2025-11-01 13:22:39.088 | INFO     | agents.servers.serverFedMSE:train_on_clients:54 - Client 1 gets new best val_loss at epoch #51: 0.003058
2025-11-01 13:22:39.374 | INFO     | agents.servers.serverFedMSE:train_on_clients:54 - Client 2 gets new best val_loss at epoch #51: 0.002762
2025-11-01 13:22:39.654 | INFO     | agents.servers.serverFedMSE:train_on_clients:54 - Client 3 gets new best val_loss at epoch #51: 0.003344
2025-11-01 13:22:39.938 | INFO     | agents.servers.serverFedMSE:train_on_clients:54 - Client 4 gets new best val_loss at epoch #51: 0.002809
2025-11-01 13:22:40.225 | INFO     | agents.servers.serverFedMSE:train_on_clients:54 - Client 5 gets new best val_loss at epoch #51: 0.002872
2025-11-01 13:22:40.514 | INFO     | agents.servers.serverFedMSE:train_on_clients:54 - Client 6 gets new best val_loss at epoch #51: 0.002774
2025-11-01 13:22:40.802 | INFO     | agents.servers.serverFedMSE:train_on_clients:54 - Client 7 gets new best val_loss at epoch #51: 0.002745
2025-11-01 13:22:41.091 | INFO     | agents.servers.serverFedMSE:train_on_clients:54 - Client 8 gets new best val_loss at epoch #51: 0.003137
2025-11-01 13:22:41.383 | INFO     | agents.servers.serverFedMSE:train_on_clients:54 - Client 9 gets new best val_loss at epoch #51: 0.002943
2025-11-01 13:22:41.672 | INFO     | agents.servers.serverFedMSE:train_on_clients:54 - Client 10 gets new best val_loss at epoch #51: 0.002821
2025-11-01 13:22:41.957 | INFO     | agents.servers.serverFedMSE:train_on_clients:54 - Client 11 gets new best val_loss at epoch #51: 0.002759
2025-11-01 13:22:42.244 | INFO     | agents.servers.serverFedMSE:train_on_clients:54 - Client 12 gets new best val_loss at epoch #51: 0.002751
2025-11-01 13:22:42.536 | INFO     | agents.servers.serverFedMSE:train_on_clients:54 - Client 13 gets new best val_loss at epoch #51: 0.002767
2025-11-01 13:22:42.831 | INFO     | agents.servers.serverFedMSE:train_on_clients:54 - Client 14 gets new best val_loss at epoch #51: 0.003103
2025-11-01 13:22:43.126 | INFO     | agents.servers.serverFedMSE:train_on_clients:54 - Client 15 gets new best val_loss at epoch #51: 0.002877
2025-11-01 13:22:43.417 | INFO     | agents.servers.serverFedMSE:train_on_clients:54 - Client 16 gets new best val_loss at epoch #51: 0.003030
2025-11-01 13:22:43.699 | INFO     | agents.servers.serverFedMSE:train_on_clients:54 - Client 17 gets new best val_loss at epoch #51: 0.002754
2025-11-01 13:22:43.984 | INFO     | agents.servers.serverFedMSE:train_on_clients:54 - Client 18 gets new best val_loss at epoch #51: 0.003461
2025-11-01 13:22:44.274 | INFO     | agents.servers.serverFedMSE:train_on_clients:54 - Client 19 gets new best val_loss at epoch #51: 0.003124
2025-11-01 13:22:44.276 | INFO     | agents.servers.serverFedMSE:train_on_clients:76 - 20 clients still training at epoch #51
2025-11-01 13:23:26.169 | INFO     | agents.servers.serverFedMSE:train_on_clients:32 - Training FedMSE model epoch #52
2025-11-01 13:23:26.459 | INFO     | agents.servers.serverFedMSE:train_on_clients:54 - Client 0 gets new best val_loss at epoch #52: 0.002605
2025-11-01 13:23:26.744 | INFO     | agents.servers.serverFedMSE:train_on_clients:54 - Client 1 gets new best val_loss at epoch #52: 0.002788
2025-11-01 13:23:27.029 | INFO     | agents.servers.serverFedMSE:train_on_clients:54 - Client 2 gets new best val_loss at epoch #52: 0.002559
2025-11-01 13:23:27.321 | INFO     | agents.servers.serverFedMSE:train_on_clients:54 - Client 3 gets new best val_loss at epoch #52: 0.002918
2025-11-01 13:23:27.889 | INFO     | agents.servers.serverFedMSE:train_on_clients:54 - Client 5 gets new best val_loss at epoch #52: 0.002710
2025-11-01 13:23:28.176 | INFO     | agents.servers.serverFedMSE:train_on_clients:54 - Client 6 gets new best val_loss at epoch #52: 0.002647
2025-11-01 13:23:28.462 | INFO     | agents.servers.serverFedMSE:train_on_clients:54 - Client 7 gets new best val_loss at epoch #52: 0.002478
2025-11-01 13:23:28.745 | INFO     | agents.servers.serverFedMSE:train_on_clients:54 - Client 8 gets new best val_loss at epoch #52: 0.002869
2025-11-01 13:23:29.030 | INFO     | agents.servers.serverFedMSE:train_on_clients:54 - Client 9 gets new best val_loss at epoch #52: 0.002751
2025-11-01 13:23:29.317 | INFO     | agents.servers.serverFedMSE:train_on_clients:54 - Client 10 gets new best val_loss at epoch #52: 0.002630
2025-11-01 13:23:29.604 | INFO     | agents.servers.serverFedMSE:train_on_clients:54 - Client 11 gets new best val_loss at epoch #52: 0.002539
2025-11-01 13:23:29.888 | INFO     | agents.servers.serverFedMSE:train_on_clients:54 - Client 12 gets new best val_loss at epoch #52: 0.002507
2025-11-01 13:23:30.181 | INFO     | agents.servers.serverFedMSE:train_on_clients:54 - Client 13 gets new best val_loss at epoch #52: 0.002658
2025-11-01 13:23:30.464 | INFO     | agents.servers.serverFedMSE:train_on_clients:54 - Client 14 gets new best val_loss at epoch #52: 0.002965
2025-11-01 13:23:30.753 | INFO     | agents.servers.serverFedMSE:train_on_clients:54 - Client 15 gets new best val_loss at epoch #52: 0.002652
2025-11-01 13:23:31.036 | INFO     | agents.servers.serverFedMSE:train_on_clients:54 - Client 16 gets new best val_loss at epoch #52: 0.002796
2025-11-01 13:23:31.318 | INFO     | agents.servers.serverFedMSE:train_on_clients:54 - Client 17 gets new best val_loss at epoch #52: 0.002549
2025-11-01 13:23:31.603 | INFO     | agents.servers.serverFedMSE:train_on_clients:54 - Client 18 gets new best val_loss at epoch #52: 0.002820
2025-11-01 13:23:31.886 | INFO     | agents.servers.serverFedMSE:train_on_clients:54 - Client 19 gets new best val_loss at epoch #52: 0.002910
2025-11-01 13:23:31.888 | INFO     | agents.servers.serverFedMSE:train_on_clients:76 - 20 clients still training at epoch #52
2025-11-01 13:24:13.692 | INFO     | agents.servers.serverFedMSE:train_on_clients:32 - Training FedMSE model epoch #53
2025-11-01 13:24:13.986 | INFO     | agents.servers.serverFedMSE:train_on_clients:54 - Client 0 gets new best val_loss at epoch #53: 0.002489
2025-11-01 13:24:14.280 | INFO     | agents.servers.serverFedMSE:train_on_clients:54 - Client 1 gets new best val_loss at epoch #53: 0.002701
2025-11-01 13:24:14.567 | INFO     | agents.servers.serverFedMSE:train_on_clients:54 - Client 2 gets new best val_loss at epoch #53: 0.002477
2025-11-01 13:24:14.861 | INFO     | agents.servers.serverFedMSE:train_on_clients:54 - Client 3 gets new best val_loss at epoch #53: 0.002677
2025-11-01 13:24:15.147 | INFO     | agents.servers.serverFedMSE:train_on_clients:54 - Client 4 gets new best val_loss at epoch #53: 0.002649
2025-11-01 13:24:15.435 | INFO     | agents.servers.serverFedMSE:train_on_clients:54 - Client 5 gets new best val_loss at epoch #53: 0.002549
2025-11-01 13:24:15.724 | INFO     | agents.servers.serverFedMSE:train_on_clients:54 - Client 6 gets new best val_loss at epoch #53: 0.002551
2025-11-01 13:24:16.014 | INFO     | agents.servers.serverFedMSE:train_on_clients:54 - Client 7 gets new best val_loss at epoch #53: 0.002471
2025-11-01 13:24:16.585 | INFO     | agents.servers.serverFedMSE:train_on_clients:54 - Client 9 gets new best val_loss at epoch #53: 0.002610
2025-11-01 13:24:16.872 | INFO     | agents.servers.serverFedMSE:train_on_clients:54 - Client 10 gets new best val_loss at epoch #53: 0.002487
2025-11-01 13:24:17.161 | INFO     | agents.servers.serverFedMSE:train_on_clients:54 - Client 11 gets new best val_loss at epoch #53: 0.002433
2025-11-01 13:24:17.446 | INFO     | agents.servers.serverFedMSE:train_on_clients:54 - Client 12 gets new best val_loss at epoch #53: 0.002388
2025-11-01 13:24:17.730 | INFO     | agents.servers.serverFedMSE:train_on_clients:54 - Client 13 gets new best val_loss at epoch #53: 0.002512
2025-11-01 13:24:18.015 | INFO     | agents.servers.serverFedMSE:train_on_clients:54 - Client 14 gets new best val_loss at epoch #53: 0.002879
2025-11-01 13:24:18.302 | INFO     | agents.servers.serverFedMSE:train_on_clients:54 - Client 15 gets new best val_loss at epoch #53: 0.002520
2025-11-01 13:24:18.588 | INFO     | agents.servers.serverFedMSE:train_on_clients:54 - Client 16 gets new best val_loss at epoch #53: 0.002652
2025-11-01 13:24:19.450 | INFO     | agents.servers.serverFedMSE:train_on_clients:54 - Client 19 gets new best val_loss at epoch #53: 0.002886
2025-11-01 13:24:19.451 | INFO     | agents.servers.serverFedMSE:train_on_clients:76 - 20 clients still training at epoch #53
2025-11-01 13:25:01.321 | INFO     | agents.servers.serverFedMSE:train_on_clients:32 - Training FedMSE model epoch #54
2025-11-01 13:25:01.611 | INFO     | agents.servers.serverFedMSE:train_on_clients:54 - Client 0 gets new best val_loss at epoch #54: 0.002325
2025-11-01 13:25:01.899 | INFO     | agents.servers.serverFedMSE:train_on_clients:54 - Client 1 gets new best val_loss at epoch #54: 0.002557
2025-11-01 13:25:02.189 | INFO     | agents.servers.serverFedMSE:train_on_clients:54 - Client 2 gets new best val_loss at epoch #54: 0.002446
2025-11-01 13:25:03.331 | INFO     | agents.servers.serverFedMSE:train_on_clients:54 - Client 6 gets new best val_loss at epoch #54: 0.002407
2025-11-01 13:25:03.619 | INFO     | agents.servers.serverFedMSE:train_on_clients:54 - Client 7 gets new best val_loss at epoch #54: 0.002328
2025-11-01 13:25:03.908 | INFO     | agents.servers.serverFedMSE:train_on_clients:54 - Client 8 gets new best val_loss at epoch #54: 0.002664
2025-11-01 13:25:04.480 | INFO     | agents.servers.serverFedMSE:train_on_clients:54 - Client 10 gets new best val_loss at epoch #54: 0.002473
2025-11-01 13:25:04.769 | INFO     | agents.servers.serverFedMSE:train_on_clients:54 - Client 11 gets new best val_loss at epoch #54: 0.002299
2025-11-01 13:25:05.056 | INFO     | agents.servers.serverFedMSE:train_on_clients:54 - Client 12 gets new best val_loss at epoch #54: 0.002276
2025-11-01 13:25:05.623 | INFO     | agents.servers.serverFedMSE:train_on_clients:54 - Client 14 gets new best val_loss at epoch #54: 0.002865
2025-11-01 13:25:05.904 | INFO     | agents.servers.serverFedMSE:train_on_clients:54 - Client 15 gets new best val_loss at epoch #54: 0.002440
2025-11-01 13:25:06.194 | INFO     | agents.servers.serverFedMSE:train_on_clients:54 - Client 16 gets new best val_loss at epoch #54: 0.002559
2025-11-01 13:25:06.481 | INFO     | agents.servers.serverFedMSE:train_on_clients:54 - Client 17 gets new best val_loss at epoch #54: 0.002388
2025-11-01 13:25:06.766 | INFO     | agents.servers.serverFedMSE:train_on_clients:54 - Client 18 gets new best val_loss at epoch #54: 0.002705
2025-11-01 13:25:07.056 | INFO     | agents.servers.serverFedMSE:train_on_clients:54 - Client 19 gets new best val_loss at epoch #54: 0.002700
2025-11-01 13:25:07.058 | INFO     | agents.servers.serverFedMSE:train_on_clients:76 - 20 clients still training at epoch #54
2025-11-01 13:25:48.919 | INFO     | agents.servers.serverFedMSE:train_on_clients:32 - Training FedMSE model epoch #55
2025-11-01 13:25:49.491 | INFO     | agents.servers.serverFedMSE:train_on_clients:54 - Client 1 gets new best val_loss at epoch #55: 0.002491
2025-11-01 13:25:50.052 | INFO     | agents.servers.serverFedMSE:train_on_clients:54 - Client 3 gets new best val_loss at epoch #55: 0.002367
2025-11-01 13:25:50.339 | INFO     | agents.servers.serverFedMSE:train_on_clients:54 - Client 4 gets new best val_loss at epoch #55: 0.002239
2025-11-01 13:25:50.620 | INFO     | agents.servers.serverFedMSE:train_on_clients:54 - Client 5 gets new best val_loss at epoch #55: 0.002239
2025-11-01 13:25:50.910 | INFO     | agents.servers.serverFedMSE:train_on_clients:54 - Client 6 gets new best val_loss at epoch #55: 0.002345
2025-11-01 13:25:51.194 | INFO     | agents.servers.serverFedMSE:train_on_clients:54 - Client 7 gets new best val_loss at epoch #55: 0.002073
2025-11-01 13:25:51.477 | INFO     | agents.servers.serverFedMSE:train_on_clients:54 - Client 8 gets new best val_loss at epoch #55: 0.002544
2025-11-01 13:25:51.768 | INFO     | agents.servers.serverFedMSE:train_on_clients:54 - Client 9 gets new best val_loss at epoch #55: 0.002285
2025-11-01 13:25:52.056 | INFO     | agents.servers.serverFedMSE:train_on_clients:54 - Client 10 gets new best val_loss at epoch #55: 0.002280
2025-11-01 13:25:52.342 | INFO     | agents.servers.serverFedMSE:train_on_clients:54 - Client 11 gets new best val_loss at epoch #55: 0.002156
2025-11-01 13:25:52.627 | INFO     | agents.servers.serverFedMSE:train_on_clients:54 - Client 12 gets new best val_loss at epoch #55: 0.002107
2025-11-01 13:25:52.912 | INFO     | agents.servers.serverFedMSE:train_on_clients:54 - Client 13 gets new best val_loss at epoch #55: 0.002172
2025-11-01 13:25:53.195 | INFO     | agents.servers.serverFedMSE:train_on_clients:54 - Client 14 gets new best val_loss at epoch #55: 0.002745
2025-11-01 13:25:53.481 | INFO     | agents.servers.serverFedMSE:train_on_clients:54 - Client 15 gets new best val_loss at epoch #55: 0.002283
2025-11-01 13:25:53.766 | INFO     | agents.servers.serverFedMSE:train_on_clients:54 - Client 16 gets new best val_loss at epoch #55: 0.002368
2025-11-01 13:25:54.051 | INFO     | agents.servers.serverFedMSE:train_on_clients:54 - Client 17 gets new best val_loss at epoch #55: 0.002196
2025-11-01 13:25:54.339 | INFO     | agents.servers.serverFedMSE:train_on_clients:54 - Client 18 gets new best val_loss at epoch #55: 0.002678
2025-11-01 13:25:54.618 | INFO     | agents.servers.serverFedMSE:train_on_clients:54 - Client 19 gets new best val_loss at epoch #55: 0.002588
2025-11-01 13:25:54.620 | INFO     | agents.servers.serverFedMSE:train_on_clients:76 - 20 clients still training at epoch #55
2025-11-01 13:26:36.385 | INFO     | agents.servers.serverFedMSE:train_on_clients:32 - Training FedMSE model epoch #56
2025-11-01 13:26:36.663 | INFO     | agents.servers.serverFedMSE:train_on_clients:54 - Client 0 gets new best val_loss at epoch #56: 0.002054
2025-11-01 13:26:36.932 | INFO     | agents.servers.serverFedMSE:train_on_clients:54 - Client 1 gets new best val_loss at epoch #56: 0.002134
2025-11-01 13:26:37.212 | INFO     | agents.servers.serverFedMSE:train_on_clients:54 - Client 2 gets new best val_loss at epoch #56: 0.002043
2025-11-01 13:26:37.754 | INFO     | agents.servers.serverFedMSE:train_on_clients:54 - Client 4 gets new best val_loss at epoch #56: 0.002016
2025-11-01 13:26:38.295 | INFO     | agents.servers.serverFedMSE:train_on_clients:54 - Client 6 gets new best val_loss at epoch #56: 0.002014
2025-11-01 13:26:38.563 | INFO     | agents.servers.serverFedMSE:train_on_clients:54 - Client 7 gets new best val_loss at epoch #56: 0.001832
2025-11-01 13:26:38.845 | INFO     | agents.servers.serverFedMSE:train_on_clients:54 - Client 8 gets new best val_loss at epoch #56: 0.002237
2025-11-01 13:26:39.387 | INFO     | agents.servers.serverFedMSE:train_on_clients:54 - Client 10 gets new best val_loss at epoch #56: 0.002155
2025-11-01 13:26:39.658 | INFO     | agents.servers.serverFedMSE:train_on_clients:54 - Client 11 gets new best val_loss at epoch #56: 0.001850
2025-11-01 13:26:39.928 | INFO     | agents.servers.serverFedMSE:train_on_clients:54 - Client 12 gets new best val_loss at epoch #56: 0.002008
2025-11-01 13:26:40.194 | INFO     | agents.servers.serverFedMSE:train_on_clients:54 - Client 13 gets new best val_loss at epoch #56: 0.002058
2025-11-01 13:26:40.467 | INFO     | agents.servers.serverFedMSE:train_on_clients:54 - Client 14 gets new best val_loss at epoch #56: 0.002265
2025-11-01 13:26:40.733 | INFO     | agents.servers.serverFedMSE:train_on_clients:54 - Client 15 gets new best val_loss at epoch #56: 0.002040
2025-11-01 13:26:41.004 | INFO     | agents.servers.serverFedMSE:train_on_clients:54 - Client 16 gets new best val_loss at epoch #56: 0.002137
2025-11-01 13:26:41.543 | INFO     | agents.servers.serverFedMSE:train_on_clients:54 - Client 18 gets new best val_loss at epoch #56: 0.002362
2025-11-01 13:26:41.813 | INFO     | agents.servers.serverFedMSE:train_on_clients:54 - Client 19 gets new best val_loss at epoch #56: 0.002238
2025-11-01 13:26:41.815 | INFO     | agents.servers.serverFedMSE:train_on_clients:76 - 20 clients still training at epoch #56
2025-11-01 13:27:23.516 | INFO     | agents.servers.serverFedMSE:train_on_clients:32 - Training FedMSE model epoch #57
2025-11-01 13:27:23.787 | INFO     | agents.servers.serverFedMSE:train_on_clients:54 - Client 0 gets new best val_loss at epoch #57: 0.002019
2025-11-01 13:27:24.058 | INFO     | agents.servers.serverFedMSE:train_on_clients:54 - Client 1 gets new best val_loss at epoch #57: 0.001993
2025-11-01 13:27:24.342 | INFO     | agents.servers.serverFedMSE:train_on_clients:54 - Client 2 gets new best val_loss at epoch #57: 0.001974
2025-11-01 13:27:24.623 | INFO     | agents.servers.serverFedMSE:train_on_clients:54 - Client 3 gets new best val_loss at epoch #57: 0.001979
2025-11-01 13:27:24.909 | INFO     | agents.servers.serverFedMSE:train_on_clients:54 - Client 4 gets new best val_loss at epoch #57: 0.001855
2025-11-01 13:27:25.200 | INFO     | agents.servers.serverFedMSE:train_on_clients:54 - Client 5 gets new best val_loss at epoch #57: 0.001995
2025-11-01 13:27:25.479 | INFO     | agents.servers.serverFedMSE:train_on_clients:54 - Client 6 gets new best val_loss at epoch #57: 0.001849
2025-11-01 13:27:26.046 | INFO     | agents.servers.serverFedMSE:train_on_clients:54 - Client 8 gets new best val_loss at epoch #57: 0.002133
2025-11-01 13:27:26.331 | INFO     | agents.servers.serverFedMSE:train_on_clients:54 - Client 9 gets new best val_loss at epoch #57: 0.001897
2025-11-01 13:27:26.612 | INFO     | agents.servers.serverFedMSE:train_on_clients:54 - Client 10 gets new best val_loss at epoch #57: 0.002099
2025-11-01 13:27:26.892 | INFO     | agents.servers.serverFedMSE:train_on_clients:54 - Client 11 gets new best val_loss at epoch #57: 0.001739
2025-11-01 13:27:27.179 | INFO     | agents.servers.serverFedMSE:train_on_clients:54 - Client 12 gets new best val_loss at epoch #57: 0.001884
2025-11-01 13:27:27.742 | INFO     | agents.servers.serverFedMSE:train_on_clients:54 - Client 14 gets new best val_loss at epoch #57: 0.002182
2025-11-01 13:27:28.027 | INFO     | agents.servers.serverFedMSE:train_on_clients:54 - Client 15 gets new best val_loss at epoch #57: 0.002015
2025-11-01 13:27:28.309 | INFO     | agents.servers.serverFedMSE:train_on_clients:54 - Client 16 gets new best val_loss at epoch #57: 0.001895
2025-11-01 13:27:28.590 | INFO     | agents.servers.serverFedMSE:train_on_clients:54 - Client 17 gets new best val_loss at epoch #57: 0.001796
2025-11-01 13:27:28.873 | INFO     | agents.servers.serverFedMSE:train_on_clients:54 - Client 18 gets new best val_loss at epoch #57: 0.001948
2025-11-01 13:27:29.155 | INFO     | agents.servers.serverFedMSE:train_on_clients:54 - Client 19 gets new best val_loss at epoch #57: 0.002198
2025-11-01 13:27:29.156 | INFO     | agents.servers.serverFedMSE:train_on_clients:76 - 20 clients still training at epoch #57
2025-11-01 13:28:10.884 | INFO     | agents.servers.serverFedMSE:train_on_clients:32 - Training FedMSE model epoch #58
2025-11-01 13:28:11.168 | INFO     | agents.servers.serverFedMSE:train_on_clients:54 - Client 0 gets new best val_loss at epoch #58: 0.001950
2025-11-01 13:28:11.453 | INFO     | agents.servers.serverFedMSE:train_on_clients:54 - Client 1 gets new best val_loss at epoch #58: 0.001870
2025-11-01 13:28:11.735 | INFO     | agents.servers.serverFedMSE:train_on_clients:54 - Client 2 gets new best val_loss at epoch #58: 0.001870
2025-11-01 13:28:12.303 | INFO     | agents.servers.serverFedMSE:train_on_clients:54 - Client 4 gets new best val_loss at epoch #58: 0.001781
2025-11-01 13:28:12.589 | INFO     | agents.servers.serverFedMSE:train_on_clients:54 - Client 5 gets new best val_loss at epoch #58: 0.001823
2025-11-01 13:28:12.870 | INFO     | agents.servers.serverFedMSE:train_on_clients:54 - Client 6 gets new best val_loss at epoch #58: 0.001821
2025-11-01 13:28:13.432 | INFO     | agents.servers.serverFedMSE:train_on_clients:54 - Client 8 gets new best val_loss at epoch #58: 0.002108
2025-11-01 13:28:13.719 | INFO     | agents.servers.serverFedMSE:train_on_clients:54 - Client 9 gets new best val_loss at epoch #58: 0.001862
2025-11-01 13:28:14.002 | INFO     | agents.servers.serverFedMSE:train_on_clients:54 - Client 10 gets new best val_loss at epoch #58: 0.002005
2025-11-01 13:28:14.287 | INFO     | agents.servers.serverFedMSE:train_on_clients:54 - Client 11 gets new best val_loss at epoch #58: 0.001724
2025-11-01 13:28:14.578 | INFO     | agents.servers.serverFedMSE:train_on_clients:54 - Client 12 gets new best val_loss at epoch #58: 0.001687
2025-11-01 13:28:14.866 | INFO     | agents.servers.serverFedMSE:train_on_clients:54 - Client 13 gets new best val_loss at epoch #58: 0.001856
2025-11-01 13:28:15.149 | INFO     | agents.servers.serverFedMSE:train_on_clients:54 - Client 14 gets new best val_loss at epoch #58: 0.002181
2025-11-01 13:28:15.708 | INFO     | agents.servers.serverFedMSE:train_on_clients:54 - Client 16 gets new best val_loss at epoch #58: 0.001836
2025-11-01 13:28:16.515 | INFO     | agents.servers.serverFedMSE:train_on_clients:54 - Client 19 gets new best val_loss at epoch #58: 0.002029
2025-11-01 13:28:16.517 | INFO     | agents.servers.serverFedMSE:train_on_clients:76 - 20 clients still training at epoch #58
2025-11-01 13:28:57.905 | INFO     | agents.servers.serverFedMSE:train_on_clients:32 - Training FedMSE model epoch #59
2025-11-01 13:28:58.177 | INFO     | agents.servers.serverFedMSE:train_on_clients:54 - Client 0 gets new best val_loss at epoch #59: 0.001834
2025-11-01 13:28:58.748 | INFO     | agents.servers.serverFedMSE:train_on_clients:54 - Client 2 gets new best val_loss at epoch #59: 0.001786
2025-11-01 13:28:59.030 | INFO     | agents.servers.serverFedMSE:train_on_clients:54 - Client 3 gets new best val_loss at epoch #59: 0.001916
2025-11-01 13:28:59.313 | INFO     | agents.servers.serverFedMSE:train_on_clients:54 - Client 4 gets new best val_loss at epoch #59: 0.001728
2025-11-01 13:28:59.878 | INFO     | agents.servers.serverFedMSE:train_on_clients:54 - Client 6 gets new best val_loss at epoch #59: 0.001787
2025-11-01 13:29:00.161 | INFO     | agents.servers.serverFedMSE:train_on_clients:54 - Client 7 gets new best val_loss at epoch #59: 0.001549
2025-11-01 13:29:00.444 | INFO     | agents.servers.serverFedMSE:train_on_clients:54 - Client 8 gets new best val_loss at epoch #59: 0.002090
2025-11-01 13:29:00.725 | INFO     | agents.servers.serverFedMSE:train_on_clients:54 - Client 9 gets new best val_loss at epoch #59: 0.001800
2025-11-01 13:29:01.006 | INFO     | agents.servers.serverFedMSE:train_on_clients:54 - Client 10 gets new best val_loss at epoch #59: 0.001858
2025-11-01 13:29:01.291 | INFO     | agents.servers.serverFedMSE:train_on_clients:54 - Client 11 gets new best val_loss at epoch #59: 0.001611
2025-11-01 13:29:01.577 | INFO     | agents.servers.serverFedMSE:train_on_clients:54 - Client 12 gets new best val_loss at epoch #59: 0.001649
2025-11-01 13:29:01.862 | INFO     | agents.servers.serverFedMSE:train_on_clients:54 - Client 13 gets new best val_loss at epoch #59: 0.001717
2025-11-01 13:29:02.140 | INFO     | agents.servers.serverFedMSE:train_on_clients:54 - Client 14 gets new best val_loss at epoch #59: 0.001920
2025-11-01 13:29:02.424 | INFO     | agents.servers.serverFedMSE:train_on_clients:54 - Client 15 gets new best val_loss at epoch #59: 0.001805
2025-11-01 13:29:02.711 | INFO     | agents.servers.serverFedMSE:train_on_clients:54 - Client 16 gets new best val_loss at epoch #59: 0.001834
2025-11-01 13:29:02.994 | INFO     | agents.servers.serverFedMSE:train_on_clients:54 - Client 17 gets new best val_loss at epoch #59: 0.001684
2025-11-01 13:29:03.277 | INFO     | agents.servers.serverFedMSE:train_on_clients:54 - Client 18 gets new best val_loss at epoch #59: 0.001823
2025-11-01 13:29:03.562 | INFO     | agents.servers.serverFedMSE:train_on_clients:54 - Client 19 gets new best val_loss at epoch #59: 0.001997
2025-11-01 13:29:03.563 | INFO     | agents.servers.serverFedMSE:train_on_clients:76 - 20 clients still training at epoch #59
2025-11-01 13:29:44.960 | INFO     | agents.servers.serverFedMSE:train_on_clients:32 - Training FedMSE model epoch #60
2025-11-01 13:29:45.239 | INFO     | agents.servers.serverFedMSE:train_on_clients:54 - Client 0 gets new best val_loss at epoch #60: 0.001754
2025-11-01 13:29:45.240 | INFO     | agents.servers.serverFedMSE:train_on_clients:70 - Saved model for client 0 at epoch 60 -> saved_models/FedMSE/FedMSE/wsn_ds/epoch_60_client_0.pt
2025-11-01 13:29:45.526 | INFO     | agents.servers.serverFedMSE:train_on_clients:70 - Saved model for client 1 at epoch 60 -> saved_models/FedMSE/FedMSE/wsn_ds/epoch_60_client_1.pt
2025-11-01 13:29:45.812 | INFO     | agents.servers.serverFedMSE:train_on_clients:70 - Saved model for client 2 at epoch 60 -> saved_models/FedMSE/FedMSE/wsn_ds/epoch_60_client_2.pt
2025-11-01 13:29:46.095 | INFO     | agents.servers.serverFedMSE:train_on_clients:54 - Client 3 gets new best val_loss at epoch #60: 0.001895
2025-11-01 13:29:46.097 | INFO     | agents.servers.serverFedMSE:train_on_clients:70 - Saved model for client 3 at epoch 60 -> saved_models/FedMSE/FedMSE/wsn_ds/epoch_60_client_3.pt
2025-11-01 13:29:46.383 | INFO     | agents.servers.serverFedMSE:train_on_clients:54 - Client 4 gets new best val_loss at epoch #60: 0.001718
2025-11-01 13:29:46.385 | INFO     | agents.servers.serverFedMSE:train_on_clients:70 - Saved model for client 4 at epoch 60 -> saved_models/FedMSE/FedMSE/wsn_ds/epoch_60_client_4.pt
2025-11-01 13:29:46.667 | INFO     | agents.servers.serverFedMSE:train_on_clients:54 - Client 5 gets new best val_loss at epoch #60: 0.001776
2025-11-01 13:29:46.669 | INFO     | agents.servers.serverFedMSE:train_on_clients:70 - Saved model for client 5 at epoch 60 -> saved_models/FedMSE/FedMSE/wsn_ds/epoch_60_client_5.pt
2025-11-01 13:29:46.955 | INFO     | agents.servers.serverFedMSE:train_on_clients:54 - Client 6 gets new best val_loss at epoch #60: 0.001766
2025-11-01 13:29:46.956 | INFO     | agents.servers.serverFedMSE:train_on_clients:70 - Saved model for client 6 at epoch 60 -> saved_models/FedMSE/FedMSE/wsn_ds/epoch_60_client_6.pt
2025-11-01 13:29:47.236 | INFO     | agents.servers.serverFedMSE:train_on_clients:70 - Saved model for client 7 at epoch 60 -> saved_models/FedMSE/FedMSE/wsn_ds/epoch_60_client_7.pt
2025-11-01 13:29:47.527 | INFO     | agents.servers.serverFedMSE:train_on_clients:54 - Client 8 gets new best val_loss at epoch #60: 0.001908
2025-11-01 13:29:47.529 | INFO     | agents.servers.serverFedMSE:train_on_clients:70 - Saved model for client 8 at epoch 60 -> saved_models/FedMSE/FedMSE/wsn_ds/epoch_60_client_8.pt
2025-11-01 13:29:47.820 | INFO     | agents.servers.serverFedMSE:train_on_clients:54 - Client 9 gets new best val_loss at epoch #60: 0.001794
2025-11-01 13:29:47.822 | INFO     | agents.servers.serverFedMSE:train_on_clients:70 - Saved model for client 9 at epoch 60 -> saved_models/FedMSE/FedMSE/wsn_ds/epoch_60_client_9.pt
2025-11-01 13:29:48.105 | INFO     | agents.servers.serverFedMSE:train_on_clients:54 - Client 10 gets new best val_loss at epoch #60: 0.001758
2025-11-01 13:29:48.107 | INFO     | agents.servers.serverFedMSE:train_on_clients:70 - Saved model for client 10 at epoch 60 -> saved_models/FedMSE/FedMSE/wsn_ds/epoch_60_client_10.pt
2025-11-01 13:29:48.397 | INFO     | agents.servers.serverFedMSE:train_on_clients:70 - Saved model for client 11 at epoch 60 -> saved_models/FedMSE/FedMSE/wsn_ds/epoch_60_client_11.pt
2025-11-01 13:29:48.677 | INFO     | agents.servers.serverFedMSE:train_on_clients:54 - Client 12 gets new best val_loss at epoch #60: 0.001578
2025-11-01 13:29:48.679 | INFO     | agents.servers.serverFedMSE:train_on_clients:70 - Saved model for client 12 at epoch 60 -> saved_models/FedMSE/FedMSE/wsn_ds/epoch_60_client_12.pt
2025-11-01 13:29:48.966 | INFO     | agents.servers.serverFedMSE:train_on_clients:70 - Saved model for client 13 at epoch 60 -> saved_models/FedMSE/FedMSE/wsn_ds/epoch_60_client_13.pt
2025-11-01 13:29:49.251 | INFO     | agents.servers.serverFedMSE:train_on_clients:70 - Saved model for client 14 at epoch 60 -> saved_models/FedMSE/FedMSE/wsn_ds/epoch_60_client_14.pt
2025-11-01 13:29:49.536 | INFO     | agents.servers.serverFedMSE:train_on_clients:54 - Client 15 gets new best val_loss at epoch #60: 0.001769
2025-11-01 13:29:49.538 | INFO     | agents.servers.serverFedMSE:train_on_clients:70 - Saved model for client 15 at epoch 60 -> saved_models/FedMSE/FedMSE/wsn_ds/epoch_60_client_15.pt
2025-11-01 13:29:49.829 | INFO     | agents.servers.serverFedMSE:train_on_clients:54 - Client 16 gets new best val_loss at epoch #60: 0.001781
2025-11-01 13:29:49.831 | INFO     | agents.servers.serverFedMSE:train_on_clients:70 - Saved model for client 16 at epoch 60 -> saved_models/FedMSE/FedMSE/wsn_ds/epoch_60_client_16.pt
2025-11-01 13:29:50.115 | INFO     | agents.servers.serverFedMSE:train_on_clients:70 - Saved model for client 17 at epoch 60 -> saved_models/FedMSE/FedMSE/wsn_ds/epoch_60_client_17.pt
2025-11-01 13:29:50.407 | INFO     | agents.servers.serverFedMSE:train_on_clients:70 - Saved model for client 18 at epoch 60 -> saved_models/FedMSE/FedMSE/wsn_ds/epoch_60_client_18.pt
2025-11-01 13:29:50.704 | INFO     | agents.servers.serverFedMSE:train_on_clients:54 - Client 19 gets new best val_loss at epoch #60: 0.001941
2025-11-01 13:29:50.706 | INFO     | agents.servers.serverFedMSE:train_on_clients:70 - Saved model for client 19 at epoch 60 -> saved_models/FedMSE/FedMSE/wsn_ds/epoch_60_client_19.pt
2025-11-01 13:29:50.708 | INFO     | agents.servers.serverFedMSE:train_on_clients:76 - 20 clients still training at epoch #60
2025-11-01 13:30:32.191 | INFO     | agents.servers.serverFedMSE:train_on_clients:32 - Training FedMSE model epoch #61
2025-11-01 13:30:32.489 | INFO     | agents.servers.serverFedMSE:train_on_clients:54 - Client 0 gets new best val_loss at epoch #61: 0.001676
2025-11-01 13:30:32.773 | INFO     | agents.servers.serverFedMSE:train_on_clients:54 - Client 1 gets new best val_loss at epoch #61: 0.001859
2025-11-01 13:30:33.046 | INFO     | agents.servers.serverFedMSE:train_on_clients:54 - Client 2 gets new best val_loss at epoch #61: 0.001771
2025-11-01 13:30:33.847 | INFO     | agents.servers.serverFedMSE:train_on_clients:54 - Client 5 gets new best val_loss at epoch #61: 0.001750
2025-11-01 13:30:34.118 | INFO     | agents.servers.serverFedMSE:train_on_clients:54 - Client 6 gets new best val_loss at epoch #61: 0.001656
2025-11-01 13:30:34.927 | INFO     | agents.servers.serverFedMSE:train_on_clients:54 - Client 9 gets new best val_loss at epoch #61: 0.001791
2025-11-01 13:30:35.995 | INFO     | agents.servers.serverFedMSE:train_on_clients:54 - Client 13 gets new best val_loss at epoch #61: 0.001613
2025-11-01 13:30:36.266 | INFO     | agents.servers.serverFedMSE:train_on_clients:54 - Client 14 gets new best val_loss at epoch #61: 0.001858
2025-11-01 13:30:37.097 | INFO     | agents.servers.serverFedMSE:train_on_clients:54 - Client 17 gets new best val_loss at epoch #61: 0.001663
2025-11-01 13:30:37.383 | INFO     | agents.servers.serverFedMSE:train_on_clients:54 - Client 18 gets new best val_loss at epoch #61: 0.001797
2025-11-01 13:30:37.666 | INFO     | agents.servers.serverFedMSE:train_on_clients:54 - Client 19 gets new best val_loss at epoch #61: 0.001859
2025-11-01 13:30:37.668 | INFO     | agents.servers.serverFedMSE:train_on_clients:76 - 20 clients still training at epoch #61
2025-11-01 13:31:13.410 | INFO     | agents.servers.serverFedMSE:train_on_clients:32 - Training FedMSE model epoch #62
2025-11-01 13:31:13.698 | INFO     | agents.servers.serverFedMSE:train_on_clients:54 - Client 0 gets new best val_loss at epoch #62: 0.001668
2025-11-01 13:31:13.982 | INFO     | agents.servers.serverFedMSE:train_on_clients:54 - Client 1 gets new best val_loss at epoch #62: 0.001721
2025-11-01 13:31:14.266 | INFO     | agents.servers.serverFedMSE:train_on_clients:54 - Client 2 gets new best val_loss at epoch #62: 0.001734
2025-11-01 13:31:14.549 | INFO     | agents.servers.serverFedMSE:train_on_clients:54 - Client 3 gets new best val_loss at epoch #62: 0.001799
2025-11-01 13:31:14.832 | INFO     | agents.servers.serverFedMSE:train_on_clients:54 - Client 4 gets new best val_loss at epoch #62: 0.001685
2025-11-01 13:31:15.119 | INFO     | agents.servers.serverFedMSE:train_on_clients:54 - Client 5 gets new best val_loss at epoch #62: 0.001668
2025-11-01 13:31:15.680 | INFO     | agents.servers.serverFedMSE:train_on_clients:54 - Client 7 gets new best val_loss at epoch #62: 0.001487
2025-11-01 13:31:15.962 | INFO     | agents.servers.serverFedMSE:train_on_clients:54 - Client 8 gets new best val_loss at epoch #62: 0.001875
2025-11-01 13:31:16.246 | INFO     | agents.servers.serverFedMSE:train_on_clients:54 - Client 9 gets new best val_loss at epoch #62: 0.001784
2025-11-01 13:31:16.815 | INFO     | agents.servers.serverFedMSE:train_on_clients:54 - Client 11 gets new best val_loss at epoch #62: 0.001563
2025-11-01 13:31:17.669 | INFO     | agents.servers.serverFedMSE:train_on_clients:54 - Client 14 gets new best val_loss at epoch #62: 0.001791
2025-11-01 13:31:18.233 | INFO     | agents.servers.serverFedMSE:train_on_clients:54 - Client 16 gets new best val_loss at epoch #62: 0.001741
2025-11-01 13:31:18.518 | INFO     | agents.servers.serverFedMSE:train_on_clients:54 - Client 17 gets new best val_loss at epoch #62: 0.001620
2025-11-01 13:31:18.798 | INFO     | agents.servers.serverFedMSE:train_on_clients:54 - Client 18 gets new best val_loss at epoch #62: 0.001670
2025-11-01 13:31:19.085 | INFO     | agents.servers.serverFedMSE:train_on_clients:54 - Client 19 gets new best val_loss at epoch #62: 0.001782
2025-11-01 13:31:19.086 | INFO     | agents.servers.serverFedMSE:train_on_clients:76 - 20 clients still training at epoch #62
2025-11-01 13:32:00.664 | INFO     | agents.servers.serverFedMSE:train_on_clients:32 - Training FedMSE model epoch #63
2025-11-01 13:32:00.950 | INFO     | agents.servers.serverFedMSE:train_on_clients:54 - Client 0 gets new best val_loss at epoch #63: 0.001569
2025-11-01 13:32:01.518 | INFO     | agents.servers.serverFedMSE:train_on_clients:54 - Client 2 gets new best val_loss at epoch #63: 0.001530
2025-11-01 13:32:01.802 | INFO     | agents.servers.serverFedMSE:train_on_clients:54 - Client 3 gets new best val_loss at epoch #63: 0.001733
2025-11-01 13:32:02.372 | INFO     | agents.servers.serverFedMSE:train_on_clients:54 - Client 5 gets new best val_loss at epoch #63: 0.001655
2025-11-01 13:32:02.656 | INFO     | agents.servers.serverFedMSE:train_on_clients:54 - Client 6 gets new best val_loss at epoch #63: 0.001592
2025-11-01 13:32:03.222 | INFO     | agents.servers.serverFedMSE:train_on_clients:54 - Client 8 gets new best val_loss at epoch #63: 0.001772
2025-11-01 13:32:03.801 | INFO     | agents.servers.serverFedMSE:train_on_clients:54 - Client 10 gets new best val_loss at epoch #63: 0.001605
2025-11-01 13:32:04.085 | INFO     | agents.servers.serverFedMSE:train_on_clients:54 - Client 11 gets new best val_loss at epoch #63: 0.001449
2025-11-01 13:32:04.374 | INFO     | agents.servers.serverFedMSE:train_on_clients:54 - Client 12 gets new best val_loss at epoch #63: 0.001502
2025-11-01 13:32:04.657 | INFO     | agents.servers.serverFedMSE:train_on_clients:54 - Client 13 gets new best val_loss at epoch #63: 0.001552
2025-11-01 13:32:04.946 | INFO     | agents.servers.serverFedMSE:train_on_clients:54 - Client 14 gets new best val_loss at epoch #63: 0.001753
2025-11-01 13:32:05.521 | INFO     | agents.servers.serverFedMSE:train_on_clients:54 - Client 16 gets new best val_loss at epoch #63: 0.001621
2025-11-01 13:32:05.806 | INFO     | agents.servers.serverFedMSE:train_on_clients:54 - Client 17 gets new best val_loss at epoch #63: 0.001463
2025-11-01 13:32:06.381 | INFO     | agents.servers.serverFedMSE:train_on_clients:54 - Client 19 gets new best val_loss at epoch #63: 0.001710
2025-11-01 13:32:06.383 | INFO     | agents.servers.serverFedMSE:train_on_clients:76 - 20 clients still training at epoch #63
2025-11-01 13:32:47.812 | INFO     | agents.servers.serverFedMSE:train_on_clients:32 - Training FedMSE model epoch #64
2025-11-01 13:32:48.377 | INFO     | agents.servers.serverFedMSE:train_on_clients:54 - Client 1 gets new best val_loss at epoch #64: 0.001664
2025-11-01 13:32:49.224 | INFO     | agents.servers.serverFedMSE:train_on_clients:54 - Client 4 gets new best val_loss at epoch #64: 0.001563
2025-11-01 13:32:49.506 | INFO     | agents.servers.serverFedMSE:train_on_clients:54 - Client 5 gets new best val_loss at epoch #64: 0.001578
2025-11-01 13:32:50.076 | INFO     | agents.servers.serverFedMSE:train_on_clients:54 - Client 7 gets new best val_loss at epoch #64: 0.001434
2025-11-01 13:32:50.646 | INFO     | agents.servers.serverFedMSE:train_on_clients:54 - Client 9 gets new best val_loss at epoch #64: 0.001577
2025-11-01 13:32:50.929 | INFO     | agents.servers.serverFedMSE:train_on_clients:54 - Client 10 gets new best val_loss at epoch #64: 0.001561
2025-11-01 13:32:51.778 | INFO     | agents.servers.serverFedMSE:train_on_clients:54 - Client 13 gets new best val_loss at epoch #64: 0.001512
2025-11-01 13:32:52.064 | INFO     | agents.servers.serverFedMSE:train_on_clients:54 - Client 14 gets new best val_loss at epoch #64: 0.001740
2025-11-01 13:32:53.489 | INFO     | agents.servers.serverFedMSE:train_on_clients:54 - Client 19 gets new best val_loss at epoch #64: 0.001660
2025-11-01 13:32:53.491 | INFO     | agents.servers.serverFedMSE:train_on_clients:76 - 20 clients still training at epoch #64
2025-11-01 13:33:34.940 | INFO     | agents.servers.serverFedMSE:train_on_clients:32 - Training FedMSE model epoch #65
2025-11-01 13:33:35.508 | INFO     | agents.servers.serverFedMSE:train_on_clients:54 - Client 1 gets new best val_loss at epoch #65: 0.001646
2025-11-01 13:33:35.794 | INFO     | agents.servers.serverFedMSE:train_on_clients:54 - Client 2 gets new best val_loss at epoch #65: 0.001521
2025-11-01 13:33:36.080 | INFO     | agents.servers.serverFedMSE:train_on_clients:54 - Client 3 gets new best val_loss at epoch #65: 0.001711
2025-11-01 13:33:36.935 | INFO     | agents.servers.serverFedMSE:train_on_clients:54 - Client 6 gets new best val_loss at epoch #65: 0.001532
2025-11-01 13:33:37.220 | INFO     | agents.servers.serverFedMSE:train_on_clients:54 - Client 7 gets new best val_loss at epoch #65: 0.001299
2025-11-01 13:33:37.504 | INFO     | agents.servers.serverFedMSE:train_on_clients:54 - Client 8 gets new best val_loss at epoch #65: 0.001714
2025-11-01 13:33:37.788 | INFO     | agents.servers.serverFedMSE:train_on_clients:54 - Client 9 gets new best val_loss at epoch #65: 0.001503
2025-11-01 13:33:38.072 | INFO     | agents.servers.serverFedMSE:train_on_clients:54 - Client 10 gets new best val_loss at epoch #65: 0.001505
2025-11-01 13:33:38.929 | INFO     | agents.servers.serverFedMSE:train_on_clients:54 - Client 13 gets new best val_loss at epoch #65: 0.001458
2025-11-01 13:33:39.499 | INFO     | agents.servers.serverFedMSE:train_on_clients:54 - Client 15 gets new best val_loss at epoch #65: 0.001732
2025-11-01 13:33:39.785 | INFO     | agents.servers.serverFedMSE:train_on_clients:54 - Client 16 gets new best val_loss at epoch #65: 0.001605
2025-11-01 13:33:40.071 | INFO     | agents.servers.serverFedMSE:train_on_clients:54 - Client 17 gets new best val_loss at epoch #65: 0.001416
2025-11-01 13:33:40.647 | INFO     | agents.servers.serverFedMSE:train_on_clients:76 - 20 clients still training at epoch #65
2025-11-01 13:34:22.107 | INFO     | agents.servers.serverFedMSE:train_on_clients:32 - Training FedMSE model epoch #66
2025-11-01 13:34:22.392 | INFO     | agents.servers.serverFedMSE:train_on_clients:54 - Client 0 gets new best val_loss at epoch #66: 0.001486
2025-11-01 13:34:22.674 | INFO     | agents.servers.serverFedMSE:train_on_clients:54 - Client 1 gets new best val_loss at epoch #66: 0.001594
2025-11-01 13:34:22.960 | INFO     | agents.servers.serverFedMSE:train_on_clients:54 - Client 2 gets new best val_loss at epoch #66: 0.001474
2025-11-01 13:34:23.527 | INFO     | agents.servers.serverFedMSE:train_on_clients:54 - Client 4 gets new best val_loss at epoch #66: 0.001546
2025-11-01 13:34:23.812 | INFO     | agents.servers.serverFedMSE:train_on_clients:54 - Client 5 gets new best val_loss at epoch #66: 0.001497
2025-11-01 13:34:24.664 | INFO     | agents.servers.serverFedMSE:train_on_clients:54 - Client 8 gets new best val_loss at epoch #66: 0.001710
2025-11-01 13:34:25.509 | INFO     | agents.servers.serverFedMSE:train_on_clients:54 - Client 11 gets new best val_loss at epoch #66: 0.001351
2025-11-01 13:34:25.793 | INFO     | agents.servers.serverFedMSE:train_on_clients:54 - Client 12 gets new best val_loss at epoch #66: 0.001377
2025-11-01 13:34:26.633 | INFO     | agents.servers.serverFedMSE:train_on_clients:54 - Client 15 gets new best val_loss at epoch #66: 0.001579
2025-11-01 13:34:27.488 | INFO     | agents.servers.serverFedMSE:train_on_clients:54 - Client 18 gets new best val_loss at epoch #66: 0.001667
2025-11-01 13:34:27.770 | INFO     | agents.servers.serverFedMSE:train_on_clients:76 - 20 clients still training at epoch #66
2025-11-01 13:35:09.135 | INFO     | agents.servers.serverFedMSE:train_on_clients:32 - Training FedMSE model epoch #67
2025-11-01 13:35:09.419 | INFO     | agents.servers.serverFedMSE:train_on_clients:54 - Client 0 gets new best val_loss at epoch #67: 0.001410
2025-11-01 13:35:09.704 | INFO     | agents.servers.serverFedMSE:train_on_clients:54 - Client 1 gets new best val_loss at epoch #67: 0.001555
2025-11-01 13:35:10.269 | INFO     | agents.servers.serverFedMSE:train_on_clients:54 - Client 3 gets new best val_loss at epoch #67: 0.001504
2025-11-01 13:35:11.119 | INFO     | agents.servers.serverFedMSE:train_on_clients:54 - Client 6 gets new best val_loss at epoch #67: 0.001503
2025-11-01 13:35:11.677 | INFO     | agents.servers.serverFedMSE:train_on_clients:54 - Client 8 gets new best val_loss at epoch #67: 0.001548
2025-11-01 13:35:12.241 | INFO     | agents.servers.serverFedMSE:train_on_clients:54 - Client 10 gets new best val_loss at epoch #67: 0.001489
2025-11-01 13:35:13.083 | INFO     | agents.servers.serverFedMSE:train_on_clients:54 - Client 13 gets new best val_loss at epoch #67: 0.001358
2025-11-01 13:35:13.370 | INFO     | agents.servers.serverFedMSE:train_on_clients:54 - Client 14 gets new best val_loss at epoch #67: 0.001566
2025-11-01 13:35:13.936 | INFO     | agents.servers.serverFedMSE:train_on_clients:54 - Client 16 gets new best val_loss at epoch #67: 0.001496
2025-11-01 13:35:14.775 | INFO     | agents.servers.serverFedMSE:train_on_clients:54 - Client 19 gets new best val_loss at epoch #67: 0.001584
2025-11-01 13:35:14.777 | INFO     | agents.servers.serverFedMSE:train_on_clients:76 - 20 clients still training at epoch #67
2025-11-01 13:35:56.238 | INFO     | agents.servers.serverFedMSE:train_on_clients:32 - Training FedMSE model epoch #68
2025-11-01 13:35:57.080 | INFO     | agents.servers.serverFedMSE:train_on_clients:54 - Client 2 gets new best val_loss at epoch #68: 0.001459
2025-11-01 13:35:57.642 | INFO     | agents.servers.serverFedMSE:train_on_clients:54 - Client 4 gets new best val_loss at epoch #68: 0.001490
2025-11-01 13:35:57.930 | INFO     | agents.servers.serverFedMSE:train_on_clients:54 - Client 5 gets new best val_loss at epoch #68: 0.001448
2025-11-01 13:35:58.500 | INFO     | agents.servers.serverFedMSE:train_on_clients:54 - Client 7 gets new best val_loss at epoch #68: 0.001220
2025-11-01 13:35:59.069 | INFO     | agents.servers.serverFedMSE:train_on_clients:54 - Client 9 gets new best val_loss at epoch #68: 0.001454
2025-11-01 13:35:59.352 | INFO     | agents.servers.serverFedMSE:train_on_clients:54 - Client 10 gets new best val_loss at epoch #68: 0.001462
2025-11-01 13:35:59.638 | INFO     | agents.servers.serverFedMSE:train_on_clients:54 - Client 11 gets new best val_loss at epoch #68: 0.001289
2025-11-01 13:35:59.923 | INFO     | agents.servers.serverFedMSE:train_on_clients:54 - Client 12 gets new best val_loss at epoch #68: 0.001302
2025-11-01 13:36:00.772 | INFO     | agents.servers.serverFedMSE:train_on_clients:54 - Client 15 gets new best val_loss at epoch #68: 0.001442
2025-11-01 13:36:01.618 | INFO     | agents.servers.serverFedMSE:train_on_clients:54 - Client 18 gets new best val_loss at epoch #68: 0.001577
2025-11-01 13:36:01.901 | INFO     | agents.servers.serverFedMSE:train_on_clients:54 - Client 19 gets new best val_loss at epoch #68: 0.001531
2025-11-01 13:36:01.903 | INFO     | agents.servers.serverFedMSE:train_on_clients:76 - 20 clients still training at epoch #68
2025-11-01 13:36:43.224 | INFO     | agents.servers.serverFedMSE:train_on_clients:32 - Training FedMSE model epoch #69
2025-11-01 13:36:43.509 | INFO     | agents.servers.serverFedMSE:train_on_clients:54 - Client 0 gets new best val_loss at epoch #69: 0.001373
2025-11-01 13:36:43.793 | INFO     | agents.servers.serverFedMSE:train_on_clients:54 - Client 1 gets new best val_loss at epoch #69: 0.001459
2025-11-01 13:36:44.082 | INFO     | agents.servers.serverFedMSE:train_on_clients:54 - Client 2 gets new best val_loss at epoch #69: 0.001335
2025-11-01 13:36:44.371 | INFO     | agents.servers.serverFedMSE:train_on_clients:54 - Client 3 gets new best val_loss at epoch #69: 0.001444
2025-11-01 13:36:45.209 | INFO     | agents.servers.serverFedMSE:train_on_clients:54 - Client 6 gets new best val_loss at epoch #69: 0.001422
2025-11-01 13:36:45.494 | INFO     | agents.servers.serverFedMSE:train_on_clients:54 - Client 7 gets new best val_loss at epoch #69: 0.001214
2025-11-01 13:36:47.186 | INFO     | agents.servers.serverFedMSE:train_on_clients:54 - Client 13 gets new best val_loss at epoch #69: 0.001351
2025-11-01 13:36:47.469 | INFO     | agents.servers.serverFedMSE:train_on_clients:54 - Client 14 gets new best val_loss at epoch #69: 0.001533
2025-11-01 13:36:48.030 | INFO     | agents.servers.serverFedMSE:train_on_clients:54 - Client 16 gets new best val_loss at epoch #69: 0.001429
2025-11-01 13:36:48.590 | INFO     | agents.servers.serverFedMSE:train_on_clients:54 - Client 18 gets new best val_loss at epoch #69: 0.001444
2025-11-01 13:36:48.880 | INFO     | agents.servers.serverFedMSE:train_on_clients:76 - 20 clients still training at epoch #69
2025-11-01 13:37:30.217 | INFO     | agents.servers.serverFedMSE:train_on_clients:32 - Training FedMSE model epoch #70
2025-11-01 13:37:30.497 | INFO     | agents.servers.serverFedMSE:train_on_clients:70 - Saved model for client 0 at epoch 70 -> saved_models/FedMSE/FedMSE/wsn_ds/epoch_70_client_0.pt
2025-11-01 13:37:30.778 | INFO     | agents.servers.serverFedMSE:train_on_clients:70 - Saved model for client 1 at epoch 70 -> saved_models/FedMSE/FedMSE/wsn_ds/epoch_70_client_1.pt
2025-11-01 13:37:31.060 | INFO     | agents.servers.serverFedMSE:train_on_clients:70 - Saved model for client 2 at epoch 70 -> saved_models/FedMSE/FedMSE/wsn_ds/epoch_70_client_2.pt
2025-11-01 13:37:31.344 | INFO     | agents.servers.serverFedMSE:train_on_clients:70 - Saved model for client 3 at epoch 70 -> saved_models/FedMSE/FedMSE/wsn_ds/epoch_70_client_3.pt
2025-11-01 13:37:31.630 | INFO     | agents.servers.serverFedMSE:train_on_clients:54 - Client 4 gets new best val_loss at epoch #70: 0.001480
2025-11-01 13:37:31.632 | INFO     | agents.servers.serverFedMSE:train_on_clients:70 - Saved model for client 4 at epoch 70 -> saved_models/FedMSE/FedMSE/wsn_ds/epoch_70_client_4.pt
2025-11-01 13:37:31.913 | INFO     | agents.servers.serverFedMSE:train_on_clients:54 - Client 5 gets new best val_loss at epoch #70: 0.001420
2025-11-01 13:37:31.914 | INFO     | agents.servers.serverFedMSE:train_on_clients:70 - Saved model for client 5 at epoch 70 -> saved_models/FedMSE/FedMSE/wsn_ds/epoch_70_client_5.pt
2025-11-01 13:37:32.204 | INFO     | agents.servers.serverFedMSE:train_on_clients:54 - Client 6 gets new best val_loss at epoch #70: 0.001332
2025-11-01 13:37:32.205 | INFO     | agents.servers.serverFedMSE:train_on_clients:70 - Saved model for client 6 at epoch 70 -> saved_models/FedMSE/FedMSE/wsn_ds/epoch_70_client_6.pt
2025-11-01 13:37:32.489 | INFO     | agents.servers.serverFedMSE:train_on_clients:54 - Client 7 gets new best val_loss at epoch #70: 0.001134
2025-11-01 13:37:32.491 | INFO     | agents.servers.serverFedMSE:train_on_clients:70 - Saved model for client 7 at epoch 70 -> saved_models/FedMSE/FedMSE/wsn_ds/epoch_70_client_7.pt
2025-11-01 13:37:32.772 | INFO     | agents.servers.serverFedMSE:train_on_clients:54 - Client 8 gets new best val_loss at epoch #70: 0.001450
2025-11-01 13:37:32.773 | INFO     | agents.servers.serverFedMSE:train_on_clients:70 - Saved model for client 8 at epoch 70 -> saved_models/FedMSE/FedMSE/wsn_ds/epoch_70_client_8.pt
2025-11-01 13:37:33.061 | INFO     | agents.servers.serverFedMSE:train_on_clients:54 - Client 9 gets new best val_loss at epoch #70: 0.001448
2025-11-01 13:37:33.063 | INFO     | agents.servers.serverFedMSE:train_on_clients:70 - Saved model for client 9 at epoch 70 -> saved_models/FedMSE/FedMSE/wsn_ds/epoch_70_client_9.pt
2025-11-01 13:37:33.346 | INFO     | agents.servers.serverFedMSE:train_on_clients:70 - Saved model for client 10 at epoch 70 -> saved_models/FedMSE/FedMSE/wsn_ds/epoch_70_client_10.pt
2025-11-01 13:37:33.629 | INFO     | agents.servers.serverFedMSE:train_on_clients:70 - Saved model for client 11 at epoch 70 -> saved_models/FedMSE/FedMSE/wsn_ds/epoch_70_client_11.pt
2025-11-01 13:37:33.908 | INFO     | agents.servers.serverFedMSE:train_on_clients:54 - Client 12 gets new best val_loss at epoch #70: 0.001283
2025-11-01 13:37:33.910 | INFO     | agents.servers.serverFedMSE:train_on_clients:70 - Saved model for client 12 at epoch 70 -> saved_models/FedMSE/FedMSE/wsn_ds/epoch_70_client_12.pt
2025-11-01 13:37:34.193 | INFO     | agents.servers.serverFedMSE:train_on_clients:70 - Saved model for client 13 at epoch 70 -> saved_models/FedMSE/FedMSE/wsn_ds/epoch_70_client_13.pt
2025-11-01 13:37:34.474 | INFO     | agents.servers.serverFedMSE:train_on_clients:54 - Client 14 gets new best val_loss at epoch #70: 0.001519
2025-11-01 13:37:34.476 | INFO     | agents.servers.serverFedMSE:train_on_clients:70 - Saved model for client 14 at epoch 70 -> saved_models/FedMSE/FedMSE/wsn_ds/epoch_70_client_14.pt
2025-11-01 13:37:34.757 | INFO     | agents.servers.serverFedMSE:train_on_clients:54 - Client 15 gets new best val_loss at epoch #70: 0.001420
2025-11-01 13:37:34.759 | INFO     | agents.servers.serverFedMSE:train_on_clients:70 - Saved model for client 15 at epoch 70 -> saved_models/FedMSE/FedMSE/wsn_ds/epoch_70_client_15.pt
2025-11-01 13:37:35.044 | INFO     | agents.servers.serverFedMSE:train_on_clients:70 - Saved model for client 16 at epoch 70 -> saved_models/FedMSE/FedMSE/wsn_ds/epoch_70_client_16.pt
2025-11-01 13:37:35.331 | INFO     | agents.servers.serverFedMSE:train_on_clients:54 - Client 17 gets new best val_loss at epoch #70: 0.001329
2025-11-01 13:37:35.332 | INFO     | agents.servers.serverFedMSE:train_on_clients:70 - Saved model for client 17 at epoch 70 -> saved_models/FedMSE/FedMSE/wsn_ds/epoch_70_client_17.pt
2025-11-01 13:37:35.618 | INFO     | agents.servers.serverFedMSE:train_on_clients:54 - Client 18 gets new best val_loss at epoch #70: 0.001294
2025-11-01 13:37:35.619 | INFO     | agents.servers.serverFedMSE:train_on_clients:70 - Saved model for client 18 at epoch 70 -> saved_models/FedMSE/FedMSE/wsn_ds/epoch_70_client_18.pt
2025-11-01 13:37:35.898 | INFO     | agents.servers.serverFedMSE:train_on_clients:70 - Saved model for client 19 at epoch 70 -> saved_models/FedMSE/FedMSE/wsn_ds/epoch_70_client_19.pt
2025-11-01 13:37:35.900 | INFO     | agents.servers.serverFedMSE:train_on_clients:76 - 20 clients still training at epoch #70
2025-11-01 13:38:17.193 | INFO     | agents.servers.serverFedMSE:train_on_clients:32 - Training FedMSE model epoch #71
2025-11-01 13:38:18.049 | INFO     | agents.servers.serverFedMSE:train_on_clients:54 - Client 2 gets new best val_loss at epoch #71: 0.001239
2025-11-01 13:38:18.615 | INFO     | agents.servers.serverFedMSE:train_on_clients:54 - Client 4 gets new best val_loss at epoch #71: 0.001459
2025-11-01 13:38:19.468 | INFO     | agents.servers.serverFedMSE:train_on_clients:54 - Client 7 gets new best val_loss at epoch #71: 0.001110
2025-11-01 13:38:20.310 | INFO     | agents.servers.serverFedMSE:train_on_clients:54 - Client 10 gets new best val_loss at epoch #71: 0.001431
2025-11-01 13:38:20.598 | INFO     | agents.servers.serverFedMSE:train_on_clients:54 - Client 11 gets new best val_loss at epoch #71: 0.001227
2025-11-01 13:38:21.165 | INFO     | agents.servers.serverFedMSE:train_on_clients:54 - Client 13 gets new best val_loss at epoch #71: 0.001299
2025-11-01 13:38:21.448 | INFO     | agents.servers.serverFedMSE:train_on_clients:54 - Client 14 gets new best val_loss at epoch #71: 0.001503
2025-11-01 13:38:22.007 | INFO     | agents.servers.serverFedMSE:train_on_clients:54 - Client 16 gets new best val_loss at epoch #71: 0.001388
2025-11-01 13:38:22.862 | INFO     | agents.servers.serverFedMSE:train_on_clients:54 - Client 19 gets new best val_loss at epoch #71: 0.001480
2025-11-01 13:38:22.864 | INFO     | agents.servers.serverFedMSE:train_on_clients:76 - 20 clients still training at epoch #71
2025-11-01 13:39:04.071 | INFO     | agents.servers.serverFedMSE:train_on_clients:32 - Training FedMSE model epoch #72
2025-11-01 13:39:04.362 | INFO     | agents.servers.serverFedMSE:train_on_clients:54 - Client 0 gets new best val_loss at epoch #72: 0.001266
2025-11-01 13:39:04.648 | INFO     | agents.servers.serverFedMSE:train_on_clients:54 - Client 1 gets new best val_loss at epoch #72: 0.001323
2025-11-01 13:39:04.936 | INFO     | agents.servers.serverFedMSE:train_on_clients:54 - Client 2 gets new best val_loss at epoch #72: 0.001212
2025-11-01 13:39:05.220 | INFO     | agents.servers.serverFedMSE:train_on_clients:54 - Client 3 gets new best val_loss at epoch #72: 0.001398
2025-11-01 13:39:06.626 | INFO     | agents.servers.serverFedMSE:train_on_clients:54 - Client 8 gets new best val_loss at epoch #72: 0.001357
2025-11-01 13:39:06.915 | INFO     | agents.servers.serverFedMSE:train_on_clients:54 - Client 9 gets new best val_loss at epoch #72: 0.001363
2025-11-01 13:39:07.201 | INFO     | agents.servers.serverFedMSE:train_on_clients:54 - Client 10 gets new best val_loss at epoch #72: 0.001343
2025-11-01 13:39:07.763 | INFO     | agents.servers.serverFedMSE:train_on_clients:54 - Client 12 gets new best val_loss at epoch #72: 0.001190
2025-11-01 13:39:08.047 | INFO     | agents.servers.serverFedMSE:train_on_clients:54 - Client 13 gets new best val_loss at epoch #72: 0.001288
2025-11-01 13:39:08.327 | INFO     | agents.servers.serverFedMSE:train_on_clients:54 - Client 14 gets new best val_loss at epoch #72: 0.001356
2025-11-01 13:39:08.885 | INFO     | agents.servers.serverFedMSE:train_on_clients:54 - Client 16 gets new best val_loss at epoch #72: 0.001375
2025-11-01 13:39:09.166 | INFO     | agents.servers.serverFedMSE:train_on_clients:54 - Client 17 gets new best val_loss at epoch #72: 0.001270
2025-11-01 13:39:09.735 | INFO     | agents.servers.serverFedMSE:train_on_clients:76 - 20 clients still training at epoch #72
2025-11-01 13:39:50.803 | INFO     | agents.servers.serverFedMSE:train_on_clients:32 - Training FedMSE model epoch #73
2025-11-01 13:39:51.373 | INFO     | agents.servers.serverFedMSE:train_on_clients:54 - Client 1 gets new best val_loss at epoch #73: 0.001301
2025-11-01 13:39:51.938 | INFO     | agents.servers.serverFedMSE:train_on_clients:54 - Client 3 gets new best val_loss at epoch #73: 0.001378
2025-11-01 13:39:52.225 | INFO     | agents.servers.serverFedMSE:train_on_clients:54 - Client 4 gets new best val_loss at epoch #73: 0.001416
2025-11-01 13:39:52.512 | INFO     | agents.servers.serverFedMSE:train_on_clients:54 - Client 5 gets new best val_loss at epoch #73: 0.001335
2025-11-01 13:39:52.796 | INFO     | agents.servers.serverFedMSE:train_on_clients:54 - Client 6 gets new best val_loss at epoch #73: 0.001208
2025-11-01 13:39:53.082 | INFO     | agents.servers.serverFedMSE:train_on_clients:54 - Client 7 gets new best val_loss at epoch #73: 0.001095
2025-11-01 13:39:53.938 | INFO     | agents.servers.serverFedMSE:train_on_clients:54 - Client 10 gets new best val_loss at epoch #73: 0.001308
2025-11-01 13:39:54.218 | INFO     | agents.servers.serverFedMSE:train_on_clients:54 - Client 11 gets new best val_loss at epoch #73: 0.001184
2025-11-01 13:39:54.786 | INFO     | agents.servers.serverFedMSE:train_on_clients:54 - Client 13 gets new best val_loss at epoch #73: 0.001225
2025-11-01 13:39:55.352 | INFO     | agents.servers.serverFedMSE:train_on_clients:54 - Client 15 gets new best val_loss at epoch #73: 0.001397
2025-11-01 13:39:56.475 | INFO     | agents.servers.serverFedMSE:train_on_clients:76 - 20 clients still training at epoch #73
2025-11-01 13:40:37.553 | INFO     | agents.servers.serverFedMSE:train_on_clients:32 - Training FedMSE model epoch #74
2025-11-01 13:40:38.129 | INFO     | agents.servers.serverFedMSE:train_on_clients:54 - Client 1 gets new best val_loss at epoch #74: 0.001270
2025-11-01 13:40:38.708 | INFO     | agents.servers.serverFedMSE:train_on_clients:54 - Client 3 gets new best val_loss at epoch #74: 0.001349
2025-11-01 13:40:39.558 | INFO     | agents.servers.serverFedMSE:train_on_clients:54 - Client 6 gets new best val_loss at epoch #74: 0.001191
2025-11-01 13:40:40.124 | INFO     | agents.servers.serverFedMSE:train_on_clients:54 - Client 8 gets new best val_loss at epoch #74: 0.001302
2025-11-01 13:40:40.409 | INFO     | agents.servers.serverFedMSE:train_on_clients:54 - Client 9 gets new best val_loss at epoch #74: 0.001236
2025-11-01 13:40:42.386 | INFO     | agents.servers.serverFedMSE:train_on_clients:54 - Client 16 gets new best val_loss at epoch #74: 0.001308
2025-11-01 13:40:42.947 | INFO     | agents.servers.serverFedMSE:train_on_clients:54 - Client 18 gets new best val_loss at epoch #74: 0.001197
2025-11-01 13:40:43.229 | INFO     | agents.servers.serverFedMSE:train_on_clients:54 - Client 19 gets new best val_loss at epoch #74: 0.001431
2025-11-01 13:40:43.231 | INFO     | agents.servers.serverFedMSE:train_on_clients:76 - 20 clients still training at epoch #74
2025-11-01 13:41:24.411 | INFO     | agents.servers.serverFedMSE:train_on_clients:32 - Training FedMSE model epoch #75
2025-11-01 13:41:24.977 | INFO     | agents.servers.serverFedMSE:train_on_clients:54 - Client 1 gets new best val_loss at epoch #75: 0.001248
2025-11-01 13:41:25.549 | INFO     | agents.servers.serverFedMSE:train_on_clients:54 - Client 3 gets new best val_loss at epoch #75: 0.001334
2025-11-01 13:41:25.833 | INFO     | agents.servers.serverFedMSE:train_on_clients:54 - Client 4 gets new best val_loss at epoch #75: 0.001232
2025-11-01 13:41:26.397 | INFO     | agents.servers.serverFedMSE:train_on_clients:54 - Client 6 gets new best val_loss at epoch #75: 0.001175
2025-11-01 13:41:26.684 | INFO     | agents.servers.serverFedMSE:train_on_clients:54 - Client 7 gets new best val_loss at epoch #75: 0.001082
2025-11-01 13:41:28.078 | INFO     | agents.servers.serverFedMSE:train_on_clients:54 - Client 12 gets new best val_loss at epoch #75: 0.001117
2025-11-01 13:41:28.359 | INFO     | agents.servers.serverFedMSE:train_on_clients:54 - Client 13 gets new best val_loss at epoch #75: 0.001209
2025-11-01 13:41:28.652 | INFO     | agents.servers.serverFedMSE:train_on_clients:54 - Client 14 gets new best val_loss at epoch #75: 0.001283
2025-11-01 13:41:28.935 | INFO     | agents.servers.serverFedMSE:train_on_clients:54 - Client 15 gets new best val_loss at epoch #75: 0.001318
2025-11-01 13:41:29.779 | INFO     | agents.servers.serverFedMSE:train_on_clients:54 - Client 18 gets new best val_loss at epoch #75: 0.001161
2025-11-01 13:41:30.059 | INFO     | agents.servers.serverFedMSE:train_on_clients:76 - 20 clients still training at epoch #75
2025-11-01 13:42:11.076 | INFO     | agents.servers.serverFedMSE:train_on_clients:32 - Training FedMSE model epoch #76
2025-11-01 13:42:11.647 | INFO     | agents.servers.serverFedMSE:train_on_clients:54 - Client 1 gets new best val_loss at epoch #76: 0.001225
2025-11-01 13:42:12.499 | INFO     | agents.servers.serverFedMSE:train_on_clients:54 - Client 4 gets new best val_loss at epoch #76: 0.001215
2025-11-01 13:42:12.782 | INFO     | agents.servers.serverFedMSE:train_on_clients:54 - Client 5 gets new best val_loss at epoch #76: 0.001335
2025-11-01 13:42:13.072 | INFO     | agents.servers.serverFedMSE:train_on_clients:54 - Client 6 gets new best val_loss at epoch #76: 0.001157
2025-11-01 13:42:13.359 | INFO     | agents.servers.serverFedMSE:train_on_clients:54 - Client 7 gets new best val_loss at epoch #76: 0.001060
2025-11-01 13:42:13.650 | INFO     | agents.servers.serverFedMSE:train_on_clients:54 - Client 8 gets new best val_loss at epoch #76: 0.001275
2025-11-01 13:42:13.930 | INFO     | agents.servers.serverFedMSE:train_on_clients:54 - Client 9 gets new best val_loss at epoch #76: 0.001231
2025-11-01 13:42:14.213 | INFO     | agents.servers.serverFedMSE:train_on_clients:54 - Client 10 gets new best val_loss at epoch #76: 0.001245
2025-11-01 13:42:14.779 | INFO     | agents.servers.serverFedMSE:train_on_clients:54 - Client 12 gets new best val_loss at epoch #76: 0.001092
2025-11-01 13:42:15.062 | INFO     | agents.servers.serverFedMSE:train_on_clients:54 - Client 13 gets new best val_loss at epoch #76: 0.001146
2025-11-01 13:42:15.913 | INFO     | agents.servers.serverFedMSE:train_on_clients:54 - Client 16 gets new best val_loss at epoch #76: 0.001294
2025-11-01 13:42:16.200 | INFO     | agents.servers.serverFedMSE:train_on_clients:54 - Client 17 gets new best val_loss at epoch #76: 0.001227
2025-11-01 13:42:16.765 | INFO     | agents.servers.serverFedMSE:train_on_clients:54 - Client 19 gets new best val_loss at epoch #76: 0.001388
2025-11-01 13:42:16.767 | INFO     | agents.servers.serverFedMSE:train_on_clients:76 - 20 clients still training at epoch #76
2025-11-01 13:42:57.729 | INFO     | agents.servers.serverFedMSE:train_on_clients:32 - Training FedMSE model epoch #77
2025-11-01 13:42:58.020 | INFO     | agents.servers.serverFedMSE:train_on_clients:54 - Client 0 gets new best val_loss at epoch #77: 0.001265
2025-11-01 13:42:58.307 | INFO     | agents.servers.serverFedMSE:train_on_clients:54 - Client 1 gets new best val_loss at epoch #77: 0.001208
2025-11-01 13:42:59.733 | INFO     | agents.servers.serverFedMSE:train_on_clients:54 - Client 6 gets new best val_loss at epoch #77: 0.001149
2025-11-01 13:43:00.021 | INFO     | agents.servers.serverFedMSE:train_on_clients:54 - Client 7 gets new best val_loss at epoch #77: 0.001049
2025-11-01 13:43:01.144 | INFO     | agents.servers.serverFedMSE:train_on_clients:54 - Client 11 gets new best val_loss at epoch #77: 0.001112
2025-11-01 13:43:02.564 | INFO     | agents.servers.serverFedMSE:train_on_clients:54 - Client 16 gets new best val_loss at epoch #77: 0.001196
2025-11-01 13:43:03.412 | INFO     | agents.servers.serverFedMSE:train_on_clients:76 - 20 clients still training at epoch #77
2025-11-01 13:43:44.434 | INFO     | agents.servers.serverFedMSE:train_on_clients:32 - Training FedMSE model epoch #78
2025-11-01 13:43:45.561 | INFO     | agents.servers.serverFedMSE:train_on_clients:54 - Client 3 gets new best val_loss at epoch #78: 0.001207
2025-11-01 13:43:46.127 | INFO     | agents.servers.serverFedMSE:train_on_clients:54 - Client 5 gets new best val_loss at epoch #78: 0.001302
2025-11-01 13:43:46.411 | INFO     | agents.servers.serverFedMSE:train_on_clients:54 - Client 6 gets new best val_loss at epoch #78: 0.001142
2025-11-01 13:43:46.690 | INFO     | agents.servers.serverFedMSE:train_on_clients:54 - Client 7 gets new best val_loss at epoch #78: 0.001013
2025-11-01 13:43:48.097 | INFO     | agents.servers.serverFedMSE:train_on_clients:54 - Client 12 gets new best val_loss at epoch #78: 0.001087
2025-11-01 13:43:48.936 | INFO     | agents.servers.serverFedMSE:train_on_clients:54 - Client 15 gets new best val_loss at epoch #78: 0.001304
2025-11-01 13:43:49.218 | INFO     | agents.servers.serverFedMSE:train_on_clients:54 - Client 16 gets new best val_loss at epoch #78: 0.001177
2025-11-01 13:43:49.500 | INFO     | agents.servers.serverFedMSE:train_on_clients:54 - Client 17 gets new best val_loss at epoch #78: 0.001138
2025-11-01 13:43:50.063 | INFO     | agents.servers.serverFedMSE:train_on_clients:54 - Client 19 gets new best val_loss at epoch #78: 0.001364
2025-11-01 13:43:50.065 | INFO     | agents.servers.serverFedMSE:train_on_clients:76 - 20 clients still training at epoch #78
2025-11-01 13:44:31.021 | INFO     | agents.servers.serverFedMSE:train_on_clients:32 - Training FedMSE model epoch #79
2025-11-01 13:44:31.305 | INFO     | agents.servers.serverFedMSE:train_on_clients:54 - Client 0 gets new best val_loss at epoch #79: 0.001211
2025-11-01 13:44:31.879 | INFO     | agents.servers.serverFedMSE:train_on_clients:54 - Client 2 gets new best val_loss at epoch #79: 0.001170
2025-11-01 13:44:32.163 | INFO     | agents.servers.serverFedMSE:train_on_clients:54 - Client 3 gets new best val_loss at epoch #79: 0.001187
2025-11-01 13:44:32.449 | INFO     | agents.servers.serverFedMSE:train_on_clients:54 - Client 4 gets new best val_loss at epoch #79: 0.001197
2025-11-01 13:44:32.736 | INFO     | agents.servers.serverFedMSE:train_on_clients:54 - Client 5 gets new best val_loss at epoch #79: 0.001250
2025-11-01 13:44:33.026 | INFO     | agents.servers.serverFedMSE:train_on_clients:54 - Client 6 gets new best val_loss at epoch #79: 0.001129
2025-11-01 13:44:33.315 | INFO     | agents.servers.serverFedMSE:train_on_clients:54 - Client 7 gets new best val_loss at epoch #79: 0.001001
2025-11-01 13:44:33.603 | INFO     | agents.servers.serverFedMSE:train_on_clients:54 - Client 8 gets new best val_loss at epoch #79: 0.001236
2025-11-01 13:44:34.164 | INFO     | agents.servers.serverFedMSE:train_on_clients:54 - Client 10 gets new best val_loss at epoch #79: 0.001213
2025-11-01 13:44:35.857 | INFO     | agents.servers.serverFedMSE:train_on_clients:54 - Client 16 gets new best val_loss at epoch #79: 0.001176
2025-11-01 13:44:36.145 | INFO     | agents.servers.serverFedMSE:train_on_clients:54 - Client 17 gets new best val_loss at epoch #79: 0.001137
2025-11-01 13:44:36.711 | INFO     | agents.servers.serverFedMSE:train_on_clients:54 - Client 19 gets new best val_loss at epoch #79: 0.001348
2025-11-01 13:44:36.713 | INFO     | agents.servers.serverFedMSE:train_on_clients:76 - 20 clients still training at epoch #79
2025-11-01 13:45:17.532 | INFO     | agents.servers.serverFedMSE:train_on_clients:32 - Training FedMSE model epoch #80
2025-11-01 13:45:17.818 | INFO     | agents.servers.serverFedMSE:train_on_clients:70 - Saved model for client 0 at epoch 80 -> saved_models/FedMSE/FedMSE/wsn_ds/epoch_80_client_0.pt
2025-11-01 13:45:18.101 | INFO     | agents.servers.serverFedMSE:train_on_clients:54 - Client 1 gets new best val_loss at epoch #80: 0.001182
2025-11-01 13:45:18.103 | INFO     | agents.servers.serverFedMSE:train_on_clients:70 - Saved model for client 1 at epoch 80 -> saved_models/FedMSE/FedMSE/wsn_ds/epoch_80_client_1.pt
2025-11-01 13:45:18.387 | INFO     | agents.servers.serverFedMSE:train_on_clients:70 - Saved model for client 2 at epoch 80 -> saved_models/FedMSE/FedMSE/wsn_ds/epoch_80_client_2.pt
2025-11-01 13:45:18.671 | INFO     | agents.servers.serverFedMSE:train_on_clients:70 - Saved model for client 3 at epoch 80 -> saved_models/FedMSE/FedMSE/wsn_ds/epoch_80_client_3.pt
2025-11-01 13:45:18.952 | INFO     | agents.servers.serverFedMSE:train_on_clients:70 - Saved model for client 4 at epoch 80 -> saved_models/FedMSE/FedMSE/wsn_ds/epoch_80_client_4.pt
2025-11-01 13:45:19.237 | INFO     | agents.servers.serverFedMSE:train_on_clients:70 - Saved model for client 5 at epoch 80 -> saved_models/FedMSE/FedMSE/wsn_ds/epoch_80_client_5.pt
2025-11-01 13:45:19.522 | INFO     | agents.servers.serverFedMSE:train_on_clients:54 - Client 6 gets new best val_loss at epoch #80: 0.001116
2025-11-01 13:45:19.523 | INFO     | agents.servers.serverFedMSE:train_on_clients:70 - Saved model for client 6 at epoch 80 -> saved_models/FedMSE/FedMSE/wsn_ds/epoch_80_client_6.pt
2025-11-01 13:45:19.809 | INFO     | agents.servers.serverFedMSE:train_on_clients:70 - Saved model for client 7 at epoch 80 -> saved_models/FedMSE/FedMSE/wsn_ds/epoch_80_client_7.pt
2025-11-01 13:45:20.094 | INFO     | agents.servers.serverFedMSE:train_on_clients:70 - Saved model for client 8 at epoch 80 -> saved_models/FedMSE/FedMSE/wsn_ds/epoch_80_client_8.pt
2025-11-01 13:45:20.378 | INFO     | agents.servers.serverFedMSE:train_on_clients:70 - Saved model for client 9 at epoch 80 -> saved_models/FedMSE/FedMSE/wsn_ds/epoch_80_client_9.pt
2025-11-01 13:45:20.664 | INFO     | agents.servers.serverFedMSE:train_on_clients:54 - Client 10 gets new best val_loss at epoch #80: 0.001209
2025-11-01 13:45:20.666 | INFO     | agents.servers.serverFedMSE:train_on_clients:70 - Saved model for client 10 at epoch 80 -> saved_models/FedMSE/FedMSE/wsn_ds/epoch_80_client_10.pt
2025-11-01 13:45:20.958 | INFO     | agents.servers.serverFedMSE:train_on_clients:70 - Saved model for client 11 at epoch 80 -> saved_models/FedMSE/FedMSE/wsn_ds/epoch_80_client_11.pt
2025-11-01 13:45:21.239 | INFO     | agents.servers.serverFedMSE:train_on_clients:54 - Client 12 gets new best val_loss at epoch #80: 0.001063
2025-11-01 13:45:21.241 | INFO     | agents.servers.serverFedMSE:train_on_clients:70 - Saved model for client 12 at epoch 80 -> saved_models/FedMSE/FedMSE/wsn_ds/epoch_80_client_12.pt
2025-11-01 13:45:21.522 | INFO     | agents.servers.serverFedMSE:train_on_clients:70 - Saved model for client 13 at epoch 80 -> saved_models/FedMSE/FedMSE/wsn_ds/epoch_80_client_13.pt
2025-11-01 13:45:21.808 | INFO     | agents.servers.serverFedMSE:train_on_clients:70 - Saved model for client 14 at epoch 80 -> saved_models/FedMSE/FedMSE/wsn_ds/epoch_80_client_14.pt
2025-11-01 13:45:22.089 | INFO     | agents.servers.serverFedMSE:train_on_clients:54 - Client 15 gets new best val_loss at epoch #80: 0.001271
2025-11-01 13:45:22.091 | INFO     | agents.servers.serverFedMSE:train_on_clients:70 - Saved model for client 15 at epoch 80 -> saved_models/FedMSE/FedMSE/wsn_ds/epoch_80_client_15.pt
2025-11-01 13:45:22.375 | INFO     | agents.servers.serverFedMSE:train_on_clients:54 - Client 16 gets new best val_loss at epoch #80: 0.001169
2025-11-01 13:45:22.377 | INFO     | agents.servers.serverFedMSE:train_on_clients:70 - Saved model for client 16 at epoch 80 -> saved_models/FedMSE/FedMSE/wsn_ds/epoch_80_client_16.pt
2025-11-01 13:45:22.664 | INFO     | agents.servers.serverFedMSE:train_on_clients:70 - Saved model for client 17 at epoch 80 -> saved_models/FedMSE/FedMSE/wsn_ds/epoch_80_client_17.pt
2025-11-01 13:45:22.950 | INFO     | agents.servers.serverFedMSE:train_on_clients:70 - Saved model for client 18 at epoch 80 -> saved_models/FedMSE/FedMSE/wsn_ds/epoch_80_client_18.pt
2025-11-01 13:45:23.237 | INFO     | agents.servers.serverFedMSE:train_on_clients:70 - Saved model for client 19 at epoch 80 -> saved_models/FedMSE/FedMSE/wsn_ds/epoch_80_client_19.pt
2025-11-01 13:45:23.238 | INFO     | agents.servers.serverFedMSE:train_on_clients:76 - 20 clients still training at epoch #80
2025-11-01 13:46:04.084 | INFO     | agents.servers.serverFedMSE:train_on_clients:32 - Training FedMSE model epoch #81
2025-11-01 13:46:04.368 | INFO     | agents.servers.serverFedMSE:train_on_clients:54 - Client 0 gets new best val_loss at epoch #81: 0.001102
2025-11-01 13:46:05.782 | INFO     | agents.servers.serverFedMSE:train_on_clients:54 - Client 5 gets new best val_loss at epoch #81: 0.001209
2025-11-01 13:46:06.063 | INFO     | agents.servers.serverFedMSE:train_on_clients:54 - Client 6 gets new best val_loss at epoch #81: 0.001110
2025-11-01 13:46:06.624 | INFO     | agents.servers.serverFedMSE:train_on_clients:54 - Client 8 gets new best val_loss at epoch #81: 0.001186
2025-11-01 13:46:08.032 | INFO     | agents.servers.serverFedMSE:train_on_clients:54 - Client 13 gets new best val_loss at epoch #81: 0.001123
2025-11-01 13:46:08.876 | INFO     | agents.servers.serverFedMSE:train_on_clients:54 - Client 16 gets new best val_loss at epoch #81: 0.001157
2025-11-01 13:46:09.725 | INFO     | agents.servers.serverFedMSE:train_on_clients:54 - Client 19 gets new best val_loss at epoch #81: 0.001346
2025-11-01 13:46:09.727 | INFO     | agents.servers.serverFedMSE:train_on_clients:76 - 20 clients still training at epoch #81
2025-11-01 13:46:50.497 | INFO     | agents.servers.serverFedMSE:train_on_clients:32 - Training FedMSE model epoch #82
2025-11-01 13:46:51.353 | INFO     | agents.servers.serverFedMSE:train_on_clients:54 - Client 2 gets new best val_loss at epoch #82: 0.001141
2025-11-01 13:46:51.640 | INFO     | agents.servers.serverFedMSE:train_on_clients:54 - Client 3 gets new best val_loss at epoch #82: 0.001187
2025-11-01 13:46:51.930 | INFO     | agents.servers.serverFedMSE:train_on_clients:54 - Client 4 gets new best val_loss at epoch #82: 0.001167
2025-11-01 13:46:52.214 | INFO     | agents.servers.serverFedMSE:train_on_clients:54 - Client 5 gets new best val_loss at epoch #82: 0.001190
2025-11-01 13:46:52.499 | INFO     | agents.servers.serverFedMSE:train_on_clients:54 - Client 6 gets new best val_loss at epoch #82: 0.001104
2025-11-01 13:46:53.645 | INFO     | agents.servers.serverFedMSE:train_on_clients:54 - Client 10 gets new best val_loss at epoch #82: 0.001188
2025-11-01 13:46:53.929 | INFO     | agents.servers.serverFedMSE:train_on_clients:54 - Client 11 gets new best val_loss at epoch #82: 0.001027
2025-11-01 13:46:54.500 | INFO     | agents.servers.serverFedMSE:train_on_clients:54 - Client 13 gets new best val_loss at epoch #82: 0.001091
2025-11-01 13:46:54.785 | INFO     | agents.servers.serverFedMSE:train_on_clients:54 - Client 14 gets new best val_loss at epoch #82: 0.001223
2025-11-01 13:46:55.069 | INFO     | agents.servers.serverFedMSE:train_on_clients:54 - Client 15 gets new best val_loss at epoch #82: 0.001169
2025-11-01 13:46:55.920 | INFO     | agents.servers.serverFedMSE:train_on_clients:54 - Client 18 gets new best val_loss at epoch #82: 0.001073
2025-11-01 13:46:56.200 | INFO     | agents.servers.serverFedMSE:train_on_clients:76 - 20 clients still training at epoch #82
2025-11-01 13:47:36.820 | INFO     | agents.servers.serverFedMSE:train_on_clients:32 - Training FedMSE model epoch #83
2025-11-01 13:47:38.228 | INFO     | agents.servers.serverFedMSE:train_on_clients:54 - Client 4 gets new best val_loss at epoch #83: 0.001158
2025-11-01 13:47:38.799 | INFO     | agents.servers.serverFedMSE:train_on_clients:54 - Client 6 gets new best val_loss at epoch #83: 0.001102
2025-11-01 13:47:39.641 | INFO     | agents.servers.serverFedMSE:train_on_clients:54 - Client 9 gets new best val_loss at epoch #83: 0.001192
2025-11-01 13:47:39.925 | INFO     | agents.servers.serverFedMSE:train_on_clients:54 - Client 10 gets new best val_loss at epoch #83: 0.001179
2025-11-01 13:47:40.210 | INFO     | agents.servers.serverFedMSE:train_on_clients:54 - Client 11 gets new best val_loss at epoch #83: 0.001017
2025-11-01 13:47:41.634 | INFO     | agents.servers.serverFedMSE:train_on_clients:54 - Client 16 gets new best val_loss at epoch #83: 0.001147
2025-11-01 13:47:42.483 | INFO     | agents.servers.serverFedMSE:train_on_clients:54 - Client 19 gets new best val_loss at epoch #83: 0.001274
2025-11-01 13:47:42.485 | INFO     | agents.servers.serverFedMSE:train_on_clients:76 - 20 clients still training at epoch #83
2025-11-01 13:48:23.126 | INFO     | agents.servers.serverFedMSE:train_on_clients:32 - Training FedMSE model epoch #84
2025-11-01 13:48:23.697 | INFO     | agents.servers.serverFedMSE:train_on_clients:54 - Client 1 gets new best val_loss at epoch #84: 0.001146
2025-11-01 13:48:24.259 | INFO     | agents.servers.serverFedMSE:train_on_clients:54 - Client 3 gets new best val_loss at epoch #84: 0.001176
2025-11-01 13:48:24.542 | INFO     | agents.servers.serverFedMSE:train_on_clients:54 - Client 4 gets new best val_loss at epoch #84: 0.001156
2025-11-01 13:48:25.108 | INFO     | agents.servers.serverFedMSE:train_on_clients:54 - Client 6 gets new best val_loss at epoch #84: 0.001096
2025-11-01 13:48:26.243 | INFO     | agents.servers.serverFedMSE:train_on_clients:54 - Client 10 gets new best val_loss at epoch #84: 0.001175
2025-11-01 13:48:26.525 | INFO     | agents.servers.serverFedMSE:train_on_clients:54 - Client 11 gets new best val_loss at epoch #84: 0.001009
2025-11-01 13:48:28.772 | INFO     | agents.servers.serverFedMSE:train_on_clients:76 - 20 clients still training at epoch #84
2025-11-01 13:49:09.435 | INFO     | agents.servers.serverFedMSE:train_on_clients:32 - Training FedMSE model epoch #85
2025-11-01 13:49:10.005 | INFO     | agents.servers.serverFedMSE:train_on_clients:54 - Client 1 gets new best val_loss at epoch #85: 0.001138
2025-11-01 13:49:10.574 | INFO     | agents.servers.serverFedMSE:train_on_clients:54 - Client 3 gets new best val_loss at epoch #85: 0.001151
2025-11-01 13:49:10.865 | INFO     | agents.servers.serverFedMSE:train_on_clients:54 - Client 4 gets new best val_loss at epoch #85: 0.001154
2025-11-01 13:49:11.150 | INFO     | agents.servers.serverFedMSE:train_on_clients:54 - Client 5 gets new best val_loss at epoch #85: 0.001181
2025-11-01 13:49:11.431 | INFO     | agents.servers.serverFedMSE:train_on_clients:54 - Client 6 gets new best val_loss at epoch #85: 0.001090
2025-11-01 13:49:12.001 | INFO     | agents.servers.serverFedMSE:train_on_clients:54 - Client 8 gets new best val_loss at epoch #85: 0.001147
2025-11-01 13:49:13.694 | INFO     | agents.servers.serverFedMSE:train_on_clients:54 - Client 14 gets new best val_loss at epoch #85: 0.001176
2025-11-01 13:49:14.533 | INFO     | agents.servers.serverFedMSE:train_on_clients:54 - Client 17 gets new best val_loss at epoch #85: 0.000993
2025-11-01 13:49:14.820 | INFO     | agents.servers.serverFedMSE:train_on_clients:54 - Client 18 gets new best val_loss at epoch #85: 0.001071
2025-11-01 13:49:15.102 | INFO     | agents.servers.serverFedMSE:train_on_clients:54 - Client 19 gets new best val_loss at epoch #85: 0.001249
2025-11-01 13:49:15.104 | INFO     | agents.servers.serverFedMSE:train_on_clients:76 - 20 clients still training at epoch #85
2025-11-01 13:49:55.681 | INFO     | agents.servers.serverFedMSE:train_on_clients:32 - Training FedMSE model epoch #86
2025-11-01 13:49:59.083 | INFO     | agents.servers.serverFedMSE:train_on_clients:54 - Client 11 gets new best val_loss at epoch #86: 0.001001
2025-11-01 13:50:00.777 | INFO     | agents.servers.serverFedMSE:train_on_clients:54 - Client 17 gets new best val_loss at epoch #86: 0.000990
2025-11-01 13:50:01.340 | INFO     | agents.servers.serverFedMSE:train_on_clients:76 - 20 clients still training at epoch #86
2025-11-01 13:50:41.978 | INFO     | agents.servers.serverFedMSE:train_on_clients:32 - Training FedMSE model epoch #87
2025-11-01 13:50:42.264 | INFO     | agents.servers.serverFedMSE:train_on_clients:54 - Client 0 gets new best val_loss at epoch #87: 0.001072
2025-11-01 13:50:43.401 | INFO     | agents.servers.serverFedMSE:train_on_clients:54 - Client 4 gets new best val_loss at epoch #87: 0.001152
2025-11-01 13:50:43.685 | INFO     | agents.servers.serverFedMSE:train_on_clients:54 - Client 5 gets new best val_loss at epoch #87: 0.001161
2025-11-01 13:50:45.380 | INFO     | agents.servers.serverFedMSE:train_on_clients:54 - Client 11 gets new best val_loss at epoch #87: 0.000990
2025-11-01 13:50:45.663 | INFO     | agents.servers.serverFedMSE:train_on_clients:54 - Client 12 gets new best val_loss at epoch #87: 0.001060
2025-11-01 13:50:45.947 | INFO     | agents.servers.serverFedMSE:train_on_clients:54 - Client 13 gets new best val_loss at epoch #87: 0.001091
2025-11-01 13:50:47.073 | INFO     | agents.servers.serverFedMSE:train_on_clients:54 - Client 17 gets new best val_loss at epoch #87: 0.000980
2025-11-01 13:50:47.636 | INFO     | agents.servers.serverFedMSE:train_on_clients:76 - 20 clients still training at epoch #87
2025-11-01 13:51:28.273 | INFO     | agents.servers.serverFedMSE:train_on_clients:32 - Training FedMSE model epoch #88
2025-11-01 13:51:29.974 | INFO     | agents.servers.serverFedMSE:train_on_clients:54 - Client 5 gets new best val_loss at epoch #88: 0.001145
2025-11-01 13:51:31.391 | INFO     | agents.servers.serverFedMSE:train_on_clients:54 - Client 10 gets new best val_loss at epoch #88: 0.001173
2025-11-01 13:51:31.676 | INFO     | agents.servers.serverFedMSE:train_on_clients:54 - Client 11 gets new best val_loss at epoch #88: 0.000987
2025-11-01 13:51:33.375 | INFO     | agents.servers.serverFedMSE:train_on_clients:54 - Client 17 gets new best val_loss at epoch #88: 0.000974
2025-11-01 13:51:33.943 | INFO     | agents.servers.serverFedMSE:train_on_clients:54 - Client 19 gets new best val_loss at epoch #88: 0.001208
2025-11-01 13:51:33.945 | INFO     | agents.servers.serverFedMSE:train_on_clients:76 - 20 clients still training at epoch #88
2025-11-01 13:52:14.396 | INFO     | agents.servers.serverFedMSE:train_on_clients:32 - Training FedMSE model epoch #89
2025-11-01 13:52:16.108 | INFO     | agents.servers.serverFedMSE:train_on_clients:54 - Client 5 gets new best val_loss at epoch #89: 0.001134
2025-11-01 13:52:17.238 | INFO     | agents.servers.serverFedMSE:train_on_clients:54 - Client 9 gets new best val_loss at epoch #89: 0.001179
2025-11-01 13:52:17.808 | INFO     | agents.servers.serverFedMSE:train_on_clients:54 - Client 11 gets new best val_loss at epoch #89: 0.000984
2025-11-01 13:52:18.097 | INFO     | agents.servers.serverFedMSE:train_on_clients:54 - Client 12 gets new best val_loss at epoch #89: 0.001042
2025-11-01 13:52:18.381 | INFO     | agents.servers.serverFedMSE:train_on_clients:54 - Client 13 gets new best val_loss at epoch #89: 0.001087
2025-11-01 13:52:19.501 | INFO     | agents.servers.serverFedMSE:train_on_clients:54 - Client 17 gets new best val_loss at epoch #89: 0.000971
2025-11-01 13:52:20.065 | INFO     | agents.servers.serverFedMSE:train_on_clients:54 - Client 19 gets new best val_loss at epoch #89: 0.001194
2025-11-01 13:52:20.067 | INFO     | agents.servers.serverFedMSE:train_on_clients:76 - 20 clients still training at epoch #89
2025-11-01 13:53:00.647 | INFO     | agents.servers.serverFedMSE:train_on_clients:32 - Training FedMSE model epoch #90
2025-11-01 13:53:00.936 | INFO     | agents.servers.serverFedMSE:train_on_clients:70 - Saved model for client 0 at epoch 90 -> saved_models/FedMSE/FedMSE/wsn_ds/epoch_90_client_0.pt
2025-11-01 13:53:01.218 | INFO     | agents.servers.serverFedMSE:train_on_clients:70 - Saved model for client 1 at epoch 90 -> saved_models/FedMSE/FedMSE/wsn_ds/epoch_90_client_1.pt
2025-11-01 13:53:01.496 | INFO     | agents.servers.serverFedMSE:train_on_clients:54 - Client 2 gets new best val_loss at epoch #90: 0.001089
2025-11-01 13:53:01.498 | INFO     | agents.servers.serverFedMSE:train_on_clients:70 - Saved model for client 2 at epoch 90 -> saved_models/FedMSE/FedMSE/wsn_ds/epoch_90_client_2.pt
2025-11-01 13:53:01.784 | INFO     | agents.servers.serverFedMSE:train_on_clients:70 - Saved model for client 3 at epoch 90 -> saved_models/FedMSE/FedMSE/wsn_ds/epoch_90_client_3.pt
2025-11-01 13:53:02.069 | INFO     | agents.servers.serverFedMSE:train_on_clients:70 - Saved model for client 4 at epoch 90 -> saved_models/FedMSE/FedMSE/wsn_ds/epoch_90_client_4.pt
2025-11-01 13:53:02.349 | INFO     | agents.servers.serverFedMSE:train_on_clients:70 - Saved model for client 5 at epoch 90 -> saved_models/FedMSE/FedMSE/wsn_ds/epoch_90_client_5.pt
2025-11-01 13:53:02.630 | INFO     | agents.servers.serverFedMSE:train_on_clients:70 - Saved model for client 6 at epoch 90 -> saved_models/FedMSE/FedMSE/wsn_ds/epoch_90_client_6.pt
2025-11-01 13:53:02.913 | INFO     | agents.servers.serverFedMSE:train_on_clients:54 - Client 7 gets new best val_loss at epoch #90: 0.000989
2025-11-01 13:53:02.915 | INFO     | agents.servers.serverFedMSE:train_on_clients:70 - Saved model for client 7 at epoch 90 -> saved_models/FedMSE/FedMSE/wsn_ds/epoch_90_client_7.pt
2025-11-01 13:53:03.201 | INFO     | agents.servers.serverFedMSE:train_on_clients:54 - Client 8 gets new best val_loss at epoch #90: 0.001101
2025-11-01 13:53:03.203 | INFO     | agents.servers.serverFedMSE:train_on_clients:70 - Saved model for client 8 at epoch 90 -> saved_models/FedMSE/FedMSE/wsn_ds/epoch_90_client_8.pt
2025-11-01 13:53:03.490 | INFO     | agents.servers.serverFedMSE:train_on_clients:70 - Saved model for client 9 at epoch 90 -> saved_models/FedMSE/FedMSE/wsn_ds/epoch_90_client_9.pt
2025-11-01 13:53:03.772 | INFO     | agents.servers.serverFedMSE:train_on_clients:54 - Client 10 gets new best val_loss at epoch #90: 0.001168
2025-11-01 13:53:03.774 | INFO     | agents.servers.serverFedMSE:train_on_clients:70 - Saved model for client 10 at epoch 90 -> saved_models/FedMSE/FedMSE/wsn_ds/epoch_90_client_10.pt
2025-11-01 13:53:04.060 | INFO     | agents.servers.serverFedMSE:train_on_clients:70 - Saved model for client 11 at epoch 90 -> saved_models/FedMSE/FedMSE/wsn_ds/epoch_90_client_11.pt
2025-11-01 13:53:04.344 | INFO     | agents.servers.serverFedMSE:train_on_clients:70 - Saved model for client 12 at epoch 90 -> saved_models/FedMSE/FedMSE/wsn_ds/epoch_90_client_12.pt
2025-11-01 13:53:04.629 | INFO     | agents.servers.serverFedMSE:train_on_clients:70 - Saved model for client 13 at epoch 90 -> saved_models/FedMSE/FedMSE/wsn_ds/epoch_90_client_13.pt
2025-11-01 13:53:04.912 | INFO     | agents.servers.serverFedMSE:train_on_clients:70 - Saved model for client 14 at epoch 90 -> saved_models/FedMSE/FedMSE/wsn_ds/epoch_90_client_14.pt
2025-11-01 13:53:05.202 | INFO     | agents.servers.serverFedMSE:train_on_clients:70 - Saved model for client 15 at epoch 90 -> saved_models/FedMSE/FedMSE/wsn_ds/epoch_90_client_15.pt
2025-11-01 13:53:05.490 | INFO     | agents.servers.serverFedMSE:train_on_clients:70 - Saved model for client 16 at epoch 90 -> saved_models/FedMSE/FedMSE/wsn_ds/epoch_90_client_16.pt
2025-11-01 13:53:05.774 | INFO     | agents.servers.serverFedMSE:train_on_clients:70 - Saved model for client 17 at epoch 90 -> saved_models/FedMSE/FedMSE/wsn_ds/epoch_90_client_17.pt
2025-11-01 13:53:06.061 | INFO     | agents.servers.serverFedMSE:train_on_clients:54 - Client 18 gets new best val_loss at epoch #90: 0.001056
2025-11-01 13:53:06.063 | INFO     | agents.servers.serverFedMSE:train_on_clients:70 - Saved model for client 18 at epoch 90 -> saved_models/FedMSE/FedMSE/wsn_ds/epoch_90_client_18.pt
2025-11-01 13:53:06.355 | INFO     | agents.servers.serverFedMSE:train_on_clients:70 - Saved model for client 19 at epoch 90 -> saved_models/FedMSE/FedMSE/wsn_ds/epoch_90_client_19.pt
2025-11-01 13:53:06.356 | INFO     | agents.servers.serverFedMSE:train_on_clients:76 - 20 clients still training at epoch #90
2025-11-01 13:53:46.833 | INFO     | agents.servers.serverFedMSE:train_on_clients:32 - Training FedMSE model epoch #91
2025-11-01 13:53:47.964 | INFO     | agents.servers.serverFedMSE:train_on_clients:54 - Client 3 gets new best val_loss at epoch #91: 0.001131
2025-11-01 13:53:48.805 | INFO     | agents.servers.serverFedMSE:train_on_clients:54 - Client 6 gets new best val_loss at epoch #91: 0.001088
2025-11-01 13:53:50.202 | INFO     | agents.servers.serverFedMSE:train_on_clients:54 - Client 11 gets new best val_loss at epoch #91: 0.000981
2025-11-01 13:53:51.617 | INFO     | agents.servers.serverFedMSE:train_on_clients:54 - Client 16 gets new best val_loss at epoch #91: 0.001128
2025-11-01 13:53:51.900 | INFO     | agents.servers.serverFedMSE:train_on_clients:54 - Client 17 gets new best val_loss at epoch #91: 0.000970
2025-11-01 13:53:52.469 | INFO     | agents.servers.serverFedMSE:train_on_clients:76 - 20 clients still training at epoch #91
2025-11-01 13:54:32.962 | INFO     | agents.servers.serverFedMSE:train_on_clients:32 - Training FedMSE model epoch #92
2025-11-01 13:54:33.531 | INFO     | agents.servers.serverFedMSE:train_on_clients:54 - Client 1 gets new best val_loss at epoch #92: 0.001134
2025-11-01 13:54:35.229 | INFO     | agents.servers.serverFedMSE:train_on_clients:54 - Client 7 gets new best val_loss at epoch #92: 0.000934
2025-11-01 13:54:36.397 | INFO     | agents.servers.serverFedMSE:train_on_clients:54 - Client 11 gets new best val_loss at epoch #92: 0.000976
2025-11-01 13:54:36.964 | INFO     | agents.servers.serverFedMSE:train_on_clients:54 - Client 13 gets new best val_loss at epoch #92: 0.001078
2025-11-01 13:54:37.534 | INFO     | agents.servers.serverFedMSE:train_on_clients:54 - Client 15 gets new best val_loss at epoch #92: 0.001148
2025-11-01 13:54:38.104 | INFO     | agents.servers.serverFedMSE:train_on_clients:54 - Client 17 gets new best val_loss at epoch #92: 0.000961
2025-11-01 13:54:38.667 | INFO     | agents.servers.serverFedMSE:train_on_clients:54 - Client 19 gets new best val_loss at epoch #92: 0.001182
2025-11-01 13:54:38.669 | INFO     | agents.servers.serverFedMSE:train_on_clients:76 - 20 clients still training at epoch #92
2025-11-01 13:55:19.186 | INFO     | agents.servers.serverFedMSE:train_on_clients:32 - Training FedMSE model epoch #93
2025-11-01 13:55:19.466 | INFO     | agents.servers.serverFedMSE:train_on_clients:54 - Client 0 gets new best val_loss at epoch #93: 0.001052
2025-11-01 13:55:20.578 | INFO     | agents.servers.serverFedMSE:train_on_clients:54 - Client 4 gets new best val_loss at epoch #93: 0.001144
2025-11-01 13:55:22.231 | INFO     | agents.servers.serverFedMSE:train_on_clients:54 - Client 10 gets new best val_loss at epoch #93: 0.001135
2025-11-01 13:55:22.510 | INFO     | agents.servers.serverFedMSE:train_on_clients:54 - Client 11 gets new best val_loss at epoch #93: 0.000970
2025-11-01 13:55:23.062 | INFO     | agents.servers.serverFedMSE:train_on_clients:54 - Client 13 gets new best val_loss at epoch #93: 0.001061
2025-11-01 13:55:23.338 | INFO     | agents.servers.serverFedMSE:train_on_clients:54 - Client 14 gets new best val_loss at epoch #93: 0.001175
2025-11-01 13:55:23.614 | INFO     | agents.servers.serverFedMSE:train_on_clients:54 - Client 15 gets new best val_loss at epoch #93: 0.001129
2025-11-01 13:55:24.162 | INFO     | agents.servers.serverFedMSE:train_on_clients:54 - Client 17 gets new best val_loss at epoch #93: 0.000958
2025-11-01 13:55:24.437 | INFO     | agents.servers.serverFedMSE:train_on_clients:54 - Client 18 gets new best val_loss at epoch #93: 0.001030
2025-11-01 13:55:24.714 | INFO     | agents.servers.serverFedMSE:train_on_clients:76 - 20 clients still training at epoch #93
2025-11-01 13:56:05.288 | INFO     | agents.servers.serverFedMSE:train_on_clients:32 - Training FedMSE model epoch #94
2025-11-01 13:56:07.280 | INFO     | agents.servers.serverFedMSE:train_on_clients:54 - Client 6 gets new best val_loss at epoch #94: 0.001083
2025-11-01 13:56:08.125 | INFO     | agents.servers.serverFedMSE:train_on_clients:54 - Client 9 gets new best val_loss at epoch #94: 0.001150
2025-11-01 13:56:08.691 | INFO     | agents.servers.serverFedMSE:train_on_clients:54 - Client 11 gets new best val_loss at epoch #94: 0.000967
2025-11-01 13:56:09.535 | INFO     | agents.servers.serverFedMSE:train_on_clients:54 - Client 14 gets new best val_loss at epoch #94: 0.001133
2025-11-01 13:56:10.386 | INFO     | agents.servers.serverFedMSE:train_on_clients:54 - Client 17 gets new best val_loss at epoch #94: 0.000953
2025-11-01 13:56:10.953 | INFO     | agents.servers.serverFedMSE:train_on_clients:76 - 20 clients still training at epoch #94
2025-11-01 13:56:51.412 | INFO     | agents.servers.serverFedMSE:train_on_clients:32 - Training FedMSE model epoch #95
2025-11-01 13:56:53.665 | INFO     | agents.servers.serverFedMSE:train_on_clients:54 - Client 7 gets new best val_loss at epoch #95: 0.000928
2025-11-01 13:56:54.797 | INFO     | agents.servers.serverFedMSE:train_on_clients:54 - Client 11 gets new best val_loss at epoch #95: 0.000957
2025-11-01 13:56:57.048 | INFO     | agents.servers.serverFedMSE:train_on_clients:54 - Client 19 gets new best val_loss at epoch #95: 0.001173
2025-11-01 13:56:57.050 | INFO     | agents.servers.serverFedMSE:train_on_clients:76 - 20 clients still training at epoch #95
2025-11-01 13:57:37.407 | INFO     | agents.servers.serverFedMSE:train_on_clients:32 - Training FedMSE model epoch #96
2025-11-01 13:57:37.975 | INFO     | agents.servers.serverFedMSE:train_on_clients:54 - Client 1 gets new best val_loss at epoch #96: 0.001090
2025-11-01 13:57:38.258 | INFO     | agents.servers.serverFedMSE:train_on_clients:54 - Client 2 gets new best val_loss at epoch #96: 0.000985
2025-11-01 13:57:38.823 | INFO     | agents.servers.serverFedMSE:train_on_clients:54 - Client 4 gets new best val_loss at epoch #96: 0.001115
2025-11-01 13:57:39.675 | INFO     | agents.servers.serverFedMSE:train_on_clients:54 - Client 7 gets new best val_loss at epoch #96: 0.000925
2025-11-01 13:57:39.956 | INFO     | agents.servers.serverFedMSE:train_on_clients:54 - Client 8 gets new best val_loss at epoch #96: 0.001093
2025-11-01 13:57:40.239 | INFO     | agents.servers.serverFedMSE:train_on_clients:54 - Client 9 gets new best val_loss at epoch #96: 0.001124
2025-11-01 13:57:40.521 | INFO     | agents.servers.serverFedMSE:train_on_clients:54 - Client 10 gets new best val_loss at epoch #96: 0.001124
2025-11-01 13:57:41.084 | INFO     | agents.servers.serverFedMSE:train_on_clients:54 - Client 12 gets new best val_loss at epoch #96: 0.000996
2025-11-01 13:57:42.493 | INFO     | agents.servers.serverFedMSE:train_on_clients:54 - Client 17 gets new best val_loss at epoch #96: 0.000950
2025-11-01 13:57:43.059 | INFO     | agents.servers.serverFedMSE:train_on_clients:76 - 20 clients still training at epoch #96
2025-11-01 13:58:23.512 | INFO     | agents.servers.serverFedMSE:train_on_clients:32 - Training FedMSE model epoch #97
2025-11-01 13:58:23.796 | INFO     | agents.servers.serverFedMSE:train_on_clients:54 - Client 0 gets new best val_loss at epoch #97: 0.000935
2025-11-01 13:58:24.359 | INFO     | agents.servers.serverFedMSE:train_on_clients:54 - Client 2 gets new best val_loss at epoch #97: 0.000983
2025-11-01 13:58:24.930 | INFO     | agents.servers.serverFedMSE:train_on_clients:54 - Client 4 gets new best val_loss at epoch #97: 0.001108
2025-11-01 13:58:25.218 | INFO     | agents.servers.serverFedMSE:train_on_clients:54 - Client 5 gets new best val_loss at epoch #97: 0.001075
2025-11-01 13:58:25.498 | INFO     | agents.servers.serverFedMSE:train_on_clients:54 - Client 6 gets new best val_loss at epoch #97: 0.001072
2025-11-01 13:58:26.342 | INFO     | agents.servers.serverFedMSE:train_on_clients:54 - Client 9 gets new best val_loss at epoch #97: 0.001119
2025-11-01 13:58:26.623 | INFO     | agents.servers.serverFedMSE:train_on_clients:54 - Client 10 gets new best val_loss at epoch #97: 0.001061
2025-11-01 13:58:26.905 | INFO     | agents.servers.serverFedMSE:train_on_clients:54 - Client 11 gets new best val_loss at epoch #97: 0.000948
2025-11-01 13:58:28.326 | INFO     | agents.servers.serverFedMSE:train_on_clients:54 - Client 16 gets new best val_loss at epoch #97: 0.001103
2025-11-01 13:58:28.610 | INFO     | agents.servers.serverFedMSE:train_on_clients:54 - Client 17 gets new best val_loss at epoch #97: 0.000944
2025-11-01 13:58:28.887 | INFO     | agents.servers.serverFedMSE:train_on_clients:54 - Client 18 gets new best val_loss at epoch #97: 0.000998
2025-11-01 13:58:29.169 | INFO     | agents.servers.serverFedMSE:train_on_clients:54 - Client 19 gets new best val_loss at epoch #97: 0.001151
2025-11-01 13:58:29.171 | INFO     | agents.servers.serverFedMSE:train_on_clients:76 - 20 clients still training at epoch #97
2025-11-01 13:59:09.502 | INFO     | agents.servers.serverFedMSE:train_on_clients:32 - Training FedMSE model epoch #98
2025-11-01 13:59:09.787 | INFO     | agents.servers.serverFedMSE:train_on_clients:54 - Client 0 gets new best val_loss at epoch #98: 0.000918
2025-11-01 13:59:10.355 | INFO     | agents.servers.serverFedMSE:train_on_clients:54 - Client 2 gets new best val_loss at epoch #98: 0.000972
2025-11-01 13:59:10.922 | INFO     | agents.servers.serverFedMSE:train_on_clients:54 - Client 4 gets new best val_loss at epoch #98: 0.001084
2025-11-01 13:59:11.206 | INFO     | agents.servers.serverFedMSE:train_on_clients:54 - Client 5 gets new best val_loss at epoch #98: 0.001052
2025-11-01 13:59:12.323 | INFO     | agents.servers.serverFedMSE:train_on_clients:54 - Client 9 gets new best val_loss at epoch #98: 0.001070
2025-11-01 13:59:12.608 | INFO     | agents.servers.serverFedMSE:train_on_clients:54 - Client 10 gets new best val_loss at epoch #98: 0.001054
2025-11-01 13:59:13.448 | INFO     | agents.servers.serverFedMSE:train_on_clients:54 - Client 13 gets new best val_loss at epoch #98: 0.001037
2025-11-01 13:59:15.133 | INFO     | agents.servers.serverFedMSE:train_on_clients:76 - 20 clients still training at epoch #98
2025-11-01 13:59:55.451 | INFO     | agents.servers.serverFedMSE:train_on_clients:32 - Training FedMSE model epoch #99
2025-11-01 13:59:55.732 | INFO     | agents.servers.serverFedMSE:train_on_clients:54 - Client 0 gets new best val_loss at epoch #99: 0.000910
2025-11-01 13:59:56.296 | INFO     | agents.servers.serverFedMSE:train_on_clients:54 - Client 2 gets new best val_loss at epoch #99: 0.000964
2025-11-01 13:59:56.863 | INFO     | agents.servers.serverFedMSE:train_on_clients:54 - Client 4 gets new best val_loss at epoch #99: 0.001080
2025-11-01 13:59:57.146 | INFO     | agents.servers.serverFedMSE:train_on_clients:54 - Client 5 gets new best val_loss at epoch #99: 0.001045
2025-11-01 13:59:58.552 | INFO     | agents.servers.serverFedMSE:train_on_clients:54 - Client 10 gets new best val_loss at epoch #99: 0.001050
2025-11-01 14:00:00.801 | INFO     | agents.servers.serverFedMSE:train_on_clients:54 - Client 18 gets new best val_loss at epoch #99: 0.000997
2025-11-01 14:00:01.085 | INFO     | agents.servers.serverFedMSE:train_on_clients:76 - 20 clients still training at epoch #99
2025-11-01 14:00:41.449 | INFO     | agents.servers.serverFedMSE:train_on_clients:32 - Training FedMSE model epoch #100
2025-11-01 14:00:41.728 | INFO     | agents.servers.serverFedMSE:train_on_clients:54 - Client 0 gets new best val_loss at epoch #100: 0.000905
2025-11-01 14:00:41.730 | INFO     | agents.servers.serverFedMSE:train_on_clients:70 - Saved model for client 0 at epoch 100 -> saved_models/FedMSE/FedMSE/wsn_ds/epoch_100_client_0.pt
2025-11-01 14:00:42.015 | INFO     | agents.servers.serverFedMSE:train_on_clients:70 - Saved model for client 1 at epoch 100 -> saved_models/FedMSE/FedMSE/wsn_ds/epoch_100_client_1.pt
2025-11-01 14:00:42.301 | INFO     | agents.servers.serverFedMSE:train_on_clients:54 - Client 2 gets new best val_loss at epoch #100: 0.000958
2025-11-01 14:00:42.303 | INFO     | agents.servers.serverFedMSE:train_on_clients:70 - Saved model for client 2 at epoch 100 -> saved_models/FedMSE/FedMSE/wsn_ds/epoch_100_client_2.pt
2025-11-01 14:00:42.587 | INFO     | agents.servers.serverFedMSE:train_on_clients:70 - Saved model for client 3 at epoch 100 -> saved_models/FedMSE/FedMSE/wsn_ds/epoch_100_client_3.pt
2025-11-01 14:00:42.869 | INFO     | agents.servers.serverFedMSE:train_on_clients:70 - Saved model for client 4 at epoch 100 -> saved_models/FedMSE/FedMSE/wsn_ds/epoch_100_client_4.pt
2025-11-01 14:00:43.153 | INFO     | agents.servers.serverFedMSE:train_on_clients:54 - Client 5 gets new best val_loss at epoch #100: 0.001039
2025-11-01 14:00:43.155 | INFO     | agents.servers.serverFedMSE:train_on_clients:70 - Saved model for client 5 at epoch 100 -> saved_models/FedMSE/FedMSE/wsn_ds/epoch_100_client_5.pt
2025-11-01 14:00:43.440 | INFO     | agents.servers.serverFedMSE:train_on_clients:54 - Client 6 gets new best val_loss at epoch #100: 0.001057
2025-11-01 14:00:43.441 | INFO     | agents.servers.serverFedMSE:train_on_clients:70 - Saved model for client 6 at epoch 100 -> saved_models/FedMSE/FedMSE/wsn_ds/epoch_100_client_6.pt
2025-11-01 14:00:43.725 | INFO     | agents.servers.serverFedMSE:train_on_clients:70 - Saved model for client 7 at epoch 100 -> saved_models/FedMSE/FedMSE/wsn_ds/epoch_100_client_7.pt
2025-11-01 14:00:44.006 | INFO     | agents.servers.serverFedMSE:train_on_clients:70 - Saved model for client 8 at epoch 100 -> saved_models/FedMSE/FedMSE/wsn_ds/epoch_100_client_8.pt
2025-11-01 14:00:44.291 | INFO     | agents.servers.serverFedMSE:train_on_clients:70 - Saved model for client 9 at epoch 100 -> saved_models/FedMSE/FedMSE/wsn_ds/epoch_100_client_9.pt
2025-11-01 14:00:44.577 | INFO     | agents.servers.serverFedMSE:train_on_clients:54 - Client 10 gets new best val_loss at epoch #100: 0.001041
2025-11-01 14:00:44.578 | INFO     | agents.servers.serverFedMSE:train_on_clients:70 - Saved model for client 10 at epoch 100 -> saved_models/FedMSE/FedMSE/wsn_ds/epoch_100_client_10.pt
2025-11-01 14:00:44.865 | INFO     | agents.servers.serverFedMSE:train_on_clients:70 - Saved model for client 11 at epoch 100 -> saved_models/FedMSE/FedMSE/wsn_ds/epoch_100_client_11.pt
2025-11-01 14:00:45.148 | INFO     | agents.servers.serverFedMSE:train_on_clients:70 - Saved model for client 12 at epoch 100 -> saved_models/FedMSE/FedMSE/wsn_ds/epoch_100_client_12.pt
2025-11-01 14:00:45.441 | INFO     | agents.servers.serverFedMSE:train_on_clients:70 - Saved model for client 13 at epoch 100 -> saved_models/FedMSE/FedMSE/wsn_ds/epoch_100_client_13.pt
2025-11-01 14:00:45.727 | INFO     | agents.servers.serverFedMSE:train_on_clients:54 - Client 14 gets new best val_loss at epoch #100: 0.001120
2025-11-01 14:00:45.729 | INFO     | agents.servers.serverFedMSE:train_on_clients:70 - Saved model for client 14 at epoch 100 -> saved_models/FedMSE/FedMSE/wsn_ds/epoch_100_client_14.pt
2025-11-01 14:00:46.014 | INFO     | agents.servers.serverFedMSE:train_on_clients:70 - Saved model for client 15 at epoch 100 -> saved_models/FedMSE/FedMSE/wsn_ds/epoch_100_client_15.pt
2025-11-01 14:00:46.299 | INFO     | agents.servers.serverFedMSE:train_on_clients:70 - Saved model for client 16 at epoch 100 -> saved_models/FedMSE/FedMSE/wsn_ds/epoch_100_client_16.pt
2025-11-01 14:00:46.586 | INFO     | agents.servers.serverFedMSE:train_on_clients:70 - Saved model for client 17 at epoch 100 -> saved_models/FedMSE/FedMSE/wsn_ds/epoch_100_client_17.pt
2025-11-01 14:00:46.870 | INFO     | agents.servers.serverFedMSE:train_on_clients:70 - Saved model for client 18 at epoch 100 -> saved_models/FedMSE/FedMSE/wsn_ds/epoch_100_client_18.pt
2025-11-01 14:00:47.155 | INFO     | agents.servers.serverFedMSE:train_on_clients:54 - Client 19 gets new best val_loss at epoch #100: 0.001141
2025-11-01 14:00:47.157 | INFO     | agents.servers.serverFedMSE:train_on_clients:70 - Saved model for client 19 at epoch 100 -> saved_models/FedMSE/FedMSE/wsn_ds/epoch_100_client_19.pt
2025-11-01 14:00:47.158 | INFO     | agents.servers.serverFedMSE:train_on_clients:76 - 20 clients still training at epoch #100
2025-11-01 14:01:27.489 | INFO     | agents.servers.serverFedMSE:train_on_clients:32 - Training FedMSE model epoch #101
2025-11-01 14:01:27.768 | INFO     | agents.servers.serverFedMSE:train_on_clients:54 - Client 0 gets new best val_loss at epoch #101: 0.000903
2025-11-01 14:01:28.317 | INFO     | agents.servers.serverFedMSE:train_on_clients:54 - Client 2 gets new best val_loss at epoch #101: 0.000954
2025-11-01 14:01:28.872 | INFO     | agents.servers.serverFedMSE:train_on_clients:54 - Client 4 gets new best val_loss at epoch #101: 0.001078
2025-11-01 14:01:29.151 | INFO     | agents.servers.serverFedMSE:train_on_clients:54 - Client 5 gets new best val_loss at epoch #101: 0.001031
2025-11-01 14:01:29.430 | INFO     | agents.servers.serverFedMSE:train_on_clients:54 - Client 6 gets new best val_loss at epoch #101: 0.001051
2025-11-01 14:01:30.524 | INFO     | agents.servers.serverFedMSE:train_on_clients:54 - Client 10 gets new best val_loss at epoch #101: 0.001036
2025-11-01 14:01:31.347 | INFO     | agents.servers.serverFedMSE:train_on_clients:54 - Client 13 gets new best val_loss at epoch #101: 0.001002
2025-11-01 14:01:31.892 | INFO     | agents.servers.serverFedMSE:train_on_clients:54 - Client 15 gets new best val_loss at epoch #101: 0.001109
2025-11-01 14:01:32.167 | INFO     | agents.servers.serverFedMSE:train_on_clients:54 - Client 16 gets new best val_loss at epoch #101: 0.001083
2025-11-01 14:01:32.714 | INFO     | agents.servers.serverFedMSE:train_on_clients:54 - Client 18 gets new best val_loss at epoch #101: 0.000989
2025-11-01 14:01:32.987 | INFO     | agents.servers.serverFedMSE:train_on_clients:76 - 20 clients still training at epoch #101
2025-11-01 14:02:13.241 | INFO     | agents.servers.serverFedMSE:train_on_clients:32 - Training FedMSE model epoch #102
2025-11-01 14:02:13.513 | INFO     | agents.servers.serverFedMSE:train_on_clients:54 - Client 0 gets new best val_loss at epoch #102: 0.000900
2025-11-01 14:02:13.787 | INFO     | agents.servers.serverFedMSE:train_on_clients:54 - Client 1 gets new best val_loss at epoch #102: 0.001064
2025-11-01 14:02:14.065 | INFO     | agents.servers.serverFedMSE:train_on_clients:54 - Client 2 gets new best val_loss at epoch #102: 0.000950
2025-11-01 14:02:14.899 | INFO     | agents.servers.serverFedMSE:train_on_clients:54 - Client 5 gets new best val_loss at epoch #102: 0.001026
2025-11-01 14:02:15.452 | INFO     | agents.servers.serverFedMSE:train_on_clients:54 - Client 7 gets new best val_loss at epoch #102: 0.000889
2025-11-01 14:02:15.728 | INFO     | agents.servers.serverFedMSE:train_on_clients:54 - Client 8 gets new best val_loss at epoch #102: 0.001037
2025-11-01 14:02:16.007 | INFO     | agents.servers.serverFedMSE:train_on_clients:54 - Client 9 gets new best val_loss at epoch #102: 0.001021
2025-11-01 14:02:16.279 | INFO     | agents.servers.serverFedMSE:train_on_clients:54 - Client 10 gets new best val_loss at epoch #102: 0.001035
2025-11-01 14:02:16.557 | INFO     | agents.servers.serverFedMSE:train_on_clients:54 - Client 11 gets new best val_loss at epoch #102: 0.000935
2025-11-01 14:02:18.746 | INFO     | agents.servers.serverFedMSE:train_on_clients:76 - 20 clients still training at epoch #102
2025-11-01 14:02:59.113 | INFO     | agents.servers.serverFedMSE:train_on_clients:32 - Training FedMSE model epoch #103
2025-11-01 14:02:59.398 | INFO     | agents.servers.serverFedMSE:train_on_clients:54 - Client 0 gets new best val_loss at epoch #103: 0.000890
2025-11-01 14:02:59.960 | INFO     | agents.servers.serverFedMSE:train_on_clients:54 - Client 2 gets new best val_loss at epoch #103: 0.000943
2025-11-01 14:03:00.244 | INFO     | agents.servers.serverFedMSE:train_on_clients:54 - Client 3 gets new best val_loss at epoch #103: 0.001117
2025-11-01 14:03:00.807 | INFO     | agents.servers.serverFedMSE:train_on_clients:54 - Client 5 gets new best val_loss at epoch #103: 0.001022
2025-11-01 14:03:01.098 | INFO     | agents.servers.serverFedMSE:train_on_clients:54 - Client 6 gets new best val_loss at epoch #103: 0.001036
2025-11-01 14:03:02.222 | INFO     | agents.servers.serverFedMSE:train_on_clients:54 - Client 10 gets new best val_loss at epoch #103: 0.001023
2025-11-01 14:03:03.058 | INFO     | agents.servers.serverFedMSE:train_on_clients:54 - Client 13 gets new best val_loss at epoch #103: 0.001001
2025-11-01 14:03:03.621 | INFO     | agents.servers.serverFedMSE:train_on_clients:54 - Client 15 gets new best val_loss at epoch #103: 0.001096
2025-11-01 14:03:03.902 | INFO     | agents.servers.serverFedMSE:train_on_clients:54 - Client 16 gets new best val_loss at epoch #103: 0.001057
2025-11-01 14:03:04.750 | INFO     | agents.servers.serverFedMSE:train_on_clients:76 - 20 clients still training at epoch #103
2025-11-01 14:03:44.973 | INFO     | agents.servers.serverFedMSE:train_on_clients:32 - Training FedMSE model epoch #104
2025-11-01 14:03:45.259 | INFO     | agents.servers.serverFedMSE:train_on_clients:54 - Client 0 gets new best val_loss at epoch #104: 0.000882
2025-11-01 14:03:46.666 | INFO     | agents.servers.serverFedMSE:train_on_clients:54 - Client 5 gets new best val_loss at epoch #104: 0.001015
2025-11-01 14:03:48.064 | INFO     | agents.servers.serverFedMSE:train_on_clients:54 - Client 10 gets new best val_loss at epoch #104: 0.001019
2025-11-01 14:03:48.347 | INFO     | agents.servers.serverFedMSE:train_on_clients:54 - Client 11 gets new best val_loss at epoch #104: 0.000934
2025-11-01 14:03:49.203 | INFO     | agents.servers.serverFedMSE:train_on_clients:54 - Client 14 gets new best val_loss at epoch #104: 0.001072
2025-11-01 14:03:50.606 | INFO     | agents.servers.serverFedMSE:train_on_clients:54 - Client 19 gets new best val_loss at epoch #104: 0.001078
2025-11-01 14:03:50.608 | INFO     | agents.servers.serverFedMSE:train_on_clients:76 - 20 clients still training at epoch #104
2025-11-01 14:04:30.902 | INFO     | agents.servers.serverFedMSE:train_on_clients:32 - Training FedMSE model epoch #105
2025-11-01 14:04:31.191 | INFO     | agents.servers.serverFedMSE:train_on_clients:54 - Client 0 gets new best val_loss at epoch #105: 0.000872
2025-11-01 14:04:32.038 | INFO     | agents.servers.serverFedMSE:train_on_clients:54 - Client 3 gets new best val_loss at epoch #105: 0.001072
2025-11-01 14:04:32.613 | INFO     | agents.servers.serverFedMSE:train_on_clients:54 - Client 5 gets new best val_loss at epoch #105: 0.001009
2025-11-01 14:04:33.175 | INFO     | agents.servers.serverFedMSE:train_on_clients:54 - Client 7 gets new best val_loss at epoch #105: 0.000887
2025-11-01 14:04:34.018 | INFO     | agents.servers.serverFedMSE:train_on_clients:54 - Client 10 gets new best val_loss at epoch #105: 0.001012
2025-11-01 14:04:34.859 | INFO     | agents.servers.serverFedMSE:train_on_clients:54 - Client 13 gets new best val_loss at epoch #105: 0.000988
2025-11-01 14:04:35.424 | INFO     | agents.servers.serverFedMSE:train_on_clients:54 - Client 15 gets new best val_loss at epoch #105: 0.001086
2025-11-01 14:04:35.986 | INFO     | agents.servers.serverFedMSE:train_on_clients:54 - Client 17 gets new best val_loss at epoch #105: 0.000927
2025-11-01 14:04:36.558 | INFO     | agents.servers.serverFedMSE:train_on_clients:76 - 20 clients still training at epoch #105
2025-11-01 14:05:16.820 | INFO     | agents.servers.serverFedMSE:train_on_clients:32 - Training FedMSE model epoch #106
2025-11-01 14:05:17.106 | INFO     | agents.servers.serverFedMSE:train_on_clients:54 - Client 0 gets new best val_loss at epoch #106: 0.000863
2025-11-01 14:05:17.670 | INFO     | agents.servers.serverFedMSE:train_on_clients:54 - Client 2 gets new best val_loss at epoch #106: 0.000931
2025-11-01 14:05:21.880 | INFO     | agents.servers.serverFedMSE:train_on_clients:54 - Client 17 gets new best val_loss at epoch #106: 0.000916
2025-11-01 14:05:22.443 | INFO     | agents.servers.serverFedMSE:train_on_clients:76 - 20 clients still training at epoch #106
2025-11-01 14:06:02.584 | INFO     | agents.servers.serverFedMSE:train_on_clients:32 - Training FedMSE model epoch #107
2025-11-01 14:06:02.874 | INFO     | agents.servers.serverFedMSE:train_on_clients:54 - Client 0 gets new best val_loss at epoch #107: 0.000859
2025-11-01 14:06:03.161 | INFO     | agents.servers.serverFedMSE:train_on_clients:54 - Client 1 gets new best val_loss at epoch #107: 0.001049
2025-11-01 14:06:03.451 | INFO     | agents.servers.serverFedMSE:train_on_clients:54 - Client 2 gets new best val_loss at epoch #107: 0.000931
2025-11-01 14:06:04.022 | INFO     | agents.servers.serverFedMSE:train_on_clients:54 - Client 4 gets new best val_loss at epoch #107: 0.001027
2025-11-01 14:06:04.307 | INFO     | agents.servers.serverFedMSE:train_on_clients:54 - Client 5 gets new best val_loss at epoch #107: 0.001005
2025-11-01 14:06:04.594 | INFO     | agents.servers.serverFedMSE:train_on_clients:54 - Client 6 gets new best val_loss at epoch #107: 0.001006
2025-11-01 14:06:07.121 | INFO     | agents.servers.serverFedMSE:train_on_clients:54 - Client 15 gets new best val_loss at epoch #107: 0.001022
2025-11-01 14:06:08.247 | INFO     | agents.servers.serverFedMSE:train_on_clients:76 - 20 clients still training at epoch #107
2025-11-01 14:06:48.322 | INFO     | agents.servers.serverFedMSE:train_on_clients:32 - Training FedMSE model epoch #108
2025-11-01 14:06:48.605 | INFO     | agents.servers.serverFedMSE:train_on_clients:54 - Client 0 gets new best val_loss at epoch #108: 0.000859
2025-11-01 14:06:50.607 | INFO     | agents.servers.serverFedMSE:train_on_clients:54 - Client 7 gets new best val_loss at epoch #108: 0.000880
2025-11-01 14:06:51.176 | INFO     | agents.servers.serverFedMSE:train_on_clients:54 - Client 9 gets new best val_loss at epoch #108: 0.000989
2025-11-01 14:06:51.458 | INFO     | agents.servers.serverFedMSE:train_on_clients:54 - Client 10 gets new best val_loss at epoch #108: 0.001011
2025-11-01 14:06:52.026 | INFO     | agents.servers.serverFedMSE:train_on_clients:54 - Client 12 gets new best val_loss at epoch #108: 0.000956
2025-11-01 14:06:53.163 | INFO     | agents.servers.serverFedMSE:train_on_clients:54 - Client 16 gets new best val_loss at epoch #108: 0.001041
2025-11-01 14:06:54.015 | INFO     | agents.servers.serverFedMSE:train_on_clients:76 - 20 clients still training at epoch #108
2025-11-01 14:07:34.098 | INFO     | agents.servers.serverFedMSE:train_on_clients:32 - Training FedMSE model epoch #109
2025-11-01 14:07:34.391 | INFO     | agents.servers.serverFedMSE:train_on_clients:54 - Client 0 gets new best val_loss at epoch #109: 0.000857
2025-11-01 14:07:34.679 | INFO     | agents.servers.serverFedMSE:train_on_clients:54 - Client 1 gets new best val_loss at epoch #109: 0.001029
2025-11-01 14:07:36.373 | INFO     | agents.servers.serverFedMSE:train_on_clients:54 - Client 7 gets new best val_loss at epoch #109: 0.000803
2025-11-01 14:07:37.224 | INFO     | agents.servers.serverFedMSE:train_on_clients:54 - Client 10 gets new best val_loss at epoch #109: 0.001006
2025-11-01 14:07:37.512 | INFO     | agents.servers.serverFedMSE:train_on_clients:54 - Client 11 gets new best val_loss at epoch #109: 0.000924
2025-11-01 14:07:38.096 | INFO     | agents.servers.serverFedMSE:train_on_clients:54 - Client 13 gets new best val_loss at epoch #109: 0.000982
2025-11-01 14:07:38.665 | INFO     | agents.servers.serverFedMSE:train_on_clients:54 - Client 15 gets new best val_loss at epoch #109: 0.001016
2025-11-01 14:07:38.943 | INFO     | agents.servers.serverFedMSE:train_on_clients:54 - Client 16 gets new best val_loss at epoch #109: 0.001035
2025-11-01 14:07:39.800 | INFO     | agents.servers.serverFedMSE:train_on_clients:76 - 20 clients still training at epoch #109
2025-11-01 14:08:19.903 | INFO     | agents.servers.serverFedMSE:train_on_clients:32 - Training FedMSE model epoch #110
2025-11-01 14:08:20.185 | INFO     | agents.servers.serverFedMSE:train_on_clients:54 - Client 0 gets new best val_loss at epoch #110: 0.000848
2025-11-01 14:08:20.188 | INFO     | agents.servers.serverFedMSE:train_on_clients:70 - Saved model for client 0 at epoch 110 -> saved_models/FedMSE/FedMSE/wsn_ds/epoch_110_client_0.pt
2025-11-01 14:08:20.470 | INFO     | agents.servers.serverFedMSE:train_on_clients:70 - Saved model for client 1 at epoch 110 -> saved_models/FedMSE/FedMSE/wsn_ds/epoch_110_client_1.pt
2025-11-01 14:08:20.754 | INFO     | agents.servers.serverFedMSE:train_on_clients:70 - Saved model for client 2 at epoch 110 -> saved_models/FedMSE/FedMSE/wsn_ds/epoch_110_client_2.pt
2025-11-01 14:08:21.036 | INFO     | agents.servers.serverFedMSE:train_on_clients:70 - Saved model for client 3 at epoch 110 -> saved_models/FedMSE/FedMSE/wsn_ds/epoch_110_client_3.pt
2025-11-01 14:08:21.323 | INFO     | agents.servers.serverFedMSE:train_on_clients:70 - Saved model for client 4 at epoch 110 -> saved_models/FedMSE/FedMSE/wsn_ds/epoch_110_client_4.pt
2025-11-01 14:08:21.603 | INFO     | agents.servers.serverFedMSE:train_on_clients:70 - Saved model for client 5 at epoch 110 -> saved_models/FedMSE/FedMSE/wsn_ds/epoch_110_client_5.pt
2025-11-01 14:08:21.884 | INFO     | agents.servers.serverFedMSE:train_on_clients:54 - Client 6 gets new best val_loss at epoch #110: 0.001006
2025-11-01 14:08:21.886 | INFO     | agents.servers.serverFedMSE:train_on_clients:70 - Saved model for client 6 at epoch 110 -> saved_models/FedMSE/FedMSE/wsn_ds/epoch_110_client_6.pt
2025-11-01 14:08:22.169 | INFO     | agents.servers.serverFedMSE:train_on_clients:70 - Saved model for client 7 at epoch 110 -> saved_models/FedMSE/FedMSE/wsn_ds/epoch_110_client_7.pt
2025-11-01 14:08:22.457 | INFO     | agents.servers.serverFedMSE:train_on_clients:54 - Client 8 gets new best val_loss at epoch #110: 0.001006
2025-11-01 14:08:22.459 | INFO     | agents.servers.serverFedMSE:train_on_clients:70 - Saved model for client 8 at epoch 110 -> saved_models/FedMSE/FedMSE/wsn_ds/epoch_110_client_8.pt
2025-11-01 14:08:22.738 | INFO     | agents.servers.serverFedMSE:train_on_clients:70 - Saved model for client 9 at epoch 110 -> saved_models/FedMSE/FedMSE/wsn_ds/epoch_110_client_9.pt
2025-11-01 14:08:23.024 | INFO     | agents.servers.serverFedMSE:train_on_clients:70 - Saved model for client 10 at epoch 110 -> saved_models/FedMSE/FedMSE/wsn_ds/epoch_110_client_10.pt
2025-11-01 14:08:23.304 | INFO     | agents.servers.serverFedMSE:train_on_clients:54 - Client 11 gets new best val_loss at epoch #110: 0.000910
2025-11-01 14:08:23.306 | INFO     | agents.servers.serverFedMSE:train_on_clients:70 - Saved model for client 11 at epoch 110 -> saved_models/FedMSE/FedMSE/wsn_ds/epoch_110_client_11.pt
2025-11-01 14:08:23.588 | INFO     | agents.servers.serverFedMSE:train_on_clients:70 - Saved model for client 12 at epoch 110 -> saved_models/FedMSE/FedMSE/wsn_ds/epoch_110_client_12.pt
2025-11-01 14:08:23.870 | INFO     | agents.servers.serverFedMSE:train_on_clients:54 - Client 13 gets new best val_loss at epoch #110: 0.000965
2025-11-01 14:08:23.872 | INFO     | agents.servers.serverFedMSE:train_on_clients:70 - Saved model for client 13 at epoch 110 -> saved_models/FedMSE/FedMSE/wsn_ds/epoch_110_client_13.pt
2025-11-01 14:08:24.156 | INFO     | agents.servers.serverFedMSE:train_on_clients:70 - Saved model for client 14 at epoch 110 -> saved_models/FedMSE/FedMSE/wsn_ds/epoch_110_client_14.pt
2025-11-01 14:08:24.444 | INFO     | agents.servers.serverFedMSE:train_on_clients:70 - Saved model for client 15 at epoch 110 -> saved_models/FedMSE/FedMSE/wsn_ds/epoch_110_client_15.pt
2025-11-01 14:08:24.731 | INFO     | agents.servers.serverFedMSE:train_on_clients:70 - Saved model for client 16 at epoch 110 -> saved_models/FedMSE/FedMSE/wsn_ds/epoch_110_client_16.pt
2025-11-01 14:08:25.004 | INFO     | agents.servers.serverFedMSE:train_on_clients:70 - Saved model for client 17 at epoch 110 -> saved_models/FedMSE/FedMSE/wsn_ds/epoch_110_client_17.pt
2025-11-01 14:08:25.278 | INFO     | agents.servers.serverFedMSE:train_on_clients:54 - Client 18 gets new best val_loss at epoch #110: 0.000960
2025-11-01 14:08:25.280 | INFO     | agents.servers.serverFedMSE:train_on_clients:70 - Saved model for client 18 at epoch 110 -> saved_models/FedMSE/FedMSE/wsn_ds/epoch_110_client_18.pt
2025-11-01 14:08:25.555 | INFO     | agents.servers.serverFedMSE:train_on_clients:54 - Client 19 gets new best val_loss at epoch #110: 0.001049
2025-11-01 14:08:25.556 | INFO     | agents.servers.serverFedMSE:train_on_clients:70 - Saved model for client 19 at epoch 110 -> saved_models/FedMSE/FedMSE/wsn_ds/epoch_110_client_19.pt
2025-11-01 14:08:25.558 | INFO     | agents.servers.serverFedMSE:train_on_clients:76 - 20 clients still training at epoch #110
2025-11-01 14:09:05.779 | INFO     | agents.servers.serverFedMSE:train_on_clients:32 - Training FedMSE model epoch #111
2025-11-01 14:09:06.063 | INFO     | agents.servers.serverFedMSE:train_on_clients:54 - Client 0 gets new best val_loss at epoch #111: 0.000843
2025-11-01 14:09:06.352 | INFO     | agents.servers.serverFedMSE:train_on_clients:54 - Client 1 gets new best val_loss at epoch #111: 0.001009
2025-11-01 14:09:09.184 | INFO     | agents.servers.serverFedMSE:train_on_clients:54 - Client 11 gets new best val_loss at epoch #111: 0.000902
2025-11-01 14:09:11.423 | INFO     | agents.servers.serverFedMSE:train_on_clients:76 - 20 clients still training at epoch #111
2025-11-01 14:09:51.537 | INFO     | agents.servers.serverFedMSE:train_on_clients:32 - Training FedMSE model epoch #112
2025-11-01 14:09:51.820 | INFO     | agents.servers.serverFedMSE:train_on_clients:54 - Client 0 gets new best val_loss at epoch #112: 0.000833
2025-11-01 14:09:52.377 | INFO     | agents.servers.serverFedMSE:train_on_clients:54 - Client 2 gets new best val_loss at epoch #112: 0.000915
2025-11-01 14:09:52.938 | INFO     | agents.servers.serverFedMSE:train_on_clients:54 - Client 4 gets new best val_loss at epoch #112: 0.001020
2025-11-01 14:09:55.464 | INFO     | agents.servers.serverFedMSE:train_on_clients:54 - Client 13 gets new best val_loss at epoch #112: 0.000958
2025-11-01 14:09:56.027 | INFO     | agents.servers.serverFedMSE:train_on_clients:54 - Client 15 gets new best val_loss at epoch #112: 0.000983
2025-11-01 14:09:56.872 | INFO     | agents.servers.serverFedMSE:train_on_clients:54 - Client 18 gets new best val_loss at epoch #112: 0.000930
2025-11-01 14:09:57.150 | INFO     | agents.servers.serverFedMSE:train_on_clients:76 - 20 clients still training at epoch #112
2025-11-01 14:10:37.161 | INFO     | agents.servers.serverFedMSE:train_on_clients:32 - Training FedMSE model epoch #113
2025-11-01 14:10:37.443 | INFO     | agents.servers.serverFedMSE:train_on_clients:54 - Client 0 gets new best val_loss at epoch #113: 0.000831
2025-11-01 14:10:38.564 | INFO     | agents.servers.serverFedMSE:train_on_clients:54 - Client 4 gets new best val_loss at epoch #113: 0.000959
2025-11-01 14:10:38.847 | INFO     | agents.servers.serverFedMSE:train_on_clients:54 - Client 5 gets new best val_loss at epoch #113: 0.000994
2025-11-01 14:10:39.687 | INFO     | agents.servers.serverFedMSE:train_on_clients:54 - Client 8 gets new best val_loss at epoch #113: 0.001003
2025-11-01 14:10:39.968 | INFO     | agents.servers.serverFedMSE:train_on_clients:54 - Client 9 gets new best val_loss at epoch #113: 0.000981
2025-11-01 14:10:41.943 | INFO     | agents.servers.serverFedMSE:train_on_clients:54 - Client 16 gets new best val_loss at epoch #113: 0.000987
2025-11-01 14:10:42.225 | INFO     | agents.servers.serverFedMSE:train_on_clients:54 - Client 17 gets new best val_loss at epoch #113: 0.000888
2025-11-01 14:10:42.787 | INFO     | agents.servers.serverFedMSE:train_on_clients:76 - 20 clients still training at epoch #113
2025-11-01 14:11:22.718 | INFO     | agents.servers.serverFedMSE:train_on_clients:32 - Training FedMSE model epoch #114
2025-11-01 14:11:23.004 | INFO     | agents.servers.serverFedMSE:train_on_clients:54 - Client 0 gets new best val_loss at epoch #114: 0.000827
2025-11-01 14:11:23.834 | INFO     | agents.servers.serverFedMSE:train_on_clients:54 - Client 3 gets new best val_loss at epoch #114: 0.001038
2025-11-01 14:11:25.802 | INFO     | agents.servers.serverFedMSE:train_on_clients:54 - Client 10 gets new best val_loss at epoch #114: 0.000974
2025-11-01 14:11:28.306 | INFO     | agents.servers.serverFedMSE:train_on_clients:76 - 20 clients still training at epoch #114
2025-11-01 14:12:08.247 | INFO     | agents.servers.serverFedMSE:train_on_clients:32 - Training FedMSE model epoch #115
2025-11-01 14:12:08.816 | INFO     | agents.servers.serverFedMSE:train_on_clients:54 - Client 1 gets new best val_loss at epoch #115: 0.000981
2025-11-01 14:12:10.500 | INFO     | agents.servers.serverFedMSE:train_on_clients:54 - Client 7 gets new best val_loss at epoch #115: 0.000797
2025-11-01 14:12:13.846 | INFO     | agents.servers.serverFedMSE:train_on_clients:76 - 20 clients still training at epoch #115
2025-11-01 14:12:53.603 | INFO     | agents.servers.serverFedMSE:train_on_clients:32 - Training FedMSE model epoch #116
2025-11-01 14:12:54.449 | INFO     | agents.servers.serverFedMSE:train_on_clients:54 - Client 2 gets new best val_loss at epoch #116: 0.000898
2025-11-01 14:12:54.730 | INFO     | agents.servers.serverFedMSE:train_on_clients:54 - Client 3 gets new best val_loss at epoch #116: 0.001030
2025-11-01 14:12:55.008 | INFO     | agents.servers.serverFedMSE:train_on_clients:54 - Client 4 gets new best val_loss at epoch #116: 0.000943
2025-11-01 14:12:55.569 | INFO     | agents.servers.serverFedMSE:train_on_clients:54 - Client 6 gets new best val_loss at epoch #116: 0.000982
2025-11-01 14:12:56.685 | INFO     | agents.servers.serverFedMSE:train_on_clients:54 - Client 10 gets new best val_loss at epoch #116: 0.000946
2025-11-01 14:12:57.809 | INFO     | agents.servers.serverFedMSE:train_on_clients:54 - Client 14 gets new best val_loss at epoch #116: 0.001070
2025-11-01 14:12:59.217 | INFO     | agents.servers.serverFedMSE:train_on_clients:76 - 20 clients still training at epoch #116
2025-11-01 14:13:39.159 | INFO     | agents.servers.serverFedMSE:train_on_clients:32 - Training FedMSE model epoch #117
2025-11-01 14:13:39.441 | INFO     | agents.servers.serverFedMSE:train_on_clients:54 - Client 0 gets new best val_loss at epoch #117: 0.000824
2025-11-01 14:13:39.727 | INFO     | agents.servers.serverFedMSE:train_on_clients:54 - Client 1 gets new best val_loss at epoch #117: 0.000975
2025-11-01 14:13:42.522 | INFO     | agents.servers.serverFedMSE:train_on_clients:54 - Client 11 gets new best val_loss at epoch #117: 0.000858
2025-11-01 14:13:43.090 | INFO     | agents.servers.serverFedMSE:train_on_clients:54 - Client 13 gets new best val_loss at epoch #117: 0.000947
2025-11-01 14:13:44.505 | INFO     | agents.servers.serverFedMSE:train_on_clients:54 - Client 18 gets new best val_loss at epoch #117: 0.000905
2025-11-01 14:13:44.789 | INFO     | agents.servers.serverFedMSE:train_on_clients:54 - Client 19 gets new best val_loss at epoch #117: 0.001018
2025-11-01 14:13:44.791 | INFO     | agents.servers.serverFedMSE:train_on_clients:76 - 20 clients still training at epoch #117
2025-11-01 14:14:24.740 | INFO     | agents.servers.serverFedMSE:train_on_clients:32 - Training FedMSE model epoch #118
2025-11-01 14:14:25.024 | INFO     | agents.servers.serverFedMSE:train_on_clients:54 - Client 0 gets new best val_loss at epoch #118: 0.000820
2025-11-01 14:14:25.878 | INFO     | agents.servers.serverFedMSE:train_on_clients:54 - Client 3 gets new best val_loss at epoch #118: 0.000969
2025-11-01 14:14:26.729 | INFO     | agents.servers.serverFedMSE:train_on_clients:54 - Client 6 gets new best val_loss at epoch #118: 0.000966
2025-11-01 14:14:27.296 | INFO     | agents.servers.serverFedMSE:train_on_clients:54 - Client 8 gets new best val_loss at epoch #118: 0.000972
2025-11-01 14:14:28.988 | INFO     | agents.servers.serverFedMSE:train_on_clients:54 - Client 14 gets new best val_loss at epoch #118: 0.001062
2025-11-01 14:14:30.401 | INFO     | agents.servers.serverFedMSE:train_on_clients:76 - 20 clients still training at epoch #118
2025-11-01 14:15:04.649 | INFO     | agents.servers.serverFedMSE:train_on_clients:32 - Training FedMSE model epoch #119
2025-11-01 14:15:05.175 | INFO     | agents.servers.serverFedMSE:train_on_clients:54 - Client 1 gets new best val_loss at epoch #119: 0.000962
2025-11-01 14:15:07.344 | INFO     | agents.servers.serverFedMSE:train_on_clients:54 - Client 9 gets new best val_loss at epoch #119: 0.000981
2025-11-01 14:15:08.477 | INFO     | agents.servers.serverFedMSE:train_on_clients:54 - Client 13 gets new best val_loss at epoch #119: 0.000924
2025-11-01 14:15:09.327 | INFO     | agents.servers.serverFedMSE:train_on_clients:54 - Client 16 gets new best val_loss at epoch #119: 0.000966
2025-11-01 14:15:10.163 | INFO     | agents.servers.serverFedMSE:train_on_clients:76 - 20 clients still training at epoch #119
2025-11-01 14:15:50.565 | INFO     | agents.servers.serverFedMSE:train_on_clients:32 - Training FedMSE model epoch #120
2025-11-01 14:15:50.845 | INFO     | agents.servers.serverFedMSE:train_on_clients:70 - Saved model for client 0 at epoch 120 -> saved_models/FedMSE/FedMSE/wsn_ds/epoch_120_client_0.pt
2025-11-01 14:15:51.126 | INFO     | agents.servers.serverFedMSE:train_on_clients:54 - Client 1 gets new best val_loss at epoch #120: 0.000950
2025-11-01 14:15:51.129 | INFO     | agents.servers.serverFedMSE:train_on_clients:70 - Saved model for client 1 at epoch 120 -> saved_models/FedMSE/FedMSE/wsn_ds/epoch_120_client_1.pt
2025-11-01 14:15:51.411 | INFO     | agents.servers.serverFedMSE:train_on_clients:70 - Saved model for client 2 at epoch 120 -> saved_models/FedMSE/FedMSE/wsn_ds/epoch_120_client_2.pt
2025-11-01 14:15:51.696 | INFO     | agents.servers.serverFedMSE:train_on_clients:70 - Saved model for client 3 at epoch 120 -> saved_models/FedMSE/FedMSE/wsn_ds/epoch_120_client_3.pt
2025-11-01 14:15:51.979 | INFO     | agents.servers.serverFedMSE:train_on_clients:54 - Client 4 gets new best val_loss at epoch #120: 0.000917
2025-11-01 14:15:51.981 | INFO     | agents.servers.serverFedMSE:train_on_clients:70 - Saved model for client 4 at epoch 120 -> saved_models/FedMSE/FedMSE/wsn_ds/epoch_120_client_4.pt
2025-11-01 14:15:52.262 | INFO     | agents.servers.serverFedMSE:train_on_clients:70 - Saved model for client 5 at epoch 120 -> saved_models/FedMSE/FedMSE/wsn_ds/epoch_120_client_5.pt
2025-11-01 14:15:52.547 | INFO     | agents.servers.serverFedMSE:train_on_clients:70 - Saved model for client 6 at epoch 120 -> saved_models/FedMSE/FedMSE/wsn_ds/epoch_120_client_6.pt
2025-11-01 14:15:52.825 | INFO     | agents.servers.serverFedMSE:train_on_clients:70 - Saved model for client 7 at epoch 120 -> saved_models/FedMSE/FedMSE/wsn_ds/epoch_120_client_7.pt
2025-11-01 14:15:53.103 | INFO     | agents.servers.serverFedMSE:train_on_clients:70 - Saved model for client 8 at epoch 120 -> saved_models/FedMSE/FedMSE/wsn_ds/epoch_120_client_8.pt
2025-11-01 14:15:53.383 | INFO     | agents.servers.serverFedMSE:train_on_clients:70 - Saved model for client 9 at epoch 120 -> saved_models/FedMSE/FedMSE/wsn_ds/epoch_120_client_9.pt
2025-11-01 14:15:53.661 | INFO     | agents.servers.serverFedMSE:train_on_clients:70 - Saved model for client 10 at epoch 120 -> saved_models/FedMSE/FedMSE/wsn_ds/epoch_120_client_10.pt
2025-11-01 14:15:53.942 | INFO     | agents.servers.serverFedMSE:train_on_clients:54 - Client 11 gets new best val_loss at epoch #120: 0.000842
2025-11-01 14:15:53.944 | INFO     | agents.servers.serverFedMSE:train_on_clients:70 - Saved model for client 11 at epoch 120 -> saved_models/FedMSE/FedMSE/wsn_ds/epoch_120_client_11.pt
2025-11-01 14:15:54.223 | INFO     | agents.servers.serverFedMSE:train_on_clients:54 - Client 12 gets new best val_loss at epoch #120: 0.000952
2025-11-01 14:15:54.225 | INFO     | agents.servers.serverFedMSE:train_on_clients:70 - Saved model for client 12 at epoch 120 -> saved_models/FedMSE/FedMSE/wsn_ds/epoch_120_client_12.pt
2025-11-01 14:15:54.506 | INFO     | agents.servers.serverFedMSE:train_on_clients:70 - Saved model for client 13 at epoch 120 -> saved_models/FedMSE/FedMSE/wsn_ds/epoch_120_client_13.pt
2025-11-01 14:15:54.790 | INFO     | agents.servers.serverFedMSE:train_on_clients:70 - Saved model for client 14 at epoch 120 -> saved_models/FedMSE/FedMSE/wsn_ds/epoch_120_client_14.pt
2025-11-01 14:15:55.070 | INFO     | agents.servers.serverFedMSE:train_on_clients:70 - Saved model for client 15 at epoch 120 -> saved_models/FedMSE/FedMSE/wsn_ds/epoch_120_client_15.pt
2025-11-01 14:15:55.357 | INFO     | agents.servers.serverFedMSE:train_on_clients:70 - Saved model for client 16 at epoch 120 -> saved_models/FedMSE/FedMSE/wsn_ds/epoch_120_client_16.pt
2025-11-01 14:15:55.642 | INFO     | agents.servers.serverFedMSE:train_on_clients:70 - Saved model for client 17 at epoch 120 -> saved_models/FedMSE/FedMSE/wsn_ds/epoch_120_client_17.pt
2025-11-01 14:15:55.927 | INFO     | agents.servers.serverFedMSE:train_on_clients:70 - Saved model for client 18 at epoch 120 -> saved_models/FedMSE/FedMSE/wsn_ds/epoch_120_client_18.pt
2025-11-01 14:15:56.210 | INFO     | agents.servers.serverFedMSE:train_on_clients:70 - Saved model for client 19 at epoch 120 -> saved_models/FedMSE/FedMSE/wsn_ds/epoch_120_client_19.pt
2025-11-01 14:15:56.212 | INFO     | agents.servers.serverFedMSE:train_on_clients:76 - 20 clients still training at epoch #120
2025-11-01 14:16:36.465 | INFO     | agents.servers.serverFedMSE:train_on_clients:32 - Training FedMSE model epoch #121
2025-11-01 14:16:36.747 | INFO     | agents.servers.serverFedMSE:train_on_clients:54 - Client 0 gets new best val_loss at epoch #121: 0.000802
2025-11-01 14:16:37.305 | INFO     | agents.servers.serverFedMSE:train_on_clients:54 - Client 2 gets new best val_loss at epoch #121: 0.000893
2025-11-01 14:16:38.149 | INFO     | agents.servers.serverFedMSE:train_on_clients:54 - Client 5 gets new best val_loss at epoch #121: 0.000982
2025-11-01 14:16:39.273 | INFO     | agents.servers.serverFedMSE:train_on_clients:54 - Client 9 gets new best val_loss at epoch #121: 0.000968
2025-11-01 14:16:42.054 | INFO     | agents.servers.serverFedMSE:train_on_clients:76 - 20 clients still training at epoch #121
2025-11-01 14:17:22.508 | INFO     | agents.servers.serverFedMSE:train_on_clients:32 - Training FedMSE model epoch #122
2025-11-01 14:17:23.074 | INFO     | agents.servers.serverFedMSE:train_on_clients:54 - Client 1 gets new best val_loss at epoch #122: 0.000941
2025-11-01 14:17:23.915 | INFO     | agents.servers.serverFedMSE:train_on_clients:54 - Client 4 gets new best val_loss at epoch #122: 0.000907
2025-11-01 14:17:25.025 | INFO     | agents.servers.serverFedMSE:train_on_clients:54 - Client 8 gets new best val_loss at epoch #122: 0.000933
2025-11-01 14:17:25.594 | INFO     | agents.servers.serverFedMSE:train_on_clients:54 - Client 10 gets new best val_loss at epoch #122: 0.000938
2025-11-01 14:17:26.982 | INFO     | agents.servers.serverFedMSE:train_on_clients:54 - Client 15 gets new best val_loss at epoch #122: 0.000943
2025-11-01 14:17:27.535 | INFO     | agents.servers.serverFedMSE:train_on_clients:54 - Client 17 gets new best val_loss at epoch #122: 0.000887
2025-11-01 14:17:28.102 | INFO     | agents.servers.serverFedMSE:train_on_clients:76 - 20 clients still training at epoch #122
2025-11-01 14:18:08.400 | INFO     | agents.servers.serverFedMSE:train_on_clients:32 - Training FedMSE model epoch #123
2025-11-01 14:18:08.968 | INFO     | agents.servers.serverFedMSE:train_on_clients:54 - Client 1 gets new best val_loss at epoch #123: 0.000929
2025-11-01 14:18:10.081 | INFO     | agents.servers.serverFedMSE:train_on_clients:54 - Client 5 gets new best val_loss at epoch #123: 0.000971
2025-11-01 14:18:11.217 | INFO     | agents.servers.serverFedMSE:train_on_clients:54 - Client 9 gets new best val_loss at epoch #123: 0.000951
2025-11-01 14:18:12.053 | INFO     | agents.servers.serverFedMSE:train_on_clients:54 - Client 12 gets new best val_loss at epoch #123: 0.000940
2025-11-01 14:18:13.461 | INFO     | agents.servers.serverFedMSE:train_on_clients:54 - Client 17 gets new best val_loss at epoch #123: 0.000871
2025-11-01 14:18:14.027 | INFO     | agents.servers.serverFedMSE:train_on_clients:76 - 20 clients still training at epoch #123
2025-11-01 14:18:54.580 | INFO     | agents.servers.serverFedMSE:train_on_clients:32 - Training FedMSE model epoch #124
2025-11-01 14:18:58.510 | INFO     | agents.servers.serverFedMSE:train_on_clients:54 - Client 13 gets new best val_loss at epoch #124: 0.000903
2025-11-01 14:18:58.789 | INFO     | agents.servers.serverFedMSE:train_on_clients:54 - Client 14 gets new best val_loss at epoch #124: 0.001022
2025-11-01 14:19:00.191 | INFO     | agents.servers.serverFedMSE:train_on_clients:54 - Client 19 gets new best val_loss at epoch #124: 0.000981
2025-11-01 14:19:00.193 | INFO     | agents.servers.serverFedMSE:train_on_clients:76 - 20 clients still training at epoch #124
2025-11-01 14:19:40.498 | INFO     | agents.servers.serverFedMSE:train_on_clients:32 - Training FedMSE model epoch #125
2025-11-01 14:19:41.337 | INFO     | agents.servers.serverFedMSE:train_on_clients:54 - Client 2 gets new best val_loss at epoch #125: 0.000889
2025-11-01 14:19:42.736 | INFO     | agents.servers.serverFedMSE:train_on_clients:54 - Client 7 gets new best val_loss at epoch #125: 0.000792
2025-11-01 14:19:44.150 | INFO     | agents.servers.serverFedMSE:train_on_clients:54 - Client 12 gets new best val_loss at epoch #125: 0.000916
2025-11-01 14:19:45.541 | INFO     | agents.servers.serverFedMSE:train_on_clients:54 - Client 17 gets new best val_loss at epoch #125: 0.000849
2025-11-01 14:19:46.103 | INFO     | agents.servers.serverFedMSE:train_on_clients:76 - 20 clients still training at epoch #125
2025-11-01 14:20:26.402 | INFO     | agents.servers.serverFedMSE:train_on_clients:32 - Training FedMSE model epoch #126
2025-11-01 14:20:26.962 | INFO     | agents.servers.serverFedMSE:train_on_clients:54 - Client 1 gets new best val_loss at epoch #126: 0.000914
2025-11-01 14:20:28.096 | INFO     | agents.servers.serverFedMSE:train_on_clients:54 - Client 5 gets new best val_loss at epoch #126: 0.000957
2025-11-01 14:20:29.765 | INFO     | agents.servers.serverFedMSE:train_on_clients:54 - Client 11 gets new best val_loss at epoch #126: 0.000839
2025-11-01 14:20:31.725 | INFO     | agents.servers.serverFedMSE:train_on_clients:54 - Client 18 gets new best val_loss at epoch #126: 0.000885
2025-11-01 14:20:32.006 | INFO     | agents.servers.serverFedMSE:train_on_clients:76 - 20 clients still training at epoch #126
2025-11-01 14:21:12.215 | INFO     | agents.servers.serverFedMSE:train_on_clients:32 - Training FedMSE model epoch #127
2025-11-01 14:21:15.024 | INFO     | agents.servers.serverFedMSE:train_on_clients:54 - Client 9 gets new best val_loss at epoch #127: 0.000929
2025-11-01 14:21:15.303 | INFO     | agents.servers.serverFedMSE:train_on_clients:54 - Client 10 gets new best val_loss at epoch #127: 0.000921
2025-11-01 14:21:16.421 | INFO     | agents.servers.serverFedMSE:train_on_clients:54 - Client 14 gets new best val_loss at epoch #127: 0.000979
2025-11-01 14:21:17.823 | INFO     | agents.servers.serverFedMSE:train_on_clients:54 - Client 19 gets new best val_loss at epoch #127: 0.000967
2025-11-01 14:21:17.826 | INFO     | agents.servers.serverFedMSE:train_on_clients:76 - 20 clients still training at epoch #127
2025-11-01 14:21:58.025 | INFO     | agents.servers.serverFedMSE:train_on_clients:32 - Training FedMSE model epoch #128
2025-11-01 14:21:58.877 | INFO     | agents.servers.serverFedMSE:train_on_clients:54 - Client 2 gets new best val_loss at epoch #128: 0.000888
2025-11-01 14:22:00.003 | INFO     | agents.servers.serverFedMSE:train_on_clients:54 - Client 6 gets new best val_loss at epoch #128: 0.000933
2025-11-01 14:22:00.287 | INFO     | agents.servers.serverFedMSE:train_on_clients:54 - Client 7 gets new best val_loss at epoch #128: 0.000791
2025-11-01 14:22:00.566 | INFO     | agents.servers.serverFedMSE:train_on_clients:54 - Client 8 gets new best val_loss at epoch #128: 0.000923
2025-11-01 14:22:01.970 | INFO     | agents.servers.serverFedMSE:train_on_clients:54 - Client 13 gets new best val_loss at epoch #128: 0.000893
2025-11-01 14:22:02.253 | INFO     | agents.servers.serverFedMSE:train_on_clients:54 - Client 14 gets new best val_loss at epoch #128: 0.000969
2025-11-01 14:22:02.537 | INFO     | agents.servers.serverFedMSE:train_on_clients:54 - Client 15 gets new best val_loss at epoch #128: 0.000924
2025-11-01 14:22:03.657 | INFO     | agents.servers.serverFedMSE:train_on_clients:76 - 20 clients still training at epoch #128
2025-11-01 14:22:43.977 | INFO     | agents.servers.serverFedMSE:train_on_clients:32 - Training FedMSE model epoch #129
2025-11-01 14:22:45.955 | INFO     | agents.servers.serverFedMSE:train_on_clients:54 - Client 6 gets new best val_loss at epoch #129: 0.000916
2025-11-01 14:22:46.239 | INFO     | agents.servers.serverFedMSE:train_on_clients:54 - Client 7 gets new best val_loss at epoch #129: 0.000762
2025-11-01 14:22:46.807 | INFO     | agents.servers.serverFedMSE:train_on_clients:54 - Client 9 gets new best val_loss at epoch #129: 0.000921
2025-11-01 14:22:47.654 | INFO     | agents.servers.serverFedMSE:train_on_clients:54 - Client 12 gets new best val_loss at epoch #129: 0.000912
2025-11-01 14:22:48.220 | INFO     | agents.servers.serverFedMSE:train_on_clients:54 - Client 14 gets new best val_loss at epoch #129: 0.000967
2025-11-01 14:22:48.786 | INFO     | agents.servers.serverFedMSE:train_on_clients:54 - Client 16 gets new best val_loss at epoch #129: 0.000963
2025-11-01 14:22:49.631 | INFO     | agents.servers.serverFedMSE:train_on_clients:76 - 20 clients still training at epoch #129
2025-11-01 14:23:29.818 | INFO     | agents.servers.serverFedMSE:train_on_clients:32 - Training FedMSE model epoch #130
2025-11-01 14:23:30.102 | INFO     | agents.servers.serverFedMSE:train_on_clients:70 - Saved model for client 0 at epoch 130 -> saved_models/FedMSE/FedMSE/wsn_ds/epoch_130_client_0.pt
2025-11-01 14:23:30.386 | INFO     | agents.servers.serverFedMSE:train_on_clients:70 - Saved model for client 1 at epoch 130 -> saved_models/FedMSE/FedMSE/wsn_ds/epoch_130_client_1.pt
2025-11-01 14:23:30.667 | INFO     | agents.servers.serverFedMSE:train_on_clients:54 - Client 2 gets new best val_loss at epoch #130: 0.000848
2025-11-01 14:23:30.669 | INFO     | agents.servers.serverFedMSE:train_on_clients:70 - Saved model for client 2 at epoch 130 -> saved_models/FedMSE/FedMSE/wsn_ds/epoch_130_client_2.pt
2025-11-01 14:23:30.954 | INFO     | agents.servers.serverFedMSE:train_on_clients:70 - Saved model for client 3 at epoch 130 -> saved_models/FedMSE/FedMSE/wsn_ds/epoch_130_client_3.pt
2025-11-01 14:23:31.239 | INFO     | agents.servers.serverFedMSE:train_on_clients:70 - Saved model for client 4 at epoch 130 -> saved_models/FedMSE/FedMSE/wsn_ds/epoch_130_client_4.pt
2025-11-01 14:23:31.521 | INFO     | agents.servers.serverFedMSE:train_on_clients:70 - Saved model for client 5 at epoch 130 -> saved_models/FedMSE/FedMSE/wsn_ds/epoch_130_client_5.pt
2025-11-01 14:23:31.804 | INFO     | agents.servers.serverFedMSE:train_on_clients:70 - Saved model for client 6 at epoch 130 -> saved_models/FedMSE/FedMSE/wsn_ds/epoch_130_client_6.pt
2025-11-01 14:23:32.087 | INFO     | agents.servers.serverFedMSE:train_on_clients:70 - Saved model for client 7 at epoch 130 -> saved_models/FedMSE/FedMSE/wsn_ds/epoch_130_client_7.pt
2025-11-01 14:23:32.367 | INFO     | agents.servers.serverFedMSE:train_on_clients:54 - Client 8 gets new best val_loss at epoch #130: 0.000914
2025-11-01 14:23:32.369 | INFO     | agents.servers.serverFedMSE:train_on_clients:70 - Saved model for client 8 at epoch 130 -> saved_models/FedMSE/FedMSE/wsn_ds/epoch_130_client_8.pt
2025-11-01 14:23:32.654 | INFO     | agents.servers.serverFedMSE:train_on_clients:70 - Saved model for client 9 at epoch 130 -> saved_models/FedMSE/FedMSE/wsn_ds/epoch_130_client_9.pt
2025-11-01 14:23:32.938 | INFO     | agents.servers.serverFedMSE:train_on_clients:54 - Client 10 gets new best val_loss at epoch #130: 0.000912
2025-11-01 14:23:32.940 | INFO     | agents.servers.serverFedMSE:train_on_clients:70 - Saved model for client 10 at epoch 130 -> saved_models/FedMSE/FedMSE/wsn_ds/epoch_130_client_10.pt
2025-11-01 14:23:33.229 | INFO     | agents.servers.serverFedMSE:train_on_clients:70 - Saved model for client 11 at epoch 130 -> saved_models/FedMSE/FedMSE/wsn_ds/epoch_130_client_11.pt
2025-11-01 14:23:33.511 | INFO     | agents.servers.serverFedMSE:train_on_clients:70 - Saved model for client 12 at epoch 130 -> saved_models/FedMSE/FedMSE/wsn_ds/epoch_130_client_12.pt
2025-11-01 14:23:33.793 | INFO     | agents.servers.serverFedMSE:train_on_clients:70 - Saved model for client 13 at epoch 130 -> saved_models/FedMSE/FedMSE/wsn_ds/epoch_130_client_13.pt
2025-11-01 14:23:34.073 | INFO     | agents.servers.serverFedMSE:train_on_clients:70 - Saved model for client 14 at epoch 130 -> saved_models/FedMSE/FedMSE/wsn_ds/epoch_130_client_14.pt
2025-11-01 14:23:34.353 | INFO     | agents.servers.serverFedMSE:train_on_clients:70 - Saved model for client 15 at epoch 130 -> saved_models/FedMSE/FedMSE/wsn_ds/epoch_130_client_15.pt
2025-11-01 14:23:34.641 | INFO     | agents.servers.serverFedMSE:train_on_clients:70 - Saved model for client 16 at epoch 130 -> saved_models/FedMSE/FedMSE/wsn_ds/epoch_130_client_16.pt
2025-11-01 14:23:34.922 | INFO     | agents.servers.serverFedMSE:train_on_clients:54 - Client 17 gets new best val_loss at epoch #130: 0.000833
2025-11-01 14:23:34.924 | INFO     | agents.servers.serverFedMSE:train_on_clients:70 - Saved model for client 17 at epoch 130 -> saved_models/FedMSE/FedMSE/wsn_ds/epoch_130_client_17.pt
2025-11-01 14:23:35.212 | INFO     | agents.servers.serverFedMSE:train_on_clients:70 - Saved model for client 18 at epoch 130 -> saved_models/FedMSE/FedMSE/wsn_ds/epoch_130_client_18.pt
2025-11-01 14:23:35.493 | INFO     | agents.servers.serverFedMSE:train_on_clients:70 - Saved model for client 19 at epoch 130 -> saved_models/FedMSE/FedMSE/wsn_ds/epoch_130_client_19.pt
2025-11-01 14:23:35.495 | INFO     | agents.servers.serverFedMSE:train_on_clients:76 - 20 clients still training at epoch #130
2025-11-01 14:24:15.828 | INFO     | agents.servers.serverFedMSE:train_on_clients:32 - Training FedMSE model epoch #131
2025-11-01 14:24:16.400 | INFO     | agents.servers.serverFedMSE:train_on_clients:54 - Client 1 gets new best val_loss at epoch #131: 0.000910
2025-11-01 14:24:16.971 | INFO     | agents.servers.serverFedMSE:train_on_clients:54 - Client 3 gets new best val_loss at epoch #131: 0.000930
2025-11-01 14:24:17.533 | INFO     | agents.servers.serverFedMSE:train_on_clients:54 - Client 5 gets new best val_loss at epoch #131: 0.000942
2025-11-01 14:24:20.340 | INFO     | agents.servers.serverFedMSE:train_on_clients:54 - Client 15 gets new best val_loss at epoch #131: 0.000921
2025-11-01 14:24:21.468 | INFO     | agents.servers.serverFedMSE:train_on_clients:76 - 20 clients still training at epoch #131
2025-11-01 14:25:01.687 | INFO     | agents.servers.serverFedMSE:train_on_clients:32 - Training FedMSE model epoch #132
2025-11-01 14:25:04.763 | INFO     | agents.servers.serverFedMSE:train_on_clients:54 - Client 10 gets new best val_loss at epoch #132: 0.000911
2025-11-01 14:25:05.327 | INFO     | agents.servers.serverFedMSE:train_on_clients:54 - Client 12 gets new best val_loss at epoch #132: 0.000867
2025-11-01 14:25:07.272 | INFO     | agents.servers.serverFedMSE:train_on_clients:76 - 20 clients still training at epoch #132
2025-11-01 14:25:47.376 | INFO     | agents.servers.serverFedMSE:train_on_clients:32 - Training FedMSE model epoch #133
2025-11-01 14:25:49.079 | INFO     | agents.servers.serverFedMSE:train_on_clients:54 - Client 5 gets new best val_loss at epoch #133: 0.000923
2025-11-01 14:25:49.917 | INFO     | agents.servers.serverFedMSE:train_on_clients:54 - Client 8 gets new best val_loss at epoch #133: 0.000906
2025-11-01 14:25:51.313 | INFO     | agents.servers.serverFedMSE:train_on_clients:54 - Client 13 gets new best val_loss at epoch #133: 0.000880
2025-11-01 14:25:52.439 | INFO     | agents.servers.serverFedMSE:train_on_clients:54 - Client 17 gets new best val_loss at epoch #133: 0.000825
2025-11-01 14:25:53.006 | INFO     | agents.servers.serverFedMSE:train_on_clients:54 - Client 19 gets new best val_loss at epoch #133: 0.000955
2025-11-01 14:25:53.009 | INFO     | agents.servers.serverFedMSE:train_on_clients:76 - 20 clients still training at epoch #133
2025-11-01 14:26:33.032 | INFO     | agents.servers.serverFedMSE:train_on_clients:32 - Training FedMSE model epoch #134
2025-11-01 14:26:36.393 | INFO     | agents.servers.serverFedMSE:train_on_clients:54 - Client 11 gets new best val_loss at epoch #134: 0.000834
2025-11-01 14:26:37.507 | INFO     | agents.servers.serverFedMSE:train_on_clients:54 - Client 15 gets new best val_loss at epoch #134: 0.000912
2025-11-01 14:26:38.060 | INFO     | agents.servers.serverFedMSE:train_on_clients:54 - Client 17 gets new best val_loss at epoch #134: 0.000811
2025-11-01 14:26:38.620 | INFO     | agents.servers.serverFedMSE:train_on_clients:54 - Client 19 gets new best val_loss at epoch #134: 0.000954
2025-11-01 14:26:38.623 | INFO     | agents.servers.serverFedMSE:train_on_clients:76 - 20 clients still training at epoch #134
2025-11-01 14:27:18.644 | INFO     | agents.servers.serverFedMSE:train_on_clients:32 - Training FedMSE model epoch #135
2025-11-01 14:27:21.458 | INFO     | agents.servers.serverFedMSE:train_on_clients:54 - Client 9 gets new best val_loss at epoch #135: 0.000902
2025-11-01 14:27:22.020 | INFO     | agents.servers.serverFedMSE:train_on_clients:54 - Client 11 gets new best val_loss at epoch #135: 0.000820
2025-11-01 14:27:24.246 | INFO     | agents.servers.serverFedMSE:train_on_clients:54 - Client 19 gets new best val_loss at epoch #135: 0.000946
2025-11-01 14:27:24.248 | INFO     | agents.servers.serverFedMSE:train_on_clients:76 - 20 clients still training at epoch #135
2025-11-01 14:28:04.411 | INFO     | agents.servers.serverFedMSE:train_on_clients:32 - Training FedMSE model epoch #136
2025-11-01 14:28:05.806 | INFO     | agents.servers.serverFedMSE:train_on_clients:54 - Client 4 gets new best val_loss at epoch #136: 0.000890
2025-11-01 14:28:06.366 | INFO     | agents.servers.serverFedMSE:train_on_clients:54 - Client 6 gets new best val_loss at epoch #136: 0.000898
2025-11-01 14:28:07.213 | INFO     | agents.servers.serverFedMSE:train_on_clients:54 - Client 9 gets new best val_loss at epoch #136: 0.000901
2025-11-01 14:28:08.891 | INFO     | agents.servers.serverFedMSE:train_on_clients:54 - Client 15 gets new best val_loss at epoch #136: 0.000901
2025-11-01 14:28:09.178 | INFO     | agents.servers.serverFedMSE:train_on_clients:54 - Client 16 gets new best val_loss at epoch #136: 0.000910
2025-11-01 14:28:09.740 | INFO     | agents.servers.serverFedMSE:train_on_clients:54 - Client 18 gets new best val_loss at epoch #136: 0.000868
2025-11-01 14:28:10.022 | INFO     | agents.servers.serverFedMSE:train_on_clients:54 - Client 19 gets new best val_loss at epoch #136: 0.000918
2025-11-01 14:28:10.023 | INFO     | agents.servers.serverFedMSE:train_on_clients:76 - 20 clients still training at epoch #136
2025-11-01 14:28:50.194 | INFO     | agents.servers.serverFedMSE:train_on_clients:32 - Training FedMSE model epoch #137
2025-11-01 14:28:52.459 | INFO     | agents.servers.serverFedMSE:train_on_clients:54 - Client 7 gets new best val_loss at epoch #137: 0.000758
2025-11-01 14:28:52.746 | INFO     | agents.servers.serverFedMSE:train_on_clients:54 - Client 8 gets new best val_loss at epoch #137: 0.000899
2025-11-01 14:28:53.317 | INFO     | agents.servers.serverFedMSE:train_on_clients:54 - Client 10 gets new best val_loss at epoch #137: 0.000911
2025-11-01 14:28:53.599 | INFO     | agents.servers.serverFedMSE:train_on_clients:54 - Client 11 gets new best val_loss at epoch #137: 0.000816
2025-11-01 14:28:54.163 | INFO     | agents.servers.serverFedMSE:train_on_clients:54 - Client 13 gets new best val_loss at epoch #137: 0.000860
2025-11-01 14:28:55.848 | INFO     | agents.servers.serverFedMSE:train_on_clients:76 - 20 clients still training at epoch #137
2025-11-01 14:29:36.092 | INFO     | agents.servers.serverFedMSE:train_on_clients:32 - Training FedMSE model epoch #138
2025-11-01 14:29:37.512 | INFO     | agents.servers.serverFedMSE:train_on_clients:54 - Client 4 gets new best val_loss at epoch #138: 0.000880
2025-11-01 14:29:37.797 | INFO     | agents.servers.serverFedMSE:train_on_clients:54 - Client 5 gets new best val_loss at epoch #138: 0.000921
2025-11-01 14:29:41.742 | INFO     | agents.servers.serverFedMSE:train_on_clients:76 - 20 clients still training at epoch #138
2025-11-01 14:30:22.018 | INFO     | agents.servers.serverFedMSE:train_on_clients:32 - Training FedMSE model epoch #139
2025-11-01 14:30:22.589 | INFO     | agents.servers.serverFedMSE:train_on_clients:54 - Client 1 gets new best val_loss at epoch #139: 0.000906
2025-11-01 14:30:23.427 | INFO     | agents.servers.serverFedMSE:train_on_clients:54 - Client 4 gets new best val_loss at epoch #139: 0.000876
2025-11-01 14:30:27.626 | INFO     | agents.servers.serverFedMSE:train_on_clients:76 - 20 clients still training at epoch #139
2025-11-01 14:31:07.822 | INFO     | agents.servers.serverFedMSE:train_on_clients:32 - Training FedMSE model epoch #140
2025-11-01 14:31:08.113 | INFO     | agents.servers.serverFedMSE:train_on_clients:70 - Saved model for client 0 at epoch 140 -> saved_models/FedMSE/FedMSE/wsn_ds/epoch_140_client_0.pt
2025-11-01 14:31:08.393 | INFO     | agents.servers.serverFedMSE:train_on_clients:70 - Saved model for client 1 at epoch 140 -> saved_models/FedMSE/FedMSE/wsn_ds/epoch_140_client_1.pt
2025-11-01 14:31:08.675 | INFO     | agents.servers.serverFedMSE:train_on_clients:70 - Saved model for client 2 at epoch 140 -> saved_models/FedMSE/FedMSE/wsn_ds/epoch_140_client_2.pt
2025-11-01 14:31:08.957 | INFO     | agents.servers.serverFedMSE:train_on_clients:70 - Saved model for client 3 at epoch 140 -> saved_models/FedMSE/FedMSE/wsn_ds/epoch_140_client_3.pt
2025-11-01 14:31:09.240 | INFO     | agents.servers.serverFedMSE:train_on_clients:70 - Saved model for client 4 at epoch 140 -> saved_models/FedMSE/FedMSE/wsn_ds/epoch_140_client_4.pt
2025-11-01 14:31:09.527 | INFO     | agents.servers.serverFedMSE:train_on_clients:70 - Saved model for client 5 at epoch 140 -> saved_models/FedMSE/FedMSE/wsn_ds/epoch_140_client_5.pt
2025-11-01 14:31:09.810 | INFO     | agents.servers.serverFedMSE:train_on_clients:70 - Saved model for client 6 at epoch 140 -> saved_models/FedMSE/FedMSE/wsn_ds/epoch_140_client_6.pt
2025-11-01 14:31:10.099 | INFO     | agents.servers.serverFedMSE:train_on_clients:70 - Saved model for client 7 at epoch 140 -> saved_models/FedMSE/FedMSE/wsn_ds/epoch_140_client_7.pt
2025-11-01 14:31:10.379 | INFO     | agents.servers.serverFedMSE:train_on_clients:70 - Saved model for client 8 at epoch 140 -> saved_models/FedMSE/FedMSE/wsn_ds/epoch_140_client_8.pt
2025-11-01 14:31:10.659 | INFO     | agents.servers.serverFedMSE:train_on_clients:54 - Client 9 gets new best val_loss at epoch #140: 0.000890
2025-11-01 14:31:10.661 | INFO     | agents.servers.serverFedMSE:train_on_clients:70 - Saved model for client 9 at epoch 140 -> saved_models/FedMSE/FedMSE/wsn_ds/epoch_140_client_9.pt
2025-11-01 14:31:10.945 | INFO     | agents.servers.serverFedMSE:train_on_clients:54 - Client 10 gets new best val_loss at epoch #140: 0.000903
2025-11-01 14:31:10.947 | INFO     | agents.servers.serverFedMSE:train_on_clients:70 - Saved model for client 10 at epoch 140 -> saved_models/FedMSE/FedMSE/wsn_ds/epoch_140_client_10.pt
2025-11-01 14:31:11.237 | INFO     | agents.servers.serverFedMSE:train_on_clients:70 - Saved model for client 11 at epoch 140 -> saved_models/FedMSE/FedMSE/wsn_ds/epoch_140_client_11.pt
2025-11-01 14:31:11.517 | INFO     | agents.servers.serverFedMSE:train_on_clients:70 - Saved model for client 12 at epoch 140 -> saved_models/FedMSE/FedMSE/wsn_ds/epoch_140_client_12.pt
2025-11-01 14:31:11.799 | INFO     | agents.servers.serverFedMSE:train_on_clients:70 - Saved model for client 13 at epoch 140 -> saved_models/FedMSE/FedMSE/wsn_ds/epoch_140_client_13.pt
2025-11-01 14:31:12.086 | INFO     | agents.servers.serverFedMSE:train_on_clients:70 - Saved model for client 14 at epoch 140 -> saved_models/FedMSE/FedMSE/wsn_ds/epoch_140_client_14.pt
2025-11-01 14:31:12.366 | INFO     | agents.servers.serverFedMSE:train_on_clients:54 - Client 15 gets new best val_loss at epoch #140: 0.000878
2025-11-01 14:31:12.367 | INFO     | agents.servers.serverFedMSE:train_on_clients:70 - Saved model for client 15 at epoch 140 -> saved_models/FedMSE/FedMSE/wsn_ds/epoch_140_client_15.pt
2025-11-01 14:31:12.654 | INFO     | agents.servers.serverFedMSE:train_on_clients:54 - Client 16 gets new best val_loss at epoch #140: 0.000908
2025-11-01 14:31:12.656 | INFO     | agents.servers.serverFedMSE:train_on_clients:70 - Saved model for client 16 at epoch 140 -> saved_models/FedMSE/FedMSE/wsn_ds/epoch_140_client_16.pt
2025-11-01 14:31:12.943 | INFO     | agents.servers.serverFedMSE:train_on_clients:54 - Client 17 gets new best val_loss at epoch #140: 0.000802
2025-11-01 14:31:12.945 | INFO     | agents.servers.serverFedMSE:train_on_clients:70 - Saved model for client 17 at epoch 140 -> saved_models/FedMSE/FedMSE/wsn_ds/epoch_140_client_17.pt
2025-11-01 14:31:13.225 | INFO     | agents.servers.serverFedMSE:train_on_clients:70 - Saved model for client 18 at epoch 140 -> saved_models/FedMSE/FedMSE/wsn_ds/epoch_140_client_18.pt
2025-11-01 14:31:13.515 | INFO     | agents.servers.serverFedMSE:train_on_clients:70 - Saved model for client 19 at epoch 140 -> saved_models/FedMSE/FedMSE/wsn_ds/epoch_140_client_19.pt
2025-11-01 14:31:13.517 | INFO     | agents.servers.serverFedMSE:train_on_clients:76 - 20 clients still training at epoch #140
2025-11-01 14:31:53.636 | INFO     | agents.servers.serverFedMSE:train_on_clients:32 - Training FedMSE model epoch #141
2025-11-01 14:31:54.761 | INFO     | agents.servers.serverFedMSE:train_on_clients:54 - Client 3 gets new best val_loss at epoch #141: 0.000929
2025-11-01 14:31:55.329 | INFO     | agents.servers.serverFedMSE:train_on_clients:54 - Client 5 gets new best val_loss at epoch #141: 0.000914
2025-11-01 14:31:56.460 | INFO     | agents.servers.serverFedMSE:train_on_clients:54 - Client 9 gets new best val_loss at epoch #141: 0.000881
2025-11-01 14:31:57.590 | INFO     | agents.servers.serverFedMSE:train_on_clients:54 - Client 13 gets new best val_loss at epoch #141: 0.000846
2025-11-01 14:31:59.283 | INFO     | agents.servers.serverFedMSE:train_on_clients:76 - 20 clients still training at epoch #141
2025-11-01 14:32:39.402 | INFO     | agents.servers.serverFedMSE:train_on_clients:32 - Training FedMSE model epoch #142
2025-11-01 14:32:41.673 | INFO     | agents.servers.serverFedMSE:train_on_clients:54 - Client 7 gets new best val_loss at epoch #142: 0.000727
2025-11-01 14:32:41.961 | INFO     | agents.servers.serverFedMSE:train_on_clients:54 - Client 8 gets new best val_loss at epoch #142: 0.000877
2025-11-01 14:32:42.526 | INFO     | agents.servers.serverFedMSE:train_on_clients:54 - Client 10 gets new best val_loss at epoch #142: 0.000880
2025-11-01 14:32:44.200 | INFO     | agents.servers.serverFedMSE:train_on_clients:54 - Client 16 gets new best val_loss at epoch #142: 0.000892
2025-11-01 14:32:45.043 | INFO     | agents.servers.serverFedMSE:train_on_clients:76 - 20 clients still training at epoch #142
2025-11-01 14:33:25.234 | INFO     | agents.servers.serverFedMSE:train_on_clients:32 - Training FedMSE model epoch #143
2025-11-01 14:33:25.518 | INFO     | agents.servers.serverFedMSE:train_on_clients:54 - Client 0 gets new best val_loss at epoch #143: 0.000789
2025-11-01 14:33:26.918 | INFO     | agents.servers.serverFedMSE:train_on_clients:54 - Client 5 gets new best val_loss at epoch #143: 0.000910
2025-11-01 14:33:27.756 | INFO     | agents.servers.serverFedMSE:train_on_clients:54 - Client 8 gets new best val_loss at epoch #143: 0.000875
2025-11-01 14:33:28.886 | INFO     | agents.servers.serverFedMSE:train_on_clients:54 - Client 12 gets new best val_loss at epoch #143: 0.000865
2025-11-01 14:33:30.850 | INFO     | agents.servers.serverFedMSE:train_on_clients:76 - 20 clients still training at epoch #143
2025-11-01 14:34:11.092 | INFO     | agents.servers.serverFedMSE:train_on_clients:32 - Training FedMSE model epoch #144
2025-11-01 14:34:11.652 | INFO     | agents.servers.serverFedMSE:train_on_clients:54 - Client 1 gets new best val_loss at epoch #144: 0.000883
2025-11-01 14:34:12.212 | INFO     | agents.servers.serverFedMSE:train_on_clients:54 - Client 3 gets new best val_loss at epoch #144: 0.000890
2025-11-01 14:34:12.777 | INFO     | agents.servers.serverFedMSE:train_on_clients:54 - Client 5 gets new best val_loss at epoch #144: 0.000893
2025-11-01 14:34:16.720 | INFO     | agents.servers.serverFedMSE:train_on_clients:76 - 20 clients still training at epoch #144
2025-11-01 14:34:56.913 | INFO     | agents.servers.serverFedMSE:train_on_clients:32 - Training FedMSE model epoch #145
2025-11-01 14:34:58.319 | INFO     | agents.servers.serverFedMSE:train_on_clients:54 - Client 4 gets new best val_loss at epoch #145: 0.000875
2025-11-01 14:34:58.598 | INFO     | agents.servers.serverFedMSE:train_on_clients:54 - Client 5 gets new best val_loss at epoch #145: 0.000882
2025-11-01 14:35:00.297 | INFO     | agents.servers.serverFedMSE:train_on_clients:54 - Client 11 gets new best val_loss at epoch #145: 0.000787
2025-11-01 14:35:01.442 | INFO     | agents.servers.serverFedMSE:train_on_clients:54 - Client 15 gets new best val_loss at epoch #145: 0.000874
2025-11-01 14:35:02.582 | INFO     | agents.servers.serverFedMSE:train_on_clients:54 - Client 19 gets new best val_loss at epoch #145: 0.000918
2025-11-01 14:35:02.585 | INFO     | agents.servers.serverFedMSE:train_on_clients:76 - 20 clients still training at epoch #145
2025-11-01 14:35:42.603 | INFO     | agents.servers.serverFedMSE:train_on_clients:32 - Training FedMSE model epoch #146
2025-11-01 14:35:44.023 | INFO     | agents.servers.serverFedMSE:train_on_clients:54 - Client 4 gets new best val_loss at epoch #146: 0.000858
2025-11-01 14:35:48.278 | INFO     | agents.servers.serverFedMSE:train_on_clients:76 - 20 clients still training at epoch #146
2025-11-01 14:36:28.418 | INFO     | agents.servers.serverFedMSE:train_on_clients:32 - Training FedMSE model epoch #147
2025-11-01 14:36:32.383 | INFO     | agents.servers.serverFedMSE:train_on_clients:54 - Client 13 gets new best val_loss at epoch #147: 0.000794
2025-11-01 14:36:34.078 | INFO     | agents.servers.serverFedMSE:train_on_clients:54 - Client 19 gets new best val_loss at epoch #147: 0.000894
2025-11-01 14:36:34.080 | INFO     | agents.servers.serverFedMSE:train_on_clients:76 - 20 clients still training at epoch #147
2025-11-01 14:37:14.152 | INFO     | agents.servers.serverFedMSE:train_on_clients:32 - Training FedMSE model epoch #148
2025-11-01 14:37:16.980 | INFO     | agents.servers.serverFedMSE:train_on_clients:54 - Client 9 gets new best val_loss at epoch #148: 0.000876
2025-11-01 14:37:18.112 | INFO     | agents.servers.serverFedMSE:train_on_clients:54 - Client 13 gets new best val_loss at epoch #148: 0.000772
2025-11-01 14:37:19.248 | INFO     | agents.servers.serverFedMSE:train_on_clients:54 - Client 17 gets new best val_loss at epoch #148: 0.000771
2025-11-01 14:37:19.809 | INFO     | agents.servers.serverFedMSE:train_on_clients:76 - 20 clients still training at epoch #148
2025-11-01 14:37:59.684 | INFO     | agents.servers.serverFedMSE:train_on_clients:32 - Training FedMSE model epoch #149
2025-11-01 14:38:00.255 | INFO     | agents.servers.serverFedMSE:train_on_clients:54 - Client 1 gets new best val_loss at epoch #149: 0.000868
2025-11-01 14:38:00.542 | INFO     | agents.servers.serverFedMSE:train_on_clients:54 - Client 2 gets new best val_loss at epoch #149: 0.000847
2025-11-01 14:38:02.229 | INFO     | agents.servers.serverFedMSE:train_on_clients:54 - Client 8 gets new best val_loss at epoch #149: 0.000862
2025-11-01 14:38:03.639 | INFO     | agents.servers.serverFedMSE:train_on_clients:54 - Client 13 gets new best val_loss at epoch #149: 0.000771
2025-11-01 14:38:04.496 | INFO     | agents.servers.serverFedMSE:train_on_clients:54 - Client 16 gets new best val_loss at epoch #149: 0.000875
2025-11-01 14:38:05.063 | INFO     | agents.servers.serverFedMSE:train_on_clients:54 - Client 18 gets new best val_loss at epoch #149: 0.000844
2025-11-01 14:38:05.348 | INFO     | agents.servers.serverFedMSE:train_on_clients:76 - 20 clients still training at epoch #149
2025-11-01 14:38:45.375 | INFO     | agents.servers.serverFedMSE:train_on_clients:32 - Training FedMSE model epoch #150
2025-11-01 14:38:45.662 | INFO     | agents.servers.serverFedMSE:train_on_clients:70 - Saved model for client 0 at epoch 150 -> saved_models/FedMSE/FedMSE/wsn_ds/epoch_150_client_0.pt
2025-11-01 14:38:45.947 | INFO     | agents.servers.serverFedMSE:train_on_clients:70 - Saved model for client 1 at epoch 150 -> saved_models/FedMSE/FedMSE/wsn_ds/epoch_150_client_1.pt
2025-11-01 14:38:46.234 | INFO     | agents.servers.serverFedMSE:train_on_clients:70 - Saved model for client 2 at epoch 150 -> saved_models/FedMSE/FedMSE/wsn_ds/epoch_150_client_2.pt
2025-11-01 14:38:46.515 | INFO     | agents.servers.serverFedMSE:train_on_clients:70 - Saved model for client 3 at epoch 150 -> saved_models/FedMSE/FedMSE/wsn_ds/epoch_150_client_3.pt
2025-11-01 14:38:46.799 | INFO     | agents.servers.serverFedMSE:train_on_clients:70 - Saved model for client 4 at epoch 150 -> saved_models/FedMSE/FedMSE/wsn_ds/epoch_150_client_4.pt
2025-11-01 14:38:47.077 | INFO     | agents.servers.serverFedMSE:train_on_clients:54 - Client 5 gets new best val_loss at epoch #150: 0.000879
2025-11-01 14:38:47.079 | INFO     | agents.servers.serverFedMSE:train_on_clients:70 - Saved model for client 5 at epoch 150 -> saved_models/FedMSE/FedMSE/wsn_ds/epoch_150_client_5.pt
2025-11-01 14:38:47.364 | INFO     | agents.servers.serverFedMSE:train_on_clients:70 - Saved model for client 6 at epoch 150 -> saved_models/FedMSE/FedMSE/wsn_ds/epoch_150_client_6.pt
2025-11-01 14:38:47.650 | INFO     | agents.servers.serverFedMSE:train_on_clients:70 - Saved model for client 7 at epoch 150 -> saved_models/FedMSE/FedMSE/wsn_ds/epoch_150_client_7.pt
2025-11-01 14:38:47.933 | INFO     | agents.servers.serverFedMSE:train_on_clients:70 - Saved model for client 8 at epoch 150 -> saved_models/FedMSE/FedMSE/wsn_ds/epoch_150_client_8.pt
2025-11-01 14:38:48.219 | INFO     | agents.servers.serverFedMSE:train_on_clients:54 - Client 9 gets new best val_loss at epoch #150: 0.000874
2025-11-01 14:38:48.221 | INFO     | agents.servers.serverFedMSE:train_on_clients:70 - Saved model for client 9 at epoch 150 -> saved_models/FedMSE/FedMSE/wsn_ds/epoch_150_client_9.pt
2025-11-01 14:38:48.503 | INFO     | agents.servers.serverFedMSE:train_on_clients:70 - Saved model for client 10 at epoch 150 -> saved_models/FedMSE/FedMSE/wsn_ds/epoch_150_client_10.pt
2025-11-01 14:38:48.791 | INFO     | agents.servers.serverFedMSE:train_on_clients:70 - Saved model for client 11 at epoch 150 -> saved_models/FedMSE/FedMSE/wsn_ds/epoch_150_client_11.pt
2025-11-01 14:38:49.082 | INFO     | agents.servers.serverFedMSE:train_on_clients:70 - Saved model for client 12 at epoch 150 -> saved_models/FedMSE/FedMSE/wsn_ds/epoch_150_client_12.pt
2025-11-01 14:38:49.361 | INFO     | agents.servers.serverFedMSE:train_on_clients:54 - Client 13 gets new best val_loss at epoch #150: 0.000768
2025-11-01 14:38:49.363 | INFO     | agents.servers.serverFedMSE:train_on_clients:70 - Saved model for client 13 at epoch 150 -> saved_models/FedMSE/FedMSE/wsn_ds/epoch_150_client_13.pt
2025-11-01 14:38:49.643 | INFO     | agents.servers.serverFedMSE:train_on_clients:70 - Saved model for client 14 at epoch 150 -> saved_models/FedMSE/FedMSE/wsn_ds/epoch_150_client_14.pt
2025-11-01 14:38:49.931 | INFO     | agents.servers.serverFedMSE:train_on_clients:70 - Saved model for client 15 at epoch 150 -> saved_models/FedMSE/FedMSE/wsn_ds/epoch_150_client_15.pt
2025-11-01 14:38:50.221 | INFO     | agents.servers.serverFedMSE:train_on_clients:70 - Saved model for client 16 at epoch 150 -> saved_models/FedMSE/FedMSE/wsn_ds/epoch_150_client_16.pt
2025-11-01 14:38:50.506 | INFO     | agents.servers.serverFedMSE:train_on_clients:70 - Saved model for client 17 at epoch 150 -> saved_models/FedMSE/FedMSE/wsn_ds/epoch_150_client_17.pt
2025-11-01 14:38:50.789 | INFO     | agents.servers.serverFedMSE:train_on_clients:70 - Saved model for client 18 at epoch 150 -> saved_models/FedMSE/FedMSE/wsn_ds/epoch_150_client_18.pt
2025-11-01 14:38:51.073 | INFO     | agents.servers.serverFedMSE:train_on_clients:70 - Saved model for client 19 at epoch 150 -> saved_models/FedMSE/FedMSE/wsn_ds/epoch_150_client_19.pt
2025-11-01 14:38:51.074 | INFO     | agents.servers.serverFedMSE:train_on_clients:76 - 20 clients still training at epoch #150
2025-11-01 14:39:31.001 | INFO     | agents.servers.serverFedMSE:train_on_clients:32 - Training FedMSE model epoch #151
2025-11-01 14:39:31.865 | INFO     | agents.servers.serverFedMSE:train_on_clients:54 - Client 2 gets new best val_loss at epoch #151: 0.000846
2025-11-01 14:39:32.706 | INFO     | agents.servers.serverFedMSE:train_on_clients:54 - Client 5 gets new best val_loss at epoch #151: 0.000853
2025-11-01 14:39:33.277 | INFO     | agents.servers.serverFedMSE:train_on_clients:54 - Client 7 gets new best val_loss at epoch #151: 0.000722
2025-11-01 14:39:34.969 | INFO     | agents.servers.serverFedMSE:train_on_clients:54 - Client 13 gets new best val_loss at epoch #151: 0.000763
2025-11-01 14:39:35.252 | INFO     | agents.servers.serverFedMSE:train_on_clients:54 - Client 14 gets new best val_loss at epoch #151: 0.000952
2025-11-01 14:39:36.655 | INFO     | agents.servers.serverFedMSE:train_on_clients:76 - 20 clients still training at epoch #151
2025-11-01 14:40:16.679 | INFO     | agents.servers.serverFedMSE:train_on_clients:32 - Training FedMSE model epoch #152
2025-11-01 14:40:19.257 | INFO     | agents.servers.serverFedMSE:train_on_clients:54 - Client 8 gets new best val_loss at epoch #152: 0.000842
2025-11-01 14:40:20.688 | INFO     | agents.servers.serverFedMSE:train_on_clients:54 - Client 13 gets new best val_loss at epoch #152: 0.000762
2025-11-01 14:40:21.537 | INFO     | agents.servers.serverFedMSE:train_on_clients:54 - Client 16 gets new best val_loss at epoch #152: 0.000857
2025-11-01 14:40:22.397 | INFO     | agents.servers.serverFedMSE:train_on_clients:54 - Client 19 gets new best val_loss at epoch #152: 0.000820
2025-11-01 14:40:22.400 | INFO     | agents.servers.serverFedMSE:train_on_clients:76 - 20 clients still training at epoch #152
2025-11-01 14:41:02.443 | INFO     | agents.servers.serverFedMSE:train_on_clients:32 - Training FedMSE model epoch #153
2025-11-01 14:41:03.898 | INFO     | agents.servers.serverFedMSE:train_on_clients:54 - Client 4 gets new best val_loss at epoch #153: 0.000850
2025-11-01 14:41:05.627 | INFO     | agents.servers.serverFedMSE:train_on_clients:54 - Client 10 gets new best val_loss at epoch #153: 0.000876
2025-11-01 14:41:06.500 | INFO     | agents.servers.serverFedMSE:train_on_clients:54 - Client 13 gets new best val_loss at epoch #153: 0.000760
2025-11-01 14:41:08.222 | INFO     | agents.servers.serverFedMSE:train_on_clients:54 - Client 19 gets new best val_loss at epoch #153: 0.000819
2025-11-01 14:41:08.225 | INFO     | agents.servers.serverFedMSE:train_on_clients:76 - 20 clients still training at epoch #153
2025-11-01 14:41:48.144 | INFO     | agents.servers.serverFedMSE:train_on_clients:32 - Training FedMSE model epoch #154
2025-11-01 14:41:49.890 | INFO     | agents.servers.serverFedMSE:train_on_clients:54 - Client 5 gets new best val_loss at epoch #154: 0.000848
2025-11-01 14:41:50.459 | INFO     | agents.servers.serverFedMSE:train_on_clients:54 - Client 7 gets new best val_loss at epoch #154: 0.000710
2025-11-01 14:41:53.942 | INFO     | agents.servers.serverFedMSE:train_on_clients:54 - Client 19 gets new best val_loss at epoch #154: 0.000817
2025-11-01 14:41:53.944 | INFO     | agents.servers.serverFedMSE:train_on_clients:76 - 20 clients still training at epoch #154
2025-11-01 14:42:33.962 | INFO     | agents.servers.serverFedMSE:train_on_clients:32 - Training FedMSE model epoch #155
2025-11-01 14:42:35.675 | INFO     | agents.servers.serverFedMSE:train_on_clients:54 - Client 5 gets new best val_loss at epoch #155: 0.000839
2025-11-01 14:42:38.542 | INFO     | agents.servers.serverFedMSE:train_on_clients:54 - Client 15 gets new best val_loss at epoch #155: 0.000866
2025-11-01 14:42:39.690 | INFO     | agents.servers.serverFedMSE:train_on_clients:54 - Client 19 gets new best val_loss at epoch #155: 0.000813
2025-11-01 14:42:39.692 | INFO     | agents.servers.serverFedMSE:train_on_clients:76 - 20 clients still training at epoch #155
2025-11-01 14:43:19.727 | INFO     | agents.servers.serverFedMSE:train_on_clients:32 - Training FedMSE model epoch #156
2025-11-01 14:43:21.442 | INFO     | agents.servers.serverFedMSE:train_on_clients:54 - Client 5 gets new best val_loss at epoch #156: 0.000833
2025-11-01 14:43:22.298 | INFO     | agents.servers.serverFedMSE:train_on_clients:54 - Client 8 gets new best val_loss at epoch #156: 0.000833
2025-11-01 14:43:22.580 | INFO     | agents.servers.serverFedMSE:train_on_clients:54 - Client 9 gets new best val_loss at epoch #156: 0.000869
2025-11-01 14:43:23.457 | INFO     | agents.servers.serverFedMSE:train_on_clients:54 - Client 12 gets new best val_loss at epoch #156: 0.000822
2025-11-01 14:43:24.310 | INFO     | agents.servers.serverFedMSE:train_on_clients:54 - Client 15 gets new best val_loss at epoch #156: 0.000866
2025-11-01 14:43:25.434 | INFO     | agents.servers.serverFedMSE:train_on_clients:54 - Client 19 gets new best val_loss at epoch #156: 0.000810
2025-11-01 14:43:25.436 | INFO     | agents.servers.serverFedMSE:train_on_clients:76 - 20 clients still training at epoch #156
2025-11-01 14:44:05.428 | INFO     | agents.servers.serverFedMSE:train_on_clients:32 - Training FedMSE model epoch #157
2025-11-01 14:44:08.240 | INFO     | agents.servers.serverFedMSE:train_on_clients:54 - Client 9 gets new best val_loss at epoch #157: 0.000860
2025-11-01 14:44:08.528 | INFO     | agents.servers.serverFedMSE:train_on_clients:54 - Client 10 gets new best val_loss at epoch #157: 0.000872
2025-11-01 14:44:09.374 | INFO     | agents.servers.serverFedMSE:train_on_clients:54 - Client 13 gets new best val_loss at epoch #157: 0.000759
2025-11-01 14:44:11.068 | INFO     | agents.servers.serverFedMSE:train_on_clients:54 - Client 19 gets new best val_loss at epoch #157: 0.000809
2025-11-01 14:44:11.070 | INFO     | agents.servers.serverFedMSE:train_on_clients:76 - 20 clients still training at epoch #157
2025-11-01 14:44:50.949 | INFO     | agents.servers.serverFedMSE:train_on_clients:32 - Training FedMSE model epoch #158
2025-11-01 14:44:51.512 | INFO     | agents.servers.serverFedMSE:train_on_clients:54 - Client 1 gets new best val_loss at epoch #158: 0.000794
2025-11-01 14:44:51.798 | INFO     | agents.servers.serverFedMSE:train_on_clients:54 - Client 2 gets new best val_loss at epoch #158: 0.000802
2025-11-01 14:44:52.077 | INFO     | agents.servers.serverFedMSE:train_on_clients:54 - Client 3 gets new best val_loss at epoch #158: 0.000860
2025-11-01 14:44:52.365 | INFO     | agents.servers.serverFedMSE:train_on_clients:54 - Client 4 gets new best val_loss at epoch #158: 0.000843
2025-11-01 14:44:52.926 | INFO     | agents.servers.serverFedMSE:train_on_clients:54 - Client 6 gets new best val_loss at epoch #158: 0.000867
2025-11-01 14:44:54.333 | INFO     | agents.servers.serverFedMSE:train_on_clients:54 - Client 11 gets new best val_loss at epoch #158: 0.000783
2025-11-01 14:44:54.897 | INFO     | agents.servers.serverFedMSE:train_on_clients:54 - Client 13 gets new best val_loss at epoch #158: 0.000758
2025-11-01 14:44:55.184 | INFO     | agents.servers.serverFedMSE:train_on_clients:54 - Client 14 gets new best val_loss at epoch #158: 0.000919
2025-11-01 14:44:55.461 | INFO     | agents.servers.serverFedMSE:train_on_clients:54 - Client 15 gets new best val_loss at epoch #158: 0.000823
2025-11-01 14:44:56.307 | INFO     | agents.servers.serverFedMSE:train_on_clients:54 - Client 18 gets new best val_loss at epoch #158: 0.000833
2025-11-01 14:44:56.585 | INFO     | agents.servers.serverFedMSE:train_on_clients:54 - Client 19 gets new best val_loss at epoch #158: 0.000808
2025-11-01 14:44:56.587 | INFO     | agents.servers.serverFedMSE:train_on_clients:76 - 20 clients still training at epoch #158
2025-11-01 14:45:36.467 | INFO     | agents.servers.serverFedMSE:train_on_clients:32 - Training FedMSE model epoch #159
2025-11-01 14:45:37.028 | INFO     | agents.servers.serverFedMSE:train_on_clients:54 - Client 1 gets new best val_loss at epoch #159: 0.000792
2025-11-01 14:45:38.985 | INFO     | agents.servers.serverFedMSE:train_on_clients:54 - Client 8 gets new best val_loss at epoch #159: 0.000827
2025-11-01 14:45:42.078 | INFO     | agents.servers.serverFedMSE:train_on_clients:54 - Client 19 gets new best val_loss at epoch #159: 0.000807
2025-11-01 14:45:42.081 | INFO     | agents.servers.serverFedMSE:train_on_clients:76 - 20 clients still training at epoch #159
2025-11-01 14:46:21.904 | INFO     | agents.servers.serverFedMSE:train_on_clients:32 - Training FedMSE model epoch #160
2025-11-01 14:46:22.188 | INFO     | agents.servers.serverFedMSE:train_on_clients:70 - Saved model for client 0 at epoch 160 -> saved_models/FedMSE/FedMSE/wsn_ds/epoch_160_client_0.pt
2025-11-01 14:46:22.472 | INFO     | agents.servers.serverFedMSE:train_on_clients:54 - Client 1 gets new best val_loss at epoch #160: 0.000789
2025-11-01 14:46:22.474 | INFO     | agents.servers.serverFedMSE:train_on_clients:70 - Saved model for client 1 at epoch 160 -> saved_models/FedMSE/FedMSE/wsn_ds/epoch_160_client_1.pt
2025-11-01 14:46:22.756 | INFO     | agents.servers.serverFedMSE:train_on_clients:70 - Saved model for client 2 at epoch 160 -> saved_models/FedMSE/FedMSE/wsn_ds/epoch_160_client_2.pt
2025-11-01 14:46:23.037 | INFO     | agents.servers.serverFedMSE:train_on_clients:70 - Saved model for client 3 at epoch 160 -> saved_models/FedMSE/FedMSE/wsn_ds/epoch_160_client_3.pt
2025-11-01 14:46:23.322 | INFO     | agents.servers.serverFedMSE:train_on_clients:70 - Saved model for client 4 at epoch 160 -> saved_models/FedMSE/FedMSE/wsn_ds/epoch_160_client_4.pt
2025-11-01 14:46:23.611 | INFO     | agents.servers.serverFedMSE:train_on_clients:70 - Saved model for client 5 at epoch 160 -> saved_models/FedMSE/FedMSE/wsn_ds/epoch_160_client_5.pt
2025-11-01 14:46:23.916 | INFO     | agents.servers.serverFedMSE:train_on_clients:70 - Saved model for client 6 at epoch 160 -> saved_models/FedMSE/FedMSE/wsn_ds/epoch_160_client_6.pt
2025-11-01 14:46:24.199 | INFO     | agents.servers.serverFedMSE:train_on_clients:70 - Saved model for client 7 at epoch 160 -> saved_models/FedMSE/FedMSE/wsn_ds/epoch_160_client_7.pt
2025-11-01 14:46:24.483 | INFO     | agents.servers.serverFedMSE:train_on_clients:70 - Saved model for client 8 at epoch 160 -> saved_models/FedMSE/FedMSE/wsn_ds/epoch_160_client_8.pt
2025-11-01 14:46:24.767 | INFO     | agents.servers.serverFedMSE:train_on_clients:70 - Saved model for client 9 at epoch 160 -> saved_models/FedMSE/FedMSE/wsn_ds/epoch_160_client_9.pt
2025-11-01 14:46:25.056 | INFO     | agents.servers.serverFedMSE:train_on_clients:70 - Saved model for client 10 at epoch 160 -> saved_models/FedMSE/FedMSE/wsn_ds/epoch_160_client_10.pt
2025-11-01 14:46:25.342 | INFO     | agents.servers.serverFedMSE:train_on_clients:70 - Saved model for client 11 at epoch 160 -> saved_models/FedMSE/FedMSE/wsn_ds/epoch_160_client_11.pt
2025-11-01 14:46:25.620 | INFO     | agents.servers.serverFedMSE:train_on_clients:54 - Client 12 gets new best val_loss at epoch #160: 0.000803
2025-11-01 14:46:25.622 | INFO     | agents.servers.serverFedMSE:train_on_clients:70 - Saved model for client 12 at epoch 160 -> saved_models/FedMSE/FedMSE/wsn_ds/epoch_160_client_12.pt
2025-11-01 14:46:25.906 | INFO     | agents.servers.serverFedMSE:train_on_clients:70 - Saved model for client 13 at epoch 160 -> saved_models/FedMSE/FedMSE/wsn_ds/epoch_160_client_13.pt
2025-11-01 14:46:26.187 | INFO     | agents.servers.serverFedMSE:train_on_clients:70 - Saved model for client 14 at epoch 160 -> saved_models/FedMSE/FedMSE/wsn_ds/epoch_160_client_14.pt
2025-11-01 14:46:26.471 | INFO     | agents.servers.serverFedMSE:train_on_clients:54 - Client 15 gets new best val_loss at epoch #160: 0.000819
2025-11-01 14:46:26.473 | INFO     | agents.servers.serverFedMSE:train_on_clients:70 - Saved model for client 15 at epoch 160 -> saved_models/FedMSE/FedMSE/wsn_ds/epoch_160_client_15.pt
2025-11-01 14:46:26.756 | INFO     | agents.servers.serverFedMSE:train_on_clients:70 - Saved model for client 16 at epoch 160 -> saved_models/FedMSE/FedMSE/wsn_ds/epoch_160_client_16.pt
2025-11-01 14:46:27.043 | INFO     | agents.servers.serverFedMSE:train_on_clients:70 - Saved model for client 17 at epoch 160 -> saved_models/FedMSE/FedMSE/wsn_ds/epoch_160_client_17.pt
2025-11-01 14:46:27.329 | INFO     | agents.servers.serverFedMSE:train_on_clients:70 - Saved model for client 18 at epoch 160 -> saved_models/FedMSE/FedMSE/wsn_ds/epoch_160_client_18.pt
2025-11-01 14:46:27.611 | INFO     | agents.servers.serverFedMSE:train_on_clients:54 - Client 19 gets new best val_loss at epoch #160: 0.000802
2025-11-01 14:46:27.613 | INFO     | agents.servers.serverFedMSE:train_on_clients:70 - Saved model for client 19 at epoch 160 -> saved_models/FedMSE/FedMSE/wsn_ds/epoch_160_client_19.pt
2025-11-01 14:46:27.615 | INFO     | agents.servers.serverFedMSE:train_on_clients:76 - 20 clients still training at epoch #160
2025-11-01 14:47:07.521 | INFO     | agents.servers.serverFedMSE:train_on_clients:32 - Training FedMSE model epoch #161
2025-11-01 14:47:09.211 | INFO     | agents.servers.serverFedMSE:train_on_clients:54 - Client 5 gets new best val_loss at epoch #161: 0.000825
2025-11-01 14:47:10.051 | INFO     | agents.servers.serverFedMSE:train_on_clients:54 - Client 8 gets new best val_loss at epoch #161: 0.000817
2025-11-01 14:47:10.332 | INFO     | agents.servers.serverFedMSE:train_on_clients:54 - Client 9 gets new best val_loss at epoch #161: 0.000859
2025-11-01 14:47:12.840 | INFO     | agents.servers.serverFedMSE:train_on_clients:54 - Client 18 gets new best val_loss at epoch #161: 0.000819
2025-11-01 14:47:13.119 | INFO     | agents.servers.serverFedMSE:train_on_clients:54 - Client 19 gets new best val_loss at epoch #161: 0.000801
2025-11-01 14:47:13.122 | INFO     | agents.servers.serverFedMSE:train_on_clients:76 - 20 clients still training at epoch #161
2025-11-01 14:47:52.857 | INFO     | agents.servers.serverFedMSE:train_on_clients:32 - Training FedMSE model epoch #162
2025-11-01 14:47:53.424 | INFO     | agents.servers.serverFedMSE:train_on_clients:54 - Client 1 gets new best val_loss at epoch #162: 0.000788
2025-11-01 14:47:54.277 | INFO     | agents.servers.serverFedMSE:train_on_clients:54 - Client 4 gets new best val_loss at epoch #162: 0.000827
2025-11-01 14:47:56.806 | INFO     | agents.servers.serverFedMSE:train_on_clients:54 - Client 13 gets new best val_loss at epoch #162: 0.000755
2025-11-01 14:47:57.370 | INFO     | agents.servers.serverFedMSE:train_on_clients:54 - Client 15 gets new best val_loss at epoch #162: 0.000812
2025-11-01 14:47:58.496 | INFO     | agents.servers.serverFedMSE:train_on_clients:76 - 20 clients still training at epoch #162
2025-11-01 14:48:38.284 | INFO     | agents.servers.serverFedMSE:train_on_clients:32 - Training FedMSE model epoch #163
2025-11-01 14:48:38.850 | INFO     | agents.servers.serverFedMSE:train_on_clients:54 - Client 1 gets new best val_loss at epoch #163: 0.000787
2025-11-01 14:48:39.694 | INFO     | agents.servers.serverFedMSE:train_on_clients:54 - Client 4 gets new best val_loss at epoch #163: 0.000816
2025-11-01 14:48:39.980 | INFO     | agents.servers.serverFedMSE:train_on_clients:54 - Client 5 gets new best val_loss at epoch #163: 0.000822
2025-11-01 14:48:41.656 | INFO     | agents.servers.serverFedMSE:train_on_clients:54 - Client 11 gets new best val_loss at epoch #163: 0.000769
2025-11-01 14:48:43.597 | INFO     | agents.servers.serverFedMSE:train_on_clients:54 - Client 18 gets new best val_loss at epoch #163: 0.000813
2025-11-01 14:48:43.882 | INFO     | agents.servers.serverFedMSE:train_on_clients:54 - Client 19 gets new best val_loss at epoch #163: 0.000799
2025-11-01 14:48:43.884 | INFO     | agents.servers.serverFedMSE:train_on_clients:76 - 20 clients still training at epoch #163
2025-11-01 14:49:08.318 | INFO     | agents.servers.serverFedMSE:train_on_clients:32 - Training FedMSE model epoch #164
2025-11-01 14:49:08.842 | INFO     | agents.servers.serverFedMSE:train_on_clients:54 - Client 1 gets new best val_loss at epoch #164: 0.000786
2025-11-01 14:49:09.375 | INFO     | agents.servers.serverFedMSE:train_on_clients:54 - Client 3 gets new best val_loss at epoch #164: 0.000849
2025-11-01 14:49:09.895 | INFO     | agents.servers.serverFedMSE:train_on_clients:54 - Client 5 gets new best val_loss at epoch #164: 0.000798
2025-11-01 14:49:10.421 | INFO     | agents.servers.serverFedMSE:train_on_clients:54 - Client 7 gets new best val_loss at epoch #164: 0.000702
2025-11-01 14:49:10.942 | INFO     | agents.servers.serverFedMSE:train_on_clients:54 - Client 9 gets new best val_loss at epoch #164: 0.000834
2025-11-01 14:49:11.206 | INFO     | agents.servers.serverFedMSE:train_on_clients:54 - Client 10 gets new best val_loss at epoch #164: 0.000870
2025-11-01 14:49:13.541 | INFO     | agents.servers.serverFedMSE:train_on_clients:54 - Client 19 gets new best val_loss at epoch #164: 0.000798
2025-11-01 14:49:13.543 | INFO     | agents.servers.serverFedMSE:train_on_clients:76 - 20 clients still training at epoch #164
2025-11-01 14:49:36.836 | INFO     | agents.servers.serverFedMSE:train_on_clients:32 - Training FedMSE model epoch #165
2025-11-01 14:49:37.365 | INFO     | agents.servers.serverFedMSE:train_on_clients:54 - Client 1 gets new best val_loss at epoch #165: 0.000786
2025-11-01 14:49:39.193 | INFO     | agents.servers.serverFedMSE:train_on_clients:54 - Client 8 gets new best val_loss at epoch #165: 0.000814
2025-11-01 14:49:40.242 | INFO     | agents.servers.serverFedMSE:train_on_clients:54 - Client 12 gets new best val_loss at epoch #165: 0.000769
2025-11-01 14:49:41.805 | INFO     | agents.servers.serverFedMSE:train_on_clients:54 - Client 18 gets new best val_loss at epoch #165: 0.000800
2025-11-01 14:49:42.069 | INFO     | agents.servers.serverFedMSE:train_on_clients:76 - 20 clients still training at epoch #165
2025-11-01 14:50:05.638 | INFO     | agents.servers.serverFedMSE:train_on_clients:32 - Training FedMSE model epoch #166
2025-11-01 14:50:07.996 | INFO     | agents.servers.serverFedMSE:train_on_clients:54 - Client 8 gets new best val_loss at epoch #166: 0.000813
2025-11-01 14:50:10.875 | INFO     | agents.servers.serverFedMSE:train_on_clients:76 - 20 clients still training at epoch #166
2025-11-01 14:50:34.330 | INFO     | agents.servers.serverFedMSE:train_on_clients:32 - Training FedMSE model epoch #167
2025-11-01 14:50:37.210 | INFO     | agents.servers.serverFedMSE:train_on_clients:54 - Client 10 gets new best val_loss at epoch #167: 0.000857
2025-11-01 14:50:39.575 | INFO     | agents.servers.serverFedMSE:train_on_clients:76 - 20 clients still training at epoch #167
2025-11-01 14:51:02.948 | INFO     | agents.servers.serverFedMSE:train_on_clients:32 - Training FedMSE model epoch #168
2025-11-01 14:51:05.310 | INFO     | agents.servers.serverFedMSE:train_on_clients:54 - Client 8 gets new best val_loss at epoch #168: 0.000810
2025-11-01 14:51:05.835 | INFO     | agents.servers.serverFedMSE:train_on_clients:54 - Client 10 gets new best val_loss at epoch #168: 0.000841
2025-11-01 14:51:07.145 | INFO     | agents.servers.serverFedMSE:train_on_clients:54 - Client 15 gets new best val_loss at epoch #168: 0.000793
2025-11-01 14:51:08.193 | INFO     | agents.servers.serverFedMSE:train_on_clients:76 - 20 clients still training at epoch #168
2025-11-01 14:51:31.556 | INFO     | agents.servers.serverFedMSE:train_on_clients:32 - Training FedMSE model epoch #169
2025-11-01 14:51:32.891 | INFO     | agents.servers.serverFedMSE:train_on_clients:54 - Client 4 gets new best val_loss at epoch #169: 0.000811
2025-11-01 14:51:35.521 | INFO     | agents.servers.serverFedMSE:train_on_clients:54 - Client 14 gets new best val_loss at epoch #169: 0.000906
2025-11-01 14:51:35.788 | INFO     | agents.servers.serverFedMSE:train_on_clients:54 - Client 15 gets new best val_loss at epoch #169: 0.000776
2025-11-01 14:51:36.837 | INFO     | agents.servers.serverFedMSE:train_on_clients:54 - Client 19 gets new best val_loss at epoch #169: 0.000789
2025-11-01 14:51:36.839 | INFO     | agents.servers.serverFedMSE:train_on_clients:76 - 20 clients still training at epoch #169
2025-11-01 14:52:00.302 | INFO     | agents.servers.serverFedMSE:train_on_clients:32 - Training FedMSE model epoch #170
2025-11-01 14:52:00.568 | INFO     | agents.servers.serverFedMSE:train_on_clients:54 - Client 0 gets new best val_loss at epoch #170: 0.000786
2025-11-01 14:52:00.581 | INFO     | agents.servers.serverFedMSE:train_on_clients:70 - Saved model for client 0 at epoch 170 -> saved_models/FedMSE/FedMSE/wsn_ds/epoch_170_client_0.pt
2025-11-01 14:52:00.850 | INFO     | agents.servers.serverFedMSE:train_on_clients:70 - Saved model for client 1 at epoch 170 -> saved_models/FedMSE/FedMSE/wsn_ds/epoch_170_client_1.pt
2025-11-01 14:52:01.107 | INFO     | agents.servers.serverFedMSE:train_on_clients:70 - Saved model for client 2 at epoch 170 -> saved_models/FedMSE/FedMSE/wsn_ds/epoch_170_client_2.pt
2025-11-01 14:52:01.368 | INFO     | agents.servers.serverFedMSE:train_on_clients:70 - Saved model for client 3 at epoch 170 -> saved_models/FedMSE/FedMSE/wsn_ds/epoch_170_client_3.pt
2025-11-01 14:52:01.629 | INFO     | agents.servers.serverFedMSE:train_on_clients:70 - Saved model for client 4 at epoch 170 -> saved_models/FedMSE/FedMSE/wsn_ds/epoch_170_client_4.pt
2025-11-01 14:52:01.894 | INFO     | agents.servers.serverFedMSE:train_on_clients:54 - Client 5 gets new best val_loss at epoch #170: 0.000791
2025-11-01 14:52:01.896 | INFO     | agents.servers.serverFedMSE:train_on_clients:70 - Saved model for client 5 at epoch 170 -> saved_models/FedMSE/FedMSE/wsn_ds/epoch_170_client_5.pt
2025-11-01 14:52:02.162 | INFO     | agents.servers.serverFedMSE:train_on_clients:70 - Saved model for client 6 at epoch 170 -> saved_models/FedMSE/FedMSE/wsn_ds/epoch_170_client_6.pt
2025-11-01 14:52:02.424 | INFO     | agents.servers.serverFedMSE:train_on_clients:70 - Saved model for client 7 at epoch 170 -> saved_models/FedMSE/FedMSE/wsn_ds/epoch_170_client_7.pt
2025-11-01 14:52:02.688 | INFO     | agents.servers.serverFedMSE:train_on_clients:70 - Saved model for client 8 at epoch 170 -> saved_models/FedMSE/FedMSE/wsn_ds/epoch_170_client_8.pt
2025-11-01 14:52:02.960 | INFO     | agents.servers.serverFedMSE:train_on_clients:70 - Saved model for client 9 at epoch 170 -> saved_models/FedMSE/FedMSE/wsn_ds/epoch_170_client_9.pt
2025-11-01 14:52:03.222 | INFO     | agents.servers.serverFedMSE:train_on_clients:70 - Saved model for client 10 at epoch 170 -> saved_models/FedMSE/FedMSE/wsn_ds/epoch_170_client_10.pt
2025-11-01 14:52:03.487 | INFO     | agents.servers.serverFedMSE:train_on_clients:70 - Saved model for client 11 at epoch 170 -> saved_models/FedMSE/FedMSE/wsn_ds/epoch_170_client_11.pt
2025-11-01 14:52:03.751 | INFO     | agents.servers.serverFedMSE:train_on_clients:70 - Saved model for client 12 at epoch 170 -> saved_models/FedMSE/FedMSE/wsn_ds/epoch_170_client_12.pt
2025-11-01 14:52:04.017 | INFO     | agents.servers.serverFedMSE:train_on_clients:70 - Saved model for client 13 at epoch 170 -> saved_models/FedMSE/FedMSE/wsn_ds/epoch_170_client_13.pt
2025-11-01 14:52:04.281 | INFO     | agents.servers.serverFedMSE:train_on_clients:70 - Saved model for client 14 at epoch 170 -> saved_models/FedMSE/FedMSE/wsn_ds/epoch_170_client_14.pt
2025-11-01 14:52:04.547 | INFO     | agents.servers.serverFedMSE:train_on_clients:70 - Saved model for client 15 at epoch 170 -> saved_models/FedMSE/FedMSE/wsn_ds/epoch_170_client_15.pt
2025-11-01 14:52:04.857 | INFO     | agents.servers.serverFedMSE:train_on_clients:70 - Saved model for client 16 at epoch 170 -> saved_models/FedMSE/FedMSE/wsn_ds/epoch_170_client_16.pt
2025-11-01 14:52:05.139 | INFO     | agents.servers.serverFedMSE:train_on_clients:54 - Client 17 gets new best val_loss at epoch #170: 0.000748
2025-11-01 14:52:05.141 | INFO     | agents.servers.serverFedMSE:train_on_clients:70 - Saved model for client 17 at epoch 170 -> saved_models/FedMSE/FedMSE/wsn_ds/epoch_170_client_17.pt
2025-11-01 14:52:05.406 | INFO     | agents.servers.serverFedMSE:train_on_clients:70 - Saved model for client 18 at epoch 170 -> saved_models/FedMSE/FedMSE/wsn_ds/epoch_170_client_18.pt
2025-11-01 14:52:05.674 | INFO     | agents.servers.serverFedMSE:train_on_clients:54 - Client 19 gets new best val_loss at epoch #170: 0.000783
2025-11-01 14:52:05.676 | INFO     | agents.servers.serverFedMSE:train_on_clients:70 - Saved model for client 19 at epoch 170 -> saved_models/FedMSE/FedMSE/wsn_ds/epoch_170_client_19.pt
2025-11-01 14:52:05.678 | INFO     | agents.servers.serverFedMSE:train_on_clients:76 - 20 clients still training at epoch #170
2025-11-01 14:52:29.121 | INFO     | agents.servers.serverFedMSE:train_on_clients:32 - Training FedMSE model epoch #171
2025-11-01 14:52:29.910 | INFO     | agents.servers.serverFedMSE:train_on_clients:54 - Client 2 gets new best val_loss at epoch #171: 0.000785
2025-11-01 14:52:31.228 | INFO     | agents.servers.serverFedMSE:train_on_clients:54 - Client 7 gets new best val_loss at epoch #171: 0.000629
2025-11-01 14:52:32.273 | INFO     | agents.servers.serverFedMSE:train_on_clients:54 - Client 11 gets new best val_loss at epoch #171: 0.000706
2025-11-01 14:52:33.057 | INFO     | agents.servers.serverFedMSE:train_on_clients:54 - Client 14 gets new best val_loss at epoch #171: 0.000905
2025-11-01 14:52:34.100 | INFO     | agents.servers.serverFedMSE:train_on_clients:54 - Client 18 gets new best val_loss at epoch #171: 0.000799
2025-11-01 14:52:34.356 | INFO     | agents.servers.serverFedMSE:train_on_clients:76 - 20 clients still training at epoch #171
2025-11-01 14:52:57.880 | INFO     | agents.servers.serverFedMSE:train_on_clients:32 - Training FedMSE model epoch #172
2025-11-01 14:52:58.146 | INFO     | agents.servers.serverFedMSE:train_on_clients:54 - Client 0 gets new best val_loss at epoch #172: 0.000783
2025-11-01 14:52:59.464 | INFO     | agents.servers.serverFedMSE:train_on_clients:54 - Client 5 gets new best val_loss at epoch #172: 0.000780
2025-11-01 14:52:59.729 | INFO     | agents.servers.serverFedMSE:train_on_clients:54 - Client 6 gets new best val_loss at epoch #172: 0.000842
2025-11-01 14:53:03.144 | INFO     | agents.servers.serverFedMSE:train_on_clients:76 - 20 clients still training at epoch #172
2025-11-01 14:53:26.284 | INFO     | agents.servers.serverFedMSE:train_on_clients:32 - Training FedMSE model epoch #173
2025-11-01 14:53:26.815 | INFO     | agents.servers.serverFedMSE:train_on_clients:54 - Client 1 gets new best val_loss at epoch #173: 0.000782
2025-11-01 14:53:28.391 | INFO     | agents.servers.serverFedMSE:train_on_clients:54 - Client 7 gets new best val_loss at epoch #173: 0.000626
2025-11-01 14:53:28.922 | INFO     | agents.servers.serverFedMSE:train_on_clients:54 - Client 9 gets new best val_loss at epoch #173: 0.000828
2025-11-01 14:53:29.710 | INFO     | agents.servers.serverFedMSE:train_on_clients:54 - Client 12 gets new best val_loss at epoch #173: 0.000652
2025-11-01 14:53:31.560 | INFO     | agents.servers.serverFedMSE:train_on_clients:76 - 20 clients still training at epoch #173
2025-11-01 14:53:54.733 | INFO     | agents.servers.serverFedMSE:train_on_clients:32 - Training FedMSE model epoch #174
2025-11-01 14:53:56.316 | INFO     | agents.servers.serverFedMSE:train_on_clients:54 - Client 5 gets new best val_loss at epoch #174: 0.000777
2025-11-01 14:53:58.167 | INFO     | agents.servers.serverFedMSE:train_on_clients:54 - Client 12 gets new best val_loss at epoch #174: 0.000651
2025-11-01 14:53:59.222 | INFO     | agents.servers.serverFedMSE:train_on_clients:54 - Client 16 gets new best val_loss at epoch #174: 0.000835
2025-11-01 14:53:59.494 | INFO     | agents.servers.serverFedMSE:train_on_clients:54 - Client 17 gets new best val_loss at epoch #174: 0.000663
2025-11-01 14:54:00.026 | INFO     | agents.servers.serverFedMSE:train_on_clients:76 - 20 clients still training at epoch #174
2025-11-01 14:54:23.233 | INFO     | agents.servers.serverFedMSE:train_on_clients:32 - Training FedMSE model epoch #175
2025-11-01 14:54:23.498 | INFO     | agents.servers.serverFedMSE:train_on_clients:54 - Client 0 gets new best val_loss at epoch #175: 0.000753
2025-11-01 14:54:24.291 | INFO     | agents.servers.serverFedMSE:train_on_clients:54 - Client 3 gets new best val_loss at epoch #175: 0.000831
2025-11-01 14:54:26.401 | INFO     | agents.servers.serverFedMSE:train_on_clients:54 - Client 11 gets new best val_loss at epoch #175: 0.000705
2025-11-01 14:54:26.670 | INFO     | agents.servers.serverFedMSE:train_on_clients:54 - Client 12 gets new best val_loss at epoch #175: 0.000649
2025-11-01 14:54:26.940 | INFO     | agents.servers.serverFedMSE:train_on_clients:54 - Client 13 gets new best val_loss at epoch #175: 0.000753
2025-11-01 14:54:27.988 | INFO     | agents.servers.serverFedMSE:train_on_clients:54 - Client 17 gets new best val_loss at epoch #175: 0.000657
2025-11-01 14:54:28.254 | INFO     | agents.servers.serverFedMSE:train_on_clients:54 - Client 18 gets new best val_loss at epoch #175: 0.000779
2025-11-01 14:54:28.518 | INFO     | agents.servers.serverFedMSE:train_on_clients:76 - 20 clients still training at epoch #175
2025-11-01 14:54:51.820 | INFO     | agents.servers.serverFedMSE:train_on_clients:32 - Training FedMSE model epoch #176
2025-11-01 14:54:53.447 | INFO     | agents.servers.serverFedMSE:train_on_clients:54 - Client 5 gets new best val_loss at epoch #176: 0.000771
2025-11-01 14:54:53.982 | INFO     | agents.servers.serverFedMSE:train_on_clients:54 - Client 7 gets new best val_loss at epoch #176: 0.000624
2025-11-01 14:54:54.780 | INFO     | agents.servers.serverFedMSE:train_on_clients:54 - Client 10 gets new best val_loss at epoch #176: 0.000837
2025-11-01 14:54:55.048 | INFO     | agents.servers.serverFedMSE:train_on_clients:54 - Client 11 gets new best val_loss at epoch #176: 0.000702
2025-11-01 14:54:55.316 | INFO     | agents.servers.serverFedMSE:train_on_clients:54 - Client 12 gets new best val_loss at epoch #176: 0.000645
2025-11-01 14:54:56.656 | INFO     | agents.servers.serverFedMSE:train_on_clients:54 - Client 17 gets new best val_loss at epoch #176: 0.000654
2025-11-01 14:54:57.194 | INFO     | agents.servers.serverFedMSE:train_on_clients:76 - 20 clients still training at epoch #176
2025-11-01 14:55:21.062 | INFO     | agents.servers.serverFedMSE:train_on_clients:32 - Training FedMSE model epoch #177
2025-11-01 14:55:23.176 | INFO     | agents.servers.serverFedMSE:train_on_clients:54 - Client 7 gets new best val_loss at epoch #177: 0.000621
2025-11-01 14:55:23.970 | INFO     | agents.servers.serverFedMSE:train_on_clients:54 - Client 10 gets new best val_loss at epoch #177: 0.000821
2025-11-01 14:55:24.239 | INFO     | agents.servers.serverFedMSE:train_on_clients:54 - Client 11 gets new best val_loss at epoch #177: 0.000701
2025-11-01 14:55:24.509 | INFO     | agents.servers.serverFedMSE:train_on_clients:54 - Client 12 gets new best val_loss at epoch #177: 0.000643
2025-11-01 14:55:25.845 | INFO     | agents.servers.serverFedMSE:train_on_clients:54 - Client 17 gets new best val_loss at epoch #177: 0.000653
2025-11-01 14:55:26.378 | INFO     | agents.servers.serverFedMSE:train_on_clients:76 - 20 clients still training at epoch #177
2025-11-01 14:55:49.832 | INFO     | agents.servers.serverFedMSE:train_on_clients:32 - Training FedMSE model epoch #178
2025-11-01 14:55:54.355 | INFO     | agents.servers.serverFedMSE:train_on_clients:54 - Client 16 gets new best val_loss at epoch #178: 0.000736
2025-11-01 14:55:54.621 | INFO     | agents.servers.serverFedMSE:train_on_clients:54 - Client 17 gets new best val_loss at epoch #178: 0.000652
2025-11-01 14:55:55.150 | INFO     | agents.servers.serverFedMSE:train_on_clients:76 - 20 clients still training at epoch #178
2025-11-01 14:56:18.525 | INFO     | agents.servers.serverFedMSE:train_on_clients:32 - Training FedMSE model epoch #179
2025-11-01 14:56:18.797 | INFO     | agents.servers.serverFedMSE:train_on_clients:54 - Client 0 gets new best val_loss at epoch #179: 0.000737
2025-11-01 14:56:19.868 | INFO     | agents.servers.serverFedMSE:train_on_clients:54 - Client 4 gets new best val_loss at epoch #179: 0.000689
2025-11-01 14:56:21.467 | INFO     | agents.servers.serverFedMSE:train_on_clients:54 - Client 10 gets new best val_loss at epoch #179: 0.000820
2025-11-01 14:56:23.056 | INFO     | agents.servers.serverFedMSE:train_on_clients:54 - Client 16 gets new best val_loss at epoch #179: 0.000735
2025-11-01 14:56:23.594 | INFO     | agents.servers.serverFedMSE:train_on_clients:54 - Client 18 gets new best val_loss at epoch #179: 0.000774
2025-11-01 14:56:23.864 | INFO     | agents.servers.serverFedMSE:train_on_clients:76 - 20 clients still training at epoch #179
2025-11-01 14:56:47.272 | INFO     | agents.servers.serverFedMSE:train_on_clients:32 - Training FedMSE model epoch #180
2025-11-01 14:56:47.553 | INFO     | agents.servers.serverFedMSE:train_on_clients:70 - Saved model for client 0 at epoch 180 -> saved_models/FedMSE/FedMSE/wsn_ds/epoch_180_client_0.pt
2025-11-01 14:56:47.822 | INFO     | agents.servers.serverFedMSE:train_on_clients:70 - Saved model for client 1 at epoch 180 -> saved_models/FedMSE/FedMSE/wsn_ds/epoch_180_client_1.pt
2025-11-01 14:56:48.094 | INFO     | agents.servers.serverFedMSE:train_on_clients:70 - Saved model for client 2 at epoch 180 -> saved_models/FedMSE/FedMSE/wsn_ds/epoch_180_client_2.pt
2025-11-01 14:56:48.356 | INFO     | agents.servers.serverFedMSE:train_on_clients:70 - Saved model for client 3 at epoch 180 -> saved_models/FedMSE/FedMSE/wsn_ds/epoch_180_client_3.pt
2025-11-01 14:56:48.626 | INFO     | agents.servers.serverFedMSE:train_on_clients:54 - Client 4 gets new best val_loss at epoch #180: 0.000689
2025-11-01 14:56:48.628 | INFO     | agents.servers.serverFedMSE:train_on_clients:70 - Saved model for client 4 at epoch 180 -> saved_models/FedMSE/FedMSE/wsn_ds/epoch_180_client_4.pt
2025-11-01 14:56:48.899 | INFO     | agents.servers.serverFedMSE:train_on_clients:54 - Client 5 gets new best val_loss at epoch #180: 0.000734
2025-11-01 14:56:48.901 | INFO     | agents.servers.serverFedMSE:train_on_clients:70 - Saved model for client 5 at epoch 180 -> saved_models/FedMSE/FedMSE/wsn_ds/epoch_180_client_5.pt
2025-11-01 14:56:49.161 | INFO     | agents.servers.serverFedMSE:train_on_clients:70 - Saved model for client 6 at epoch 180 -> saved_models/FedMSE/FedMSE/wsn_ds/epoch_180_client_6.pt
2025-11-01 14:56:49.428 | INFO     | agents.servers.serverFedMSE:train_on_clients:70 - Saved model for client 7 at epoch 180 -> saved_models/FedMSE/FedMSE/wsn_ds/epoch_180_client_7.pt
2025-11-01 14:56:49.692 | INFO     | agents.servers.serverFedMSE:train_on_clients:70 - Saved model for client 8 at epoch 180 -> saved_models/FedMSE/FedMSE/wsn_ds/epoch_180_client_8.pt
2025-11-01 14:56:49.955 | INFO     | agents.servers.serverFedMSE:train_on_clients:70 - Saved model for client 9 at epoch 180 -> saved_models/FedMSE/FedMSE/wsn_ds/epoch_180_client_9.pt
2025-11-01 14:56:50.238 | INFO     | agents.servers.serverFedMSE:train_on_clients:70 - Saved model for client 10 at epoch 180 -> saved_models/FedMSE/FedMSE/wsn_ds/epoch_180_client_10.pt
2025-11-01 14:56:50.506 | INFO     | agents.servers.serverFedMSE:train_on_clients:70 - Saved model for client 11 at epoch 180 -> saved_models/FedMSE/FedMSE/wsn_ds/epoch_180_client_11.pt
2025-11-01 14:56:50.782 | INFO     | agents.servers.serverFedMSE:train_on_clients:70 - Saved model for client 12 at epoch 180 -> saved_models/FedMSE/FedMSE/wsn_ds/epoch_180_client_12.pt
2025-11-01 14:56:51.046 | INFO     | agents.servers.serverFedMSE:train_on_clients:70 - Saved model for client 13 at epoch 180 -> saved_models/FedMSE/FedMSE/wsn_ds/epoch_180_client_13.pt
2025-11-01 14:56:51.328 | INFO     | agents.servers.serverFedMSE:train_on_clients:70 - Saved model for client 14 at epoch 180 -> saved_models/FedMSE/FedMSE/wsn_ds/epoch_180_client_14.pt
2025-11-01 14:56:51.596 | INFO     | agents.servers.serverFedMSE:train_on_clients:70 - Saved model for client 15 at epoch 180 -> saved_models/FedMSE/FedMSE/wsn_ds/epoch_180_client_15.pt
2025-11-01 14:56:51.867 | INFO     | agents.servers.serverFedMSE:train_on_clients:54 - Client 16 gets new best val_loss at epoch #180: 0.000735
2025-11-01 14:56:51.869 | INFO     | agents.servers.serverFedMSE:train_on_clients:70 - Saved model for client 16 at epoch 180 -> saved_models/FedMSE/FedMSE/wsn_ds/epoch_180_client_16.pt
2025-11-01 14:56:52.131 | INFO     | agents.servers.serverFedMSE:train_on_clients:54 - Client 17 gets new best val_loss at epoch #180: 0.000651
2025-11-01 14:56:52.133 | INFO     | agents.servers.serverFedMSE:train_on_clients:70 - Saved model for client 17 at epoch 180 -> saved_models/FedMSE/FedMSE/wsn_ds/epoch_180_client_17.pt
2025-11-01 14:56:52.416 | INFO     | agents.servers.serverFedMSE:train_on_clients:54 - Client 18 gets new best val_loss at epoch #180: 0.000770
2025-11-01 14:56:52.418 | INFO     | agents.servers.serverFedMSE:train_on_clients:70 - Saved model for client 18 at epoch 180 -> saved_models/FedMSE/FedMSE/wsn_ds/epoch_180_client_18.pt
2025-11-01 14:56:52.680 | INFO     | agents.servers.serverFedMSE:train_on_clients:70 - Saved model for client 19 at epoch 180 -> saved_models/FedMSE/FedMSE/wsn_ds/epoch_180_client_19.pt
2025-11-01 14:56:52.682 | INFO     | agents.servers.serverFedMSE:train_on_clients:76 - 20 clients still training at epoch #180
2025-11-01 14:57:15.897 | INFO     | agents.servers.serverFedMSE:train_on_clients:32 - Training FedMSE model epoch #181
2025-11-01 14:57:17.239 | INFO     | agents.servers.serverFedMSE:train_on_clients:54 - Client 4 gets new best val_loss at epoch #181: 0.000688
2025-11-01 14:57:17.775 | INFO     | agents.servers.serverFedMSE:train_on_clients:54 - Client 6 gets new best val_loss at epoch #181: 0.000836
2025-11-01 14:57:18.307 | INFO     | agents.servers.serverFedMSE:train_on_clients:54 - Client 8 gets new best val_loss at epoch #181: 0.000805
2025-11-01 14:57:19.371 | INFO     | agents.servers.serverFedMSE:train_on_clients:54 - Client 12 gets new best val_loss at epoch #181: 0.000640
2025-11-01 14:57:20.446 | INFO     | agents.servers.serverFedMSE:train_on_clients:54 - Client 16 gets new best val_loss at epoch #181: 0.000731
2025-11-01 14:57:20.714 | INFO     | agents.servers.serverFedMSE:train_on_clients:54 - Client 17 gets new best val_loss at epoch #181: 0.000646
2025-11-01 14:57:21.252 | INFO     | agents.servers.serverFedMSE:train_on_clients:76 - 20 clients still training at epoch #181
2025-11-01 14:57:44.549 | INFO     | agents.servers.serverFedMSE:train_on_clients:32 - Training FedMSE model epoch #182
2025-11-01 14:57:45.899 | INFO     | agents.servers.serverFedMSE:train_on_clients:54 - Client 4 gets new best val_loss at epoch #182: 0.000687
2025-11-01 14:57:47.235 | INFO     | agents.servers.serverFedMSE:train_on_clients:54 - Client 9 gets new best val_loss at epoch #182: 0.000820
2025-11-01 14:57:48.032 | INFO     | agents.servers.serverFedMSE:train_on_clients:54 - Client 12 gets new best val_loss at epoch #182: 0.000637
2025-11-01 14:57:49.101 | INFO     | agents.servers.serverFedMSE:train_on_clients:54 - Client 16 gets new best val_loss at epoch #182: 0.000729
2025-11-01 14:57:49.380 | INFO     | agents.servers.serverFedMSE:train_on_clients:54 - Client 17 gets new best val_loss at epoch #182: 0.000645
2025-11-01 14:57:49.917 | INFO     | agents.servers.serverFedMSE:train_on_clients:76 - 20 clients still training at epoch #182
2025-11-01 14:58:13.006 | INFO     | agents.servers.serverFedMSE:train_on_clients:32 - Training FedMSE model epoch #183
2025-11-01 14:58:16.532 | INFO     | agents.servers.serverFedMSE:train_on_clients:54 - Client 12 gets new best val_loss at epoch #183: 0.000637
2025-11-01 14:58:18.376 | INFO     | agents.servers.serverFedMSE:train_on_clients:76 - 20 clients still training at epoch #183
2025-11-01 14:58:41.777 | INFO     | agents.servers.serverFedMSE:train_on_clients:32 - Training FedMSE model epoch #184
2025-11-01 14:58:43.096 | INFO     | agents.servers.serverFedMSE:train_on_clients:54 - Client 4 gets new best val_loss at epoch #184: 0.000686
2025-11-01 14:58:44.413 | INFO     | agents.servers.serverFedMSE:train_on_clients:54 - Client 9 gets new best val_loss at epoch #184: 0.000817
2025-11-01 14:58:45.199 | INFO     | agents.servers.serverFedMSE:train_on_clients:54 - Client 12 gets new best val_loss at epoch #184: 0.000634
2025-11-01 14:58:46.255 | INFO     | agents.servers.serverFedMSE:train_on_clients:54 - Client 16 gets new best val_loss at epoch #184: 0.000729
2025-11-01 14:58:47.050 | INFO     | agents.servers.serverFedMSE:train_on_clients:76 - 20 clients still training at epoch #184
2025-11-01 14:59:10.330 | INFO     | agents.servers.serverFedMSE:train_on_clients:32 - Training FedMSE model epoch #185
2025-11-01 14:59:11.135 | INFO     | agents.servers.serverFedMSE:train_on_clients:54 - Client 2 gets new best val_loss at epoch #185: 0.000782
2025-11-01 14:59:11.403 | INFO     | agents.servers.serverFedMSE:train_on_clients:54 - Client 3 gets new best val_loss at epoch #185: 0.000702
2025-11-01 14:59:11.671 | INFO     | agents.servers.serverFedMSE:train_on_clients:54 - Client 4 gets new best val_loss at epoch #185: 0.000684
2025-11-01 14:59:13.257 | INFO     | agents.servers.serverFedMSE:train_on_clients:54 - Client 10 gets new best val_loss at epoch #185: 0.000820
2025-11-01 14:59:13.781 | INFO     | agents.servers.serverFedMSE:train_on_clients:54 - Client 12 gets new best val_loss at epoch #185: 0.000633
2025-11-01 14:59:14.834 | INFO     | agents.servers.serverFedMSE:train_on_clients:54 - Client 16 gets new best val_loss at epoch #185: 0.000728
2025-11-01 14:59:15.622 | INFO     | agents.servers.serverFedMSE:train_on_clients:76 - 20 clients still training at epoch #185
2025-11-01 14:59:38.805 | INFO     | agents.servers.serverFedMSE:train_on_clients:32 - Training FedMSE model epoch #186
2025-11-01 14:59:39.857 | INFO     | agents.servers.serverFedMSE:train_on_clients:54 - Client 3 gets new best val_loss at epoch #186: 0.000701
2025-11-01 14:59:40.126 | INFO     | agents.servers.serverFedMSE:train_on_clients:54 - Client 4 gets new best val_loss at epoch #186: 0.000683
2025-11-01 14:59:40.652 | INFO     | agents.servers.serverFedMSE:train_on_clients:54 - Client 6 gets new best val_loss at epoch #186: 0.000835
2025-11-01 14:59:42.219 | INFO     | agents.servers.serverFedMSE:train_on_clients:54 - Client 12 gets new best val_loss at epoch #186: 0.000630
2025-11-01 14:59:43.270 | INFO     | agents.servers.serverFedMSE:train_on_clients:54 - Client 16 gets new best val_loss at epoch #186: 0.000724
2025-11-01 14:59:44.063 | INFO     | agents.servers.serverFedMSE:train_on_clients:76 - 20 clients still training at epoch #186
2025-11-01 15:00:07.241 | INFO     | agents.servers.serverFedMSE:train_on_clients:32 - Training FedMSE model epoch #187
2025-11-01 15:00:07.766 | INFO     | agents.servers.serverFedMSE:train_on_clients:54 - Client 1 gets new best val_loss at epoch #187: 0.000777
2025-11-01 15:00:08.300 | INFO     | agents.servers.serverFedMSE:train_on_clients:54 - Client 3 gets new best val_loss at epoch #187: 0.000700
2025-11-01 15:00:10.138 | INFO     | agents.servers.serverFedMSE:train_on_clients:54 - Client 10 gets new best val_loss at epoch #187: 0.000813
2025-11-01 15:00:10.667 | INFO     | agents.servers.serverFedMSE:train_on_clients:54 - Client 12 gets new best val_loss at epoch #187: 0.000630
2025-11-01 15:00:11.735 | INFO     | agents.servers.serverFedMSE:train_on_clients:54 - Client 16 gets new best val_loss at epoch #187: 0.000722
2025-11-01 15:00:12.526 | INFO     | agents.servers.serverFedMSE:train_on_clients:76 - 20 clients still training at epoch #187
2025-11-01 15:00:35.659 | INFO     | agents.servers.serverFedMSE:train_on_clients:32 - Training FedMSE model epoch #188
2025-11-01 15:00:35.924 | INFO     | agents.servers.serverFedMSE:train_on_clients:54 - Client 0 gets new best val_loss at epoch #188: 0.000726
2025-11-01 15:00:38.094 | INFO     | agents.servers.serverFedMSE:train_on_clients:54 - Client 8 gets new best val_loss at epoch #188: 0.000771
2025-11-01 15:00:40.981 | INFO     | agents.servers.serverFedMSE:train_on_clients:76 - 20 clients still training at epoch #188
2025-11-01 15:01:04.334 | INFO     | agents.servers.serverFedMSE:train_on_clients:32 - Training FedMSE model epoch #189
2025-11-01 15:01:06.196 | INFO     | agents.servers.serverFedMSE:train_on_clients:54 - Client 6 gets new best val_loss at epoch #189: 0.000830
2025-11-01 15:01:08.589 | INFO     | agents.servers.serverFedMSE:train_on_clients:54 - Client 15 gets new best val_loss at epoch #189: 0.000759
2025-11-01 15:01:09.652 | INFO     | agents.servers.serverFedMSE:train_on_clients:76 - 20 clients still training at epoch #189
2025-11-01 15:01:32.786 | INFO     | agents.servers.serverFedMSE:train_on_clients:32 - Training FedMSE model epoch #190
2025-11-01 15:01:33.062 | INFO     | agents.servers.serverFedMSE:train_on_clients:70 - Saved model for client 0 at epoch 190 -> saved_models/FedMSE/FedMSE/wsn_ds/epoch_190_client_0.pt
2025-11-01 15:01:33.330 | INFO     | agents.servers.serverFedMSE:train_on_clients:70 - Saved model for client 1 at epoch 190 -> saved_models/FedMSE/FedMSE/wsn_ds/epoch_190_client_1.pt
2025-11-01 15:01:33.594 | INFO     | agents.servers.serverFedMSE:train_on_clients:70 - Saved model for client 2 at epoch 190 -> saved_models/FedMSE/FedMSE/wsn_ds/epoch_190_client_2.pt
2025-11-01 15:01:33.863 | INFO     | agents.servers.serverFedMSE:train_on_clients:54 - Client 3 gets new best val_loss at epoch #190: 0.000699
2025-11-01 15:01:33.865 | INFO     | agents.servers.serverFedMSE:train_on_clients:70 - Saved model for client 3 at epoch 190 -> saved_models/FedMSE/FedMSE/wsn_ds/epoch_190_client_3.pt
2025-11-01 15:01:34.132 | INFO     | agents.servers.serverFedMSE:train_on_clients:70 - Saved model for client 4 at epoch 190 -> saved_models/FedMSE/FedMSE/wsn_ds/epoch_190_client_4.pt
2025-11-01 15:01:34.401 | INFO     | agents.servers.serverFedMSE:train_on_clients:70 - Saved model for client 5 at epoch 190 -> saved_models/FedMSE/FedMSE/wsn_ds/epoch_190_client_5.pt
2025-11-01 15:01:34.668 | INFO     | agents.servers.serverFedMSE:train_on_clients:70 - Saved model for client 6 at epoch 190 -> saved_models/FedMSE/FedMSE/wsn_ds/epoch_190_client_6.pt
2025-11-01 15:01:34.932 | INFO     | agents.servers.serverFedMSE:train_on_clients:70 - Saved model for client 7 at epoch 190 -> saved_models/FedMSE/FedMSE/wsn_ds/epoch_190_client_7.pt
2025-11-01 15:01:35.198 | INFO     | agents.servers.serverFedMSE:train_on_clients:70 - Saved model for client 8 at epoch 190 -> saved_models/FedMSE/FedMSE/wsn_ds/epoch_190_client_8.pt
2025-11-01 15:01:35.461 | INFO     | agents.servers.serverFedMSE:train_on_clients:70 - Saved model for client 9 at epoch 190 -> saved_models/FedMSE/FedMSE/wsn_ds/epoch_190_client_9.pt
2025-11-01 15:01:35.725 | INFO     | agents.servers.serverFedMSE:train_on_clients:70 - Saved model for client 10 at epoch 190 -> saved_models/FedMSE/FedMSE/wsn_ds/epoch_190_client_10.pt
2025-11-01 15:01:35.986 | INFO     | agents.servers.serverFedMSE:train_on_clients:70 - Saved model for client 11 at epoch 190 -> saved_models/FedMSE/FedMSE/wsn_ds/epoch_190_client_11.pt
2025-11-01 15:01:36.253 | INFO     | agents.servers.serverFedMSE:train_on_clients:54 - Client 12 gets new best val_loss at epoch #190: 0.000627
2025-11-01 15:01:36.254 | INFO     | agents.servers.serverFedMSE:train_on_clients:70 - Saved model for client 12 at epoch 190 -> saved_models/FedMSE/FedMSE/wsn_ds/epoch_190_client_12.pt
2025-11-01 15:01:36.521 | INFO     | agents.servers.serverFedMSE:train_on_clients:70 - Saved model for client 13 at epoch 190 -> saved_models/FedMSE/FedMSE/wsn_ds/epoch_190_client_13.pt
2025-11-01 15:01:36.785 | INFO     | agents.servers.serverFedMSE:train_on_clients:70 - Saved model for client 14 at epoch 190 -> saved_models/FedMSE/FedMSE/wsn_ds/epoch_190_client_14.pt
2025-11-01 15:01:37.059 | INFO     | agents.servers.serverFedMSE:train_on_clients:70 - Saved model for client 15 at epoch 190 -> saved_models/FedMSE/FedMSE/wsn_ds/epoch_190_client_15.pt
2025-11-01 15:01:37.329 | INFO     | agents.servers.serverFedMSE:train_on_clients:54 - Client 16 gets new best val_loss at epoch #190: 0.000721
2025-11-01 15:01:37.331 | INFO     | agents.servers.serverFedMSE:train_on_clients:70 - Saved model for client 16 at epoch 190 -> saved_models/FedMSE/FedMSE/wsn_ds/epoch_190_client_16.pt
2025-11-01 15:01:37.597 | INFO     | agents.servers.serverFedMSE:train_on_clients:70 - Saved model for client 17 at epoch 190 -> saved_models/FedMSE/FedMSE/wsn_ds/epoch_190_client_17.pt
2025-11-01 15:01:37.862 | INFO     | agents.servers.serverFedMSE:train_on_clients:70 - Saved model for client 18 at epoch 190 -> saved_models/FedMSE/FedMSE/wsn_ds/epoch_190_client_18.pt
2025-11-01 15:01:38.126 | INFO     | agents.servers.serverFedMSE:train_on_clients:70 - Saved model for client 19 at epoch 190 -> saved_models/FedMSE/FedMSE/wsn_ds/epoch_190_client_19.pt
2025-11-01 15:01:38.129 | INFO     | agents.servers.serverFedMSE:train_on_clients:76 - 20 clients still training at epoch #190
2025-11-01 15:02:01.332 | INFO     | agents.servers.serverFedMSE:train_on_clients:32 - Training FedMSE model epoch #191
2025-11-01 15:02:01.599 | INFO     | agents.servers.serverFedMSE:train_on_clients:54 - Client 0 gets new best val_loss at epoch #191: 0.000638
2025-11-01 15:02:02.132 | INFO     | agents.servers.serverFedMSE:train_on_clients:54 - Client 2 gets new best val_loss at epoch #191: 0.000772
2025-11-01 15:02:03.705 | INFO     | agents.servers.serverFedMSE:train_on_clients:54 - Client 8 gets new best val_loss at epoch #191: 0.000759
2025-11-01 15:02:06.706 | INFO     | agents.servers.serverFedMSE:train_on_clients:76 - 20 clients still training at epoch #191
2025-11-01 15:02:29.732 | INFO     | agents.servers.serverFedMSE:train_on_clients:32 - Training FedMSE model epoch #192
2025-11-01 15:02:29.992 | INFO     | agents.servers.serverFedMSE:train_on_clients:54 - Client 0 gets new best val_loss at epoch #192: 0.000637
2025-11-01 15:02:32.348 | INFO     | agents.servers.serverFedMSE:train_on_clients:54 - Client 9 gets new best val_loss at epoch #192: 0.000798
2025-11-01 15:02:34.182 | INFO     | agents.servers.serverFedMSE:train_on_clients:54 - Client 16 gets new best val_loss at epoch #192: 0.000721
2025-11-01 15:02:34.962 | INFO     | agents.servers.serverFedMSE:train_on_clients:76 - 20 clients still training at epoch #192
2025-11-01 15:02:58.001 | INFO     | agents.servers.serverFedMSE:train_on_clients:32 - Training FedMSE model epoch #193
2025-11-01 15:03:01.950 | INFO     | agents.servers.serverFedMSE:train_on_clients:54 - Client 14 gets new best val_loss at epoch #193: 0.000786
2025-11-01 15:03:02.212 | INFO     | agents.servers.serverFedMSE:train_on_clients:54 - Client 15 gets new best val_loss at epoch #193: 0.000702
2025-11-01 15:03:02.482 | INFO     | agents.servers.serverFedMSE:train_on_clients:54 - Client 16 gets new best val_loss at epoch #193: 0.000718
2025-11-01 15:03:03.268 | INFO     | agents.servers.serverFedMSE:train_on_clients:76 - 20 clients still training at epoch #193
2025-11-01 15:03:26.244 | INFO     | agents.servers.serverFedMSE:train_on_clients:32 - Training FedMSE model epoch #194
2025-11-01 15:03:28.091 | INFO     | agents.servers.serverFedMSE:train_on_clients:54 - Client 6 gets new best val_loss at epoch #194: 0.000827
2025-11-01 15:03:30.183 | INFO     | agents.servers.serverFedMSE:train_on_clients:54 - Client 14 gets new best val_loss at epoch #194: 0.000783
2025-11-01 15:03:30.447 | INFO     | agents.servers.serverFedMSE:train_on_clients:54 - Client 15 gets new best val_loss at epoch #194: 0.000701
2025-11-01 15:03:30.706 | INFO     | agents.servers.serverFedMSE:train_on_clients:54 - Client 16 gets new best val_loss at epoch #194: 0.000716
2025-11-01 15:03:31.230 | INFO     | agents.servers.serverFedMSE:train_on_clients:54 - Client 18 gets new best val_loss at epoch #194: 0.000719
2025-11-01 15:03:31.503 | INFO     | agents.servers.serverFedMSE:train_on_clients:76 - 20 clients still training at epoch #194
2025-11-01 15:03:54.461 | INFO     | agents.servers.serverFedMSE:train_on_clients:32 - Training FedMSE model epoch #195
2025-11-01 15:03:54.728 | INFO     | agents.servers.serverFedMSE:train_on_clients:54 - Client 0 gets new best val_loss at epoch #195: 0.000636
2025-11-01 15:03:55.796 | INFO     | agents.servers.serverFedMSE:train_on_clients:54 - Client 4 gets new best val_loss at epoch #195: 0.000679
2025-11-01 15:03:57.392 | INFO     | agents.servers.serverFedMSE:train_on_clients:54 - Client 10 gets new best val_loss at epoch #195: 0.000810
2025-11-01 15:03:58.448 | INFO     | agents.servers.serverFedMSE:train_on_clients:54 - Client 14 gets new best val_loss at epoch #195: 0.000781
2025-11-01 15:03:58.712 | INFO     | agents.servers.serverFedMSE:train_on_clients:54 - Client 15 gets new best val_loss at epoch #195: 0.000700
2025-11-01 15:03:58.975 | INFO     | agents.servers.serverFedMSE:train_on_clients:54 - Client 16 gets new best val_loss at epoch #195: 0.000714
2025-11-01 15:03:59.501 | INFO     | agents.servers.serverFedMSE:train_on_clients:54 - Client 18 gets new best val_loss at epoch #195: 0.000701
2025-11-01 15:03:59.769 | INFO     | agents.servers.serverFedMSE:train_on_clients:76 - 20 clients still training at epoch #195
2025-11-01 15:04:22.639 | INFO     | agents.servers.serverFedMSE:train_on_clients:32 - Training FedMSE model epoch #196
2025-11-01 15:04:22.906 | INFO     | agents.servers.serverFedMSE:train_on_clients:54 - Client 0 gets new best val_loss at epoch #196: 0.000635
2025-11-01 15:04:23.709 | INFO     | agents.servers.serverFedMSE:train_on_clients:54 - Client 3 gets new best val_loss at epoch #196: 0.000699
2025-11-01 15:04:25.546 | INFO     | agents.servers.serverFedMSE:train_on_clients:54 - Client 10 gets new best val_loss at epoch #196: 0.000807
2025-11-01 15:04:26.591 | INFO     | agents.servers.serverFedMSE:train_on_clients:54 - Client 14 gets new best val_loss at epoch #196: 0.000779
2025-11-01 15:04:26.858 | INFO     | agents.servers.serverFedMSE:train_on_clients:54 - Client 15 gets new best val_loss at epoch #196: 0.000697
2025-11-01 15:04:27.651 | INFO     | agents.servers.serverFedMSE:train_on_clients:54 - Client 18 gets new best val_loss at epoch #196: 0.000700
2025-11-01 15:04:27.915 | INFO     | agents.servers.serverFedMSE:train_on_clients:76 - 20 clients still training at epoch #196
2025-11-01 15:04:50.695 | INFO     | agents.servers.serverFedMSE:train_on_clients:32 - Training FedMSE model epoch #197
2025-11-01 15:04:52.554 | INFO     | agents.servers.serverFedMSE:train_on_clients:54 - Client 6 gets new best val_loss at epoch #197: 0.000817
2025-11-01 15:04:53.342 | INFO     | agents.servers.serverFedMSE:train_on_clients:54 - Client 9 gets new best val_loss at epoch #197: 0.000789
2025-11-01 15:04:54.651 | INFO     | agents.servers.serverFedMSE:train_on_clients:54 - Client 14 gets new best val_loss at epoch #197: 0.000775
2025-11-01 15:04:54.914 | INFO     | agents.servers.serverFedMSE:train_on_clients:54 - Client 15 gets new best val_loss at epoch #197: 0.000695
2025-11-01 15:04:55.178 | INFO     | agents.servers.serverFedMSE:train_on_clients:54 - Client 16 gets new best val_loss at epoch #197: 0.000712
2025-11-01 15:04:55.706 | INFO     | agents.servers.serverFedMSE:train_on_clients:54 - Client 18 gets new best val_loss at epoch #197: 0.000697
2025-11-01 15:04:55.967 | INFO     | agents.servers.serverFedMSE:train_on_clients:76 - 20 clients still training at epoch #197
2025-11-01 15:05:18.626 | INFO     | agents.servers.serverFedMSE:train_on_clients:32 - Training FedMSE model epoch #198
2025-11-01 15:05:19.688 | INFO     | agents.servers.serverFedMSE:train_on_clients:54 - Client 3 gets new best val_loss at epoch #198: 0.000698
2025-11-01 15:05:21.529 | INFO     | agents.servers.serverFedMSE:train_on_clients:54 - Client 10 gets new best val_loss at epoch #198: 0.000803
2025-11-01 15:05:22.573 | INFO     | agents.servers.serverFedMSE:train_on_clients:54 - Client 14 gets new best val_loss at epoch #198: 0.000775
2025-11-01 15:05:22.842 | INFO     | agents.servers.serverFedMSE:train_on_clients:54 - Client 15 gets new best val_loss at epoch #198: 0.000694
2025-11-01 15:05:23.887 | INFO     | agents.servers.serverFedMSE:train_on_clients:76 - 20 clients still training at epoch #198
2025-11-01 15:05:46.657 | INFO     | agents.servers.serverFedMSE:train_on_clients:32 - Training FedMSE model epoch #199
2025-11-01 15:05:46.918 | INFO     | agents.servers.serverFedMSE:train_on_clients:54 - Client 0 gets new best val_loss at epoch #199: 0.000634
2025-11-01 15:05:47.724 | INFO     | agents.servers.serverFedMSE:train_on_clients:54 - Client 3 gets new best val_loss at epoch #199: 0.000696
2025-11-01 15:05:49.820 | INFO     | agents.servers.serverFedMSE:train_on_clients:54 - Client 11 gets new best val_loss at epoch #199: 0.000699
2025-11-01 15:05:50.610 | INFO     | agents.servers.serverFedMSE:train_on_clients:54 - Client 14 gets new best val_loss at epoch #199: 0.000773
2025-11-01 15:05:51.934 | INFO     | agents.servers.serverFedMSE:train_on_clients:76 - 20 clients still training at epoch #199
2025-11-01 15:06:14.797 | INFO     | agents.servers.serverFedMSE:train_on_clients:32 - Training FedMSE model epoch #200
2025-11-01 15:06:15.066 | INFO     | agents.servers.serverFedMSE:train_on_clients:54 - Client 0 gets new best val_loss at epoch #200: 0.000633
2025-11-01 15:06:15.069 | INFO     | agents.servers.serverFedMSE:train_on_clients:70 - Saved model for client 0 at epoch 200 -> saved_models/FedMSE/FedMSE/wsn_ds/epoch_200_client_0.pt
2025-11-01 15:06:15.340 | INFO     | agents.servers.serverFedMSE:train_on_clients:70 - Saved model for client 1 at epoch 200 -> saved_models/FedMSE/FedMSE/wsn_ds/epoch_200_client_1.pt
2025-11-01 15:06:15.607 | INFO     | agents.servers.serverFedMSE:train_on_clients:70 - Saved model for client 2 at epoch 200 -> saved_models/FedMSE/FedMSE/wsn_ds/epoch_200_client_2.pt
2025-11-01 15:06:15.873 | INFO     | agents.servers.serverFedMSE:train_on_clients:70 - Saved model for client 3 at epoch 200 -> saved_models/FedMSE/FedMSE/wsn_ds/epoch_200_client_3.pt
2025-11-01 15:06:16.142 | INFO     | agents.servers.serverFedMSE:train_on_clients:70 - Saved model for client 4 at epoch 200 -> saved_models/FedMSE/FedMSE/wsn_ds/epoch_200_client_4.pt
2025-11-01 15:06:16.405 | INFO     | agents.servers.serverFedMSE:train_on_clients:70 - Saved model for client 5 at epoch 200 -> saved_models/FedMSE/FedMSE/wsn_ds/epoch_200_client_5.pt
2025-11-01 15:06:16.669 | INFO     | agents.servers.serverFedMSE:train_on_clients:54 - Client 6 gets new best val_loss at epoch #200: 0.000811
2025-11-01 15:06:16.671 | INFO     | agents.servers.serverFedMSE:train_on_clients:70 - Saved model for client 6 at epoch 200 -> saved_models/FedMSE/FedMSE/wsn_ds/epoch_200_client_6.pt
2025-11-01 15:06:16.935 | INFO     | agents.servers.serverFedMSE:train_on_clients:70 - Saved model for client 7 at epoch 200 -> saved_models/FedMSE/FedMSE/wsn_ds/epoch_200_client_7.pt
2025-11-01 15:06:17.199 | INFO     | agents.servers.serverFedMSE:train_on_clients:70 - Saved model for client 8 at epoch 200 -> saved_models/FedMSE/FedMSE/wsn_ds/epoch_200_client_8.pt
2025-11-01 15:06:17.463 | INFO     | agents.servers.serverFedMSE:train_on_clients:70 - Saved model for client 9 at epoch 200 -> saved_models/FedMSE/FedMSE/wsn_ds/epoch_200_client_9.pt
2025-11-01 15:06:17.723 | INFO     | agents.servers.serverFedMSE:train_on_clients:70 - Saved model for client 10 at epoch 200 -> saved_models/FedMSE/FedMSE/wsn_ds/epoch_200_client_10.pt
2025-11-01 15:06:17.988 | INFO     | agents.servers.serverFedMSE:train_on_clients:70 - Saved model for client 11 at epoch 200 -> saved_models/FedMSE/FedMSE/wsn_ds/epoch_200_client_11.pt
2025-11-01 15:06:18.250 | INFO     | agents.servers.serverFedMSE:train_on_clients:70 - Saved model for client 12 at epoch 200 -> saved_models/FedMSE/FedMSE/wsn_ds/epoch_200_client_12.pt
2025-11-01 15:06:18.514 | INFO     | agents.servers.serverFedMSE:train_on_clients:70 - Saved model for client 13 at epoch 200 -> saved_models/FedMSE/FedMSE/wsn_ds/epoch_200_client_13.pt
2025-11-01 15:06:18.780 | INFO     | agents.servers.serverFedMSE:train_on_clients:54 - Client 14 gets new best val_loss at epoch #200: 0.000768
2025-11-01 15:06:18.782 | INFO     | agents.servers.serverFedMSE:train_on_clients:70 - Saved model for client 14 at epoch 200 -> saved_models/FedMSE/FedMSE/wsn_ds/epoch_200_client_14.pt
2025-11-01 15:06:19.046 | INFO     | agents.servers.serverFedMSE:train_on_clients:70 - Saved model for client 15 at epoch 200 -> saved_models/FedMSE/FedMSE/wsn_ds/epoch_200_client_15.pt
2025-11-01 15:06:19.313 | INFO     | agents.servers.serverFedMSE:train_on_clients:70 - Saved model for client 16 at epoch 200 -> saved_models/FedMSE/FedMSE/wsn_ds/epoch_200_client_16.pt
2025-11-01 15:06:19.583 | INFO     | agents.servers.serverFedMSE:train_on_clients:70 - Saved model for client 17 at epoch 200 -> saved_models/FedMSE/FedMSE/wsn_ds/epoch_200_client_17.pt
2025-11-01 15:06:19.847 | INFO     | agents.servers.serverFedMSE:train_on_clients:70 - Saved model for client 18 at epoch 200 -> saved_models/FedMSE/FedMSE/wsn_ds/epoch_200_client_18.pt
2025-11-01 15:06:20.113 | INFO     | agents.servers.serverFedMSE:train_on_clients:70 - Saved model for client 19 at epoch 200 -> saved_models/FedMSE/FedMSE/wsn_ds/epoch_200_client_19.pt
2025-11-01 15:06:20.115 | INFO     | agents.servers.serverFedMSE:train_on_clients:76 - 20 clients still training at epoch #200
2025-11-01 15:06:42.906 | INFO     | agents.servers.serverFedMSE:train_on_clients:32 - Training FedMSE model epoch #201
2025-11-01 15:06:43.974 | INFO     | agents.servers.serverFedMSE:train_on_clients:54 - Client 3 gets new best val_loss at epoch #201: 0.000691
2025-11-01 15:06:45.293 | INFO     | agents.servers.serverFedMSE:train_on_clients:54 - Client 8 gets new best val_loss at epoch #201: 0.000739
2025-11-01 15:06:46.876 | INFO     | agents.servers.serverFedMSE:train_on_clients:54 - Client 14 gets new best val_loss at epoch #201: 0.000766
2025-11-01 15:06:48.196 | INFO     | agents.servers.serverFedMSE:train_on_clients:76 - 20 clients still training at epoch #201
2025-11-01 15:07:11.179 | INFO     | agents.servers.serverFedMSE:train_on_clients:32 - Training FedMSE model epoch #202
2025-11-01 15:07:12.236 | INFO     | agents.servers.serverFedMSE:train_on_clients:54 - Client 3 gets new best val_loss at epoch #202: 0.000690
2025-11-01 15:07:13.550 | INFO     | agents.servers.serverFedMSE:train_on_clients:54 - Client 8 gets new best val_loss at epoch #202: 0.000691
2025-11-01 15:07:15.130 | INFO     | agents.servers.serverFedMSE:train_on_clients:54 - Client 14 gets new best val_loss at epoch #202: 0.000764
2025-11-01 15:07:16.457 | INFO     | agents.servers.serverFedMSE:train_on_clients:76 - 20 clients still training at epoch #202
2025-11-01 15:07:39.500 | INFO     | agents.servers.serverFedMSE:train_on_clients:32 - Training FedMSE model epoch #203
2025-11-01 15:07:41.055 | INFO     | agents.servers.serverFedMSE:train_on_clients:54 - Client 5 gets new best val_loss at epoch #203: 0.000729
2025-11-01 15:07:44.638 | INFO     | agents.servers.serverFedMSE:train_on_clients:76 - 20 clients still training at epoch #203
2025-11-01 15:08:07.843 | INFO     | agents.servers.serverFedMSE:train_on_clients:32 - Training FedMSE model epoch #204
2025-11-01 15:08:10.429 | INFO     | agents.servers.serverFedMSE:train_on_clients:54 - Client 9 gets new best val_loss at epoch #204: 0.000787
2025-11-01 15:08:11.712 | INFO     | agents.servers.serverFedMSE:train_on_clients:54 - Client 14 gets new best val_loss at epoch #204: 0.000764
2025-11-01 15:08:12.995 | INFO     | agents.servers.serverFedMSE:train_on_clients:76 - 20 clients still training at epoch #204
2025-11-01 15:08:36.084 | INFO     | agents.servers.serverFedMSE:train_on_clients:32 - Training FedMSE model epoch #205
2025-11-01 15:08:37.130 | INFO     | agents.servers.serverFedMSE:train_on_clients:54 - Client 3 gets new best val_loss at epoch #205: 0.000690
2025-11-01 15:08:39.946 | INFO     | agents.servers.serverFedMSE:train_on_clients:54 - Client 14 gets new best val_loss at epoch #205: 0.000763
2025-11-01 15:08:40.973 | INFO     | agents.servers.serverFedMSE:train_on_clients:54 - Client 18 gets new best val_loss at epoch #205: 0.000697
2025-11-01 15:08:41.233 | INFO     | agents.servers.serverFedMSE:train_on_clients:76 - 20 clients still training at epoch #205
2025-11-01 15:09:04.498 | INFO     | agents.servers.serverFedMSE:train_on_clients:32 - Training FedMSE model epoch #206
2025-11-01 15:09:05.287 | INFO     | agents.servers.serverFedMSE:train_on_clients:54 - Client 2 gets new best val_loss at epoch #206: 0.000740
2025-11-01 15:09:06.330 | INFO     | agents.servers.serverFedMSE:train_on_clients:54 - Client 6 gets new best val_loss at epoch #206: 0.000748
2025-11-01 15:09:07.364 | INFO     | agents.servers.serverFedMSE:train_on_clients:54 - Client 10 gets new best val_loss at epoch #206: 0.000748
2025-11-01 15:09:09.454 | INFO     | agents.servers.serverFedMSE:train_on_clients:54 - Client 18 gets new best val_loss at epoch #206: 0.000696
2025-11-01 15:09:09.717 | INFO     | agents.servers.serverFedMSE:train_on_clients:76 - 20 clients still training at epoch #206
2025-11-01 15:09:32.732 | INFO     | agents.servers.serverFedMSE:train_on_clients:32 - Training FedMSE model epoch #207
2025-11-01 15:09:33.531 | INFO     | agents.servers.serverFedMSE:train_on_clients:54 - Client 2 gets new best val_loss at epoch #207: 0.000704
2025-11-01 15:09:34.328 | INFO     | agents.servers.serverFedMSE:train_on_clients:54 - Client 5 gets new best val_loss at epoch #207: 0.000703
2025-11-01 15:09:34.862 | INFO     | agents.servers.serverFedMSE:train_on_clients:54 - Client 7 gets new best val_loss at epoch #207: 0.000612
2025-11-01 15:09:38.013 | INFO     | agents.servers.serverFedMSE:train_on_clients:76 - 20 clients still training at epoch #207
2025-11-01 15:10:01.199 | INFO     | agents.servers.serverFedMSE:train_on_clients:32 - Training FedMSE model epoch #208
2025-11-01 15:10:01.470 | INFO     | agents.servers.serverFedMSE:train_on_clients:54 - Client 0 gets new best val_loss at epoch #208: 0.000629
2025-11-01 15:10:02.003 | INFO     | agents.servers.serverFedMSE:train_on_clients:54 - Client 2 gets new best val_loss at epoch #208: 0.000701
2025-11-01 15:10:03.068 | INFO     | agents.servers.serverFedMSE:train_on_clients:54 - Client 6 gets new best val_loss at epoch #208: 0.000746
2025-11-01 15:10:03.335 | INFO     | agents.servers.serverFedMSE:train_on_clients:54 - Client 7 gets new best val_loss at epoch #208: 0.000612
2025-11-01 15:10:04.124 | INFO     | agents.servers.serverFedMSE:train_on_clients:54 - Client 10 gets new best val_loss at epoch #208: 0.000748
2025-11-01 15:10:06.501 | INFO     | agents.servers.serverFedMSE:train_on_clients:76 - 20 clients still training at epoch #208
2025-11-01 15:10:29.391 | INFO     | agents.servers.serverFedMSE:train_on_clients:32 - Training FedMSE model epoch #209
2025-11-01 15:10:30.190 | INFO     | agents.servers.serverFedMSE:train_on_clients:54 - Client 2 gets new best val_loss at epoch #209: 0.000701
2025-11-01 15:10:31.262 | INFO     | agents.servers.serverFedMSE:train_on_clients:54 - Client 6 gets new best val_loss at epoch #209: 0.000745
2025-11-01 15:10:32.318 | INFO     | agents.servers.serverFedMSE:train_on_clients:54 - Client 10 gets new best val_loss at epoch #209: 0.000746
2025-11-01 15:10:34.176 | INFO     | agents.servers.serverFedMSE:train_on_clients:54 - Client 17 gets new best val_loss at epoch #209: 0.000639
2025-11-01 15:10:34.707 | INFO     | agents.servers.serverFedMSE:train_on_clients:76 - 20 clients still training at epoch #209
2025-11-01 15:10:57.462 | INFO     | agents.servers.serverFedMSE:train_on_clients:32 - Training FedMSE model epoch #210
2025-11-01 15:10:57.729 | INFO     | agents.servers.serverFedMSE:train_on_clients:70 - Saved model for client 0 at epoch 210 -> saved_models/FedMSE/FedMSE/wsn_ds/epoch_210_client_0.pt
2025-11-01 15:10:57.993 | INFO     | agents.servers.serverFedMSE:train_on_clients:70 - Saved model for client 1 at epoch 210 -> saved_models/FedMSE/FedMSE/wsn_ds/epoch_210_client_1.pt
2025-11-01 15:10:58.258 | INFO     | agents.servers.serverFedMSE:train_on_clients:70 - Saved model for client 2 at epoch 210 -> saved_models/FedMSE/FedMSE/wsn_ds/epoch_210_client_2.pt
2025-11-01 15:10:58.522 | INFO     | agents.servers.serverFedMSE:train_on_clients:70 - Saved model for client 3 at epoch 210 -> saved_models/FedMSE/FedMSE/wsn_ds/epoch_210_client_3.pt
2025-11-01 15:10:58.789 | INFO     | agents.servers.serverFedMSE:train_on_clients:70 - Saved model for client 4 at epoch 210 -> saved_models/FedMSE/FedMSE/wsn_ds/epoch_210_client_4.pt
2025-11-01 15:10:59.053 | INFO     | agents.servers.serverFedMSE:train_on_clients:70 - Saved model for client 5 at epoch 210 -> saved_models/FedMSE/FedMSE/wsn_ds/epoch_210_client_5.pt
2025-11-01 15:10:59.319 | INFO     | agents.servers.serverFedMSE:train_on_clients:54 - Client 6 gets new best val_loss at epoch #210: 0.000744
2025-11-01 15:10:59.321 | INFO     | agents.servers.serverFedMSE:train_on_clients:70 - Saved model for client 6 at epoch 210 -> saved_models/FedMSE/FedMSE/wsn_ds/epoch_210_client_6.pt
2025-11-01 15:10:59.589 | INFO     | agents.servers.serverFedMSE:train_on_clients:70 - Saved model for client 7 at epoch 210 -> saved_models/FedMSE/FedMSE/wsn_ds/epoch_210_client_7.pt
2025-11-01 15:10:59.840 | INFO     | agents.servers.serverFedMSE:train_on_clients:70 - Saved model for client 8 at epoch 210 -> saved_models/FedMSE/FedMSE/wsn_ds/epoch_210_client_8.pt
2025-11-01 15:11:00.093 | INFO     | agents.servers.serverFedMSE:train_on_clients:70 - Saved model for client 9 at epoch 210 -> saved_models/FedMSE/FedMSE/wsn_ds/epoch_210_client_9.pt
2025-11-01 15:11:00.348 | INFO     | agents.servers.serverFedMSE:train_on_clients:54 - Client 10 gets new best val_loss at epoch #210: 0.000746
2025-11-01 15:11:00.350 | INFO     | agents.servers.serverFedMSE:train_on_clients:70 - Saved model for client 10 at epoch 210 -> saved_models/FedMSE/FedMSE/wsn_ds/epoch_210_client_10.pt
2025-11-01 15:11:00.601 | INFO     | agents.servers.serverFedMSE:train_on_clients:70 - Saved model for client 11 at epoch 210 -> saved_models/FedMSE/FedMSE/wsn_ds/epoch_210_client_11.pt
2025-11-01 15:11:00.856 | INFO     | agents.servers.serverFedMSE:train_on_clients:70 - Saved model for client 12 at epoch 210 -> saved_models/FedMSE/FedMSE/wsn_ds/epoch_210_client_12.pt
2025-11-01 15:11:01.105 | INFO     | agents.servers.serverFedMSE:train_on_clients:70 - Saved model for client 13 at epoch 210 -> saved_models/FedMSE/FedMSE/wsn_ds/epoch_210_client_13.pt
2025-11-01 15:11:01.357 | INFO     | agents.servers.serverFedMSE:train_on_clients:70 - Saved model for client 14 at epoch 210 -> saved_models/FedMSE/FedMSE/wsn_ds/epoch_210_client_14.pt
2025-11-01 15:11:01.608 | INFO     | agents.servers.serverFedMSE:train_on_clients:70 - Saved model for client 15 at epoch 210 -> saved_models/FedMSE/FedMSE/wsn_ds/epoch_210_client_15.pt
2025-11-01 15:11:01.857 | INFO     | agents.servers.serverFedMSE:train_on_clients:70 - Saved model for client 16 at epoch 210 -> saved_models/FedMSE/FedMSE/wsn_ds/epoch_210_client_16.pt
2025-11-01 15:11:02.116 | INFO     | agents.servers.serverFedMSE:train_on_clients:70 - Saved model for client 17 at epoch 210 -> saved_models/FedMSE/FedMSE/wsn_ds/epoch_210_client_17.pt
2025-11-01 15:11:02.368 | INFO     | agents.servers.serverFedMSE:train_on_clients:70 - Saved model for client 18 at epoch 210 -> saved_models/FedMSE/FedMSE/wsn_ds/epoch_210_client_18.pt
2025-11-01 15:11:02.618 | INFO     | agents.servers.serverFedMSE:train_on_clients:70 - Saved model for client 19 at epoch 210 -> saved_models/FedMSE/FedMSE/wsn_ds/epoch_210_client_19.pt
2025-11-01 15:11:02.620 | INFO     | agents.servers.serverFedMSE:train_on_clients:76 - 20 clients still training at epoch #210
2025-11-01 15:11:25.342 | INFO     | agents.servers.serverFedMSE:train_on_clients:32 - Training FedMSE model epoch #211
2025-11-01 15:11:26.137 | INFO     | agents.servers.serverFedMSE:train_on_clients:54 - Client 2 gets new best val_loss at epoch #211: 0.000701
2025-11-01 15:11:27.178 | INFO     | agents.servers.serverFedMSE:train_on_clients:54 - Client 6 gets new best val_loss at epoch #211: 0.000742
2025-11-01 15:11:27.708 | INFO     | agents.servers.serverFedMSE:train_on_clients:54 - Client 8 gets new best val_loss at epoch #211: 0.000687
2025-11-01 15:11:28.237 | INFO     | agents.servers.serverFedMSE:train_on_clients:54 - Client 10 gets new best val_loss at epoch #211: 0.000745
2025-11-01 15:11:30.352 | INFO     | agents.servers.serverFedMSE:train_on_clients:54 - Client 18 gets new best val_loss at epoch #211: 0.000693
2025-11-01 15:11:30.609 | INFO     | agents.servers.serverFedMSE:train_on_clients:76 - 20 clients still training at epoch #211
2025-11-01 15:11:53.221 | INFO     | agents.servers.serverFedMSE:train_on_clients:32 - Training FedMSE model epoch #212
2025-11-01 15:11:55.067 | INFO     | agents.servers.serverFedMSE:train_on_clients:54 - Client 6 gets new best val_loss at epoch #212: 0.000741
2025-11-01 15:11:55.854 | INFO     | agents.servers.serverFedMSE:train_on_clients:54 - Client 9 gets new best val_loss at epoch #212: 0.000728
2025-11-01 15:11:58.457 | INFO     | agents.servers.serverFedMSE:train_on_clients:76 - 20 clients still training at epoch #212
2025-11-01 15:12:21.138 | INFO     | agents.servers.serverFedMSE:train_on_clients:32 - Training FedMSE model epoch #213
2025-11-01 15:12:21.923 | INFO     | agents.servers.serverFedMSE:train_on_clients:54 - Client 2 gets new best val_loss at epoch #213: 0.000700
2025-11-01 15:12:22.971 | INFO     | agents.servers.serverFedMSE:train_on_clients:54 - Client 6 gets new best val_loss at epoch #213: 0.000740
2025-11-01 15:12:23.757 | INFO     | agents.servers.serverFedMSE:train_on_clients:54 - Client 9 gets new best val_loss at epoch #213: 0.000716
2025-11-01 15:12:26.378 | INFO     | agents.servers.serverFedMSE:train_on_clients:76 - 20 clients still training at epoch #213
2025-11-01 15:12:49.157 | INFO     | agents.servers.serverFedMSE:train_on_clients:32 - Training FedMSE model epoch #214
2025-11-01 15:12:49.936 | INFO     | agents.servers.serverFedMSE:train_on_clients:54 - Client 2 gets new best val_loss at epoch #214: 0.000699
2025-11-01 15:12:50.943 | INFO     | agents.servers.serverFedMSE:train_on_clients:54 - Client 6 gets new best val_loss at epoch #214: 0.000738
2025-11-01 15:12:51.699 | INFO     | agents.servers.serverFedMSE:train_on_clients:54 - Client 9 gets new best val_loss at epoch #214: 0.000715
2025-11-01 15:12:51.952 | INFO     | agents.servers.serverFedMSE:train_on_clients:54 - Client 10 gets new best val_loss at epoch #214: 0.000743
2025-11-01 15:12:54.192 | INFO     | agents.servers.serverFedMSE:train_on_clients:76 - 20 clients still training at epoch #214
2025-11-01 15:13:16.890 | INFO     | agents.servers.serverFedMSE:train_on_clients:32 - Training FedMSE model epoch #215
2025-11-01 15:13:18.692 | INFO     | agents.servers.serverFedMSE:train_on_clients:54 - Client 6 gets new best val_loss at epoch #215: 0.000737
2025-11-01 15:13:19.449 | INFO     | agents.servers.serverFedMSE:train_on_clients:54 - Client 9 gets new best val_loss at epoch #215: 0.000713
2025-11-01 15:13:21.940 | INFO     | agents.servers.serverFedMSE:train_on_clients:76 - 20 clients still training at epoch #215
2025-11-01 15:13:44.804 | INFO     | agents.servers.serverFedMSE:train_on_clients:32 - Training FedMSE model epoch #216
2025-11-01 15:13:48.304 | INFO     | agents.servers.serverFedMSE:train_on_clients:54 - Client 13 gets new best val_loss at epoch #216: 0.000718
2025-11-01 15:13:49.830 | INFO     | agents.servers.serverFedMSE:train_on_clients:76 - 20 clients still training at epoch #216
2025-11-01 15:14:12.520 | INFO     | agents.servers.serverFedMSE:train_on_clients:32 - Training FedMSE model epoch #217
2025-11-01 15:14:15.024 | INFO     | agents.servers.serverFedMSE:train_on_clients:54 - Client 9 gets new best val_loss at epoch #217: 0.000712
2025-11-01 15:14:16.025 | INFO     | agents.servers.serverFedMSE:train_on_clients:54 - Client 13 gets new best val_loss at epoch #217: 0.000709
2025-11-01 15:14:17.546 | INFO     | agents.servers.serverFedMSE:train_on_clients:76 - 20 clients still training at epoch #217
2025-11-01 15:14:40.098 | INFO     | agents.servers.serverFedMSE:train_on_clients:32 - Training FedMSE model epoch #218
2025-11-01 15:14:40.861 | INFO     | agents.servers.serverFedMSE:train_on_clients:54 - Client 2 gets new best val_loss at epoch #218: 0.000697
2025-11-01 15:14:42.616 | INFO     | agents.servers.serverFedMSE:train_on_clients:54 - Client 9 gets new best val_loss at epoch #218: 0.000711
2025-11-01 15:14:45.143 | INFO     | agents.servers.serverFedMSE:train_on_clients:76 - 20 clients still training at epoch #218
2025-11-01 15:15:07.659 | INFO     | agents.servers.serverFedMSE:train_on_clients:32 - Training FedMSE model epoch #219
2025-11-01 15:15:08.450 | INFO     | agents.servers.serverFedMSE:train_on_clients:54 - Client 2 gets new best val_loss at epoch #219: 0.000695
2025-11-01 15:15:10.289 | INFO     | agents.servers.serverFedMSE:train_on_clients:54 - Client 9 gets new best val_loss at epoch #219: 0.000710
2025-11-01 15:15:12.918 | INFO     | agents.servers.serverFedMSE:train_on_clients:76 - 20 clients still training at epoch #219
2025-11-01 15:15:35.618 | INFO     | agents.servers.serverFedMSE:train_on_clients:32 - Training FedMSE model epoch #220
2025-11-01 15:15:35.884 | INFO     | agents.servers.serverFedMSE:train_on_clients:70 - Saved model for client 0 at epoch 220 -> saved_models/FedMSE/FedMSE/wsn_ds/epoch_220_client_0.pt
2025-11-01 15:15:36.148 | INFO     | agents.servers.serverFedMSE:train_on_clients:70 - Saved model for client 1 at epoch 220 -> saved_models/FedMSE/FedMSE/wsn_ds/epoch_220_client_1.pt
2025-11-01 15:15:36.413 | INFO     | agents.servers.serverFedMSE:train_on_clients:54 - Client 2 gets new best val_loss at epoch #220: 0.000692
2025-11-01 15:15:36.414 | INFO     | agents.servers.serverFedMSE:train_on_clients:70 - Saved model for client 2 at epoch 220 -> saved_models/FedMSE/FedMSE/wsn_ds/epoch_220_client_2.pt
2025-11-01 15:15:36.677 | INFO     | agents.servers.serverFedMSE:train_on_clients:70 - Saved model for client 3 at epoch 220 -> saved_models/FedMSE/FedMSE/wsn_ds/epoch_220_client_3.pt
2025-11-01 15:15:36.939 | INFO     | agents.servers.serverFedMSE:train_on_clients:70 - Saved model for client 4 at epoch 220 -> saved_models/FedMSE/FedMSE/wsn_ds/epoch_220_client_4.pt
2025-11-01 15:15:37.201 | INFO     | agents.servers.serverFedMSE:train_on_clients:70 - Saved model for client 5 at epoch 220 -> saved_models/FedMSE/FedMSE/wsn_ds/epoch_220_client_5.pt
2025-11-01 15:15:37.461 | INFO     | agents.servers.serverFedMSE:train_on_clients:70 - Saved model for client 6 at epoch 220 -> saved_models/FedMSE/FedMSE/wsn_ds/epoch_220_client_6.pt
2025-11-01 15:15:37.725 | INFO     | agents.servers.serverFedMSE:train_on_clients:70 - Saved model for client 7 at epoch 220 -> saved_models/FedMSE/FedMSE/wsn_ds/epoch_220_client_7.pt
2025-11-01 15:15:37.992 | INFO     | agents.servers.serverFedMSE:train_on_clients:70 - Saved model for client 8 at epoch 220 -> saved_models/FedMSE/FedMSE/wsn_ds/epoch_220_client_8.pt
2025-11-01 15:15:38.261 | INFO     | agents.servers.serverFedMSE:train_on_clients:70 - Saved model for client 9 at epoch 220 -> saved_models/FedMSE/FedMSE/wsn_ds/epoch_220_client_9.pt
2025-11-01 15:15:38.530 | INFO     | agents.servers.serverFedMSE:train_on_clients:70 - Saved model for client 10 at epoch 220 -> saved_models/FedMSE/FedMSE/wsn_ds/epoch_220_client_10.pt
2025-11-01 15:15:38.796 | INFO     | agents.servers.serverFedMSE:train_on_clients:70 - Saved model for client 11 at epoch 220 -> saved_models/FedMSE/FedMSE/wsn_ds/epoch_220_client_11.pt
2025-11-01 15:15:39.055 | INFO     | agents.servers.serverFedMSE:train_on_clients:70 - Saved model for client 12 at epoch 220 -> saved_models/FedMSE/FedMSE/wsn_ds/epoch_220_client_12.pt
2025-11-01 15:15:39.329 | INFO     | agents.servers.serverFedMSE:train_on_clients:70 - Saved model for client 13 at epoch 220 -> saved_models/FedMSE/FedMSE/wsn_ds/epoch_220_client_13.pt
2025-11-01 15:15:39.595 | INFO     | agents.servers.serverFedMSE:train_on_clients:70 - Saved model for client 14 at epoch 220 -> saved_models/FedMSE/FedMSE/wsn_ds/epoch_220_client_14.pt
2025-11-01 15:15:39.869 | INFO     | agents.servers.serverFedMSE:train_on_clients:70 - Saved model for client 15 at epoch 220 -> saved_models/FedMSE/FedMSE/wsn_ds/epoch_220_client_15.pt
2025-11-01 15:15:40.130 | INFO     | agents.servers.serverFedMSE:train_on_clients:70 - Saved model for client 16 at epoch 220 -> saved_models/FedMSE/FedMSE/wsn_ds/epoch_220_client_16.pt
2025-11-01 15:15:40.396 | INFO     | agents.servers.serverFedMSE:train_on_clients:70 - Saved model for client 17 at epoch 220 -> saved_models/FedMSE/FedMSE/wsn_ds/epoch_220_client_17.pt
2025-11-01 15:15:40.660 | INFO     | agents.servers.serverFedMSE:train_on_clients:70 - Saved model for client 18 at epoch 220 -> saved_models/FedMSE/FedMSE/wsn_ds/epoch_220_client_18.pt
2025-11-01 15:15:40.922 | INFO     | agents.servers.serverFedMSE:train_on_clients:70 - Saved model for client 19 at epoch 220 -> saved_models/FedMSE/FedMSE/wsn_ds/epoch_220_client_19.pt
2025-11-01 15:15:40.924 | INFO     | agents.servers.serverFedMSE:train_on_clients:76 - 20 clients still training at epoch #220
2025-11-01 15:16:03.701 | INFO     | agents.servers.serverFedMSE:train_on_clients:32 - Training FedMSE model epoch #221
2025-11-01 15:16:04.506 | INFO     | agents.servers.serverFedMSE:train_on_clients:54 - Client 2 gets new best val_loss at epoch #221: 0.000692
2025-11-01 15:16:06.353 | INFO     | agents.servers.serverFedMSE:train_on_clients:54 - Client 9 gets new best val_loss at epoch #221: 0.000710
2025-11-01 15:16:09.004 | INFO     | agents.servers.serverFedMSE:train_on_clients:76 - 20 clients still training at epoch #221
2025-11-01 15:16:31.683 | INFO     | agents.servers.serverFedMSE:train_on_clients:32 - Training FedMSE model epoch #222
2025-11-01 15:16:32.217 | INFO     | agents.servers.serverFedMSE:train_on_clients:54 - Client 1 gets new best val_loss at epoch #222: 0.000716
2025-11-01 15:16:32.486 | INFO     | agents.servers.serverFedMSE:train_on_clients:54 - Client 2 gets new best val_loss at epoch #222: 0.000692
2025-11-01 15:16:33.545 | INFO     | agents.servers.serverFedMSE:train_on_clients:54 - Client 6 gets new best val_loss at epoch #222: 0.000737
2025-11-01 15:16:34.352 | INFO     | agents.servers.serverFedMSE:train_on_clients:54 - Client 9 gets new best val_loss at epoch #222: 0.000709
2025-11-01 15:16:36.992 | INFO     | agents.servers.serverFedMSE:train_on_clients:76 - 20 clients still training at epoch #222
2025-11-01 15:16:59.674 | INFO     | agents.servers.serverFedMSE:train_on_clients:32 - Training FedMSE model epoch #223
2025-11-01 15:17:00.202 | INFO     | agents.servers.serverFedMSE:train_on_clients:54 - Client 1 gets new best val_loss at epoch #223: 0.000703
2025-11-01 15:17:01.527 | INFO     | agents.servers.serverFedMSE:train_on_clients:54 - Client 6 gets new best val_loss at epoch #223: 0.000737
2025-11-01 15:17:04.921 | INFO     | agents.servers.serverFedMSE:train_on_clients:76 - 20 clients still training at epoch #223
2025-11-01 15:17:27.243 | INFO     | agents.servers.serverFedMSE:train_on_clients:32 - Training FedMSE model epoch #224
2025-11-01 15:17:27.771 | INFO     | agents.servers.serverFedMSE:train_on_clients:54 - Client 1 gets new best val_loss at epoch #224: 0.000702
2025-11-01 15:17:29.080 | INFO     | agents.servers.serverFedMSE:train_on_clients:54 - Client 6 gets new best val_loss at epoch #224: 0.000734
2025-11-01 15:17:32.468 | INFO     | agents.servers.serverFedMSE:train_on_clients:76 - 20 clients still training at epoch #224
2025-11-01 15:17:55.035 | INFO     | agents.servers.serverFedMSE:train_on_clients:32 - Training FedMSE model epoch #225
2025-11-01 15:17:55.565 | INFO     | agents.servers.serverFedMSE:train_on_clients:54 - Client 1 gets new best val_loss at epoch #225: 0.000702
2025-11-01 15:17:55.838 | INFO     | agents.servers.serverFedMSE:train_on_clients:54 - Client 2 gets new best val_loss at epoch #225: 0.000691
2025-11-01 15:17:56.901 | INFO     | agents.servers.serverFedMSE:train_on_clients:54 - Client 6 gets new best val_loss at epoch #225: 0.000733
2025-11-01 15:18:00.323 | INFO     | agents.servers.serverFedMSE:train_on_clients:76 - 20 clients still training at epoch #225
2025-11-01 15:18:22.902 | INFO     | agents.servers.serverFedMSE:train_on_clients:32 - Training FedMSE model epoch #226
2025-11-01 15:18:23.444 | INFO     | agents.servers.serverFedMSE:train_on_clients:54 - Client 1 gets new best val_loss at epoch #226: 0.000702
2025-11-01 15:18:24.759 | INFO     | agents.servers.serverFedMSE:train_on_clients:54 - Client 6 gets new best val_loss at epoch #226: 0.000731
2025-11-01 15:18:28.154 | INFO     | agents.servers.serverFedMSE:train_on_clients:76 - 20 clients still training at epoch #226
2025-11-01 15:18:50.827 | INFO     | agents.servers.serverFedMSE:train_on_clients:32 - Training FedMSE model epoch #227
2025-11-01 15:18:51.413 | INFO     | agents.servers.serverFedMSE:train_on_clients:54 - Client 1 gets new best val_loss at epoch #227: 0.000702
2025-11-01 15:18:56.043 | INFO     | agents.servers.serverFedMSE:train_on_clients:76 - 20 clients still training at epoch #227
2025-11-01 15:19:18.691 | INFO     | agents.servers.serverFedMSE:train_on_clients:32 - Training FedMSE model epoch #228
2025-11-01 15:19:19.208 | INFO     | agents.servers.serverFedMSE:train_on_clients:54 - Client 1 gets new best val_loss at epoch #228: 0.000701
2025-11-01 15:19:19.474 | INFO     | agents.servers.serverFedMSE:train_on_clients:54 - Client 2 gets new best val_loss at epoch #228: 0.000689
2025-11-01 15:19:23.835 | INFO     | agents.servers.serverFedMSE:train_on_clients:76 - 20 clients still training at epoch #228
2025-11-01 15:19:46.342 | INFO     | agents.servers.serverFedMSE:train_on_clients:32 - Training FedMSE model epoch #229
2025-11-01 15:19:51.648 | INFO     | agents.servers.serverFedMSE:train_on_clients:76 - 20 clients still training at epoch #229
2025-11-01 15:20:14.268 | INFO     | agents.servers.serverFedMSE:train_on_clients:32 - Training FedMSE model epoch #230
2025-11-01 15:20:14.534 | INFO     | agents.servers.serverFedMSE:train_on_clients:70 - Saved model for client 0 at epoch 230 -> saved_models/FedMSE/FedMSE/wsn_ds/epoch_230_client_0.pt
2025-11-01 15:20:14.803 | INFO     | agents.servers.serverFedMSE:train_on_clients:70 - Saved model for client 1 at epoch 230 -> saved_models/FedMSE/FedMSE/wsn_ds/epoch_230_client_1.pt
2025-11-01 15:20:15.070 | INFO     | agents.servers.serverFedMSE:train_on_clients:70 - Saved model for client 2 at epoch 230 -> saved_models/FedMSE/FedMSE/wsn_ds/epoch_230_client_2.pt
2025-11-01 15:20:15.336 | INFO     | agents.servers.serverFedMSE:train_on_clients:70 - Saved model for client 3 at epoch 230 -> saved_models/FedMSE/FedMSE/wsn_ds/epoch_230_client_3.pt
2025-11-01 15:20:15.599 | INFO     | agents.servers.serverFedMSE:train_on_clients:70 - Saved model for client 4 at epoch 230 -> saved_models/FedMSE/FedMSE/wsn_ds/epoch_230_client_4.pt
2025-11-01 15:20:15.861 | INFO     | agents.servers.serverFedMSE:train_on_clients:54 - Client 5 gets new best val_loss at epoch #230: 0.000683
2025-11-01 15:20:15.863 | INFO     | agents.servers.serverFedMSE:train_on_clients:70 - Saved model for client 5 at epoch 230 -> saved_models/FedMSE/FedMSE/wsn_ds/epoch_230_client_5.pt
2025-11-01 15:20:16.130 | INFO     | agents.servers.serverFedMSE:train_on_clients:70 - Saved model for client 6 at epoch 230 -> saved_models/FedMSE/FedMSE/wsn_ds/epoch_230_client_6.pt
2025-11-01 15:20:16.400 | INFO     | agents.servers.serverFedMSE:train_on_clients:70 - Saved model for client 7 at epoch 230 -> saved_models/FedMSE/FedMSE/wsn_ds/epoch_230_client_7.pt
2025-11-01 15:20:16.665 | INFO     | agents.servers.serverFedMSE:train_on_clients:70 - Saved model for client 8 at epoch 230 -> saved_models/FedMSE/FedMSE/wsn_ds/epoch_230_client_8.pt
2025-11-01 15:20:16.932 | INFO     | agents.servers.serverFedMSE:train_on_clients:70 - Saved model for client 9 at epoch 230 -> saved_models/FedMSE/FedMSE/wsn_ds/epoch_230_client_9.pt
2025-11-01 15:20:17.195 | INFO     | agents.servers.serverFedMSE:train_on_clients:70 - Saved model for client 10 at epoch 230 -> saved_models/FedMSE/FedMSE/wsn_ds/epoch_230_client_10.pt
2025-11-01 15:20:17.460 | INFO     | agents.servers.serverFedMSE:train_on_clients:70 - Saved model for client 11 at epoch 230 -> saved_models/FedMSE/FedMSE/wsn_ds/epoch_230_client_11.pt
2025-11-01 15:20:17.726 | INFO     | agents.servers.serverFedMSE:train_on_clients:70 - Saved model for client 12 at epoch 230 -> saved_models/FedMSE/FedMSE/wsn_ds/epoch_230_client_12.pt
2025-11-01 15:20:17.994 | INFO     | agents.servers.serverFedMSE:train_on_clients:70 - Saved model for client 13 at epoch 230 -> saved_models/FedMSE/FedMSE/wsn_ds/epoch_230_client_13.pt
2025-11-01 15:20:18.262 | INFO     | agents.servers.serverFedMSE:train_on_clients:70 - Saved model for client 14 at epoch 230 -> saved_models/FedMSE/FedMSE/wsn_ds/epoch_230_client_14.pt
2025-11-01 15:20:18.523 | INFO     | agents.servers.serverFedMSE:train_on_clients:70 - Saved model for client 15 at epoch 230 -> saved_models/FedMSE/FedMSE/wsn_ds/epoch_230_client_15.pt
2025-11-01 15:20:18.786 | INFO     | agents.servers.serverFedMSE:train_on_clients:70 - Saved model for client 16 at epoch 230 -> saved_models/FedMSE/FedMSE/wsn_ds/epoch_230_client_16.pt
2025-11-01 15:20:19.048 | INFO     | agents.servers.serverFedMSE:train_on_clients:70 - Saved model for client 17 at epoch 230 -> saved_models/FedMSE/FedMSE/wsn_ds/epoch_230_client_17.pt
2025-11-01 15:20:19.312 | INFO     | agents.servers.serverFedMSE:train_on_clients:70 - Saved model for client 18 at epoch 230 -> saved_models/FedMSE/FedMSE/wsn_ds/epoch_230_client_18.pt
2025-11-01 15:20:19.578 | INFO     | agents.servers.serverFedMSE:train_on_clients:70 - Saved model for client 19 at epoch 230 -> saved_models/FedMSE/FedMSE/wsn_ds/epoch_230_client_19.pt
2025-11-01 15:20:19.580 | INFO     | agents.servers.serverFedMSE:train_on_clients:76 - 20 clients still training at epoch #230
2025-11-01 15:20:42.286 | INFO     | agents.servers.serverFedMSE:train_on_clients:32 - Training FedMSE model epoch #231
2025-11-01 15:20:46.471 | INFO     | agents.servers.serverFedMSE:train_on_clients:54 - Client 15 gets new best val_loss at epoch #231: 0.000666
2025-11-01 15:20:47.530 | INFO     | agents.servers.serverFedMSE:train_on_clients:54 - Client 19 gets new best val_loss at epoch #231: 0.000780
2025-11-01 15:20:47.532 | INFO     | agents.servers.serverFedMSE:train_on_clients:76 - 20 clients still training at epoch #231
2025-11-01 15:21:10.340 | INFO     | agents.servers.serverFedMSE:train_on_clients:32 - Training FedMSE model epoch #232
2025-11-01 15:21:14.542 | INFO     | agents.servers.serverFedMSE:train_on_clients:54 - Client 15 gets new best val_loss at epoch #232: 0.000664
2025-11-01 15:21:15.587 | INFO     | agents.servers.serverFedMSE:train_on_clients:76 - 20 clients still training at epoch #232
2025-11-01 15:21:38.391 | INFO     | agents.servers.serverFedMSE:train_on_clients:32 - Training FedMSE model epoch #233
2025-11-01 15:21:43.615 | INFO     | agents.servers.serverFedMSE:train_on_clients:76 - 20 clients still training at epoch #233
2025-11-01 15:22:06.258 | INFO     | agents.servers.serverFedMSE:train_on_clients:32 - Training FedMSE model epoch #234
2025-11-01 15:22:07.833 | INFO     | agents.servers.serverFedMSE:train_on_clients:54 - Client 5 gets new best val_loss at epoch #234: 0.000644
2025-11-01 15:22:11.499 | INFO     | agents.servers.serverFedMSE:train_on_clients:76 - 20 clients still training at epoch #234
2025-11-01 15:22:34.268 | INFO     | agents.servers.serverFedMSE:train_on_clients:32 - Training FedMSE model epoch #235
2025-11-01 15:22:38.986 | INFO     | agents.servers.serverFedMSE:train_on_clients:54 - Client 17 gets new best val_loss at epoch #235: 0.000599
2025-11-01 15:22:39.508 | INFO     | agents.servers.serverFedMSE:train_on_clients:76 - 20 clients still training at epoch #235
2025-11-01 15:23:02.023 | INFO     | agents.servers.serverFedMSE:train_on_clients:32 - Training FedMSE model epoch #236
2025-11-01 15:23:06.216 | INFO     | agents.servers.serverFedMSE:train_on_clients:54 - Client 15 gets new best val_loss at epoch #236: 0.000664
2025-11-01 15:23:07.258 | INFO     | agents.servers.serverFedMSE:train_on_clients:76 - 20 clients still training at epoch #236
2025-11-01 15:23:29.792 | INFO     | agents.servers.serverFedMSE:train_on_clients:32 - Training FedMSE model epoch #237
2025-11-01 15:23:31.370 | INFO     | agents.servers.serverFedMSE:train_on_clients:54 - Client 5 gets new best val_loss at epoch #237: 0.000642
2025-11-01 15:23:33.990 | INFO     | agents.servers.serverFedMSE:train_on_clients:54 - Client 15 gets new best val_loss at epoch #237: 0.000664
2025-11-01 15:23:34.516 | INFO     | agents.servers.serverFedMSE:train_on_clients:54 - Client 17 gets new best val_loss at epoch #237: 0.000598
2025-11-01 15:23:35.039 | INFO     | agents.servers.serverFedMSE:train_on_clients:76 - 20 clients still training at epoch #237
2025-11-01 15:23:57.802 | INFO     | agents.servers.serverFedMSE:train_on_clients:32 - Training FedMSE model epoch #238
2025-11-01 15:23:59.110 | INFO     | agents.servers.serverFedMSE:train_on_clients:54 - Client 4 gets new best val_loss at epoch #238: 0.000653
2025-11-01 15:23:59.379 | INFO     | agents.servers.serverFedMSE:train_on_clients:54 - Client 5 gets new best val_loss at epoch #238: 0.000640
2025-11-01 15:24:00.165 | INFO     | agents.servers.serverFedMSE:train_on_clients:54 - Client 8 gets new best val_loss at epoch #238: 0.000686
2025-11-01 15:24:03.069 | INFO     | agents.servers.serverFedMSE:train_on_clients:76 - 20 clients still training at epoch #238
2025-11-01 15:24:25.710 | INFO     | agents.servers.serverFedMSE:train_on_clients:32 - Training FedMSE model epoch #239
2025-11-01 15:24:27.031 | INFO     | agents.servers.serverFedMSE:train_on_clients:54 - Client 4 gets new best val_loss at epoch #239: 0.000630
2025-11-01 15:24:27.291 | INFO     | agents.servers.serverFedMSE:train_on_clients:54 - Client 5 gets new best val_loss at epoch #239: 0.000640
2025-11-01 15:24:28.863 | INFO     | agents.servers.serverFedMSE:train_on_clients:54 - Client 11 gets new best val_loss at epoch #239: 0.000667
2025-11-01 15:24:30.961 | INFO     | agents.servers.serverFedMSE:train_on_clients:76 - 20 clients still training at epoch #239
2025-11-01 15:24:53.678 | INFO     | agents.servers.serverFedMSE:train_on_clients:32 - Training FedMSE model epoch #240
2025-11-01 15:24:53.944 | INFO     | agents.servers.serverFedMSE:train_on_clients:70 - Saved model for client 0 at epoch 240 -> saved_models/FedMSE/FedMSE/wsn_ds/epoch_240_client_0.pt
2025-11-01 15:24:54.210 | INFO     | agents.servers.serverFedMSE:train_on_clients:70 - Saved model for client 1 at epoch 240 -> saved_models/FedMSE/FedMSE/wsn_ds/epoch_240_client_1.pt
2025-11-01 15:24:54.476 | INFO     | agents.servers.serverFedMSE:train_on_clients:70 - Saved model for client 2 at epoch 240 -> saved_models/FedMSE/FedMSE/wsn_ds/epoch_240_client_2.pt
2025-11-01 15:24:54.741 | INFO     | agents.servers.serverFedMSE:train_on_clients:70 - Saved model for client 3 at epoch 240 -> saved_models/FedMSE/FedMSE/wsn_ds/epoch_240_client_3.pt
2025-11-01 15:24:55.003 | INFO     | agents.servers.serverFedMSE:train_on_clients:70 - Saved model for client 4 at epoch 240 -> saved_models/FedMSE/FedMSE/wsn_ds/epoch_240_client_4.pt
2025-11-01 15:24:55.269 | INFO     | agents.servers.serverFedMSE:train_on_clients:54 - Client 5 gets new best val_loss at epoch #240: 0.000639
2025-11-01 15:24:55.271 | INFO     | agents.servers.serverFedMSE:train_on_clients:70 - Saved model for client 5 at epoch 240 -> saved_models/FedMSE/FedMSE/wsn_ds/epoch_240_client_5.pt
2025-11-01 15:24:55.537 | INFO     | agents.servers.serverFedMSE:train_on_clients:70 - Saved model for client 6 at epoch 240 -> saved_models/FedMSE/FedMSE/wsn_ds/epoch_240_client_6.pt
2025-11-01 15:24:55.801 | INFO     | agents.servers.serverFedMSE:train_on_clients:70 - Saved model for client 7 at epoch 240 -> saved_models/FedMSE/FedMSE/wsn_ds/epoch_240_client_7.pt
2025-11-01 15:24:56.063 | INFO     | agents.servers.serverFedMSE:train_on_clients:70 - Saved model for client 8 at epoch 240 -> saved_models/FedMSE/FedMSE/wsn_ds/epoch_240_client_8.pt
2025-11-01 15:24:56.323 | INFO     | agents.servers.serverFedMSE:train_on_clients:70 - Saved model for client 9 at epoch 240 -> saved_models/FedMSE/FedMSE/wsn_ds/epoch_240_client_9.pt
2025-11-01 15:24:56.587 | INFO     | agents.servers.serverFedMSE:train_on_clients:70 - Saved model for client 10 at epoch 240 -> saved_models/FedMSE/FedMSE/wsn_ds/epoch_240_client_10.pt
2025-11-01 15:24:56.850 | INFO     | agents.servers.serverFedMSE:train_on_clients:70 - Saved model for client 11 at epoch 240 -> saved_models/FedMSE/FedMSE/wsn_ds/epoch_240_client_11.pt
2025-11-01 15:24:57.118 | INFO     | agents.servers.serverFedMSE:train_on_clients:70 - Saved model for client 12 at epoch 240 -> saved_models/FedMSE/FedMSE/wsn_ds/epoch_240_client_12.pt
2025-11-01 15:24:57.380 | INFO     | agents.servers.serverFedMSE:train_on_clients:70 - Saved model for client 13 at epoch 240 -> saved_models/FedMSE/FedMSE/wsn_ds/epoch_240_client_13.pt
2025-11-01 15:24:57.644 | INFO     | agents.servers.serverFedMSE:train_on_clients:70 - Saved model for client 14 at epoch 240 -> saved_models/FedMSE/FedMSE/wsn_ds/epoch_240_client_14.pt
2025-11-01 15:24:57.907 | INFO     | agents.servers.serverFedMSE:train_on_clients:70 - Saved model for client 15 at epoch 240 -> saved_models/FedMSE/FedMSE/wsn_ds/epoch_240_client_15.pt
2025-11-01 15:24:58.170 | INFO     | agents.servers.serverFedMSE:train_on_clients:70 - Saved model for client 16 at epoch 240 -> saved_models/FedMSE/FedMSE/wsn_ds/epoch_240_client_16.pt
2025-11-01 15:24:58.427 | INFO     | agents.servers.serverFedMSE:train_on_clients:70 - Saved model for client 17 at epoch 240 -> saved_models/FedMSE/FedMSE/wsn_ds/epoch_240_client_17.pt
2025-11-01 15:24:58.694 | INFO     | agents.servers.serverFedMSE:train_on_clients:70 - Saved model for client 18 at epoch 240 -> saved_models/FedMSE/FedMSE/wsn_ds/epoch_240_client_18.pt
2025-11-01 15:24:58.953 | INFO     | agents.servers.serverFedMSE:train_on_clients:54 - Client 19 gets new best val_loss at epoch #240: 0.000725
2025-11-01 15:24:58.955 | INFO     | agents.servers.serverFedMSE:train_on_clients:70 - Saved model for client 19 at epoch 240 -> saved_models/FedMSE/FedMSE/wsn_ds/epoch_240_client_19.pt
2025-11-01 15:24:58.957 | INFO     | agents.servers.serverFedMSE:train_on_clients:76 - 20 clients still training at epoch #240
2025-11-01 15:25:21.548 | INFO     | agents.servers.serverFedMSE:train_on_clients:32 - Training FedMSE model epoch #241
2025-11-01 15:25:22.872 | INFO     | agents.servers.serverFedMSE:train_on_clients:54 - Client 4 gets new best val_loss at epoch #241: 0.000630
2025-11-01 15:25:23.138 | INFO     | agents.servers.serverFedMSE:train_on_clients:54 - Client 5 gets new best val_loss at epoch #241: 0.000638
2025-11-01 15:25:26.793 | INFO     | agents.servers.serverFedMSE:train_on_clients:54 - Client 19 gets new best val_loss at epoch #241: 0.000717
2025-11-01 15:25:26.795 | INFO     | agents.servers.serverFedMSE:train_on_clients:76 - 20 clients still training at epoch #241
2025-11-01 15:25:49.478 | INFO     | agents.servers.serverFedMSE:train_on_clients:32 - Training FedMSE model epoch #242
2025-11-01 15:25:49.740 | INFO     | agents.servers.serverFedMSE:train_on_clients:54 - Client 0 gets new best val_loss at epoch #242: 0.000595
2025-11-01 15:25:50.783 | INFO     | agents.servers.serverFedMSE:train_on_clients:54 - Client 4 gets new best val_loss at epoch #242: 0.000629
2025-11-01 15:25:51.047 | INFO     | agents.servers.serverFedMSE:train_on_clients:54 - Client 5 gets new best val_loss at epoch #242: 0.000637
2025-11-01 15:25:54.721 | INFO     | agents.servers.serverFedMSE:train_on_clients:54 - Client 19 gets new best val_loss at epoch #242: 0.000715
2025-11-01 15:25:54.724 | INFO     | agents.servers.serverFedMSE:train_on_clients:76 - 20 clients still training at epoch #242
2025-11-01 15:26:17.383 | INFO     | agents.servers.serverFedMSE:train_on_clients:32 - Training FedMSE model epoch #243
2025-11-01 15:26:17.648 | INFO     | agents.servers.serverFedMSE:train_on_clients:54 - Client 0 gets new best val_loss at epoch #243: 0.000594
2025-11-01 15:26:18.695 | INFO     | agents.servers.serverFedMSE:train_on_clients:54 - Client 4 gets new best val_loss at epoch #243: 0.000628
2025-11-01 15:26:18.959 | INFO     | agents.servers.serverFedMSE:train_on_clients:54 - Client 5 gets new best val_loss at epoch #243: 0.000636
2025-11-01 15:26:22.630 | INFO     | agents.servers.serverFedMSE:train_on_clients:54 - Client 19 gets new best val_loss at epoch #243: 0.000715
2025-11-01 15:26:22.632 | INFO     | agents.servers.serverFedMSE:train_on_clients:76 - 20 clients still training at epoch #243
2025-11-01 15:26:45.256 | INFO     | agents.servers.serverFedMSE:train_on_clients:32 - Training FedMSE model epoch #244
2025-11-01 15:26:45.524 | INFO     | agents.servers.serverFedMSE:train_on_clients:54 - Client 0 gets new best val_loss at epoch #244: 0.000593
2025-11-01 15:26:46.573 | INFO     | agents.servers.serverFedMSE:train_on_clients:54 - Client 4 gets new best val_loss at epoch #244: 0.000627
2025-11-01 15:26:50.490 | INFO     | agents.servers.serverFedMSE:train_on_clients:54 - Client 19 gets new best val_loss at epoch #244: 0.000714
2025-11-01 15:26:50.492 | INFO     | agents.servers.serverFedMSE:train_on_clients:76 - 20 clients still training at epoch #244
2025-11-01 15:27:13.326 | INFO     | agents.servers.serverFedMSE:train_on_clients:32 - Training FedMSE model epoch #245
2025-11-01 15:27:13.593 | INFO     | agents.servers.serverFedMSE:train_on_clients:54 - Client 0 gets new best val_loss at epoch #245: 0.000592
2025-11-01 15:27:14.640 | INFO     | agents.servers.serverFedMSE:train_on_clients:54 - Client 4 gets new best val_loss at epoch #245: 0.000627
2025-11-01 15:27:18.544 | INFO     | agents.servers.serverFedMSE:train_on_clients:54 - Client 19 gets new best val_loss at epoch #245: 0.000713
2025-11-01 15:27:18.546 | INFO     | agents.servers.serverFedMSE:train_on_clients:76 - 20 clients still training at epoch #245
2025-11-01 15:27:41.339 | INFO     | agents.servers.serverFedMSE:train_on_clients:32 - Training FedMSE model epoch #246
2025-11-01 15:27:41.602 | INFO     | agents.servers.serverFedMSE:train_on_clients:54 - Client 0 gets new best val_loss at epoch #246: 0.000592
2025-11-01 15:27:42.650 | INFO     | agents.servers.serverFedMSE:train_on_clients:54 - Client 4 gets new best val_loss at epoch #246: 0.000625
2025-11-01 15:27:46.598 | INFO     | agents.servers.serverFedMSE:train_on_clients:54 - Client 19 gets new best val_loss at epoch #246: 0.000713
2025-11-01 15:27:46.601 | INFO     | agents.servers.serverFedMSE:train_on_clients:76 - 20 clients still training at epoch #246
2025-11-01 15:28:09.170 | INFO     | agents.servers.serverFedMSE:train_on_clients:32 - Training FedMSE model epoch #247
2025-11-01 15:28:14.414 | INFO     | agents.servers.serverFedMSE:train_on_clients:76 - 20 clients still training at epoch #247
2025-11-01 15:28:37.207 | INFO     | agents.servers.serverFedMSE:train_on_clients:32 - Training FedMSE model epoch #248
2025-11-01 15:28:37.472 | INFO     | agents.servers.serverFedMSE:train_on_clients:54 - Client 0 gets new best val_loss at epoch #248: 0.000591
2025-11-01 15:28:38.255 | INFO     | agents.servers.serverFedMSE:train_on_clients:54 - Client 3 gets new best val_loss at epoch #248: 0.000682
2025-11-01 15:28:42.418 | INFO     | agents.servers.serverFedMSE:train_on_clients:76 - 20 clients still training at epoch #248
2025-11-01 15:29:05.251 | INFO     | agents.servers.serverFedMSE:train_on_clients:32 - Training FedMSE model epoch #249
2025-11-01 15:29:05.510 | INFO     | agents.servers.serverFedMSE:train_on_clients:54 - Client 0 gets new best val_loss at epoch #249: 0.000591
2025-11-01 15:29:10.212 | INFO     | agents.servers.serverFedMSE:train_on_clients:54 - Client 18 gets new best val_loss at epoch #249: 0.000663
2025-11-01 15:29:10.475 | INFO     | agents.servers.serverFedMSE:train_on_clients:76 - 20 clients still training at epoch #249
2025-11-01 15:29:33.145 | INFO     | agents.servers.serverFedMSE:train_on_clients:32 - Training FedMSE model epoch #250
2025-11-01 15:29:33.408 | INFO     | agents.servers.serverFedMSE:train_on_clients:70 - Saved model for client 0 at epoch 250 -> saved_models/FedMSE/FedMSE/wsn_ds/epoch_250_client_0.pt
2025-11-01 15:29:33.667 | INFO     | agents.servers.serverFedMSE:train_on_clients:70 - Saved model for client 1 at epoch 250 -> saved_models/FedMSE/FedMSE/wsn_ds/epoch_250_client_1.pt
2025-11-01 15:29:33.932 | INFO     | agents.servers.serverFedMSE:train_on_clients:70 - Saved model for client 2 at epoch 250 -> saved_models/FedMSE/FedMSE/wsn_ds/epoch_250_client_2.pt
2025-11-01 15:29:34.196 | INFO     | agents.servers.serverFedMSE:train_on_clients:70 - Saved model for client 3 at epoch 250 -> saved_models/FedMSE/FedMSE/wsn_ds/epoch_250_client_3.pt
2025-11-01 15:29:34.456 | INFO     | agents.servers.serverFedMSE:train_on_clients:70 - Saved model for client 4 at epoch 250 -> saved_models/FedMSE/FedMSE/wsn_ds/epoch_250_client_4.pt
2025-11-01 15:29:34.722 | INFO     | agents.servers.serverFedMSE:train_on_clients:70 - Saved model for client 5 at epoch 250 -> saved_models/FedMSE/FedMSE/wsn_ds/epoch_250_client_5.pt
2025-11-01 15:29:34.988 | INFO     | agents.servers.serverFedMSE:train_on_clients:70 - Saved model for client 6 at epoch 250 -> saved_models/FedMSE/FedMSE/wsn_ds/epoch_250_client_6.pt
2025-11-01 15:29:35.250 | INFO     | agents.servers.serverFedMSE:train_on_clients:70 - Saved model for client 7 at epoch 250 -> saved_models/FedMSE/FedMSE/wsn_ds/epoch_250_client_7.pt
2025-11-01 15:29:35.509 | INFO     | agents.servers.serverFedMSE:train_on_clients:70 - Saved model for client 8 at epoch 250 -> saved_models/FedMSE/FedMSE/wsn_ds/epoch_250_client_8.pt
2025-11-01 15:29:35.779 | INFO     | agents.servers.serverFedMSE:train_on_clients:70 - Saved model for client 9 at epoch 250 -> saved_models/FedMSE/FedMSE/wsn_ds/epoch_250_client_9.pt
2025-11-01 15:29:36.046 | INFO     | agents.servers.serverFedMSE:train_on_clients:70 - Saved model for client 10 at epoch 250 -> saved_models/FedMSE/FedMSE/wsn_ds/epoch_250_client_10.pt
2025-11-01 15:29:36.309 | INFO     | agents.servers.serverFedMSE:train_on_clients:70 - Saved model for client 11 at epoch 250 -> saved_models/FedMSE/FedMSE/wsn_ds/epoch_250_client_11.pt
2025-11-01 15:29:36.578 | INFO     | agents.servers.serverFedMSE:train_on_clients:70 - Saved model for client 12 at epoch 250 -> saved_models/FedMSE/FedMSE/wsn_ds/epoch_250_client_12.pt
2025-11-01 15:29:36.841 | INFO     | agents.servers.serverFedMSE:train_on_clients:70 - Saved model for client 13 at epoch 250 -> saved_models/FedMSE/FedMSE/wsn_ds/epoch_250_client_13.pt
2025-11-01 15:29:37.107 | INFO     | agents.servers.serverFedMSE:train_on_clients:70 - Saved model for client 14 at epoch 250 -> saved_models/FedMSE/FedMSE/wsn_ds/epoch_250_client_14.pt
2025-11-01 15:29:37.365 | INFO     | agents.servers.serverFedMSE:train_on_clients:70 - Saved model for client 15 at epoch 250 -> saved_models/FedMSE/FedMSE/wsn_ds/epoch_250_client_15.pt
2025-11-01 15:29:37.625 | INFO     | agents.servers.serverFedMSE:train_on_clients:70 - Saved model for client 16 at epoch 250 -> saved_models/FedMSE/FedMSE/wsn_ds/epoch_250_client_16.pt
2025-11-01 15:29:37.883 | INFO     | agents.servers.serverFedMSE:train_on_clients:70 - Saved model for client 17 at epoch 250 -> saved_models/FedMSE/FedMSE/wsn_ds/epoch_250_client_17.pt
2025-11-01 15:29:38.145 | INFO     | agents.servers.serverFedMSE:train_on_clients:54 - Client 18 gets new best val_loss at epoch #250: 0.000659
2025-11-01 15:29:38.147 | INFO     | agents.servers.serverFedMSE:train_on_clients:70 - Saved model for client 18 at epoch 250 -> saved_models/FedMSE/FedMSE/wsn_ds/epoch_250_client_18.pt
2025-11-01 15:29:38.409 | INFO     | agents.servers.serverFedMSE:train_on_clients:70 - Saved model for client 19 at epoch 250 -> saved_models/FedMSE/FedMSE/wsn_ds/epoch_250_client_19.pt
2025-11-01 15:29:38.412 | INFO     | agents.servers.serverFedMSE:train_on_clients:76 - 20 clients still training at epoch #250
2025-11-01 15:30:01.004 | INFO     | agents.servers.serverFedMSE:train_on_clients:32 - Training FedMSE model epoch #251
2025-11-01 15:30:04.651 | INFO     | agents.servers.serverFedMSE:train_on_clients:54 - Client 13 gets new best val_loss at epoch #251: 0.000707
2025-11-01 15:30:06.209 | INFO     | agents.servers.serverFedMSE:train_on_clients:76 - 20 clients still training at epoch #251
2025-11-01 15:30:28.922 | INFO     | agents.servers.serverFedMSE:train_on_clients:32 - Training FedMSE model epoch #252
2025-11-01 15:30:34.137 | INFO     | agents.servers.serverFedMSE:train_on_clients:76 - 20 clients still training at epoch #252
2025-11-01 15:30:56.708 | INFO     | agents.servers.serverFedMSE:train_on_clients:32 - Training FedMSE model epoch #253
2025-11-01 15:31:01.923 | INFO     | agents.servers.serverFedMSE:train_on_clients:76 - 20 clients still training at epoch #253
2025-11-01 15:31:24.519 | INFO     | agents.servers.serverFedMSE:train_on_clients:32 - Training FedMSE model epoch #254
2025-11-01 15:31:29.744 | INFO     | agents.servers.serverFedMSE:train_on_clients:76 - 20 clients still training at epoch #254
2025-11-01 15:31:52.354 | INFO     | agents.servers.serverFedMSE:train_on_clients:32 - Training FedMSE model epoch #255
2025-11-01 15:31:53.663 | INFO     | agents.servers.serverFedMSE:train_on_clients:54 - Client 4 gets new best val_loss at epoch #255: 0.000625
2025-11-01 15:31:57.594 | INFO     | agents.servers.serverFedMSE:train_on_clients:76 - 20 clients still training at epoch #255
2025-11-01 15:32:20.128 | INFO     | agents.servers.serverFedMSE:train_on_clients:32 - Training FedMSE model epoch #256
2025-11-01 15:32:21.450 | INFO     | agents.servers.serverFedMSE:train_on_clients:54 - Client 4 gets new best val_loss at epoch #256: 0.000625
2025-11-01 15:32:22.509 | INFO     | agents.servers.serverFedMSE:train_on_clients:54 - Client 8 gets new best val_loss at epoch #256: 0.000686
2025-11-01 15:32:25.407 | INFO     | agents.servers.serverFedMSE:train_on_clients:76 - 20 clients still training at epoch #256
2025-11-01 15:32:47.803 | INFO     | agents.servers.serverFedMSE:train_on_clients:32 - Training FedMSE model epoch #257
2025-11-01 15:32:53.037 | INFO     | agents.servers.serverFedMSE:train_on_clients:76 - 20 clients still training at epoch #257
2025-11-01 15:33:15.505 | INFO     | agents.servers.serverFedMSE:train_on_clients:32 - Training FedMSE model epoch #258
2025-11-01 15:33:20.753 | INFO     | agents.servers.serverFedMSE:train_on_clients:54 - Client 19 gets new best val_loss at epoch #258: 0.000711
2025-11-01 15:33:20.756 | INFO     | agents.servers.serverFedMSE:train_on_clients:76 - 20 clients still training at epoch #258
2025-11-01 15:33:43.259 | INFO     | agents.servers.serverFedMSE:train_on_clients:32 - Training FedMSE model epoch #259
2025-11-01 15:33:44.311 | INFO     | agents.servers.serverFedMSE:train_on_clients:54 - Client 3 gets new best val_loss at epoch #259: 0.000681
2025-11-01 15:33:46.910 | INFO     | agents.servers.serverFedMSE:train_on_clients:54 - Client 13 gets new best val_loss at epoch #259: 0.000682
2025-11-01 15:33:48.486 | INFO     | agents.servers.serverFedMSE:train_on_clients:76 - 20 clients still training at epoch #259
2025-11-01 15:34:10.922 | INFO     | agents.servers.serverFedMSE:train_on_clients:32 - Training FedMSE model epoch #260
2025-11-01 15:34:11.185 | INFO     | agents.servers.serverFedMSE:train_on_clients:70 - Saved model for client 0 at epoch 260 -> saved_models/FedMSE/FedMSE/wsn_ds/epoch_260_client_0.pt
2025-11-01 15:34:11.453 | INFO     | agents.servers.serverFedMSE:train_on_clients:70 - Saved model for client 1 at epoch 260 -> saved_models/FedMSE/FedMSE/wsn_ds/epoch_260_client_1.pt
2025-11-01 15:34:11.716 | INFO     | agents.servers.serverFedMSE:train_on_clients:70 - Saved model for client 2 at epoch 260 -> saved_models/FedMSE/FedMSE/wsn_ds/epoch_260_client_2.pt
2025-11-01 15:34:11.979 | INFO     | agents.servers.serverFedMSE:train_on_clients:54 - Client 3 gets new best val_loss at epoch #260: 0.000669
2025-11-01 15:34:11.981 | INFO     | agents.servers.serverFedMSE:train_on_clients:70 - Saved model for client 3 at epoch 260 -> saved_models/FedMSE/FedMSE/wsn_ds/epoch_260_client_3.pt
2025-11-01 15:34:12.245 | INFO     | agents.servers.serverFedMSE:train_on_clients:70 - Saved model for client 4 at epoch 260 -> saved_models/FedMSE/FedMSE/wsn_ds/epoch_260_client_4.pt
2025-11-01 15:34:12.508 | INFO     | agents.servers.serverFedMSE:train_on_clients:70 - Saved model for client 5 at epoch 260 -> saved_models/FedMSE/FedMSE/wsn_ds/epoch_260_client_5.pt
2025-11-01 15:34:12.769 | INFO     | agents.servers.serverFedMSE:train_on_clients:70 - Saved model for client 6 at epoch 260 -> saved_models/FedMSE/FedMSE/wsn_ds/epoch_260_client_6.pt
2025-11-01 15:34:13.026 | INFO     | agents.servers.serverFedMSE:train_on_clients:70 - Saved model for client 7 at epoch 260 -> saved_models/FedMSE/FedMSE/wsn_ds/epoch_260_client_7.pt
2025-11-01 15:34:13.288 | INFO     | agents.servers.serverFedMSE:train_on_clients:70 - Saved model for client 8 at epoch 260 -> saved_models/FedMSE/FedMSE/wsn_ds/epoch_260_client_8.pt
2025-11-01 15:34:13.550 | INFO     | agents.servers.serverFedMSE:train_on_clients:70 - Saved model for client 9 at epoch 260 -> saved_models/FedMSE/FedMSE/wsn_ds/epoch_260_client_9.pt
2025-11-01 15:34:13.816 | INFO     | agents.servers.serverFedMSE:train_on_clients:70 - Saved model for client 10 at epoch 260 -> saved_models/FedMSE/FedMSE/wsn_ds/epoch_260_client_10.pt
2025-11-01 15:34:14.084 | INFO     | agents.servers.serverFedMSE:train_on_clients:70 - Saved model for client 11 at epoch 260 -> saved_models/FedMSE/FedMSE/wsn_ds/epoch_260_client_11.pt
2025-11-01 15:34:14.356 | INFO     | agents.servers.serverFedMSE:train_on_clients:70 - Saved model for client 12 at epoch 260 -> saved_models/FedMSE/FedMSE/wsn_ds/epoch_260_client_12.pt
2025-11-01 15:34:14.621 | INFO     | agents.servers.serverFedMSE:train_on_clients:54 - Client 13 gets new best val_loss at epoch #260: 0.000679
2025-11-01 15:34:14.622 | INFO     | agents.servers.serverFedMSE:train_on_clients:70 - Saved model for client 13 at epoch 260 -> saved_models/FedMSE/FedMSE/wsn_ds/epoch_260_client_13.pt
2025-11-01 15:34:14.886 | INFO     | agents.servers.serverFedMSE:train_on_clients:70 - Saved model for client 14 at epoch 260 -> saved_models/FedMSE/FedMSE/wsn_ds/epoch_260_client_14.pt
2025-11-01 15:34:15.149 | INFO     | agents.servers.serverFedMSE:train_on_clients:70 - Saved model for client 15 at epoch 260 -> saved_models/FedMSE/FedMSE/wsn_ds/epoch_260_client_15.pt
2025-11-01 15:34:15.410 | INFO     | agents.servers.serverFedMSE:train_on_clients:70 - Saved model for client 16 at epoch 260 -> saved_models/FedMSE/FedMSE/wsn_ds/epoch_260_client_16.pt
2025-11-01 15:34:15.677 | INFO     | agents.servers.serverFedMSE:train_on_clients:70 - Saved model for client 17 at epoch 260 -> saved_models/FedMSE/FedMSE/wsn_ds/epoch_260_client_17.pt
2025-11-01 15:34:15.940 | INFO     | agents.servers.serverFedMSE:train_on_clients:70 - Saved model for client 18 at epoch 260 -> saved_models/FedMSE/FedMSE/wsn_ds/epoch_260_client_18.pt
2025-11-01 15:34:16.200 | INFO     | agents.servers.serverFedMSE:train_on_clients:70 - Saved model for client 19 at epoch 260 -> saved_models/FedMSE/FedMSE/wsn_ds/epoch_260_client_19.pt
2025-11-01 15:34:16.202 | INFO     | agents.servers.serverFedMSE:train_on_clients:76 - 20 clients still training at epoch #260
2025-11-01 15:34:38.701 | INFO     | agents.servers.serverFedMSE:train_on_clients:32 - Training FedMSE model epoch #261
2025-11-01 15:34:39.748 | INFO     | agents.servers.serverFedMSE:train_on_clients:54 - Client 3 gets new best val_loss at epoch #261: 0.000665
2025-11-01 15:34:42.356 | INFO     | agents.servers.serverFedMSE:train_on_clients:54 - Client 13 gets new best val_loss at epoch #261: 0.000676
2025-11-01 15:34:43.912 | INFO     | agents.servers.serverFedMSE:train_on_clients:76 - 20 clients still training at epoch #261
2025-11-01 15:35:06.322 | INFO     | agents.servers.serverFedMSE:train_on_clients:32 - Training FedMSE model epoch #262
2025-11-01 15:35:09.731 | INFO     | agents.servers.serverFedMSE:train_on_clients:54 - Client 12 gets new best val_loss at epoch #262: 0.000579
2025-11-01 15:35:09.997 | INFO     | agents.servers.serverFedMSE:train_on_clients:54 - Client 13 gets new best val_loss at epoch #262: 0.000675
2025-11-01 15:35:11.578 | INFO     | agents.servers.serverFedMSE:train_on_clients:76 - 20 clients still training at epoch #262
2025-11-01 15:35:34.209 | INFO     | agents.servers.serverFedMSE:train_on_clients:32 - Training FedMSE model epoch #263
2025-11-01 15:35:35.270 | INFO     | agents.servers.serverFedMSE:train_on_clients:54 - Client 3 gets new best val_loss at epoch #263: 0.000664
2025-11-01 15:35:37.642 | INFO     | agents.servers.serverFedMSE:train_on_clients:54 - Client 12 gets new best val_loss at epoch #263: 0.000572
2025-11-01 15:35:37.909 | INFO     | agents.servers.serverFedMSE:train_on_clients:54 - Client 13 gets new best val_loss at epoch #263: 0.000674
2025-11-01 15:35:39.510 | INFO     | agents.servers.serverFedMSE:train_on_clients:76 - 20 clients still training at epoch #263
2025-11-01 15:36:01.982 | INFO     | agents.servers.serverFedMSE:train_on_clients:32 - Training FedMSE model epoch #264
2025-11-01 15:36:05.429 | INFO     | agents.servers.serverFedMSE:train_on_clients:54 - Client 12 gets new best val_loss at epoch #264: 0.000571
2025-11-01 15:36:05.693 | INFO     | agents.servers.serverFedMSE:train_on_clients:54 - Client 13 gets new best val_loss at epoch #264: 0.000671
2025-11-01 15:36:06.484 | INFO     | agents.servers.serverFedMSE:train_on_clients:54 - Client 16 gets new best val_loss at epoch #264: 0.000659
2025-11-01 15:36:07.271 | INFO     | agents.servers.serverFedMSE:train_on_clients:76 - 20 clients still training at epoch #264
2025-11-01 15:36:29.968 | INFO     | agents.servers.serverFedMSE:train_on_clients:32 - Training FedMSE model epoch #265
2025-11-01 15:36:31.277 | INFO     | agents.servers.serverFedMSE:train_on_clients:54 - Client 4 gets new best val_loss at epoch #265: 0.000625
2025-11-01 15:36:33.620 | INFO     | agents.servers.serverFedMSE:train_on_clients:54 - Client 13 gets new best val_loss at epoch #265: 0.000670
2025-11-01 15:36:35.191 | INFO     | agents.servers.serverFedMSE:train_on_clients:76 - 20 clients still training at epoch #265
2025-11-01 15:36:57.659 | INFO     | agents.servers.serverFedMSE:train_on_clients:32 - Training FedMSE model epoch #266
2025-11-01 15:37:00.539 | INFO     | agents.servers.serverFedMSE:train_on_clients:54 - Client 10 gets new best val_loss at epoch #266: 0.000714
2025-11-01 15:37:01.330 | INFO     | agents.servers.serverFedMSE:train_on_clients:54 - Client 13 gets new best val_loss at epoch #266: 0.000670
2025-11-01 15:37:02.904 | INFO     | agents.servers.serverFedMSE:train_on_clients:76 - 20 clients still training at epoch #266
2025-11-01 15:37:25.306 | INFO     | agents.servers.serverFedMSE:train_on_clients:32 - Training FedMSE model epoch #267
2025-11-01 15:37:30.027 | INFO     | agents.servers.serverFedMSE:train_on_clients:54 - Client 17 gets new best val_loss at epoch #267: 0.000584
2025-11-01 15:37:30.553 | INFO     | agents.servers.serverFedMSE:train_on_clients:76 - 20 clients still training at epoch #267
2025-11-01 15:37:52.987 | INFO     | agents.servers.serverFedMSE:train_on_clients:32 - Training FedMSE model epoch #268
2025-11-01 15:37:55.081 | INFO     | agents.servers.serverFedMSE:train_on_clients:54 - Client 7 gets new best val_loss at epoch #268: 0.000576
2025-11-01 15:37:56.125 | INFO     | agents.servers.serverFedMSE:train_on_clients:54 - Client 11 gets new best val_loss at epoch #268: 0.000667
2025-11-01 15:37:57.177 | INFO     | agents.servers.serverFedMSE:train_on_clients:54 - Client 15 gets new best val_loss at epoch #268: 0.000650
2025-11-01 15:37:57.700 | INFO     | agents.servers.serverFedMSE:train_on_clients:54 - Client 17 gets new best val_loss at epoch #268: 0.000578
2025-11-01 15:37:57.966 | INFO     | agents.servers.serverFedMSE:train_on_clients:54 - Client 18 gets new best val_loss at epoch #268: 0.000659
2025-11-01 15:37:58.228 | INFO     | agents.servers.serverFedMSE:train_on_clients:76 - 20 clients still training at epoch #268
2025-11-01 15:38:20.823 | INFO     | agents.servers.serverFedMSE:train_on_clients:32 - Training FedMSE model epoch #269
2025-11-01 15:38:22.403 | INFO     | agents.servers.serverFedMSE:train_on_clients:54 - Client 5 gets new best val_loss at epoch #269: 0.000633
2025-11-01 15:38:22.928 | INFO     | agents.servers.serverFedMSE:train_on_clients:54 - Client 7 gets new best val_loss at epoch #269: 0.000575
2025-11-01 15:38:25.013 | INFO     | agents.servers.serverFedMSE:train_on_clients:54 - Client 15 gets new best val_loss at epoch #269: 0.000647
2025-11-01 15:38:25.537 | INFO     | agents.servers.serverFedMSE:train_on_clients:54 - Client 17 gets new best val_loss at epoch #269: 0.000577
2025-11-01 15:38:26.063 | INFO     | agents.servers.serverFedMSE:train_on_clients:76 - 20 clients still training at epoch #269
2025-11-01 15:38:48.544 | INFO     | agents.servers.serverFedMSE:train_on_clients:32 - Training FedMSE model epoch #270
2025-11-01 15:38:48.808 | INFO     | agents.servers.serverFedMSE:train_on_clients:70 - Saved model for client 0 at epoch 270 -> saved_models/FedMSE/FedMSE/wsn_ds/epoch_270_client_0.pt
2025-11-01 15:38:49.069 | INFO     | agents.servers.serverFedMSE:train_on_clients:70 - Saved model for client 1 at epoch 270 -> saved_models/FedMSE/FedMSE/wsn_ds/epoch_270_client_1.pt
2025-11-01 15:38:49.330 | INFO     | agents.servers.serverFedMSE:train_on_clients:70 - Saved model for client 2 at epoch 270 -> saved_models/FedMSE/FedMSE/wsn_ds/epoch_270_client_2.pt
2025-11-01 15:38:49.596 | INFO     | agents.servers.serverFedMSE:train_on_clients:70 - Saved model for client 3 at epoch 270 -> saved_models/FedMSE/FedMSE/wsn_ds/epoch_270_client_3.pt
2025-11-01 15:38:49.866 | INFO     | agents.servers.serverFedMSE:train_on_clients:70 - Saved model for client 4 at epoch 270 -> saved_models/FedMSE/FedMSE/wsn_ds/epoch_270_client_4.pt
2025-11-01 15:38:50.127 | INFO     | agents.servers.serverFedMSE:train_on_clients:54 - Client 5 gets new best val_loss at epoch #270: 0.000631
2025-11-01 15:38:50.129 | INFO     | agents.servers.serverFedMSE:train_on_clients:70 - Saved model for client 5 at epoch 270 -> saved_models/FedMSE/FedMSE/wsn_ds/epoch_270_client_5.pt
2025-11-01 15:38:50.391 | INFO     | agents.servers.serverFedMSE:train_on_clients:70 - Saved model for client 6 at epoch 270 -> saved_models/FedMSE/FedMSE/wsn_ds/epoch_270_client_6.pt
2025-11-01 15:38:50.652 | INFO     | agents.servers.serverFedMSE:train_on_clients:54 - Client 7 gets new best val_loss at epoch #270: 0.000572
2025-11-01 15:38:50.654 | INFO     | agents.servers.serverFedMSE:train_on_clients:70 - Saved model for client 7 at epoch 270 -> saved_models/FedMSE/FedMSE/wsn_ds/epoch_270_client_7.pt
2025-11-01 15:38:50.914 | INFO     | agents.servers.serverFedMSE:train_on_clients:70 - Saved model for client 8 at epoch 270 -> saved_models/FedMSE/FedMSE/wsn_ds/epoch_270_client_8.pt
2025-11-01 15:38:51.177 | INFO     | agents.servers.serverFedMSE:train_on_clients:70 - Saved model for client 9 at epoch 270 -> saved_models/FedMSE/FedMSE/wsn_ds/epoch_270_client_9.pt
2025-11-01 15:38:51.439 | INFO     | agents.servers.serverFedMSE:train_on_clients:70 - Saved model for client 10 at epoch 270 -> saved_models/FedMSE/FedMSE/wsn_ds/epoch_270_client_10.pt
2025-11-01 15:38:51.704 | INFO     | agents.servers.serverFedMSE:train_on_clients:70 - Saved model for client 11 at epoch 270 -> saved_models/FedMSE/FedMSE/wsn_ds/epoch_270_client_11.pt
2025-11-01 15:38:51.967 | INFO     | agents.servers.serverFedMSE:train_on_clients:70 - Saved model for client 12 at epoch 270 -> saved_models/FedMSE/FedMSE/wsn_ds/epoch_270_client_12.pt
2025-11-01 15:38:52.230 | INFO     | agents.servers.serverFedMSE:train_on_clients:70 - Saved model for client 13 at epoch 270 -> saved_models/FedMSE/FedMSE/wsn_ds/epoch_270_client_13.pt
2025-11-01 15:38:52.493 | INFO     | agents.servers.serverFedMSE:train_on_clients:70 - Saved model for client 14 at epoch 270 -> saved_models/FedMSE/FedMSE/wsn_ds/epoch_270_client_14.pt
2025-11-01 15:38:52.757 | INFO     | agents.servers.serverFedMSE:train_on_clients:54 - Client 15 gets new best val_loss at epoch #270: 0.000643
2025-11-01 15:38:52.759 | INFO     | agents.servers.serverFedMSE:train_on_clients:70 - Saved model for client 15 at epoch 270 -> saved_models/FedMSE/FedMSE/wsn_ds/epoch_270_client_15.pt
2025-11-01 15:38:53.027 | INFO     | agents.servers.serverFedMSE:train_on_clients:70 - Saved model for client 16 at epoch 270 -> saved_models/FedMSE/FedMSE/wsn_ds/epoch_270_client_16.pt
2025-11-01 15:38:53.290 | INFO     | agents.servers.serverFedMSE:train_on_clients:54 - Client 17 gets new best val_loss at epoch #270: 0.000574
2025-11-01 15:38:53.291 | INFO     | agents.servers.serverFedMSE:train_on_clients:70 - Saved model for client 17 at epoch 270 -> saved_models/FedMSE/FedMSE/wsn_ds/epoch_270_client_17.pt
2025-11-01 15:38:53.551 | INFO     | agents.servers.serverFedMSE:train_on_clients:70 - Saved model for client 18 at epoch 270 -> saved_models/FedMSE/FedMSE/wsn_ds/epoch_270_client_18.pt
2025-11-01 15:38:53.811 | INFO     | agents.servers.serverFedMSE:train_on_clients:70 - Saved model for client 19 at epoch 270 -> saved_models/FedMSE/FedMSE/wsn_ds/epoch_270_client_19.pt
2025-11-01 15:38:53.813 | INFO     | agents.servers.serverFedMSE:train_on_clients:76 - 20 clients still training at epoch #270
2025-11-01 15:39:16.343 | INFO     | agents.servers.serverFedMSE:train_on_clients:32 - Training FedMSE model epoch #271
2025-11-01 15:39:17.916 | INFO     | agents.servers.serverFedMSE:train_on_clients:54 - Client 5 gets new best val_loss at epoch #271: 0.000630
2025-11-01 15:39:18.441 | INFO     | agents.servers.serverFedMSE:train_on_clients:54 - Client 7 gets new best val_loss at epoch #271: 0.000570
2025-11-01 15:39:20.528 | INFO     | agents.servers.serverFedMSE:train_on_clients:54 - Client 15 gets new best val_loss at epoch #271: 0.000641
2025-11-01 15:39:21.050 | INFO     | agents.servers.serverFedMSE:train_on_clients:54 - Client 17 gets new best val_loss at epoch #271: 0.000574
2025-11-01 15:39:21.321 | INFO     | agents.servers.serverFedMSE:train_on_clients:54 - Client 18 gets new best val_loss at epoch #271: 0.000657
2025-11-01 15:39:21.584 | INFO     | agents.servers.serverFedMSE:train_on_clients:76 - 20 clients still training at epoch #271
2025-11-01 15:39:44.060 | INFO     | agents.servers.serverFedMSE:train_on_clients:32 - Training FedMSE model epoch #272
2025-11-01 15:39:46.142 | INFO     | agents.servers.serverFedMSE:train_on_clients:54 - Client 7 gets new best val_loss at epoch #272: 0.000570
2025-11-01 15:39:46.404 | INFO     | agents.servers.serverFedMSE:train_on_clients:54 - Client 8 gets new best val_loss at epoch #272: 0.000675
2025-11-01 15:39:46.923 | INFO     | agents.servers.serverFedMSE:train_on_clients:54 - Client 10 gets new best val_loss at epoch #272: 0.000714
2025-11-01 15:39:48.214 | INFO     | agents.servers.serverFedMSE:train_on_clients:54 - Client 15 gets new best val_loss at epoch #272: 0.000640
2025-11-01 15:39:48.988 | INFO     | agents.servers.serverFedMSE:train_on_clients:54 - Client 18 gets new best val_loss at epoch #272: 0.000656
2025-11-01 15:39:49.250 | INFO     | agents.servers.serverFedMSE:train_on_clients:76 - 20 clients still training at epoch #272
2025-11-01 15:40:11.785 | INFO     | agents.servers.serverFedMSE:train_on_clients:32 - Training FedMSE model epoch #273
2025-11-01 15:40:13.355 | INFO     | agents.servers.serverFedMSE:train_on_clients:54 - Client 5 gets new best val_loss at epoch #273: 0.000628
2025-11-01 15:40:13.876 | INFO     | agents.servers.serverFedMSE:train_on_clients:54 - Client 7 gets new best val_loss at epoch #273: 0.000569
2025-11-01 15:40:14.650 | INFO     | agents.servers.serverFedMSE:train_on_clients:54 - Client 10 gets new best val_loss at epoch #273: 0.000713
2025-11-01 15:40:15.170 | INFO     | agents.servers.serverFedMSE:train_on_clients:54 - Client 12 gets new best val_loss at epoch #273: 0.000570
2025-11-01 15:40:15.947 | INFO     | agents.servers.serverFedMSE:train_on_clients:54 - Client 15 gets new best val_loss at epoch #273: 0.000640
2025-11-01 15:40:16.467 | INFO     | agents.servers.serverFedMSE:train_on_clients:54 - Client 17 gets new best val_loss at epoch #273: 0.000572
2025-11-01 15:40:16.982 | INFO     | agents.servers.serverFedMSE:train_on_clients:76 - 20 clients still training at epoch #273
2025-11-01 15:40:39.476 | INFO     | agents.servers.serverFedMSE:train_on_clients:32 - Training FedMSE model epoch #274
2025-11-01 15:40:41.048 | INFO     | agents.servers.serverFedMSE:train_on_clients:54 - Client 5 gets new best val_loss at epoch #274: 0.000627
2025-11-01 15:40:41.575 | INFO     | agents.servers.serverFedMSE:train_on_clients:54 - Client 7 gets new best val_loss at epoch #274: 0.000569
2025-11-01 15:40:42.364 | INFO     | agents.servers.serverFedMSE:train_on_clients:54 - Client 10 gets new best val_loss at epoch #274: 0.000713
2025-11-01 15:40:44.189 | INFO     | agents.servers.serverFedMSE:train_on_clients:54 - Client 17 gets new best val_loss at epoch #274: 0.000571
2025-11-01 15:40:44.715 | INFO     | agents.servers.serverFedMSE:train_on_clients:76 - 20 clients still training at epoch #274
2025-11-01 15:41:06.965 | INFO     | agents.servers.serverFedMSE:train_on_clients:32 - Training FedMSE model epoch #275
2025-11-01 15:41:12.170 | INFO     | agents.servers.serverFedMSE:train_on_clients:76 - 20 clients still training at epoch #275
2025-11-01 15:41:34.424 | INFO     | agents.servers.serverFedMSE:train_on_clients:32 - Training FedMSE model epoch #276
2025-11-01 15:41:36.509 | INFO     | agents.servers.serverFedMSE:train_on_clients:54 - Client 7 gets new best val_loss at epoch #276: 0.000568
2025-11-01 15:41:37.297 | INFO     | agents.servers.serverFedMSE:train_on_clients:54 - Client 10 gets new best val_loss at epoch #276: 0.000712
2025-11-01 15:41:38.346 | INFO     | agents.servers.serverFedMSE:train_on_clients:54 - Client 14 gets new best val_loss at epoch #276: 0.000711
2025-11-01 15:41:39.657 | INFO     | agents.servers.serverFedMSE:train_on_clients:76 - 20 clients still training at epoch #276
2025-11-01 15:42:01.847 | INFO     | agents.servers.serverFedMSE:train_on_clients:32 - Training FedMSE model epoch #277
2025-11-01 15:42:03.967 | INFO     | agents.servers.serverFedMSE:train_on_clients:54 - Client 7 gets new best val_loss at epoch #277: 0.000567
2025-11-01 15:42:04.758 | INFO     | agents.servers.serverFedMSE:train_on_clients:54 - Client 10 gets new best val_loss at epoch #277: 0.000712
2025-11-01 15:42:07.118 | INFO     | agents.servers.serverFedMSE:train_on_clients:76 - 20 clients still training at epoch #277
2025-11-01 15:42:29.253 | INFO     | agents.servers.serverFedMSE:train_on_clients:32 - Training FedMSE model epoch #278
2025-11-01 15:42:31.355 | INFO     | agents.servers.serverFedMSE:train_on_clients:54 - Client 7 gets new best val_loss at epoch #278: 0.000567
2025-11-01 15:42:34.500 | INFO     | agents.servers.serverFedMSE:train_on_clients:76 - 20 clients still training at epoch #278
2025-11-01 15:42:56.554 | INFO     | agents.servers.serverFedMSE:train_on_clients:32 - Training FedMSE model epoch #279
2025-11-01 15:43:01.780 | INFO     | agents.servers.serverFedMSE:train_on_clients:76 - 20 clients still training at epoch #279
2025-11-01 15:43:23.958 | INFO     | agents.servers.serverFedMSE:train_on_clients:32 - Training FedMSE model epoch #280
2025-11-01 15:43:24.228 | INFO     | agents.servers.serverFedMSE:train_on_clients:70 - Saved model for client 0 at epoch 280 -> saved_models/FedMSE/FedMSE/wsn_ds/epoch_280_client_0.pt
2025-11-01 15:43:24.492 | INFO     | agents.servers.serverFedMSE:train_on_clients:70 - Saved model for client 1 at epoch 280 -> saved_models/FedMSE/FedMSE/wsn_ds/epoch_280_client_1.pt
2025-11-01 15:43:24.752 | INFO     | agents.servers.serverFedMSE:train_on_clients:70 - Saved model for client 2 at epoch 280 -> saved_models/FedMSE/FedMSE/wsn_ds/epoch_280_client_2.pt
2025-11-01 15:43:25.016 | INFO     | agents.servers.serverFedMSE:train_on_clients:70 - Saved model for client 3 at epoch 280 -> saved_models/FedMSE/FedMSE/wsn_ds/epoch_280_client_3.pt
2025-11-01 15:43:25.285 | INFO     | agents.servers.serverFedMSE:train_on_clients:70 - Saved model for client 4 at epoch 280 -> saved_models/FedMSE/FedMSE/wsn_ds/epoch_280_client_4.pt
2025-11-01 15:43:25.546 | INFO     | agents.servers.serverFedMSE:train_on_clients:70 - Saved model for client 5 at epoch 280 -> saved_models/FedMSE/FedMSE/wsn_ds/epoch_280_client_5.pt
2025-11-01 15:43:25.812 | INFO     | agents.servers.serverFedMSE:train_on_clients:70 - Saved model for client 6 at epoch 280 -> saved_models/FedMSE/FedMSE/wsn_ds/epoch_280_client_6.pt
2025-11-01 15:43:26.072 | INFO     | agents.servers.serverFedMSE:train_on_clients:70 - Saved model for client 7 at epoch 280 -> saved_models/FedMSE/FedMSE/wsn_ds/epoch_280_client_7.pt
2025-11-01 15:43:26.335 | INFO     | agents.servers.serverFedMSE:train_on_clients:70 - Saved model for client 8 at epoch 280 -> saved_models/FedMSE/FedMSE/wsn_ds/epoch_280_client_8.pt
2025-11-01 15:43:26.601 | INFO     | agents.servers.serverFedMSE:train_on_clients:70 - Saved model for client 9 at epoch 280 -> saved_models/FedMSE/FedMSE/wsn_ds/epoch_280_client_9.pt
2025-11-01 15:43:26.866 | INFO     | agents.servers.serverFedMSE:train_on_clients:70 - Saved model for client 10 at epoch 280 -> saved_models/FedMSE/FedMSE/wsn_ds/epoch_280_client_10.pt
2025-11-01 15:43:27.130 | INFO     | agents.servers.serverFedMSE:train_on_clients:70 - Saved model for client 11 at epoch 280 -> saved_models/FedMSE/FedMSE/wsn_ds/epoch_280_client_11.pt
2025-11-01 15:43:27.393 | INFO     | agents.servers.serverFedMSE:train_on_clients:70 - Saved model for client 12 at epoch 280 -> saved_models/FedMSE/FedMSE/wsn_ds/epoch_280_client_12.pt
2025-11-01 15:43:27.657 | INFO     | agents.servers.serverFedMSE:train_on_clients:70 - Saved model for client 13 at epoch 280 -> saved_models/FedMSE/FedMSE/wsn_ds/epoch_280_client_13.pt
2025-11-01 15:43:27.919 | INFO     | agents.servers.serverFedMSE:train_on_clients:70 - Saved model for client 14 at epoch 280 -> saved_models/FedMSE/FedMSE/wsn_ds/epoch_280_client_14.pt
2025-11-01 15:43:28.183 | INFO     | agents.servers.serverFedMSE:train_on_clients:70 - Saved model for client 15 at epoch 280 -> saved_models/FedMSE/FedMSE/wsn_ds/epoch_280_client_15.pt
2025-11-01 15:43:28.447 | INFO     | agents.servers.serverFedMSE:train_on_clients:70 - Saved model for client 16 at epoch 280 -> saved_models/FedMSE/FedMSE/wsn_ds/epoch_280_client_16.pt
2025-11-01 15:43:28.708 | INFO     | agents.servers.serverFedMSE:train_on_clients:70 - Saved model for client 17 at epoch 280 -> saved_models/FedMSE/FedMSE/wsn_ds/epoch_280_client_17.pt
2025-11-01 15:43:28.969 | INFO     | agents.servers.serverFedMSE:train_on_clients:70 - Saved model for client 18 at epoch 280 -> saved_models/FedMSE/FedMSE/wsn_ds/epoch_280_client_18.pt
2025-11-01 15:43:29.231 | INFO     | agents.servers.serverFedMSE:train_on_clients:70 - Saved model for client 19 at epoch 280 -> saved_models/FedMSE/FedMSE/wsn_ds/epoch_280_client_19.pt
2025-11-01 15:43:29.234 | INFO     | agents.servers.serverFedMSE:train_on_clients:76 - 20 clients still training at epoch #280
2025-11-01 15:43:51.537 | INFO     | agents.servers.serverFedMSE:train_on_clients:32 - Training FedMSE model epoch #281
2025-11-01 15:43:53.886 | INFO     | agents.servers.serverFedMSE:train_on_clients:54 - Client 8 gets new best val_loss at epoch #281: 0.000672
2025-11-01 15:43:56.779 | INFO     | agents.servers.serverFedMSE:train_on_clients:76 - 20 clients still training at epoch #281
2025-11-01 15:44:18.983 | INFO     | agents.servers.serverFedMSE:train_on_clients:32 - Training FedMSE model epoch #282
2025-11-01 15:44:24.204 | INFO     | agents.servers.serverFedMSE:train_on_clients:76 - 20 clients still training at epoch #282
2025-11-01 15:44:46.550 | INFO     | agents.servers.serverFedMSE:train_on_clients:32 - Training FedMSE model epoch #283
2025-11-01 15:44:51.777 | INFO     | agents.servers.serverFedMSE:train_on_clients:76 - 20 clients still training at epoch #283
2025-11-01 15:45:14.115 | INFO     | agents.servers.serverFedMSE:train_on_clients:32 - Training FedMSE model epoch #284
2025-11-01 15:45:16.466 | INFO     | agents.servers.serverFedMSE:train_on_clients:54 - Client 8 gets new best val_loss at epoch #284: 0.000639
2025-11-01 15:45:19.351 | INFO     | agents.servers.serverFedMSE:train_on_clients:76 - 20 clients still training at epoch #284
2025-11-01 15:45:41.628 | INFO     | agents.servers.serverFedMSE:train_on_clients:32 - Training FedMSE model epoch #285
2025-11-01 15:45:43.458 | INFO     | agents.servers.serverFedMSE:train_on_clients:54 - Client 6 gets new best val_loss at epoch #285: 0.000699
2025-11-01 15:45:43.988 | INFO     | agents.servers.serverFedMSE:train_on_clients:54 - Client 8 gets new best val_loss at epoch #285: 0.000638
2025-11-01 15:45:46.826 | INFO     | agents.servers.serverFedMSE:train_on_clients:76 - 20 clients still training at epoch #285
2025-11-01 15:46:09.185 | INFO     | agents.servers.serverFedMSE:train_on_clients:32 - Training FedMSE model epoch #286
2025-11-01 15:46:11.013 | INFO     | agents.servers.serverFedMSE:train_on_clients:54 - Client 6 gets new best val_loss at epoch #286: 0.000699
2025-11-01 15:46:12.056 | INFO     | agents.servers.serverFedMSE:train_on_clients:54 - Client 10 gets new best val_loss at epoch #286: 0.000711
2025-11-01 15:46:14.401 | INFO     | agents.servers.serverFedMSE:train_on_clients:76 - 20 clients still training at epoch #286
2025-11-01 15:46:36.604 | INFO     | agents.servers.serverFedMSE:train_on_clients:32 - Training FedMSE model epoch #287
2025-11-01 15:46:38.435 | INFO     | agents.servers.serverFedMSE:train_on_clients:54 - Client 6 gets new best val_loss at epoch #287: 0.000698
2025-11-01 15:46:41.841 | INFO     | agents.servers.serverFedMSE:train_on_clients:76 - 20 clients still training at epoch #287
2025-11-01 15:47:03.988 | INFO     | agents.servers.serverFedMSE:train_on_clients:32 - Training FedMSE model epoch #288
2025-11-01 15:47:05.820 | INFO     | agents.servers.serverFedMSE:train_on_clients:54 - Client 6 gets new best val_loss at epoch #288: 0.000698
2025-11-01 15:47:09.180 | INFO     | agents.servers.serverFedMSE:train_on_clients:76 - 20 clients still training at epoch #288
2025-11-01 15:47:31.424 | INFO     | agents.servers.serverFedMSE:train_on_clients:32 - Training FedMSE model epoch #289
2025-11-01 15:47:36.664 | INFO     | agents.servers.serverFedMSE:train_on_clients:54 - Client 19 gets new best val_loss at epoch #289: 0.000703
2025-11-01 15:47:36.667 | INFO     | agents.servers.serverFedMSE:train_on_clients:76 - 20 clients still training at epoch #289
2025-11-01 15:47:58.930 | INFO     | agents.servers.serverFedMSE:train_on_clients:32 - Training FedMSE model epoch #290
2025-11-01 15:47:59.195 | INFO     | agents.servers.serverFedMSE:train_on_clients:70 - Saved model for client 0 at epoch 290 -> saved_models/FedMSE/FedMSE/wsn_ds/epoch_290_client_0.pt
2025-11-01 15:47:59.462 | INFO     | agents.servers.serverFedMSE:train_on_clients:70 - Saved model for client 1 at epoch 290 -> saved_models/FedMSE/FedMSE/wsn_ds/epoch_290_client_1.pt
2025-11-01 15:47:59.725 | INFO     | agents.servers.serverFedMSE:train_on_clients:70 - Saved model for client 2 at epoch 290 -> saved_models/FedMSE/FedMSE/wsn_ds/epoch_290_client_2.pt
2025-11-01 15:47:59.991 | INFO     | agents.servers.serverFedMSE:train_on_clients:70 - Saved model for client 3 at epoch 290 -> saved_models/FedMSE/FedMSE/wsn_ds/epoch_290_client_3.pt
2025-11-01 15:48:00.250 | INFO     | agents.servers.serverFedMSE:train_on_clients:70 - Saved model for client 4 at epoch 290 -> saved_models/FedMSE/FedMSE/wsn_ds/epoch_290_client_4.pt
2025-11-01 15:48:00.508 | INFO     | agents.servers.serverFedMSE:train_on_clients:70 - Saved model for client 5 at epoch 290 -> saved_models/FedMSE/FedMSE/wsn_ds/epoch_290_client_5.pt
2025-11-01 15:48:00.769 | INFO     | agents.servers.serverFedMSE:train_on_clients:70 - Saved model for client 6 at epoch 290 -> saved_models/FedMSE/FedMSE/wsn_ds/epoch_290_client_6.pt
2025-11-01 15:48:01.030 | INFO     | agents.servers.serverFedMSE:train_on_clients:70 - Saved model for client 7 at epoch 290 -> saved_models/FedMSE/FedMSE/wsn_ds/epoch_290_client_7.pt
2025-11-01 15:48:01.288 | INFO     | agents.servers.serverFedMSE:train_on_clients:70 - Saved model for client 8 at epoch 290 -> saved_models/FedMSE/FedMSE/wsn_ds/epoch_290_client_8.pt
2025-11-01 15:48:01.548 | INFO     | agents.servers.serverFedMSE:train_on_clients:70 - Saved model for client 9 at epoch 290 -> saved_models/FedMSE/FedMSE/wsn_ds/epoch_290_client_9.pt
2025-11-01 15:48:01.808 | INFO     | agents.servers.serverFedMSE:train_on_clients:70 - Saved model for client 10 at epoch 290 -> saved_models/FedMSE/FedMSE/wsn_ds/epoch_290_client_10.pt
2025-11-01 15:48:02.071 | INFO     | agents.servers.serverFedMSE:train_on_clients:54 - Client 11 gets new best val_loss at epoch #290: 0.000647
2025-11-01 15:48:02.073 | INFO     | agents.servers.serverFedMSE:train_on_clients:70 - Saved model for client 11 at epoch 290 -> saved_models/FedMSE/FedMSE/wsn_ds/epoch_290_client_11.pt
2025-11-01 15:48:02.334 | INFO     | agents.servers.serverFedMSE:train_on_clients:70 - Saved model for client 12 at epoch 290 -> saved_models/FedMSE/FedMSE/wsn_ds/epoch_290_client_12.pt
2025-11-01 15:48:02.596 | INFO     | agents.servers.serverFedMSE:train_on_clients:70 - Saved model for client 13 at epoch 290 -> saved_models/FedMSE/FedMSE/wsn_ds/epoch_290_client_13.pt
2025-11-01 15:48:02.857 | INFO     | agents.servers.serverFedMSE:train_on_clients:70 - Saved model for client 14 at epoch 290 -> saved_models/FedMSE/FedMSE/wsn_ds/epoch_290_client_14.pt
2025-11-01 15:48:03.115 | INFO     | agents.servers.serverFedMSE:train_on_clients:70 - Saved model for client 15 at epoch 290 -> saved_models/FedMSE/FedMSE/wsn_ds/epoch_290_client_15.pt
2025-11-01 15:48:03.385 | INFO     | agents.servers.serverFedMSE:train_on_clients:70 - Saved model for client 16 at epoch 290 -> saved_models/FedMSE/FedMSE/wsn_ds/epoch_290_client_16.pt
2025-11-01 15:48:03.650 | INFO     | agents.servers.serverFedMSE:train_on_clients:70 - Saved model for client 17 at epoch 290 -> saved_models/FedMSE/FedMSE/wsn_ds/epoch_290_client_17.pt
2025-11-01 15:48:03.916 | INFO     | agents.servers.serverFedMSE:train_on_clients:70 - Saved model for client 18 at epoch 290 -> saved_models/FedMSE/FedMSE/wsn_ds/epoch_290_client_18.pt
2025-11-01 15:48:04.179 | INFO     | agents.servers.serverFedMSE:train_on_clients:54 - Client 19 gets new best val_loss at epoch #290: 0.000700
2025-11-01 15:48:04.181 | INFO     | agents.servers.serverFedMSE:train_on_clients:70 - Saved model for client 19 at epoch 290 -> saved_models/FedMSE/FedMSE/wsn_ds/epoch_290_client_19.pt
2025-11-01 15:48:04.184 | INFO     | agents.servers.serverFedMSE:train_on_clients:76 - 20 clients still training at epoch #290
2025-11-01 15:48:26.483 | INFO     | agents.servers.serverFedMSE:train_on_clients:32 - Training FedMSE model epoch #291
2025-11-01 15:48:29.601 | INFO     | agents.servers.serverFedMSE:train_on_clients:54 - Client 11 gets new best val_loss at epoch #291: 0.000644
2025-11-01 15:48:31.668 | INFO     | agents.servers.serverFedMSE:train_on_clients:54 - Client 19 gets new best val_loss at epoch #291: 0.000697
2025-11-01 15:48:31.670 | INFO     | agents.servers.serverFedMSE:train_on_clients:76 - 20 clients still training at epoch #291
2025-11-01 15:48:53.992 | INFO     | agents.servers.serverFedMSE:train_on_clients:32 - Training FedMSE model epoch #292
2025-11-01 15:48:59.201 | INFO     | agents.servers.serverFedMSE:train_on_clients:54 - Client 19 gets new best val_loss at epoch #292: 0.000696
2025-11-01 15:48:59.203 | INFO     | agents.servers.serverFedMSE:train_on_clients:76 - 20 clients still training at epoch #292
2025-11-01 15:49:24.530 | INFO     | agents.servers.serverFedMSE:train_on_clients:32 - Training FedMSE model epoch #293
2025-11-01 15:49:30.063 | INFO     | agents.servers.serverFedMSE:train_on_clients:76 - 20 clients still training at epoch #293
2025-11-01 15:50:09.251 | INFO     | agents.servers.serverFedMSE:train_on_clients:32 - Training FedMSE model epoch #294
2025-11-01 15:50:15.154 | INFO     | agents.servers.serverFedMSE:train_on_clients:76 - 20 clients still training at epoch #294
2025-11-01 15:51:01.804 | INFO     | agents.servers.serverFedMSE:train_on_clients:32 - Training FedMSE model epoch #295
2025-11-01 15:51:03.831 | INFO     | agents.servers.serverFedMSE:train_on_clients:54 - Client 6 gets new best val_loss at epoch #295: 0.000698
2025-11-01 15:51:04.705 | INFO     | agents.servers.serverFedMSE:train_on_clients:54 - Client 9 gets new best val_loss at epoch #295: 0.000682
2025-11-01 15:51:07.640 | INFO     | agents.servers.serverFedMSE:train_on_clients:76 - 20 clients still training at epoch #295
2025-11-01 15:51:53.803 | INFO     | agents.servers.serverFedMSE:train_on_clients:32 - Training FedMSE model epoch #296
2025-11-01 15:51:56.745 | INFO     | agents.servers.serverFedMSE:train_on_clients:54 - Client 9 gets new best val_loss at epoch #296: 0.000679
2025-11-01 15:51:59.676 | INFO     | agents.servers.serverFedMSE:train_on_clients:76 - 20 clients still training at epoch #296
2025-11-01 15:52:45.675 | INFO     | agents.servers.serverFedMSE:train_on_clients:32 - Training FedMSE model epoch #297
2025-11-01 15:52:48.582 | INFO     | agents.servers.serverFedMSE:train_on_clients:54 - Client 9 gets new best val_loss at epoch #297: 0.000679
2025-11-01 15:52:51.480 | INFO     | agents.servers.serverFedMSE:train_on_clients:76 - 20 clients still training at epoch #297
2025-11-01 15:53:37.073 | INFO     | agents.servers.serverFedMSE:train_on_clients:32 - Training FedMSE model epoch #298
2025-11-01 15:53:37.658 | INFO     | agents.servers.serverFedMSE:train_on_clients:54 - Client 1 gets new best val_loss at epoch #298: 0.000668
2025-11-01 15:53:39.975 | INFO     | agents.servers.serverFedMSE:train_on_clients:54 - Client 9 gets new best val_loss at epoch #298: 0.000678
2025-11-01 15:53:42.886 | INFO     | agents.servers.serverFedMSE:train_on_clients:76 - 20 clients still training at epoch #298
2025-11-01 15:54:27.928 | INFO     | agents.servers.serverFedMSE:train_on_clients:32 - Training FedMSE model epoch #299
2025-11-01 15:54:28.524 | INFO     | agents.servers.serverFedMSE:train_on_clients:54 - Client 1 gets new best val_loss at epoch #299: 0.000666
2025-11-01 15:54:30.868 | INFO     | agents.servers.serverFedMSE:train_on_clients:54 - Client 9 gets new best val_loss at epoch #299: 0.000678
2025-11-01 15:54:33.779 | INFO     | agents.servers.serverFedMSE:train_on_clients:76 - 20 clients still training at epoch #299
2025-11-01 15:55:21.932 | INFO     | agents.servers.serverFedMSE:train_on_clients:32 - Training FedMSE model epoch #300
2025-11-01 15:55:22.233 | INFO     | agents.servers.serverFedMSE:train_on_clients:70 - Saved model for client 0 at epoch 300 -> saved_models/FedMSE/FedMSE/wsn_ds/epoch_300_client_0.pt
2025-11-01 15:55:22.528 | INFO     | agents.servers.serverFedMSE:train_on_clients:54 - Client 1 gets new best val_loss at epoch #300: 0.000666
2025-11-01 15:55:22.530 | INFO     | agents.servers.serverFedMSE:train_on_clients:70 - Saved model for client 1 at epoch 300 -> saved_models/FedMSE/FedMSE/wsn_ds/epoch_300_client_1.pt
2025-11-01 15:55:22.828 | INFO     | agents.servers.serverFedMSE:train_on_clients:70 - Saved model for client 2 at epoch 300 -> saved_models/FedMSE/FedMSE/wsn_ds/epoch_300_client_2.pt
2025-11-01 15:55:23.126 | INFO     | agents.servers.serverFedMSE:train_on_clients:70 - Saved model for client 3 at epoch 300 -> saved_models/FedMSE/FedMSE/wsn_ds/epoch_300_client_3.pt
2025-11-01 15:55:23.422 | INFO     | agents.servers.serverFedMSE:train_on_clients:70 - Saved model for client 4 at epoch 300 -> saved_models/FedMSE/FedMSE/wsn_ds/epoch_300_client_4.pt
2025-11-01 15:55:23.713 | INFO     | agents.servers.serverFedMSE:train_on_clients:70 - Saved model for client 5 at epoch 300 -> saved_models/FedMSE/FedMSE/wsn_ds/epoch_300_client_5.pt
2025-11-01 15:55:24.013 | INFO     | agents.servers.serverFedMSE:train_on_clients:70 - Saved model for client 6 at epoch 300 -> saved_models/FedMSE/FedMSE/wsn_ds/epoch_300_client_6.pt
2025-11-01 15:55:24.306 | INFO     | agents.servers.serverFedMSE:train_on_clients:70 - Saved model for client 7 at epoch 300 -> saved_models/FedMSE/FedMSE/wsn_ds/epoch_300_client_7.pt
2025-11-01 15:55:24.605 | INFO     | agents.servers.serverFedMSE:train_on_clients:70 - Saved model for client 8 at epoch 300 -> saved_models/FedMSE/FedMSE/wsn_ds/epoch_300_client_8.pt
2025-11-01 15:55:24.898 | INFO     | agents.servers.serverFedMSE:train_on_clients:70 - Saved model for client 9 at epoch 300 -> saved_models/FedMSE/FedMSE/wsn_ds/epoch_300_client_9.pt
2025-11-01 15:55:25.197 | INFO     | agents.servers.serverFedMSE:train_on_clients:70 - Saved model for client 10 at epoch 300 -> saved_models/FedMSE/FedMSE/wsn_ds/epoch_300_client_10.pt
2025-11-01 15:55:25.492 | INFO     | agents.servers.serverFedMSE:train_on_clients:70 - Saved model for client 11 at epoch 300 -> saved_models/FedMSE/FedMSE/wsn_ds/epoch_300_client_11.pt
2025-11-01 15:55:25.790 | INFO     | agents.servers.serverFedMSE:train_on_clients:70 - Saved model for client 12 at epoch 300 -> saved_models/FedMSE/FedMSE/wsn_ds/epoch_300_client_12.pt
2025-11-01 15:55:26.083 | INFO     | agents.servers.serverFedMSE:train_on_clients:70 - Saved model for client 13 at epoch 300 -> saved_models/FedMSE/FedMSE/wsn_ds/epoch_300_client_13.pt
2025-11-01 15:55:26.381 | INFO     | agents.servers.serverFedMSE:train_on_clients:70 - Saved model for client 14 at epoch 300 -> saved_models/FedMSE/FedMSE/wsn_ds/epoch_300_client_14.pt
2025-11-01 15:55:26.676 | INFO     | agents.servers.serverFedMSE:train_on_clients:70 - Saved model for client 15 at epoch 300 -> saved_models/FedMSE/FedMSE/wsn_ds/epoch_300_client_15.pt
2025-11-01 15:55:26.975 | INFO     | agents.servers.serverFedMSE:train_on_clients:70 - Saved model for client 16 at epoch 300 -> saved_models/FedMSE/FedMSE/wsn_ds/epoch_300_client_16.pt
2025-11-01 15:55:27.270 | INFO     | agents.servers.serverFedMSE:train_on_clients:70 - Saved model for client 17 at epoch 300 -> saved_models/FedMSE/FedMSE/wsn_ds/epoch_300_client_17.pt
2025-11-01 15:55:27.567 | INFO     | agents.servers.serverFedMSE:train_on_clients:70 - Saved model for client 18 at epoch 300 -> saved_models/FedMSE/FedMSE/wsn_ds/epoch_300_client_18.pt
2025-11-01 15:55:27.857 | INFO     | agents.servers.serverFedMSE:train_on_clients:70 - Saved model for client 19 at epoch 300 -> saved_models/FedMSE/FedMSE/wsn_ds/epoch_300_client_19.pt
2025-11-01 15:55:27.860 | INFO     | agents.servers.serverFedMSE:train_on_clients:76 - 20 clients still training at epoch #300
2025-11-01 15:56:15.950 | INFO     | agents.servers.serverFedMSE:train_on_clients:32 - Training FedMSE model epoch #301
2025-11-01 15:56:21.832 | INFO     | agents.servers.serverFedMSE:train_on_clients:76 - 20 clients still training at epoch #301
2025-11-01 15:57:09.787 | INFO     | agents.servers.serverFedMSE:train_on_clients:32 - Training FedMSE model epoch #302
2025-11-01 15:57:10.369 | INFO     | agents.servers.serverFedMSE:train_on_clients:54 - Client 1 gets new best val_loss at epoch #302: 0.000666
2025-11-01 15:57:15.689 | INFO     | agents.servers.serverFedMSE:train_on_clients:76 - 20 clients still training at epoch #302
2025-11-01 15:58:03.556 | INFO     | agents.servers.serverFedMSE:train_on_clients:32 - Training FedMSE model epoch #303
2025-11-01 15:58:09.455 | INFO     | agents.servers.serverFedMSE:train_on_clients:76 - 20 clients still training at epoch #303
2025-11-01 15:58:57.270 | INFO     | agents.servers.serverFedMSE:train_on_clients:32 - Training FedMSE model epoch #304
2025-11-01 15:58:58.461 | INFO     | agents.servers.serverFedMSE:train_on_clients:54 - Client 3 gets new best val_loss at epoch #304: 0.000642
2025-11-01 15:59:03.159 | INFO     | agents.servers.serverFedMSE:train_on_clients:76 - 20 clients still training at epoch #304
2025-11-01 15:59:51.046 | INFO     | agents.servers.serverFedMSE:train_on_clients:32 - Training FedMSE model epoch #305
2025-11-01 15:59:52.234 | INFO     | agents.servers.serverFedMSE:train_on_clients:54 - Client 3 gets new best val_loss at epoch #305: 0.000632
2025-11-01 15:59:56.932 | INFO     | agents.servers.serverFedMSE:train_on_clients:76 - 20 clients still training at epoch #305
2025-11-01 16:00:45.019 | INFO     | agents.servers.serverFedMSE:train_on_clients:32 - Training FedMSE model epoch #306
2025-11-01 16:00:50.858 | INFO     | agents.servers.serverFedMSE:train_on_clients:76 - 20 clients still training at epoch #306
2025-11-01 16:01:38.871 | INFO     | agents.servers.serverFedMSE:train_on_clients:32 - Training FedMSE model epoch #307
2025-11-01 16:01:40.915 | INFO     | agents.servers.serverFedMSE:train_on_clients:54 - Client 6 gets new best val_loss at epoch #307: 0.000697
2025-11-01 16:01:44.699 | INFO     | agents.servers.serverFedMSE:train_on_clients:76 - 20 clients still training at epoch #307
2025-11-01 16:02:32.611 | INFO     | agents.servers.serverFedMSE:train_on_clients:32 - Training FedMSE model epoch #308
2025-11-01 16:02:34.665 | INFO     | agents.servers.serverFedMSE:train_on_clients:54 - Client 6 gets new best val_loss at epoch #308: 0.000696
2025-11-01 16:02:38.467 | INFO     | agents.servers.serverFedMSE:train_on_clients:76 - 20 clients still training at epoch #308
2025-11-01 16:03:26.437 | INFO     | agents.servers.serverFedMSE:train_on_clients:32 - Training FedMSE model epoch #309
2025-11-01 16:03:32.318 | INFO     | agents.servers.serverFedMSE:train_on_clients:76 - 20 clients still training at epoch #309
2025-11-01 16:04:20.294 | INFO     | agents.servers.serverFedMSE:train_on_clients:32 - Training FedMSE model epoch #310
2025-11-01 16:04:20.589 | INFO     | agents.servers.serverFedMSE:train_on_clients:70 - Saved model for client 0 at epoch 310 -> saved_models/FedMSE/FedMSE/wsn_ds/epoch_310_client_0.pt
2025-11-01 16:04:20.893 | INFO     | agents.servers.serverFedMSE:train_on_clients:70 - Saved model for client 1 at epoch 310 -> saved_models/FedMSE/FedMSE/wsn_ds/epoch_310_client_1.pt
2025-11-01 16:04:21.194 | INFO     | agents.servers.serverFedMSE:train_on_clients:70 - Saved model for client 2 at epoch 310 -> saved_models/FedMSE/FedMSE/wsn_ds/epoch_310_client_2.pt
2025-11-01 16:04:21.502 | INFO     | agents.servers.serverFedMSE:train_on_clients:70 - Saved model for client 3 at epoch 310 -> saved_models/FedMSE/FedMSE/wsn_ds/epoch_310_client_3.pt
2025-11-01 16:04:21.803 | INFO     | agents.servers.serverFedMSE:train_on_clients:70 - Saved model for client 4 at epoch 310 -> saved_models/FedMSE/FedMSE/wsn_ds/epoch_310_client_4.pt
2025-11-01 16:04:22.098 | INFO     | agents.servers.serverFedMSE:train_on_clients:70 - Saved model for client 5 at epoch 310 -> saved_models/FedMSE/FedMSE/wsn_ds/epoch_310_client_5.pt
2025-11-01 16:04:22.393 | INFO     | agents.servers.serverFedMSE:train_on_clients:70 - Saved model for client 6 at epoch 310 -> saved_models/FedMSE/FedMSE/wsn_ds/epoch_310_client_6.pt
2025-11-01 16:04:22.687 | INFO     | agents.servers.serverFedMSE:train_on_clients:70 - Saved model for client 7 at epoch 310 -> saved_models/FedMSE/FedMSE/wsn_ds/epoch_310_client_7.pt
2025-11-01 16:04:22.985 | INFO     | agents.servers.serverFedMSE:train_on_clients:70 - Saved model for client 8 at epoch 310 -> saved_models/FedMSE/FedMSE/wsn_ds/epoch_310_client_8.pt
2025-11-01 16:04:23.282 | INFO     | agents.servers.serverFedMSE:train_on_clients:70 - Saved model for client 9 at epoch 310 -> saved_models/FedMSE/FedMSE/wsn_ds/epoch_310_client_9.pt
2025-11-01 16:04:23.580 | INFO     | agents.servers.serverFedMSE:train_on_clients:70 - Saved model for client 10 at epoch 310 -> saved_models/FedMSE/FedMSE/wsn_ds/epoch_310_client_10.pt
2025-11-01 16:04:23.879 | INFO     | agents.servers.serverFedMSE:train_on_clients:70 - Saved model for client 11 at epoch 310 -> saved_models/FedMSE/FedMSE/wsn_ds/epoch_310_client_11.pt
2025-11-01 16:04:24.173 | INFO     | agents.servers.serverFedMSE:train_on_clients:70 - Saved model for client 12 at epoch 310 -> saved_models/FedMSE/FedMSE/wsn_ds/epoch_310_client_12.pt
2025-11-01 16:04:24.465 | INFO     | agents.servers.serverFedMSE:train_on_clients:70 - Saved model for client 13 at epoch 310 -> saved_models/FedMSE/FedMSE/wsn_ds/epoch_310_client_13.pt
2025-11-01 16:04:24.761 | INFO     | agents.servers.serverFedMSE:train_on_clients:70 - Saved model for client 14 at epoch 310 -> saved_models/FedMSE/FedMSE/wsn_ds/epoch_310_client_14.pt
2025-11-01 16:04:25.052 | INFO     | agents.servers.serverFedMSE:train_on_clients:54 - Client 15 gets new best val_loss at epoch #310: 0.000633
2025-11-01 16:04:25.054 | INFO     | agents.servers.serverFedMSE:train_on_clients:70 - Saved model for client 15 at epoch 310 -> saved_models/FedMSE/FedMSE/wsn_ds/epoch_310_client_15.pt
2025-11-01 16:04:25.351 | INFO     | agents.servers.serverFedMSE:train_on_clients:70 - Saved model for client 16 at epoch 310 -> saved_models/FedMSE/FedMSE/wsn_ds/epoch_310_client_16.pt
2025-11-01 16:04:25.649 | INFO     | agents.servers.serverFedMSE:train_on_clients:70 - Saved model for client 17 at epoch 310 -> saved_models/FedMSE/FedMSE/wsn_ds/epoch_310_client_17.pt
2025-11-01 16:04:25.945 | INFO     | agents.servers.serverFedMSE:train_on_clients:70 - Saved model for client 18 at epoch 310 -> saved_models/FedMSE/FedMSE/wsn_ds/epoch_310_client_18.pt
2025-11-01 16:04:26.238 | INFO     | agents.servers.serverFedMSE:train_on_clients:70 - Saved model for client 19 at epoch 310 -> saved_models/FedMSE/FedMSE/wsn_ds/epoch_310_client_19.pt
2025-11-01 16:04:26.240 | INFO     | agents.servers.serverFedMSE:train_on_clients:76 - 20 clients still training at epoch #310
2025-11-01 16:05:14.217 | INFO     | agents.servers.serverFedMSE:train_on_clients:32 - Training FedMSE model epoch #311
2025-11-01 16:05:15.102 | INFO     | agents.servers.serverFedMSE:train_on_clients:54 - Client 2 gets new best val_loss at epoch #311: 0.000669
2025-11-01 16:05:18.977 | INFO     | agents.servers.serverFedMSE:train_on_clients:54 - Client 15 gets new best val_loss at epoch #311: 0.000633
2025-11-01 16:05:20.170 | INFO     | agents.servers.serverFedMSE:train_on_clients:76 - 20 clients still training at epoch #311
2025-11-01 16:06:08.125 | INFO     | agents.servers.serverFedMSE:train_on_clients:32 - Training FedMSE model epoch #312
2025-11-01 16:06:09.009 | INFO     | agents.servers.serverFedMSE:train_on_clients:54 - Client 2 gets new best val_loss at epoch #312: 0.000668
2025-11-01 16:06:12.236 | INFO     | agents.servers.serverFedMSE:train_on_clients:54 - Client 13 gets new best val_loss at epoch #312: 0.000667
2025-11-01 16:06:13.993 | INFO     | agents.servers.serverFedMSE:train_on_clients:76 - 20 clients still training at epoch #312
2025-11-01 16:07:01.895 | INFO     | agents.servers.serverFedMSE:train_on_clients:32 - Training FedMSE model epoch #313
2025-11-01 16:07:02.798 | INFO     | agents.servers.serverFedMSE:train_on_clients:54 - Client 2 gets new best val_loss at epoch #313: 0.000668
2025-11-01 16:07:03.399 | INFO     | agents.servers.serverFedMSE:train_on_clients:54 - Client 4 gets new best val_loss at epoch #313: 0.000608
2025-11-01 16:07:06.096 | INFO     | agents.servers.serverFedMSE:train_on_clients:54 - Client 13 gets new best val_loss at epoch #313: 0.000666
2025-11-01 16:07:07.898 | INFO     | agents.servers.serverFedMSE:train_on_clients:76 - 20 clients still training at epoch #313
2025-11-01 16:07:55.696 | INFO     | agents.servers.serverFedMSE:train_on_clients:32 - Training FedMSE model epoch #314
2025-11-01 16:07:56.603 | INFO     | agents.servers.serverFedMSE:train_on_clients:54 - Client 2 gets new best val_loss at epoch #314: 0.000667
2025-11-01 16:07:57.208 | INFO     | agents.servers.serverFedMSE:train_on_clients:54 - Client 4 gets new best val_loss at epoch #314: 0.000607
2025-11-01 16:08:01.634 | INFO     | agents.servers.serverFedMSE:train_on_clients:76 - 20 clients still training at epoch #314
2025-11-01 16:08:49.454 | INFO     | agents.servers.serverFedMSE:train_on_clients:32 - Training FedMSE model epoch #315
2025-11-01 16:08:49.758 | INFO     | agents.servers.serverFedMSE:train_on_clients:54 - Client 0 gets new best val_loss at epoch #315: 0.000573
2025-11-01 16:08:50.945 | INFO     | agents.servers.serverFedMSE:train_on_clients:54 - Client 4 gets new best val_loss at epoch #315: 0.000607
2025-11-01 16:08:55.437 | INFO     | agents.servers.serverFedMSE:train_on_clients:76 - 20 clients still training at epoch #315
2025-11-01 16:09:43.325 | INFO     | agents.servers.serverFedMSE:train_on_clients:32 - Training FedMSE model epoch #316
2025-11-01 16:09:49.004 | INFO     | agents.servers.serverFedMSE:train_on_clients:54 - Client 18 gets new best val_loss at epoch #316: 0.000641
2025-11-01 16:09:49.309 | INFO     | agents.servers.serverFedMSE:train_on_clients:76 - 20 clients still training at epoch #316
2025-11-01 16:10:37.149 | INFO     | agents.servers.serverFedMSE:train_on_clients:32 - Training FedMSE model epoch #317
2025-11-01 16:10:37.441 | INFO     | agents.servers.serverFedMSE:train_on_clients:54 - Client 0 gets new best val_loss at epoch #317: 0.000572
2025-11-01 16:10:43.030 | INFO     | agents.servers.serverFedMSE:train_on_clients:76 - 20 clients still training at epoch #317
2025-11-01 16:11:30.816 | INFO     | agents.servers.serverFedMSE:train_on_clients:32 - Training FedMSE model epoch #318
2025-11-01 16:11:31.117 | INFO     | agents.servers.serverFedMSE:train_on_clients:54 - Client 0 gets new best val_loss at epoch #318: 0.000572
2025-11-01 16:11:33.472 | INFO     | agents.servers.serverFedMSE:train_on_clients:54 - Client 8 gets new best val_loss at epoch #318: 0.000637
2025-11-01 16:11:36.719 | INFO     | agents.servers.serverFedMSE:train_on_clients:76 - 20 clients still training at epoch #318
2025-11-01 16:12:24.466 | INFO     | agents.servers.serverFedMSE:train_on_clients:32 - Training FedMSE model epoch #319
2025-11-01 16:12:25.358 | INFO     | agents.servers.serverFedMSE:train_on_clients:54 - Client 2 gets new best val_loss at epoch #319: 0.000667
2025-11-01 16:12:27.116 | INFO     | agents.servers.serverFedMSE:train_on_clients:54 - Client 8 gets new best val_loss at epoch #319: 0.000637
2025-11-01 16:12:30.360 | INFO     | agents.servers.serverFedMSE:train_on_clients:76 - 20 clients still training at epoch #319
2025-11-01 16:13:18.171 | INFO     | agents.servers.serverFedMSE:train_on_clients:32 - Training FedMSE model epoch #320
2025-11-01 16:13:18.475 | INFO     | agents.servers.serverFedMSE:train_on_clients:70 - Saved model for client 0 at epoch 320 -> saved_models/FedMSE/FedMSE/wsn_ds/epoch_320_client_0.pt
2025-11-01 16:13:18.778 | INFO     | agents.servers.serverFedMSE:train_on_clients:70 - Saved model for client 1 at epoch 320 -> saved_models/FedMSE/FedMSE/wsn_ds/epoch_320_client_1.pt
2025-11-01 16:13:19.079 | INFO     | agents.servers.serverFedMSE:train_on_clients:54 - Client 2 gets new best val_loss at epoch #320: 0.000666
2025-11-01 16:13:19.081 | INFO     | agents.servers.serverFedMSE:train_on_clients:70 - Saved model for client 2 at epoch 320 -> saved_models/FedMSE/FedMSE/wsn_ds/epoch_320_client_2.pt
2025-11-01 16:13:19.375 | INFO     | agents.servers.serverFedMSE:train_on_clients:70 - Saved model for client 3 at epoch 320 -> saved_models/FedMSE/FedMSE/wsn_ds/epoch_320_client_3.pt
2025-11-01 16:13:19.675 | INFO     | agents.servers.serverFedMSE:train_on_clients:70 - Saved model for client 4 at epoch 320 -> saved_models/FedMSE/FedMSE/wsn_ds/epoch_320_client_4.pt
2025-11-01 16:13:19.975 | INFO     | agents.servers.serverFedMSE:train_on_clients:70 - Saved model for client 5 at epoch 320 -> saved_models/FedMSE/FedMSE/wsn_ds/epoch_320_client_5.pt
2025-11-01 16:13:20.272 | INFO     | agents.servers.serverFedMSE:train_on_clients:70 - Saved model for client 6 at epoch 320 -> saved_models/FedMSE/FedMSE/wsn_ds/epoch_320_client_6.pt
2025-11-01 16:13:20.576 | INFO     | agents.servers.serverFedMSE:train_on_clients:70 - Saved model for client 7 at epoch 320 -> saved_models/FedMSE/FedMSE/wsn_ds/epoch_320_client_7.pt
2025-11-01 16:13:20.872 | INFO     | agents.servers.serverFedMSE:train_on_clients:70 - Saved model for client 8 at epoch 320 -> saved_models/FedMSE/FedMSE/wsn_ds/epoch_320_client_8.pt
2025-11-01 16:13:21.174 | INFO     | agents.servers.serverFedMSE:train_on_clients:70 - Saved model for client 9 at epoch 320 -> saved_models/FedMSE/FedMSE/wsn_ds/epoch_320_client_9.pt
2025-11-01 16:13:21.469 | INFO     | agents.servers.serverFedMSE:train_on_clients:70 - Saved model for client 10 at epoch 320 -> saved_models/FedMSE/FedMSE/wsn_ds/epoch_320_client_10.pt
2025-11-01 16:13:21.766 | INFO     | agents.servers.serverFedMSE:train_on_clients:70 - Saved model for client 11 at epoch 320 -> saved_models/FedMSE/FedMSE/wsn_ds/epoch_320_client_11.pt
2025-11-01 16:13:22.061 | INFO     | agents.servers.serverFedMSE:train_on_clients:70 - Saved model for client 12 at epoch 320 -> saved_models/FedMSE/FedMSE/wsn_ds/epoch_320_client_12.pt
2025-11-01 16:13:22.362 | INFO     | agents.servers.serverFedMSE:train_on_clients:70 - Saved model for client 13 at epoch 320 -> saved_models/FedMSE/FedMSE/wsn_ds/epoch_320_client_13.pt
2025-11-01 16:13:22.658 | INFO     | agents.servers.serverFedMSE:train_on_clients:70 - Saved model for client 14 at epoch 320 -> saved_models/FedMSE/FedMSE/wsn_ds/epoch_320_client_14.pt
2025-11-01 16:13:22.954 | INFO     | agents.servers.serverFedMSE:train_on_clients:70 - Saved model for client 15 at epoch 320 -> saved_models/FedMSE/FedMSE/wsn_ds/epoch_320_client_15.pt
2025-11-01 16:13:23.251 | INFO     | agents.servers.serverFedMSE:train_on_clients:70 - Saved model for client 16 at epoch 320 -> saved_models/FedMSE/FedMSE/wsn_ds/epoch_320_client_16.pt
2025-11-01 16:13:23.549 | INFO     | agents.servers.serverFedMSE:train_on_clients:70 - Saved model for client 17 at epoch 320 -> saved_models/FedMSE/FedMSE/wsn_ds/epoch_320_client_17.pt
2025-11-01 16:13:23.845 | INFO     | agents.servers.serverFedMSE:train_on_clients:70 - Saved model for client 18 at epoch 320 -> saved_models/FedMSE/FedMSE/wsn_ds/epoch_320_client_18.pt
2025-11-01 16:13:24.142 | INFO     | agents.servers.serverFedMSE:train_on_clients:70 - Saved model for client 19 at epoch 320 -> saved_models/FedMSE/FedMSE/wsn_ds/epoch_320_client_19.pt
2025-11-01 16:13:24.145 | INFO     | agents.servers.serverFedMSE:train_on_clients:76 - 20 clients still training at epoch #320
2025-11-01 16:14:12.019 | INFO     | agents.servers.serverFedMSE:train_on_clients:32 - Training FedMSE model epoch #321
2025-11-01 16:14:12.903 | INFO     | agents.servers.serverFedMSE:train_on_clients:54 - Client 2 gets new best val_loss at epoch #321: 0.000666
2025-11-01 16:14:13.496 | INFO     | agents.servers.serverFedMSE:train_on_clients:54 - Client 4 gets new best val_loss at epoch #321: 0.000607
2025-11-01 16:14:17.924 | INFO     | agents.servers.serverFedMSE:train_on_clients:76 - 20 clients still training at epoch #321
2025-11-01 16:14:57.910 | INFO     | agents.servers.serverFedMSE:train_on_clients:32 - Training FedMSE model epoch #322
2025-11-01 16:14:59.303 | INFO     | agents.servers.serverFedMSE:train_on_clients:54 - Client 4 gets new best val_loss at epoch #322: 0.000605
2025-11-01 16:15:01.269 | INFO     | agents.servers.serverFedMSE:train_on_clients:54 - Client 11 gets new best val_loss at epoch #322: 0.000636
2025-11-01 16:15:03.511 | INFO     | agents.servers.serverFedMSE:train_on_clients:76 - 20 clients still training at epoch #322
2025-11-01 16:15:41.894 | INFO     | agents.servers.serverFedMSE:train_on_clients:32 - Training FedMSE model epoch #323
2025-11-01 16:15:42.739 | INFO     | agents.servers.serverFedMSE:train_on_clients:54 - Client 2 gets new best val_loss at epoch #323: 0.000666
2025-11-01 16:15:43.294 | INFO     | agents.servers.serverFedMSE:train_on_clients:54 - Client 4 gets new best val_loss at epoch #323: 0.000605
2025-11-01 16:15:47.449 | INFO     | agents.servers.serverFedMSE:train_on_clients:76 - 20 clients still training at epoch #323
2025-11-01 16:16:25.816 | INFO     | agents.servers.serverFedMSE:train_on_clients:32 - Training FedMSE model epoch #324
2025-11-01 16:16:26.651 | INFO     | agents.servers.serverFedMSE:train_on_clients:54 - Client 2 gets new best val_loss at epoch #324: 0.000663
2025-11-01 16:16:27.206 | INFO     | agents.servers.serverFedMSE:train_on_clients:54 - Client 4 gets new best val_loss at epoch #324: 0.000604
2025-11-01 16:16:30.815 | INFO     | agents.servers.serverFedMSE:train_on_clients:54 - Client 17 gets new best val_loss at epoch #324: 0.000557
2025-11-01 16:16:31.350 | INFO     | agents.servers.serverFedMSE:train_on_clients:76 - 20 clients still training at epoch #324
2025-11-01 16:17:09.683 | INFO     | agents.servers.serverFedMSE:train_on_clients:32 - Training FedMSE model epoch #325
2025-11-01 16:17:10.515 | INFO     | agents.servers.serverFedMSE:train_on_clients:54 - Client 2 gets new best val_loss at epoch #325: 0.000662
2025-11-01 16:17:13.593 | INFO     | agents.servers.serverFedMSE:train_on_clients:54 - Client 13 gets new best val_loss at epoch #325: 0.000665
2025-11-01 16:17:14.436 | INFO     | agents.servers.serverFedMSE:train_on_clients:54 - Client 16 gets new best val_loss at epoch #325: 0.000646
2025-11-01 16:17:15.277 | INFO     | agents.servers.serverFedMSE:train_on_clients:76 - 20 clients still training at epoch #325
2025-11-01 16:17:53.767 | INFO     | agents.servers.serverFedMSE:train_on_clients:32 - Training FedMSE model epoch #326
2025-11-01 16:17:57.717 | INFO     | agents.servers.serverFedMSE:train_on_clients:54 - Client 13 gets new best val_loss at epoch #326: 0.000665
2025-11-01 16:17:58.564 | INFO     | agents.servers.serverFedMSE:train_on_clients:54 - Client 16 gets new best val_loss at epoch #326: 0.000646
2025-11-01 16:17:58.848 | INFO     | agents.servers.serverFedMSE:train_on_clients:54 - Client 17 gets new best val_loss at epoch #326: 0.000557
2025-11-01 16:17:59.409 | INFO     | agents.servers.serverFedMSE:train_on_clients:76 - 20 clients still training at epoch #326
2025-11-01 16:18:37.666 | INFO     | agents.servers.serverFedMSE:train_on_clients:32 - Training FedMSE model epoch #327
2025-11-01 16:18:42.395 | INFO     | agents.servers.serverFedMSE:train_on_clients:54 - Client 16 gets new best val_loss at epoch #327: 0.000646
2025-11-01 16:18:42.677 | INFO     | agents.servers.serverFedMSE:train_on_clients:54 - Client 17 gets new best val_loss at epoch #327: 0.000556
2025-11-01 16:18:43.234 | INFO     | agents.servers.serverFedMSE:train_on_clients:76 - 20 clients still training at epoch #327
2025-11-01 16:19:21.568 | INFO     | agents.servers.serverFedMSE:train_on_clients:32 - Training FedMSE model epoch #328
2025-11-01 16:19:22.393 | INFO     | agents.servers.serverFedMSE:train_on_clients:54 - Client 2 gets new best val_loss at epoch #328: 0.000662
2025-11-01 16:19:22.663 | INFO     | agents.servers.serverFedMSE:train_on_clients:54 - Client 3 gets new best val_loss at epoch #328: 0.000621
2025-11-01 16:19:25.591 | INFO     | agents.servers.serverFedMSE:train_on_clients:54 - Client 14 gets new best val_loss at epoch #328: 0.000707
2025-11-01 16:19:26.131 | INFO     | agents.servers.serverFedMSE:train_on_clients:54 - Client 16 gets new best val_loss at epoch #328: 0.000646
2025-11-01 16:19:26.932 | INFO     | agents.servers.serverFedMSE:train_on_clients:76 - 20 clients still training at epoch #328
2025-11-01 16:20:05.258 | INFO     | agents.servers.serverFedMSE:train_on_clients:32 - Training FedMSE model epoch #329
2025-11-01 16:20:06.338 | INFO     | agents.servers.serverFedMSE:train_on_clients:54 - Client 3 gets new best val_loss at epoch #329: 0.000621
2025-11-01 16:20:09.290 | INFO     | agents.servers.serverFedMSE:train_on_clients:54 - Client 14 gets new best val_loss at epoch #329: 0.000704
2025-11-01 16:20:09.823 | INFO     | agents.servers.serverFedMSE:train_on_clients:54 - Client 16 gets new best val_loss at epoch #329: 0.000644
2025-11-01 16:20:10.627 | INFO     | agents.servers.serverFedMSE:train_on_clients:76 - 20 clients still training at epoch #329
2025-11-01 16:20:48.886 | INFO     | agents.servers.serverFedMSE:train_on_clients:32 - Training FedMSE model epoch #330
2025-11-01 16:20:49.168 | INFO     | agents.servers.serverFedMSE:train_on_clients:70 - Saved model for client 0 at epoch 330 -> saved_models/FedMSE/FedMSE/wsn_ds/epoch_330_client_0.pt
2025-11-01 16:20:49.450 | INFO     | agents.servers.serverFedMSE:train_on_clients:70 - Saved model for client 1 at epoch 330 -> saved_models/FedMSE/FedMSE/wsn_ds/epoch_330_client_1.pt
2025-11-01 16:20:49.727 | INFO     | agents.servers.serverFedMSE:train_on_clients:70 - Saved model for client 2 at epoch 330 -> saved_models/FedMSE/FedMSE/wsn_ds/epoch_330_client_2.pt
2025-11-01 16:20:50.010 | INFO     | agents.servers.serverFedMSE:train_on_clients:70 - Saved model for client 3 at epoch 330 -> saved_models/FedMSE/FedMSE/wsn_ds/epoch_330_client_3.pt
2025-11-01 16:20:50.291 | INFO     | agents.servers.serverFedMSE:train_on_clients:70 - Saved model for client 4 at epoch 330 -> saved_models/FedMSE/FedMSE/wsn_ds/epoch_330_client_4.pt
2025-11-01 16:20:50.577 | INFO     | agents.servers.serverFedMSE:train_on_clients:70 - Saved model for client 5 at epoch 330 -> saved_models/FedMSE/FedMSE/wsn_ds/epoch_330_client_5.pt
2025-11-01 16:20:50.852 | INFO     | agents.servers.serverFedMSE:train_on_clients:70 - Saved model for client 6 at epoch 330 -> saved_models/FedMSE/FedMSE/wsn_ds/epoch_330_client_6.pt
2025-11-01 16:20:51.128 | INFO     | agents.servers.serverFedMSE:train_on_clients:70 - Saved model for client 7 at epoch 330 -> saved_models/FedMSE/FedMSE/wsn_ds/epoch_330_client_7.pt
2025-11-01 16:20:51.409 | INFO     | agents.servers.serverFedMSE:train_on_clients:70 - Saved model for client 8 at epoch 330 -> saved_models/FedMSE/FedMSE/wsn_ds/epoch_330_client_8.pt
2025-11-01 16:20:51.685 | INFO     | agents.servers.serverFedMSE:train_on_clients:70 - Saved model for client 9 at epoch 330 -> saved_models/FedMSE/FedMSE/wsn_ds/epoch_330_client_9.pt
2025-11-01 16:20:51.972 | INFO     | agents.servers.serverFedMSE:train_on_clients:70 - Saved model for client 10 at epoch 330 -> saved_models/FedMSE/FedMSE/wsn_ds/epoch_330_client_10.pt
2025-11-01 16:20:52.254 | INFO     | agents.servers.serverFedMSE:train_on_clients:70 - Saved model for client 11 at epoch 330 -> saved_models/FedMSE/FedMSE/wsn_ds/epoch_330_client_11.pt
2025-11-01 16:20:52.531 | INFO     | agents.servers.serverFedMSE:train_on_clients:70 - Saved model for client 12 at epoch 330 -> saved_models/FedMSE/FedMSE/wsn_ds/epoch_330_client_12.pt
2025-11-01 16:20:52.808 | INFO     | agents.servers.serverFedMSE:train_on_clients:70 - Saved model for client 13 at epoch 330 -> saved_models/FedMSE/FedMSE/wsn_ds/epoch_330_client_13.pt
2025-11-01 16:20:53.083 | INFO     | agents.servers.serverFedMSE:train_on_clients:70 - Saved model for client 14 at epoch 330 -> saved_models/FedMSE/FedMSE/wsn_ds/epoch_330_client_14.pt
2025-11-01 16:20:53.367 | INFO     | agents.servers.serverFedMSE:train_on_clients:70 - Saved model for client 15 at epoch 330 -> saved_models/FedMSE/FedMSE/wsn_ds/epoch_330_client_15.pt
2025-11-01 16:20:53.650 | INFO     | agents.servers.serverFedMSE:train_on_clients:54 - Client 16 gets new best val_loss at epoch #330: 0.000644
2025-11-01 16:20:53.651 | INFO     | agents.servers.serverFedMSE:train_on_clients:70 - Saved model for client 16 at epoch 330 -> saved_models/FedMSE/FedMSE/wsn_ds/epoch_330_client_16.pt
2025-11-01 16:20:53.937 | INFO     | agents.servers.serverFedMSE:train_on_clients:54 - Client 17 gets new best val_loss at epoch #330: 0.000556
2025-11-01 16:20:53.939 | INFO     | agents.servers.serverFedMSE:train_on_clients:70 - Saved model for client 17 at epoch 330 -> saved_models/FedMSE/FedMSE/wsn_ds/epoch_330_client_17.pt
2025-11-01 16:20:54.224 | INFO     | agents.servers.serverFedMSE:train_on_clients:70 - Saved model for client 18 at epoch 330 -> saved_models/FedMSE/FedMSE/wsn_ds/epoch_330_client_18.pt
2025-11-01 16:20:54.505 | INFO     | agents.servers.serverFedMSE:train_on_clients:70 - Saved model for client 19 at epoch 330 -> saved_models/FedMSE/FedMSE/wsn_ds/epoch_330_client_19.pt
2025-11-01 16:20:54.507 | INFO     | agents.servers.serverFedMSE:train_on_clients:76 - 20 clients still training at epoch #330
2025-11-01 16:21:32.843 | INFO     | agents.servers.serverFedMSE:train_on_clients:32 - Training FedMSE model epoch #331
2025-11-01 16:21:37.876 | INFO     | agents.servers.serverFedMSE:train_on_clients:54 - Client 17 gets new best val_loss at epoch #331: 0.000556
2025-11-01 16:21:38.437 | INFO     | agents.servers.serverFedMSE:train_on_clients:76 - 20 clients still training at epoch #331
2025-11-01 16:22:16.834 | INFO     | agents.servers.serverFedMSE:train_on_clients:32 - Training FedMSE model epoch #332
2025-11-01 16:22:22.587 | INFO     | agents.servers.serverFedMSE:train_on_clients:76 - 20 clients still training at epoch #332
2025-11-01 16:23:01.204 | INFO     | agents.servers.serverFedMSE:train_on_clients:32 - Training FedMSE model epoch #333
2025-11-01 16:23:02.323 | INFO     | agents.servers.serverFedMSE:train_on_clients:54 - Client 3 gets new best val_loss at epoch #333: 0.000620
2025-11-01 16:23:06.798 | INFO     | agents.servers.serverFedMSE:train_on_clients:76 - 20 clients still training at epoch #333
2025-11-01 16:23:45.109 | INFO     | agents.servers.serverFedMSE:train_on_clients:32 - Training FedMSE model epoch #334
2025-11-01 16:23:45.949 | INFO     | agents.servers.serverFedMSE:train_on_clients:54 - Client 2 gets new best val_loss at epoch #334: 0.000661
2025-11-01 16:23:46.230 | INFO     | agents.servers.serverFedMSE:train_on_clients:54 - Client 3 gets new best val_loss at epoch #334: 0.000619
2025-11-01 16:23:47.627 | INFO     | agents.servers.serverFedMSE:train_on_clients:54 - Client 8 gets new best val_loss at epoch #334: 0.000635
2025-11-01 16:23:50.138 | INFO     | agents.servers.serverFedMSE:train_on_clients:54 - Client 17 gets new best val_loss at epoch #334: 0.000555
2025-11-01 16:23:50.698 | INFO     | agents.servers.serverFedMSE:train_on_clients:76 - 20 clients still training at epoch #334
2025-11-01 16:24:28.875 | INFO     | agents.servers.serverFedMSE:train_on_clients:32 - Training FedMSE model epoch #335
2025-11-01 16:24:34.513 | INFO     | agents.servers.serverFedMSE:train_on_clients:76 - 20 clients still training at epoch #335
2025-11-01 16:25:12.732 | INFO     | agents.servers.serverFedMSE:train_on_clients:32 - Training FedMSE model epoch #336
2025-11-01 16:25:18.314 | INFO     | agents.servers.serverFedMSE:train_on_clients:76 - 20 clients still training at epoch #336
2025-11-01 16:25:53.232 | INFO     | agents.servers.serverFedMSE:train_on_clients:32 - Training FedMSE model epoch #337
2025-11-01 16:25:58.490 | INFO     | agents.servers.serverFedMSE:train_on_clients:76 - 20 clients still training at epoch #337
2025-11-01 16:26:20.462 | INFO     | agents.servers.serverFedMSE:train_on_clients:32 - Training FedMSE model epoch #338
2025-11-01 16:26:23.892 | INFO     | agents.servers.serverFedMSE:train_on_clients:54 - Client 12 gets new best val_loss at epoch #338: 0.000554
2025-11-01 16:26:24.157 | INFO     | agents.servers.serverFedMSE:train_on_clients:54 - Client 13 gets new best val_loss at epoch #338: 0.000661
2025-11-01 16:26:25.713 | INFO     | agents.servers.serverFedMSE:train_on_clients:76 - 20 clients still training at epoch #338
2025-11-01 16:26:47.507 | INFO     | agents.servers.serverFedMSE:train_on_clients:32 - Training FedMSE model epoch #339
2025-11-01 16:26:50.895 | INFO     | agents.servers.serverFedMSE:train_on_clients:54 - Client 12 gets new best val_loss at epoch #339: 0.000553
2025-11-01 16:26:51.156 | INFO     | agents.servers.serverFedMSE:train_on_clients:54 - Client 13 gets new best val_loss at epoch #339: 0.000659
2025-11-01 16:26:52.725 | INFO     | agents.servers.serverFedMSE:train_on_clients:76 - 20 clients still training at epoch #339
2025-11-01 16:27:14.834 | INFO     | agents.servers.serverFedMSE:train_on_clients:32 - Training FedMSE model epoch #340
2025-11-01 16:27:15.096 | INFO     | agents.servers.serverFedMSE:train_on_clients:70 - Saved model for client 0 at epoch 340 -> saved_models/FedMSE/FedMSE/wsn_ds/epoch_340_client_0.pt
2025-11-01 16:27:15.360 | INFO     | agents.servers.serverFedMSE:train_on_clients:70 - Saved model for client 1 at epoch 340 -> saved_models/FedMSE/FedMSE/wsn_ds/epoch_340_client_1.pt
2025-11-01 16:27:15.616 | INFO     | agents.servers.serverFedMSE:train_on_clients:70 - Saved model for client 2 at epoch 340 -> saved_models/FedMSE/FedMSE/wsn_ds/epoch_340_client_2.pt
2025-11-01 16:27:15.875 | INFO     | agents.servers.serverFedMSE:train_on_clients:70 - Saved model for client 3 at epoch 340 -> saved_models/FedMSE/FedMSE/wsn_ds/epoch_340_client_3.pt
2025-11-01 16:27:16.143 | INFO     | agents.servers.serverFedMSE:train_on_clients:70 - Saved model for client 4 at epoch 340 -> saved_models/FedMSE/FedMSE/wsn_ds/epoch_340_client_4.pt
2025-11-01 16:27:16.411 | INFO     | agents.servers.serverFedMSE:train_on_clients:70 - Saved model for client 5 at epoch 340 -> saved_models/FedMSE/FedMSE/wsn_ds/epoch_340_client_5.pt
2025-11-01 16:27:16.669 | INFO     | agents.servers.serverFedMSE:train_on_clients:70 - Saved model for client 6 at epoch 340 -> saved_models/FedMSE/FedMSE/wsn_ds/epoch_340_client_6.pt
2025-11-01 16:27:16.926 | INFO     | agents.servers.serverFedMSE:train_on_clients:70 - Saved model for client 7 at epoch 340 -> saved_models/FedMSE/FedMSE/wsn_ds/epoch_340_client_7.pt
2025-11-01 16:27:17.201 | INFO     | agents.servers.serverFedMSE:train_on_clients:70 - Saved model for client 8 at epoch 340 -> saved_models/FedMSE/FedMSE/wsn_ds/epoch_340_client_8.pt
2025-11-01 16:27:17.464 | INFO     | agents.servers.serverFedMSE:train_on_clients:70 - Saved model for client 9 at epoch 340 -> saved_models/FedMSE/FedMSE/wsn_ds/epoch_340_client_9.pt
2025-11-01 16:27:17.725 | INFO     | agents.servers.serverFedMSE:train_on_clients:70 - Saved model for client 10 at epoch 340 -> saved_models/FedMSE/FedMSE/wsn_ds/epoch_340_client_10.pt
2025-11-01 16:27:17.986 | INFO     | agents.servers.serverFedMSE:train_on_clients:70 - Saved model for client 11 at epoch 340 -> saved_models/FedMSE/FedMSE/wsn_ds/epoch_340_client_11.pt
2025-11-01 16:27:18.263 | INFO     | agents.servers.serverFedMSE:train_on_clients:70 - Saved model for client 12 at epoch 340 -> saved_models/FedMSE/FedMSE/wsn_ds/epoch_340_client_12.pt
2025-11-01 16:27:18.528 | INFO     | agents.servers.serverFedMSE:train_on_clients:54 - Client 13 gets new best val_loss at epoch #340: 0.000658
2025-11-01 16:27:18.531 | INFO     | agents.servers.serverFedMSE:train_on_clients:70 - Saved model for client 13 at epoch 340 -> saved_models/FedMSE/FedMSE/wsn_ds/epoch_340_client_13.pt
2025-11-01 16:27:18.788 | INFO     | agents.servers.serverFedMSE:train_on_clients:70 - Saved model for client 14 at epoch 340 -> saved_models/FedMSE/FedMSE/wsn_ds/epoch_340_client_14.pt
2025-11-01 16:27:19.045 | INFO     | agents.servers.serverFedMSE:train_on_clients:70 - Saved model for client 15 at epoch 340 -> saved_models/FedMSE/FedMSE/wsn_ds/epoch_340_client_15.pt
2025-11-01 16:27:19.308 | INFO     | agents.servers.serverFedMSE:train_on_clients:70 - Saved model for client 16 at epoch 340 -> saved_models/FedMSE/FedMSE/wsn_ds/epoch_340_client_16.pt
2025-11-01 16:27:19.566 | INFO     | agents.servers.serverFedMSE:train_on_clients:70 - Saved model for client 17 at epoch 340 -> saved_models/FedMSE/FedMSE/wsn_ds/epoch_340_client_17.pt
2025-11-01 16:27:19.836 | INFO     | agents.servers.serverFedMSE:train_on_clients:70 - Saved model for client 18 at epoch 340 -> saved_models/FedMSE/FedMSE/wsn_ds/epoch_340_client_18.pt
2025-11-01 16:27:20.091 | INFO     | agents.servers.serverFedMSE:train_on_clients:70 - Saved model for client 19 at epoch 340 -> saved_models/FedMSE/FedMSE/wsn_ds/epoch_340_client_19.pt
2025-11-01 16:27:20.094 | INFO     | agents.servers.serverFedMSE:train_on_clients:76 - 20 clients still training at epoch #340
2025-11-01 16:27:41.869 | INFO     | agents.servers.serverFedMSE:train_on_clients:32 - Training FedMSE model epoch #341
2025-11-01 16:27:45.525 | INFO     | agents.servers.serverFedMSE:train_on_clients:54 - Client 13 gets new best val_loss at epoch #341: 0.000658
2025-11-01 16:27:47.075 | INFO     | agents.servers.serverFedMSE:train_on_clients:76 - 20 clients still training at epoch #341
2025-11-01 16:28:08.953 | INFO     | agents.servers.serverFedMSE:train_on_clients:32 - Training FedMSE model epoch #342
2025-11-01 16:28:12.575 | INFO     | agents.servers.serverFedMSE:train_on_clients:54 - Client 13 gets new best val_loss at epoch #342: 0.000657
2025-11-01 16:28:13.614 | INFO     | agents.servers.serverFedMSE:train_on_clients:54 - Client 17 gets new best val_loss at epoch #342: 0.000554
2025-11-01 16:28:14.125 | INFO     | agents.servers.serverFedMSE:train_on_clients:76 - 20 clients still training at epoch #342
2025-11-01 16:28:35.887 | INFO     | agents.servers.serverFedMSE:train_on_clients:32 - Training FedMSE model epoch #343
2025-11-01 16:28:38.717 | INFO     | agents.servers.serverFedMSE:train_on_clients:54 - Client 10 gets new best val_loss at epoch #343: 0.000698
2025-11-01 16:28:39.510 | INFO     | agents.servers.serverFedMSE:train_on_clients:54 - Client 13 gets new best val_loss at epoch #343: 0.000657
2025-11-01 16:28:41.049 | INFO     | agents.servers.serverFedMSE:train_on_clients:76 - 20 clients still training at epoch #343
2025-11-01 16:29:02.870 | INFO     | agents.servers.serverFedMSE:train_on_clients:32 - Training FedMSE model epoch #344
2025-11-01 16:29:05.725 | INFO     | agents.servers.serverFedMSE:train_on_clients:54 - Client 10 gets new best val_loss at epoch #344: 0.000697
2025-11-01 16:29:08.117 | INFO     | agents.servers.serverFedMSE:train_on_clients:76 - 20 clients still training at epoch #344
2025-11-01 16:29:29.637 | INFO     | agents.servers.serverFedMSE:train_on_clients:32 - Training FedMSE model epoch #345
2025-11-01 16:29:32.494 | INFO     | agents.servers.serverFedMSE:train_on_clients:54 - Client 10 gets new best val_loss at epoch #345: 0.000697
2025-11-01 16:29:33.278 | INFO     | agents.servers.serverFedMSE:train_on_clients:54 - Client 13 gets new best val_loss at epoch #345: 0.000657
2025-11-01 16:29:34.848 | INFO     | agents.servers.serverFedMSE:train_on_clients:76 - 20 clients still training at epoch #345
2025-11-01 16:29:56.637 | INFO     | agents.servers.serverFedMSE:train_on_clients:32 - Training FedMSE model epoch #346
2025-11-01 16:30:00.239 | INFO     | agents.servers.serverFedMSE:train_on_clients:54 - Client 13 gets new best val_loss at epoch #346: 0.000656
2025-11-01 16:30:01.799 | INFO     | agents.servers.serverFedMSE:train_on_clients:76 - 20 clients still training at epoch #346
2025-11-01 16:30:23.576 | INFO     | agents.servers.serverFedMSE:train_on_clients:32 - Training FedMSE model epoch #347
2025-11-01 16:30:27.204 | INFO     | agents.servers.serverFedMSE:train_on_clients:54 - Client 13 gets new best val_loss at epoch #347: 0.000655
2025-11-01 16:30:28.747 | INFO     | agents.servers.serverFedMSE:train_on_clients:76 - 20 clients still training at epoch #347
2025-11-01 16:30:50.316 | INFO     | agents.servers.serverFedMSE:train_on_clients:32 - Training FedMSE model epoch #348
2025-11-01 16:30:51.868 | INFO     | agents.servers.serverFedMSE:train_on_clients:54 - Client 5 gets new best val_loss at epoch #348: 0.000621
2025-11-01 16:30:52.902 | INFO     | agents.servers.serverFedMSE:train_on_clients:54 - Client 9 gets new best val_loss at epoch #348: 0.000668
2025-11-01 16:30:55.398 | INFO     | agents.servers.serverFedMSE:train_on_clients:76 - 20 clients still training at epoch #348
2025-11-01 16:31:16.853 | INFO     | agents.servers.serverFedMSE:train_on_clients:32 - Training FedMSE model epoch #349
2025-11-01 16:31:18.343 | INFO     | agents.servers.serverFedMSE:train_on_clients:54 - Client 5 gets new best val_loss at epoch #349: 0.000612
2025-11-01 16:31:18.838 | INFO     | agents.servers.serverFedMSE:train_on_clients:54 - Client 7 gets new best val_loss at epoch #349: 0.000556
2025-11-01 16:31:21.858 | INFO     | agents.servers.serverFedMSE:train_on_clients:54 - Client 19 gets new best val_loss at epoch #349: 0.000693
2025-11-01 16:31:21.861 | INFO     | agents.servers.serverFedMSE:train_on_clients:76 - 20 clients still training at epoch #349
2025-11-01 16:31:43.773 | INFO     | agents.servers.serverFedMSE:train_on_clients:32 - Training FedMSE model epoch #350
2025-11-01 16:31:44.027 | INFO     | agents.servers.serverFedMSE:train_on_clients:70 - Saved model for client 0 at epoch 350 -> saved_models/FedMSE/FedMSE/wsn_ds/epoch_350_client_0.pt
2025-11-01 16:31:44.276 | INFO     | agents.servers.serverFedMSE:train_on_clients:70 - Saved model for client 1 at epoch 350 -> saved_models/FedMSE/FedMSE/wsn_ds/epoch_350_client_1.pt
2025-11-01 16:31:44.524 | INFO     | agents.servers.serverFedMSE:train_on_clients:70 - Saved model for client 2 at epoch 350 -> saved_models/FedMSE/FedMSE/wsn_ds/epoch_350_client_2.pt
2025-11-01 16:31:44.776 | INFO     | agents.servers.serverFedMSE:train_on_clients:70 - Saved model for client 3 at epoch 350 -> saved_models/FedMSE/FedMSE/wsn_ds/epoch_350_client_3.pt
2025-11-01 16:31:45.039 | INFO     | agents.servers.serverFedMSE:train_on_clients:70 - Saved model for client 4 at epoch 350 -> saved_models/FedMSE/FedMSE/wsn_ds/epoch_350_client_4.pt
2025-11-01 16:31:45.295 | INFO     | agents.servers.serverFedMSE:train_on_clients:70 - Saved model for client 5 at epoch 350 -> saved_models/FedMSE/FedMSE/wsn_ds/epoch_350_client_5.pt
2025-11-01 16:31:45.552 | INFO     | agents.servers.serverFedMSE:train_on_clients:70 - Saved model for client 6 at epoch 350 -> saved_models/FedMSE/FedMSE/wsn_ds/epoch_350_client_6.pt
2025-11-01 16:31:45.807 | INFO     | agents.servers.serverFedMSE:train_on_clients:70 - Saved model for client 7 at epoch 350 -> saved_models/FedMSE/FedMSE/wsn_ds/epoch_350_client_7.pt
2025-11-01 16:31:46.068 | INFO     | agents.servers.serverFedMSE:train_on_clients:70 - Saved model for client 8 at epoch 350 -> saved_models/FedMSE/FedMSE/wsn_ds/epoch_350_client_8.pt
2025-11-01 16:31:46.327 | INFO     | agents.servers.serverFedMSE:train_on_clients:70 - Saved model for client 9 at epoch 350 -> saved_models/FedMSE/FedMSE/wsn_ds/epoch_350_client_9.pt
2025-11-01 16:31:46.586 | INFO     | agents.servers.serverFedMSE:train_on_clients:70 - Saved model for client 10 at epoch 350 -> saved_models/FedMSE/FedMSE/wsn_ds/epoch_350_client_10.pt
2025-11-01 16:31:46.847 | INFO     | agents.servers.serverFedMSE:train_on_clients:70 - Saved model for client 11 at epoch 350 -> saved_models/FedMSE/FedMSE/wsn_ds/epoch_350_client_11.pt
2025-11-01 16:31:47.107 | INFO     | agents.servers.serverFedMSE:train_on_clients:70 - Saved model for client 12 at epoch 350 -> saved_models/FedMSE/FedMSE/wsn_ds/epoch_350_client_12.pt
2025-11-01 16:31:47.360 | INFO     | agents.servers.serverFedMSE:train_on_clients:70 - Saved model for client 13 at epoch 350 -> saved_models/FedMSE/FedMSE/wsn_ds/epoch_350_client_13.pt
2025-11-01 16:31:47.617 | INFO     | agents.servers.serverFedMSE:train_on_clients:70 - Saved model for client 14 at epoch 350 -> saved_models/FedMSE/FedMSE/wsn_ds/epoch_350_client_14.pt
2025-11-01 16:31:47.877 | INFO     | agents.servers.serverFedMSE:train_on_clients:70 - Saved model for client 15 at epoch 350 -> saved_models/FedMSE/FedMSE/wsn_ds/epoch_350_client_15.pt
2025-11-01 16:31:48.132 | INFO     | agents.servers.serverFedMSE:train_on_clients:70 - Saved model for client 16 at epoch 350 -> saved_models/FedMSE/FedMSE/wsn_ds/epoch_350_client_16.pt
2025-11-01 16:31:48.388 | INFO     | agents.servers.serverFedMSE:train_on_clients:70 - Saved model for client 17 at epoch 350 -> saved_models/FedMSE/FedMSE/wsn_ds/epoch_350_client_17.pt
2025-11-01 16:31:48.647 | INFO     | agents.servers.serverFedMSE:train_on_clients:70 - Saved model for client 18 at epoch 350 -> saved_models/FedMSE/FedMSE/wsn_ds/epoch_350_client_18.pt
2025-11-01 16:31:48.904 | INFO     | agents.servers.serverFedMSE:train_on_clients:70 - Saved model for client 19 at epoch 350 -> saved_models/FedMSE/FedMSE/wsn_ds/epoch_350_client_19.pt
2025-11-01 16:31:48.906 | INFO     | agents.servers.serverFedMSE:train_on_clients:76 - 20 clients still training at epoch #350
2025-11-01 16:32:10.613 | INFO     | agents.servers.serverFedMSE:train_on_clients:32 - Training FedMSE model epoch #351
2025-11-01 16:32:15.652 | INFO     | agents.servers.serverFedMSE:train_on_clients:76 - 20 clients still training at epoch #351
2025-11-01 16:32:37.393 | INFO     | agents.servers.serverFedMSE:train_on_clients:32 - Training FedMSE model epoch #352
2025-11-01 16:32:42.530 | INFO     | agents.servers.serverFedMSE:train_on_clients:76 - 20 clients still training at epoch #352
2025-11-01 16:33:04.357 | INFO     | agents.servers.serverFedMSE:train_on_clients:32 - Training FedMSE model epoch #353
2025-11-01 16:33:09.520 | INFO     | agents.servers.serverFedMSE:train_on_clients:76 - 20 clients still training at epoch #353
2025-11-01 16:33:31.133 | INFO     | agents.servers.serverFedMSE:train_on_clients:32 - Training FedMSE model epoch #354
2025-11-01 16:33:36.187 | INFO     | agents.servers.serverFedMSE:train_on_clients:76 - 20 clients still training at epoch #354
2025-11-01 16:33:58.055 | INFO     | agents.servers.serverFedMSE:train_on_clients:32 - Training FedMSE model epoch #355
2025-11-01 16:34:03.311 | INFO     | agents.servers.serverFedMSE:train_on_clients:76 - 20 clients still training at epoch #355
2025-11-01 16:34:25.023 | INFO     | agents.servers.serverFedMSE:train_on_clients:32 - Training FedMSE model epoch #356
2025-11-01 16:34:30.205 | INFO     | agents.servers.serverFedMSE:train_on_clients:76 - 20 clients still training at epoch #356
2025-11-01 16:34:51.813 | INFO     | agents.servers.serverFedMSE:train_on_clients:32 - Training FedMSE model epoch #357
2025-11-01 16:34:56.974 | INFO     | agents.servers.serverFedMSE:train_on_clients:76 - 20 clients still training at epoch #357
2025-11-01 16:35:18.704 | INFO     | agents.servers.serverFedMSE:train_on_clients:32 - Training FedMSE model epoch #358
2025-11-01 16:35:23.893 | INFO     | agents.servers.serverFedMSE:train_on_clients:76 - 20 clients still training at epoch #358
2025-11-01 16:35:45.627 | INFO     | agents.servers.serverFedMSE:train_on_clients:32 - Training FedMSE model epoch #359
2025-11-01 16:35:50.815 | INFO     | agents.servers.serverFedMSE:train_on_clients:76 - 20 clients still training at epoch #359
2025-11-01 16:36:12.633 | INFO     | agents.servers.serverFedMSE:train_on_clients:32 - Training FedMSE model epoch #360
2025-11-01 16:36:12.900 | INFO     | agents.servers.serverFedMSE:train_on_clients:70 - Saved model for client 0 at epoch 360 -> saved_models/FedMSE/FedMSE/wsn_ds/epoch_360_client_0.pt
2025-11-01 16:36:13.164 | INFO     | agents.servers.serverFedMSE:train_on_clients:70 - Saved model for client 1 at epoch 360 -> saved_models/FedMSE/FedMSE/wsn_ds/epoch_360_client_1.pt
2025-11-01 16:36:13.420 | INFO     | agents.servers.serverFedMSE:train_on_clients:70 - Saved model for client 2 at epoch 360 -> saved_models/FedMSE/FedMSE/wsn_ds/epoch_360_client_2.pt
2025-11-01 16:36:13.677 | INFO     | agents.servers.serverFedMSE:train_on_clients:70 - Saved model for client 3 at epoch 360 -> saved_models/FedMSE/FedMSE/wsn_ds/epoch_360_client_3.pt
2025-11-01 16:36:13.938 | INFO     | agents.servers.serverFedMSE:train_on_clients:70 - Saved model for client 4 at epoch 360 -> saved_models/FedMSE/FedMSE/wsn_ds/epoch_360_client_4.pt
2025-11-01 16:36:14.204 | INFO     | agents.servers.serverFedMSE:train_on_clients:70 - Saved model for client 5 at epoch 360 -> saved_models/FedMSE/FedMSE/wsn_ds/epoch_360_client_5.pt
2025-11-01 16:36:14.465 | INFO     | agents.servers.serverFedMSE:train_on_clients:70 - Saved model for client 6 at epoch 360 -> saved_models/FedMSE/FedMSE/wsn_ds/epoch_360_client_6.pt
2025-11-01 16:36:14.728 | INFO     | agents.servers.serverFedMSE:train_on_clients:70 - Saved model for client 7 at epoch 360 -> saved_models/FedMSE/FedMSE/wsn_ds/epoch_360_client_7.pt
2025-11-01 16:36:14.988 | INFO     | agents.servers.serverFedMSE:train_on_clients:70 - Saved model for client 8 at epoch 360 -> saved_models/FedMSE/FedMSE/wsn_ds/epoch_360_client_8.pt
2025-11-01 16:36:15.248 | INFO     | agents.servers.serverFedMSE:train_on_clients:70 - Saved model for client 9 at epoch 360 -> saved_models/FedMSE/FedMSE/wsn_ds/epoch_360_client_9.pt
2025-11-01 16:36:15.507 | INFO     | agents.servers.serverFedMSE:train_on_clients:70 - Saved model for client 10 at epoch 360 -> saved_models/FedMSE/FedMSE/wsn_ds/epoch_360_client_10.pt
2025-11-01 16:36:15.761 | INFO     | agents.servers.serverFedMSE:train_on_clients:70 - Saved model for client 11 at epoch 360 -> saved_models/FedMSE/FedMSE/wsn_ds/epoch_360_client_11.pt
2025-11-01 16:36:16.021 | INFO     | agents.servers.serverFedMSE:train_on_clients:70 - Saved model for client 12 at epoch 360 -> saved_models/FedMSE/FedMSE/wsn_ds/epoch_360_client_12.pt
2025-11-01 16:36:16.277 | INFO     | agents.servers.serverFedMSE:train_on_clients:70 - Saved model for client 13 at epoch 360 -> saved_models/FedMSE/FedMSE/wsn_ds/epoch_360_client_13.pt
2025-11-01 16:36:16.541 | INFO     | agents.servers.serverFedMSE:train_on_clients:70 - Saved model for client 14 at epoch 360 -> saved_models/FedMSE/FedMSE/wsn_ds/epoch_360_client_14.pt
2025-11-01 16:36:16.808 | INFO     | agents.servers.serverFedMSE:train_on_clients:70 - Saved model for client 15 at epoch 360 -> saved_models/FedMSE/FedMSE/wsn_ds/epoch_360_client_15.pt
2025-11-01 16:36:17.078 | INFO     | agents.servers.serverFedMSE:train_on_clients:70 - Saved model for client 16 at epoch 360 -> saved_models/FedMSE/FedMSE/wsn_ds/epoch_360_client_16.pt
2025-11-01 16:36:17.336 | INFO     | agents.servers.serverFedMSE:train_on_clients:70 - Saved model for client 17 at epoch 360 -> saved_models/FedMSE/FedMSE/wsn_ds/epoch_360_client_17.pt
2025-11-01 16:36:17.590 | INFO     | agents.servers.serverFedMSE:train_on_clients:70 - Saved model for client 18 at epoch 360 -> saved_models/FedMSE/FedMSE/wsn_ds/epoch_360_client_18.pt
2025-11-01 16:36:17.853 | INFO     | agents.servers.serverFedMSE:train_on_clients:70 - Saved model for client 19 at epoch 360 -> saved_models/FedMSE/FedMSE/wsn_ds/epoch_360_client_19.pt
2025-11-01 16:36:17.856 | INFO     | agents.servers.serverFedMSE:train_on_clients:76 - 20 clients still training at epoch #360
2025-11-01 16:36:39.541 | INFO     | agents.servers.serverFedMSE:train_on_clients:32 - Training FedMSE model epoch #361
2025-11-01 16:36:44.726 | INFO     | agents.servers.serverFedMSE:train_on_clients:76 - 20 clients still training at epoch #361
2025-11-01 16:37:06.412 | INFO     | agents.servers.serverFedMSE:train_on_clients:32 - Training FedMSE model epoch #362
2025-11-01 16:37:08.739 | INFO     | agents.servers.serverFedMSE:train_on_clients:54 - Client 8 gets new best val_loss at epoch #362: 0.000634
2025-11-01 16:37:11.605 | INFO     | agents.servers.serverFedMSE:train_on_clients:76 - 20 clients still training at epoch #362
2025-11-01 16:37:33.271 | INFO     | agents.servers.serverFedMSE:train_on_clients:32 - Training FedMSE model epoch #363
2025-11-01 16:37:35.095 | INFO     | agents.servers.serverFedMSE:train_on_clients:54 - Client 6 gets new best val_loss at epoch #363: 0.000696
2025-11-01 16:37:38.452 | INFO     | agents.servers.serverFedMSE:train_on_clients:76 - 20 clients still training at epoch #363
2025-11-01 16:38:00.372 | INFO     | agents.servers.serverFedMSE:train_on_clients:32 - Training FedMSE model epoch #364
2025-11-01 16:38:02.196 | INFO     | agents.servers.serverFedMSE:train_on_clients:54 - Client 6 gets new best val_loss at epoch #364: 0.000693
2025-11-01 16:38:05.668 | INFO     | agents.servers.serverFedMSE:train_on_clients:76 - 20 clients still training at epoch #364
2025-11-01 16:38:27.449 | INFO     | agents.servers.serverFedMSE:train_on_clients:32 - Training FedMSE model epoch #365
2025-11-01 16:38:31.592 | INFO     | agents.servers.serverFedMSE:train_on_clients:54 - Client 15 gets new best val_loss at epoch #365: 0.000630
2025-11-01 16:38:32.634 | INFO     | agents.servers.serverFedMSE:train_on_clients:76 - 20 clients still training at epoch #365
2025-11-01 16:38:54.424 | INFO     | agents.servers.serverFedMSE:train_on_clients:32 - Training FedMSE model epoch #366
2025-11-01 16:38:59.581 | INFO     | agents.servers.serverFedMSE:train_on_clients:54 - Client 19 gets new best val_loss at epoch #366: 0.000691
2025-11-01 16:38:59.583 | INFO     | agents.servers.serverFedMSE:train_on_clients:76 - 20 clients still training at epoch #366
2025-11-01 16:39:21.130 | INFO     | agents.servers.serverFedMSE:train_on_clients:32 - Training FedMSE model epoch #367
2025-11-01 16:39:23.459 | INFO     | agents.servers.serverFedMSE:train_on_clients:54 - Client 8 gets new best val_loss at epoch #367: 0.000633
2025-11-01 16:39:26.292 | INFO     | agents.servers.serverFedMSE:train_on_clients:54 - Client 19 gets new best val_loss at epoch #367: 0.000691
2025-11-01 16:39:26.295 | INFO     | agents.servers.serverFedMSE:train_on_clients:76 - 20 clients still training at epoch #367
2025-11-01 16:39:47.768 | INFO     | agents.servers.serverFedMSE:train_on_clients:32 - Training FedMSE model epoch #368
2025-11-01 16:39:52.958 | INFO     | agents.servers.serverFedMSE:train_on_clients:76 - 20 clients still training at epoch #368
2025-11-01 16:40:14.539 | INFO     | agents.servers.serverFedMSE:train_on_clients:32 - Training FedMSE model epoch #369
2025-11-01 16:40:19.717 | INFO     | agents.servers.serverFedMSE:train_on_clients:76 - 20 clients still training at epoch #369
2025-11-01 16:40:41.459 | INFO     | agents.servers.serverFedMSE:train_on_clients:32 - Training FedMSE model epoch #370
2025-11-01 16:40:41.717 | INFO     | agents.servers.serverFedMSE:train_on_clients:70 - Saved model for client 0 at epoch 370 -> saved_models/FedMSE/FedMSE/wsn_ds/epoch_370_client_0.pt
2025-11-01 16:40:41.980 | INFO     | agents.servers.serverFedMSE:train_on_clients:70 - Saved model for client 1 at epoch 370 -> saved_models/FedMSE/FedMSE/wsn_ds/epoch_370_client_1.pt
2025-11-01 16:40:42.242 | INFO     | agents.servers.serverFedMSE:train_on_clients:70 - Saved model for client 2 at epoch 370 -> saved_models/FedMSE/FedMSE/wsn_ds/epoch_370_client_2.pt
2025-11-01 16:40:42.507 | INFO     | agents.servers.serverFedMSE:train_on_clients:70 - Saved model for client 3 at epoch 370 -> saved_models/FedMSE/FedMSE/wsn_ds/epoch_370_client_3.pt
2025-11-01 16:40:42.768 | INFO     | agents.servers.serverFedMSE:train_on_clients:70 - Saved model for client 4 at epoch 370 -> saved_models/FedMSE/FedMSE/wsn_ds/epoch_370_client_4.pt
2025-11-01 16:40:43.027 | INFO     | agents.servers.serverFedMSE:train_on_clients:70 - Saved model for client 5 at epoch 370 -> saved_models/FedMSE/FedMSE/wsn_ds/epoch_370_client_5.pt
2025-11-01 16:40:43.289 | INFO     | agents.servers.serverFedMSE:train_on_clients:70 - Saved model for client 6 at epoch 370 -> saved_models/FedMSE/FedMSE/wsn_ds/epoch_370_client_6.pt
2025-11-01 16:40:43.552 | INFO     | agents.servers.serverFedMSE:train_on_clients:70 - Saved model for client 7 at epoch 370 -> saved_models/FedMSE/FedMSE/wsn_ds/epoch_370_client_7.pt
2025-11-01 16:40:43.817 | INFO     | agents.servers.serverFedMSE:train_on_clients:70 - Saved model for client 8 at epoch 370 -> saved_models/FedMSE/FedMSE/wsn_ds/epoch_370_client_8.pt
2025-11-01 16:40:44.080 | INFO     | agents.servers.serverFedMSE:train_on_clients:70 - Saved model for client 9 at epoch 370 -> saved_models/FedMSE/FedMSE/wsn_ds/epoch_370_client_9.pt
2025-11-01 16:40:44.341 | INFO     | agents.servers.serverFedMSE:train_on_clients:70 - Saved model for client 10 at epoch 370 -> saved_models/FedMSE/FedMSE/wsn_ds/epoch_370_client_10.pt
2025-11-01 16:40:44.602 | INFO     | agents.servers.serverFedMSE:train_on_clients:70 - Saved model for client 11 at epoch 370 -> saved_models/FedMSE/FedMSE/wsn_ds/epoch_370_client_11.pt
2025-11-01 16:40:44.860 | INFO     | agents.servers.serverFedMSE:train_on_clients:70 - Saved model for client 12 at epoch 370 -> saved_models/FedMSE/FedMSE/wsn_ds/epoch_370_client_12.pt
2025-11-01 16:40:45.125 | INFO     | agents.servers.serverFedMSE:train_on_clients:70 - Saved model for client 13 at epoch 370 -> saved_models/FedMSE/FedMSE/wsn_ds/epoch_370_client_13.pt
2025-11-01 16:40:45.386 | INFO     | agents.servers.serverFedMSE:train_on_clients:70 - Saved model for client 14 at epoch 370 -> saved_models/FedMSE/FedMSE/wsn_ds/epoch_370_client_14.pt
2025-11-01 16:40:45.647 | INFO     | agents.servers.serverFedMSE:train_on_clients:70 - Saved model for client 15 at epoch 370 -> saved_models/FedMSE/FedMSE/wsn_ds/epoch_370_client_15.pt
2025-11-01 16:40:45.910 | INFO     | agents.servers.serverFedMSE:train_on_clients:70 - Saved model for client 16 at epoch 370 -> saved_models/FedMSE/FedMSE/wsn_ds/epoch_370_client_16.pt
2025-11-01 16:40:46.169 | INFO     | agents.servers.serverFedMSE:train_on_clients:70 - Saved model for client 17 at epoch 370 -> saved_models/FedMSE/FedMSE/wsn_ds/epoch_370_client_17.pt
2025-11-01 16:40:46.433 | INFO     | agents.servers.serverFedMSE:train_on_clients:70 - Saved model for client 18 at epoch 370 -> saved_models/FedMSE/FedMSE/wsn_ds/epoch_370_client_18.pt
2025-11-01 16:40:46.699 | INFO     | agents.servers.serverFedMSE:train_on_clients:70 - Saved model for client 19 at epoch 370 -> saved_models/FedMSE/FedMSE/wsn_ds/epoch_370_client_19.pt
2025-11-01 16:40:46.701 | INFO     | agents.servers.serverFedMSE:train_on_clients:76 - 20 clients still training at epoch #370
2025-11-01 16:41:08.497 | INFO     | agents.servers.serverFedMSE:train_on_clients:32 - Training FedMSE model epoch #371
2025-11-01 16:41:13.671 | INFO     | agents.servers.serverFedMSE:train_on_clients:76 - 20 clients still training at epoch #371
2025-11-01 16:41:35.512 | INFO     | agents.servers.serverFedMSE:train_on_clients:32 - Training FedMSE model epoch #372
2025-11-01 16:41:40.725 | INFO     | agents.servers.serverFedMSE:train_on_clients:76 - 20 clients still training at epoch #372
2025-11-01 16:42:02.165 | INFO     | agents.servers.serverFedMSE:train_on_clients:32 - Training FedMSE model epoch #373
2025-11-01 16:42:07.341 | INFO     | agents.servers.serverFedMSE:train_on_clients:76 - 20 clients still training at epoch #373
2025-11-01 16:42:28.814 | INFO     | agents.servers.serverFedMSE:train_on_clients:32 - Training FedMSE model epoch #374
2025-11-01 16:42:33.994 | INFO     | agents.servers.serverFedMSE:train_on_clients:76 - 20 clients still training at epoch #374
2025-11-01 16:42:55.462 | INFO     | agents.servers.serverFedMSE:train_on_clients:32 - Training FedMSE model epoch #375
2025-11-01 16:43:00.609 | INFO     | agents.servers.serverFedMSE:train_on_clients:54 - Client 19 gets new best val_loss at epoch #375: 0.000688
2025-11-01 16:43:00.612 | INFO     | agents.servers.serverFedMSE:train_on_clients:76 - 20 clients still training at epoch #375
2025-11-01 16:43:22.151 | INFO     | agents.servers.serverFedMSE:train_on_clients:32 - Training FedMSE model epoch #376
2025-11-01 16:43:27.332 | INFO     | agents.servers.serverFedMSE:train_on_clients:76 - 20 clients still training at epoch #376
2025-11-01 16:43:48.834 | INFO     | agents.servers.serverFedMSE:train_on_clients:32 - Training FedMSE model epoch #377
2025-11-01 16:43:53.989 | INFO     | agents.servers.serverFedMSE:train_on_clients:76 - 20 clients still training at epoch #377
2025-11-01 16:44:15.534 | INFO     | agents.servers.serverFedMSE:train_on_clients:32 - Training FedMSE model epoch #378
2025-11-01 16:44:20.704 | INFO     | agents.servers.serverFedMSE:train_on_clients:76 - 20 clients still training at epoch #378
2025-11-01 16:44:42.172 | INFO     | agents.servers.serverFedMSE:train_on_clients:32 - Training FedMSE model epoch #379
2025-11-01 16:44:43.204 | INFO     | agents.servers.serverFedMSE:train_on_clients:54 - Client 3 gets new best val_loss at epoch #379: 0.000616
2025-11-01 16:44:47.312 | INFO     | agents.servers.serverFedMSE:train_on_clients:76 - 20 clients still training at epoch #379
2025-11-01 16:45:08.645 | INFO     | agents.servers.serverFedMSE:train_on_clients:32 - Training FedMSE model epoch #380
2025-11-01 16:45:08.906 | INFO     | agents.servers.serverFedMSE:train_on_clients:70 - Saved model for client 0 at epoch 380 -> saved_models/FedMSE/FedMSE/wsn_ds/epoch_380_client_0.pt
2025-11-01 16:45:09.166 | INFO     | agents.servers.serverFedMSE:train_on_clients:70 - Saved model for client 1 at epoch 380 -> saved_models/FedMSE/FedMSE/wsn_ds/epoch_380_client_1.pt
2025-11-01 16:45:09.431 | INFO     | agents.servers.serverFedMSE:train_on_clients:70 - Saved model for client 2 at epoch 380 -> saved_models/FedMSE/FedMSE/wsn_ds/epoch_380_client_2.pt
2025-11-01 16:45:09.696 | INFO     | agents.servers.serverFedMSE:train_on_clients:70 - Saved model for client 3 at epoch 380 -> saved_models/FedMSE/FedMSE/wsn_ds/epoch_380_client_3.pt
2025-11-01 16:45:09.957 | INFO     | agents.servers.serverFedMSE:train_on_clients:70 - Saved model for client 4 at epoch 380 -> saved_models/FedMSE/FedMSE/wsn_ds/epoch_380_client_4.pt
2025-11-01 16:45:10.214 | INFO     | agents.servers.serverFedMSE:train_on_clients:70 - Saved model for client 5 at epoch 380 -> saved_models/FedMSE/FedMSE/wsn_ds/epoch_380_client_5.pt
2025-11-01 16:45:10.474 | INFO     | agents.servers.serverFedMSE:train_on_clients:70 - Saved model for client 6 at epoch 380 -> saved_models/FedMSE/FedMSE/wsn_ds/epoch_380_client_6.pt
2025-11-01 16:45:10.743 | INFO     | agents.servers.serverFedMSE:train_on_clients:70 - Saved model for client 7 at epoch 380 -> saved_models/FedMSE/FedMSE/wsn_ds/epoch_380_client_7.pt
2025-11-01 16:45:11.009 | INFO     | agents.servers.serverFedMSE:train_on_clients:70 - Saved model for client 8 at epoch 380 -> saved_models/FedMSE/FedMSE/wsn_ds/epoch_380_client_8.pt
2025-11-01 16:45:11.272 | INFO     | agents.servers.serverFedMSE:train_on_clients:70 - Saved model for client 9 at epoch 380 -> saved_models/FedMSE/FedMSE/wsn_ds/epoch_380_client_9.pt
2025-11-01 16:45:11.535 | INFO     | agents.servers.serverFedMSE:train_on_clients:70 - Saved model for client 10 at epoch 380 -> saved_models/FedMSE/FedMSE/wsn_ds/epoch_380_client_10.pt
2025-11-01 16:45:11.794 | INFO     | agents.servers.serverFedMSE:train_on_clients:70 - Saved model for client 11 at epoch 380 -> saved_models/FedMSE/FedMSE/wsn_ds/epoch_380_client_11.pt
2025-11-01 16:45:12.058 | INFO     | agents.servers.serverFedMSE:train_on_clients:70 - Saved model for client 12 at epoch 380 -> saved_models/FedMSE/FedMSE/wsn_ds/epoch_380_client_12.pt
2025-11-01 16:45:12.319 | INFO     | agents.servers.serverFedMSE:train_on_clients:70 - Saved model for client 13 at epoch 380 -> saved_models/FedMSE/FedMSE/wsn_ds/epoch_380_client_13.pt
2025-11-01 16:45:12.582 | INFO     | agents.servers.serverFedMSE:train_on_clients:70 - Saved model for client 14 at epoch 380 -> saved_models/FedMSE/FedMSE/wsn_ds/epoch_380_client_14.pt
2025-11-01 16:45:12.846 | INFO     | agents.servers.serverFedMSE:train_on_clients:70 - Saved model for client 15 at epoch 380 -> saved_models/FedMSE/FedMSE/wsn_ds/epoch_380_client_15.pt
2025-11-01 16:45:13.108 | INFO     | agents.servers.serverFedMSE:train_on_clients:70 - Saved model for client 16 at epoch 380 -> saved_models/FedMSE/FedMSE/wsn_ds/epoch_380_client_16.pt
2025-11-01 16:45:13.374 | INFO     | agents.servers.serverFedMSE:train_on_clients:70 - Saved model for client 17 at epoch 380 -> saved_models/FedMSE/FedMSE/wsn_ds/epoch_380_client_17.pt
2025-11-01 16:45:13.638 | INFO     | agents.servers.serverFedMSE:train_on_clients:70 - Saved model for client 18 at epoch 380 -> saved_models/FedMSE/FedMSE/wsn_ds/epoch_380_client_18.pt
2025-11-01 16:45:13.901 | INFO     | agents.servers.serverFedMSE:train_on_clients:70 - Saved model for client 19 at epoch 380 -> saved_models/FedMSE/FedMSE/wsn_ds/epoch_380_client_19.pt
2025-11-01 16:45:13.904 | INFO     | agents.servers.serverFedMSE:train_on_clients:76 - 20 clients still training at epoch #380
2025-11-01 16:45:35.514 | INFO     | agents.servers.serverFedMSE:train_on_clients:32 - Training FedMSE model epoch #381
2025-11-01 16:45:40.692 | INFO     | agents.servers.serverFedMSE:train_on_clients:76 - 20 clients still training at epoch #381
2025-11-01 16:46:02.349 | INFO     | agents.servers.serverFedMSE:train_on_clients:32 - Training FedMSE model epoch #382
2025-11-01 16:46:07.477 | INFO     | agents.servers.serverFedMSE:train_on_clients:76 - 20 clients still training at epoch #382
2025-11-01 16:46:29.218 | INFO     | agents.servers.serverFedMSE:train_on_clients:32 - Training FedMSE model epoch #383
2025-11-01 16:46:34.375 | INFO     | agents.servers.serverFedMSE:train_on_clients:76 - 20 clients still training at epoch #383
2025-11-01 16:46:55.887 | INFO     | agents.servers.serverFedMSE:train_on_clients:32 - Training FedMSE model epoch #384
2025-11-01 16:47:01.074 | INFO     | agents.servers.serverFedMSE:train_on_clients:76 - 20 clients still training at epoch #384
2025-11-01 16:47:22.490 | INFO     | agents.servers.serverFedMSE:train_on_clients:32 - Training FedMSE model epoch #385
2025-11-01 16:47:27.680 | INFO     | agents.servers.serverFedMSE:train_on_clients:76 - 20 clients still training at epoch #385
2025-11-01 16:47:49.265 | INFO     | agents.servers.serverFedMSE:train_on_clients:32 - Training FedMSE model epoch #386
2025-11-01 16:47:54.485 | INFO     | agents.servers.serverFedMSE:train_on_clients:76 - 20 clients still training at epoch #386
2025-11-01 16:48:15.925 | INFO     | agents.servers.serverFedMSE:train_on_clients:32 - Training FedMSE model epoch #387
2025-11-01 16:48:21.122 | INFO     | agents.servers.serverFedMSE:train_on_clients:76 - 20 clients still training at epoch #387
2025-11-01 16:48:42.466 | INFO     | agents.servers.serverFedMSE:train_on_clients:32 - Training FedMSE model epoch #388
2025-11-01 16:48:47.615 | INFO     | agents.servers.serverFedMSE:train_on_clients:76 - 20 clients still training at epoch #388
2025-11-01 16:49:08.950 | INFO     | agents.servers.serverFedMSE:train_on_clients:32 - Training FedMSE model epoch #389
2025-11-01 16:49:10.486 | INFO     | agents.servers.serverFedMSE:train_on_clients:54 - Client 5 gets new best val_loss at epoch #389: 0.000611
2025-11-01 16:49:14.143 | INFO     | agents.servers.serverFedMSE:train_on_clients:76 - 20 clients still training at epoch #389
2025-11-01 16:49:35.557 | INFO     | agents.servers.serverFedMSE:train_on_clients:32 - Training FedMSE model epoch #390
2025-11-01 16:49:35.816 | INFO     | agents.servers.serverFedMSE:train_on_clients:70 - Saved model for client 0 at epoch 390 -> saved_models/FedMSE/FedMSE/wsn_ds/epoch_390_client_0.pt
2025-11-01 16:49:36.076 | INFO     | agents.servers.serverFedMSE:train_on_clients:70 - Saved model for client 1 at epoch 390 -> saved_models/FedMSE/FedMSE/wsn_ds/epoch_390_client_1.pt
2025-11-01 16:49:36.336 | INFO     | agents.servers.serverFedMSE:train_on_clients:70 - Saved model for client 2 at epoch 390 -> saved_models/FedMSE/FedMSE/wsn_ds/epoch_390_client_2.pt
2025-11-01 16:49:36.599 | INFO     | agents.servers.serverFedMSE:train_on_clients:70 - Saved model for client 3 at epoch 390 -> saved_models/FedMSE/FedMSE/wsn_ds/epoch_390_client_3.pt
2025-11-01 16:49:36.856 | INFO     | agents.servers.serverFedMSE:train_on_clients:70 - Saved model for client 4 at epoch 390 -> saved_models/FedMSE/FedMSE/wsn_ds/epoch_390_client_4.pt
2025-11-01 16:49:37.128 | INFO     | agents.servers.serverFedMSE:train_on_clients:70 - Saved model for client 5 at epoch 390 -> saved_models/FedMSE/FedMSE/wsn_ds/epoch_390_client_5.pt
2025-11-01 16:49:37.387 | INFO     | agents.servers.serverFedMSE:train_on_clients:70 - Saved model for client 6 at epoch 390 -> saved_models/FedMSE/FedMSE/wsn_ds/epoch_390_client_6.pt
2025-11-01 16:49:37.646 | INFO     | agents.servers.serverFedMSE:train_on_clients:70 - Saved model for client 7 at epoch 390 -> saved_models/FedMSE/FedMSE/wsn_ds/epoch_390_client_7.pt
2025-11-01 16:49:37.909 | INFO     | agents.servers.serverFedMSE:train_on_clients:70 - Saved model for client 8 at epoch 390 -> saved_models/FedMSE/FedMSE/wsn_ds/epoch_390_client_8.pt
2025-11-01 16:49:38.174 | INFO     | agents.servers.serverFedMSE:train_on_clients:70 - Saved model for client 9 at epoch 390 -> saved_models/FedMSE/FedMSE/wsn_ds/epoch_390_client_9.pt
2025-11-01 16:49:38.433 | INFO     | agents.servers.serverFedMSE:train_on_clients:70 - Saved model for client 10 at epoch 390 -> saved_models/FedMSE/FedMSE/wsn_ds/epoch_390_client_10.pt
2025-11-01 16:49:38.691 | INFO     | agents.servers.serverFedMSE:train_on_clients:70 - Saved model for client 11 at epoch 390 -> saved_models/FedMSE/FedMSE/wsn_ds/epoch_390_client_11.pt
2025-11-01 16:49:38.953 | INFO     | agents.servers.serverFedMSE:train_on_clients:70 - Saved model for client 12 at epoch 390 -> saved_models/FedMSE/FedMSE/wsn_ds/epoch_390_client_12.pt
2025-11-01 16:49:39.210 | INFO     | agents.servers.serverFedMSE:train_on_clients:70 - Saved model for client 13 at epoch 390 -> saved_models/FedMSE/FedMSE/wsn_ds/epoch_390_client_13.pt
2025-11-01 16:49:39.470 | INFO     | agents.servers.serverFedMSE:train_on_clients:70 - Saved model for client 14 at epoch 390 -> saved_models/FedMSE/FedMSE/wsn_ds/epoch_390_client_14.pt
2025-11-01 16:49:39.730 | INFO     | agents.servers.serverFedMSE:train_on_clients:70 - Saved model for client 15 at epoch 390 -> saved_models/FedMSE/FedMSE/wsn_ds/epoch_390_client_15.pt
2025-11-01 16:49:39.991 | INFO     | agents.servers.serverFedMSE:train_on_clients:70 - Saved model for client 16 at epoch 390 -> saved_models/FedMSE/FedMSE/wsn_ds/epoch_390_client_16.pt
2025-11-01 16:49:40.249 | INFO     | agents.servers.serverFedMSE:train_on_clients:70 - Saved model for client 17 at epoch 390 -> saved_models/FedMSE/FedMSE/wsn_ds/epoch_390_client_17.pt
2025-11-01 16:49:40.513 | INFO     | agents.servers.serverFedMSE:train_on_clients:54 - Client 18 gets new best val_loss at epoch #390: 0.000640
2025-11-01 16:49:40.515 | INFO     | agents.servers.serverFedMSE:train_on_clients:70 - Saved model for client 18 at epoch 390 -> saved_models/FedMSE/FedMSE/wsn_ds/epoch_390_client_18.pt
2025-11-01 16:49:40.781 | INFO     | agents.servers.serverFedMSE:train_on_clients:70 - Saved model for client 19 at epoch 390 -> saved_models/FedMSE/FedMSE/wsn_ds/epoch_390_client_19.pt
2025-11-01 16:49:40.784 | INFO     | agents.servers.serverFedMSE:train_on_clients:76 - 20 clients still training at epoch #390
2025-11-01 16:50:02.225 | INFO     | agents.servers.serverFedMSE:train_on_clients:32 - Training FedMSE model epoch #391
2025-11-01 16:50:03.531 | INFO     | agents.servers.serverFedMSE:train_on_clients:54 - Client 4 gets new best val_loss at epoch #391: 0.000599
2025-11-01 16:50:07.425 | INFO     | agents.servers.serverFedMSE:train_on_clients:76 - 20 clients still training at epoch #391
2025-11-01 16:50:28.737 | INFO     | agents.servers.serverFedMSE:train_on_clients:32 - Training FedMSE model epoch #392
2025-11-01 16:50:33.949 | INFO     | agents.servers.serverFedMSE:train_on_clients:76 - 20 clients still training at epoch #392
2025-11-01 16:50:55.201 | INFO     | agents.servers.serverFedMSE:train_on_clients:32 - Training FedMSE model epoch #393
2025-11-01 16:51:00.424 | INFO     | agents.servers.serverFedMSE:train_on_clients:76 - 20 clients still training at epoch #393
2025-11-01 16:51:21.751 | INFO     | agents.servers.serverFedMSE:train_on_clients:32 - Training FedMSE model epoch #394
2025-11-01 16:51:26.897 | INFO     | agents.servers.serverFedMSE:train_on_clients:76 - 20 clients still training at epoch #394
2025-11-01 16:51:48.242 | INFO     | agents.servers.serverFedMSE:train_on_clients:32 - Training FedMSE model epoch #395
2025-11-01 16:51:53.445 | INFO     | agents.servers.serverFedMSE:train_on_clients:76 - 20 clients still training at epoch #395
2025-11-01 16:52:14.754 | INFO     | agents.servers.serverFedMSE:train_on_clients:32 - Training FedMSE model epoch #396
2025-11-01 16:52:19.932 | INFO     | agents.servers.serverFedMSE:train_on_clients:76 - 20 clients still training at epoch #396
2025-11-01 16:52:41.395 | INFO     | agents.servers.serverFedMSE:train_on_clients:32 - Training FedMSE model epoch #397
2025-11-01 16:52:46.566 | INFO     | agents.servers.serverFedMSE:train_on_clients:76 - 20 clients still training at epoch #397
2025-11-01 16:53:08.031 | INFO     | agents.servers.serverFedMSE:train_on_clients:32 - Training FedMSE model epoch #398
2025-11-01 16:53:13.195 | INFO     | agents.servers.serverFedMSE:train_on_clients:76 - 20 clients still training at epoch #398
2025-11-01 16:53:34.698 | INFO     | agents.servers.serverFedMSE:train_on_clients:32 - Training FedMSE model epoch #399
2025-11-01 16:53:39.903 | INFO     | agents.servers.serverFedMSE:train_on_clients:76 - 20 clients still training at epoch #399
2025-11-01 16:54:01.393 | INFO     | agents.servers.serverFedMSE:train_on_clients:32 - Training FedMSE model epoch #400
2025-11-01 16:54:01.654 | INFO     | agents.servers.serverFedMSE:train_on_clients:70 - Saved model for client 0 at epoch 400 -> saved_models/FedMSE/FedMSE/wsn_ds/epoch_400_client_0.pt
2025-11-01 16:54:01.919 | INFO     | agents.servers.serverFedMSE:train_on_clients:70 - Saved model for client 1 at epoch 400 -> saved_models/FedMSE/FedMSE/wsn_ds/epoch_400_client_1.pt
2025-11-01 16:54:02.173 | INFO     | agents.servers.serverFedMSE:train_on_clients:70 - Saved model for client 2 at epoch 400 -> saved_models/FedMSE/FedMSE/wsn_ds/epoch_400_client_2.pt
2025-11-01 16:54:02.428 | INFO     | agents.servers.serverFedMSE:train_on_clients:70 - Saved model for client 3 at epoch 400 -> saved_models/FedMSE/FedMSE/wsn_ds/epoch_400_client_3.pt
2025-11-01 16:54:02.686 | INFO     | agents.servers.serverFedMSE:train_on_clients:70 - Saved model for client 4 at epoch 400 -> saved_models/FedMSE/FedMSE/wsn_ds/epoch_400_client_4.pt
2025-11-01 16:54:02.945 | INFO     | agents.servers.serverFedMSE:train_on_clients:70 - Saved model for client 5 at epoch 400 -> saved_models/FedMSE/FedMSE/wsn_ds/epoch_400_client_5.pt
2025-11-01 16:54:03.197 | INFO     | agents.servers.serverFedMSE:train_on_clients:70 - Saved model for client 6 at epoch 400 -> saved_models/FedMSE/FedMSE/wsn_ds/epoch_400_client_6.pt
2025-11-01 16:54:03.454 | INFO     | agents.servers.serverFedMSE:train_on_clients:70 - Saved model for client 7 at epoch 400 -> saved_models/FedMSE/FedMSE/wsn_ds/epoch_400_client_7.pt
2025-11-01 16:54:03.707 | INFO     | agents.servers.serverFedMSE:train_on_clients:70 - Saved model for client 8 at epoch 400 -> saved_models/FedMSE/FedMSE/wsn_ds/epoch_400_client_8.pt
2025-11-01 16:54:03.963 | INFO     | agents.servers.serverFedMSE:train_on_clients:70 - Saved model for client 9 at epoch 400 -> saved_models/FedMSE/FedMSE/wsn_ds/epoch_400_client_9.pt
2025-11-01 16:54:04.222 | INFO     | agents.servers.serverFedMSE:train_on_clients:70 - Saved model for client 10 at epoch 400 -> saved_models/FedMSE/FedMSE/wsn_ds/epoch_400_client_10.pt
2025-11-01 16:54:04.492 | INFO     | agents.servers.serverFedMSE:train_on_clients:70 - Saved model for client 11 at epoch 400 -> saved_models/FedMSE/FedMSE/wsn_ds/epoch_400_client_11.pt
2025-11-01 16:54:04.748 | INFO     | agents.servers.serverFedMSE:train_on_clients:70 - Saved model for client 12 at epoch 400 -> saved_models/FedMSE/FedMSE/wsn_ds/epoch_400_client_12.pt
2025-11-01 16:54:05.009 | INFO     | agents.servers.serverFedMSE:train_on_clients:70 - Saved model for client 13 at epoch 400 -> saved_models/FedMSE/FedMSE/wsn_ds/epoch_400_client_13.pt
2025-11-01 16:54:05.269 | INFO     | agents.servers.serverFedMSE:train_on_clients:70 - Saved model for client 14 at epoch 400 -> saved_models/FedMSE/FedMSE/wsn_ds/epoch_400_client_14.pt
2025-11-01 16:54:05.536 | INFO     | agents.servers.serverFedMSE:train_on_clients:70 - Saved model for client 15 at epoch 400 -> saved_models/FedMSE/FedMSE/wsn_ds/epoch_400_client_15.pt
2025-11-01 16:54:05.797 | INFO     | agents.servers.serverFedMSE:train_on_clients:70 - Saved model for client 16 at epoch 400 -> saved_models/FedMSE/FedMSE/wsn_ds/epoch_400_client_16.pt
2025-11-01 16:54:06.060 | INFO     | agents.servers.serverFedMSE:train_on_clients:70 - Saved model for client 17 at epoch 400 -> saved_models/FedMSE/FedMSE/wsn_ds/epoch_400_client_17.pt
2025-11-01 16:54:06.321 | INFO     | agents.servers.serverFedMSE:train_on_clients:70 - Saved model for client 18 at epoch 400 -> saved_models/FedMSE/FedMSE/wsn_ds/epoch_400_client_18.pt
2025-11-01 16:54:06.578 | INFO     | agents.servers.serverFedMSE:train_on_clients:70 - Saved model for client 19 at epoch 400 -> saved_models/FedMSE/FedMSE/wsn_ds/epoch_400_client_19.pt
2025-11-01 16:54:06.581 | INFO     | agents.servers.serverFedMSE:train_on_clients:76 - 20 clients still training at epoch #400
2025-11-01 16:54:27.763 | INFO     | agents.servers.serverFedMSE:train_on_clients:32 - Training FedMSE model epoch #401
2025-11-01 16:54:32.908 | INFO     | agents.servers.serverFedMSE:train_on_clients:76 - 20 clients still training at epoch #401
2025-11-01 16:54:54.105 | INFO     | agents.servers.serverFedMSE:train_on_clients:32 - Training FedMSE model epoch #402
2025-11-01 16:54:59.260 | INFO     | agents.servers.serverFedMSE:train_on_clients:76 - 20 clients still training at epoch #402
2025-11-01 16:55:20.616 | INFO     | agents.servers.serverFedMSE:train_on_clients:32 - Training FedMSE model epoch #403
2025-11-01 16:55:25.752 | INFO     | agents.servers.serverFedMSE:train_on_clients:76 - 20 clients still training at epoch #403
2025-11-01 16:55:46.963 | INFO     | agents.servers.serverFedMSE:train_on_clients:32 - Training FedMSE model epoch #404
2025-11-01 16:55:52.159 | INFO     | agents.servers.serverFedMSE:train_on_clients:76 - 20 clients still training at epoch #404
2025-11-01 16:56:13.261 | INFO     | agents.servers.serverFedMSE:train_on_clients:32 - Training FedMSE model epoch #405
2025-11-01 16:56:18.393 | INFO     | agents.servers.serverFedMSE:train_on_clients:76 - 20 clients still training at epoch #405
2025-11-01 16:56:39.735 | INFO     | agents.servers.serverFedMSE:train_on_clients:32 - Training FedMSE model epoch #406
2025-11-01 16:56:44.903 | INFO     | agents.servers.serverFedMSE:train_on_clients:76 - 20 clients still training at epoch #406
2025-11-01 16:57:06.000 | INFO     | agents.servers.serverFedMSE:train_on_clients:32 - Training FedMSE model epoch #407
2025-11-01 16:57:11.159 | INFO     | agents.servers.serverFedMSE:train_on_clients:76 - 20 clients still training at epoch #407
2025-11-01 16:57:32.174 | INFO     | agents.servers.serverFedMSE:train_on_clients:32 - Training FedMSE model epoch #408
2025-11-01 16:57:37.317 | INFO     | agents.servers.serverFedMSE:train_on_clients:76 - 20 clients still training at epoch #408
2025-11-01 16:57:58.495 | INFO     | agents.servers.serverFedMSE:train_on_clients:32 - Training FedMSE model epoch #409
2025-11-01 16:58:02.590 | INFO     | agents.servers.serverFedMSE:train_on_clients:54 - Client 15 gets new best val_loss at epoch #409: 0.000629
2025-11-01 16:58:03.616 | INFO     | agents.servers.serverFedMSE:train_on_clients:76 - 20 clients still training at epoch #409
2025-11-01 16:58:24.355 | INFO     | agents.servers.serverFedMSE:train_on_clients:32 - Training FedMSE model epoch #410
2025-11-01 16:58:24.615 | INFO     | agents.servers.serverFedMSE:train_on_clients:70 - Saved model for client 0 at epoch 410 -> saved_models/FedMSE/FedMSE/wsn_ds/epoch_410_client_0.pt
2025-11-01 16:58:24.874 | INFO     | agents.servers.serverFedMSE:train_on_clients:70 - Saved model for client 1 at epoch 410 -> saved_models/FedMSE/FedMSE/wsn_ds/epoch_410_client_1.pt
2025-11-01 16:58:25.131 | INFO     | agents.servers.serverFedMSE:train_on_clients:70 - Saved model for client 2 at epoch 410 -> saved_models/FedMSE/FedMSE/wsn_ds/epoch_410_client_2.pt
2025-11-01 16:58:25.386 | INFO     | agents.servers.serverFedMSE:train_on_clients:70 - Saved model for client 3 at epoch 410 -> saved_models/FedMSE/FedMSE/wsn_ds/epoch_410_client_3.pt
2025-11-01 16:58:25.644 | INFO     | agents.servers.serverFedMSE:train_on_clients:70 - Saved model for client 4 at epoch 410 -> saved_models/FedMSE/FedMSE/wsn_ds/epoch_410_client_4.pt
2025-11-01 16:58:25.900 | INFO     | agents.servers.serverFedMSE:train_on_clients:70 - Saved model for client 5 at epoch 410 -> saved_models/FedMSE/FedMSE/wsn_ds/epoch_410_client_5.pt
2025-11-01 16:58:26.163 | INFO     | agents.servers.serverFedMSE:train_on_clients:70 - Saved model for client 6 at epoch 410 -> saved_models/FedMSE/FedMSE/wsn_ds/epoch_410_client_6.pt
2025-11-01 16:58:26.418 | INFO     | agents.servers.serverFedMSE:train_on_clients:70 - Saved model for client 7 at epoch 410 -> saved_models/FedMSE/FedMSE/wsn_ds/epoch_410_client_7.pt
2025-11-01 16:58:26.673 | INFO     | agents.servers.serverFedMSE:train_on_clients:70 - Saved model for client 8 at epoch 410 -> saved_models/FedMSE/FedMSE/wsn_ds/epoch_410_client_8.pt
2025-11-01 16:58:26.932 | INFO     | agents.servers.serverFedMSE:train_on_clients:70 - Saved model for client 9 at epoch 410 -> saved_models/FedMSE/FedMSE/wsn_ds/epoch_410_client_9.pt
2025-11-01 16:58:27.190 | INFO     | agents.servers.serverFedMSE:train_on_clients:70 - Saved model for client 10 at epoch 410 -> saved_models/FedMSE/FedMSE/wsn_ds/epoch_410_client_10.pt
2025-11-01 16:58:27.448 | INFO     | agents.servers.serverFedMSE:train_on_clients:70 - Saved model for client 11 at epoch 410 -> saved_models/FedMSE/FedMSE/wsn_ds/epoch_410_client_11.pt
2025-11-01 16:58:27.705 | INFO     | agents.servers.serverFedMSE:train_on_clients:70 - Saved model for client 12 at epoch 410 -> saved_models/FedMSE/FedMSE/wsn_ds/epoch_410_client_12.pt
2025-11-01 16:58:27.959 | INFO     | agents.servers.serverFedMSE:train_on_clients:70 - Saved model for client 13 at epoch 410 -> saved_models/FedMSE/FedMSE/wsn_ds/epoch_410_client_13.pt
2025-11-01 16:58:28.217 | INFO     | agents.servers.serverFedMSE:train_on_clients:70 - Saved model for client 14 at epoch 410 -> saved_models/FedMSE/FedMSE/wsn_ds/epoch_410_client_14.pt
2025-11-01 16:58:28.477 | INFO     | agents.servers.serverFedMSE:train_on_clients:70 - Saved model for client 15 at epoch 410 -> saved_models/FedMSE/FedMSE/wsn_ds/epoch_410_client_15.pt
2025-11-01 16:58:28.742 | INFO     | agents.servers.serverFedMSE:train_on_clients:70 - Saved model for client 16 at epoch 410 -> saved_models/FedMSE/FedMSE/wsn_ds/epoch_410_client_16.pt
2025-11-01 16:58:29.000 | INFO     | agents.servers.serverFedMSE:train_on_clients:70 - Saved model for client 17 at epoch 410 -> saved_models/FedMSE/FedMSE/wsn_ds/epoch_410_client_17.pt
2025-11-01 16:58:29.256 | INFO     | agents.servers.serverFedMSE:train_on_clients:70 - Saved model for client 18 at epoch 410 -> saved_models/FedMSE/FedMSE/wsn_ds/epoch_410_client_18.pt
2025-11-01 16:58:29.515 | INFO     | agents.servers.serverFedMSE:train_on_clients:70 - Saved model for client 19 at epoch 410 -> saved_models/FedMSE/FedMSE/wsn_ds/epoch_410_client_19.pt
2025-11-01 16:58:29.518 | INFO     | agents.servers.serverFedMSE:train_on_clients:76 - 20 clients still training at epoch #410
2025-11-01 16:58:50.711 | INFO     | agents.servers.serverFedMSE:train_on_clients:32 - Training FedMSE model epoch #411
2025-11-01 16:58:50.970 | INFO     | agents.servers.serverFedMSE:train_on_clients:54 - Client 0 gets new best val_loss at epoch #411: 0.000571
2025-11-01 16:58:55.863 | INFO     | agents.servers.serverFedMSE:train_on_clients:76 - 20 clients still training at epoch #411
2025-11-01 16:59:16.936 | INFO     | agents.servers.serverFedMSE:train_on_clients:32 - Training FedMSE model epoch #412
2025-11-01 16:59:17.203 | INFO     | agents.servers.serverFedMSE:train_on_clients:54 - Client 0 gets new best val_loss at epoch #412: 0.000570
2025-11-01 16:59:19.251 | INFO     | agents.servers.serverFedMSE:train_on_clients:54 - Client 8 gets new best val_loss at epoch #412: 0.000633
2025-11-01 16:59:22.082 | INFO     | agents.servers.serverFedMSE:train_on_clients:76 - 20 clients still training at epoch #412
2025-11-01 16:59:43.012 | INFO     | agents.servers.serverFedMSE:train_on_clients:32 - Training FedMSE model epoch #413
2025-11-01 16:59:43.278 | INFO     | agents.servers.serverFedMSE:train_on_clients:54 - Client 0 gets new best val_loss at epoch #413: 0.000569
2025-11-01 16:59:48.202 | INFO     | agents.servers.serverFedMSE:train_on_clients:76 - 20 clients still training at epoch #413
2025-11-01 17:00:09.415 | INFO     | agents.servers.serverFedMSE:train_on_clients:32 - Training FedMSE model epoch #414
2025-11-01 17:00:14.555 | INFO     | agents.servers.serverFedMSE:train_on_clients:76 - 20 clients still training at epoch #414
2025-11-01 17:00:35.737 | INFO     | agents.servers.serverFedMSE:train_on_clients:32 - Training FedMSE model epoch #415
2025-11-01 17:00:35.999 | INFO     | agents.servers.serverFedMSE:train_on_clients:54 - Client 0 gets new best val_loss at epoch #415: 0.000568
2025-11-01 17:00:40.908 | INFO     | agents.servers.serverFedMSE:train_on_clients:54 - Client 19 gets new best val_loss at epoch #415: 0.000688
2025-11-01 17:00:40.911 | INFO     | agents.servers.serverFedMSE:train_on_clients:76 - 20 clients still training at epoch #415
2025-11-01 17:01:01.996 | INFO     | agents.servers.serverFedMSE:train_on_clients:32 - Training FedMSE model epoch #416
2025-11-01 17:01:02.260 | INFO     | agents.servers.serverFedMSE:train_on_clients:54 - Client 0 gets new best val_loss at epoch #416: 0.000568
2025-11-01 17:01:07.146 | INFO     | agents.servers.serverFedMSE:train_on_clients:54 - Client 19 gets new best val_loss at epoch #416: 0.000686
2025-11-01 17:01:07.149 | INFO     | agents.servers.serverFedMSE:train_on_clients:76 - 20 clients still training at epoch #416
2025-11-01 17:01:28.111 | INFO     | agents.servers.serverFedMSE:train_on_clients:32 - Training FedMSE model epoch #417
2025-11-01 17:01:33.290 | INFO     | agents.servers.serverFedMSE:train_on_clients:76 - 20 clients still training at epoch #417
2025-11-01 17:01:54.184 | INFO     | agents.servers.serverFedMSE:train_on_clients:32 - Training FedMSE model epoch #418
2025-11-01 17:01:59.314 | INFO     | agents.servers.serverFedMSE:train_on_clients:76 - 20 clients still training at epoch #418
2025-11-01 17:02:20.112 | INFO     | agents.servers.serverFedMSE:train_on_clients:32 - Training FedMSE model epoch #419
2025-11-01 17:02:25.263 | INFO     | agents.servers.serverFedMSE:train_on_clients:76 - 20 clients still training at epoch #419
2025-11-01 17:02:46.166 | INFO     | agents.servers.serverFedMSE:train_on_clients:32 - Training FedMSE model epoch #420
2025-11-01 17:02:46.429 | INFO     | agents.servers.serverFedMSE:train_on_clients:70 - Saved model for client 0 at epoch 420 -> saved_models/FedMSE/FedMSE/wsn_ds/epoch_420_client_0.pt
2025-11-01 17:02:46.686 | INFO     | agents.servers.serverFedMSE:train_on_clients:70 - Saved model for client 1 at epoch 420 -> saved_models/FedMSE/FedMSE/wsn_ds/epoch_420_client_1.pt
2025-11-01 17:02:46.950 | INFO     | agents.servers.serverFedMSE:train_on_clients:70 - Saved model for client 2 at epoch 420 -> saved_models/FedMSE/FedMSE/wsn_ds/epoch_420_client_2.pt
2025-11-01 17:02:47.210 | INFO     | agents.servers.serverFedMSE:train_on_clients:70 - Saved model for client 3 at epoch 420 -> saved_models/FedMSE/FedMSE/wsn_ds/epoch_420_client_3.pt
2025-11-01 17:02:47.471 | INFO     | agents.servers.serverFedMSE:train_on_clients:70 - Saved model for client 4 at epoch 420 -> saved_models/FedMSE/FedMSE/wsn_ds/epoch_420_client_4.pt
2025-11-01 17:02:47.733 | INFO     | agents.servers.serverFedMSE:train_on_clients:70 - Saved model for client 5 at epoch 420 -> saved_models/FedMSE/FedMSE/wsn_ds/epoch_420_client_5.pt
2025-11-01 17:02:47.992 | INFO     | agents.servers.serverFedMSE:train_on_clients:70 - Saved model for client 6 at epoch 420 -> saved_models/FedMSE/FedMSE/wsn_ds/epoch_420_client_6.pt
2025-11-01 17:02:48.257 | INFO     | agents.servers.serverFedMSE:train_on_clients:70 - Saved model for client 7 at epoch 420 -> saved_models/FedMSE/FedMSE/wsn_ds/epoch_420_client_7.pt
2025-11-01 17:02:48.519 | INFO     | agents.servers.serverFedMSE:train_on_clients:70 - Saved model for client 8 at epoch 420 -> saved_models/FedMSE/FedMSE/wsn_ds/epoch_420_client_8.pt
2025-11-01 17:02:48.777 | INFO     | agents.servers.serverFedMSE:train_on_clients:70 - Saved model for client 9 at epoch 420 -> saved_models/FedMSE/FedMSE/wsn_ds/epoch_420_client_9.pt
2025-11-01 17:02:49.033 | INFO     | agents.servers.serverFedMSE:train_on_clients:70 - Saved model for client 10 at epoch 420 -> saved_models/FedMSE/FedMSE/wsn_ds/epoch_420_client_10.pt
2025-11-01 17:02:49.293 | INFO     | agents.servers.serverFedMSE:train_on_clients:70 - Saved model for client 11 at epoch 420 -> saved_models/FedMSE/FedMSE/wsn_ds/epoch_420_client_11.pt
2025-11-01 17:02:49.551 | INFO     | agents.servers.serverFedMSE:train_on_clients:70 - Saved model for client 12 at epoch 420 -> saved_models/FedMSE/FedMSE/wsn_ds/epoch_420_client_12.pt
2025-11-01 17:02:49.809 | INFO     | agents.servers.serverFedMSE:train_on_clients:70 - Saved model for client 13 at epoch 420 -> saved_models/FedMSE/FedMSE/wsn_ds/epoch_420_client_13.pt
2025-11-01 17:02:50.069 | INFO     | agents.servers.serverFedMSE:train_on_clients:70 - Saved model for client 14 at epoch 420 -> saved_models/FedMSE/FedMSE/wsn_ds/epoch_420_client_14.pt
2025-11-01 17:02:50.323 | INFO     | agents.servers.serverFedMSE:train_on_clients:70 - Saved model for client 15 at epoch 420 -> saved_models/FedMSE/FedMSE/wsn_ds/epoch_420_client_15.pt
2025-11-01 17:02:50.582 | INFO     | agents.servers.serverFedMSE:train_on_clients:70 - Saved model for client 16 at epoch 420 -> saved_models/FedMSE/FedMSE/wsn_ds/epoch_420_client_16.pt
2025-11-01 17:02:50.841 | INFO     | agents.servers.serverFedMSE:train_on_clients:70 - Saved model for client 17 at epoch 420 -> saved_models/FedMSE/FedMSE/wsn_ds/epoch_420_client_17.pt
2025-11-01 17:02:51.099 | INFO     | agents.servers.serverFedMSE:train_on_clients:70 - Saved model for client 18 at epoch 420 -> saved_models/FedMSE/FedMSE/wsn_ds/epoch_420_client_18.pt
2025-11-01 17:02:51.358 | INFO     | agents.servers.serverFedMSE:train_on_clients:70 - Saved model for client 19 at epoch 420 -> saved_models/FedMSE/FedMSE/wsn_ds/epoch_420_client_19.pt
2025-11-01 17:02:51.360 | INFO     | agents.servers.serverFedMSE:train_on_clients:76 - 20 clients still training at epoch #420
2025-11-01 17:03:12.153 | INFO     | agents.servers.serverFedMSE:train_on_clients:32 - Training FedMSE model epoch #421
2025-11-01 17:03:17.288 | INFO     | agents.servers.serverFedMSE:train_on_clients:76 - 20 clients still training at epoch #421
2025-11-01 17:03:38.160 | INFO     | agents.servers.serverFedMSE:train_on_clients:32 - Training FedMSE model epoch #422
2025-11-01 17:03:43.312 | INFO     | agents.servers.serverFedMSE:train_on_clients:76 - 20 clients still training at epoch #422
2025-11-01 17:04:04.240 | INFO     | agents.servers.serverFedMSE:train_on_clients:32 - Training FedMSE model epoch #423
2025-11-01 17:04:09.349 | INFO     | agents.servers.serverFedMSE:train_on_clients:76 - 20 clients still training at epoch #423
2025-11-01 17:04:30.553 | INFO     | agents.servers.serverFedMSE:train_on_clients:32 - Training FedMSE model epoch #424
2025-11-01 17:04:35.704 | INFO     | agents.servers.serverFedMSE:train_on_clients:76 - 20 clients still training at epoch #424
2025-11-01 17:04:56.619 | INFO     | agents.servers.serverFedMSE:train_on_clients:32 - Training FedMSE model epoch #425
2025-11-01 17:04:59.691 | INFO     | agents.servers.serverFedMSE:train_on_clients:54 - Client 11 gets new best val_loss at epoch #425: 0.000634
2025-11-01 17:05:01.731 | INFO     | agents.servers.serverFedMSE:train_on_clients:76 - 20 clients still training at epoch #425
2025-11-01 17:05:22.530 | INFO     | agents.servers.serverFedMSE:train_on_clients:32 - Training FedMSE model epoch #426
2025-11-01 17:05:27.689 | INFO     | agents.servers.serverFedMSE:train_on_clients:76 - 20 clients still training at epoch #426
2025-11-01 17:05:48.612 | INFO     | agents.servers.serverFedMSE:train_on_clients:32 - Training FedMSE model epoch #427
2025-11-01 17:05:53.716 | INFO     | agents.servers.serverFedMSE:train_on_clients:76 - 20 clients still training at epoch #427
2025-11-01 17:06:14.696 | INFO     | agents.servers.serverFedMSE:train_on_clients:32 - Training FedMSE model epoch #428
2025-11-01 17:06:15.215 | INFO     | agents.servers.serverFedMSE:train_on_clients:54 - Client 1 gets new best val_loss at epoch #428: 0.000657
2025-11-01 17:06:19.857 | INFO     | agents.servers.serverFedMSE:train_on_clients:76 - 20 clients still training at epoch #428
2025-11-01 17:06:40.663 | INFO     | agents.servers.serverFedMSE:train_on_clients:32 - Training FedMSE model epoch #429
2025-11-01 17:06:41.181 | INFO     | agents.servers.serverFedMSE:train_on_clients:54 - Client 1 gets new best val_loss at epoch #429: 0.000650
2025-11-01 17:06:44.529 | INFO     | agents.servers.serverFedMSE:train_on_clients:54 - Client 14 gets new best val_loss at epoch #429: 0.000693
2025-11-01 17:06:45.814 | INFO     | agents.servers.serverFedMSE:train_on_clients:76 - 20 clients still training at epoch #429
2025-11-01 17:07:06.853 | INFO     | agents.servers.serverFedMSE:train_on_clients:32 - Training FedMSE model epoch #430
2025-11-01 17:07:07.138 | INFO     | agents.servers.serverFedMSE:train_on_clients:70 - Saved model for client 0 at epoch 430 -> saved_models/FedMSE/FedMSE/wsn_ds/epoch_430_client_0.pt
2025-11-01 17:07:07.394 | INFO     | agents.servers.serverFedMSE:train_on_clients:70 - Saved model for client 1 at epoch 430 -> saved_models/FedMSE/FedMSE/wsn_ds/epoch_430_client_1.pt
2025-11-01 17:07:07.653 | INFO     | agents.servers.serverFedMSE:train_on_clients:70 - Saved model for client 2 at epoch 430 -> saved_models/FedMSE/FedMSE/wsn_ds/epoch_430_client_2.pt
2025-11-01 17:07:07.913 | INFO     | agents.servers.serverFedMSE:train_on_clients:70 - Saved model for client 3 at epoch 430 -> saved_models/FedMSE/FedMSE/wsn_ds/epoch_430_client_3.pt
2025-11-01 17:07:08.172 | INFO     | agents.servers.serverFedMSE:train_on_clients:70 - Saved model for client 4 at epoch 430 -> saved_models/FedMSE/FedMSE/wsn_ds/epoch_430_client_4.pt
2025-11-01 17:07:08.425 | INFO     | agents.servers.serverFedMSE:train_on_clients:70 - Saved model for client 5 at epoch 430 -> saved_models/FedMSE/FedMSE/wsn_ds/epoch_430_client_5.pt
2025-11-01 17:07:08.687 | INFO     | agents.servers.serverFedMSE:train_on_clients:54 - Client 6 gets new best val_loss at epoch #430: 0.000685
2025-11-01 17:07:08.689 | INFO     | agents.servers.serverFedMSE:train_on_clients:70 - Saved model for client 6 at epoch 430 -> saved_models/FedMSE/FedMSE/wsn_ds/epoch_430_client_6.pt
2025-11-01 17:07:08.948 | INFO     | agents.servers.serverFedMSE:train_on_clients:70 - Saved model for client 7 at epoch 430 -> saved_models/FedMSE/FedMSE/wsn_ds/epoch_430_client_7.pt
2025-11-01 17:07:09.207 | INFO     | agents.servers.serverFedMSE:train_on_clients:70 - Saved model for client 8 at epoch 430 -> saved_models/FedMSE/FedMSE/wsn_ds/epoch_430_client_8.pt
2025-11-01 17:07:09.469 | INFO     | agents.servers.serverFedMSE:train_on_clients:70 - Saved model for client 9 at epoch 430 -> saved_models/FedMSE/FedMSE/wsn_ds/epoch_430_client_9.pt
2025-11-01 17:07:09.726 | INFO     | agents.servers.serverFedMSE:train_on_clients:70 - Saved model for client 10 at epoch 430 -> saved_models/FedMSE/FedMSE/wsn_ds/epoch_430_client_10.pt
2025-11-01 17:07:09.989 | INFO     | agents.servers.serverFedMSE:train_on_clients:70 - Saved model for client 11 at epoch 430 -> saved_models/FedMSE/FedMSE/wsn_ds/epoch_430_client_11.pt
2025-11-01 17:07:10.246 | INFO     | agents.servers.serverFedMSE:train_on_clients:70 - Saved model for client 12 at epoch 430 -> saved_models/FedMSE/FedMSE/wsn_ds/epoch_430_client_12.pt
2025-11-01 17:07:10.501 | INFO     | agents.servers.serverFedMSE:train_on_clients:70 - Saved model for client 13 at epoch 430 -> saved_models/FedMSE/FedMSE/wsn_ds/epoch_430_client_13.pt
2025-11-01 17:07:10.762 | INFO     | agents.servers.serverFedMSE:train_on_clients:54 - Client 14 gets new best val_loss at epoch #430: 0.000690
2025-11-01 17:07:10.763 | INFO     | agents.servers.serverFedMSE:train_on_clients:70 - Saved model for client 14 at epoch 430 -> saved_models/FedMSE/FedMSE/wsn_ds/epoch_430_client_14.pt
2025-11-01 17:07:11.021 | INFO     | agents.servers.serverFedMSE:train_on_clients:70 - Saved model for client 15 at epoch 430 -> saved_models/FedMSE/FedMSE/wsn_ds/epoch_430_client_15.pt
2025-11-01 17:07:11.280 | INFO     | agents.servers.serverFedMSE:train_on_clients:70 - Saved model for client 16 at epoch 430 -> saved_models/FedMSE/FedMSE/wsn_ds/epoch_430_client_16.pt
2025-11-01 17:07:11.542 | INFO     | agents.servers.serverFedMSE:train_on_clients:70 - Saved model for client 17 at epoch 430 -> saved_models/FedMSE/FedMSE/wsn_ds/epoch_430_client_17.pt
2025-11-01 17:07:11.801 | INFO     | agents.servers.serverFedMSE:train_on_clients:70 - Saved model for client 18 at epoch 430 -> saved_models/FedMSE/FedMSE/wsn_ds/epoch_430_client_18.pt
2025-11-01 17:07:12.066 | INFO     | agents.servers.serverFedMSE:train_on_clients:70 - Saved model for client 19 at epoch 430 -> saved_models/FedMSE/FedMSE/wsn_ds/epoch_430_client_19.pt
2025-11-01 17:07:12.068 | INFO     | agents.servers.serverFedMSE:train_on_clients:76 - 20 clients still training at epoch #430
2025-11-01 17:07:33.044 | INFO     | agents.servers.serverFedMSE:train_on_clients:32 - Training FedMSE model epoch #431
2025-11-01 17:07:34.862 | INFO     | agents.servers.serverFedMSE:train_on_clients:54 - Client 6 gets new best val_loss at epoch #431: 0.000680
2025-11-01 17:07:36.929 | INFO     | agents.servers.serverFedMSE:train_on_clients:54 - Client 14 gets new best val_loss at epoch #431: 0.000690
2025-11-01 17:07:38.223 | INFO     | agents.servers.serverFedMSE:train_on_clients:76 - 20 clients still training at epoch #431
2025-11-01 17:07:59.202 | INFO     | agents.servers.serverFedMSE:train_on_clients:32 - Training FedMSE model epoch #432
2025-11-01 17:08:01.017 | INFO     | agents.servers.serverFedMSE:train_on_clients:54 - Client 6 gets new best val_loss at epoch #432: 0.000680
2025-11-01 17:08:03.084 | INFO     | agents.servers.serverFedMSE:train_on_clients:54 - Client 14 gets new best val_loss at epoch #432: 0.000688
2025-11-01 17:08:04.363 | INFO     | agents.servers.serverFedMSE:train_on_clients:76 - 20 clients still training at epoch #432
2025-11-01 17:08:25.254 | INFO     | agents.servers.serverFedMSE:train_on_clients:32 - Training FedMSE model epoch #433
2025-11-01 17:08:27.055 | INFO     | agents.servers.serverFedMSE:train_on_clients:54 - Client 6 gets new best val_loss at epoch #433: 0.000679
2025-11-01 17:08:29.128 | INFO     | agents.servers.serverFedMSE:train_on_clients:54 - Client 14 gets new best val_loss at epoch #433: 0.000688
2025-11-01 17:08:30.408 | INFO     | agents.servers.serverFedMSE:train_on_clients:76 - 20 clients still training at epoch #433
2025-11-01 17:08:51.306 | INFO     | agents.servers.serverFedMSE:train_on_clients:32 - Training FedMSE model epoch #434
2025-11-01 17:08:52.339 | INFO     | agents.servers.serverFedMSE:train_on_clients:54 - Client 3 gets new best val_loss at epoch #434: 0.000614
2025-11-01 17:08:53.113 | INFO     | agents.servers.serverFedMSE:train_on_clients:54 - Client 6 gets new best val_loss at epoch #434: 0.000678
2025-11-01 17:08:54.406 | INFO     | agents.servers.serverFedMSE:train_on_clients:54 - Client 11 gets new best val_loss at epoch #434: 0.000633
2025-11-01 17:08:55.180 | INFO     | agents.servers.serverFedMSE:train_on_clients:54 - Client 14 gets new best val_loss at epoch #434: 0.000688
2025-11-01 17:08:56.469 | INFO     | agents.servers.serverFedMSE:train_on_clients:76 - 20 clients still training at epoch #434
2025-11-01 17:09:17.376 | INFO     | agents.servers.serverFedMSE:train_on_clients:32 - Training FedMSE model epoch #435
2025-11-01 17:09:19.210 | INFO     | agents.servers.serverFedMSE:train_on_clients:54 - Client 6 gets new best val_loss at epoch #435: 0.000678
2025-11-01 17:09:22.576 | INFO     | agents.servers.serverFedMSE:train_on_clients:76 - 20 clients still training at epoch #435
2025-11-01 17:09:43.624 | INFO     | agents.servers.serverFedMSE:train_on_clients:32 - Training FedMSE model epoch #436
2025-11-01 17:09:48.773 | INFO     | agents.servers.serverFedMSE:train_on_clients:76 - 20 clients still training at epoch #436
2025-11-01 17:10:09.841 | INFO     | agents.servers.serverFedMSE:train_on_clients:32 - Training FedMSE model epoch #437
2025-11-01 17:10:14.034 | INFO     | agents.servers.serverFedMSE:train_on_clients:54 - Client 15 gets new best val_loss at epoch #437: 0.000622
2025-11-01 17:10:15.108 | INFO     | agents.servers.serverFedMSE:train_on_clients:76 - 20 clients still training at epoch #437
2025-11-01 17:10:36.212 | INFO     | agents.servers.serverFedMSE:train_on_clients:32 - Training FedMSE model epoch #438
2025-11-01 17:10:37.777 | INFO     | agents.servers.serverFedMSE:train_on_clients:54 - Client 5 gets new best val_loss at epoch #438: 0.000610
2025-11-01 17:10:40.382 | INFO     | agents.servers.serverFedMSE:train_on_clients:54 - Client 15 gets new best val_loss at epoch #438: 0.000620
2025-11-01 17:10:41.416 | INFO     | agents.servers.serverFedMSE:train_on_clients:76 - 20 clients still training at epoch #438
2025-11-01 17:11:02.310 | INFO     | agents.servers.serverFedMSE:train_on_clients:32 - Training FedMSE model epoch #439
2025-11-01 17:11:07.488 | INFO     | agents.servers.serverFedMSE:train_on_clients:76 - 20 clients still training at epoch #439
2025-11-01 17:11:28.386 | INFO     | agents.servers.serverFedMSE:train_on_clients:32 - Training FedMSE model epoch #440
2025-11-01 17:11:28.652 | INFO     | agents.servers.serverFedMSE:train_on_clients:70 - Saved model for client 0 at epoch 440 -> saved_models/FedMSE/FedMSE/wsn_ds/epoch_440_client_0.pt
2025-11-01 17:11:28.919 | INFO     | agents.servers.serverFedMSE:train_on_clients:70 - Saved model for client 1 at epoch 440 -> saved_models/FedMSE/FedMSE/wsn_ds/epoch_440_client_1.pt
2025-11-01 17:11:29.191 | INFO     | agents.servers.serverFedMSE:train_on_clients:70 - Saved model for client 2 at epoch 440 -> saved_models/FedMSE/FedMSE/wsn_ds/epoch_440_client_2.pt
2025-11-01 17:11:29.450 | INFO     | agents.servers.serverFedMSE:train_on_clients:70 - Saved model for client 3 at epoch 440 -> saved_models/FedMSE/FedMSE/wsn_ds/epoch_440_client_3.pt
2025-11-01 17:11:29.710 | INFO     | agents.servers.serverFedMSE:train_on_clients:70 - Saved model for client 4 at epoch 440 -> saved_models/FedMSE/FedMSE/wsn_ds/epoch_440_client_4.pt
2025-11-01 17:11:29.969 | INFO     | agents.servers.serverFedMSE:train_on_clients:70 - Saved model for client 5 at epoch 440 -> saved_models/FedMSE/FedMSE/wsn_ds/epoch_440_client_5.pt
2025-11-01 17:11:30.228 | INFO     | agents.servers.serverFedMSE:train_on_clients:70 - Saved model for client 6 at epoch 440 -> saved_models/FedMSE/FedMSE/wsn_ds/epoch_440_client_6.pt
2025-11-01 17:11:30.489 | INFO     | agents.servers.serverFedMSE:train_on_clients:70 - Saved model for client 7 at epoch 440 -> saved_models/FedMSE/FedMSE/wsn_ds/epoch_440_client_7.pt
2025-11-01 17:11:30.750 | INFO     | agents.servers.serverFedMSE:train_on_clients:70 - Saved model for client 8 at epoch 440 -> saved_models/FedMSE/FedMSE/wsn_ds/epoch_440_client_8.pt
2025-11-01 17:11:31.015 | INFO     | agents.servers.serverFedMSE:train_on_clients:70 - Saved model for client 9 at epoch 440 -> saved_models/FedMSE/FedMSE/wsn_ds/epoch_440_client_9.pt
2025-11-01 17:11:31.275 | INFO     | agents.servers.serverFedMSE:train_on_clients:70 - Saved model for client 10 at epoch 440 -> saved_models/FedMSE/FedMSE/wsn_ds/epoch_440_client_10.pt
2025-11-01 17:11:31.536 | INFO     | agents.servers.serverFedMSE:train_on_clients:70 - Saved model for client 11 at epoch 440 -> saved_models/FedMSE/FedMSE/wsn_ds/epoch_440_client_11.pt
2025-11-01 17:11:31.793 | INFO     | agents.servers.serverFedMSE:train_on_clients:70 - Saved model for client 12 at epoch 440 -> saved_models/FedMSE/FedMSE/wsn_ds/epoch_440_client_12.pt
2025-11-01 17:11:32.052 | INFO     | agents.servers.serverFedMSE:train_on_clients:70 - Saved model for client 13 at epoch 440 -> saved_models/FedMSE/FedMSE/wsn_ds/epoch_440_client_13.pt
2025-11-01 17:11:32.310 | INFO     | agents.servers.serverFedMSE:train_on_clients:70 - Saved model for client 14 at epoch 440 -> saved_models/FedMSE/FedMSE/wsn_ds/epoch_440_client_14.pt
2025-11-01 17:11:32.570 | INFO     | agents.servers.serverFedMSE:train_on_clients:70 - Saved model for client 15 at epoch 440 -> saved_models/FedMSE/FedMSE/wsn_ds/epoch_440_client_15.pt
2025-11-01 17:11:32.829 | INFO     | agents.servers.serverFedMSE:train_on_clients:70 - Saved model for client 16 at epoch 440 -> saved_models/FedMSE/FedMSE/wsn_ds/epoch_440_client_16.pt
2025-11-01 17:11:33.095 | INFO     | agents.servers.serverFedMSE:train_on_clients:70 - Saved model for client 17 at epoch 440 -> saved_models/FedMSE/FedMSE/wsn_ds/epoch_440_client_17.pt
2025-11-01 17:11:33.362 | INFO     | agents.servers.serverFedMSE:train_on_clients:70 - Saved model for client 18 at epoch 440 -> saved_models/FedMSE/FedMSE/wsn_ds/epoch_440_client_18.pt
2025-11-01 17:11:33.622 | INFO     | agents.servers.serverFedMSE:train_on_clients:70 - Saved model for client 19 at epoch 440 -> saved_models/FedMSE/FedMSE/wsn_ds/epoch_440_client_19.pt
2025-11-01 17:11:33.625 | INFO     | agents.servers.serverFedMSE:train_on_clients:76 - 20 clients still training at epoch #440
2025-11-01 17:11:54.401 | INFO     | agents.servers.serverFedMSE:train_on_clients:32 - Training FedMSE model epoch #441
2025-11-01 17:11:59.554 | INFO     | agents.servers.serverFedMSE:train_on_clients:76 - 20 clients still training at epoch #441
2025-11-01 17:12:20.280 | INFO     | agents.servers.serverFedMSE:train_on_clients:32 - Training FedMSE model epoch #442
2025-11-01 17:12:25.405 | INFO     | agents.servers.serverFedMSE:train_on_clients:76 - 20 clients still training at epoch #442
2025-11-01 17:12:46.250 | INFO     | agents.servers.serverFedMSE:train_on_clients:32 - Training FedMSE model epoch #443
2025-11-01 17:12:51.404 | INFO     | agents.servers.serverFedMSE:train_on_clients:76 - 20 clients still training at epoch #443
2025-11-01 17:13:12.517 | INFO     | agents.servers.serverFedMSE:train_on_clients:32 - Training FedMSE model epoch #444
2025-11-01 17:13:17.671 | INFO     | agents.servers.serverFedMSE:train_on_clients:76 - 20 clients still training at epoch #444
2025-11-01 17:13:38.605 | INFO     | agents.servers.serverFedMSE:train_on_clients:32 - Training FedMSE model epoch #445
2025-11-01 17:13:43.713 | INFO     | agents.servers.serverFedMSE:train_on_clients:76 - 20 clients still training at epoch #445
2025-11-01 17:14:04.683 | INFO     | agents.servers.serverFedMSE:train_on_clients:32 - Training FedMSE model epoch #446
2025-11-01 17:14:09.874 | INFO     | agents.servers.serverFedMSE:train_on_clients:76 - 20 clients still training at epoch #446
2025-11-01 17:14:30.581 | INFO     | agents.servers.serverFedMSE:train_on_clients:32 - Training FedMSE model epoch #447
2025-11-01 17:14:35.728 | INFO     | agents.servers.serverFedMSE:train_on_clients:76 - 20 clients still training at epoch #447
2025-11-01 17:14:56.594 | INFO     | agents.servers.serverFedMSE:train_on_clients:32 - Training FedMSE model epoch #448
2025-11-01 17:15:01.726 | INFO     | agents.servers.serverFedMSE:train_on_clients:76 - 20 clients still training at epoch #448
2025-11-01 17:15:22.457 | INFO     | agents.servers.serverFedMSE:train_on_clients:32 - Training FedMSE model epoch #449
2025-11-01 17:15:27.592 | INFO     | agents.servers.serverFedMSE:train_on_clients:76 - 20 clients still training at epoch #449
2025-11-01 17:15:48.496 | INFO     | agents.servers.serverFedMSE:train_on_clients:32 - Training FedMSE model epoch #450
2025-11-01 17:15:48.756 | INFO     | agents.servers.serverFedMSE:train_on_clients:70 - Saved model for client 0 at epoch 450 -> saved_models/FedMSE/FedMSE/wsn_ds/epoch_450_client_0.pt
2025-11-01 17:15:49.020 | INFO     | agents.servers.serverFedMSE:train_on_clients:70 - Saved model for client 1 at epoch 450 -> saved_models/FedMSE/FedMSE/wsn_ds/epoch_450_client_1.pt
2025-11-01 17:15:49.278 | INFO     | agents.servers.serverFedMSE:train_on_clients:54 - Client 2 gets new best val_loss at epoch #450: 0.000660
2025-11-01 17:15:49.281 | INFO     | agents.servers.serverFedMSE:train_on_clients:70 - Saved model for client 2 at epoch 450 -> saved_models/FedMSE/FedMSE/wsn_ds/epoch_450_client_2.pt
2025-11-01 17:15:49.541 | INFO     | agents.servers.serverFedMSE:train_on_clients:70 - Saved model for client 3 at epoch 450 -> saved_models/FedMSE/FedMSE/wsn_ds/epoch_450_client_3.pt
2025-11-01 17:15:49.798 | INFO     | agents.servers.serverFedMSE:train_on_clients:70 - Saved model for client 4 at epoch 450 -> saved_models/FedMSE/FedMSE/wsn_ds/epoch_450_client_4.pt
2025-11-01 17:15:50.058 | INFO     | agents.servers.serverFedMSE:train_on_clients:54 - Client 5 gets new best val_loss at epoch #450: 0.000609
2025-11-01 17:15:50.060 | INFO     | agents.servers.serverFedMSE:train_on_clients:70 - Saved model for client 5 at epoch 450 -> saved_models/FedMSE/FedMSE/wsn_ds/epoch_450_client_5.pt
2025-11-01 17:15:50.319 | INFO     | agents.servers.serverFedMSE:train_on_clients:70 - Saved model for client 6 at epoch 450 -> saved_models/FedMSE/FedMSE/wsn_ds/epoch_450_client_6.pt
2025-11-01 17:15:50.577 | INFO     | agents.servers.serverFedMSE:train_on_clients:70 - Saved model for client 7 at epoch 450 -> saved_models/FedMSE/FedMSE/wsn_ds/epoch_450_client_7.pt
2025-11-01 17:15:50.835 | INFO     | agents.servers.serverFedMSE:train_on_clients:70 - Saved model for client 8 at epoch 450 -> saved_models/FedMSE/FedMSE/wsn_ds/epoch_450_client_8.pt
2025-11-01 17:15:51.094 | INFO     | agents.servers.serverFedMSE:train_on_clients:70 - Saved model for client 9 at epoch 450 -> saved_models/FedMSE/FedMSE/wsn_ds/epoch_450_client_9.pt
2025-11-01 17:15:51.348 | INFO     | agents.servers.serverFedMSE:train_on_clients:54 - Client 10 gets new best val_loss at epoch #450: 0.000695
2025-11-01 17:15:51.350 | INFO     | agents.servers.serverFedMSE:train_on_clients:70 - Saved model for client 10 at epoch 450 -> saved_models/FedMSE/FedMSE/wsn_ds/epoch_450_client_10.pt
2025-11-01 17:15:51.612 | INFO     | agents.servers.serverFedMSE:train_on_clients:70 - Saved model for client 11 at epoch 450 -> saved_models/FedMSE/FedMSE/wsn_ds/epoch_450_client_11.pt
2025-11-01 17:15:51.874 | INFO     | agents.servers.serverFedMSE:train_on_clients:70 - Saved model for client 12 at epoch 450 -> saved_models/FedMSE/FedMSE/wsn_ds/epoch_450_client_12.pt
2025-11-01 17:15:52.135 | INFO     | agents.servers.serverFedMSE:train_on_clients:70 - Saved model for client 13 at epoch 450 -> saved_models/FedMSE/FedMSE/wsn_ds/epoch_450_client_13.pt
2025-11-01 17:15:52.397 | INFO     | agents.servers.serverFedMSE:train_on_clients:70 - Saved model for client 14 at epoch 450 -> saved_models/FedMSE/FedMSE/wsn_ds/epoch_450_client_14.pt
2025-11-01 17:15:52.658 | INFO     | agents.servers.serverFedMSE:train_on_clients:70 - Saved model for client 15 at epoch 450 -> saved_models/FedMSE/FedMSE/wsn_ds/epoch_450_client_15.pt
2025-11-01 17:15:52.914 | INFO     | agents.servers.serverFedMSE:train_on_clients:70 - Saved model for client 16 at epoch 450 -> saved_models/FedMSE/FedMSE/wsn_ds/epoch_450_client_16.pt
2025-11-01 17:15:53.170 | INFO     | agents.servers.serverFedMSE:train_on_clients:70 - Saved model for client 17 at epoch 450 -> saved_models/FedMSE/FedMSE/wsn_ds/epoch_450_client_17.pt
2025-11-01 17:15:53.426 | INFO     | agents.servers.serverFedMSE:train_on_clients:70 - Saved model for client 18 at epoch 450 -> saved_models/FedMSE/FedMSE/wsn_ds/epoch_450_client_18.pt
2025-11-01 17:15:53.684 | INFO     | agents.servers.serverFedMSE:train_on_clients:54 - Client 19 gets new best val_loss at epoch #450: 0.000685
2025-11-01 17:15:53.686 | INFO     | agents.servers.serverFedMSE:train_on_clients:70 - Saved model for client 19 at epoch 450 -> saved_models/FedMSE/FedMSE/wsn_ds/epoch_450_client_19.pt
2025-11-01 17:15:53.689 | INFO     | agents.servers.serverFedMSE:train_on_clients:76 - 20 clients still training at epoch #450
2025-11-01 17:16:14.526 | INFO     | agents.servers.serverFedMSE:train_on_clients:32 - Training FedMSE model epoch #451
2025-11-01 17:16:15.313 | INFO     | agents.servers.serverFedMSE:train_on_clients:54 - Client 2 gets new best val_loss at epoch #451: 0.000660
2025-11-01 17:16:16.082 | INFO     | agents.servers.serverFedMSE:train_on_clients:54 - Client 5 gets new best val_loss at epoch #451: 0.000606
2025-11-01 17:16:19.699 | INFO     | agents.servers.serverFedMSE:train_on_clients:54 - Client 19 gets new best val_loss at epoch #451: 0.000684
2025-11-01 17:16:19.701 | INFO     | agents.servers.serverFedMSE:train_on_clients:76 - 20 clients still training at epoch #451
2025-11-01 17:16:40.472 | INFO     | agents.servers.serverFedMSE:train_on_clients:32 - Training FedMSE model epoch #452
2025-11-01 17:16:42.099 | INFO     | agents.servers.serverFedMSE:train_on_clients:54 - Client 5 gets new best val_loss at epoch #452: 0.000605
2025-11-01 17:16:42.936 | INFO     | agents.servers.serverFedMSE:train_on_clients:54 - Client 8 gets new best val_loss at epoch #452: 0.000632
2025-11-01 17:16:45.746 | INFO     | agents.servers.serverFedMSE:train_on_clients:54 - Client 19 gets new best val_loss at epoch #452: 0.000683
2025-11-01 17:16:45.749 | INFO     | agents.servers.serverFedMSE:train_on_clients:76 - 20 clients still training at epoch #452
2025-11-01 17:17:06.455 | INFO     | agents.servers.serverFedMSE:train_on_clients:32 - Training FedMSE model epoch #453
2025-11-01 17:17:07.994 | INFO     | agents.servers.serverFedMSE:train_on_clients:54 - Client 5 gets new best val_loss at epoch #453: 0.000604
2025-11-01 17:17:08.763 | INFO     | agents.servers.serverFedMSE:train_on_clients:54 - Client 8 gets new best val_loss at epoch #453: 0.000630
2025-11-01 17:17:09.282 | INFO     | agents.servers.serverFedMSE:train_on_clients:54 - Client 10 gets new best val_loss at epoch #453: 0.000695
2025-11-01 17:17:11.592 | INFO     | agents.servers.serverFedMSE:train_on_clients:54 - Client 19 gets new best val_loss at epoch #453: 0.000682
2025-11-01 17:17:11.595 | INFO     | agents.servers.serverFedMSE:train_on_clients:76 - 20 clients still training at epoch #453
2025-11-01 17:17:32.406 | INFO     | agents.servers.serverFedMSE:train_on_clients:32 - Training FedMSE model epoch #454
2025-11-01 17:17:33.190 | INFO     | agents.servers.serverFedMSE:train_on_clients:54 - Client 2 gets new best val_loss at epoch #454: 0.000660
2025-11-01 17:17:34.738 | INFO     | agents.servers.serverFedMSE:train_on_clients:54 - Client 8 gets new best val_loss at epoch #454: 0.000629
2025-11-01 17:17:37.572 | INFO     | agents.servers.serverFedMSE:train_on_clients:54 - Client 19 gets new best val_loss at epoch #454: 0.000682
2025-11-01 17:17:37.574 | INFO     | agents.servers.serverFedMSE:train_on_clients:76 - 20 clients still training at epoch #454
2025-11-01 17:17:58.391 | INFO     | agents.servers.serverFedMSE:train_on_clients:32 - Training FedMSE model epoch #455
2025-11-01 17:17:59.161 | INFO     | agents.servers.serverFedMSE:train_on_clients:54 - Client 2 gets new best val_loss at epoch #455: 0.000659
2025-11-01 17:18:01.208 | INFO     | agents.servers.serverFedMSE:train_on_clients:54 - Client 10 gets new best val_loss at epoch #455: 0.000693
2025-11-01 17:18:03.499 | INFO     | agents.servers.serverFedMSE:train_on_clients:76 - 20 clients still training at epoch #455
2025-11-01 17:18:24.336 | INFO     | agents.servers.serverFedMSE:train_on_clients:32 - Training FedMSE model epoch #456
2025-11-01 17:18:25.114 | INFO     | agents.servers.serverFedMSE:train_on_clients:54 - Client 2 gets new best val_loss at epoch #456: 0.000658
2025-11-01 17:18:29.509 | INFO     | agents.servers.serverFedMSE:train_on_clients:76 - 20 clients still training at epoch #456
2025-11-01 17:18:50.253 | INFO     | agents.servers.serverFedMSE:train_on_clients:32 - Training FedMSE model epoch #457
2025-11-01 17:18:54.377 | INFO     | agents.servers.serverFedMSE:train_on_clients:54 - Client 15 gets new best val_loss at epoch #457: 0.000619
2025-11-01 17:18:54.893 | INFO     | agents.servers.serverFedMSE:train_on_clients:54 - Client 17 gets new best val_loss at epoch #457: 0.000553
2025-11-01 17:18:55.413 | INFO     | agents.servers.serverFedMSE:train_on_clients:76 - 20 clients still training at epoch #457
2025-11-01 17:19:16.128 | INFO     | agents.servers.serverFedMSE:train_on_clients:32 - Training FedMSE model epoch #458
2025-11-01 17:19:21.249 | INFO     | agents.servers.serverFedMSE:train_on_clients:76 - 20 clients still training at epoch #458
2025-11-01 17:19:42.150 | INFO     | agents.servers.serverFedMSE:train_on_clients:32 - Training FedMSE model epoch #459
2025-11-01 17:19:44.476 | INFO     | agents.servers.serverFedMSE:train_on_clients:54 - Client 8 gets new best val_loss at epoch #459: 0.000627
2025-11-01 17:19:47.293 | INFO     | agents.servers.serverFedMSE:train_on_clients:76 - 20 clients still training at epoch #459
2025-11-01 17:20:08.091 | INFO     | agents.servers.serverFedMSE:train_on_clients:32 - Training FedMSE model epoch #460
2025-11-01 17:20:08.353 | INFO     | agents.servers.serverFedMSE:train_on_clients:70 - Saved model for client 0 at epoch 460 -> saved_models/FedMSE/FedMSE/wsn_ds/epoch_460_client_0.pt
2025-11-01 17:20:08.619 | INFO     | agents.servers.serverFedMSE:train_on_clients:70 - Saved model for client 1 at epoch 460 -> saved_models/FedMSE/FedMSE/wsn_ds/epoch_460_client_1.pt
2025-11-01 17:20:08.877 | INFO     | agents.servers.serverFedMSE:train_on_clients:70 - Saved model for client 2 at epoch 460 -> saved_models/FedMSE/FedMSE/wsn_ds/epoch_460_client_2.pt
2025-11-01 17:20:09.134 | INFO     | agents.servers.serverFedMSE:train_on_clients:70 - Saved model for client 3 at epoch 460 -> saved_models/FedMSE/FedMSE/wsn_ds/epoch_460_client_3.pt
2025-11-01 17:20:09.391 | INFO     | agents.servers.serverFedMSE:train_on_clients:70 - Saved model for client 4 at epoch 460 -> saved_models/FedMSE/FedMSE/wsn_ds/epoch_460_client_4.pt
2025-11-01 17:20:09.657 | INFO     | agents.servers.serverFedMSE:train_on_clients:70 - Saved model for client 5 at epoch 460 -> saved_models/FedMSE/FedMSE/wsn_ds/epoch_460_client_5.pt
2025-11-01 17:20:09.920 | INFO     | agents.servers.serverFedMSE:train_on_clients:70 - Saved model for client 6 at epoch 460 -> saved_models/FedMSE/FedMSE/wsn_ds/epoch_460_client_6.pt
2025-11-01 17:20:10.180 | INFO     | agents.servers.serverFedMSE:train_on_clients:70 - Saved model for client 7 at epoch 460 -> saved_models/FedMSE/FedMSE/wsn_ds/epoch_460_client_7.pt
2025-11-01 17:20:10.439 | INFO     | agents.servers.serverFedMSE:train_on_clients:70 - Saved model for client 8 at epoch 460 -> saved_models/FedMSE/FedMSE/wsn_ds/epoch_460_client_8.pt
2025-11-01 17:20:10.703 | INFO     | agents.servers.serverFedMSE:train_on_clients:70 - Saved model for client 9 at epoch 460 -> saved_models/FedMSE/FedMSE/wsn_ds/epoch_460_client_9.pt
2025-11-01 17:20:10.964 | INFO     | agents.servers.serverFedMSE:train_on_clients:70 - Saved model for client 10 at epoch 460 -> saved_models/FedMSE/FedMSE/wsn_ds/epoch_460_client_10.pt
2025-11-01 17:20:11.227 | INFO     | agents.servers.serverFedMSE:train_on_clients:70 - Saved model for client 11 at epoch 460 -> saved_models/FedMSE/FedMSE/wsn_ds/epoch_460_client_11.pt
2025-11-01 17:20:11.486 | INFO     | agents.servers.serverFedMSE:train_on_clients:70 - Saved model for client 12 at epoch 460 -> saved_models/FedMSE/FedMSE/wsn_ds/epoch_460_client_12.pt
2025-11-01 17:20:11.750 | INFO     | agents.servers.serverFedMSE:train_on_clients:70 - Saved model for client 13 at epoch 460 -> saved_models/FedMSE/FedMSE/wsn_ds/epoch_460_client_13.pt
2025-11-01 17:20:12.016 | INFO     | agents.servers.serverFedMSE:train_on_clients:70 - Saved model for client 14 at epoch 460 -> saved_models/FedMSE/FedMSE/wsn_ds/epoch_460_client_14.pt
2025-11-01 17:20:12.278 | INFO     | agents.servers.serverFedMSE:train_on_clients:70 - Saved model for client 15 at epoch 460 -> saved_models/FedMSE/FedMSE/wsn_ds/epoch_460_client_15.pt
2025-11-01 17:20:12.539 | INFO     | agents.servers.serverFedMSE:train_on_clients:70 - Saved model for client 16 at epoch 460 -> saved_models/FedMSE/FedMSE/wsn_ds/epoch_460_client_16.pt
2025-11-01 17:20:12.804 | INFO     | agents.servers.serverFedMSE:train_on_clients:70 - Saved model for client 17 at epoch 460 -> saved_models/FedMSE/FedMSE/wsn_ds/epoch_460_client_17.pt
2025-11-01 17:20:13.067 | INFO     | agents.servers.serverFedMSE:train_on_clients:70 - Saved model for client 18 at epoch 460 -> saved_models/FedMSE/FedMSE/wsn_ds/epoch_460_client_18.pt
2025-11-01 17:20:13.328 | INFO     | agents.servers.serverFedMSE:train_on_clients:54 - Client 19 gets new best val_loss at epoch #460: 0.000680
2025-11-01 17:20:13.329 | INFO     | agents.servers.serverFedMSE:train_on_clients:70 - Saved model for client 19 at epoch 460 -> saved_models/FedMSE/FedMSE/wsn_ds/epoch_460_client_19.pt
2025-11-01 17:20:13.332 | INFO     | agents.servers.serverFedMSE:train_on_clients:76 - 20 clients still training at epoch #460
2025-11-01 17:20:34.355 | INFO     | agents.servers.serverFedMSE:train_on_clients:32 - Training FedMSE model epoch #461
2025-11-01 17:20:39.455 | INFO     | agents.servers.serverFedMSE:train_on_clients:76 - 20 clients still training at epoch #461
2025-11-01 17:21:00.446 | INFO     | agents.servers.serverFedMSE:train_on_clients:32 - Training FedMSE model epoch #462
2025-11-01 17:21:05.562 | INFO     | agents.servers.serverFedMSE:train_on_clients:54 - Client 19 gets new best val_loss at epoch #462: 0.000680
2025-11-01 17:21:05.566 | INFO     | agents.servers.serverFedMSE:train_on_clients:76 - 20 clients still training at epoch #462
2025-11-01 17:21:26.480 | INFO     | agents.servers.serverFedMSE:train_on_clients:32 - Training FedMSE model epoch #463
2025-11-01 17:21:31.586 | INFO     | agents.servers.serverFedMSE:train_on_clients:76 - 20 clients still training at epoch #463
2025-11-01 17:21:52.316 | INFO     | agents.servers.serverFedMSE:train_on_clients:32 - Training FedMSE model epoch #464
2025-11-01 17:21:57.562 | INFO     | agents.servers.serverFedMSE:train_on_clients:76 - 20 clients still training at epoch #464
2025-11-01 17:22:18.176 | INFO     | agents.servers.serverFedMSE:train_on_clients:32 - Training FedMSE model epoch #465
2025-11-01 17:22:23.304 | INFO     | agents.servers.serverFedMSE:train_on_clients:76 - 20 clients still training at epoch #465
2025-11-01 17:22:44.013 | INFO     | agents.servers.serverFedMSE:train_on_clients:32 - Training FedMSE model epoch #466
2025-11-01 17:22:47.104 | INFO     | agents.servers.serverFedMSE:train_on_clients:54 - Client 11 gets new best val_loss at epoch #466: 0.000621
2025-11-01 17:22:49.145 | INFO     | agents.servers.serverFedMSE:train_on_clients:76 - 20 clients still training at epoch #466
2025-11-01 17:23:09.984 | INFO     | agents.servers.serverFedMSE:train_on_clients:32 - Training FedMSE model epoch #467
2025-11-01 17:23:13.072 | INFO     | agents.servers.serverFedMSE:train_on_clients:54 - Client 11 gets new best val_loss at epoch #467: 0.000619
2025-11-01 17:23:15.124 | INFO     | agents.servers.serverFedMSE:train_on_clients:76 - 20 clients still training at epoch #467
2025-11-01 17:23:35.715 | INFO     | agents.servers.serverFedMSE:train_on_clients:32 - Training FedMSE model epoch #468
2025-11-01 17:23:38.810 | INFO     | agents.servers.serverFedMSE:train_on_clients:54 - Client 11 gets new best val_loss at epoch #468: 0.000619
2025-11-01 17:23:40.864 | INFO     | agents.servers.serverFedMSE:train_on_clients:76 - 20 clients still training at epoch #468
2025-11-01 17:24:01.410 | INFO     | agents.servers.serverFedMSE:train_on_clients:32 - Training FedMSE model epoch #469
2025-11-01 17:24:04.466 | INFO     | agents.servers.serverFedMSE:train_on_clients:54 - Client 11 gets new best val_loss at epoch #469: 0.000618
2025-11-01 17:24:06.529 | INFO     | agents.servers.serverFedMSE:train_on_clients:76 - 20 clients still training at epoch #469
2025-11-01 17:24:27.142 | INFO     | agents.servers.serverFedMSE:train_on_clients:32 - Training FedMSE model epoch #470
2025-11-01 17:24:27.399 | INFO     | agents.servers.serverFedMSE:train_on_clients:70 - Saved model for client 0 at epoch 470 -> saved_models/FedMSE/FedMSE/wsn_ds/epoch_470_client_0.pt
2025-11-01 17:24:27.658 | INFO     | agents.servers.serverFedMSE:train_on_clients:70 - Saved model for client 1 at epoch 470 -> saved_models/FedMSE/FedMSE/wsn_ds/epoch_470_client_1.pt
2025-11-01 17:24:27.918 | INFO     | agents.servers.serverFedMSE:train_on_clients:70 - Saved model for client 2 at epoch 470 -> saved_models/FedMSE/FedMSE/wsn_ds/epoch_470_client_2.pt
2025-11-01 17:24:28.179 | INFO     | agents.servers.serverFedMSE:train_on_clients:70 - Saved model for client 3 at epoch 470 -> saved_models/FedMSE/FedMSE/wsn_ds/epoch_470_client_3.pt
2025-11-01 17:24:28.445 | INFO     | agents.servers.serverFedMSE:train_on_clients:70 - Saved model for client 4 at epoch 470 -> saved_models/FedMSE/FedMSE/wsn_ds/epoch_470_client_4.pt
2025-11-01 17:24:28.704 | INFO     | agents.servers.serverFedMSE:train_on_clients:70 - Saved model for client 5 at epoch 470 -> saved_models/FedMSE/FedMSE/wsn_ds/epoch_470_client_5.pt
2025-11-01 17:24:28.971 | INFO     | agents.servers.serverFedMSE:train_on_clients:70 - Saved model for client 6 at epoch 470 -> saved_models/FedMSE/FedMSE/wsn_ds/epoch_470_client_6.pt
2025-11-01 17:24:29.230 | INFO     | agents.servers.serverFedMSE:train_on_clients:70 - Saved model for client 7 at epoch 470 -> saved_models/FedMSE/FedMSE/wsn_ds/epoch_470_client_7.pt
2025-11-01 17:24:29.488 | INFO     | agents.servers.serverFedMSE:train_on_clients:70 - Saved model for client 8 at epoch 470 -> saved_models/FedMSE/FedMSE/wsn_ds/epoch_470_client_8.pt
2025-11-01 17:24:29.751 | INFO     | agents.servers.serverFedMSE:train_on_clients:70 - Saved model for client 9 at epoch 470 -> saved_models/FedMSE/FedMSE/wsn_ds/epoch_470_client_9.pt
2025-11-01 17:24:30.013 | INFO     | agents.servers.serverFedMSE:train_on_clients:70 - Saved model for client 10 at epoch 470 -> saved_models/FedMSE/FedMSE/wsn_ds/epoch_470_client_10.pt
2025-11-01 17:24:30.275 | INFO     | agents.servers.serverFedMSE:train_on_clients:70 - Saved model for client 11 at epoch 470 -> saved_models/FedMSE/FedMSE/wsn_ds/epoch_470_client_11.pt
2025-11-01 17:24:30.531 | INFO     | agents.servers.serverFedMSE:train_on_clients:54 - Client 12 gets new best val_loss at epoch #470: 0.000543
2025-11-01 17:24:30.533 | INFO     | agents.servers.serverFedMSE:train_on_clients:70 - Saved model for client 12 at epoch 470 -> saved_models/FedMSE/FedMSE/wsn_ds/epoch_470_client_12.pt
2025-11-01 17:24:30.789 | INFO     | agents.servers.serverFedMSE:train_on_clients:70 - Saved model for client 13 at epoch 470 -> saved_models/FedMSE/FedMSE/wsn_ds/epoch_470_client_13.pt
2025-11-01 17:24:31.041 | INFO     | agents.servers.serverFedMSE:train_on_clients:70 - Saved model for client 14 at epoch 470 -> saved_models/FedMSE/FedMSE/wsn_ds/epoch_470_client_14.pt
2025-11-01 17:24:31.299 | INFO     | agents.servers.serverFedMSE:train_on_clients:70 - Saved model for client 15 at epoch 470 -> saved_models/FedMSE/FedMSE/wsn_ds/epoch_470_client_15.pt
2025-11-01 17:24:31.555 | INFO     | agents.servers.serverFedMSE:train_on_clients:70 - Saved model for client 16 at epoch 470 -> saved_models/FedMSE/FedMSE/wsn_ds/epoch_470_client_16.pt
2025-11-01 17:24:31.808 | INFO     | agents.servers.serverFedMSE:train_on_clients:70 - Saved model for client 17 at epoch 470 -> saved_models/FedMSE/FedMSE/wsn_ds/epoch_470_client_17.pt
2025-11-01 17:24:32.066 | INFO     | agents.servers.serverFedMSE:train_on_clients:70 - Saved model for client 18 at epoch 470 -> saved_models/FedMSE/FedMSE/wsn_ds/epoch_470_client_18.pt
2025-11-01 17:24:32.321 | INFO     | agents.servers.serverFedMSE:train_on_clients:70 - Saved model for client 19 at epoch 470 -> saved_models/FedMSE/FedMSE/wsn_ds/epoch_470_client_19.pt
2025-11-01 17:24:32.324 | INFO     | agents.servers.serverFedMSE:train_on_clients:76 - 20 clients still training at epoch #470
2025-11-01 17:24:53.169 | INFO     | agents.servers.serverFedMSE:train_on_clients:32 - Training FedMSE model epoch #471
2025-11-01 17:24:58.316 | INFO     | agents.servers.serverFedMSE:train_on_clients:76 - 20 clients still training at epoch #471
2025-11-01 17:25:19.167 | INFO     | agents.servers.serverFedMSE:train_on_clients:32 - Training FedMSE model epoch #472
2025-11-01 17:25:23.034 | INFO     | agents.servers.serverFedMSE:train_on_clients:54 - Client 14 gets new best val_loss at epoch #472: 0.000686
2025-11-01 17:25:24.331 | INFO     | agents.servers.serverFedMSE:train_on_clients:76 - 20 clients still training at epoch #472
2025-11-01 17:25:44.961 | INFO     | agents.servers.serverFedMSE:train_on_clients:32 - Training FedMSE model epoch #473
2025-11-01 17:25:50.086 | INFO     | agents.servers.serverFedMSE:train_on_clients:76 - 20 clients still training at epoch #473
2025-11-01 17:26:10.888 | INFO     | agents.servers.serverFedMSE:train_on_clients:32 - Training FedMSE model epoch #474
2025-11-01 17:26:16.036 | INFO     | agents.servers.serverFedMSE:train_on_clients:76 - 20 clients still training at epoch #474
2025-11-01 17:26:36.663 | INFO     | agents.servers.serverFedMSE:train_on_clients:32 - Training FedMSE model epoch #475
2025-11-01 17:26:41.792 | INFO     | agents.servers.serverFedMSE:train_on_clients:76 - 20 clients still training at epoch #475
2025-11-01 17:27:02.252 | INFO     | agents.servers.serverFedMSE:train_on_clients:32 - Training FedMSE model epoch #476
2025-11-01 17:27:07.402 | INFO     | agents.servers.serverFedMSE:train_on_clients:76 - 20 clients still training at epoch #476
2025-11-01 17:27:27.964 | INFO     | agents.servers.serverFedMSE:train_on_clients:32 - Training FedMSE model epoch #477
2025-11-01 17:27:33.067 | INFO     | agents.servers.serverFedMSE:train_on_clients:76 - 20 clients still training at epoch #477
2025-11-01 17:27:53.817 | INFO     | agents.servers.serverFedMSE:train_on_clients:32 - Training FedMSE model epoch #478
2025-11-01 17:27:58.925 | INFO     | agents.servers.serverFedMSE:train_on_clients:76 - 20 clients still training at epoch #478
2025-11-01 17:28:19.380 | INFO     | agents.servers.serverFedMSE:train_on_clients:32 - Training FedMSE model epoch #479
2025-11-01 17:28:24.507 | INFO     | agents.servers.serverFedMSE:train_on_clients:76 - 20 clients still training at epoch #479
2025-11-01 17:28:45.043 | INFO     | agents.servers.serverFedMSE:train_on_clients:32 - Training FedMSE model epoch #480
2025-11-01 17:28:45.303 | INFO     | agents.servers.serverFedMSE:train_on_clients:70 - Saved model for client 0 at epoch 480 -> saved_models/FedMSE/FedMSE/wsn_ds/epoch_480_client_0.pt
2025-11-01 17:28:45.562 | INFO     | agents.servers.serverFedMSE:train_on_clients:70 - Saved model for client 1 at epoch 480 -> saved_models/FedMSE/FedMSE/wsn_ds/epoch_480_client_1.pt
2025-11-01 17:28:45.821 | INFO     | agents.servers.serverFedMSE:train_on_clients:70 - Saved model for client 2 at epoch 480 -> saved_models/FedMSE/FedMSE/wsn_ds/epoch_480_client_2.pt
2025-11-01 17:28:46.078 | INFO     | agents.servers.serverFedMSE:train_on_clients:70 - Saved model for client 3 at epoch 480 -> saved_models/FedMSE/FedMSE/wsn_ds/epoch_480_client_3.pt
2025-11-01 17:28:46.334 | INFO     | agents.servers.serverFedMSE:train_on_clients:70 - Saved model for client 4 at epoch 480 -> saved_models/FedMSE/FedMSE/wsn_ds/epoch_480_client_4.pt
2025-11-01 17:28:46.591 | INFO     | agents.servers.serverFedMSE:train_on_clients:70 - Saved model for client 5 at epoch 480 -> saved_models/FedMSE/FedMSE/wsn_ds/epoch_480_client_5.pt
2025-11-01 17:28:46.848 | INFO     | agents.servers.serverFedMSE:train_on_clients:70 - Saved model for client 6 at epoch 480 -> saved_models/FedMSE/FedMSE/wsn_ds/epoch_480_client_6.pt
2025-11-01 17:28:47.101 | INFO     | agents.servers.serverFedMSE:train_on_clients:70 - Saved model for client 7 at epoch 480 -> saved_models/FedMSE/FedMSE/wsn_ds/epoch_480_client_7.pt
2025-11-01 17:28:47.363 | INFO     | agents.servers.serverFedMSE:train_on_clients:70 - Saved model for client 8 at epoch 480 -> saved_models/FedMSE/FedMSE/wsn_ds/epoch_480_client_8.pt
2025-11-01 17:28:47.622 | INFO     | agents.servers.serverFedMSE:train_on_clients:70 - Saved model for client 9 at epoch 480 -> saved_models/FedMSE/FedMSE/wsn_ds/epoch_480_client_9.pt
2025-11-01 17:28:47.878 | INFO     | agents.servers.serverFedMSE:train_on_clients:70 - Saved model for client 10 at epoch 480 -> saved_models/FedMSE/FedMSE/wsn_ds/epoch_480_client_10.pt
2025-11-01 17:28:48.134 | INFO     | agents.servers.serverFedMSE:train_on_clients:70 - Saved model for client 11 at epoch 480 -> saved_models/FedMSE/FedMSE/wsn_ds/epoch_480_client_11.pt
2025-11-01 17:28:48.391 | INFO     | agents.servers.serverFedMSE:train_on_clients:70 - Saved model for client 12 at epoch 480 -> saved_models/FedMSE/FedMSE/wsn_ds/epoch_480_client_12.pt
2025-11-01 17:28:48.644 | INFO     | agents.servers.serverFedMSE:train_on_clients:70 - Saved model for client 13 at epoch 480 -> saved_models/FedMSE/FedMSE/wsn_ds/epoch_480_client_13.pt
2025-11-01 17:28:48.906 | INFO     | agents.servers.serverFedMSE:train_on_clients:70 - Saved model for client 14 at epoch 480 -> saved_models/FedMSE/FedMSE/wsn_ds/epoch_480_client_14.pt
2025-11-01 17:28:49.167 | INFO     | agents.servers.serverFedMSE:train_on_clients:70 - Saved model for client 15 at epoch 480 -> saved_models/FedMSE/FedMSE/wsn_ds/epoch_480_client_15.pt
2025-11-01 17:28:49.423 | INFO     | agents.servers.serverFedMSE:train_on_clients:70 - Saved model for client 16 at epoch 480 -> saved_models/FedMSE/FedMSE/wsn_ds/epoch_480_client_16.pt
2025-11-01 17:28:49.684 | INFO     | agents.servers.serverFedMSE:train_on_clients:70 - Saved model for client 17 at epoch 480 -> saved_models/FedMSE/FedMSE/wsn_ds/epoch_480_client_17.pt
2025-11-01 17:28:49.941 | INFO     | agents.servers.serverFedMSE:train_on_clients:70 - Saved model for client 18 at epoch 480 -> saved_models/FedMSE/FedMSE/wsn_ds/epoch_480_client_18.pt
2025-11-01 17:28:50.201 | INFO     | agents.servers.serverFedMSE:train_on_clients:70 - Saved model for client 19 at epoch 480 -> saved_models/FedMSE/FedMSE/wsn_ds/epoch_480_client_19.pt
2025-11-01 17:28:50.204 | INFO     | agents.servers.serverFedMSE:train_on_clients:76 - 20 clients still training at epoch #480
2025-11-01 17:29:11.000 | INFO     | agents.servers.serverFedMSE:train_on_clients:32 - Training FedMSE model epoch #481
2025-11-01 17:29:16.100 | INFO     | agents.servers.serverFedMSE:train_on_clients:76 - 20 clients still training at epoch #481
2025-11-01 17:29:36.855 | INFO     | agents.servers.serverFedMSE:train_on_clients:32 - Training FedMSE model epoch #482
2025-11-01 17:29:41.970 | INFO     | agents.servers.serverFedMSE:train_on_clients:76 - 20 clients still training at epoch #482
2025-11-01 17:30:02.819 | INFO     | agents.servers.serverFedMSE:train_on_clients:32 - Training FedMSE model epoch #483
2025-11-01 17:30:07.951 | INFO     | agents.servers.serverFedMSE:train_on_clients:76 - 20 clients still training at epoch #483
2025-11-01 17:30:28.883 | INFO     | agents.servers.serverFedMSE:train_on_clients:32 - Training FedMSE model epoch #484
2025-11-01 17:30:34.028 | INFO     | agents.servers.serverFedMSE:train_on_clients:76 - 20 clients still training at epoch #484
2025-11-01 17:30:54.726 | INFO     | agents.servers.serverFedMSE:train_on_clients:32 - Training FedMSE model epoch #485
2025-11-01 17:30:59.843 | INFO     | agents.servers.serverFedMSE:train_on_clients:76 - 20 clients still training at epoch #485
2025-11-01 17:31:20.657 | INFO     | agents.servers.serverFedMSE:train_on_clients:32 - Training FedMSE model epoch #486
2025-11-01 17:31:25.853 | INFO     | agents.servers.serverFedMSE:train_on_clients:76 - 20 clients still training at epoch #486
2025-11-01 17:31:46.548 | INFO     | agents.servers.serverFedMSE:train_on_clients:32 - Training FedMSE model epoch #487
2025-11-01 17:31:51.660 | INFO     | agents.servers.serverFedMSE:train_on_clients:76 - 20 clients still training at epoch #487
2025-11-01 17:32:12.475 | INFO     | agents.servers.serverFedMSE:train_on_clients:32 - Training FedMSE model epoch #488
2025-11-01 17:32:17.609 | INFO     | agents.servers.serverFedMSE:train_on_clients:76 - 20 clients still training at epoch #488
2025-11-01 17:32:38.384 | INFO     | agents.servers.serverFedMSE:train_on_clients:32 - Training FedMSE model epoch #489
2025-11-01 17:32:43.511 | INFO     | agents.servers.serverFedMSE:train_on_clients:76 - 20 clients still training at epoch #489
2025-11-01 17:33:04.219 | INFO     | agents.servers.serverFedMSE:train_on_clients:32 - Training FedMSE model epoch #490
2025-11-01 17:33:04.481 | INFO     | agents.servers.serverFedMSE:train_on_clients:70 - Saved model for client 0 at epoch 490 -> saved_models/FedMSE/FedMSE/wsn_ds/epoch_490_client_0.pt
2025-11-01 17:33:04.744 | INFO     | agents.servers.serverFedMSE:train_on_clients:70 - Saved model for client 1 at epoch 490 -> saved_models/FedMSE/FedMSE/wsn_ds/epoch_490_client_1.pt
2025-11-01 17:33:05.008 | INFO     | agents.servers.serverFedMSE:train_on_clients:70 - Saved model for client 2 at epoch 490 -> saved_models/FedMSE/FedMSE/wsn_ds/epoch_490_client_2.pt
2025-11-01 17:33:05.268 | INFO     | agents.servers.serverFedMSE:train_on_clients:70 - Saved model for client 3 at epoch 490 -> saved_models/FedMSE/FedMSE/wsn_ds/epoch_490_client_3.pt
2025-11-01 17:33:05.530 | INFO     | agents.servers.serverFedMSE:train_on_clients:70 - Saved model for client 4 at epoch 490 -> saved_models/FedMSE/FedMSE/wsn_ds/epoch_490_client_4.pt
2025-11-01 17:33:05.788 | INFO     | agents.servers.serverFedMSE:train_on_clients:70 - Saved model for client 5 at epoch 490 -> saved_models/FedMSE/FedMSE/wsn_ds/epoch_490_client_5.pt
2025-11-01 17:33:06.047 | INFO     | agents.servers.serverFedMSE:train_on_clients:70 - Saved model for client 6 at epoch 490 -> saved_models/FedMSE/FedMSE/wsn_ds/epoch_490_client_6.pt
2025-11-01 17:33:06.308 | INFO     | agents.servers.serverFedMSE:train_on_clients:70 - Saved model for client 7 at epoch 490 -> saved_models/FedMSE/FedMSE/wsn_ds/epoch_490_client_7.pt
2025-11-01 17:33:06.563 | INFO     | agents.servers.serverFedMSE:train_on_clients:70 - Saved model for client 8 at epoch 490 -> saved_models/FedMSE/FedMSE/wsn_ds/epoch_490_client_8.pt
2025-11-01 17:33:06.822 | INFO     | agents.servers.serverFedMSE:train_on_clients:70 - Saved model for client 9 at epoch 490 -> saved_models/FedMSE/FedMSE/wsn_ds/epoch_490_client_9.pt
2025-11-01 17:33:07.081 | INFO     | agents.servers.serverFedMSE:train_on_clients:70 - Saved model for client 10 at epoch 490 -> saved_models/FedMSE/FedMSE/wsn_ds/epoch_490_client_10.pt
2025-11-01 17:33:07.343 | INFO     | agents.servers.serverFedMSE:train_on_clients:70 - Saved model for client 11 at epoch 490 -> saved_models/FedMSE/FedMSE/wsn_ds/epoch_490_client_11.pt
2025-11-01 17:33:07.602 | INFO     | agents.servers.serverFedMSE:train_on_clients:70 - Saved model for client 12 at epoch 490 -> saved_models/FedMSE/FedMSE/wsn_ds/epoch_490_client_12.pt
2025-11-01 17:33:07.863 | INFO     | agents.servers.serverFedMSE:train_on_clients:70 - Saved model for client 13 at epoch 490 -> saved_models/FedMSE/FedMSE/wsn_ds/epoch_490_client_13.pt
2025-11-01 17:33:08.125 | INFO     | agents.servers.serverFedMSE:train_on_clients:70 - Saved model for client 14 at epoch 490 -> saved_models/FedMSE/FedMSE/wsn_ds/epoch_490_client_14.pt
2025-11-01 17:33:08.389 | INFO     | agents.servers.serverFedMSE:train_on_clients:70 - Saved model for client 15 at epoch 490 -> saved_models/FedMSE/FedMSE/wsn_ds/epoch_490_client_15.pt
2025-11-01 17:33:08.647 | INFO     | agents.servers.serverFedMSE:train_on_clients:70 - Saved model for client 16 at epoch 490 -> saved_models/FedMSE/FedMSE/wsn_ds/epoch_490_client_16.pt
2025-11-01 17:33:08.905 | INFO     | agents.servers.serverFedMSE:train_on_clients:70 - Saved model for client 17 at epoch 490 -> saved_models/FedMSE/FedMSE/wsn_ds/epoch_490_client_17.pt
2025-11-01 17:33:09.164 | INFO     | agents.servers.serverFedMSE:train_on_clients:70 - Saved model for client 18 at epoch 490 -> saved_models/FedMSE/FedMSE/wsn_ds/epoch_490_client_18.pt
2025-11-01 17:33:09.428 | INFO     | agents.servers.serverFedMSE:train_on_clients:70 - Saved model for client 19 at epoch 490 -> saved_models/FedMSE/FedMSE/wsn_ds/epoch_490_client_19.pt
2025-11-01 17:33:09.430 | INFO     | agents.servers.serverFedMSE:train_on_clients:76 - 20 clients still training at epoch #490
2025-11-01 17:33:30.343 | INFO     | agents.servers.serverFedMSE:train_on_clients:32 - Training FedMSE model epoch #491
2025-11-01 17:33:35.498 | INFO     | agents.servers.serverFedMSE:train_on_clients:76 - 20 clients still training at epoch #491
2025-11-01 17:33:56.277 | INFO     | agents.servers.serverFedMSE:train_on_clients:32 - Training FedMSE model epoch #492
2025-11-01 17:34:01.463 | INFO     | agents.servers.serverFedMSE:train_on_clients:76 - 20 clients still training at epoch #492
2025-11-01 17:34:22.254 | INFO     | agents.servers.serverFedMSE:train_on_clients:32 - Training FedMSE model epoch #493
2025-11-01 17:34:27.395 | INFO     | agents.servers.serverFedMSE:train_on_clients:76 - 20 clients still training at epoch #493
2025-11-01 17:34:48.427 | INFO     | agents.servers.serverFedMSE:train_on_clients:32 - Training FedMSE model epoch #494
2025-11-01 17:34:53.567 | INFO     | agents.servers.serverFedMSE:train_on_clients:76 - 20 clients still training at epoch #494
2025-11-01 17:35:14.343 | INFO     | agents.servers.serverFedMSE:train_on_clients:32 - Training FedMSE model epoch #495
2025-11-01 17:35:19.491 | INFO     | agents.servers.serverFedMSE:train_on_clients:76 - 20 clients still training at epoch #495
2025-11-01 17:35:40.350 | INFO     | agents.servers.serverFedMSE:train_on_clients:32 - Training FedMSE model epoch #496
2025-11-01 17:35:45.477 | INFO     | agents.servers.serverFedMSE:train_on_clients:76 - 20 clients still training at epoch #496
2025-11-01 17:36:06.119 | INFO     | agents.servers.serverFedMSE:train_on_clients:32 - Training FedMSE model epoch #497
2025-11-01 17:36:11.270 | INFO     | agents.servers.serverFedMSE:train_on_clients:76 - 20 clients still training at epoch #497
2025-11-01 17:36:31.767 | INFO     | agents.servers.serverFedMSE:train_on_clients:32 - Training FedMSE model epoch #498
2025-11-01 17:36:36.926 | INFO     | agents.servers.serverFedMSE:train_on_clients:76 - 20 clients still training at epoch #498
2025-11-01 17:36:57.464 | INFO     | agents.servers.serverFedMSE:train_on_clients:32 - Training FedMSE model epoch #499
2025-11-01 17:37:02.619 | INFO     | agents.servers.serverFedMSE:train_on_clients:76 - 20 clients still training at epoch #499
2025-11-01 17:37:23.108 | INFO     | agents.servers.serverFedMSE:train_on_clients:32 - Training FedMSE model epoch #500
2025-11-01 17:37:23.366 | INFO     | agents.servers.serverFedMSE:train_on_clients:70 - Saved model for client 0 at epoch 500 -> saved_models/FedMSE/FedMSE/wsn_ds/epoch_500_client_0.pt
2025-11-01 17:37:23.628 | INFO     | agents.servers.serverFedMSE:train_on_clients:70 - Saved model for client 1 at epoch 500 -> saved_models/FedMSE/FedMSE/wsn_ds/epoch_500_client_1.pt
2025-11-01 17:37:23.889 | INFO     | agents.servers.serverFedMSE:train_on_clients:70 - Saved model for client 2 at epoch 500 -> saved_models/FedMSE/FedMSE/wsn_ds/epoch_500_client_2.pt
2025-11-01 17:37:24.148 | INFO     | agents.servers.serverFedMSE:train_on_clients:70 - Saved model for client 3 at epoch 500 -> saved_models/FedMSE/FedMSE/wsn_ds/epoch_500_client_3.pt
2025-11-01 17:37:24.417 | INFO     | agents.servers.serverFedMSE:train_on_clients:70 - Saved model for client 4 at epoch 500 -> saved_models/FedMSE/FedMSE/wsn_ds/epoch_500_client_4.pt
2025-11-01 17:37:24.676 | INFO     | agents.servers.serverFedMSE:train_on_clients:70 - Saved model for client 5 at epoch 500 -> saved_models/FedMSE/FedMSE/wsn_ds/epoch_500_client_5.pt
2025-11-01 17:37:24.934 | INFO     | agents.servers.serverFedMSE:train_on_clients:70 - Saved model for client 6 at epoch 500 -> saved_models/FedMSE/FedMSE/wsn_ds/epoch_500_client_6.pt
2025-11-01 17:37:25.192 | INFO     | agents.servers.serverFedMSE:train_on_clients:70 - Saved model for client 7 at epoch 500 -> saved_models/FedMSE/FedMSE/wsn_ds/epoch_500_client_7.pt
2025-11-01 17:37:25.456 | INFO     | agents.servers.serverFedMSE:train_on_clients:70 - Saved model for client 8 at epoch 500 -> saved_models/FedMSE/FedMSE/wsn_ds/epoch_500_client_8.pt
2025-11-01 17:37:25.715 | INFO     | agents.servers.serverFedMSE:train_on_clients:70 - Saved model for client 9 at epoch 500 -> saved_models/FedMSE/FedMSE/wsn_ds/epoch_500_client_9.pt
2025-11-01 17:37:25.975 | INFO     | agents.servers.serverFedMSE:train_on_clients:70 - Saved model for client 10 at epoch 500 -> saved_models/FedMSE/FedMSE/wsn_ds/epoch_500_client_10.pt
2025-11-01 17:37:26.231 | INFO     | agents.servers.serverFedMSE:train_on_clients:70 - Saved model for client 11 at epoch 500 -> saved_models/FedMSE/FedMSE/wsn_ds/epoch_500_client_11.pt
2025-11-01 17:37:26.486 | INFO     | agents.servers.serverFedMSE:train_on_clients:70 - Saved model for client 12 at epoch 500 -> saved_models/FedMSE/FedMSE/wsn_ds/epoch_500_client_12.pt
2025-11-01 17:37:26.748 | INFO     | agents.servers.serverFedMSE:train_on_clients:70 - Saved model for client 13 at epoch 500 -> saved_models/FedMSE/FedMSE/wsn_ds/epoch_500_client_13.pt
2025-11-01 17:37:27.008 | INFO     | agents.servers.serverFedMSE:train_on_clients:70 - Saved model for client 14 at epoch 500 -> saved_models/FedMSE/FedMSE/wsn_ds/epoch_500_client_14.pt
2025-11-01 17:37:27.267 | INFO     | agents.servers.serverFedMSE:train_on_clients:70 - Saved model for client 15 at epoch 500 -> saved_models/FedMSE/FedMSE/wsn_ds/epoch_500_client_15.pt
2025-11-01 17:37:27.529 | INFO     | agents.servers.serverFedMSE:train_on_clients:70 - Saved model for client 16 at epoch 500 -> saved_models/FedMSE/FedMSE/wsn_ds/epoch_500_client_16.pt
2025-11-01 17:37:27.784 | INFO     | agents.servers.serverFedMSE:train_on_clients:70 - Saved model for client 17 at epoch 500 -> saved_models/FedMSE/FedMSE/wsn_ds/epoch_500_client_17.pt
2025-11-01 17:37:28.043 | INFO     | agents.servers.serverFedMSE:train_on_clients:70 - Saved model for client 18 at epoch 500 -> saved_models/FedMSE/FedMSE/wsn_ds/epoch_500_client_18.pt
2025-11-01 17:37:28.307 | INFO     | agents.servers.serverFedMSE:train_on_clients:70 - Saved model for client 19 at epoch 500 -> saved_models/FedMSE/FedMSE/wsn_ds/epoch_500_client_19.pt
2025-11-01 17:37:28.309 | INFO     | agents.servers.serverFedMSE:train_on_clients:76 - 20 clients still training at epoch #500
2025-11-01 17:37:48.965 | INFO     | agents.servers.serverFedMSE:test_on_clients:174 - Testing FedMSE model at epoch #500
2025-11-01 17:37:48.965 | INFO     | agents.servers.serverFedMSE:test_on_clients:183 - Client 0 test params:  threshold_z (mean=0.000066, std=0.000010), best epoch 416
2025-11-01 17:37:51.599 | DEBUG    | agents.clients.clientFedMSE:test_with_thresholds:279 - Classification Report:
              precision    recall  f1-score   support

           0       1.00      0.73      0.84      3423
           1       0.26      0.99      0.41       324

    accuracy                           0.75      3747
   macro avg       0.63      0.86      0.63      3747
weighted avg       0.93      0.75      0.81      3747

2025-11-01 17:37:51.599 | DEBUG    | agents.clients.clientFedMSE:test_with_thresholds:283 - Confusion Matrix:
[[2505  918]
 [   4  320]]
2025-11-01 17:37:51.600 | DEBUG    | agents.clients.clientFedMSE:test_with_thresholds:284 - ROC AUC Score: 0.8597342595297606
2025-11-01 17:37:51.600 | DEBUG    | agents.clients.clientFedMSE:test_with_thresholds:285 - False Positive Rate (FPR): 0.2682
2025-11-01 17:38:55.743 | INFO     | agents.servers.serverFedMSE:test_on_clients:200 - [Client 0] Multiplier 0.0: ACC=0.7539, P=0.2585, R=0.9877, F1=0.4097, AUC=0.8597
2025-11-01 17:38:55.766 | INFO     | agents.servers.serverFedMSE:test_on_clients:183 - Client 1 test params:  threshold_z (mean=0.000067, std=0.000010), best epoch 429
2025-11-01 17:38:58.388 | DEBUG    | agents.clients.clientFedMSE:test_with_thresholds:279 - Classification Report:
              precision    recall  f1-score   support

           0       1.00      0.73      0.84      3395
           1       0.28      1.00      0.43       352

    accuracy                           0.75      3747
   macro avg       0.64      0.86      0.64      3747
weighted avg       0.93      0.75      0.80      3747

2025-11-01 17:38:58.388 | DEBUG    | agents.clients.clientFedMSE:test_with_thresholds:283 - Confusion Matrix:
[[2470  925]
 [   1  351]]
2025-11-01 17:38:58.389 | DEBUG    | agents.clients.clientFedMSE:test_with_thresholds:284 - ROC AUC Score: 0.862349795822734
2025-11-01 17:38:58.389 | DEBUG    | agents.clients.clientFedMSE:test_with_thresholds:285 - False Positive Rate (FPR): 0.2725
2025-11-01 17:40:02.611 | INFO     | agents.servers.serverFedMSE:test_on_clients:200 - [Client 1] Multiplier 0.0: ACC=0.7529, P=0.2751, R=0.9972, F1=0.4312, AUC=0.8623
2025-11-01 17:40:02.632 | INFO     | agents.servers.serverFedMSE:test_on_clients:183 - Client 2 test params:  threshold_z (mean=0.000064, std=0.000009), best epoch 456
2025-11-01 17:40:05.197 | DEBUG    | agents.clients.clientFedMSE:test_with_thresholds:279 - Classification Report:
              precision    recall  f1-score   support

           0       1.00      0.73      0.84      3387
           1       0.28      0.99      0.44       360

    accuracy                           0.75      3747
   macro avg       0.64      0.86      0.64      3747
weighted avg       0.93      0.75      0.80      3747

2025-11-01 17:40:05.198 | DEBUG    | agents.clients.clientFedMSE:test_with_thresholds:283 - Confusion Matrix:
[[2460  927]
 [   2  358]]
2025-11-01 17:40:05.198 | DEBUG    | agents.clients.clientFedMSE:test_with_thresholds:284 - ROC AUC Score: 0.8603754551717351
2025-11-01 17:40:05.198 | DEBUG    | agents.clients.clientFedMSE:test_with_thresholds:285 - False Positive Rate (FPR): 0.2737
2025-11-01 17:41:09.305 | INFO     | agents.servers.serverFedMSE:test_on_clients:200 - [Client 2] Multiplier 0.0: ACC=0.7521, P=0.2786, R=0.9944, F1=0.4353, AUC=0.8604
2025-11-01 17:41:09.327 | INFO     | agents.servers.serverFedMSE:test_on_clients:183 - Client 3 test params:  threshold_z (mean=0.000065, std=0.000009), best epoch 434
2025-11-01 17:41:11.938 | DEBUG    | agents.clients.clientFedMSE:test_with_thresholds:279 - Classification Report:
              precision    recall  f1-score   support

           0       1.00      0.73      0.84      3352
           1       0.30      0.99      0.46       395

    accuracy                           0.76      3747
   macro avg       0.65      0.86      0.65      3747
weighted avg       0.92      0.76      0.80      3747

2025-11-01 17:41:11.938 | DEBUG    | agents.clients.clientFedMSE:test_with_thresholds:283 - Confusion Matrix:
[[2441  911]
 [   4  391]]
2025-11-01 17:41:11.938 | DEBUG    | agents.clients.clientFedMSE:test_with_thresholds:284 - ROC AUC Score: 0.859047687381046
2025-11-01 17:41:11.939 | DEBUG    | agents.clients.clientFedMSE:test_with_thresholds:285 - False Positive Rate (FPR): 0.2718
2025-11-01 17:42:15.985 | INFO     | agents.servers.serverFedMSE:test_on_clients:200 - [Client 3] Multiplier 0.0: ACC=0.7558, P=0.3003, R=0.9899, F1=0.4608, AUC=0.8590
2025-11-01 17:42:16.007 | INFO     | agents.servers.serverFedMSE:test_on_clients:183 - Client 4 test params:  threshold_z (mean=0.000065, std=0.000007), best epoch 391
2025-11-01 17:42:18.532 | DEBUG    | agents.clients.clientFedMSE:test_with_thresholds:279 - Classification Report:
              precision    recall  f1-score   support

           0       1.00      0.73      0.84      3416
           1       0.26      1.00      0.42       331

    accuracy                           0.75      3747
   macro avg       0.63      0.86      0.63      3747
weighted avg       0.93      0.75      0.81      3747

2025-11-01 17:42:18.532 | DEBUG    | agents.clients.clientFedMSE:test_with_thresholds:283 - Confusion Matrix:
[[2495  921]
 [   1  330]]
2025-11-01 17:42:18.532 | DEBUG    | agents.clients.clientFedMSE:test_with_thresholds:284 - ROC AUC Score: 0.8636826344127864
2025-11-01 17:42:18.532 | DEBUG    | agents.clients.clientFedMSE:test_with_thresholds:285 - False Positive Rate (FPR): 0.2696
2025-11-01 17:43:22.569 | INFO     | agents.servers.serverFedMSE:test_on_clients:200 - [Client 4] Multiplier 0.0: ACC=0.7539, P=0.2638, R=0.9970, F1=0.4172, AUC=0.8637
2025-11-01 17:43:22.591 | INFO     | agents.servers.serverFedMSE:test_on_clients:183 - Client 5 test params:  threshold_z (mean=0.000070, std=0.000010), best epoch 453
2025-11-01 17:43:25.166 | DEBUG    | agents.clients.clientFedMSE:test_with_thresholds:279 - Classification Report:
              precision    recall  f1-score   support

           0       1.00      0.74      0.85      3379
           1       0.29      0.99      0.45       368

    accuracy                           0.76      3747
   macro avg       0.65      0.87      0.65      3747
weighted avg       0.93      0.76      0.81      3747

2025-11-01 17:43:25.166 | DEBUG    | agents.clients.clientFedMSE:test_with_thresholds:283 - Confusion Matrix:
[[2498  881]
 [   3  365]]
2025-11-01 17:43:25.166 | DEBUG    | agents.clients.clientFedMSE:test_with_thresholds:284 - ROC AUC Score: 0.8655599000218742
2025-11-01 17:43:25.166 | DEBUG    | agents.clients.clientFedMSE:test_with_thresholds:285 - False Positive Rate (FPR): 0.2607
2025-11-01 17:44:29.238 | INFO     | agents.servers.serverFedMSE:test_on_clients:200 - [Client 5] Multiplier 0.0: ACC=0.7641, P=0.2929, R=0.9918, F1=0.4523, AUC=0.8656
2025-11-01 17:44:29.259 | INFO     | agents.servers.serverFedMSE:test_on_clients:183 - Client 6 test params:  threshold_z (mean=0.000063, std=0.000014), best epoch 435
2025-11-01 17:44:31.766 | DEBUG    | agents.clients.clientFedMSE:test_with_thresholds:279 - Classification Report:
              precision    recall  f1-score   support

           0       1.00      0.74      0.85      3404
           1       0.28      0.99      0.44       343

    accuracy                           0.76      3747
   macro avg       0.64      0.87      0.64      3747
weighted avg       0.93      0.76      0.81      3747

2025-11-01 17:44:31.766 | DEBUG    | agents.clients.clientFedMSE:test_with_thresholds:283 - Confusion Matrix:
[[2521  883]
 [   2  341]]
2025-11-01 17:44:31.766 | DEBUG    | agents.clients.clientFedMSE:test_with_thresholds:284 - ROC AUC Score: 0.8673841955785168
2025-11-01 17:44:31.766 | DEBUG    | agents.clients.clientFedMSE:test_with_thresholds:285 - False Positive Rate (FPR): 0.2594
2025-11-01 17:45:36.003 | INFO     | agents.servers.serverFedMSE:test_on_clients:200 - [Client 6] Multiplier 0.0: ACC=0.7638, P=0.2786, R=0.9942, F1=0.4352, AUC=0.8674
2025-11-01 17:45:36.024 | INFO     | agents.servers.serverFedMSE:test_on_clients:183 - Client 7 test params:  threshold_z (mean=0.000060, std=0.000009), best epoch 349
2025-11-01 17:45:38.547 | DEBUG    | agents.clients.clientFedMSE:test_with_thresholds:279 - Classification Report:
              precision    recall  f1-score   support

           0       1.00      0.72      0.83      3422
           1       0.25      0.98      0.40       325

    accuracy                           0.74      3747
   macro avg       0.62      0.85      0.62      3747
weighted avg       0.93      0.74      0.80      3747

2025-11-01 17:45:38.548 | DEBUG    | agents.clients.clientFedMSE:test_with_thresholds:283 - Confusion Matrix:
[[2454  968]
 [   5  320]]
2025-11-01 17:45:38.548 | DEBUG    | agents.clients.clientFedMSE:test_with_thresholds:284 - ROC AUC Score: 0.8508699366092703
2025-11-01 17:45:38.548 | DEBUG    | agents.clients.clientFedMSE:test_with_thresholds:285 - False Positive Rate (FPR): 0.2829
2025-11-01 17:46:42.316 | INFO     | agents.servers.serverFedMSE:test_on_clients:200 - [Client 7] Multiplier 0.0: ACC=0.7403, P=0.2484, R=0.9846, F1=0.3968, AUC=0.8509
2025-11-01 17:46:42.338 | INFO     | agents.servers.serverFedMSE:test_on_clients:183 - Client 8 test params:  threshold_z (mean=0.000070, std=0.000008), best epoch 459
2025-11-01 17:46:44.933 | DEBUG    | agents.clients.clientFedMSE:test_with_thresholds:279 - Classification Report:
              precision    recall  f1-score   support

           0       1.00      0.74      0.85      3418
           1       0.27      0.98      0.42       329

    accuracy                           0.76      3747
   macro avg       0.63      0.86      0.63      3747
weighted avg       0.93      0.76      0.81      3747

2025-11-01 17:46:44.933 | DEBUG    | agents.clients.clientFedMSE:test_with_thresholds:283 - Confusion Matrix:
[[2526  892]
 [   5  324]]
2025-11-01 17:46:44.933 | DEBUG    | agents.clients.clientFedMSE:test_with_thresholds:284 - ROC AUC Score: 0.8619155516744004
2025-11-01 17:46:44.934 | DEBUG    | agents.clients.clientFedMSE:test_with_thresholds:285 - False Positive Rate (FPR): 0.2610
2025-11-01 17:47:49.054 | INFO     | agents.servers.serverFedMSE:test_on_clients:200 - [Client 8] Multiplier 0.0: ACC=0.7606, P=0.2664, R=0.9848, F1=0.4194, AUC=0.8619
2025-11-01 17:47:49.075 | INFO     | agents.servers.serverFedMSE:test_on_clients:183 - Client 9 test params:  threshold_z (mean=0.000066, std=0.000013), best epoch 348
2025-11-01 17:47:51.543 | DEBUG    | agents.clients.clientFedMSE:test_with_thresholds:279 - Classification Report:
              precision    recall  f1-score   support

           0       1.00      0.74      0.85      3399
           1       0.28      0.98      0.43       348

    accuracy                           0.76      3747
   macro avg       0.64      0.86      0.64      3747
weighted avg       0.93      0.76      0.81      3747

2025-11-01 17:47:51.543 | DEBUG    | agents.clients.clientFedMSE:test_with_thresholds:283 - Confusion Matrix:
[[2512  887]
 [   6  342]]
2025-11-01 17:47:51.543 | DEBUG    | agents.clients.clientFedMSE:test_with_thresholds:284 - ROC AUC Score: 0.8608997575351777
2025-11-01 17:47:51.544 | DEBUG    | agents.clients.clientFedMSE:test_with_thresholds:285 - False Positive Rate (FPR): 0.2610
2025-11-01 17:48:55.505 | INFO     | agents.servers.serverFedMSE:test_on_clients:200 - [Client 9] Multiplier 0.0: ACC=0.7617, P=0.2783, R=0.9828, F1=0.4337, AUC=0.8609
2025-11-01 17:48:55.526 | INFO     | agents.servers.serverFedMSE:test_on_clients:183 - Client 10 test params:  threshold_z (mean=0.000066, std=0.000015), best epoch 455
2025-11-01 17:48:57.952 | DEBUG    | agents.clients.clientFedMSE:test_with_thresholds:279 - Classification Report:
              precision    recall  f1-score   support

           0       1.00      0.73      0.84      3404
           1       0.27      0.99      0.42       343

    accuracy                           0.75      3747
   macro avg       0.63      0.86      0.63      3747
weighted avg       0.93      0.75      0.81      3747

2025-11-01 17:48:57.953 | DEBUG    | agents.clients.clientFedMSE:test_with_thresholds:283 - Confusion Matrix:
[[2486  918]
 [   4  339]]
2025-11-01 17:48:57.953 | DEBUG    | agents.clients.clientFedMSE:test_with_thresholds:284 - ROC AUC Score: 0.85932773310768
2025-11-01 17:48:57.953 | DEBUG    | agents.clients.clientFedMSE:test_with_thresholds:285 - False Positive Rate (FPR): 0.2697
2025-11-01 17:50:01.896 | INFO     | agents.servers.serverFedMSE:test_on_clients:200 - [Client 10] Multiplier 0.0: ACC=0.7539, P=0.2697, R=0.9883, F1=0.4238, AUC=0.8593
2025-11-01 17:50:01.918 | INFO     | agents.servers.serverFedMSE:test_on_clients:183 - Client 11 test params:  threshold_z (mean=0.000061, std=0.000011), best epoch 469
2025-11-01 17:50:04.442 | DEBUG    | agents.clients.clientFedMSE:test_with_thresholds:279 - Classification Report:
              precision    recall  f1-score   support

           0       1.00      0.72      0.83      3402
           1       0.26      0.99      0.41       345

    accuracy                           0.74      3747
   macro avg       0.63      0.85      0.62      3747
weighted avg       0.93      0.74      0.80      3747

2025-11-01 17:50:04.443 | DEBUG    | agents.clients.clientFedMSE:test_with_thresholds:283 - Confusion Matrix:
[[2435  967]
 [   3  342]]
2025-11-01 17:50:04.443 | DEBUG    | agents.clients.clientFedMSE:test_with_thresholds:284 - ROC AUC Score: 0.8535298929018736
2025-11-01 17:50:04.443 | DEBUG    | agents.clients.clientFedMSE:test_with_thresholds:285 - False Positive Rate (FPR): 0.2842
2025-11-01 17:51:08.461 | INFO     | agents.servers.serverFedMSE:test_on_clients:200 - [Client 11] Multiplier 0.0: ACC=0.7411, P=0.2613, R=0.9913, F1=0.4135, AUC=0.8535
2025-11-01 17:51:08.483 | INFO     | agents.servers.serverFedMSE:test_on_clients:183 - Client 12 test params:  threshold_z (mean=0.000061, std=0.000009), best epoch 470
2025-11-01 17:51:11.048 | DEBUG    | agents.clients.clientFedMSE:test_with_thresholds:279 - Classification Report:
              precision    recall  f1-score   support

           0       1.00      0.72      0.84      3382
           1       0.28      0.98      0.43       365

    accuracy                           0.75      3747
   macro avg       0.64      0.85      0.63      3747
weighted avg       0.93      0.75      0.80      3747

2025-11-01 17:51:11.049 | DEBUG    | agents.clients.clientFedMSE:test_with_thresholds:283 - Confusion Matrix:
[[2442  940]
 [   6  359]]
2025-11-01 17:51:11.049 | DEBUG    | agents.clients.clientFedMSE:test_with_thresholds:284 - ROC AUC Score: 0.8528097988545321
2025-11-01 17:51:11.049 | DEBUG    | agents.clients.clientFedMSE:test_with_thresholds:285 - False Positive Rate (FPR): 0.2779
2025-11-01 17:52:14.810 | INFO     | agents.servers.serverFedMSE:test_on_clients:200 - [Client 12] Multiplier 0.0: ACC=0.7475, P=0.2764, R=0.9836, F1=0.4315, AUC=0.8528
2025-11-01 17:52:14.832 | INFO     | agents.servers.serverFedMSE:test_on_clients:183 - Client 13 test params:  threshold_z (mean=0.000063, std=0.000009), best epoch 347
2025-11-01 17:52:17.444 | DEBUG    | agents.clients.clientFedMSE:test_with_thresholds:279 - Classification Report:
              precision    recall  f1-score   support

           0       1.00      0.74      0.85      3425
           1       0.27      0.99      0.42       321

    accuracy                           0.76      3746
   macro avg       0.63      0.87      0.64      3746
weighted avg       0.94      0.76      0.81      3746

2025-11-01 17:52:17.445 | DEBUG    | agents.clients.clientFedMSE:test_with_thresholds:283 - Confusion Matrix:
[[2543  882]
 [   2  319]]
2025-11-01 17:52:17.445 | DEBUG    | agents.clients.clientFedMSE:test_with_thresholds:284 - ROC AUC Score: 0.8681256111149009
2025-11-01 17:52:17.445 | DEBUG    | agents.clients.clientFedMSE:test_with_thresholds:285 - False Positive Rate (FPR): 0.2575
2025-11-01 17:53:21.141 | INFO     | agents.servers.serverFedMSE:test_on_clients:200 - [Client 13] Multiplier 0.0: ACC=0.7640, P=0.2656, R=0.9938, F1=0.4192, AUC=0.8681
2025-11-01 17:53:21.164 | INFO     | agents.servers.serverFedMSE:test_on_clients:183 - Client 14 test params:  threshold_z (mean=0.000063, std=0.000012), best epoch 472
2025-11-01 17:53:23.664 | DEBUG    | agents.clients.clientFedMSE:test_with_thresholds:279 - Classification Report:
              precision    recall  f1-score   support

           0       1.00      0.73      0.84      3408
           1       0.27      0.99      0.42       338

    accuracy                           0.75      3746
   macro avg       0.63      0.86      0.63      3746
weighted avg       0.93      0.75      0.80      3746

2025-11-01 17:53:23.665 | DEBUG    | agents.clients.clientFedMSE:test_with_thresholds:283 - Confusion Matrix:
[[2481  927]
 [   3  335]]
2025-11-01 17:53:23.665 | DEBUG    | agents.clients.clientFedMSE:test_with_thresholds:284 - ROC AUC Score: 0.8595586090507542
2025-11-01 17:53:23.665 | DEBUG    | agents.clients.clientFedMSE:test_with_thresholds:285 - False Positive Rate (FPR): 0.2720
2025-11-01 17:54:27.349 | INFO     | agents.servers.serverFedMSE:test_on_clients:200 - [Client 14] Multiplier 0.0: ACC=0.7517, P=0.2655, R=0.9911, F1=0.4188, AUC=0.8596
2025-11-01 17:54:27.371 | INFO     | agents.servers.serverFedMSE:test_on_clients:183 - Client 15 test params:  threshold_z (mean=0.000066, std=0.000011), best epoch 457
2025-11-01 17:54:29.954 | DEBUG    | agents.clients.clientFedMSE:test_with_thresholds:279 - Classification Report:
              precision    recall  f1-score   support

           0       1.00      0.74      0.85      3405
           1       0.27      0.99      0.43       341

    accuracy                           0.76      3746
   macro avg       0.64      0.86      0.64      3746
weighted avg       0.93      0.76      0.81      3746

2025-11-01 17:54:29.954 | DEBUG    | agents.clients.clientFedMSE:test_with_thresholds:283 - Confusion Matrix:
[[2512  893]
 [   4  337]]
2025-11-01 17:54:29.954 | DEBUG    | agents.clients.clientFedMSE:test_with_thresholds:284 - ROC AUC Score: 0.8630042071991766
2025-11-01 17:54:29.955 | DEBUG    | agents.clients.clientFedMSE:test_with_thresholds:285 - False Positive Rate (FPR): 0.2623
2025-11-01 17:55:33.478 | INFO     | agents.servers.serverFedMSE:test_on_clients:200 - [Client 15] Multiplier 0.0: ACC=0.7605, P=0.2740, R=0.9883, F1=0.4290, AUC=0.8630
2025-11-01 17:55:33.501 | INFO     | agents.servers.serverFedMSE:test_on_clients:183 - Client 16 test params:  threshold_z (mean=0.000065, std=0.000016), best epoch 330
2025-11-01 17:55:36.012 | DEBUG    | agents.clients.clientFedMSE:test_with_thresholds:279 - Classification Report:
              precision    recall  f1-score   support

           0       1.00      0.74      0.85      3392
           1       0.28      0.99      0.44       354

    accuracy                           0.76      3746
   macro avg       0.64      0.86      0.64      3746
weighted avg       0.93      0.76      0.81      3746

2025-11-01 17:55:36.012 | DEBUG    | agents.clients.clientFedMSE:test_with_thresholds:283 - Confusion Matrix:
[[2500  892]
 [   5  349]]
2025-11-01 17:55:36.012 | DEBUG    | agents.clients.clientFedMSE:test_with_thresholds:284 - ROC AUC Score: 0.861452004050741
2025-11-01 17:55:36.012 | DEBUG    | agents.clients.clientFedMSE:test_with_thresholds:285 - False Positive Rate (FPR): 0.2630
2025-11-01 17:56:38.702 | INFO     | agents.servers.serverFedMSE:test_on_clients:200 - [Client 16] Multiplier 0.0: ACC=0.7605, P=0.2812, R=0.9859, F1=0.4376, AUC=0.8615
2025-11-01 17:56:38.726 | INFO     | agents.servers.serverFedMSE:test_on_clients:183 - Client 17 test params:  threshold_z (mean=0.000064, std=0.000014), best epoch 457
2025-11-01 17:56:41.282 | DEBUG    | agents.clients.clientFedMSE:test_with_thresholds:279 - Classification Report:
              precision    recall  f1-score   support

           0       1.00      0.74      0.85      3419
           1       0.27      0.97      0.42       327

    accuracy                           0.76      3746
   macro avg       0.63      0.86      0.63      3746
weighted avg       0.93      0.76      0.81      3746

2025-11-01 17:56:41.283 | DEBUG    | agents.clients.clientFedMSE:test_with_thresholds:283 - Confusion Matrix:
[[2537  882]
 [   9  318]]
2025-11-01 17:56:41.283 | DEBUG    | agents.clients.clientFedMSE:test_with_thresholds:284 - ROC AUC Score: 0.8572534487523849
2025-11-01 17:56:41.283 | DEBUG    | agents.clients.clientFedMSE:test_with_thresholds:285 - False Positive Rate (FPR): 0.2580
2025-11-01 17:57:43.818 | INFO     | agents.servers.serverFedMSE:test_on_clients:200 - [Client 17] Multiplier 0.0: ACC=0.7621, P=0.2650, R=0.9725, F1=0.4165, AUC=0.8573
2025-11-01 17:57:43.841 | INFO     | agents.servers.serverFedMSE:test_on_clients:183 - Client 18 test params:  threshold_z (mean=0.000064, std=0.000011), best epoch 390
2025-11-01 17:57:46.312 | DEBUG    | agents.clients.clientFedMSE:test_with_thresholds:279 - Classification Report:
              precision    recall  f1-score   support

           0       1.00      0.73      0.84      3384
           1       0.28      0.98      0.44       362

    accuracy                           0.75      3746
   macro avg       0.64      0.86      0.64      3746
weighted avg       0.93      0.75      0.80      3746

2025-11-01 17:57:46.312 | DEBUG    | agents.clients.clientFedMSE:test_with_thresholds:283 - Confusion Matrix:
[[2466  918]
 [   6  356]]
2025-11-01 17:57:46.313 | DEBUG    | agents.clients.clientFedMSE:test_with_thresholds:284 - ROC AUC Score: 0.8560744093099801
2025-11-01 17:57:46.313 | DEBUG    | agents.clients.clientFedMSE:test_with_thresholds:285 - False Positive Rate (FPR): 0.2713
2025-11-01 17:58:48.580 | INFO     | agents.servers.serverFedMSE:test_on_clients:200 - [Client 18] Multiplier 0.0: ACC=0.7533, P=0.2794, R=0.9834, F1=0.4352, AUC=0.8561
2025-11-01 17:58:48.603 | INFO     | agents.servers.serverFedMSE:test_on_clients:183 - Client 19 test params:  threshold_z (mean=0.000064, std=0.000014), best epoch 462
2025-11-01 17:58:51.162 | DEBUG    | agents.clients.clientFedMSE:test_with_thresholds:279 - Classification Report:
              precision    recall  f1-score   support

           0       1.00      0.75      0.85      3380
           1       0.30      1.00      0.46       366

    accuracy                           0.77      3746
   macro avg       0.65      0.87      0.66      3746
weighted avg       0.93      0.77      0.82      3746

2025-11-01 17:58:51.163 | DEBUG    | agents.clients.clientFedMSE:test_with_thresholds:283 - Confusion Matrix:
[[2524  856]
 [   1  365]]
2025-11-01 17:58:51.163 | DEBUG    | agents.clients.clientFedMSE:test_with_thresholds:284 - ROC AUC Score: 0.8720066608465095
2025-11-01 17:58:51.163 | DEBUG    | agents.clients.clientFedMSE:test_with_thresholds:285 - False Positive Rate (FPR): 0.2533
2025-11-01 17:59:53.424 | INFO     | agents.servers.serverFedMSE:test_on_clients:200 - [Client 19] Multiplier 0.0: ACC=0.7712, P=0.2989, R=0.9973, F1=0.4600, AUC=0.8720
2025-11-01 17:59:53.447 | INFO     | agents.servers.serverFedMSE:_log_avg_auc:251 - 
====== AVERAGE AUC PER MULTIPLIER ======
Multiplier   All Clients          Benign Clients       Poisoned Clients    
---------------------------------------------------------------------------
0.0          0.860748             0.860748             0.000000            
0.2          0.862638             0.862638             0.000000            
0.4          0.864713             0.864713             0.000000            
0.6          0.866627             0.866627             0.000000            
0.8          0.868443             0.868443             0.000000            
1.0          0.870406             0.870406             0.000000            
1.2          0.872259             0.872259             0.000000            
1.4          0.874215             0.874215             0.000000            
1.6          0.876626             0.876626             0.000000            
1.8          0.879046             0.879046             0.000000            
2.0          0.881790             0.881790             0.000000            
2.2          0.884364             0.884364             0.000000            
2.4          0.887292             0.887292             0.000000            
2.6          0.890331             0.890331             0.000000            
2.8          0.893289             0.893289             0.000000            
3.0          0.896423             0.896423             0.000000            
3.2          0.899252             0.899252             0.000000            
3.4          0.902363             0.902363             0.000000            
3.6          0.905212             0.905212             0.000000            
3.8          0.907993             0.907993             0.000000            
4.0          0.910744             0.910744             0.000000            
4.2          0.913267             0.913267             0.000000            
4.4          0.915628             0.915628             0.000000            
4.6          0.918108             0.918108             0.000000            
4.8          0.920291             0.920291             0.000000            
5.0          0.922667             0.922667             0.000000            

