2025-09-30 20:00:23.211 | DEBUG    | function.arguments:log:104 - Arguments: 
[Experiment Config]
Model Type: DAE
Noise Type: label_flipping
Aggregation Type: average
Learning Rate: 0.01
Coefficient Shrink AE: 1.0
Threshold Multiplier: 0.0
Noise STD: 0.001
Attack Noise STD: 3.0
Number of Poisoned Clients: 0
Poisoned Sample Ratio: 1.0
Dimension: 17
Epochs: 500
Number of Multi-Class Clients: 0

[System Config]
Number of Workers: 20
Early Stop Offset: 500
Threshold Factor: 0
Cuda Enabled: True
Shuffle: False
Loss Function: <class 'torch.nn.modules.loss.MSELoss'>

[Dataset Config]
Dataset: wsn_ds
Train Batch Size: 128
Val Batch Size: 128
Test Batch Size: 1
Malicious Batch Size: 128
Train Data Path: data_loaders/wsn_ds/train_data_loader.pickle
Val Data Path: data_loaders/wsn_ds/val_data_loader.pickle
Test Data Path: data_loaders/wsn_ds/test_data_loader.pickle
Malicious Data Path: data_loaders/wsn_ds/mal_data_loader.pickle
Default Model Save Path: default_models/wsn_ds

2025-09-30 20:00:23.212 | INFO     | function.utils.data_loader_util:load_data_loader_from_file:191 - Loading data loader from file: data_loaders/wsn_ds/train_data_loader.pickle
2025-09-30 20:00:23.234 | INFO     | function.utils.data_loader_util:load_data_loader_from_file:191 - Loading data loader from file: data_loaders/wsn_ds/val_data_loader.pickle
2025-09-30 20:00:23.237 | INFO     | function.utils.data_loader_util:load_data_loader_from_file:191 - Loading data loader from file: data_loaders/wsn_ds/test_data_loader.pickle
2025-09-30 20:00:23.241 | INFO     | function.utils.data_loader_util:load_data_loader_from_file:191 - Loading data loader from file: data_loaders/wsn_ds/mal_data_loader.pickle
2025-09-30 20:00:23.242 | INFO     | core.experiment_runner:run_exp:56 - Multi-class client IDs: []
2025-09-30 20:00:23.242 | INFO     | core.experiment_runner:run_exp:61 - Single-class client IDs: [0, 1, 2, 3, 4, 5, 6, 7, 8, 9, 10, 11, 12, 13, 14, 15, 16, 17, 18, 19]
2025-09-30 20:00:27.616 | INFO     | function.utils.data_util:poison_data:100 - Poisoning data for workers: []
2025-09-30 20:00:32.969 | INFO     | function.utils.data_util:poison_data:100 - Poisoning data for workers: []
2025-09-30 20:00:38.539 | INFO     | agents.servers.serverDAE:train_on_clients:22 - Training DAE model epoch #1
2025-09-30 20:00:38.910 | INFO     | agents.servers.serverDAE:train_on_clients:43 - Client 0 gets new best val_loss at epoch #1: 0.007522
2025-09-30 20:00:39.202 | INFO     | agents.servers.serverDAE:train_on_clients:43 - Client 1 gets new best val_loss at epoch #1: 0.007567
2025-09-30 20:00:39.507 | INFO     | agents.servers.serverDAE:train_on_clients:43 - Client 2 gets new best val_loss at epoch #1: 0.007479
2025-09-30 20:00:39.811 | INFO     | agents.servers.serverDAE:train_on_clients:43 - Client 3 gets new best val_loss at epoch #1: 0.007472
2025-09-30 20:00:40.117 | INFO     | agents.servers.serverDAE:train_on_clients:43 - Client 4 gets new best val_loss at epoch #1: 0.007087
2025-09-30 20:00:40.407 | INFO     | agents.servers.serverDAE:train_on_clients:43 - Client 5 gets new best val_loss at epoch #1: 0.007728
2025-09-30 20:00:40.696 | INFO     | agents.servers.serverDAE:train_on_clients:43 - Client 6 gets new best val_loss at epoch #1: 0.007659
2025-09-30 20:00:40.991 | INFO     | agents.servers.serverDAE:train_on_clients:43 - Client 7 gets new best val_loss at epoch #1: 0.007917
2025-09-30 20:00:41.331 | INFO     | agents.servers.serverDAE:train_on_clients:43 - Client 8 gets new best val_loss at epoch #1: 0.007344
2025-09-30 20:00:41.670 | INFO     | agents.servers.serverDAE:train_on_clients:43 - Client 9 gets new best val_loss at epoch #1: 0.007959
2025-09-30 20:00:42.008 | INFO     | agents.servers.serverDAE:train_on_clients:43 - Client 10 gets new best val_loss at epoch #1: 0.007509
2025-09-30 20:00:42.350 | INFO     | agents.servers.serverDAE:train_on_clients:43 - Client 11 gets new best val_loss at epoch #1: 0.007595
2025-09-30 20:00:42.707 | INFO     | agents.servers.serverDAE:train_on_clients:43 - Client 12 gets new best val_loss at epoch #1: 0.007243
2025-09-30 20:00:43.059 | INFO     | agents.servers.serverDAE:train_on_clients:43 - Client 13 gets new best val_loss at epoch #1: 0.007114
2025-09-30 20:00:43.404 | INFO     | agents.servers.serverDAE:train_on_clients:43 - Client 14 gets new best val_loss at epoch #1: 0.006896
2025-09-30 20:00:43.748 | INFO     | agents.servers.serverDAE:train_on_clients:43 - Client 15 gets new best val_loss at epoch #1: 0.007405
2025-09-30 20:00:44.101 | INFO     | agents.servers.serverDAE:train_on_clients:43 - Client 16 gets new best val_loss at epoch #1: 0.007061
2025-09-30 20:00:44.451 | INFO     | agents.servers.serverDAE:train_on_clients:43 - Client 17 gets new best val_loss at epoch #1: 0.007421
2025-09-30 20:00:44.802 | INFO     | agents.servers.serverDAE:train_on_clients:43 - Client 18 gets new best val_loss at epoch #1: 0.008011
2025-09-30 20:00:45.158 | INFO     | agents.servers.serverDAE:train_on_clients:43 - Client 19 gets new best val_loss at epoch #1: 0.007255
2025-09-30 20:00:45.160 | INFO     | agents.servers.serverDAE:train_on_clients:65 - 20 clients still training at epoch #1
2025-09-30 20:00:45.184 | INFO     | agents.servers.serverDAE:train_on_clients:22 - Training DAE model epoch #2
2025-09-30 20:00:45.540 | INFO     | agents.servers.serverDAE:train_on_clients:43 - Client 0 gets new best val_loss at epoch #2: 0.005922
2025-09-30 20:00:45.890 | INFO     | agents.servers.serverDAE:train_on_clients:43 - Client 1 gets new best val_loss at epoch #2: 0.006056
2025-09-30 20:00:46.241 | INFO     | agents.servers.serverDAE:train_on_clients:43 - Client 2 gets new best val_loss at epoch #2: 0.006062
2025-09-30 20:00:46.597 | INFO     | agents.servers.serverDAE:train_on_clients:43 - Client 3 gets new best val_loss at epoch #2: 0.005970
2025-09-30 20:00:46.949 | INFO     | agents.servers.serverDAE:train_on_clients:43 - Client 4 gets new best val_loss at epoch #2: 0.005680
2025-09-30 20:00:47.297 | INFO     | agents.servers.serverDAE:train_on_clients:43 - Client 5 gets new best val_loss at epoch #2: 0.006367
2025-09-30 20:00:47.646 | INFO     | agents.servers.serverDAE:train_on_clients:43 - Client 6 gets new best val_loss at epoch #2: 0.006329
2025-09-30 20:00:47.996 | INFO     | agents.servers.serverDAE:train_on_clients:43 - Client 7 gets new best val_loss at epoch #2: 0.006352
2025-09-30 20:00:48.348 | INFO     | agents.servers.serverDAE:train_on_clients:43 - Client 8 gets new best val_loss at epoch #2: 0.006046
2025-09-30 20:00:48.703 | INFO     | agents.servers.serverDAE:train_on_clients:43 - Client 9 gets new best val_loss at epoch #2: 0.006235
2025-09-30 20:00:49.051 | INFO     | agents.servers.serverDAE:train_on_clients:43 - Client 10 gets new best val_loss at epoch #2: 0.006129
2025-09-30 20:00:49.421 | INFO     | agents.servers.serverDAE:train_on_clients:43 - Client 11 gets new best val_loss at epoch #2: 0.006080
2025-09-30 20:00:49.768 | INFO     | agents.servers.serverDAE:train_on_clients:43 - Client 12 gets new best val_loss at epoch #2: 0.005922
2025-09-30 20:00:50.123 | INFO     | agents.servers.serverDAE:train_on_clients:43 - Client 13 gets new best val_loss at epoch #2: 0.005738
2025-09-30 20:00:50.467 | INFO     | agents.servers.serverDAE:train_on_clients:43 - Client 14 gets new best val_loss at epoch #2: 0.005698
2025-09-30 20:00:50.804 | INFO     | agents.servers.serverDAE:train_on_clients:43 - Client 15 gets new best val_loss at epoch #2: 0.006049
2025-09-30 20:00:51.203 | INFO     | agents.servers.serverDAE:train_on_clients:43 - Client 16 gets new best val_loss at epoch #2: 0.005658
2025-09-30 20:00:51.552 | INFO     | agents.servers.serverDAE:train_on_clients:43 - Client 17 gets new best val_loss at epoch #2: 0.006133
2025-09-30 20:00:51.907 | INFO     | agents.servers.serverDAE:train_on_clients:43 - Client 18 gets new best val_loss at epoch #2: 0.006209
2025-09-30 20:00:52.263 | INFO     | agents.servers.serverDAE:train_on_clients:43 - Client 19 gets new best val_loss at epoch #2: 0.005818
2025-09-30 20:00:52.265 | INFO     | agents.servers.serverDAE:train_on_clients:65 - 20 clients still training at epoch #2
2025-09-30 20:00:52.283 | INFO     | agents.servers.serverDAE:train_on_clients:22 - Training DAE model epoch #3
2025-09-30 20:00:52.631 | INFO     | agents.servers.serverDAE:train_on_clients:43 - Client 0 gets new best val_loss at epoch #3: 0.004278
2025-09-30 20:00:52.980 | INFO     | agents.servers.serverDAE:train_on_clients:43 - Client 1 gets new best val_loss at epoch #3: 0.004401
2025-09-30 20:00:53.329 | INFO     | agents.servers.serverDAE:train_on_clients:43 - Client 2 gets new best val_loss at epoch #3: 0.004391
2025-09-30 20:00:53.678 | INFO     | agents.servers.serverDAE:train_on_clients:43 - Client 3 gets new best val_loss at epoch #3: 0.004410
2025-09-30 20:00:54.031 | INFO     | agents.servers.serverDAE:train_on_clients:43 - Client 4 gets new best val_loss at epoch #3: 0.004244
2025-09-30 20:00:54.381 | INFO     | agents.servers.serverDAE:train_on_clients:43 - Client 5 gets new best val_loss at epoch #3: 0.004701
2025-09-30 20:00:54.736 | INFO     | agents.servers.serverDAE:train_on_clients:43 - Client 6 gets new best val_loss at epoch #3: 0.004667
2025-09-30 20:00:55.084 | INFO     | agents.servers.serverDAE:train_on_clients:43 - Client 7 gets new best val_loss at epoch #3: 0.004724
2025-09-30 20:00:55.432 | INFO     | agents.servers.serverDAE:train_on_clients:43 - Client 8 gets new best val_loss at epoch #3: 0.004517
2025-09-30 20:00:55.780 | INFO     | agents.servers.serverDAE:train_on_clients:43 - Client 9 gets new best val_loss at epoch #3: 0.004623
2025-09-30 20:00:56.132 | INFO     | agents.servers.serverDAE:train_on_clients:43 - Client 10 gets new best val_loss at epoch #3: 0.004525
2025-09-30 20:00:56.485 | INFO     | agents.servers.serverDAE:train_on_clients:43 - Client 11 gets new best val_loss at epoch #3: 0.004562
2025-09-30 20:00:56.838 | INFO     | agents.servers.serverDAE:train_on_clients:43 - Client 12 gets new best val_loss at epoch #3: 0.004420
2025-09-30 20:00:57.187 | INFO     | agents.servers.serverDAE:train_on_clients:43 - Client 13 gets new best val_loss at epoch #3: 0.004228
2025-09-30 20:00:57.535 | INFO     | agents.servers.serverDAE:train_on_clients:43 - Client 14 gets new best val_loss at epoch #3: 0.004240
2025-09-30 20:00:57.892 | INFO     | agents.servers.serverDAE:train_on_clients:43 - Client 15 gets new best val_loss at epoch #3: 0.004412
2025-09-30 20:00:58.246 | INFO     | agents.servers.serverDAE:train_on_clients:43 - Client 16 gets new best val_loss at epoch #3: 0.004195
2025-09-30 20:00:58.598 | INFO     | agents.servers.serverDAE:train_on_clients:43 - Client 17 gets new best val_loss at epoch #3: 0.004559
2025-09-30 20:00:58.947 | INFO     | agents.servers.serverDAE:train_on_clients:43 - Client 18 gets new best val_loss at epoch #3: 0.004581
2025-09-30 20:00:59.294 | INFO     | agents.servers.serverDAE:train_on_clients:43 - Client 19 gets new best val_loss at epoch #3: 0.004287
2025-09-30 20:00:59.295 | INFO     | agents.servers.serverDAE:train_on_clients:65 - 20 clients still training at epoch #3
2025-09-30 20:00:59.314 | INFO     | agents.servers.serverDAE:train_on_clients:22 - Training DAE model epoch #4
2025-09-30 20:00:59.665 | INFO     | agents.servers.serverDAE:train_on_clients:43 - Client 0 gets new best val_loss at epoch #4: 0.003477
2025-09-30 20:01:00.015 | INFO     | agents.servers.serverDAE:train_on_clients:43 - Client 1 gets new best val_loss at epoch #4: 0.003617
2025-09-30 20:01:00.369 | INFO     | agents.servers.serverDAE:train_on_clients:43 - Client 2 gets new best val_loss at epoch #4: 0.003466
2025-09-30 20:01:00.718 | INFO     | agents.servers.serverDAE:train_on_clients:43 - Client 3 gets new best val_loss at epoch #4: 0.003543
2025-09-30 20:01:01.069 | INFO     | agents.servers.serverDAE:train_on_clients:43 - Client 4 gets new best val_loss at epoch #4: 0.003325
2025-09-30 20:01:01.424 | INFO     | agents.servers.serverDAE:train_on_clients:43 - Client 5 gets new best val_loss at epoch #4: 0.003805
2025-09-30 20:01:01.774 | INFO     | agents.servers.serverDAE:train_on_clients:43 - Client 6 gets new best val_loss at epoch #4: 0.003692
2025-09-30 20:01:02.126 | INFO     | agents.servers.serverDAE:train_on_clients:43 - Client 7 gets new best val_loss at epoch #4: 0.003757
2025-09-30 20:01:02.473 | INFO     | agents.servers.serverDAE:train_on_clients:43 - Client 8 gets new best val_loss at epoch #4: 0.003546
2025-09-30 20:01:02.823 | INFO     | agents.servers.serverDAE:train_on_clients:43 - Client 9 gets new best val_loss at epoch #4: 0.003644
2025-09-30 20:01:03.176 | INFO     | agents.servers.serverDAE:train_on_clients:43 - Client 10 gets new best val_loss at epoch #4: 0.003687
2025-09-30 20:01:03.524 | INFO     | agents.servers.serverDAE:train_on_clients:43 - Client 11 gets new best val_loss at epoch #4: 0.003608
2025-09-30 20:01:03.878 | INFO     | agents.servers.serverDAE:train_on_clients:43 - Client 12 gets new best val_loss at epoch #4: 0.003562
2025-09-30 20:01:04.225 | INFO     | agents.servers.serverDAE:train_on_clients:43 - Client 13 gets new best val_loss at epoch #4: 0.003286
2025-09-30 20:01:04.577 | INFO     | agents.servers.serverDAE:train_on_clients:43 - Client 14 gets new best val_loss at epoch #4: 0.003383
2025-09-30 20:01:04.927 | INFO     | agents.servers.serverDAE:train_on_clients:43 - Client 15 gets new best val_loss at epoch #4: 0.003518
2025-09-30 20:01:05.272 | INFO     | agents.servers.serverDAE:train_on_clients:43 - Client 16 gets new best val_loss at epoch #4: 0.003204
2025-09-30 20:01:05.623 | INFO     | agents.servers.serverDAE:train_on_clients:43 - Client 17 gets new best val_loss at epoch #4: 0.003713
2025-09-30 20:01:05.969 | INFO     | agents.servers.serverDAE:train_on_clients:43 - Client 18 gets new best val_loss at epoch #4: 0.003554
2025-09-30 20:01:06.322 | INFO     | agents.servers.serverDAE:train_on_clients:43 - Client 19 gets new best val_loss at epoch #4: 0.003600
2025-09-30 20:01:06.324 | INFO     | agents.servers.serverDAE:train_on_clients:65 - 20 clients still training at epoch #4
2025-09-30 20:01:06.342 | INFO     | agents.servers.serverDAE:train_on_clients:22 - Training DAE model epoch #5
2025-09-30 20:01:06.694 | INFO     | agents.servers.serverDAE:train_on_clients:43 - Client 0 gets new best val_loss at epoch #5: 0.002903
2025-09-30 20:01:07.042 | INFO     | agents.servers.serverDAE:train_on_clients:43 - Client 1 gets new best val_loss at epoch #5: 0.003023
2025-09-30 20:01:07.397 | INFO     | agents.servers.serverDAE:train_on_clients:43 - Client 2 gets new best val_loss at epoch #5: 0.002932
2025-09-30 20:01:07.742 | INFO     | agents.servers.serverDAE:train_on_clients:43 - Client 3 gets new best val_loss at epoch #5: 0.002843
2025-09-30 20:01:08.097 | INFO     | agents.servers.serverDAE:train_on_clients:43 - Client 4 gets new best val_loss at epoch #5: 0.002759
2025-09-30 20:01:08.447 | INFO     | agents.servers.serverDAE:train_on_clients:43 - Client 5 gets new best val_loss at epoch #5: 0.003213
2025-09-30 20:01:08.797 | INFO     | agents.servers.serverDAE:train_on_clients:43 - Client 6 gets new best val_loss at epoch #5: 0.003120
2025-09-30 20:01:09.147 | INFO     | agents.servers.serverDAE:train_on_clients:43 - Client 7 gets new best val_loss at epoch #5: 0.003167
2025-09-30 20:01:09.497 | INFO     | agents.servers.serverDAE:train_on_clients:43 - Client 8 gets new best val_loss at epoch #5: 0.002996
2025-09-30 20:01:09.850 | INFO     | agents.servers.serverDAE:train_on_clients:43 - Client 9 gets new best val_loss at epoch #5: 0.003121
2025-09-30 20:01:10.198 | INFO     | agents.servers.serverDAE:train_on_clients:43 - Client 10 gets new best val_loss at epoch #5: 0.003043
2025-09-30 20:01:10.547 | INFO     | agents.servers.serverDAE:train_on_clients:43 - Client 11 gets new best val_loss at epoch #5: 0.003071
2025-09-30 20:01:10.901 | INFO     | agents.servers.serverDAE:train_on_clients:43 - Client 12 gets new best val_loss at epoch #5: 0.002983
2025-09-30 20:01:11.249 | INFO     | agents.servers.serverDAE:train_on_clients:43 - Client 13 gets new best val_loss at epoch #5: 0.002843
2025-09-30 20:01:11.597 | INFO     | agents.servers.serverDAE:train_on_clients:43 - Client 14 gets new best val_loss at epoch #5: 0.002784
2025-09-30 20:01:11.948 | INFO     | agents.servers.serverDAE:train_on_clients:43 - Client 15 gets new best val_loss at epoch #5: 0.002978
2025-09-30 20:01:12.302 | INFO     | agents.servers.serverDAE:train_on_clients:43 - Client 16 gets new best val_loss at epoch #5: 0.002795
2025-09-30 20:01:12.657 | INFO     | agents.servers.serverDAE:train_on_clients:43 - Client 17 gets new best val_loss at epoch #5: 0.003144
2025-09-30 20:01:13.007 | INFO     | agents.servers.serverDAE:train_on_clients:43 - Client 18 gets new best val_loss at epoch #5: 0.002975
2025-09-30 20:01:13.358 | INFO     | agents.servers.serverDAE:train_on_clients:43 - Client 19 gets new best val_loss at epoch #5: 0.002960
2025-09-30 20:01:13.360 | INFO     | agents.servers.serverDAE:train_on_clients:65 - 20 clients still training at epoch #5
2025-09-30 20:01:13.379 | INFO     | agents.servers.serverDAE:train_on_clients:22 - Training DAE model epoch #6
2025-09-30 20:01:13.734 | INFO     | agents.servers.serverDAE:train_on_clients:43 - Client 0 gets new best val_loss at epoch #6: 0.002261
2025-09-30 20:01:14.088 | INFO     | agents.servers.serverDAE:train_on_clients:43 - Client 1 gets new best val_loss at epoch #6: 0.002498
2025-09-30 20:01:14.438 | INFO     | agents.servers.serverDAE:train_on_clients:43 - Client 2 gets new best val_loss at epoch #6: 0.002417
2025-09-30 20:01:14.785 | INFO     | agents.servers.serverDAE:train_on_clients:43 - Client 3 gets new best val_loss at epoch #6: 0.002388
2025-09-30 20:01:15.140 | INFO     | agents.servers.serverDAE:train_on_clients:43 - Client 4 gets new best val_loss at epoch #6: 0.002322
2025-09-30 20:01:15.488 | INFO     | agents.servers.serverDAE:train_on_clients:43 - Client 5 gets new best val_loss at epoch #6: 0.002662
2025-09-30 20:01:15.839 | INFO     | agents.servers.serverDAE:train_on_clients:43 - Client 6 gets new best val_loss at epoch #6: 0.002503
2025-09-30 20:01:16.193 | INFO     | agents.servers.serverDAE:train_on_clients:43 - Client 7 gets new best val_loss at epoch #6: 0.002547
2025-09-30 20:01:16.538 | INFO     | agents.servers.serverDAE:train_on_clients:43 - Client 8 gets new best val_loss at epoch #6: 0.002492
2025-09-30 20:01:16.891 | INFO     | agents.servers.serverDAE:train_on_clients:43 - Client 9 gets new best val_loss at epoch #6: 0.002483
2025-09-30 20:01:17.239 | INFO     | agents.servers.serverDAE:train_on_clients:43 - Client 10 gets new best val_loss at epoch #6: 0.002494
2025-09-30 20:01:17.594 | INFO     | agents.servers.serverDAE:train_on_clients:43 - Client 11 gets new best val_loss at epoch #6: 0.002512
2025-09-30 20:01:17.942 | INFO     | agents.servers.serverDAE:train_on_clients:43 - Client 12 gets new best val_loss at epoch #6: 0.002451
2025-09-30 20:01:18.290 | INFO     | agents.servers.serverDAE:train_on_clients:43 - Client 13 gets new best val_loss at epoch #6: 0.002309
2025-09-30 20:01:18.640 | INFO     | agents.servers.serverDAE:train_on_clients:43 - Client 14 gets new best val_loss at epoch #6: 0.002248
2025-09-30 20:01:18.990 | INFO     | agents.servers.serverDAE:train_on_clients:43 - Client 15 gets new best val_loss at epoch #6: 0.002517
2025-09-30 20:01:19.335 | INFO     | agents.servers.serverDAE:train_on_clients:43 - Client 16 gets new best val_loss at epoch #6: 0.002239
2025-09-30 20:01:19.689 | INFO     | agents.servers.serverDAE:train_on_clients:43 - Client 17 gets new best val_loss at epoch #6: 0.002644
2025-09-30 20:01:20.034 | INFO     | agents.servers.serverDAE:train_on_clients:43 - Client 18 gets new best val_loss at epoch #6: 0.002333
2025-09-30 20:01:20.377 | INFO     | agents.servers.serverDAE:train_on_clients:43 - Client 19 gets new best val_loss at epoch #6: 0.002493
2025-09-30 20:01:20.379 | INFO     | agents.servers.serverDAE:train_on_clients:65 - 20 clients still training at epoch #6
2025-09-30 20:01:20.397 | INFO     | agents.servers.serverDAE:train_on_clients:22 - Training DAE model epoch #7
2025-09-30 20:01:20.749 | INFO     | agents.servers.serverDAE:train_on_clients:43 - Client 0 gets new best val_loss at epoch #7: 0.002094
2025-09-30 20:01:21.097 | INFO     | agents.servers.serverDAE:train_on_clients:43 - Client 1 gets new best val_loss at epoch #7: 0.002294
2025-09-30 20:01:21.445 | INFO     | agents.servers.serverDAE:train_on_clients:43 - Client 2 gets new best val_loss at epoch #7: 0.002111
2025-09-30 20:01:21.806 | INFO     | agents.servers.serverDAE:train_on_clients:43 - Client 3 gets new best val_loss at epoch #7: 0.002113
2025-09-30 20:01:22.156 | INFO     | agents.servers.serverDAE:train_on_clients:43 - Client 4 gets new best val_loss at epoch #7: 0.002079
2025-09-30 20:01:22.498 | INFO     | agents.servers.serverDAE:train_on_clients:43 - Client 5 gets new best val_loss at epoch #7: 0.002335
2025-09-30 20:01:22.832 | INFO     | agents.servers.serverDAE:train_on_clients:43 - Client 6 gets new best val_loss at epoch #7: 0.002165
2025-09-30 20:01:23.175 | INFO     | agents.servers.serverDAE:train_on_clients:43 - Client 7 gets new best val_loss at epoch #7: 0.002339
2025-09-30 20:01:23.515 | INFO     | agents.servers.serverDAE:train_on_clients:43 - Client 8 gets new best val_loss at epoch #7: 0.002145
2025-09-30 20:01:23.856 | INFO     | agents.servers.serverDAE:train_on_clients:43 - Client 9 gets new best val_loss at epoch #7: 0.002224
2025-09-30 20:01:24.198 | INFO     | agents.servers.serverDAE:train_on_clients:43 - Client 10 gets new best val_loss at epoch #7: 0.002200
2025-09-30 20:01:24.537 | INFO     | agents.servers.serverDAE:train_on_clients:43 - Client 11 gets new best val_loss at epoch #7: 0.002245
2025-09-30 20:01:24.876 | INFO     | agents.servers.serverDAE:train_on_clients:43 - Client 12 gets new best val_loss at epoch #7: 0.002164
2025-09-30 20:01:25.236 | INFO     | agents.servers.serverDAE:train_on_clients:43 - Client 13 gets new best val_loss at epoch #7: 0.002087
2025-09-30 20:01:25.586 | INFO     | agents.servers.serverDAE:train_on_clients:43 - Client 14 gets new best val_loss at epoch #7: 0.001986
2025-09-30 20:01:25.935 | INFO     | agents.servers.serverDAE:train_on_clients:43 - Client 15 gets new best val_loss at epoch #7: 0.002228
2025-09-30 20:01:26.287 | INFO     | agents.servers.serverDAE:train_on_clients:43 - Client 16 gets new best val_loss at epoch #7: 0.002072
2025-09-30 20:01:26.639 | INFO     | agents.servers.serverDAE:train_on_clients:43 - Client 17 gets new best val_loss at epoch #7: 0.002381
2025-09-30 20:01:26.989 | INFO     | agents.servers.serverDAE:train_on_clients:43 - Client 18 gets new best val_loss at epoch #7: 0.002132
2025-09-30 20:01:27.340 | INFO     | agents.servers.serverDAE:train_on_clients:43 - Client 19 gets new best val_loss at epoch #7: 0.002223
2025-09-30 20:01:27.341 | INFO     | agents.servers.serverDAE:train_on_clients:65 - 20 clients still training at epoch #7
2025-09-30 20:01:27.359 | INFO     | agents.servers.serverDAE:train_on_clients:22 - Training DAE model epoch #8
2025-09-30 20:01:27.706 | INFO     | agents.servers.serverDAE:train_on_clients:43 - Client 0 gets new best val_loss at epoch #8: 0.001962
2025-09-30 20:01:28.056 | INFO     | agents.servers.serverDAE:train_on_clients:43 - Client 1 gets new best val_loss at epoch #8: 0.002116
2025-09-30 20:01:28.403 | INFO     | agents.servers.serverDAE:train_on_clients:43 - Client 2 gets new best val_loss at epoch #8: 0.001926
2025-09-30 20:01:28.754 | INFO     | agents.servers.serverDAE:train_on_clients:43 - Client 3 gets new best val_loss at epoch #8: 0.001953
2025-09-30 20:01:29.104 | INFO     | agents.servers.serverDAE:train_on_clients:43 - Client 4 gets new best val_loss at epoch #8: 0.001922
2025-09-30 20:01:29.444 | INFO     | agents.servers.serverDAE:train_on_clients:43 - Client 5 gets new best val_loss at epoch #8: 0.002189
2025-09-30 20:01:29.786 | INFO     | agents.servers.serverDAE:train_on_clients:43 - Client 6 gets new best val_loss at epoch #8: 0.002031
2025-09-30 20:01:30.126 | INFO     | agents.servers.serverDAE:train_on_clients:43 - Client 7 gets new best val_loss at epoch #8: 0.002114
2025-09-30 20:01:30.463 | INFO     | agents.servers.serverDAE:train_on_clients:43 - Client 8 gets new best val_loss at epoch #8: 0.001997
2025-09-30 20:01:31.146 | INFO     | agents.servers.serverDAE:train_on_clients:43 - Client 10 gets new best val_loss at epoch #8: 0.002038
2025-09-30 20:01:31.484 | INFO     | agents.servers.serverDAE:train_on_clients:43 - Client 11 gets new best val_loss at epoch #8: 0.002161
2025-09-30 20:01:31.821 | INFO     | agents.servers.serverDAE:train_on_clients:43 - Client 12 gets new best val_loss at epoch #8: 0.002024
2025-09-30 20:01:32.171 | INFO     | agents.servers.serverDAE:train_on_clients:43 - Client 13 gets new best val_loss at epoch #8: 0.001895
2025-09-30 20:01:32.510 | INFO     | agents.servers.serverDAE:train_on_clients:43 - Client 14 gets new best val_loss at epoch #8: 0.001900
2025-09-30 20:01:32.848 | INFO     | agents.servers.serverDAE:train_on_clients:43 - Client 15 gets new best val_loss at epoch #8: 0.002090
2025-09-30 20:01:33.190 | INFO     | agents.servers.serverDAE:train_on_clients:43 - Client 16 gets new best val_loss at epoch #8: 0.001836
2025-09-30 20:01:33.528 | INFO     | agents.servers.serverDAE:train_on_clients:43 - Client 17 gets new best val_loss at epoch #8: 0.002208
2025-09-30 20:01:33.882 | INFO     | agents.servers.serverDAE:train_on_clients:43 - Client 18 gets new best val_loss at epoch #8: 0.001941
2025-09-30 20:01:34.243 | INFO     | agents.servers.serverDAE:train_on_clients:43 - Client 19 gets new best val_loss at epoch #8: 0.001983
2025-09-30 20:01:34.245 | INFO     | agents.servers.serverDAE:train_on_clients:65 - 20 clients still training at epoch #8
2025-09-30 20:01:34.263 | INFO     | agents.servers.serverDAE:train_on_clients:22 - Training DAE model epoch #9
2025-09-30 20:01:34.615 | INFO     | agents.servers.serverDAE:train_on_clients:43 - Client 0 gets new best val_loss at epoch #9: 0.001811
2025-09-30 20:01:34.965 | INFO     | agents.servers.serverDAE:train_on_clients:43 - Client 1 gets new best val_loss at epoch #9: 0.001948
2025-09-30 20:01:35.662 | INFO     | agents.servers.serverDAE:train_on_clients:43 - Client 3 gets new best val_loss at epoch #9: 0.001871
2025-09-30 20:01:36.005 | INFO     | agents.servers.serverDAE:train_on_clients:43 - Client 4 gets new best val_loss at epoch #9: 0.001761
2025-09-30 20:01:36.355 | INFO     | agents.servers.serverDAE:train_on_clients:43 - Client 5 gets new best val_loss at epoch #9: 0.002037
2025-09-30 20:01:36.712 | INFO     | agents.servers.serverDAE:train_on_clients:43 - Client 6 gets new best val_loss at epoch #9: 0.001915
2025-09-30 20:01:37.067 | INFO     | agents.servers.serverDAE:train_on_clients:43 - Client 7 gets new best val_loss at epoch #9: 0.002100
2025-09-30 20:01:37.413 | INFO     | agents.servers.serverDAE:train_on_clients:43 - Client 8 gets new best val_loss at epoch #9: 0.001910
2025-09-30 20:01:37.758 | INFO     | agents.servers.serverDAE:train_on_clients:43 - Client 9 gets new best val_loss at epoch #9: 0.002097
2025-09-30 20:01:38.110 | INFO     | agents.servers.serverDAE:train_on_clients:43 - Client 10 gets new best val_loss at epoch #9: 0.001932
2025-09-30 20:01:38.462 | INFO     | agents.servers.serverDAE:train_on_clients:43 - Client 11 gets new best val_loss at epoch #9: 0.002016
2025-09-30 20:01:38.815 | INFO     | agents.servers.serverDAE:train_on_clients:43 - Client 12 gets new best val_loss at epoch #9: 0.001904
2025-09-30 20:01:39.167 | INFO     | agents.servers.serverDAE:train_on_clients:43 - Client 13 gets new best val_loss at epoch #9: 0.001769
2025-09-30 20:01:39.516 | INFO     | agents.servers.serverDAE:train_on_clients:43 - Client 14 gets new best val_loss at epoch #9: 0.001863
2025-09-30 20:01:39.866 | INFO     | agents.servers.serverDAE:train_on_clients:43 - Client 15 gets new best val_loss at epoch #9: 0.001997
2025-09-30 20:01:40.217 | INFO     | agents.servers.serverDAE:train_on_clients:43 - Client 16 gets new best val_loss at epoch #9: 0.001711
2025-09-30 20:01:40.574 | INFO     | agents.servers.serverDAE:train_on_clients:43 - Client 17 gets new best val_loss at epoch #9: 0.002078
2025-09-30 20:01:40.925 | INFO     | agents.servers.serverDAE:train_on_clients:43 - Client 18 gets new best val_loss at epoch #9: 0.001843
2025-09-30 20:01:41.269 | INFO     | agents.servers.serverDAE:train_on_clients:43 - Client 19 gets new best val_loss at epoch #9: 0.001885
2025-09-30 20:01:41.271 | INFO     | agents.servers.serverDAE:train_on_clients:65 - 20 clients still training at epoch #9
2025-09-30 20:01:41.290 | INFO     | agents.servers.serverDAE:train_on_clients:22 - Training DAE model epoch #10
2025-09-30 20:01:41.646 | INFO     | agents.servers.serverDAE:train_on_clients:43 - Client 0 gets new best val_loss at epoch #10: 0.001717
2025-09-30 20:01:41.648 | INFO     | agents.servers.serverDAE:train_on_clients:59 - Saved model for client 0 at epoch 10 -> saved_models/DAE/average/wsn_ds/epoch_10_client_0.pt
2025-09-30 20:01:42.001 | INFO     | agents.servers.serverDAE:train_on_clients:43 - Client 1 gets new best val_loss at epoch #10: 0.001888
2025-09-30 20:01:42.002 | INFO     | agents.servers.serverDAE:train_on_clients:59 - Saved model for client 1 at epoch 10 -> saved_models/DAE/average/wsn_ds/epoch_10_client_1.pt
2025-09-30 20:01:42.353 | INFO     | agents.servers.serverDAE:train_on_clients:43 - Client 2 gets new best val_loss at epoch #10: 0.001738
2025-09-30 20:01:42.354 | INFO     | agents.servers.serverDAE:train_on_clients:59 - Saved model for client 2 at epoch 10 -> saved_models/DAE/average/wsn_ds/epoch_10_client_2.pt
2025-09-30 20:01:42.704 | INFO     | agents.servers.serverDAE:train_on_clients:43 - Client 3 gets new best val_loss at epoch #10: 0.001747
2025-09-30 20:01:42.706 | INFO     | agents.servers.serverDAE:train_on_clients:59 - Saved model for client 3 at epoch 10 -> saved_models/DAE/average/wsn_ds/epoch_10_client_3.pt
2025-09-30 20:01:43.057 | INFO     | agents.servers.serverDAE:train_on_clients:43 - Client 4 gets new best val_loss at epoch #10: 0.001640
2025-09-30 20:01:43.058 | INFO     | agents.servers.serverDAE:train_on_clients:59 - Saved model for client 4 at epoch 10 -> saved_models/DAE/average/wsn_ds/epoch_10_client_4.pt
2025-09-30 20:01:43.405 | INFO     | agents.servers.serverDAE:train_on_clients:43 - Client 5 gets new best val_loss at epoch #10: 0.001940
2025-09-30 20:01:43.406 | INFO     | agents.servers.serverDAE:train_on_clients:59 - Saved model for client 5 at epoch 10 -> saved_models/DAE/average/wsn_ds/epoch_10_client_5.pt
2025-09-30 20:01:43.758 | INFO     | agents.servers.serverDAE:train_on_clients:43 - Client 6 gets new best val_loss at epoch #10: 0.001817
2025-09-30 20:01:43.760 | INFO     | agents.servers.serverDAE:train_on_clients:59 - Saved model for client 6 at epoch 10 -> saved_models/DAE/average/wsn_ds/epoch_10_client_6.pt
2025-09-30 20:01:44.112 | INFO     | agents.servers.serverDAE:train_on_clients:43 - Client 7 gets new best val_loss at epoch #10: 0.001893
2025-09-30 20:01:44.113 | INFO     | agents.servers.serverDAE:train_on_clients:59 - Saved model for client 7 at epoch 10 -> saved_models/DAE/average/wsn_ds/epoch_10_client_7.pt
2025-09-30 20:01:44.465 | INFO     | agents.servers.serverDAE:train_on_clients:43 - Client 8 gets new best val_loss at epoch #10: 0.001792
2025-09-30 20:01:44.467 | INFO     | agents.servers.serverDAE:train_on_clients:59 - Saved model for client 8 at epoch 10 -> saved_models/DAE/average/wsn_ds/epoch_10_client_8.pt
2025-09-30 20:01:44.821 | INFO     | agents.servers.serverDAE:train_on_clients:43 - Client 9 gets new best val_loss at epoch #10: 0.001870
2025-09-30 20:01:44.822 | INFO     | agents.servers.serverDAE:train_on_clients:59 - Saved model for client 9 at epoch 10 -> saved_models/DAE/average/wsn_ds/epoch_10_client_9.pt
2025-09-30 20:01:45.174 | INFO     | agents.servers.serverDAE:train_on_clients:43 - Client 10 gets new best val_loss at epoch #10: 0.001865
2025-09-30 20:01:45.176 | INFO     | agents.servers.serverDAE:train_on_clients:59 - Saved model for client 10 at epoch 10 -> saved_models/DAE/average/wsn_ds/epoch_10_client_10.pt
2025-09-30 20:01:45.529 | INFO     | agents.servers.serverDAE:train_on_clients:43 - Client 11 gets new best val_loss at epoch #10: 0.001849
2025-09-30 20:01:45.531 | INFO     | agents.servers.serverDAE:train_on_clients:59 - Saved model for client 11 at epoch 10 -> saved_models/DAE/average/wsn_ds/epoch_10_client_11.pt
2025-09-30 20:01:45.885 | INFO     | agents.servers.serverDAE:train_on_clients:43 - Client 12 gets new best val_loss at epoch #10: 0.001869
2025-09-30 20:01:45.886 | INFO     | agents.servers.serverDAE:train_on_clients:59 - Saved model for client 12 at epoch 10 -> saved_models/DAE/average/wsn_ds/epoch_10_client_12.pt
2025-09-30 20:01:46.242 | INFO     | agents.servers.serverDAE:train_on_clients:43 - Client 13 gets new best val_loss at epoch #10: 0.001690
2025-09-30 20:01:46.243 | INFO     | agents.servers.serverDAE:train_on_clients:59 - Saved model for client 13 at epoch 10 -> saved_models/DAE/average/wsn_ds/epoch_10_client_13.pt
2025-09-30 20:01:46.598 | INFO     | agents.servers.serverDAE:train_on_clients:43 - Client 14 gets new best val_loss at epoch #10: 0.001676
2025-09-30 20:01:46.600 | INFO     | agents.servers.serverDAE:train_on_clients:59 - Saved model for client 14 at epoch 10 -> saved_models/DAE/average/wsn_ds/epoch_10_client_14.pt
2025-09-30 20:01:46.959 | INFO     | agents.servers.serverDAE:train_on_clients:43 - Client 15 gets new best val_loss at epoch #10: 0.001894
2025-09-30 20:01:46.960 | INFO     | agents.servers.serverDAE:train_on_clients:59 - Saved model for client 15 at epoch 10 -> saved_models/DAE/average/wsn_ds/epoch_10_client_15.pt
2025-09-30 20:01:47.313 | INFO     | agents.servers.serverDAE:train_on_clients:43 - Client 16 gets new best val_loss at epoch #10: 0.001667
2025-09-30 20:01:47.314 | INFO     | agents.servers.serverDAE:train_on_clients:59 - Saved model for client 16 at epoch 10 -> saved_models/DAE/average/wsn_ds/epoch_10_client_16.pt
2025-09-30 20:01:47.668 | INFO     | agents.servers.serverDAE:train_on_clients:43 - Client 17 gets new best val_loss at epoch #10: 0.001970
2025-09-30 20:01:47.669 | INFO     | agents.servers.serverDAE:train_on_clients:59 - Saved model for client 17 at epoch 10 -> saved_models/DAE/average/wsn_ds/epoch_10_client_17.pt
2025-09-30 20:01:48.020 | INFO     | agents.servers.serverDAE:train_on_clients:43 - Client 18 gets new best val_loss at epoch #10: 0.001734
2025-09-30 20:01:48.021 | INFO     | agents.servers.serverDAE:train_on_clients:59 - Saved model for client 18 at epoch 10 -> saved_models/DAE/average/wsn_ds/epoch_10_client_18.pt
2025-09-30 20:01:48.370 | INFO     | agents.servers.serverDAE:train_on_clients:43 - Client 19 gets new best val_loss at epoch #10: 0.001821
2025-09-30 20:01:48.371 | INFO     | agents.servers.serverDAE:train_on_clients:59 - Saved model for client 19 at epoch 10 -> saved_models/DAE/average/wsn_ds/epoch_10_client_19.pt
2025-09-30 20:01:48.373 | INFO     | agents.servers.serverDAE:train_on_clients:65 - 20 clients still training at epoch #10
2025-09-30 20:01:48.390 | INFO     | agents.servers.serverDAE:train_on_clients:22 - Training DAE model epoch #11
2025-09-30 20:01:48.749 | INFO     | agents.servers.serverDAE:train_on_clients:43 - Client 0 gets new best val_loss at epoch #11: 0.001613
2025-09-30 20:01:49.098 | INFO     | agents.servers.serverDAE:train_on_clients:43 - Client 1 gets new best val_loss at epoch #11: 0.001756
2025-09-30 20:01:49.445 | INFO     | agents.servers.serverDAE:train_on_clients:43 - Client 2 gets new best val_loss at epoch #11: 0.001670
2025-09-30 20:01:49.796 | INFO     | agents.servers.serverDAE:train_on_clients:43 - Client 3 gets new best val_loss at epoch #11: 0.001661
2025-09-30 20:01:50.143 | INFO     | agents.servers.serverDAE:train_on_clients:43 - Client 4 gets new best val_loss at epoch #11: 0.001515
2025-09-30 20:01:50.493 | INFO     | agents.servers.serverDAE:train_on_clients:43 - Client 5 gets new best val_loss at epoch #11: 0.001794
2025-09-30 20:01:50.844 | INFO     | agents.servers.serverDAE:train_on_clients:43 - Client 6 gets new best val_loss at epoch #11: 0.001687
2025-09-30 20:01:51.189 | INFO     | agents.servers.serverDAE:train_on_clients:43 - Client 7 gets new best val_loss at epoch #11: 0.001830
2025-09-30 20:01:51.532 | INFO     | agents.servers.serverDAE:train_on_clients:43 - Client 8 gets new best val_loss at epoch #11: 0.001648
2025-09-30 20:01:51.880 | INFO     | agents.servers.serverDAE:train_on_clients:43 - Client 9 gets new best val_loss at epoch #11: 0.001779
2025-09-30 20:01:52.225 | INFO     | agents.servers.serverDAE:train_on_clients:43 - Client 10 gets new best val_loss at epoch #11: 0.001693
2025-09-30 20:01:52.918 | INFO     | agents.servers.serverDAE:train_on_clients:43 - Client 12 gets new best val_loss at epoch #11: 0.001738
2025-09-30 20:01:53.951 | INFO     | agents.servers.serverDAE:train_on_clients:43 - Client 15 gets new best val_loss at epoch #11: 0.001786
2025-09-30 20:01:54.300 | INFO     | agents.servers.serverDAE:train_on_clients:43 - Client 16 gets new best val_loss at epoch #11: 0.001545
2025-09-30 20:01:54.648 | INFO     | agents.servers.serverDAE:train_on_clients:43 - Client 17 gets new best val_loss at epoch #11: 0.001822
2025-09-30 20:01:55.003 | INFO     | agents.servers.serverDAE:train_on_clients:43 - Client 18 gets new best val_loss at epoch #11: 0.001695
2025-09-30 20:01:55.368 | INFO     | agents.servers.serverDAE:train_on_clients:43 - Client 19 gets new best val_loss at epoch #11: 0.001715
2025-09-30 20:01:55.370 | INFO     | agents.servers.serverDAE:train_on_clients:65 - 20 clients still training at epoch #11
2025-09-30 20:01:55.388 | INFO     | agents.servers.serverDAE:train_on_clients:22 - Training DAE model epoch #12
2025-09-30 20:01:55.756 | INFO     | agents.servers.serverDAE:train_on_clients:43 - Client 0 gets new best val_loss at epoch #12: 0.001563
2025-09-30 20:01:56.142 | INFO     | agents.servers.serverDAE:train_on_clients:43 - Client 1 gets new best val_loss at epoch #12: 0.001675
2025-09-30 20:01:56.488 | INFO     | agents.servers.serverDAE:train_on_clients:43 - Client 2 gets new best val_loss at epoch #12: 0.001466
2025-09-30 20:01:56.843 | INFO     | agents.servers.serverDAE:train_on_clients:43 - Client 3 gets new best val_loss at epoch #12: 0.001647
2025-09-30 20:01:57.198 | INFO     | agents.servers.serverDAE:train_on_clients:43 - Client 4 gets new best val_loss at epoch #12: 0.001455
2025-09-30 20:01:57.910 | INFO     | agents.servers.serverDAE:train_on_clients:43 - Client 6 gets new best val_loss at epoch #12: 0.001590
2025-09-30 20:01:58.264 | INFO     | agents.servers.serverDAE:train_on_clients:43 - Client 7 gets new best val_loss at epoch #12: 0.001641
2025-09-30 20:01:58.610 | INFO     | agents.servers.serverDAE:train_on_clients:43 - Client 8 gets new best val_loss at epoch #12: 0.001583
2025-09-30 20:01:58.964 | INFO     | agents.servers.serverDAE:train_on_clients:43 - Client 9 gets new best val_loss at epoch #12: 0.001700
2025-09-30 20:01:59.321 | INFO     | agents.servers.serverDAE:train_on_clients:43 - Client 10 gets new best val_loss at epoch #12: 0.001615
2025-09-30 20:01:59.670 | INFO     | agents.servers.serverDAE:train_on_clients:43 - Client 11 gets new best val_loss at epoch #12: 0.001669
2025-09-30 20:02:00.024 | INFO     | agents.servers.serverDAE:train_on_clients:43 - Client 12 gets new best val_loss at epoch #12: 0.001580
2025-09-30 20:02:00.374 | INFO     | agents.servers.serverDAE:train_on_clients:43 - Client 13 gets new best val_loss at epoch #12: 0.001550
2025-09-30 20:02:00.726 | INFO     | agents.servers.serverDAE:train_on_clients:43 - Client 14 gets new best val_loss at epoch #12: 0.001523
2025-09-30 20:02:01.080 | INFO     | agents.servers.serverDAE:train_on_clients:43 - Client 15 gets new best val_loss at epoch #12: 0.001668
2025-09-30 20:02:01.429 | INFO     | agents.servers.serverDAE:train_on_clients:43 - Client 16 gets new best val_loss at epoch #12: 0.001453
2025-09-30 20:02:01.773 | INFO     | agents.servers.serverDAE:train_on_clients:43 - Client 17 gets new best val_loss at epoch #12: 0.001798
2025-09-30 20:02:02.119 | INFO     | agents.servers.serverDAE:train_on_clients:43 - Client 18 gets new best val_loss at epoch #12: 0.001625
2025-09-30 20:02:02.470 | INFO     | agents.servers.serverDAE:train_on_clients:43 - Client 19 gets new best val_loss at epoch #12: 0.001609
2025-09-30 20:02:02.472 | INFO     | agents.servers.serverDAE:train_on_clients:65 - 20 clients still training at epoch #12
2025-09-30 20:02:02.490 | INFO     | agents.servers.serverDAE:train_on_clients:22 - Training DAE model epoch #13
2025-09-30 20:02:02.840 | INFO     | agents.servers.serverDAE:train_on_clients:43 - Client 0 gets new best val_loss at epoch #13: 0.001511
2025-09-30 20:02:03.190 | INFO     | agents.servers.serverDAE:train_on_clients:43 - Client 1 gets new best val_loss at epoch #13: 0.001639
2025-09-30 20:02:03.537 | INFO     | agents.servers.serverDAE:train_on_clients:43 - Client 2 gets new best val_loss at epoch #13: 0.001389
2025-09-30 20:02:03.889 | INFO     | agents.servers.serverDAE:train_on_clients:43 - Client 3 gets new best val_loss at epoch #13: 0.001478
2025-09-30 20:02:04.237 | INFO     | agents.servers.serverDAE:train_on_clients:43 - Client 4 gets new best val_loss at epoch #13: 0.001384
2025-09-30 20:02:04.585 | INFO     | agents.servers.serverDAE:train_on_clients:43 - Client 5 gets new best val_loss at epoch #13: 0.001642
2025-09-30 20:02:05.630 | INFO     | agents.servers.serverDAE:train_on_clients:43 - Client 8 gets new best val_loss at epoch #13: 0.001525
2025-09-30 20:02:05.978 | INFO     | agents.servers.serverDAE:train_on_clients:43 - Client 9 gets new best val_loss at epoch #13: 0.001663
2025-09-30 20:02:06.329 | INFO     | agents.servers.serverDAE:train_on_clients:43 - Client 10 gets new best val_loss at epoch #13: 0.001481
2025-09-30 20:02:07.030 | INFO     | agents.servers.serverDAE:train_on_clients:43 - Client 12 gets new best val_loss at epoch #13: 0.001554
2025-09-30 20:02:07.386 | INFO     | agents.servers.serverDAE:train_on_clients:43 - Client 13 gets new best val_loss at epoch #13: 0.001516
2025-09-30 20:02:07.734 | INFO     | agents.servers.serverDAE:train_on_clients:43 - Client 14 gets new best val_loss at epoch #13: 0.001422
2025-09-30 20:02:08.086 | INFO     | agents.servers.serverDAE:train_on_clients:43 - Client 15 gets new best val_loss at epoch #13: 0.001610
2025-09-30 20:02:08.786 | INFO     | agents.servers.serverDAE:train_on_clients:43 - Client 17 gets new best val_loss at epoch #13: 0.001618
2025-09-30 20:02:09.486 | INFO     | agents.servers.serverDAE:train_on_clients:43 - Client 19 gets new best val_loss at epoch #13: 0.001512
2025-09-30 20:02:09.488 | INFO     | agents.servers.serverDAE:train_on_clients:65 - 20 clients still training at epoch #13
2025-09-30 20:02:09.506 | INFO     | agents.servers.serverDAE:train_on_clients:22 - Training DAE model epoch #14
2025-09-30 20:02:09.857 | INFO     | agents.servers.serverDAE:train_on_clients:43 - Client 0 gets new best val_loss at epoch #14: 0.001418
2025-09-30 20:02:10.206 | INFO     | agents.servers.serverDAE:train_on_clients:43 - Client 1 gets new best val_loss at epoch #14: 0.001510
2025-09-30 20:02:11.253 | INFO     | agents.servers.serverDAE:train_on_clients:43 - Client 4 gets new best val_loss at epoch #14: 0.001300
2025-09-30 20:02:11.603 | INFO     | agents.servers.serverDAE:train_on_clients:43 - Client 5 gets new best val_loss at epoch #14: 0.001522
2025-09-30 20:02:11.950 | INFO     | agents.servers.serverDAE:train_on_clients:43 - Client 6 gets new best val_loss at epoch #14: 0.001419
2025-09-30 20:02:12.299 | INFO     | agents.servers.serverDAE:train_on_clients:43 - Client 7 gets new best val_loss at epoch #14: 0.001529
2025-09-30 20:02:12.651 | INFO     | agents.servers.serverDAE:train_on_clients:43 - Client 8 gets new best val_loss at epoch #14: 0.001422
2025-09-30 20:02:13.000 | INFO     | agents.servers.serverDAE:train_on_clients:43 - Client 9 gets new best val_loss at epoch #14: 0.001499
2025-09-30 20:02:13.708 | INFO     | agents.servers.serverDAE:train_on_clients:43 - Client 11 gets new best val_loss at epoch #14: 0.001511
2025-09-30 20:02:14.058 | INFO     | agents.servers.serverDAE:train_on_clients:43 - Client 12 gets new best val_loss at epoch #14: 0.001465
2025-09-30 20:02:14.409 | INFO     | agents.servers.serverDAE:train_on_clients:43 - Client 13 gets new best val_loss at epoch #14: 0.001394
2025-09-30 20:02:14.759 | INFO     | agents.servers.serverDAE:train_on_clients:43 - Client 14 gets new best val_loss at epoch #14: 0.001345
2025-09-30 20:02:15.108 | INFO     | agents.servers.serverDAE:train_on_clients:43 - Client 15 gets new best val_loss at epoch #14: 0.001597
2025-09-30 20:02:15.458 | INFO     | agents.servers.serverDAE:train_on_clients:43 - Client 16 gets new best val_loss at epoch #14: 0.001367
2025-09-30 20:02:15.811 | INFO     | agents.servers.serverDAE:train_on_clients:43 - Client 17 gets new best val_loss at epoch #14: 0.001513
2025-09-30 20:02:16.162 | INFO     | agents.servers.serverDAE:train_on_clients:43 - Client 18 gets new best val_loss at epoch #14: 0.001486
2025-09-30 20:02:16.511 | INFO     | agents.servers.serverDAE:train_on_clients:43 - Client 19 gets new best val_loss at epoch #14: 0.001510
2025-09-30 20:02:16.513 | INFO     | agents.servers.serverDAE:train_on_clients:65 - 20 clients still training at epoch #14
2025-09-30 20:02:16.531 | INFO     | agents.servers.serverDAE:train_on_clients:22 - Training DAE model epoch #15
2025-09-30 20:02:16.879 | INFO     | agents.servers.serverDAE:train_on_clients:43 - Client 0 gets new best val_loss at epoch #15: 0.001394
2025-09-30 20:02:17.229 | INFO     | agents.servers.serverDAE:train_on_clients:43 - Client 1 gets new best val_loss at epoch #15: 0.001418
2025-09-30 20:02:17.932 | INFO     | agents.servers.serverDAE:train_on_clients:43 - Client 3 gets new best val_loss at epoch #15: 0.001402
2025-09-30 20:02:18.643 | INFO     | agents.servers.serverDAE:train_on_clients:43 - Client 5 gets new best val_loss at epoch #15: 0.001475
2025-09-30 20:02:19.345 | INFO     | agents.servers.serverDAE:train_on_clients:43 - Client 7 gets new best val_loss at epoch #15: 0.001440
2025-09-30 20:02:19.691 | INFO     | agents.servers.serverDAE:train_on_clients:43 - Client 8 gets new best val_loss at epoch #15: 0.001349
2025-09-30 20:02:20.039 | INFO     | agents.servers.serverDAE:train_on_clients:43 - Client 9 gets new best val_loss at epoch #15: 0.001487
2025-09-30 20:02:20.389 | INFO     | agents.servers.serverDAE:train_on_clients:43 - Client 10 gets new best val_loss at epoch #15: 0.001337
2025-09-30 20:02:20.742 | INFO     | agents.servers.serverDAE:train_on_clients:43 - Client 11 gets new best val_loss at epoch #15: 0.001501
2025-09-30 20:02:21.093 | INFO     | agents.servers.serverDAE:train_on_clients:43 - Client 12 gets new best val_loss at epoch #15: 0.001419
2025-09-30 20:02:21.444 | INFO     | agents.servers.serverDAE:train_on_clients:43 - Client 13 gets new best val_loss at epoch #15: 0.001341
2025-09-30 20:02:21.791 | INFO     | agents.servers.serverDAE:train_on_clients:43 - Client 14 gets new best val_loss at epoch #15: 0.001261
2025-09-30 20:02:22.144 | INFO     | agents.servers.serverDAE:train_on_clients:43 - Client 15 gets new best val_loss at epoch #15: 0.001506
2025-09-30 20:02:22.497 | INFO     | agents.servers.serverDAE:train_on_clients:43 - Client 16 gets new best val_loss at epoch #15: 0.001305
2025-09-30 20:02:22.847 | INFO     | agents.servers.serverDAE:train_on_clients:43 - Client 17 gets new best val_loss at epoch #15: 0.001454
2025-09-30 20:02:23.543 | INFO     | agents.servers.serverDAE:train_on_clients:65 - 20 clients still training at epoch #15
2025-09-30 20:02:23.561 | INFO     | agents.servers.serverDAE:train_on_clients:22 - Training DAE model epoch #16
2025-09-30 20:02:23.911 | INFO     | agents.servers.serverDAE:train_on_clients:43 - Client 0 gets new best val_loss at epoch #16: 0.001326
2025-09-30 20:02:24.259 | INFO     | agents.servers.serverDAE:train_on_clients:43 - Client 1 gets new best val_loss at epoch #16: 0.001364
2025-09-30 20:02:24.612 | INFO     | agents.servers.serverDAE:train_on_clients:43 - Client 2 gets new best val_loss at epoch #16: 0.001302
2025-09-30 20:02:25.316 | INFO     | agents.servers.serverDAE:train_on_clients:43 - Client 4 gets new best val_loss at epoch #16: 0.001269
2025-09-30 20:02:25.670 | INFO     | agents.servers.serverDAE:train_on_clients:43 - Client 5 gets new best val_loss at epoch #16: 0.001457
2025-09-30 20:02:26.022 | INFO     | agents.servers.serverDAE:train_on_clients:43 - Client 6 gets new best val_loss at epoch #16: 0.001381
2025-09-30 20:02:26.379 | INFO     | agents.servers.serverDAE:train_on_clients:43 - Client 7 gets new best val_loss at epoch #16: 0.001409
2025-09-30 20:02:26.733 | INFO     | agents.servers.serverDAE:train_on_clients:43 - Client 8 gets new best val_loss at epoch #16: 0.001291
2025-09-30 20:02:27.082 | INFO     | agents.servers.serverDAE:train_on_clients:43 - Client 9 gets new best val_loss at epoch #16: 0.001407
2025-09-30 20:02:27.437 | INFO     | agents.servers.serverDAE:train_on_clients:43 - Client 10 gets new best val_loss at epoch #16: 0.001293
2025-09-30 20:02:28.137 | INFO     | agents.servers.serverDAE:train_on_clients:43 - Client 12 gets new best val_loss at epoch #16: 0.001318
2025-09-30 20:02:28.488 | INFO     | agents.servers.serverDAE:train_on_clients:43 - Client 13 gets new best val_loss at epoch #16: 0.001281
2025-09-30 20:02:28.839 | INFO     | agents.servers.serverDAE:train_on_clients:43 - Client 14 gets new best val_loss at epoch #16: 0.001243
2025-09-30 20:02:29.193 | INFO     | agents.servers.serverDAE:train_on_clients:43 - Client 15 gets new best val_loss at epoch #16: 0.001446
2025-09-30 20:02:29.545 | INFO     | agents.servers.serverDAE:train_on_clients:43 - Client 16 gets new best val_loss at epoch #16: 0.001289
2025-09-30 20:02:30.246 | INFO     | agents.servers.serverDAE:train_on_clients:43 - Client 18 gets new best val_loss at epoch #16: 0.001338
2025-09-30 20:02:30.602 | INFO     | agents.servers.serverDAE:train_on_clients:65 - 20 clients still training at epoch #16
2025-09-30 20:02:30.620 | INFO     | agents.servers.serverDAE:train_on_clients:22 - Training DAE model epoch #17
2025-09-30 20:02:30.973 | INFO     | agents.servers.serverDAE:train_on_clients:43 - Client 0 gets new best val_loss at epoch #17: 0.001260
2025-09-30 20:02:31.325 | INFO     | agents.servers.serverDAE:train_on_clients:43 - Client 1 gets new best val_loss at epoch #17: 0.001342
2025-09-30 20:02:31.679 | INFO     | agents.servers.serverDAE:train_on_clients:43 - Client 2 gets new best val_loss at epoch #17: 0.001227
2025-09-30 20:02:32.030 | INFO     | agents.servers.serverDAE:train_on_clients:43 - Client 3 gets new best val_loss at epoch #17: 0.001327
2025-09-30 20:02:32.383 | INFO     | agents.servers.serverDAE:train_on_clients:43 - Client 4 gets new best val_loss at epoch #17: 0.001237
2025-09-30 20:02:33.092 | INFO     | agents.servers.serverDAE:train_on_clients:43 - Client 6 gets new best val_loss at epoch #17: 0.001267
2025-09-30 20:02:33.444 | INFO     | agents.servers.serverDAE:train_on_clients:43 - Client 7 gets new best val_loss at epoch #17: 0.001384
2025-09-30 20:02:34.846 | INFO     | agents.servers.serverDAE:train_on_clients:43 - Client 11 gets new best val_loss at epoch #17: 0.001438
2025-09-30 20:02:35.907 | INFO     | agents.servers.serverDAE:train_on_clients:43 - Client 14 gets new best val_loss at epoch #17: 0.001220
2025-09-30 20:02:36.256 | INFO     | agents.servers.serverDAE:train_on_clients:43 - Client 15 gets new best val_loss at epoch #17: 0.001366
2025-09-30 20:02:37.657 | INFO     | agents.servers.serverDAE:train_on_clients:43 - Client 19 gets new best val_loss at epoch #17: 0.001434
2025-09-30 20:02:37.659 | INFO     | agents.servers.serverDAE:train_on_clients:65 - 20 clients still training at epoch #17
2025-09-30 20:02:37.677 | INFO     | agents.servers.serverDAE:train_on_clients:22 - Training DAE model epoch #18
2025-09-30 20:02:39.079 | INFO     | agents.servers.serverDAE:train_on_clients:43 - Client 3 gets new best val_loss at epoch #18: 0.001299
2025-09-30 20:02:39.434 | INFO     | agents.servers.serverDAE:train_on_clients:43 - Client 4 gets new best val_loss at epoch #18: 0.001136
2025-09-30 20:02:39.786 | INFO     | agents.servers.serverDAE:train_on_clients:43 - Client 5 gets new best val_loss at epoch #18: 0.001447
2025-09-30 20:02:40.487 | INFO     | agents.servers.serverDAE:train_on_clients:43 - Client 7 gets new best val_loss at epoch #18: 0.001363
2025-09-30 20:02:40.844 | INFO     | agents.servers.serverDAE:train_on_clients:43 - Client 8 gets new best val_loss at epoch #18: 0.001246
2025-09-30 20:02:41.196 | INFO     | agents.servers.serverDAE:train_on_clients:43 - Client 9 gets new best val_loss at epoch #18: 0.001355
2025-09-30 20:02:41.550 | INFO     | agents.servers.serverDAE:train_on_clients:43 - Client 10 gets new best val_loss at epoch #18: 0.001261
2025-09-30 20:02:41.903 | INFO     | agents.servers.serverDAE:train_on_clients:43 - Client 11 gets new best val_loss at epoch #18: 0.001418
2025-09-30 20:02:42.259 | INFO     | agents.servers.serverDAE:train_on_clients:43 - Client 12 gets new best val_loss at epoch #18: 0.001268
2025-09-30 20:02:42.962 | INFO     | agents.servers.serverDAE:train_on_clients:43 - Client 14 gets new best val_loss at epoch #18: 0.001172
2025-09-30 20:02:43.666 | INFO     | agents.servers.serverDAE:train_on_clients:43 - Client 16 gets new best val_loss at epoch #18: 0.001286
2025-09-30 20:02:44.024 | INFO     | agents.servers.serverDAE:train_on_clients:43 - Client 17 gets new best val_loss at epoch #18: 0.001391
2025-09-30 20:02:44.374 | INFO     | agents.servers.serverDAE:train_on_clients:43 - Client 18 gets new best val_loss at epoch #18: 0.001317
2025-09-30 20:02:44.723 | INFO     | agents.servers.serverDAE:train_on_clients:43 - Client 19 gets new best val_loss at epoch #18: 0.001368
2025-09-30 20:02:44.725 | INFO     | agents.servers.serverDAE:train_on_clients:65 - 20 clients still training at epoch #18
2025-09-30 20:02:44.743 | INFO     | agents.servers.serverDAE:train_on_clients:22 - Training DAE model epoch #19
2025-09-30 20:02:45.091 | INFO     | agents.servers.serverDAE:train_on_clients:43 - Client 0 gets new best val_loss at epoch #19: 0.001218
2025-09-30 20:02:45.441 | INFO     | agents.servers.serverDAE:train_on_clients:43 - Client 1 gets new best val_loss at epoch #19: 0.001300
2025-09-30 20:02:45.792 | INFO     | agents.servers.serverDAE:train_on_clients:43 - Client 2 gets new best val_loss at epoch #19: 0.001196
2025-09-30 20:02:46.142 | INFO     | agents.servers.serverDAE:train_on_clients:43 - Client 3 gets new best val_loss at epoch #19: 0.001279
2025-09-30 20:02:46.501 | INFO     | agents.servers.serverDAE:train_on_clients:43 - Client 4 gets new best val_loss at epoch #19: 0.001124
2025-09-30 20:02:46.852 | INFO     | agents.servers.serverDAE:train_on_clients:43 - Client 5 gets new best val_loss at epoch #19: 0.001360
2025-09-30 20:02:47.551 | INFO     | agents.servers.serverDAE:train_on_clients:43 - Client 7 gets new best val_loss at epoch #19: 0.001335
2025-09-30 20:02:48.250 | INFO     | agents.servers.serverDAE:train_on_clients:43 - Client 9 gets new best val_loss at epoch #19: 0.001354
2025-09-30 20:02:48.605 | INFO     | agents.servers.serverDAE:train_on_clients:43 - Client 10 gets new best val_loss at epoch #19: 0.001214
2025-09-30 20:02:48.958 | INFO     | agents.servers.serverDAE:train_on_clients:43 - Client 11 gets new best val_loss at epoch #19: 0.001316
2025-09-30 20:02:49.312 | INFO     | agents.servers.serverDAE:train_on_clients:43 - Client 12 gets new best val_loss at epoch #19: 0.001266
2025-09-30 20:02:49.667 | INFO     | agents.servers.serverDAE:train_on_clients:43 - Client 13 gets new best val_loss at epoch #19: 0.001259
2025-09-30 20:02:50.018 | INFO     | agents.servers.serverDAE:train_on_clients:43 - Client 14 gets new best val_loss at epoch #19: 0.001119
2025-09-30 20:02:50.372 | INFO     | agents.servers.serverDAE:train_on_clients:43 - Client 15 gets new best val_loss at epoch #19: 0.001341
2025-09-30 20:02:50.726 | INFO     | agents.servers.serverDAE:train_on_clients:43 - Client 16 gets new best val_loss at epoch #19: 0.001191
2025-09-30 20:02:51.084 | INFO     | agents.servers.serverDAE:train_on_clients:43 - Client 17 gets new best val_loss at epoch #19: 0.001380
2025-09-30 20:02:51.439 | INFO     | agents.servers.serverDAE:train_on_clients:43 - Client 18 gets new best val_loss at epoch #19: 0.001295
2025-09-30 20:02:51.791 | INFO     | agents.servers.serverDAE:train_on_clients:43 - Client 19 gets new best val_loss at epoch #19: 0.001240
2025-09-30 20:02:51.793 | INFO     | agents.servers.serverDAE:train_on_clients:65 - 20 clients still training at epoch #19
2025-09-30 20:02:51.811 | INFO     | agents.servers.serverDAE:train_on_clients:22 - Training DAE model epoch #20
2025-09-30 20:02:52.155 | INFO     | agents.servers.serverDAE:train_on_clients:59 - Saved model for client 0 at epoch 20 -> saved_models/DAE/average/wsn_ds/epoch_20_client_0.pt
2025-09-30 20:02:52.506 | INFO     | agents.servers.serverDAE:train_on_clients:43 - Client 1 gets new best val_loss at epoch #20: 0.001267
2025-09-30 20:02:52.508 | INFO     | agents.servers.serverDAE:train_on_clients:59 - Saved model for client 1 at epoch 20 -> saved_models/DAE/average/wsn_ds/epoch_20_client_1.pt
2025-09-30 20:02:52.859 | INFO     | agents.servers.serverDAE:train_on_clients:43 - Client 2 gets new best val_loss at epoch #20: 0.001162
2025-09-30 20:02:52.860 | INFO     | agents.servers.serverDAE:train_on_clients:59 - Saved model for client 2 at epoch 20 -> saved_models/DAE/average/wsn_ds/epoch_20_client_2.pt
2025-09-30 20:02:53.213 | INFO     | agents.servers.serverDAE:train_on_clients:59 - Saved model for client 3 at epoch 20 -> saved_models/DAE/average/wsn_ds/epoch_20_client_3.pt
2025-09-30 20:02:53.564 | INFO     | agents.servers.serverDAE:train_on_clients:59 - Saved model for client 4 at epoch 20 -> saved_models/DAE/average/wsn_ds/epoch_20_client_4.pt
2025-09-30 20:02:53.915 | INFO     | agents.servers.serverDAE:train_on_clients:59 - Saved model for client 5 at epoch 20 -> saved_models/DAE/average/wsn_ds/epoch_20_client_5.pt
2025-09-30 20:02:54.261 | INFO     | agents.servers.serverDAE:train_on_clients:43 - Client 6 gets new best val_loss at epoch #20: 0.001233
2025-09-30 20:02:54.262 | INFO     | agents.servers.serverDAE:train_on_clients:59 - Saved model for client 6 at epoch 20 -> saved_models/DAE/average/wsn_ds/epoch_20_client_6.pt
2025-09-30 20:02:54.613 | INFO     | agents.servers.serverDAE:train_on_clients:59 - Saved model for client 7 at epoch 20 -> saved_models/DAE/average/wsn_ds/epoch_20_client_7.pt
2025-09-30 20:02:54.961 | INFO     | agents.servers.serverDAE:train_on_clients:43 - Client 8 gets new best val_loss at epoch #20: 0.001206
2025-09-30 20:02:54.962 | INFO     | agents.servers.serverDAE:train_on_clients:59 - Saved model for client 8 at epoch 20 -> saved_models/DAE/average/wsn_ds/epoch_20_client_8.pt
2025-09-30 20:02:55.313 | INFO     | agents.servers.serverDAE:train_on_clients:59 - Saved model for client 9 at epoch 20 -> saved_models/DAE/average/wsn_ds/epoch_20_client_9.pt
2025-09-30 20:02:55.668 | INFO     | agents.servers.serverDAE:train_on_clients:43 - Client 10 gets new best val_loss at epoch #20: 0.001210
2025-09-30 20:02:55.670 | INFO     | agents.servers.serverDAE:train_on_clients:59 - Saved model for client 10 at epoch 20 -> saved_models/DAE/average/wsn_ds/epoch_20_client_10.pt
2025-09-30 20:02:56.021 | INFO     | agents.servers.serverDAE:train_on_clients:43 - Client 11 gets new best val_loss at epoch #20: 0.001309
2025-09-30 20:02:56.023 | INFO     | agents.servers.serverDAE:train_on_clients:59 - Saved model for client 11 at epoch 20 -> saved_models/DAE/average/wsn_ds/epoch_20_client_11.pt
2025-09-30 20:02:56.373 | INFO     | agents.servers.serverDAE:train_on_clients:43 - Client 12 gets new best val_loss at epoch #20: 0.001213
2025-09-30 20:02:56.375 | INFO     | agents.servers.serverDAE:train_on_clients:59 - Saved model for client 12 at epoch 20 -> saved_models/DAE/average/wsn_ds/epoch_20_client_12.pt
2025-09-30 20:02:56.722 | INFO     | agents.servers.serverDAE:train_on_clients:43 - Client 13 gets new best val_loss at epoch #20: 0.001194
2025-09-30 20:02:56.723 | INFO     | agents.servers.serverDAE:train_on_clients:59 - Saved model for client 13 at epoch 20 -> saved_models/DAE/average/wsn_ds/epoch_20_client_13.pt
2025-09-30 20:02:57.074 | INFO     | agents.servers.serverDAE:train_on_clients:59 - Saved model for client 14 at epoch 20 -> saved_models/DAE/average/wsn_ds/epoch_20_client_14.pt
2025-09-30 20:02:57.423 | INFO     | agents.servers.serverDAE:train_on_clients:43 - Client 15 gets new best val_loss at epoch #20: 0.001319
2025-09-30 20:02:57.424 | INFO     | agents.servers.serverDAE:train_on_clients:59 - Saved model for client 15 at epoch 20 -> saved_models/DAE/average/wsn_ds/epoch_20_client_15.pt
2025-09-30 20:02:57.775 | INFO     | agents.servers.serverDAE:train_on_clients:59 - Saved model for client 16 at epoch 20 -> saved_models/DAE/average/wsn_ds/epoch_20_client_16.pt
2025-09-30 20:02:58.128 | INFO     | agents.servers.serverDAE:train_on_clients:43 - Client 17 gets new best val_loss at epoch #20: 0.001308
2025-09-30 20:02:58.130 | INFO     | agents.servers.serverDAE:train_on_clients:59 - Saved model for client 17 at epoch 20 -> saved_models/DAE/average/wsn_ds/epoch_20_client_17.pt
2025-09-30 20:02:58.478 | INFO     | agents.servers.serverDAE:train_on_clients:43 - Client 18 gets new best val_loss at epoch #20: 0.001278
2025-09-30 20:02:58.479 | INFO     | agents.servers.serverDAE:train_on_clients:59 - Saved model for client 18 at epoch 20 -> saved_models/DAE/average/wsn_ds/epoch_20_client_18.pt
2025-09-30 20:02:58.828 | INFO     | agents.servers.serverDAE:train_on_clients:59 - Saved model for client 19 at epoch 20 -> saved_models/DAE/average/wsn_ds/epoch_20_client_19.pt
2025-09-30 20:02:58.830 | INFO     | agents.servers.serverDAE:train_on_clients:65 - 20 clients still training at epoch #20
2025-09-30 20:02:58.848 | INFO     | agents.servers.serverDAE:train_on_clients:22 - Training DAE model epoch #21
2025-09-30 20:02:59.199 | INFO     | agents.servers.serverDAE:train_on_clients:43 - Client 0 gets new best val_loss at epoch #21: 0.001147
2025-09-30 20:02:59.899 | INFO     | agents.servers.serverDAE:train_on_clients:43 - Client 2 gets new best val_loss at epoch #21: 0.001105
2025-09-30 20:03:00.250 | INFO     | agents.servers.serverDAE:train_on_clients:43 - Client 3 gets new best val_loss at epoch #21: 0.001222
2025-09-30 20:03:00.953 | INFO     | agents.servers.serverDAE:train_on_clients:43 - Client 5 gets new best val_loss at epoch #21: 0.001290
2025-09-30 20:03:02.379 | INFO     | agents.servers.serverDAE:train_on_clients:43 - Client 9 gets new best val_loss at epoch #21: 0.001321
2025-09-30 20:03:02.760 | INFO     | agents.servers.serverDAE:train_on_clients:43 - Client 10 gets new best val_loss at epoch #21: 0.001208
2025-09-30 20:03:03.450 | INFO     | agents.servers.serverDAE:train_on_clients:43 - Client 12 gets new best val_loss at epoch #21: 0.001209
2025-09-30 20:03:03.814 | INFO     | agents.servers.serverDAE:train_on_clients:43 - Client 13 gets new best val_loss at epoch #21: 0.001190
2025-09-30 20:03:05.983 | INFO     | agents.servers.serverDAE:train_on_clients:65 - 20 clients still training at epoch #21
2025-09-30 20:03:06.001 | INFO     | agents.servers.serverDAE:train_on_clients:22 - Training DAE model epoch #22
2025-09-30 20:03:06.710 | INFO     | agents.servers.serverDAE:train_on_clients:43 - Client 1 gets new best val_loss at epoch #22: 0.001203
2025-09-30 20:03:08.157 | INFO     | agents.servers.serverDAE:train_on_clients:43 - Client 5 gets new best val_loss at epoch #22: 0.001277
2025-09-30 20:03:08.536 | INFO     | agents.servers.serverDAE:train_on_clients:43 - Client 6 gets new best val_loss at epoch #22: 0.001201
2025-09-30 20:03:08.912 | INFO     | agents.servers.serverDAE:train_on_clients:43 - Client 7 gets new best val_loss at epoch #22: 0.001291
2025-09-30 20:03:09.286 | INFO     | agents.servers.serverDAE:train_on_clients:43 - Client 8 gets new best val_loss at epoch #22: 0.001180
2025-09-30 20:03:09.660 | INFO     | agents.servers.serverDAE:train_on_clients:43 - Client 9 gets new best val_loss at epoch #22: 0.001288
2025-09-30 20:03:10.359 | INFO     | agents.servers.serverDAE:train_on_clients:43 - Client 11 gets new best val_loss at epoch #22: 0.001265
2025-09-30 20:03:10.712 | INFO     | agents.servers.serverDAE:train_on_clients:43 - Client 12 gets new best val_loss at epoch #22: 0.001196
2025-09-30 20:03:11.765 | INFO     | agents.servers.serverDAE:train_on_clients:43 - Client 15 gets new best val_loss at epoch #22: 0.001273
2025-09-30 20:03:12.115 | INFO     | agents.servers.serverDAE:train_on_clients:43 - Client 16 gets new best val_loss at epoch #22: 0.001106
2025-09-30 20:03:13.172 | INFO     | agents.servers.serverDAE:train_on_clients:65 - 20 clients still training at epoch #22
2025-09-30 20:03:13.191 | INFO     | agents.servers.serverDAE:train_on_clients:22 - Training DAE model epoch #23
2025-09-30 20:03:14.941 | INFO     | agents.servers.serverDAE:train_on_clients:43 - Client 4 gets new best val_loss at epoch #23: 0.001076
2025-09-30 20:03:16.348 | INFO     | agents.servers.serverDAE:train_on_clients:43 - Client 8 gets new best val_loss at epoch #23: 0.001150
2025-09-30 20:03:16.701 | INFO     | agents.servers.serverDAE:train_on_clients:43 - Client 9 gets new best val_loss at epoch #23: 0.001262
2025-09-30 20:03:17.061 | INFO     | agents.servers.serverDAE:train_on_clients:43 - Client 10 gets new best val_loss at epoch #23: 0.001153
2025-09-30 20:03:17.759 | INFO     | agents.servers.serverDAE:train_on_clients:43 - Client 12 gets new best val_loss at epoch #23: 0.001167
2025-09-30 20:03:18.112 | INFO     | agents.servers.serverDAE:train_on_clients:43 - Client 13 gets new best val_loss at epoch #23: 0.001143
2025-09-30 20:03:18.465 | INFO     | agents.servers.serverDAE:train_on_clients:43 - Client 14 gets new best val_loss at epoch #23: 0.001090
2025-09-30 20:03:18.816 | INFO     | agents.servers.serverDAE:train_on_clients:43 - Client 15 gets new best val_loss at epoch #23: 0.001268
2025-09-30 20:03:19.167 | INFO     | agents.servers.serverDAE:train_on_clients:43 - Client 16 gets new best val_loss at epoch #23: 0.001100
2025-09-30 20:03:19.522 | INFO     | agents.servers.serverDAE:train_on_clients:43 - Client 17 gets new best val_loss at epoch #23: 0.001298
2025-09-30 20:03:19.883 | INFO     | agents.servers.serverDAE:train_on_clients:43 - Client 18 gets new best val_loss at epoch #23: 0.001195
2025-09-30 20:03:20.232 | INFO     | agents.servers.serverDAE:train_on_clients:43 - Client 19 gets new best val_loss at epoch #23: 0.001169
2025-09-30 20:03:20.234 | INFO     | agents.servers.serverDAE:train_on_clients:65 - 20 clients still training at epoch #23
2025-09-30 20:03:20.253 | INFO     | agents.servers.serverDAE:train_on_clients:22 - Training DAE model epoch #24
2025-09-30 20:03:20.609 | INFO     | agents.servers.serverDAE:train_on_clients:43 - Client 0 gets new best val_loss at epoch #24: 0.001124
2025-09-30 20:03:21.306 | INFO     | agents.servers.serverDAE:train_on_clients:43 - Client 2 gets new best val_loss at epoch #24: 0.001066
2025-09-30 20:03:21.655 | INFO     | agents.servers.serverDAE:train_on_clients:43 - Client 3 gets new best val_loss at epoch #24: 0.001143
2025-09-30 20:03:21.996 | INFO     | agents.servers.serverDAE:train_on_clients:43 - Client 4 gets new best val_loss at epoch #24: 0.001024
2025-09-30 20:03:22.679 | INFO     | agents.servers.serverDAE:train_on_clients:43 - Client 6 gets new best val_loss at epoch #24: 0.001191
2025-09-30 20:03:23.025 | INFO     | agents.servers.serverDAE:train_on_clients:43 - Client 7 gets new best val_loss at epoch #24: 0.001267
2025-09-30 20:03:23.365 | INFO     | agents.servers.serverDAE:train_on_clients:43 - Client 8 gets new best val_loss at epoch #24: 0.001141
2025-09-30 20:03:23.710 | INFO     | agents.servers.serverDAE:train_on_clients:43 - Client 9 gets new best val_loss at epoch #24: 0.001238
2025-09-30 20:03:24.054 | INFO     | agents.servers.serverDAE:train_on_clients:43 - Client 10 gets new best val_loss at epoch #24: 0.001113
2025-09-30 20:03:24.736 | INFO     | agents.servers.serverDAE:train_on_clients:43 - Client 12 gets new best val_loss at epoch #24: 0.001151
2025-09-30 20:03:26.445 | INFO     | agents.servers.serverDAE:train_on_clients:43 - Client 17 gets new best val_loss at epoch #24: 0.001272
2025-09-30 20:03:26.788 | INFO     | agents.servers.serverDAE:train_on_clients:43 - Client 18 gets new best val_loss at epoch #24: 0.001181
2025-09-30 20:03:27.133 | INFO     | agents.servers.serverDAE:train_on_clients:43 - Client 19 gets new best val_loss at epoch #24: 0.001147
2025-09-30 20:03:27.135 | INFO     | agents.servers.serverDAE:train_on_clients:65 - 20 clients still training at epoch #24
2025-09-30 20:03:27.153 | INFO     | agents.servers.serverDAE:train_on_clients:22 - Training DAE model epoch #25
2025-09-30 20:03:27.491 | INFO     | agents.servers.serverDAE:train_on_clients:43 - Client 0 gets new best val_loss at epoch #25: 0.001096
2025-09-30 20:03:29.218 | INFO     | agents.servers.serverDAE:train_on_clients:43 - Client 5 gets new best val_loss at epoch #25: 0.001274
2025-09-30 20:03:29.576 | INFO     | agents.servers.serverDAE:train_on_clients:43 - Client 6 gets new best val_loss at epoch #25: 0.001104
2025-09-30 20:03:29.935 | INFO     | agents.servers.serverDAE:train_on_clients:43 - Client 7 gets new best val_loss at epoch #25: 0.001239
2025-09-30 20:03:30.285 | INFO     | agents.servers.serverDAE:train_on_clients:43 - Client 8 gets new best val_loss at epoch #25: 0.001138
2025-09-30 20:03:30.640 | INFO     | agents.servers.serverDAE:train_on_clients:43 - Client 9 gets new best val_loss at epoch #25: 0.001214
2025-09-30 20:03:30.991 | INFO     | agents.servers.serverDAE:train_on_clients:43 - Client 10 gets new best val_loss at epoch #25: 0.001107
2025-09-30 20:03:31.345 | INFO     | agents.servers.serverDAE:train_on_clients:43 - Client 11 gets new best val_loss at epoch #25: 0.001240
2025-09-30 20:03:31.720 | INFO     | agents.servers.serverDAE:train_on_clients:43 - Client 12 gets new best val_loss at epoch #25: 0.001135
2025-09-30 20:03:32.072 | INFO     | agents.servers.serverDAE:train_on_clients:43 - Client 13 gets new best val_loss at epoch #25: 0.001131
2025-09-30 20:03:32.430 | INFO     | agents.servers.serverDAE:train_on_clients:43 - Client 14 gets new best val_loss at epoch #25: 0.001087
2025-09-30 20:03:32.781 | INFO     | agents.servers.serverDAE:train_on_clients:43 - Client 15 gets new best val_loss at epoch #25: 0.001194
2025-09-30 20:03:33.827 | INFO     | agents.servers.serverDAE:train_on_clients:43 - Client 18 gets new best val_loss at epoch #25: 0.001169
2025-09-30 20:03:34.179 | INFO     | agents.servers.serverDAE:train_on_clients:65 - 20 clients still training at epoch #25
2025-09-30 20:03:34.197 | INFO     | agents.servers.serverDAE:train_on_clients:22 - Training DAE model epoch #26
2025-09-30 20:03:34.549 | INFO     | agents.servers.serverDAE:train_on_clients:43 - Client 0 gets new best val_loss at epoch #26: 0.001084
2025-09-30 20:03:34.900 | INFO     | agents.servers.serverDAE:train_on_clients:43 - Client 1 gets new best val_loss at epoch #26: 0.001188
2025-09-30 20:03:35.251 | INFO     | agents.servers.serverDAE:train_on_clients:43 - Client 2 gets new best val_loss at epoch #26: 0.001057
2025-09-30 20:03:36.300 | INFO     | agents.servers.serverDAE:train_on_clients:43 - Client 5 gets new best val_loss at epoch #26: 0.001269
2025-09-30 20:03:37.005 | INFO     | agents.servers.serverDAE:train_on_clients:43 - Client 7 gets new best val_loss at epoch #26: 0.001207
2025-09-30 20:03:37.355 | INFO     | agents.servers.serverDAE:train_on_clients:43 - Client 8 gets new best val_loss at epoch #26: 0.001132
2025-09-30 20:03:38.407 | INFO     | agents.servers.serverDAE:train_on_clients:43 - Client 11 gets new best val_loss at epoch #26: 0.001229
2025-09-30 20:03:39.110 | INFO     | agents.servers.serverDAE:train_on_clients:43 - Client 13 gets new best val_loss at epoch #26: 0.001126
2025-09-30 20:03:39.466 | INFO     | agents.servers.serverDAE:train_on_clients:43 - Client 14 gets new best val_loss at epoch #26: 0.001042
2025-09-30 20:03:40.165 | INFO     | agents.servers.serverDAE:train_on_clients:43 - Client 16 gets new best val_loss at epoch #26: 0.001068
2025-09-30 20:03:40.860 | INFO     | agents.servers.serverDAE:train_on_clients:43 - Client 18 gets new best val_loss at epoch #26: 0.001161
2025-09-30 20:03:41.214 | INFO     | agents.servers.serverDAE:train_on_clients:65 - 20 clients still training at epoch #26
2025-09-30 20:03:41.232 | INFO     | agents.servers.serverDAE:train_on_clients:22 - Training DAE model epoch #27
2025-09-30 20:03:42.636 | INFO     | agents.servers.serverDAE:train_on_clients:43 - Client 3 gets new best val_loss at epoch #27: 0.001113
2025-09-30 20:03:43.337 | INFO     | agents.servers.serverDAE:train_on_clients:43 - Client 5 gets new best val_loss at epoch #27: 0.001193
2025-09-30 20:03:44.396 | INFO     | agents.servers.serverDAE:train_on_clients:43 - Client 8 gets new best val_loss at epoch #27: 0.001116
2025-09-30 20:03:44.752 | INFO     | agents.servers.serverDAE:train_on_clients:43 - Client 9 gets new best val_loss at epoch #27: 0.001203
2025-09-30 20:03:45.460 | INFO     | agents.servers.serverDAE:train_on_clients:43 - Client 11 gets new best val_loss at epoch #27: 0.001228
2025-09-30 20:03:45.816 | INFO     | agents.servers.serverDAE:train_on_clients:43 - Client 12 gets new best val_loss at epoch #27: 0.001126
2025-09-30 20:03:46.170 | INFO     | agents.servers.serverDAE:train_on_clients:43 - Client 13 gets new best val_loss at epoch #27: 0.001087
2025-09-30 20:03:46.526 | INFO     | agents.servers.serverDAE:train_on_clients:43 - Client 14 gets new best val_loss at epoch #27: 0.001032
2025-09-30 20:03:46.877 | INFO     | agents.servers.serverDAE:train_on_clients:43 - Client 15 gets new best val_loss at epoch #27: 0.001188
2025-09-30 20:03:47.578 | INFO     | agents.servers.serverDAE:train_on_clients:43 - Client 17 gets new best val_loss at epoch #27: 0.001246
2025-09-30 20:03:48.281 | INFO     | agents.servers.serverDAE:train_on_clients:43 - Client 19 gets new best val_loss at epoch #27: 0.001038
2025-09-30 20:03:48.283 | INFO     | agents.servers.serverDAE:train_on_clients:65 - 20 clients still training at epoch #27
2025-09-30 20:03:48.302 | INFO     | agents.servers.serverDAE:train_on_clients:22 - Training DAE model epoch #28
2025-09-30 20:03:48.650 | INFO     | agents.servers.serverDAE:train_on_clients:43 - Client 0 gets new best val_loss at epoch #28: 0.001081
2025-09-30 20:03:49.005 | INFO     | agents.servers.serverDAE:train_on_clients:43 - Client 1 gets new best val_loss at epoch #28: 0.001124
2025-09-30 20:03:49.359 | INFO     | agents.servers.serverDAE:train_on_clients:43 - Client 2 gets new best val_loss at epoch #28: 0.001032
2025-09-30 20:03:50.065 | INFO     | agents.servers.serverDAE:train_on_clients:43 - Client 4 gets new best val_loss at epoch #28: 0.000998
2025-09-30 20:03:51.466 | INFO     | agents.servers.serverDAE:train_on_clients:43 - Client 8 gets new best val_loss at epoch #28: 0.001107
2025-09-30 20:03:51.820 | INFO     | agents.servers.serverDAE:train_on_clients:43 - Client 9 gets new best val_loss at epoch #28: 0.001203
2025-09-30 20:03:52.174 | INFO     | agents.servers.serverDAE:train_on_clients:43 - Client 10 gets new best val_loss at epoch #28: 0.001106
2025-09-30 20:03:52.876 | INFO     | agents.servers.serverDAE:train_on_clients:43 - Client 12 gets new best val_loss at epoch #28: 0.001101
2025-09-30 20:03:54.276 | INFO     | agents.servers.serverDAE:train_on_clients:43 - Client 16 gets new best val_loss at epoch #28: 0.001053
2025-09-30 20:03:55.327 | INFO     | agents.servers.serverDAE:train_on_clients:65 - 20 clients still training at epoch #28
2025-09-30 20:03:55.345 | INFO     | agents.servers.serverDAE:train_on_clients:22 - Training DAE model epoch #29
2025-09-30 20:03:57.812 | INFO     | agents.servers.serverDAE:train_on_clients:43 - Client 6 gets new best val_loss at epoch #29: 0.001073
2025-09-30 20:03:58.162 | INFO     | agents.servers.serverDAE:train_on_clients:43 - Client 7 gets new best val_loss at epoch #29: 0.001188
2025-09-30 20:03:58.869 | INFO     | agents.servers.serverDAE:train_on_clients:43 - Client 9 gets new best val_loss at epoch #29: 0.001188
2025-09-30 20:03:59.222 | INFO     | agents.servers.serverDAE:train_on_clients:43 - Client 10 gets new best val_loss at epoch #29: 0.001058
2025-09-30 20:03:59.569 | INFO     | agents.servers.serverDAE:train_on_clients:43 - Client 11 gets new best val_loss at epoch #29: 0.001148
2025-09-30 20:04:00.266 | INFO     | agents.servers.serverDAE:train_on_clients:43 - Client 13 gets new best val_loss at epoch #29: 0.001060
2025-09-30 20:04:01.310 | INFO     | agents.servers.serverDAE:train_on_clients:43 - Client 16 gets new best val_loss at epoch #29: 0.001008
2025-09-30 20:04:01.659 | INFO     | agents.servers.serverDAE:train_on_clients:43 - Client 17 gets new best val_loss at epoch #29: 0.001207
2025-09-30 20:04:02.363 | INFO     | agents.servers.serverDAE:train_on_clients:65 - 20 clients still training at epoch #29
2025-09-30 20:04:02.381 | INFO     | agents.servers.serverDAE:train_on_clients:22 - Training DAE model epoch #30
2025-09-30 20:04:02.728 | INFO     | agents.servers.serverDAE:train_on_clients:43 - Client 0 gets new best val_loss at epoch #30: 0.001010
2025-09-30 20:04:02.730 | INFO     | agents.servers.serverDAE:train_on_clients:59 - Saved model for client 0 at epoch 30 -> saved_models/DAE/average/wsn_ds/epoch_30_client_0.pt
2025-09-30 20:04:03.088 | INFO     | agents.servers.serverDAE:train_on_clients:43 - Client 1 gets new best val_loss at epoch #30: 0.001107
2025-09-30 20:04:03.090 | INFO     | agents.servers.serverDAE:train_on_clients:59 - Saved model for client 1 at epoch 30 -> saved_models/DAE/average/wsn_ds/epoch_30_client_1.pt
2025-09-30 20:04:03.470 | INFO     | agents.servers.serverDAE:train_on_clients:59 - Saved model for client 2 at epoch 30 -> saved_models/DAE/average/wsn_ds/epoch_30_client_2.pt
2025-09-30 20:04:03.817 | INFO     | agents.servers.serverDAE:train_on_clients:43 - Client 3 gets new best val_loss at epoch #30: 0.001080
2025-09-30 20:04:03.818 | INFO     | agents.servers.serverDAE:train_on_clients:59 - Saved model for client 3 at epoch 30 -> saved_models/DAE/average/wsn_ds/epoch_30_client_3.pt
2025-09-30 20:04:04.167 | INFO     | agents.servers.serverDAE:train_on_clients:43 - Client 4 gets new best val_loss at epoch #30: 0.000987
2025-09-30 20:04:04.169 | INFO     | agents.servers.serverDAE:train_on_clients:59 - Saved model for client 4 at epoch 30 -> saved_models/DAE/average/wsn_ds/epoch_30_client_4.pt
2025-09-30 20:04:04.517 | INFO     | agents.servers.serverDAE:train_on_clients:43 - Client 5 gets new best val_loss at epoch #30: 0.001191
2025-09-30 20:04:04.518 | INFO     | agents.servers.serverDAE:train_on_clients:59 - Saved model for client 5 at epoch 30 -> saved_models/DAE/average/wsn_ds/epoch_30_client_5.pt
2025-09-30 20:04:04.863 | INFO     | agents.servers.serverDAE:train_on_clients:59 - Saved model for client 6 at epoch 30 -> saved_models/DAE/average/wsn_ds/epoch_30_client_6.pt
2025-09-30 20:04:05.214 | INFO     | agents.servers.serverDAE:train_on_clients:59 - Saved model for client 7 at epoch 30 -> saved_models/DAE/average/wsn_ds/epoch_30_client_7.pt
2025-09-30 20:04:05.562 | INFO     | agents.servers.serverDAE:train_on_clients:59 - Saved model for client 8 at epoch 30 -> saved_models/DAE/average/wsn_ds/epoch_30_client_8.pt
2025-09-30 20:04:05.915 | INFO     | agents.servers.serverDAE:train_on_clients:43 - Client 9 gets new best val_loss at epoch #30: 0.001149
2025-09-30 20:04:05.916 | INFO     | agents.servers.serverDAE:train_on_clients:59 - Saved model for client 9 at epoch 30 -> saved_models/DAE/average/wsn_ds/epoch_30_client_9.pt
2025-09-30 20:04:06.267 | INFO     | agents.servers.serverDAE:train_on_clients:59 - Saved model for client 10 at epoch 30 -> saved_models/DAE/average/wsn_ds/epoch_30_client_10.pt
2025-09-30 20:04:06.620 | INFO     | agents.servers.serverDAE:train_on_clients:43 - Client 11 gets new best val_loss at epoch #30: 0.001127
2025-09-30 20:04:06.622 | INFO     | agents.servers.serverDAE:train_on_clients:59 - Saved model for client 11 at epoch 30 -> saved_models/DAE/average/wsn_ds/epoch_30_client_11.pt
2025-09-30 20:04:06.980 | INFO     | agents.servers.serverDAE:train_on_clients:43 - Client 12 gets new best val_loss at epoch #30: 0.001073
2025-09-30 20:04:06.981 | INFO     | agents.servers.serverDAE:train_on_clients:59 - Saved model for client 12 at epoch 30 -> saved_models/DAE/average/wsn_ds/epoch_30_client_12.pt
2025-09-30 20:04:07.330 | INFO     | agents.servers.serverDAE:train_on_clients:59 - Saved model for client 13 at epoch 30 -> saved_models/DAE/average/wsn_ds/epoch_30_client_13.pt
2025-09-30 20:04:07.682 | INFO     | agents.servers.serverDAE:train_on_clients:59 - Saved model for client 14 at epoch 30 -> saved_models/DAE/average/wsn_ds/epoch_30_client_14.pt
2025-09-30 20:04:08.046 | INFO     | agents.servers.serverDAE:train_on_clients:43 - Client 15 gets new best val_loss at epoch #30: 0.001160
2025-09-30 20:04:08.047 | INFO     | agents.servers.serverDAE:train_on_clients:59 - Saved model for client 15 at epoch 30 -> saved_models/DAE/average/wsn_ds/epoch_30_client_15.pt
2025-09-30 20:04:08.411 | INFO     | agents.servers.serverDAE:train_on_clients:43 - Client 16 gets new best val_loss at epoch #30: 0.000989
2025-09-30 20:04:08.412 | INFO     | agents.servers.serverDAE:train_on_clients:59 - Saved model for client 16 at epoch 30 -> saved_models/DAE/average/wsn_ds/epoch_30_client_16.pt
2025-09-30 20:04:08.766 | INFO     | agents.servers.serverDAE:train_on_clients:59 - Saved model for client 17 at epoch 30 -> saved_models/DAE/average/wsn_ds/epoch_30_client_17.pt
2025-09-30 20:04:09.149 | INFO     | agents.servers.serverDAE:train_on_clients:43 - Client 18 gets new best val_loss at epoch #30: 0.001100
2025-09-30 20:04:09.151 | INFO     | agents.servers.serverDAE:train_on_clients:59 - Saved model for client 18 at epoch 30 -> saved_models/DAE/average/wsn_ds/epoch_30_client_18.pt
2025-09-30 20:04:09.506 | INFO     | agents.servers.serverDAE:train_on_clients:59 - Saved model for client 19 at epoch 30 -> saved_models/DAE/average/wsn_ds/epoch_30_client_19.pt
2025-09-30 20:04:09.508 | INFO     | agents.servers.serverDAE:train_on_clients:65 - 20 clients still training at epoch #30
2025-09-30 20:04:09.526 | INFO     | agents.servers.serverDAE:train_on_clients:22 - Training DAE model epoch #31
2025-09-30 20:04:10.223 | INFO     | agents.servers.serverDAE:train_on_clients:43 - Client 1 gets new best val_loss at epoch #31: 0.001105
2025-09-30 20:04:10.609 | INFO     | agents.servers.serverDAE:train_on_clients:43 - Client 2 gets new best val_loss at epoch #31: 0.001002
2025-09-30 20:04:10.963 | INFO     | agents.servers.serverDAE:train_on_clients:43 - Client 3 gets new best val_loss at epoch #31: 0.001078
2025-09-30 20:04:11.322 | INFO     | agents.servers.serverDAE:train_on_clients:43 - Client 4 gets new best val_loss at epoch #31: 0.000957
2025-09-30 20:04:12.041 | INFO     | agents.servers.serverDAE:train_on_clients:43 - Client 6 gets new best val_loss at epoch #31: 0.001061
2025-09-30 20:04:12.758 | INFO     | agents.servers.serverDAE:train_on_clients:43 - Client 8 gets new best val_loss at epoch #31: 0.001064
2025-09-30 20:04:13.477 | INFO     | agents.servers.serverDAE:train_on_clients:43 - Client 10 gets new best val_loss at epoch #31: 0.001046
2025-09-30 20:04:14.203 | INFO     | agents.servers.serverDAE:train_on_clients:43 - Client 12 gets new best val_loss at epoch #31: 0.001053
2025-09-30 20:04:14.915 | INFO     | agents.servers.serverDAE:train_on_clients:43 - Client 14 gets new best val_loss at epoch #31: 0.000986
2025-09-30 20:04:15.270 | INFO     | agents.servers.serverDAE:train_on_clients:43 - Client 15 gets new best val_loss at epoch #31: 0.001150
2025-09-30 20:04:16.660 | INFO     | agents.servers.serverDAE:train_on_clients:65 - 20 clients still training at epoch #31
2025-09-30 20:04:16.678 | INFO     | agents.servers.serverDAE:train_on_clients:22 - Training DAE model epoch #32
2025-09-30 20:04:18.089 | INFO     | agents.servers.serverDAE:train_on_clients:43 - Client 3 gets new best val_loss at epoch #32: 0.001040
2025-09-30 20:04:18.436 | INFO     | agents.servers.serverDAE:train_on_clients:43 - Client 4 gets new best val_loss at epoch #32: 0.000956
2025-09-30 20:04:18.794 | INFO     | agents.servers.serverDAE:train_on_clients:43 - Client 5 gets new best val_loss at epoch #32: 0.001122
2025-09-30 20:04:19.145 | INFO     | agents.servers.serverDAE:train_on_clients:43 - Client 6 gets new best val_loss at epoch #32: 0.001037
2025-09-30 20:04:19.494 | INFO     | agents.servers.serverDAE:train_on_clients:43 - Client 7 gets new best val_loss at epoch #32: 0.001131
2025-09-30 20:04:19.851 | INFO     | agents.servers.serverDAE:train_on_clients:43 - Client 8 gets new best val_loss at epoch #32: 0.001059
2025-09-30 20:04:20.204 | INFO     | agents.servers.serverDAE:train_on_clients:43 - Client 9 gets new best val_loss at epoch #32: 0.001138
2025-09-30 20:04:20.557 | INFO     | agents.servers.serverDAE:train_on_clients:43 - Client 10 gets new best val_loss at epoch #32: 0.001034
2025-09-30 20:04:21.613 | INFO     | agents.servers.serverDAE:train_on_clients:43 - Client 13 gets new best val_loss at epoch #32: 0.001040
2025-09-30 20:04:23.021 | INFO     | agents.servers.serverDAE:train_on_clients:43 - Client 17 gets new best val_loss at epoch #32: 0.001191
2025-09-30 20:04:23.376 | INFO     | agents.servers.serverDAE:train_on_clients:43 - Client 18 gets new best val_loss at epoch #32: 0.001077
2025-09-30 20:04:23.728 | INFO     | agents.servers.serverDAE:train_on_clients:43 - Client 19 gets new best val_loss at epoch #32: 0.000996
2025-09-30 20:04:23.730 | INFO     | agents.servers.serverDAE:train_on_clients:65 - 20 clients still training at epoch #32
2025-09-30 20:04:23.748 | INFO     | agents.servers.serverDAE:train_on_clients:22 - Training DAE model epoch #33
2025-09-30 20:04:24.100 | INFO     | agents.servers.serverDAE:train_on_clients:43 - Client 0 gets new best val_loss at epoch #33: 0.000992
2025-09-30 20:04:24.455 | INFO     | agents.servers.serverDAE:train_on_clients:43 - Client 1 gets new best val_loss at epoch #33: 0.001083
2025-09-30 20:04:24.806 | INFO     | agents.servers.serverDAE:train_on_clients:43 - Client 2 gets new best val_loss at epoch #33: 0.000998
2025-09-30 20:04:26.919 | INFO     | agents.servers.serverDAE:train_on_clients:43 - Client 8 gets new best val_loss at epoch #33: 0.001044
2025-09-30 20:04:27.275 | INFO     | agents.servers.serverDAE:train_on_clients:43 - Client 9 gets new best val_loss at epoch #33: 0.001099
2025-09-30 20:04:27.629 | INFO     | agents.servers.serverDAE:train_on_clients:43 - Client 10 gets new best val_loss at epoch #33: 0.001017
2025-09-30 20:04:27.984 | INFO     | agents.servers.serverDAE:train_on_clients:43 - Client 11 gets new best val_loss at epoch #33: 0.001099
2025-09-30 20:04:29.756 | INFO     | agents.servers.serverDAE:train_on_clients:43 - Client 16 gets new best val_loss at epoch #33: 0.000958
2025-09-30 20:04:30.454 | INFO     | agents.servers.serverDAE:train_on_clients:43 - Client 18 gets new best val_loss at epoch #33: 0.001065
2025-09-30 20:04:30.804 | INFO     | agents.servers.serverDAE:train_on_clients:65 - 20 clients still training at epoch #33
2025-09-30 20:04:30.823 | INFO     | agents.servers.serverDAE:train_on_clients:22 - Training DAE model epoch #34
2025-09-30 20:04:31.519 | INFO     | agents.servers.serverDAE:train_on_clients:43 - Client 1 gets new best val_loss at epoch #34: 0.001034
2025-09-30 20:04:32.228 | INFO     | agents.servers.serverDAE:train_on_clients:43 - Client 3 gets new best val_loss at epoch #34: 0.001039
2025-09-30 20:04:32.579 | INFO     | agents.servers.serverDAE:train_on_clients:43 - Client 4 gets new best val_loss at epoch #34: 0.000934
2025-09-30 20:04:33.283 | INFO     | agents.servers.serverDAE:train_on_clients:43 - Client 6 gets new best val_loss at epoch #34: 0.001020
2025-09-30 20:04:34.346 | INFO     | agents.servers.serverDAE:train_on_clients:43 - Client 9 gets new best val_loss at epoch #34: 0.001081
2025-09-30 20:04:35.044 | INFO     | agents.servers.serverDAE:train_on_clients:43 - Client 11 gets new best val_loss at epoch #34: 0.001051
2025-09-30 20:04:35.395 | INFO     | agents.servers.serverDAE:train_on_clients:43 - Client 12 gets new best val_loss at epoch #34: 0.001041
2025-09-30 20:04:35.751 | INFO     | agents.servers.serverDAE:train_on_clients:43 - Client 13 gets new best val_loss at epoch #34: 0.001034
2025-09-30 20:04:36.459 | INFO     | agents.servers.serverDAE:train_on_clients:43 - Client 15 gets new best val_loss at epoch #34: 0.001093
2025-09-30 20:04:36.810 | INFO     | agents.servers.serverDAE:train_on_clients:43 - Client 16 gets new best val_loss at epoch #34: 0.000956
2025-09-30 20:04:37.166 | INFO     | agents.servers.serverDAE:train_on_clients:43 - Client 17 gets new best val_loss at epoch #34: 0.001177
2025-09-30 20:04:37.523 | INFO     | agents.servers.serverDAE:train_on_clients:43 - Client 18 gets new best val_loss at epoch #34: 0.001009
2025-09-30 20:04:37.872 | INFO     | agents.servers.serverDAE:train_on_clients:65 - 20 clients still training at epoch #34
2025-09-30 20:04:37.890 | INFO     | agents.servers.serverDAE:train_on_clients:22 - Training DAE model epoch #35
2025-09-30 20:04:38.240 | INFO     | agents.servers.serverDAE:train_on_clients:43 - Client 0 gets new best val_loss at epoch #35: 0.000955
2025-09-30 20:04:38.935 | INFO     | agents.servers.serverDAE:train_on_clients:43 - Client 2 gets new best val_loss at epoch #35: 0.000988
2025-09-30 20:04:39.290 | INFO     | agents.servers.serverDAE:train_on_clients:43 - Client 3 gets new best val_loss at epoch #35: 0.001025
2025-09-30 20:04:39.642 | INFO     | agents.servers.serverDAE:train_on_clients:43 - Client 4 gets new best val_loss at epoch #35: 0.000915
2025-09-30 20:04:40.349 | INFO     | agents.servers.serverDAE:train_on_clients:43 - Client 6 gets new best val_loss at epoch #35: 0.001013
2025-09-30 20:04:40.699 | INFO     | agents.servers.serverDAE:train_on_clients:43 - Client 7 gets new best val_loss at epoch #35: 0.001125
2025-09-30 20:04:41.053 | INFO     | agents.servers.serverDAE:train_on_clients:43 - Client 8 gets new best val_loss at epoch #35: 0.001024
2025-09-30 20:04:41.757 | INFO     | agents.servers.serverDAE:train_on_clients:43 - Client 10 gets new best val_loss at epoch #35: 0.001002
2025-09-30 20:04:42.460 | INFO     | agents.servers.serverDAE:train_on_clients:43 - Client 12 gets new best val_loss at epoch #35: 0.001024
2025-09-30 20:04:44.922 | INFO     | agents.servers.serverDAE:train_on_clients:65 - 20 clients still training at epoch #35
2025-09-30 20:04:44.940 | INFO     | agents.servers.serverDAE:train_on_clients:22 - Training DAE model epoch #36
2025-09-30 20:04:46.345 | INFO     | agents.servers.serverDAE:train_on_clients:43 - Client 3 gets new best val_loss at epoch #36: 0.001011
2025-09-30 20:04:46.704 | INFO     | agents.servers.serverDAE:train_on_clients:43 - Client 4 gets new best val_loss at epoch #36: 0.000904
2025-09-30 20:04:48.121 | INFO     | agents.servers.serverDAE:train_on_clients:43 - Client 8 gets new best val_loss at epoch #36: 0.001001
2025-09-30 20:04:48.827 | INFO     | agents.servers.serverDAE:train_on_clients:43 - Client 10 gets new best val_loss at epoch #36: 0.000988
2025-09-30 20:04:49.529 | INFO     | agents.servers.serverDAE:train_on_clients:43 - Client 12 gets new best val_loss at epoch #36: 0.001022
2025-09-30 20:04:49.881 | INFO     | agents.servers.serverDAE:train_on_clients:43 - Client 13 gets new best val_loss at epoch #36: 0.001012
2025-09-30 20:04:51.290 | INFO     | agents.servers.serverDAE:train_on_clients:43 - Client 17 gets new best val_loss at epoch #36: 0.001131
2025-09-30 20:04:51.647 | INFO     | agents.servers.serverDAE:train_on_clients:43 - Client 18 gets new best val_loss at epoch #36: 0.001008
2025-09-30 20:04:51.999 | INFO     | agents.servers.serverDAE:train_on_clients:65 - 20 clients still training at epoch #36
2025-09-30 20:04:52.017 | INFO     | agents.servers.serverDAE:train_on_clients:22 - Training DAE model epoch #37
2025-09-30 20:04:55.870 | INFO     | agents.servers.serverDAE:train_on_clients:43 - Client 10 gets new best val_loss at epoch #37: 0.000955
2025-09-30 20:04:56.571 | INFO     | agents.servers.serverDAE:train_on_clients:43 - Client 12 gets new best val_loss at epoch #37: 0.000993
2025-09-30 20:04:57.277 | INFO     | agents.servers.serverDAE:train_on_clients:43 - Client 14 gets new best val_loss at epoch #37: 0.000933
2025-09-30 20:04:57.997 | INFO     | agents.servers.serverDAE:train_on_clients:43 - Client 16 gets new best val_loss at epoch #37: 0.000924
2025-09-30 20:04:59.057 | INFO     | agents.servers.serverDAE:train_on_clients:65 - 20 clients still training at epoch #37
2025-09-30 20:04:59.075 | INFO     | agents.servers.serverDAE:train_on_clients:22 - Training DAE model epoch #38
2025-09-30 20:04:59.778 | INFO     | agents.servers.serverDAE:train_on_clients:43 - Client 1 gets new best val_loss at epoch #38: 0.000978
2025-09-30 20:05:00.134 | INFO     | agents.servers.serverDAE:train_on_clients:43 - Client 2 gets new best val_loss at epoch #38: 0.000987
2025-09-30 20:05:00.485 | INFO     | agents.servers.serverDAE:train_on_clients:43 - Client 3 gets new best val_loss at epoch #38: 0.001008
2025-09-30 20:05:01.184 | INFO     | agents.servers.serverDAE:train_on_clients:43 - Client 5 gets new best val_loss at epoch #38: 0.001117
2025-09-30 20:05:02.243 | INFO     | agents.servers.serverDAE:train_on_clients:43 - Client 8 gets new best val_loss at epoch #38: 0.000984
2025-09-30 20:05:02.944 | INFO     | agents.servers.serverDAE:train_on_clients:43 - Client 10 gets new best val_loss at epoch #38: 0.000952
2025-09-30 20:05:03.999 | INFO     | agents.servers.serverDAE:train_on_clients:43 - Client 13 gets new best val_loss at epoch #38: 0.000994
2025-09-30 20:05:04.351 | INFO     | agents.servers.serverDAE:train_on_clients:43 - Client 14 gets new best val_loss at epoch #38: 0.000915
2025-09-30 20:05:04.703 | INFO     | agents.servers.serverDAE:train_on_clients:43 - Client 15 gets new best val_loss at epoch #38: 0.001058
2025-09-30 20:05:06.086 | INFO     | agents.servers.serverDAE:train_on_clients:65 - 20 clients still training at epoch #38
2025-09-30 20:05:06.104 | INFO     | agents.servers.serverDAE:train_on_clients:22 - Training DAE model epoch #39
2025-09-30 20:05:06.454 | INFO     | agents.servers.serverDAE:train_on_clients:43 - Client 0 gets new best val_loss at epoch #39: 0.000914
2025-09-30 20:05:07.861 | INFO     | agents.servers.serverDAE:train_on_clients:43 - Client 4 gets new best val_loss at epoch #39: 0.000901
2025-09-30 20:05:08.210 | INFO     | agents.servers.serverDAE:train_on_clients:43 - Client 5 gets new best val_loss at epoch #39: 0.001101
2025-09-30 20:05:08.570 | INFO     | agents.servers.serverDAE:train_on_clients:43 - Client 6 gets new best val_loss at epoch #39: 0.001006
2025-09-30 20:05:08.923 | INFO     | agents.servers.serverDAE:train_on_clients:43 - Client 7 gets new best val_loss at epoch #39: 0.001073
2025-09-30 20:05:10.326 | INFO     | agents.servers.serverDAE:train_on_clients:43 - Client 11 gets new best val_loss at epoch #39: 0.001010
2025-09-30 20:05:11.730 | INFO     | agents.servers.serverDAE:train_on_clients:43 - Client 15 gets new best val_loss at epoch #39: 0.001046
2025-09-30 20:05:12.440 | INFO     | agents.servers.serverDAE:train_on_clients:43 - Client 17 gets new best val_loss at epoch #39: 0.001118
2025-09-30 20:05:13.148 | INFO     | agents.servers.serverDAE:train_on_clients:65 - 20 clients still training at epoch #39
2025-09-30 20:05:13.166 | INFO     | agents.servers.serverDAE:train_on_clients:22 - Training DAE model epoch #40
2025-09-30 20:05:13.514 | INFO     | agents.servers.serverDAE:train_on_clients:59 - Saved model for client 0 at epoch 40 -> saved_models/DAE/average/wsn_ds/epoch_40_client_0.pt
2025-09-30 20:05:13.864 | INFO     | agents.servers.serverDAE:train_on_clients:59 - Saved model for client 1 at epoch 40 -> saved_models/DAE/average/wsn_ds/epoch_40_client_1.pt
2025-09-30 20:05:14.218 | INFO     | agents.servers.serverDAE:train_on_clients:59 - Saved model for client 2 at epoch 40 -> saved_models/DAE/average/wsn_ds/epoch_40_client_2.pt
2025-09-30 20:05:14.566 | INFO     | agents.servers.serverDAE:train_on_clients:43 - Client 3 gets new best val_loss at epoch #40: 0.001007
2025-09-30 20:05:14.568 | INFO     | agents.servers.serverDAE:train_on_clients:59 - Saved model for client 3 at epoch 40 -> saved_models/DAE/average/wsn_ds/epoch_40_client_3.pt
2025-09-30 20:05:14.912 | INFO     | agents.servers.serverDAE:train_on_clients:59 - Saved model for client 4 at epoch 40 -> saved_models/DAE/average/wsn_ds/epoch_40_client_4.pt
2025-09-30 20:05:15.256 | INFO     | agents.servers.serverDAE:train_on_clients:59 - Saved model for client 5 at epoch 40 -> saved_models/DAE/average/wsn_ds/epoch_40_client_5.pt
2025-09-30 20:05:15.639 | INFO     | agents.servers.serverDAE:train_on_clients:43 - Client 6 gets new best val_loss at epoch #40: 0.000968
2025-09-30 20:05:15.640 | INFO     | agents.servers.serverDAE:train_on_clients:59 - Saved model for client 6 at epoch 40 -> saved_models/DAE/average/wsn_ds/epoch_40_client_6.pt
2025-09-30 20:05:15.999 | INFO     | agents.servers.serverDAE:train_on_clients:59 - Saved model for client 7 at epoch 40 -> saved_models/DAE/average/wsn_ds/epoch_40_client_7.pt
2025-09-30 20:05:16.357 | INFO     | agents.servers.serverDAE:train_on_clients:59 - Saved model for client 8 at epoch 40 -> saved_models/DAE/average/wsn_ds/epoch_40_client_8.pt
2025-09-30 20:05:16.710 | INFO     | agents.servers.serverDAE:train_on_clients:43 - Client 9 gets new best val_loss at epoch #40: 0.001037
2025-09-30 20:05:16.711 | INFO     | agents.servers.serverDAE:train_on_clients:59 - Saved model for client 9 at epoch 40 -> saved_models/DAE/average/wsn_ds/epoch_40_client_9.pt
2025-09-30 20:05:17.094 | INFO     | agents.servers.serverDAE:train_on_clients:59 - Saved model for client 10 at epoch 40 -> saved_models/DAE/average/wsn_ds/epoch_40_client_10.pt
2025-09-30 20:05:17.450 | INFO     | agents.servers.serverDAE:train_on_clients:59 - Saved model for client 11 at epoch 40 -> saved_models/DAE/average/wsn_ds/epoch_40_client_11.pt
2025-09-30 20:05:17.804 | INFO     | agents.servers.serverDAE:train_on_clients:59 - Saved model for client 12 at epoch 40 -> saved_models/DAE/average/wsn_ds/epoch_40_client_12.pt
2025-09-30 20:05:18.162 | INFO     | agents.servers.serverDAE:train_on_clients:43 - Client 13 gets new best val_loss at epoch #40: 0.000950
2025-09-30 20:05:18.163 | INFO     | agents.servers.serverDAE:train_on_clients:59 - Saved model for client 13 at epoch 40 -> saved_models/DAE/average/wsn_ds/epoch_40_client_13.pt
2025-09-30 20:05:18.513 | INFO     | agents.servers.serverDAE:train_on_clients:59 - Saved model for client 14 at epoch 40 -> saved_models/DAE/average/wsn_ds/epoch_40_client_14.pt
2025-09-30 20:05:18.867 | INFO     | agents.servers.serverDAE:train_on_clients:43 - Client 15 gets new best val_loss at epoch #40: 0.001020
2025-09-30 20:05:18.869 | INFO     | agents.servers.serverDAE:train_on_clients:59 - Saved model for client 15 at epoch 40 -> saved_models/DAE/average/wsn_ds/epoch_40_client_15.pt
2025-09-30 20:05:19.229 | INFO     | agents.servers.serverDAE:train_on_clients:59 - Saved model for client 16 at epoch 40 -> saved_models/DAE/average/wsn_ds/epoch_40_client_16.pt
2025-09-30 20:05:19.618 | INFO     | agents.servers.serverDAE:train_on_clients:59 - Saved model for client 17 at epoch 40 -> saved_models/DAE/average/wsn_ds/epoch_40_client_17.pt
2025-09-30 20:05:19.973 | INFO     | agents.servers.serverDAE:train_on_clients:59 - Saved model for client 18 at epoch 40 -> saved_models/DAE/average/wsn_ds/epoch_40_client_18.pt
2025-09-30 20:05:20.329 | INFO     | agents.servers.serverDAE:train_on_clients:59 - Saved model for client 19 at epoch 40 -> saved_models/DAE/average/wsn_ds/epoch_40_client_19.pt
2025-09-30 20:05:20.331 | INFO     | agents.servers.serverDAE:train_on_clients:65 - 20 clients still training at epoch #40
2025-09-30 20:05:20.349 | INFO     | agents.servers.serverDAE:train_on_clients:22 - Training DAE model epoch #41
2025-09-30 20:05:21.417 | INFO     | agents.servers.serverDAE:train_on_clients:43 - Client 2 gets new best val_loss at epoch #41: 0.000957
2025-09-30 20:05:22.125 | INFO     | agents.servers.serverDAE:train_on_clients:43 - Client 4 gets new best val_loss at epoch #41: 0.000882
2025-09-30 20:05:22.480 | INFO     | agents.servers.serverDAE:train_on_clients:43 - Client 5 gets new best val_loss at epoch #41: 0.001045
2025-09-30 20:05:23.531 | INFO     | agents.servers.serverDAE:train_on_clients:43 - Client 8 gets new best val_loss at epoch #41: 0.000977
2025-09-30 20:05:24.242 | INFO     | agents.servers.serverDAE:train_on_clients:43 - Client 10 gets new best val_loss at epoch #41: 0.000951
2025-09-30 20:05:24.946 | INFO     | agents.servers.serverDAE:train_on_clients:43 - Client 12 gets new best val_loss at epoch #41: 0.000978
2025-09-30 20:05:26.353 | INFO     | agents.servers.serverDAE:train_on_clients:43 - Client 16 gets new best val_loss at epoch #41: 0.000911
2025-09-30 20:05:26.709 | INFO     | agents.servers.serverDAE:train_on_clients:43 - Client 17 gets new best val_loss at epoch #41: 0.001093
2025-09-30 20:05:27.406 | INFO     | agents.servers.serverDAE:train_on_clients:65 - 20 clients still training at epoch #41
2025-09-30 20:05:27.425 | INFO     | agents.servers.serverDAE:train_on_clients:22 - Training DAE model epoch #42
2025-09-30 20:05:28.118 | INFO     | agents.servers.serverDAE:train_on_clients:43 - Client 1 gets new best val_loss at epoch #42: 0.000958
2025-09-30 20:05:28.810 | INFO     | agents.servers.serverDAE:train_on_clients:43 - Client 3 gets new best val_loss at epoch #42: 0.000981
2025-09-30 20:05:29.159 | INFO     | agents.servers.serverDAE:train_on_clients:43 - Client 4 gets new best val_loss at epoch #42: 0.000868
2025-09-30 20:05:30.541 | INFO     | agents.servers.serverDAE:train_on_clients:43 - Client 8 gets new best val_loss at epoch #42: 0.000963
2025-09-30 20:05:31.237 | INFO     | agents.servers.serverDAE:train_on_clients:43 - Client 10 gets new best val_loss at epoch #42: 0.000918
2025-09-30 20:05:31.924 | INFO     | agents.servers.serverDAE:train_on_clients:43 - Client 12 gets new best val_loss at epoch #42: 0.000951
2025-09-30 20:05:33.295 | INFO     | agents.servers.serverDAE:train_on_clients:43 - Client 16 gets new best val_loss at epoch #42: 0.000902
2025-09-30 20:05:34.335 | INFO     | agents.servers.serverDAE:train_on_clients:65 - 20 clients still training at epoch #42
2025-09-30 20:05:34.354 | INFO     | agents.servers.serverDAE:train_on_clients:22 - Training DAE model epoch #43
2025-09-30 20:05:35.391 | INFO     | agents.servers.serverDAE:train_on_clients:43 - Client 2 gets new best val_loss at epoch #43: 0.000933
2025-09-30 20:05:37.106 | INFO     | agents.servers.serverDAE:train_on_clients:43 - Client 7 gets new best val_loss at epoch #43: 0.001057
2025-09-30 20:05:37.450 | INFO     | agents.servers.serverDAE:train_on_clients:43 - Client 8 gets new best val_loss at epoch #43: 0.000935
2025-09-30 20:05:38.142 | INFO     | agents.servers.serverDAE:train_on_clients:43 - Client 10 gets new best val_loss at epoch #43: 0.000910
2025-09-30 20:05:38.487 | INFO     | agents.servers.serverDAE:train_on_clients:43 - Client 11 gets new best val_loss at epoch #43: 0.001008
2025-09-30 20:05:40.215 | INFO     | agents.servers.serverDAE:train_on_clients:43 - Client 16 gets new best val_loss at epoch #43: 0.000893
2025-09-30 20:05:41.265 | INFO     | agents.servers.serverDAE:train_on_clients:65 - 20 clients still training at epoch #43
2025-09-30 20:05:41.283 | INFO     | agents.servers.serverDAE:train_on_clients:22 - Training DAE model epoch #44
2025-09-30 20:05:44.099 | INFO     | agents.servers.serverDAE:train_on_clients:43 - Client 7 gets new best val_loss at epoch #44: 0.001047
2025-09-30 20:05:46.548 | INFO     | agents.servers.serverDAE:train_on_clients:43 - Client 14 gets new best val_loss at epoch #44: 0.000915
2025-09-30 20:05:46.900 | INFO     | agents.servers.serverDAE:train_on_clients:43 - Client 15 gets new best val_loss at epoch #44: 0.001010
2025-09-30 20:05:48.295 | INFO     | agents.servers.serverDAE:train_on_clients:43 - Client 19 gets new best val_loss at epoch #44: 0.000934
2025-09-30 20:05:48.297 | INFO     | agents.servers.serverDAE:train_on_clients:65 - 20 clients still training at epoch #44
2025-09-30 20:05:48.315 | INFO     | agents.servers.serverDAE:train_on_clients:22 - Training DAE model epoch #45
2025-09-30 20:05:49.367 | INFO     | agents.servers.serverDAE:train_on_clients:43 - Client 2 gets new best val_loss at epoch #45: 0.000913
2025-09-30 20:05:49.721 | INFO     | agents.servers.serverDAE:train_on_clients:43 - Client 3 gets new best val_loss at epoch #45: 0.000977
2025-09-30 20:05:50.418 | INFO     | agents.servers.serverDAE:train_on_clients:43 - Client 5 gets new best val_loss at epoch #45: 0.001044
2025-09-30 20:05:53.581 | INFO     | agents.servers.serverDAE:train_on_clients:43 - Client 14 gets new best val_loss at epoch #45: 0.000895
2025-09-30 20:05:53.930 | INFO     | agents.servers.serverDAE:train_on_clients:43 - Client 15 gets new best val_loss at epoch #45: 0.000985
2025-09-30 20:05:54.990 | INFO     | agents.servers.serverDAE:train_on_clients:43 - Client 18 gets new best val_loss at epoch #45: 0.000967
2025-09-30 20:05:55.345 | INFO     | agents.servers.serverDAE:train_on_clients:65 - 20 clients still training at epoch #45
2025-09-30 20:05:55.363 | INFO     | agents.servers.serverDAE:train_on_clients:22 - Training DAE model epoch #46
2025-09-30 20:05:56.065 | INFO     | agents.servers.serverDAE:train_on_clients:43 - Client 1 gets new best val_loss at epoch #46: 0.000918
2025-09-30 20:05:56.417 | INFO     | agents.servers.serverDAE:train_on_clients:43 - Client 2 gets new best val_loss at epoch #46: 0.000893
2025-09-30 20:05:56.770 | INFO     | agents.servers.serverDAE:train_on_clients:43 - Client 3 gets new best val_loss at epoch #46: 0.000965
2025-09-30 20:05:57.122 | INFO     | agents.servers.serverDAE:train_on_clients:43 - Client 4 gets new best val_loss at epoch #46: 0.000865
2025-09-30 20:05:57.822 | INFO     | agents.servers.serverDAE:train_on_clients:43 - Client 6 gets new best val_loss at epoch #46: 0.000967
2025-09-30 20:05:59.203 | INFO     | agents.servers.serverDAE:train_on_clients:43 - Client 10 gets new best val_loss at epoch #46: 0.000886
2025-09-30 20:06:02.010 | INFO     | agents.servers.serverDAE:train_on_clients:43 - Client 18 gets new best val_loss at epoch #46: 0.000957
2025-09-30 20:06:02.367 | INFO     | agents.servers.serverDAE:train_on_clients:65 - 20 clients still training at epoch #46
2025-09-30 20:06:02.385 | INFO     | agents.servers.serverDAE:train_on_clients:22 - Training DAE model epoch #47
2025-09-30 20:06:04.501 | INFO     | agents.servers.serverDAE:train_on_clients:43 - Client 5 gets new best val_loss at epoch #47: 0.001043
2025-09-30 20:06:04.855 | INFO     | agents.servers.serverDAE:train_on_clients:43 - Client 6 gets new best val_loss at epoch #47: 0.000960
2025-09-30 20:06:06.609 | INFO     | agents.servers.serverDAE:train_on_clients:43 - Client 11 gets new best val_loss at epoch #47: 0.000983
2025-09-30 20:06:09.421 | INFO     | agents.servers.serverDAE:train_on_clients:65 - 20 clients still training at epoch #47
2025-09-30 20:06:09.439 | INFO     | agents.servers.serverDAE:train_on_clients:22 - Training DAE model epoch #48
2025-09-30 20:06:09.793 | INFO     | agents.servers.serverDAE:train_on_clients:43 - Client 0 gets new best val_loss at epoch #48: 0.000896
2025-09-30 20:06:12.252 | INFO     | agents.servers.serverDAE:train_on_clients:43 - Client 7 gets new best val_loss at epoch #48: 0.001042
2025-09-30 20:06:12.951 | INFO     | agents.servers.serverDAE:train_on_clients:43 - Client 9 gets new best val_loss at epoch #48: 0.001012
2025-09-30 20:06:14.004 | INFO     | agents.servers.serverDAE:train_on_clients:43 - Client 12 gets new best val_loss at epoch #48: 0.000940
2025-09-30 20:06:14.359 | INFO     | agents.servers.serverDAE:train_on_clients:43 - Client 13 gets new best val_loss at epoch #48: 0.000945
2025-09-30 20:06:16.449 | INFO     | agents.servers.serverDAE:train_on_clients:65 - 20 clients still training at epoch #48
2025-09-30 20:06:16.467 | INFO     | agents.servers.serverDAE:train_on_clients:22 - Training DAE model epoch #49
2025-09-30 20:06:16.815 | INFO     | agents.servers.serverDAE:train_on_clients:43 - Client 0 gets new best val_loss at epoch #49: 0.000887
2025-09-30 20:06:17.872 | INFO     | agents.servers.serverDAE:train_on_clients:43 - Client 3 gets new best val_loss at epoch #49: 0.000952
2025-09-30 20:06:18.571 | INFO     | agents.servers.serverDAE:train_on_clients:43 - Client 5 gets new best val_loss at epoch #49: 0.001043
2025-09-30 20:06:18.924 | INFO     | agents.servers.serverDAE:train_on_clients:43 - Client 6 gets new best val_loss at epoch #49: 0.000935
2025-09-30 20:06:22.815 | INFO     | agents.servers.serverDAE:train_on_clients:43 - Client 17 gets new best val_loss at epoch #49: 0.001078
2025-09-30 20:06:23.520 | INFO     | agents.servers.serverDAE:train_on_clients:43 - Client 19 gets new best val_loss at epoch #49: 0.000875
2025-09-30 20:06:23.523 | INFO     | agents.servers.serverDAE:train_on_clients:65 - 20 clients still training at epoch #49
2025-09-30 20:06:23.540 | INFO     | agents.servers.serverDAE:train_on_clients:22 - Training DAE model epoch #50
2025-09-30 20:06:23.918 | INFO     | agents.servers.serverDAE:train_on_clients:59 - Saved model for client 0 at epoch 50 -> saved_models/DAE/average/wsn_ds/epoch_50_client_0.pt
2025-09-30 20:06:24.273 | INFO     | agents.servers.serverDAE:train_on_clients:59 - Saved model for client 1 at epoch 50 -> saved_models/DAE/average/wsn_ds/epoch_50_client_1.pt
2025-09-30 20:06:24.621 | INFO     | agents.servers.serverDAE:train_on_clients:59 - Saved model for client 2 at epoch 50 -> saved_models/DAE/average/wsn_ds/epoch_50_client_2.pt
2025-09-30 20:06:24.976 | INFO     | agents.servers.serverDAE:train_on_clients:59 - Saved model for client 3 at epoch 50 -> saved_models/DAE/average/wsn_ds/epoch_50_client_3.pt
2025-09-30 20:06:25.329 | INFO     | agents.servers.serverDAE:train_on_clients:43 - Client 4 gets new best val_loss at epoch #50: 0.000844
2025-09-30 20:06:25.331 | INFO     | agents.servers.serverDAE:train_on_clients:59 - Saved model for client 4 at epoch 50 -> saved_models/DAE/average/wsn_ds/epoch_50_client_4.pt
2025-09-30 20:06:25.686 | INFO     | agents.servers.serverDAE:train_on_clients:43 - Client 5 gets new best val_loss at epoch #50: 0.001014
2025-09-30 20:06:25.688 | INFO     | agents.servers.serverDAE:train_on_clients:59 - Saved model for client 5 at epoch 50 -> saved_models/DAE/average/wsn_ds/epoch_50_client_5.pt
2025-09-30 20:06:26.045 | INFO     | agents.servers.serverDAE:train_on_clients:59 - Saved model for client 6 at epoch 50 -> saved_models/DAE/average/wsn_ds/epoch_50_client_6.pt
2025-09-30 20:06:26.393 | INFO     | agents.servers.serverDAE:train_on_clients:59 - Saved model for client 7 at epoch 50 -> saved_models/DAE/average/wsn_ds/epoch_50_client_7.pt
2025-09-30 20:06:26.749 | INFO     | agents.servers.serverDAE:train_on_clients:43 - Client 8 gets new best val_loss at epoch #50: 0.000932
2025-09-30 20:06:26.751 | INFO     | agents.servers.serverDAE:train_on_clients:59 - Saved model for client 8 at epoch 50 -> saved_models/DAE/average/wsn_ds/epoch_50_client_8.pt
2025-09-30 20:06:27.122 | INFO     | agents.servers.serverDAE:train_on_clients:59 - Saved model for client 9 at epoch 50 -> saved_models/DAE/average/wsn_ds/epoch_50_client_9.pt
2025-09-30 20:06:27.474 | INFO     | agents.servers.serverDAE:train_on_clients:59 - Saved model for client 10 at epoch 50 -> saved_models/DAE/average/wsn_ds/epoch_50_client_10.pt
2025-09-30 20:06:27.829 | INFO     | agents.servers.serverDAE:train_on_clients:59 - Saved model for client 11 at epoch 50 -> saved_models/DAE/average/wsn_ds/epoch_50_client_11.pt
2025-09-30 20:06:28.181 | INFO     | agents.servers.serverDAE:train_on_clients:59 - Saved model for client 12 at epoch 50 -> saved_models/DAE/average/wsn_ds/epoch_50_client_12.pt
2025-09-30 20:06:28.533 | INFO     | agents.servers.serverDAE:train_on_clients:59 - Saved model for client 13 at epoch 50 -> saved_models/DAE/average/wsn_ds/epoch_50_client_13.pt
2025-09-30 20:06:28.887 | INFO     | agents.servers.serverDAE:train_on_clients:59 - Saved model for client 14 at epoch 50 -> saved_models/DAE/average/wsn_ds/epoch_50_client_14.pt
2025-09-30 20:06:29.238 | INFO     | agents.servers.serverDAE:train_on_clients:59 - Saved model for client 15 at epoch 50 -> saved_models/DAE/average/wsn_ds/epoch_50_client_15.pt
2025-09-30 20:06:29.591 | INFO     | agents.servers.serverDAE:train_on_clients:43 - Client 16 gets new best val_loss at epoch #50: 0.000854
2025-09-30 20:06:29.592 | INFO     | agents.servers.serverDAE:train_on_clients:59 - Saved model for client 16 at epoch 50 -> saved_models/DAE/average/wsn_ds/epoch_50_client_16.pt
2025-09-30 20:06:29.941 | INFO     | agents.servers.serverDAE:train_on_clients:59 - Saved model for client 17 at epoch 50 -> saved_models/DAE/average/wsn_ds/epoch_50_client_17.pt
2025-09-30 20:06:30.292 | INFO     | agents.servers.serverDAE:train_on_clients:43 - Client 18 gets new best val_loss at epoch #50: 0.000933
2025-09-30 20:06:30.293 | INFO     | agents.servers.serverDAE:train_on_clients:59 - Saved model for client 18 at epoch 50 -> saved_models/DAE/average/wsn_ds/epoch_50_client_18.pt
2025-09-30 20:06:30.646 | INFO     | agents.servers.serverDAE:train_on_clients:59 - Saved model for client 19 at epoch 50 -> saved_models/DAE/average/wsn_ds/epoch_50_client_19.pt
2025-09-30 20:06:30.649 | INFO     | agents.servers.serverDAE:train_on_clients:65 - 20 clients still training at epoch #50
2025-09-30 20:06:30.666 | INFO     | agents.servers.serverDAE:train_on_clients:22 - Training DAE model epoch #51
2025-09-30 20:06:34.221 | INFO     | agents.servers.serverDAE:train_on_clients:43 - Client 9 gets new best val_loss at epoch #51: 0.000998
2025-09-30 20:06:37.777 | INFO     | agents.servers.serverDAE:train_on_clients:65 - 20 clients still training at epoch #51
2025-09-30 20:06:37.795 | INFO     | agents.servers.serverDAE:train_on_clients:22 - Training DAE model epoch #52
2025-09-30 20:06:38.147 | INFO     | agents.servers.serverDAE:train_on_clients:43 - Client 0 gets new best val_loss at epoch #52: 0.000879
2025-09-30 20:06:39.194 | INFO     | agents.servers.serverDAE:train_on_clients:43 - Client 3 gets new best val_loss at epoch #52: 0.000929
2025-09-30 20:06:44.814 | INFO     | agents.servers.serverDAE:train_on_clients:65 - 20 clients still training at epoch #52
2025-09-30 20:06:44.832 | INFO     | agents.servers.serverDAE:train_on_clients:22 - Training DAE model epoch #53
2025-09-30 20:06:46.249 | INFO     | agents.servers.serverDAE:train_on_clients:43 - Client 3 gets new best val_loss at epoch #53: 0.000923
2025-09-30 20:06:49.804 | INFO     | agents.servers.serverDAE:train_on_clients:43 - Client 13 gets new best val_loss at epoch #53: 0.000944
2025-09-30 20:06:50.514 | INFO     | agents.servers.serverDAE:train_on_clients:43 - Client 15 gets new best val_loss at epoch #53: 0.000964
2025-09-30 20:06:51.584 | INFO     | agents.servers.serverDAE:train_on_clients:43 - Client 18 gets new best val_loss at epoch #53: 0.000924
2025-09-30 20:06:51.943 | INFO     | agents.servers.serverDAE:train_on_clients:65 - 20 clients still training at epoch #53
2025-09-30 20:06:52.115 | INFO     | agents.servers.serverDAE:train_on_clients:22 - Training DAE model epoch #54
2025-09-30 20:06:52.828 | INFO     | agents.servers.serverDAE:train_on_clients:43 - Client 1 gets new best val_loss at epoch #54: 0.000916
2025-09-30 20:06:54.236 | INFO     | agents.servers.serverDAE:train_on_clients:43 - Client 5 gets new best val_loss at epoch #54: 0.001003
2025-09-30 20:06:54.938 | INFO     | agents.servers.serverDAE:train_on_clients:43 - Client 7 gets new best val_loss at epoch #54: 0.001024
2025-09-30 20:06:55.298 | INFO     | agents.servers.serverDAE:train_on_clients:43 - Client 8 gets new best val_loss at epoch #54: 0.000898
2025-09-30 20:06:56.711 | INFO     | agents.servers.serverDAE:train_on_clients:43 - Client 12 gets new best val_loss at epoch #54: 0.000919
2025-09-30 20:06:59.199 | INFO     | agents.servers.serverDAE:train_on_clients:65 - 20 clients still training at epoch #54
2025-09-30 20:06:59.216 | INFO     | agents.servers.serverDAE:train_on_clients:22 - Training DAE model epoch #55
2025-09-30 20:07:01.693 | INFO     | agents.servers.serverDAE:train_on_clients:43 - Client 6 gets new best val_loss at epoch #55: 0.000918
2025-09-30 20:07:04.845 | INFO     | agents.servers.serverDAE:train_on_clients:43 - Client 15 gets new best val_loss at epoch #55: 0.000949
2025-09-30 20:07:06.245 | INFO     | agents.servers.serverDAE:train_on_clients:65 - 20 clients still training at epoch #55
2025-09-30 20:07:06.263 | INFO     | agents.servers.serverDAE:train_on_clients:22 - Training DAE model epoch #56
2025-09-30 20:07:06.964 | INFO     | agents.servers.serverDAE:train_on_clients:43 - Client 1 gets new best val_loss at epoch #56: 0.000914
2025-09-30 20:07:08.020 | INFO     | agents.servers.serverDAE:train_on_clients:43 - Client 4 gets new best val_loss at epoch #56: 0.000826
2025-09-30 20:07:10.119 | INFO     | agents.servers.serverDAE:train_on_clients:43 - Client 10 gets new best val_loss at epoch #56: 0.000879
2025-09-30 20:07:11.171 | INFO     | agents.servers.serverDAE:train_on_clients:43 - Client 13 gets new best val_loss at epoch #56: 0.000937
2025-09-30 20:07:11.528 | INFO     | agents.servers.serverDAE:train_on_clients:43 - Client 14 gets new best val_loss at epoch #56: 0.000891
2025-09-30 20:07:12.941 | INFO     | agents.servers.serverDAE:train_on_clients:43 - Client 18 gets new best val_loss at epoch #56: 0.000894
2025-09-30 20:07:13.300 | INFO     | agents.servers.serverDAE:train_on_clients:65 - 20 clients still training at epoch #56
2025-09-30 20:07:13.318 | INFO     | agents.servers.serverDAE:train_on_clients:22 - Training DAE model epoch #57
2025-09-30 20:07:14.388 | INFO     | agents.servers.serverDAE:train_on_clients:43 - Client 2 gets new best val_loss at epoch #57: 0.000876
2025-09-30 20:07:17.934 | INFO     | agents.servers.serverDAE:train_on_clients:43 - Client 12 gets new best val_loss at epoch #57: 0.000910
2025-09-30 20:07:18.295 | INFO     | agents.servers.serverDAE:train_on_clients:43 - Client 13 gets new best val_loss at epoch #57: 0.000911
2025-09-30 20:07:19.709 | INFO     | agents.servers.serverDAE:train_on_clients:43 - Client 17 gets new best val_loss at epoch #57: 0.001076
2025-09-30 20:07:20.420 | INFO     | agents.servers.serverDAE:train_on_clients:43 - Client 19 gets new best val_loss at epoch #57: 0.000862
2025-09-30 20:07:20.422 | INFO     | agents.servers.serverDAE:train_on_clients:65 - 20 clients still training at epoch #57
2025-09-30 20:07:20.440 | INFO     | agents.servers.serverDAE:train_on_clients:22 - Training DAE model epoch #58
2025-09-30 20:07:22.216 | INFO     | agents.servers.serverDAE:train_on_clients:43 - Client 4 gets new best val_loss at epoch #58: 0.000811
2025-09-30 20:07:23.988 | INFO     | agents.servers.serverDAE:train_on_clients:43 - Client 9 gets new best val_loss at epoch #58: 0.000995
2025-09-30 20:07:25.750 | INFO     | agents.servers.serverDAE:train_on_clients:43 - Client 14 gets new best val_loss at epoch #58: 0.000863
2025-09-30 20:07:26.452 | INFO     | agents.servers.serverDAE:train_on_clients:43 - Client 16 gets new best val_loss at epoch #58: 0.000850
2025-09-30 20:07:26.807 | INFO     | agents.servers.serverDAE:train_on_clients:43 - Client 17 gets new best val_loss at epoch #58: 0.001044
2025-09-30 20:07:27.505 | INFO     | agents.servers.serverDAE:train_on_clients:65 - 20 clients still training at epoch #58
2025-09-30 20:07:27.523 | INFO     | agents.servers.serverDAE:train_on_clients:22 - Training DAE model epoch #59
2025-09-30 20:07:27.875 | INFO     | agents.servers.serverDAE:train_on_clients:43 - Client 0 gets new best val_loss at epoch #59: 0.000859
2025-09-30 20:07:28.227 | INFO     | agents.servers.serverDAE:train_on_clients:43 - Client 1 gets new best val_loss at epoch #59: 0.000895
2025-09-30 20:07:28.582 | INFO     | agents.servers.serverDAE:train_on_clients:43 - Client 2 gets new best val_loss at epoch #59: 0.000858
2025-09-30 20:07:28.972 | INFO     | agents.servers.serverDAE:train_on_clients:43 - Client 3 gets new best val_loss at epoch #59: 0.000884
2025-09-30 20:07:30.758 | INFO     | agents.servers.serverDAE:train_on_clients:43 - Client 8 gets new best val_loss at epoch #59: 0.000876
2025-09-30 20:07:31.466 | INFO     | agents.servers.serverDAE:train_on_clients:43 - Client 10 gets new best val_loss at epoch #59: 0.000850
2025-09-30 20:07:32.518 | INFO     | agents.servers.serverDAE:train_on_clients:43 - Client 13 gets new best val_loss at epoch #59: 0.000900
2025-09-30 20:07:34.621 | INFO     | agents.servers.serverDAE:train_on_clients:65 - 20 clients still training at epoch #59
2025-09-30 20:07:34.640 | INFO     | agents.servers.serverDAE:train_on_clients:22 - Training DAE model epoch #60
2025-09-30 20:07:35.000 | INFO     | agents.servers.serverDAE:train_on_clients:59 - Saved model for client 0 at epoch 60 -> saved_models/DAE/average/wsn_ds/epoch_60_client_0.pt
2025-09-30 20:07:35.363 | INFO     | agents.servers.serverDAE:train_on_clients:59 - Saved model for client 1 at epoch 60 -> saved_models/DAE/average/wsn_ds/epoch_60_client_1.pt
2025-09-30 20:07:35.719 | INFO     | agents.servers.serverDAE:train_on_clients:59 - Saved model for client 2 at epoch 60 -> saved_models/DAE/average/wsn_ds/epoch_60_client_2.pt
2025-09-30 20:07:36.073 | INFO     | agents.servers.serverDAE:train_on_clients:59 - Saved model for client 3 at epoch 60 -> saved_models/DAE/average/wsn_ds/epoch_60_client_3.pt
2025-09-30 20:07:36.421 | INFO     | agents.servers.serverDAE:train_on_clients:43 - Client 4 gets new best val_loss at epoch #60: 0.000802
2025-09-30 20:07:36.423 | INFO     | agents.servers.serverDAE:train_on_clients:59 - Saved model for client 4 at epoch 60 -> saved_models/DAE/average/wsn_ds/epoch_60_client_4.pt
2025-09-30 20:07:36.775 | INFO     | agents.servers.serverDAE:train_on_clients:43 - Client 5 gets new best val_loss at epoch #60: 0.000991
2025-09-30 20:07:36.776 | INFO     | agents.servers.serverDAE:train_on_clients:59 - Saved model for client 5 at epoch 60 -> saved_models/DAE/average/wsn_ds/epoch_60_client_5.pt
2025-09-30 20:07:37.123 | INFO     | agents.servers.serverDAE:train_on_clients:43 - Client 6 gets new best val_loss at epoch #60: 0.000879
2025-09-30 20:07:37.125 | INFO     | agents.servers.serverDAE:train_on_clients:59 - Saved model for client 6 at epoch 60 -> saved_models/DAE/average/wsn_ds/epoch_60_client_6.pt
2025-09-30 20:07:37.479 | INFO     | agents.servers.serverDAE:train_on_clients:43 - Client 7 gets new best val_loss at epoch #60: 0.001007
2025-09-30 20:07:37.480 | INFO     | agents.servers.serverDAE:train_on_clients:59 - Saved model for client 7 at epoch 60 -> saved_models/DAE/average/wsn_ds/epoch_60_client_7.pt
2025-09-30 20:07:37.833 | INFO     | agents.servers.serverDAE:train_on_clients:59 - Saved model for client 8 at epoch 60 -> saved_models/DAE/average/wsn_ds/epoch_60_client_8.pt
2025-09-30 20:07:38.177 | INFO     | agents.servers.serverDAE:train_on_clients:43 - Client 9 gets new best val_loss at epoch #60: 0.000989
2025-09-30 20:07:38.179 | INFO     | agents.servers.serverDAE:train_on_clients:59 - Saved model for client 9 at epoch 60 -> saved_models/DAE/average/wsn_ds/epoch_60_client_9.pt
2025-09-30 20:07:38.532 | INFO     | agents.servers.serverDAE:train_on_clients:59 - Saved model for client 10 at epoch 60 -> saved_models/DAE/average/wsn_ds/epoch_60_client_10.pt
2025-09-30 20:07:38.880 | INFO     | agents.servers.serverDAE:train_on_clients:43 - Client 11 gets new best val_loss at epoch #60: 0.000950
2025-09-30 20:07:38.881 | INFO     | agents.servers.serverDAE:train_on_clients:59 - Saved model for client 11 at epoch 60 -> saved_models/DAE/average/wsn_ds/epoch_60_client_11.pt
2025-09-30 20:07:39.231 | INFO     | agents.servers.serverDAE:train_on_clients:59 - Saved model for client 12 at epoch 60 -> saved_models/DAE/average/wsn_ds/epoch_60_client_12.pt
2025-09-30 20:07:39.589 | INFO     | agents.servers.serverDAE:train_on_clients:43 - Client 13 gets new best val_loss at epoch #60: 0.000873
2025-09-30 20:07:39.590 | INFO     | agents.servers.serverDAE:train_on_clients:59 - Saved model for client 13 at epoch 60 -> saved_models/DAE/average/wsn_ds/epoch_60_client_13.pt
2025-09-30 20:07:39.945 | INFO     | agents.servers.serverDAE:train_on_clients:59 - Saved model for client 14 at epoch 60 -> saved_models/DAE/average/wsn_ds/epoch_60_client_14.pt
2025-09-30 20:07:40.294 | INFO     | agents.servers.serverDAE:train_on_clients:59 - Saved model for client 15 at epoch 60 -> saved_models/DAE/average/wsn_ds/epoch_60_client_15.pt
2025-09-30 20:07:40.644 | INFO     | agents.servers.serverDAE:train_on_clients:43 - Client 16 gets new best val_loss at epoch #60: 0.000844
2025-09-30 20:07:40.646 | INFO     | agents.servers.serverDAE:train_on_clients:59 - Saved model for client 16 at epoch 60 -> saved_models/DAE/average/wsn_ds/epoch_60_client_16.pt
2025-09-30 20:07:40.994 | INFO     | agents.servers.serverDAE:train_on_clients:43 - Client 17 gets new best val_loss at epoch #60: 0.001019
2025-09-30 20:07:40.995 | INFO     | agents.servers.serverDAE:train_on_clients:59 - Saved model for client 17 at epoch 60 -> saved_models/DAE/average/wsn_ds/epoch_60_client_17.pt
2025-09-30 20:07:41.346 | INFO     | agents.servers.serverDAE:train_on_clients:43 - Client 18 gets new best val_loss at epoch #60: 0.000883
2025-09-30 20:07:41.347 | INFO     | agents.servers.serverDAE:train_on_clients:59 - Saved model for client 18 at epoch 60 -> saved_models/DAE/average/wsn_ds/epoch_60_client_18.pt
2025-09-30 20:07:41.703 | INFO     | agents.servers.serverDAE:train_on_clients:59 - Saved model for client 19 at epoch 60 -> saved_models/DAE/average/wsn_ds/epoch_60_client_19.pt
2025-09-30 20:07:41.705 | INFO     | agents.servers.serverDAE:train_on_clients:65 - 20 clients still training at epoch #60
2025-09-30 20:07:41.723 | INFO     | agents.servers.serverDAE:train_on_clients:22 - Training DAE model epoch #61
2025-09-30 20:07:42.074 | INFO     | agents.servers.serverDAE:train_on_clients:43 - Client 0 gets new best val_loss at epoch #61: 0.000850
2025-09-30 20:07:42.425 | INFO     | agents.servers.serverDAE:train_on_clients:43 - Client 1 gets new best val_loss at epoch #61: 0.000855
2025-09-30 20:07:42.781 | INFO     | agents.servers.serverDAE:train_on_clients:43 - Client 2 gets new best val_loss at epoch #61: 0.000833
2025-09-30 20:07:43.137 | INFO     | agents.servers.serverDAE:train_on_clients:43 - Client 3 gets new best val_loss at epoch #61: 0.000803
2025-09-30 20:07:44.205 | INFO     | agents.servers.serverDAE:train_on_clients:43 - Client 6 gets new best val_loss at epoch #61: 0.000848
2025-09-30 20:07:44.564 | INFO     | agents.servers.serverDAE:train_on_clients:43 - Client 7 gets new best val_loss at epoch #61: 0.000982
2025-09-30 20:07:44.921 | INFO     | agents.servers.serverDAE:train_on_clients:43 - Client 8 gets new best val_loss at epoch #61: 0.000807
2025-09-30 20:07:45.274 | INFO     | agents.servers.serverDAE:train_on_clients:43 - Client 9 gets new best val_loss at epoch #61: 0.000972
2025-09-30 20:07:45.632 | INFO     | agents.servers.serverDAE:train_on_clients:43 - Client 10 gets new best val_loss at epoch #61: 0.000794
2025-09-30 20:07:45.988 | INFO     | agents.servers.serverDAE:train_on_clients:43 - Client 11 gets new best val_loss at epoch #61: 0.000885
2025-09-30 20:07:46.688 | INFO     | agents.servers.serverDAE:train_on_clients:43 - Client 13 gets new best val_loss at epoch #61: 0.000828
2025-09-30 20:07:47.041 | INFO     | agents.servers.serverDAE:train_on_clients:43 - Client 14 gets new best val_loss at epoch #61: 0.000832
2025-09-30 20:07:47.401 | INFO     | agents.servers.serverDAE:train_on_clients:43 - Client 15 gets new best val_loss at epoch #61: 0.000883
2025-09-30 20:07:47.752 | INFO     | agents.servers.serverDAE:train_on_clients:43 - Client 16 gets new best val_loss at epoch #61: 0.000791
2025-09-30 20:07:48.108 | INFO     | agents.servers.serverDAE:train_on_clients:43 - Client 17 gets new best val_loss at epoch #61: 0.001012
2025-09-30 20:07:48.458 | INFO     | agents.servers.serverDAE:train_on_clients:43 - Client 18 gets new best val_loss at epoch #61: 0.000874
2025-09-30 20:07:48.812 | INFO     | agents.servers.serverDAE:train_on_clients:65 - 20 clients still training at epoch #61
2025-09-30 20:07:48.830 | INFO     | agents.servers.serverDAE:train_on_clients:22 - Training DAE model epoch #62
2025-09-30 20:07:49.181 | INFO     | agents.servers.serverDAE:train_on_clients:43 - Client 0 gets new best val_loss at epoch #62: 0.000786
2025-09-30 20:07:49.535 | INFO     | agents.servers.serverDAE:train_on_clients:43 - Client 1 gets new best val_loss at epoch #62: 0.000805
2025-09-30 20:07:49.887 | INFO     | agents.servers.serverDAE:train_on_clients:43 - Client 2 gets new best val_loss at epoch #62: 0.000783
2025-09-30 20:07:50.585 | INFO     | agents.servers.serverDAE:train_on_clients:43 - Client 4 gets new best val_loss at epoch #62: 0.000743
2025-09-30 20:07:50.939 | INFO     | agents.servers.serverDAE:train_on_clients:43 - Client 5 gets new best val_loss at epoch #62: 0.000890
2025-09-30 20:07:51.294 | INFO     | agents.servers.serverDAE:train_on_clients:43 - Client 6 gets new best val_loss at epoch #62: 0.000805
2025-09-30 20:07:51.641 | INFO     | agents.servers.serverDAE:train_on_clients:43 - Client 7 gets new best val_loss at epoch #62: 0.000923
2025-09-30 20:07:51.994 | INFO     | agents.servers.serverDAE:train_on_clients:43 - Client 8 gets new best val_loss at epoch #62: 0.000728
2025-09-30 20:07:52.349 | INFO     | agents.servers.serverDAE:train_on_clients:43 - Client 9 gets new best val_loss at epoch #62: 0.000902
2025-09-30 20:07:52.702 | INFO     | agents.servers.serverDAE:train_on_clients:43 - Client 10 gets new best val_loss at epoch #62: 0.000782
2025-09-30 20:07:53.413 | INFO     | agents.servers.serverDAE:train_on_clients:43 - Client 12 gets new best val_loss at epoch #62: 0.000874
2025-09-30 20:07:53.766 | INFO     | agents.servers.serverDAE:train_on_clients:43 - Client 13 gets new best val_loss at epoch #62: 0.000828
2025-09-30 20:07:54.105 | INFO     | agents.servers.serverDAE:train_on_clients:43 - Client 14 gets new best val_loss at epoch #62: 0.000730
2025-09-30 20:07:54.782 | INFO     | agents.servers.serverDAE:train_on_clients:43 - Client 16 gets new best val_loss at epoch #62: 0.000741
2025-09-30 20:07:55.136 | INFO     | agents.servers.serverDAE:train_on_clients:43 - Client 17 gets new best val_loss at epoch #62: 0.000980
2025-09-30 20:07:55.487 | INFO     | agents.servers.serverDAE:train_on_clients:43 - Client 18 gets new best val_loss at epoch #62: 0.000824
2025-09-30 20:07:55.837 | INFO     | agents.servers.serverDAE:train_on_clients:65 - 20 clients still training at epoch #62
2025-09-30 20:07:55.855 | INFO     | agents.servers.serverDAE:train_on_clients:22 - Training DAE model epoch #63
2025-09-30 20:07:57.254 | INFO     | agents.servers.serverDAE:train_on_clients:43 - Client 3 gets new best val_loss at epoch #63: 0.000786
2025-09-30 20:07:57.604 | INFO     | agents.servers.serverDAE:train_on_clients:43 - Client 4 gets new best val_loss at epoch #63: 0.000740
2025-09-30 20:07:58.312 | INFO     | agents.servers.serverDAE:train_on_clients:43 - Client 6 gets new best val_loss at epoch #63: 0.000792
2025-09-30 20:07:58.658 | INFO     | agents.servers.serverDAE:train_on_clients:43 - Client 7 gets new best val_loss at epoch #63: 0.000918
2025-09-30 20:07:59.011 | INFO     | agents.servers.serverDAE:train_on_clients:43 - Client 8 gets new best val_loss at epoch #63: 0.000698
2025-09-30 20:07:59.363 | INFO     | agents.servers.serverDAE:train_on_clients:43 - Client 9 gets new best val_loss at epoch #63: 0.000861
2025-09-30 20:07:59.717 | INFO     | agents.servers.serverDAE:train_on_clients:43 - Client 10 gets new best val_loss at epoch #63: 0.000685
2025-09-30 20:08:00.073 | INFO     | agents.servers.serverDAE:train_on_clients:43 - Client 11 gets new best val_loss at epoch #63: 0.000857
2025-09-30 20:08:00.424 | INFO     | agents.servers.serverDAE:train_on_clients:43 - Client 12 gets new best val_loss at epoch #63: 0.000845
2025-09-30 20:08:00.772 | INFO     | agents.servers.serverDAE:train_on_clients:43 - Client 13 gets new best val_loss at epoch #63: 0.000740
2025-09-30 20:08:01.122 | INFO     | agents.servers.serverDAE:train_on_clients:43 - Client 14 gets new best val_loss at epoch #63: 0.000717
2025-09-30 20:08:01.472 | INFO     | agents.servers.serverDAE:train_on_clients:43 - Client 15 gets new best val_loss at epoch #63: 0.000870
2025-09-30 20:08:01.829 | INFO     | agents.servers.serverDAE:train_on_clients:43 - Client 16 gets new best val_loss at epoch #63: 0.000700
2025-09-30 20:08:02.183 | INFO     | agents.servers.serverDAE:train_on_clients:43 - Client 17 gets new best val_loss at epoch #63: 0.000888
2025-09-30 20:08:02.534 | INFO     | agents.servers.serverDAE:train_on_clients:43 - Client 18 gets new best val_loss at epoch #63: 0.000778
2025-09-30 20:08:02.895 | INFO     | agents.servers.serverDAE:train_on_clients:43 - Client 19 gets new best val_loss at epoch #63: 0.000839
2025-09-30 20:08:02.897 | INFO     | agents.servers.serverDAE:train_on_clients:65 - 20 clients still training at epoch #63
2025-09-30 20:08:02.915 | INFO     | agents.servers.serverDAE:train_on_clients:22 - Training DAE model epoch #64
2025-09-30 20:08:03.614 | INFO     | agents.servers.serverDAE:train_on_clients:43 - Client 1 gets new best val_loss at epoch #64: 0.000781
2025-09-30 20:08:03.970 | INFO     | agents.servers.serverDAE:train_on_clients:43 - Client 2 gets new best val_loss at epoch #64: 0.000773
2025-09-30 20:08:04.320 | INFO     | agents.servers.serverDAE:train_on_clients:43 - Client 3 gets new best val_loss at epoch #64: 0.000710
2025-09-30 20:08:04.675 | INFO     | agents.servers.serverDAE:train_on_clients:43 - Client 4 gets new best val_loss at epoch #64: 0.000674
2025-09-30 20:08:05.372 | INFO     | agents.servers.serverDAE:train_on_clients:43 - Client 6 gets new best val_loss at epoch #64: 0.000780
2025-09-30 20:08:07.474 | INFO     | agents.servers.serverDAE:train_on_clients:43 - Client 12 gets new best val_loss at epoch #64: 0.000797
2025-09-30 20:08:07.817 | INFO     | agents.servers.serverDAE:train_on_clients:43 - Client 13 gets new best val_loss at epoch #64: 0.000732
2025-09-30 20:08:08.157 | INFO     | agents.servers.serverDAE:train_on_clients:43 - Client 14 gets new best val_loss at epoch #64: 0.000707
2025-09-30 20:08:08.498 | INFO     | agents.servers.serverDAE:train_on_clients:43 - Client 15 gets new best val_loss at epoch #64: 0.000832
2025-09-30 20:08:09.187 | INFO     | agents.servers.serverDAE:train_on_clients:43 - Client 17 gets new best val_loss at epoch #64: 0.000859
2025-09-30 20:08:09.537 | INFO     | agents.servers.serverDAE:train_on_clients:43 - Client 18 gets new best val_loss at epoch #64: 0.000765
2025-09-30 20:08:09.892 | INFO     | agents.servers.serverDAE:train_on_clients:43 - Client 19 gets new best val_loss at epoch #64: 0.000746
2025-09-30 20:08:09.895 | INFO     | agents.servers.serverDAE:train_on_clients:65 - 20 clients still training at epoch #64
2025-09-30 20:08:09.913 | INFO     | agents.servers.serverDAE:train_on_clients:22 - Training DAE model epoch #65
2025-09-30 20:08:10.265 | INFO     | agents.servers.serverDAE:train_on_clients:43 - Client 0 gets new best val_loss at epoch #65: 0.000771
2025-09-30 20:08:10.967 | INFO     | agents.servers.serverDAE:train_on_clients:43 - Client 2 gets new best val_loss at epoch #65: 0.000771
2025-09-30 20:08:11.671 | INFO     | agents.servers.serverDAE:train_on_clients:43 - Client 4 gets new best val_loss at epoch #65: 0.000666
2025-09-30 20:08:12.023 | INFO     | agents.servers.serverDAE:train_on_clients:43 - Client 5 gets new best val_loss at epoch #65: 0.000878
2025-09-30 20:08:12.377 | INFO     | agents.servers.serverDAE:train_on_clients:43 - Client 6 gets new best val_loss at epoch #65: 0.000747
2025-09-30 20:08:13.792 | INFO     | agents.servers.serverDAE:train_on_clients:43 - Client 10 gets new best val_loss at epoch #65: 0.000682
2025-09-30 20:08:14.147 | INFO     | agents.servers.serverDAE:train_on_clients:43 - Client 11 gets new best val_loss at epoch #65: 0.000830
2025-09-30 20:08:14.497 | INFO     | agents.servers.serverDAE:train_on_clients:43 - Client 12 gets new best val_loss at epoch #65: 0.000757
2025-09-30 20:08:15.210 | INFO     | agents.servers.serverDAE:train_on_clients:43 - Client 14 gets new best val_loss at epoch #65: 0.000688
2025-09-30 20:08:15.914 | INFO     | agents.servers.serverDAE:train_on_clients:43 - Client 16 gets new best val_loss at epoch #65: 0.000648
2025-09-30 20:08:16.269 | INFO     | agents.servers.serverDAE:train_on_clients:43 - Client 17 gets new best val_loss at epoch #65: 0.000836
2025-09-30 20:08:16.970 | INFO     | agents.servers.serverDAE:train_on_clients:43 - Client 19 gets new best val_loss at epoch #65: 0.000737
2025-09-30 20:08:16.972 | INFO     | agents.servers.serverDAE:train_on_clients:65 - 20 clients still training at epoch #65
2025-09-30 20:08:16.991 | INFO     | agents.servers.serverDAE:train_on_clients:22 - Training DAE model epoch #66
2025-09-30 20:08:17.351 | INFO     | agents.servers.serverDAE:train_on_clients:43 - Client 0 gets new best val_loss at epoch #66: 0.000718
2025-09-30 20:08:19.098 | INFO     | agents.servers.serverDAE:train_on_clients:43 - Client 5 gets new best val_loss at epoch #66: 0.000848
2025-09-30 20:08:19.447 | INFO     | agents.servers.serverDAE:train_on_clients:43 - Client 6 gets new best val_loss at epoch #66: 0.000742
2025-09-30 20:08:19.799 | INFO     | agents.servers.serverDAE:train_on_clients:43 - Client 7 gets new best val_loss at epoch #66: 0.000830
2025-09-30 20:08:20.501 | INFO     | agents.servers.serverDAE:train_on_clients:43 - Client 9 gets new best val_loss at epoch #66: 0.000832
2025-09-30 20:08:21.201 | INFO     | agents.servers.serverDAE:train_on_clients:43 - Client 11 gets new best val_loss at epoch #66: 0.000815
2025-09-30 20:08:21.556 | INFO     | agents.servers.serverDAE:train_on_clients:43 - Client 12 gets new best val_loss at epoch #66: 0.000725
2025-09-30 20:08:21.903 | INFO     | agents.servers.serverDAE:train_on_clients:43 - Client 13 gets new best val_loss at epoch #66: 0.000697
2025-09-30 20:08:22.257 | INFO     | agents.servers.serverDAE:train_on_clients:43 - Client 14 gets new best val_loss at epoch #66: 0.000683
2025-09-30 20:08:22.609 | INFO     | agents.servers.serverDAE:train_on_clients:43 - Client 15 gets new best val_loss at epoch #66: 0.000777
2025-09-30 20:08:23.661 | INFO     | agents.servers.serverDAE:train_on_clients:43 - Client 18 gets new best val_loss at epoch #66: 0.000733
2025-09-30 20:08:24.017 | INFO     | agents.servers.serverDAE:train_on_clients:43 - Client 19 gets new best val_loss at epoch #66: 0.000674
2025-09-30 20:08:24.019 | INFO     | agents.servers.serverDAE:train_on_clients:65 - 20 clients still training at epoch #66
2025-09-30 20:08:24.037 | INFO     | agents.servers.serverDAE:train_on_clients:22 - Training DAE model epoch #67
2025-09-30 20:08:24.746 | INFO     | agents.servers.serverDAE:train_on_clients:43 - Client 1 gets new best val_loss at epoch #67: 0.000755
2025-09-30 20:08:25.097 | INFO     | agents.servers.serverDAE:train_on_clients:43 - Client 2 gets new best val_loss at epoch #67: 0.000702
2025-09-30 20:08:25.446 | INFO     | agents.servers.serverDAE:train_on_clients:43 - Client 3 gets new best val_loss at epoch #67: 0.000681
2025-09-30 20:08:26.506 | INFO     | agents.servers.serverDAE:train_on_clients:43 - Client 6 gets new best val_loss at epoch #67: 0.000725
2025-09-30 20:08:27.210 | INFO     | agents.servers.serverDAE:train_on_clients:43 - Client 8 gets new best val_loss at epoch #67: 0.000671
2025-09-30 20:08:27.561 | INFO     | agents.servers.serverDAE:train_on_clients:43 - Client 9 gets new best val_loss at epoch #67: 0.000786
2025-09-30 20:08:28.966 | INFO     | agents.servers.serverDAE:train_on_clients:43 - Client 13 gets new best val_loss at epoch #67: 0.000693
2025-09-30 20:08:29.667 | INFO     | agents.servers.serverDAE:train_on_clients:43 - Client 15 gets new best val_loss at epoch #67: 0.000743
2025-09-30 20:08:31.070 | INFO     | agents.servers.serverDAE:train_on_clients:65 - 20 clients still training at epoch #67
2025-09-30 20:08:31.088 | INFO     | agents.servers.serverDAE:train_on_clients:22 - Training DAE model epoch #68
2025-09-30 20:08:32.138 | INFO     | agents.servers.serverDAE:train_on_clients:43 - Client 2 gets new best val_loss at epoch #68: 0.000674
2025-09-30 20:08:33.189 | INFO     | agents.servers.serverDAE:train_on_clients:43 - Client 5 gets new best val_loss at epoch #68: 0.000825
2025-09-30 20:08:33.547 | INFO     | agents.servers.serverDAE:train_on_clients:43 - Client 6 gets new best val_loss at epoch #68: 0.000704
2025-09-30 20:08:36.516 | INFO     | agents.servers.serverDAE:train_on_clients:43 - Client 14 gets new best val_loss at epoch #68: 0.000679
2025-09-30 20:08:38.292 | INFO     | agents.servers.serverDAE:train_on_clients:65 - 20 clients still training at epoch #68
2025-09-30 20:08:38.310 | INFO     | agents.servers.serverDAE:train_on_clients:22 - Training DAE model epoch #69
2025-09-30 20:08:39.016 | INFO     | agents.servers.serverDAE:train_on_clients:43 - Client 1 gets new best val_loss at epoch #69: 0.000724
2025-09-30 20:08:40.805 | INFO     | agents.servers.serverDAE:train_on_clients:43 - Client 6 gets new best val_loss at epoch #69: 0.000696
2025-09-30 20:08:41.163 | INFO     | agents.servers.serverDAE:train_on_clients:43 - Client 7 gets new best val_loss at epoch #69: 0.000818
2025-09-30 20:08:44.354 | INFO     | agents.servers.serverDAE:train_on_clients:43 - Client 16 gets new best val_loss at epoch #69: 0.000632
2025-09-30 20:08:45.416 | INFO     | agents.servers.serverDAE:train_on_clients:65 - 20 clients still training at epoch #69
2025-09-30 20:08:45.435 | INFO     | agents.servers.serverDAE:train_on_clients:22 - Training DAE model epoch #70
2025-09-30 20:08:45.789 | INFO     | agents.servers.serverDAE:train_on_clients:43 - Client 0 gets new best val_loss at epoch #70: 0.000714
2025-09-30 20:08:45.791 | INFO     | agents.servers.serverDAE:train_on_clients:59 - Saved model for client 0 at epoch 70 -> saved_models/DAE/average/wsn_ds/epoch_70_client_0.pt
2025-09-30 20:08:46.148 | INFO     | agents.servers.serverDAE:train_on_clients:59 - Saved model for client 1 at epoch 70 -> saved_models/DAE/average/wsn_ds/epoch_70_client_1.pt
2025-09-30 20:08:46.500 | INFO     | agents.servers.serverDAE:train_on_clients:59 - Saved model for client 2 at epoch 70 -> saved_models/DAE/average/wsn_ds/epoch_70_client_2.pt
2025-09-30 20:08:46.852 | INFO     | agents.servers.serverDAE:train_on_clients:59 - Saved model for client 3 at epoch 70 -> saved_models/DAE/average/wsn_ds/epoch_70_client_3.pt
2025-09-30 20:08:47.206 | INFO     | agents.servers.serverDAE:train_on_clients:43 - Client 4 gets new best val_loss at epoch #70: 0.000645
2025-09-30 20:08:47.208 | INFO     | agents.servers.serverDAE:train_on_clients:59 - Saved model for client 4 at epoch 70 -> saved_models/DAE/average/wsn_ds/epoch_70_client_4.pt
2025-09-30 20:08:47.562 | INFO     | agents.servers.serverDAE:train_on_clients:43 - Client 5 gets new best val_loss at epoch #70: 0.000822
2025-09-30 20:08:47.563 | INFO     | agents.servers.serverDAE:train_on_clients:59 - Saved model for client 5 at epoch 70 -> saved_models/DAE/average/wsn_ds/epoch_70_client_5.pt
2025-09-30 20:08:47.921 | INFO     | agents.servers.serverDAE:train_on_clients:59 - Saved model for client 6 at epoch 70 -> saved_models/DAE/average/wsn_ds/epoch_70_client_6.pt
2025-09-30 20:08:48.271 | INFO     | agents.servers.serverDAE:train_on_clients:43 - Client 7 gets new best val_loss at epoch #70: 0.000798
2025-09-30 20:08:48.273 | INFO     | agents.servers.serverDAE:train_on_clients:59 - Saved model for client 7 at epoch 70 -> saved_models/DAE/average/wsn_ds/epoch_70_client_7.pt
2025-09-30 20:08:48.630 | INFO     | agents.servers.serverDAE:train_on_clients:59 - Saved model for client 8 at epoch 70 -> saved_models/DAE/average/wsn_ds/epoch_70_client_8.pt
2025-09-30 20:08:48.984 | INFO     | agents.servers.serverDAE:train_on_clients:43 - Client 9 gets new best val_loss at epoch #70: 0.000784
2025-09-30 20:08:48.986 | INFO     | agents.servers.serverDAE:train_on_clients:59 - Saved model for client 9 at epoch 70 -> saved_models/DAE/average/wsn_ds/epoch_70_client_9.pt
2025-09-30 20:08:49.337 | INFO     | agents.servers.serverDAE:train_on_clients:59 - Saved model for client 10 at epoch 70 -> saved_models/DAE/average/wsn_ds/epoch_70_client_10.pt
2025-09-30 20:08:49.690 | INFO     | agents.servers.serverDAE:train_on_clients:43 - Client 11 gets new best val_loss at epoch #70: 0.000807
2025-09-30 20:08:49.692 | INFO     | agents.servers.serverDAE:train_on_clients:59 - Saved model for client 11 at epoch 70 -> saved_models/DAE/average/wsn_ds/epoch_70_client_11.pt
2025-09-30 20:08:50.041 | INFO     | agents.servers.serverDAE:train_on_clients:43 - Client 12 gets new best val_loss at epoch #70: 0.000721
2025-09-30 20:08:50.043 | INFO     | agents.servers.serverDAE:train_on_clients:59 - Saved model for client 12 at epoch 70 -> saved_models/DAE/average/wsn_ds/epoch_70_client_12.pt
2025-09-30 20:08:50.396 | INFO     | agents.servers.serverDAE:train_on_clients:59 - Saved model for client 13 at epoch 70 -> saved_models/DAE/average/wsn_ds/epoch_70_client_13.pt
2025-09-30 20:08:50.752 | INFO     | agents.servers.serverDAE:train_on_clients:59 - Saved model for client 14 at epoch 70 -> saved_models/DAE/average/wsn_ds/epoch_70_client_14.pt
2025-09-30 20:08:51.101 | INFO     | agents.servers.serverDAE:train_on_clients:59 - Saved model for client 15 at epoch 70 -> saved_models/DAE/average/wsn_ds/epoch_70_client_15.pt
2025-09-30 20:08:51.451 | INFO     | agents.servers.serverDAE:train_on_clients:59 - Saved model for client 16 at epoch 70 -> saved_models/DAE/average/wsn_ds/epoch_70_client_16.pt
2025-09-30 20:08:51.805 | INFO     | agents.servers.serverDAE:train_on_clients:43 - Client 17 gets new best val_loss at epoch #70: 0.000819
2025-09-30 20:08:51.806 | INFO     | agents.servers.serverDAE:train_on_clients:59 - Saved model for client 17 at epoch 70 -> saved_models/DAE/average/wsn_ds/epoch_70_client_17.pt
2025-09-30 20:08:52.154 | INFO     | agents.servers.serverDAE:train_on_clients:43 - Client 18 gets new best val_loss at epoch #70: 0.000707
2025-09-30 20:08:52.156 | INFO     | agents.servers.serverDAE:train_on_clients:59 - Saved model for client 18 at epoch 70 -> saved_models/DAE/average/wsn_ds/epoch_70_client_18.pt
2025-09-30 20:08:52.510 | INFO     | agents.servers.serverDAE:train_on_clients:59 - Saved model for client 19 at epoch 70 -> saved_models/DAE/average/wsn_ds/epoch_70_client_19.pt
2025-09-30 20:08:52.513 | INFO     | agents.servers.serverDAE:train_on_clients:65 - 20 clients still training at epoch #70
2025-09-30 20:08:52.531 | INFO     | agents.servers.serverDAE:train_on_clients:22 - Training DAE model epoch #71
2025-09-30 20:08:53.593 | INFO     | agents.servers.serverDAE:train_on_clients:43 - Client 2 gets new best val_loss at epoch #71: 0.000662
2025-09-30 20:08:54.310 | INFO     | agents.servers.serverDAE:train_on_clients:43 - Client 4 gets new best val_loss at epoch #71: 0.000633
2025-09-30 20:08:54.671 | INFO     | agents.servers.serverDAE:train_on_clients:43 - Client 5 gets new best val_loss at epoch #71: 0.000784
2025-09-30 20:08:55.028 | INFO     | agents.servers.serverDAE:train_on_clients:43 - Client 6 gets new best val_loss at epoch #71: 0.000687
2025-09-30 20:08:56.800 | INFO     | agents.servers.serverDAE:train_on_clients:43 - Client 11 gets new best val_loss at epoch #71: 0.000775
2025-09-30 20:08:57.510 | INFO     | agents.servers.serverDAE:train_on_clients:43 - Client 13 gets new best val_loss at epoch #71: 0.000670
2025-09-30 20:08:57.865 | INFO     | agents.servers.serverDAE:train_on_clients:43 - Client 14 gets new best val_loss at epoch #71: 0.000660
2025-09-30 20:08:58.223 | INFO     | agents.servers.serverDAE:train_on_clients:43 - Client 15 gets new best val_loss at epoch #71: 0.000741
2025-09-30 20:08:58.929 | INFO     | agents.servers.serverDAE:train_on_clients:43 - Client 17 gets new best val_loss at epoch #71: 0.000812
2025-09-30 20:08:59.280 | INFO     | agents.servers.serverDAE:train_on_clients:43 - Client 18 gets new best val_loss at epoch #71: 0.000701
2025-09-30 20:08:59.631 | INFO     | agents.servers.serverDAE:train_on_clients:65 - 20 clients still training at epoch #71
2025-09-30 20:08:59.649 | INFO     | agents.servers.serverDAE:train_on_clients:22 - Training DAE model epoch #72
2025-09-30 20:09:00.005 | INFO     | agents.servers.serverDAE:train_on_clients:43 - Client 0 gets new best val_loss at epoch #72: 0.000676
2025-09-30 20:09:00.709 | INFO     | agents.servers.serverDAE:train_on_clients:43 - Client 2 gets new best val_loss at epoch #72: 0.000645
2025-09-30 20:09:01.060 | INFO     | agents.servers.serverDAE:train_on_clients:43 - Client 3 gets new best val_loss at epoch #72: 0.000665
2025-09-30 20:09:02.127 | INFO     | agents.servers.serverDAE:train_on_clients:43 - Client 6 gets new best val_loss at epoch #72: 0.000665
2025-09-30 20:09:02.838 | INFO     | agents.servers.serverDAE:train_on_clients:43 - Client 8 gets new best val_loss at epoch #72: 0.000661
2025-09-30 20:09:03.548 | INFO     | agents.servers.serverDAE:train_on_clients:43 - Client 10 gets new best val_loss at epoch #72: 0.000668
2025-09-30 20:09:04.606 | INFO     | agents.servers.serverDAE:train_on_clients:43 - Client 13 gets new best val_loss at epoch #72: 0.000645
2025-09-30 20:09:05.310 | INFO     | agents.servers.serverDAE:train_on_clients:43 - Client 15 gets new best val_loss at epoch #72: 0.000727
2025-09-30 20:09:06.017 | INFO     | agents.servers.serverDAE:train_on_clients:43 - Client 17 gets new best val_loss at epoch #72: 0.000798
2025-09-30 20:09:06.726 | INFO     | agents.servers.serverDAE:train_on_clients:43 - Client 19 gets new best val_loss at epoch #72: 0.000664
2025-09-30 20:09:06.729 | INFO     | agents.servers.serverDAE:train_on_clients:65 - 20 clients still training at epoch #72
2025-09-30 20:09:06.747 | INFO     | agents.servers.serverDAE:train_on_clients:22 - Training DAE model epoch #73
2025-09-30 20:09:07.099 | INFO     | agents.servers.serverDAE:train_on_clients:43 - Client 0 gets new best val_loss at epoch #73: 0.000662
2025-09-30 20:09:08.156 | INFO     | agents.servers.serverDAE:train_on_clients:43 - Client 3 gets new best val_loss at epoch #73: 0.000648
2025-09-30 20:09:09.565 | INFO     | agents.servers.serverDAE:train_on_clients:43 - Client 7 gets new best val_loss at epoch #73: 0.000779
2025-09-30 20:09:10.267 | INFO     | agents.servers.serverDAE:train_on_clients:43 - Client 9 gets new best val_loss at epoch #73: 0.000759
2025-09-30 20:09:10.971 | INFO     | agents.servers.serverDAE:train_on_clients:43 - Client 11 gets new best val_loss at epoch #73: 0.000751
2025-09-30 20:09:12.736 | INFO     | agents.servers.serverDAE:train_on_clients:43 - Client 16 gets new best val_loss at epoch #73: 0.000622
2025-09-30 20:09:13.440 | INFO     | agents.servers.serverDAE:train_on_clients:43 - Client 18 gets new best val_loss at epoch #73: 0.000667
2025-09-30 20:09:13.791 | INFO     | agents.servers.serverDAE:train_on_clients:65 - 20 clients still training at epoch #73
2025-09-30 20:09:13.809 | INFO     | agents.servers.serverDAE:train_on_clients:22 - Training DAE model epoch #74
2025-09-30 20:09:14.508 | INFO     | agents.servers.serverDAE:train_on_clients:43 - Client 1 gets new best val_loss at epoch #74: 0.000707
2025-09-30 20:09:15.554 | INFO     | agents.servers.serverDAE:train_on_clients:43 - Client 4 gets new best val_loss at epoch #74: 0.000597
2025-09-30 20:09:16.252 | INFO     | agents.servers.serverDAE:train_on_clients:43 - Client 6 gets new best val_loss at epoch #74: 0.000654
2025-09-30 20:09:17.661 | INFO     | agents.servers.serverDAE:train_on_clients:43 - Client 10 gets new best val_loss at epoch #74: 0.000658
2025-09-30 20:09:18.364 | INFO     | agents.servers.serverDAE:train_on_clients:43 - Client 12 gets new best val_loss at epoch #74: 0.000720
2025-09-30 20:09:19.069 | INFO     | agents.servers.serverDAE:train_on_clients:43 - Client 14 gets new best val_loss at epoch #74: 0.000645
2025-09-30 20:09:20.120 | INFO     | agents.servers.serverDAE:train_on_clients:43 - Client 17 gets new best val_loss at epoch #74: 0.000775
2025-09-30 20:09:20.823 | INFO     | agents.servers.serverDAE:train_on_clients:65 - 20 clients still training at epoch #74
2025-09-30 20:09:20.841 | INFO     | agents.servers.serverDAE:train_on_clients:22 - Training DAE model epoch #75
2025-09-30 20:09:22.936 | INFO     | agents.servers.serverDAE:train_on_clients:43 - Client 5 gets new best val_loss at epoch #75: 0.000766
2025-09-30 20:09:23.990 | INFO     | agents.servers.serverDAE:train_on_clients:43 - Client 8 gets new best val_loss at epoch #75: 0.000651
2025-09-30 20:09:26.099 | INFO     | agents.servers.serverDAE:train_on_clients:43 - Client 14 gets new best val_loss at epoch #75: 0.000638
2025-09-30 20:09:26.451 | INFO     | agents.servers.serverDAE:train_on_clients:43 - Client 15 gets new best val_loss at epoch #75: 0.000726
2025-09-30 20:09:26.798 | INFO     | agents.servers.serverDAE:train_on_clients:43 - Client 16 gets new best val_loss at epoch #75: 0.000616
2025-09-30 20:09:27.851 | INFO     | agents.servers.serverDAE:train_on_clients:43 - Client 19 gets new best val_loss at epoch #75: 0.000659
2025-09-30 20:09:27.853 | INFO     | agents.servers.serverDAE:train_on_clients:65 - 20 clients still training at epoch #75
2025-09-30 20:09:27.872 | INFO     | agents.servers.serverDAE:train_on_clients:22 - Training DAE model epoch #76
2025-09-30 20:09:29.628 | INFO     | agents.servers.serverDAE:train_on_clients:43 - Client 4 gets new best val_loss at epoch #76: 0.000590
2025-09-30 20:09:30.694 | INFO     | agents.servers.serverDAE:train_on_clients:43 - Client 7 gets new best val_loss at epoch #76: 0.000741
2025-09-30 20:09:31.046 | INFO     | agents.servers.serverDAE:train_on_clients:43 - Client 8 gets new best val_loss at epoch #76: 0.000633
2025-09-30 20:09:31.752 | INFO     | agents.servers.serverDAE:train_on_clients:43 - Client 10 gets new best val_loss at epoch #76: 0.000637
2025-09-30 20:09:33.158 | INFO     | agents.servers.serverDAE:train_on_clients:43 - Client 14 gets new best val_loss at epoch #76: 0.000616
2025-09-30 20:09:33.507 | INFO     | agents.servers.serverDAE:train_on_clients:43 - Client 15 gets new best val_loss at epoch #76: 0.000694
2025-09-30 20:09:34.905 | INFO     | agents.servers.serverDAE:train_on_clients:65 - 20 clients still training at epoch #76
2025-09-30 20:09:34.923 | INFO     | agents.servers.serverDAE:train_on_clients:22 - Training DAE model epoch #77
2025-09-30 20:09:36.315 | INFO     | agents.servers.serverDAE:train_on_clients:43 - Client 3 gets new best val_loss at epoch #77: 0.000627
2025-09-30 20:09:39.461 | INFO     | agents.servers.serverDAE:train_on_clients:43 - Client 12 gets new best val_loss at epoch #77: 0.000691
2025-09-30 20:09:40.867 | INFO     | agents.servers.serverDAE:train_on_clients:43 - Client 16 gets new best val_loss at epoch #77: 0.000610
2025-09-30 20:09:41.953 | INFO     | agents.servers.serverDAE:train_on_clients:43 - Client 19 gets new best val_loss at epoch #77: 0.000646
2025-09-30 20:09:41.956 | INFO     | agents.servers.serverDAE:train_on_clients:65 - 20 clients still training at epoch #77
2025-09-30 20:09:41.975 | INFO     | agents.servers.serverDAE:train_on_clients:22 - Training DAE model epoch #78
2025-09-30 20:09:42.674 | INFO     | agents.servers.serverDAE:train_on_clients:43 - Client 1 gets new best val_loss at epoch #78: 0.000699
2025-09-30 20:09:44.142 | INFO     | agents.servers.serverDAE:train_on_clients:43 - Client 5 gets new best val_loss at epoch #78: 0.000750
2025-09-30 20:09:44.513 | INFO     | agents.servers.serverDAE:train_on_clients:43 - Client 6 gets new best val_loss at epoch #78: 0.000634
2025-09-30 20:09:46.702 | INFO     | agents.servers.serverDAE:train_on_clients:43 - Client 12 gets new best val_loss at epoch #78: 0.000673
2025-09-30 20:09:48.125 | INFO     | agents.servers.serverDAE:train_on_clients:43 - Client 16 gets new best val_loss at epoch #78: 0.000605
2025-09-30 20:09:49.202 | INFO     | agents.servers.serverDAE:train_on_clients:43 - Client 19 gets new best val_loss at epoch #78: 0.000596
2025-09-30 20:09:49.205 | INFO     | agents.servers.serverDAE:train_on_clients:65 - 20 clients still training at epoch #78
2025-09-30 20:09:49.223 | INFO     | agents.servers.serverDAE:train_on_clients:22 - Training DAE model epoch #79
2025-09-30 20:09:51.000 | INFO     | agents.servers.serverDAE:train_on_clients:43 - Client 4 gets new best val_loss at epoch #79: 0.000582
2025-09-30 20:09:51.710 | INFO     | agents.servers.serverDAE:train_on_clients:43 - Client 6 gets new best val_loss at epoch #79: 0.000627
2025-09-30 20:09:52.781 | INFO     | agents.servers.serverDAE:train_on_clients:43 - Client 9 gets new best val_loss at epoch #79: 0.000741
2025-09-30 20:09:56.348 | INFO     | agents.servers.serverDAE:train_on_clients:65 - 20 clients still training at epoch #79
2025-09-30 20:09:56.366 | INFO     | agents.servers.serverDAE:train_on_clients:22 - Training DAE model epoch #80
2025-09-30 20:09:56.719 | INFO     | agents.servers.serverDAE:train_on_clients:59 - Saved model for client 0 at epoch 80 -> saved_models/DAE/average/wsn_ds/epoch_80_client_0.pt
2025-09-30 20:09:57.076 | INFO     | agents.servers.serverDAE:train_on_clients:43 - Client 1 gets new best val_loss at epoch #80: 0.000689
2025-09-30 20:09:57.078 | INFO     | agents.servers.serverDAE:train_on_clients:59 - Saved model for client 1 at epoch 80 -> saved_models/DAE/average/wsn_ds/epoch_80_client_1.pt
2025-09-30 20:09:57.438 | INFO     | agents.servers.serverDAE:train_on_clients:59 - Saved model for client 2 at epoch 80 -> saved_models/DAE/average/wsn_ds/epoch_80_client_2.pt
2025-09-30 20:09:57.796 | INFO     | agents.servers.serverDAE:train_on_clients:59 - Saved model for client 3 at epoch 80 -> saved_models/DAE/average/wsn_ds/epoch_80_client_3.pt
2025-09-30 20:09:58.154 | INFO     | agents.servers.serverDAE:train_on_clients:59 - Saved model for client 4 at epoch 80 -> saved_models/DAE/average/wsn_ds/epoch_80_client_4.pt
2025-09-30 20:09:58.503 | INFO     | agents.servers.serverDAE:train_on_clients:59 - Saved model for client 5 at epoch 80 -> saved_models/DAE/average/wsn_ds/epoch_80_client_5.pt
2025-09-30 20:09:58.862 | INFO     | agents.servers.serverDAE:train_on_clients:59 - Saved model for client 6 at epoch 80 -> saved_models/DAE/average/wsn_ds/epoch_80_client_6.pt
2025-09-30 20:09:59.213 | INFO     | agents.servers.serverDAE:train_on_clients:59 - Saved model for client 7 at epoch 80 -> saved_models/DAE/average/wsn_ds/epoch_80_client_7.pt
2025-09-30 20:09:59.574 | INFO     | agents.servers.serverDAE:train_on_clients:43 - Client 8 gets new best val_loss at epoch #80: 0.000627
2025-09-30 20:09:59.575 | INFO     | agents.servers.serverDAE:train_on_clients:59 - Saved model for client 8 at epoch 80 -> saved_models/DAE/average/wsn_ds/epoch_80_client_8.pt
2025-09-30 20:09:59.933 | INFO     | agents.servers.serverDAE:train_on_clients:59 - Saved model for client 9 at epoch 80 -> saved_models/DAE/average/wsn_ds/epoch_80_client_9.pt
2025-09-30 20:10:00.287 | INFO     | agents.servers.serverDAE:train_on_clients:59 - Saved model for client 10 at epoch 80 -> saved_models/DAE/average/wsn_ds/epoch_80_client_10.pt
2025-09-30 20:10:00.640 | INFO     | agents.servers.serverDAE:train_on_clients:59 - Saved model for client 11 at epoch 80 -> saved_models/DAE/average/wsn_ds/epoch_80_client_11.pt
2025-09-30 20:10:00.994 | INFO     | agents.servers.serverDAE:train_on_clients:59 - Saved model for client 12 at epoch 80 -> saved_models/DAE/average/wsn_ds/epoch_80_client_12.pt
2025-09-30 20:10:01.345 | INFO     | agents.servers.serverDAE:train_on_clients:59 - Saved model for client 13 at epoch 80 -> saved_models/DAE/average/wsn_ds/epoch_80_client_13.pt
2025-09-30 20:10:01.700 | INFO     | agents.servers.serverDAE:train_on_clients:59 - Saved model for client 14 at epoch 80 -> saved_models/DAE/average/wsn_ds/epoch_80_client_14.pt
2025-09-30 20:10:02.057 | INFO     | agents.servers.serverDAE:train_on_clients:59 - Saved model for client 15 at epoch 80 -> saved_models/DAE/average/wsn_ds/epoch_80_client_15.pt
2025-09-30 20:10:02.410 | INFO     | agents.servers.serverDAE:train_on_clients:59 - Saved model for client 16 at epoch 80 -> saved_models/DAE/average/wsn_ds/epoch_80_client_16.pt
2025-09-30 20:10:02.768 | INFO     | agents.servers.serverDAE:train_on_clients:59 - Saved model for client 17 at epoch 80 -> saved_models/DAE/average/wsn_ds/epoch_80_client_17.pt
2025-09-30 20:10:03.123 | INFO     | agents.servers.serverDAE:train_on_clients:43 - Client 18 gets new best val_loss at epoch #80: 0.000637
2025-09-30 20:10:03.124 | INFO     | agents.servers.serverDAE:train_on_clients:59 - Saved model for client 18 at epoch 80 -> saved_models/DAE/average/wsn_ds/epoch_80_client_18.pt
2025-09-30 20:10:03.483 | INFO     | agents.servers.serverDAE:train_on_clients:59 - Saved model for client 19 at epoch 80 -> saved_models/DAE/average/wsn_ds/epoch_80_client_19.pt
2025-09-30 20:10:03.485 | INFO     | agents.servers.serverDAE:train_on_clients:65 - 20 clients still training at epoch #80
2025-09-30 20:10:03.504 | INFO     | agents.servers.serverDAE:train_on_clients:22 - Training DAE model epoch #81
2025-09-30 20:10:03.866 | INFO     | agents.servers.serverDAE:train_on_clients:43 - Client 0 gets new best val_loss at epoch #81: 0.000640
2025-09-30 20:10:04.223 | INFO     | agents.servers.serverDAE:train_on_clients:43 - Client 1 gets new best val_loss at epoch #81: 0.000669
2025-09-30 20:10:04.937 | INFO     | agents.servers.serverDAE:train_on_clients:43 - Client 3 gets new best val_loss at epoch #81: 0.000614
2025-09-30 20:10:05.298 | INFO     | agents.servers.serverDAE:train_on_clients:43 - Client 4 gets new best val_loss at epoch #81: 0.000573
2025-09-30 20:10:07.791 | INFO     | agents.servers.serverDAE:train_on_clients:43 - Client 11 gets new best val_loss at epoch #81: 0.000711
2025-09-30 20:10:08.853 | INFO     | agents.servers.serverDAE:train_on_clients:43 - Client 14 gets new best val_loss at epoch #81: 0.000605
2025-09-30 20:10:10.616 | INFO     | agents.servers.serverDAE:train_on_clients:65 - 20 clients still training at epoch #81
2025-09-30 20:10:10.634 | INFO     | agents.servers.serverDAE:train_on_clients:22 - Training DAE model epoch #82
2025-09-30 20:10:11.682 | INFO     | agents.servers.serverDAE:train_on_clients:43 - Client 2 gets new best val_loss at epoch #82: 0.000628
2025-09-30 20:10:12.026 | INFO     | agents.servers.serverDAE:train_on_clients:43 - Client 3 gets new best val_loss at epoch #82: 0.000610
2025-09-30 20:10:14.139 | INFO     | agents.servers.serverDAE:train_on_clients:43 - Client 9 gets new best val_loss at epoch #82: 0.000738
2025-09-30 20:10:15.552 | INFO     | agents.servers.serverDAE:train_on_clients:43 - Client 13 gets new best val_loss at epoch #82: 0.000641
2025-09-30 20:10:15.910 | INFO     | agents.servers.serverDAE:train_on_clients:43 - Client 14 gets new best val_loss at epoch #82: 0.000600
2025-09-30 20:10:17.693 | INFO     | agents.servers.serverDAE:train_on_clients:65 - 20 clients still training at epoch #82
2025-09-30 20:10:17.712 | INFO     | agents.servers.serverDAE:train_on_clients:22 - Training DAE model epoch #83
2025-09-30 20:10:20.901 | INFO     | agents.servers.serverDAE:train_on_clients:43 - Client 8 gets new best val_loss at epoch #83: 0.000615
2025-09-30 20:10:21.257 | INFO     | agents.servers.serverDAE:train_on_clients:43 - Client 9 gets new best val_loss at epoch #83: 0.000734
2025-09-30 20:10:23.735 | INFO     | agents.servers.serverDAE:train_on_clients:43 - Client 16 gets new best val_loss at epoch #83: 0.000582
2025-09-30 20:10:24.798 | INFO     | agents.servers.serverDAE:train_on_clients:65 - 20 clients still training at epoch #83
2025-09-30 20:10:24.816 | INFO     | agents.servers.serverDAE:train_on_clients:22 - Training DAE model epoch #84
2025-09-30 20:10:25.529 | INFO     | agents.servers.serverDAE:train_on_clients:43 - Client 1 gets new best val_loss at epoch #84: 0.000642
2025-09-30 20:10:25.886 | INFO     | agents.servers.serverDAE:train_on_clients:43 - Client 2 gets new best val_loss at epoch #84: 0.000619
2025-09-30 20:10:26.956 | INFO     | agents.servers.serverDAE:train_on_clients:43 - Client 5 gets new best val_loss at epoch #84: 0.000728
2025-09-30 20:10:27.310 | INFO     | agents.servers.serverDAE:train_on_clients:43 - Client 6 gets new best val_loss at epoch #84: 0.000610
2025-09-30 20:10:28.022 | INFO     | agents.servers.serverDAE:train_on_clients:43 - Client 8 gets new best val_loss at epoch #84: 0.000590
2025-09-30 20:10:28.379 | INFO     | agents.servers.serverDAE:train_on_clients:43 - Client 9 gets new best val_loss at epoch #84: 0.000702
2025-09-30 20:10:29.080 | INFO     | agents.servers.serverDAE:train_on_clients:43 - Client 11 gets new best val_loss at epoch #84: 0.000697
2025-09-30 20:10:29.790 | INFO     | agents.servers.serverDAE:train_on_clients:43 - Client 13 gets new best val_loss at epoch #84: 0.000633
2025-09-30 20:10:30.142 | INFO     | agents.servers.serverDAE:train_on_clients:43 - Client 14 gets new best val_loss at epoch #84: 0.000576
2025-09-30 20:10:31.909 | INFO     | agents.servers.serverDAE:train_on_clients:65 - 20 clients still training at epoch #84
2025-09-30 20:10:31.927 | INFO     | agents.servers.serverDAE:train_on_clients:22 - Training DAE model epoch #85
2025-09-30 20:10:33.342 | INFO     | agents.servers.serverDAE:train_on_clients:43 - Client 3 gets new best val_loss at epoch #85: 0.000605
2025-09-30 20:10:33.699 | INFO     | agents.servers.serverDAE:train_on_clients:43 - Client 4 gets new best val_loss at epoch #85: 0.000550
2025-09-30 20:10:34.055 | INFO     | agents.servers.serverDAE:train_on_clients:43 - Client 5 gets new best val_loss at epoch #85: 0.000697
2025-09-30 20:10:35.831 | INFO     | agents.servers.serverDAE:train_on_clients:43 - Client 10 gets new best val_loss at epoch #85: 0.000595
2025-09-30 20:10:37.939 | INFO     | agents.servers.serverDAE:train_on_clients:43 - Client 16 gets new best val_loss at epoch #85: 0.000572
2025-09-30 20:10:39.006 | INFO     | agents.servers.serverDAE:train_on_clients:65 - 20 clients still training at epoch #85
2025-09-30 20:10:39.024 | INFO     | agents.servers.serverDAE:train_on_clients:22 - Training DAE model epoch #86
2025-09-30 20:10:39.374 | INFO     | agents.servers.serverDAE:train_on_clients:43 - Client 0 gets new best val_loss at epoch #86: 0.000623
2025-09-30 20:10:40.438 | INFO     | agents.servers.serverDAE:train_on_clients:43 - Client 3 gets new best val_loss at epoch #86: 0.000596
2025-09-30 20:10:42.557 | INFO     | agents.servers.serverDAE:train_on_clients:43 - Client 9 gets new best val_loss at epoch #86: 0.000680
2025-09-30 20:10:46.082 | INFO     | agents.servers.serverDAE:train_on_clients:65 - 20 clients still training at epoch #86
2025-09-30 20:10:46.100 | INFO     | agents.servers.serverDAE:train_on_clients:22 - Training DAE model epoch #87
2025-09-30 20:10:48.577 | INFO     | agents.servers.serverDAE:train_on_clients:43 - Client 6 gets new best val_loss at epoch #87: 0.000607
2025-09-30 20:10:48.926 | INFO     | agents.servers.serverDAE:train_on_clients:43 - Client 7 gets new best val_loss at epoch #87: 0.000712
2025-09-30 20:10:49.273 | INFO     | agents.servers.serverDAE:train_on_clients:43 - Client 8 gets new best val_loss at epoch #87: 0.000584
2025-09-30 20:10:51.016 | INFO     | agents.servers.serverDAE:train_on_clients:43 - Client 13 gets new best val_loss at epoch #87: 0.000604
2025-09-30 20:10:51.699 | INFO     | agents.servers.serverDAE:train_on_clients:43 - Client 15 gets new best val_loss at epoch #87: 0.000633
2025-09-30 20:10:52.382 | INFO     | agents.servers.serverDAE:train_on_clients:43 - Client 17 gets new best val_loss at epoch #87: 0.000737
2025-09-30 20:10:53.067 | INFO     | agents.servers.serverDAE:train_on_clients:65 - 20 clients still training at epoch #87
2025-09-30 20:10:53.085 | INFO     | agents.servers.serverDAE:train_on_clients:22 - Training DAE model epoch #88
2025-09-30 20:10:53.428 | INFO     | agents.servers.serverDAE:train_on_clients:43 - Client 0 gets new best val_loss at epoch #88: 0.000623
2025-09-30 20:10:56.841 | INFO     | agents.servers.serverDAE:train_on_clients:43 - Client 10 gets new best val_loss at epoch #88: 0.000591
2025-09-30 20:10:57.184 | INFO     | agents.servers.serverDAE:train_on_clients:43 - Client 11 gets new best val_loss at epoch #88: 0.000690
2025-09-30 20:10:59.934 | INFO     | agents.servers.serverDAE:train_on_clients:65 - 20 clients still training at epoch #88
2025-09-30 20:10:59.951 | INFO     | agents.servers.serverDAE:train_on_clients:22 - Training DAE model epoch #89
2025-09-30 20:11:00.970 | INFO     | agents.servers.serverDAE:train_on_clients:43 - Client 2 gets new best val_loss at epoch #89: 0.000600
2025-09-30 20:11:01.316 | INFO     | agents.servers.serverDAE:train_on_clients:43 - Client 3 gets new best val_loss at epoch #89: 0.000596
2025-09-30 20:11:02.677 | INFO     | agents.servers.serverDAE:train_on_clients:43 - Client 7 gets new best val_loss at epoch #89: 0.000709
2025-09-30 20:11:04.380 | INFO     | agents.servers.serverDAE:train_on_clients:43 - Client 12 gets new best val_loss at epoch #89: 0.000664
2025-09-30 20:11:04.718 | INFO     | agents.servers.serverDAE:train_on_clients:43 - Client 13 gets new best val_loss at epoch #89: 0.000601
2025-09-30 20:11:06.080 | INFO     | agents.servers.serverDAE:train_on_clients:43 - Client 17 gets new best val_loss at epoch #89: 0.000720
2025-09-30 20:11:06.427 | INFO     | agents.servers.serverDAE:train_on_clients:43 - Client 18 gets new best val_loss at epoch #89: 0.000629
2025-09-30 20:11:06.767 | INFO     | agents.servers.serverDAE:train_on_clients:65 - 20 clients still training at epoch #89
2025-09-30 20:11:06.785 | INFO     | agents.servers.serverDAE:train_on_clients:22 - Training DAE model epoch #90
2025-09-30 20:11:07.121 | INFO     | agents.servers.serverDAE:train_on_clients:43 - Client 0 gets new best val_loss at epoch #90: 0.000600
2025-09-30 20:11:07.122 | INFO     | agents.servers.serverDAE:train_on_clients:59 - Saved model for client 0 at epoch 90 -> saved_models/DAE/average/wsn_ds/epoch_90_client_0.pt
2025-09-30 20:11:07.464 | INFO     | agents.servers.serverDAE:train_on_clients:59 - Saved model for client 1 at epoch 90 -> saved_models/DAE/average/wsn_ds/epoch_90_client_1.pt
2025-09-30 20:11:07.806 | INFO     | agents.servers.serverDAE:train_on_clients:59 - Saved model for client 2 at epoch 90 -> saved_models/DAE/average/wsn_ds/epoch_90_client_2.pt
2025-09-30 20:11:08.148 | INFO     | agents.servers.serverDAE:train_on_clients:43 - Client 3 gets new best val_loss at epoch #90: 0.000576
2025-09-30 20:11:08.149 | INFO     | agents.servers.serverDAE:train_on_clients:59 - Saved model for client 3 at epoch 90 -> saved_models/DAE/average/wsn_ds/epoch_90_client_3.pt
2025-09-30 20:11:08.493 | INFO     | agents.servers.serverDAE:train_on_clients:59 - Saved model for client 4 at epoch 90 -> saved_models/DAE/average/wsn_ds/epoch_90_client_4.pt
2025-09-30 20:11:08.847 | INFO     | agents.servers.serverDAE:train_on_clients:59 - Saved model for client 5 at epoch 90 -> saved_models/DAE/average/wsn_ds/epoch_90_client_5.pt
2025-09-30 20:11:09.201 | INFO     | agents.servers.serverDAE:train_on_clients:43 - Client 6 gets new best val_loss at epoch #90: 0.000573
2025-09-30 20:11:09.202 | INFO     | agents.servers.serverDAE:train_on_clients:59 - Saved model for client 6 at epoch 90 -> saved_models/DAE/average/wsn_ds/epoch_90_client_6.pt
2025-09-30 20:11:09.552 | INFO     | agents.servers.serverDAE:train_on_clients:59 - Saved model for client 7 at epoch 90 -> saved_models/DAE/average/wsn_ds/epoch_90_client_7.pt
2025-09-30 20:11:09.904 | INFO     | agents.servers.serverDAE:train_on_clients:59 - Saved model for client 8 at epoch 90 -> saved_models/DAE/average/wsn_ds/epoch_90_client_8.pt
2025-09-30 20:11:10.258 | INFO     | agents.servers.serverDAE:train_on_clients:43 - Client 9 gets new best val_loss at epoch #90: 0.000669
2025-09-30 20:11:10.260 | INFO     | agents.servers.serverDAE:train_on_clients:59 - Saved model for client 9 at epoch 90 -> saved_models/DAE/average/wsn_ds/epoch_90_client_9.pt
2025-09-30 20:11:10.615 | INFO     | agents.servers.serverDAE:train_on_clients:43 - Client 10 gets new best val_loss at epoch #90: 0.000585
2025-09-30 20:11:10.617 | INFO     | agents.servers.serverDAE:train_on_clients:59 - Saved model for client 10 at epoch 90 -> saved_models/DAE/average/wsn_ds/epoch_90_client_10.pt
2025-09-30 20:11:10.971 | INFO     | agents.servers.serverDAE:train_on_clients:59 - Saved model for client 11 at epoch 90 -> saved_models/DAE/average/wsn_ds/epoch_90_client_11.pt
2025-09-30 20:11:11.321 | INFO     | agents.servers.serverDAE:train_on_clients:43 - Client 12 gets new best val_loss at epoch #90: 0.000651
2025-09-30 20:11:11.322 | INFO     | agents.servers.serverDAE:train_on_clients:59 - Saved model for client 12 at epoch 90 -> saved_models/DAE/average/wsn_ds/epoch_90_client_12.pt
2025-09-30 20:11:11.672 | INFO     | agents.servers.serverDAE:train_on_clients:59 - Saved model for client 13 at epoch 90 -> saved_models/DAE/average/wsn_ds/epoch_90_client_13.pt
2025-09-30 20:11:12.040 | INFO     | agents.servers.serverDAE:train_on_clients:43 - Client 14 gets new best val_loss at epoch #90: 0.000572
2025-09-30 20:11:12.042 | INFO     | agents.servers.serverDAE:train_on_clients:59 - Saved model for client 14 at epoch 90 -> saved_models/DAE/average/wsn_ds/epoch_90_client_14.pt
2025-09-30 20:11:12.399 | INFO     | agents.servers.serverDAE:train_on_clients:59 - Saved model for client 15 at epoch 90 -> saved_models/DAE/average/wsn_ds/epoch_90_client_15.pt
2025-09-30 20:11:12.751 | INFO     | agents.servers.serverDAE:train_on_clients:59 - Saved model for client 16 at epoch 90 -> saved_models/DAE/average/wsn_ds/epoch_90_client_16.pt
2025-09-30 20:11:13.105 | INFO     | agents.servers.serverDAE:train_on_clients:59 - Saved model for client 17 at epoch 90 -> saved_models/DAE/average/wsn_ds/epoch_90_client_17.pt
2025-09-30 20:11:13.459 | INFO     | agents.servers.serverDAE:train_on_clients:59 - Saved model for client 18 at epoch 90 -> saved_models/DAE/average/wsn_ds/epoch_90_client_18.pt
2025-09-30 20:11:13.811 | INFO     | agents.servers.serverDAE:train_on_clients:59 - Saved model for client 19 at epoch 90 -> saved_models/DAE/average/wsn_ds/epoch_90_client_19.pt
2025-09-30 20:11:13.813 | INFO     | agents.servers.serverDAE:train_on_clients:65 - 20 clients still training at epoch #90
2025-09-30 20:11:13.831 | INFO     | agents.servers.serverDAE:train_on_clients:22 - Training DAE model epoch #91
2025-09-30 20:11:15.275 | INFO     | agents.servers.serverDAE:train_on_clients:43 - Client 3 gets new best val_loss at epoch #91: 0.000559
2025-09-30 20:11:16.693 | INFO     | agents.servers.serverDAE:train_on_clients:43 - Client 7 gets new best val_loss at epoch #91: 0.000693
2025-09-30 20:11:17.055 | INFO     | agents.servers.serverDAE:train_on_clients:43 - Client 8 gets new best val_loss at epoch #91: 0.000581
2025-09-30 20:11:17.409 | INFO     | agents.servers.serverDAE:train_on_clients:43 - Client 9 gets new best val_loss at epoch #91: 0.000665
2025-09-30 20:11:19.896 | INFO     | agents.servers.serverDAE:train_on_clients:43 - Client 16 gets new best val_loss at epoch #91: 0.000569
2025-09-30 20:11:20.924 | INFO     | agents.servers.serverDAE:train_on_clients:65 - 20 clients still training at epoch #91
2025-09-30 20:11:20.942 | INFO     | agents.servers.serverDAE:train_on_clients:22 - Training DAE model epoch #92
2025-09-30 20:11:21.954 | INFO     | agents.servers.serverDAE:train_on_clients:43 - Client 2 gets new best val_loss at epoch #92: 0.000596
2025-09-30 20:11:22.979 | INFO     | agents.servers.serverDAE:train_on_clients:43 - Client 5 gets new best val_loss at epoch #92: 0.000692
2025-09-30 20:11:24.018 | INFO     | agents.servers.serverDAE:train_on_clients:43 - Client 8 gets new best val_loss at epoch #92: 0.000565
2025-09-30 20:11:25.078 | INFO     | agents.servers.serverDAE:train_on_clients:43 - Client 11 gets new best val_loss at epoch #92: 0.000672
2025-09-30 20:11:26.136 | INFO     | agents.servers.serverDAE:train_on_clients:43 - Client 14 gets new best val_loss at epoch #92: 0.000555
2025-09-30 20:11:26.837 | INFO     | agents.servers.serverDAE:train_on_clients:43 - Client 16 gets new best val_loss at epoch #92: 0.000562
2025-09-30 20:11:27.540 | INFO     | agents.servers.serverDAE:train_on_clients:43 - Client 18 gets new best val_loss at epoch #92: 0.000627
2025-09-30 20:11:27.890 | INFO     | agents.servers.serverDAE:train_on_clients:65 - 20 clients still training at epoch #92
2025-09-30 20:11:27.909 | INFO     | agents.servers.serverDAE:train_on_clients:22 - Training DAE model epoch #93
2025-09-30 20:11:28.257 | INFO     | agents.servers.serverDAE:train_on_clients:43 - Client 0 gets new best val_loss at epoch #93: 0.000598
2025-09-30 20:11:28.612 | INFO     | agents.servers.serverDAE:train_on_clients:43 - Client 1 gets new best val_loss at epoch #93: 0.000616
2025-09-30 20:11:30.726 | INFO     | agents.servers.serverDAE:train_on_clients:43 - Client 7 gets new best val_loss at epoch #93: 0.000690
2025-09-30 20:11:31.776 | INFO     | agents.servers.serverDAE:train_on_clients:43 - Client 10 gets new best val_loss at epoch #93: 0.000554
2025-09-30 20:11:33.878 | INFO     | agents.servers.serverDAE:train_on_clients:43 - Client 16 gets new best val_loss at epoch #93: 0.000552
2025-09-30 20:11:34.584 | INFO     | agents.servers.serverDAE:train_on_clients:43 - Client 18 gets new best val_loss at epoch #93: 0.000605
2025-09-30 20:11:34.940 | INFO     | agents.servers.serverDAE:train_on_clients:65 - 20 clients still training at epoch #93
2025-09-30 20:11:34.958 | INFO     | agents.servers.serverDAE:train_on_clients:22 - Training DAE model epoch #94
2025-09-30 20:11:35.307 | INFO     | agents.servers.serverDAE:train_on_clients:43 - Client 0 gets new best val_loss at epoch #94: 0.000590
2025-09-30 20:11:36.368 | INFO     | agents.servers.serverDAE:train_on_clients:43 - Client 3 gets new best val_loss at epoch #94: 0.000556
2025-09-30 20:11:38.131 | INFO     | agents.servers.serverDAE:train_on_clients:43 - Client 8 gets new best val_loss at epoch #94: 0.000554
2025-09-30 20:11:39.534 | INFO     | agents.servers.serverDAE:train_on_clients:43 - Client 12 gets new best val_loss at epoch #94: 0.000636
2025-09-30 20:11:41.295 | INFO     | agents.servers.serverDAE:train_on_clients:43 - Client 17 gets new best val_loss at epoch #94: 0.000711
2025-09-30 20:11:42.000 | INFO     | agents.servers.serverDAE:train_on_clients:65 - 20 clients still training at epoch #94
2025-09-30 20:11:42.018 | INFO     | agents.servers.serverDAE:train_on_clients:22 - Training DAE model epoch #95
2025-09-30 20:11:43.072 | INFO     | agents.servers.serverDAE:train_on_clients:43 - Client 2 gets new best val_loss at epoch #95: 0.000561
2025-09-30 20:11:43.425 | INFO     | agents.servers.serverDAE:train_on_clients:43 - Client 3 gets new best val_loss at epoch #95: 0.000556
2025-09-30 20:11:46.240 | INFO     | agents.servers.serverDAE:train_on_clients:43 - Client 11 gets new best val_loss at epoch #95: 0.000644
2025-09-30 20:11:47.647 | INFO     | agents.servers.serverDAE:train_on_clients:43 - Client 15 gets new best val_loss at epoch #95: 0.000596
2025-09-30 20:11:49.050 | INFO     | agents.servers.serverDAE:train_on_clients:65 - 20 clients still training at epoch #95
2025-09-30 20:11:49.068 | INFO     | agents.servers.serverDAE:train_on_clients:22 - Training DAE model epoch #96
2025-09-30 20:11:50.832 | INFO     | agents.servers.serverDAE:train_on_clients:43 - Client 4 gets new best val_loss at epoch #96: 0.000519
2025-09-30 20:11:56.149 | INFO     | agents.servers.serverDAE:train_on_clients:65 - 20 clients still training at epoch #96
2025-09-30 20:11:56.167 | INFO     | agents.servers.serverDAE:train_on_clients:22 - Training DAE model epoch #97
2025-09-30 20:11:56.520 | INFO     | agents.servers.serverDAE:train_on_clients:43 - Client 0 gets new best val_loss at epoch #97: 0.000564
2025-09-30 20:11:58.605 | INFO     | agents.servers.serverDAE:train_on_clients:43 - Client 6 gets new best val_loss at epoch #97: 0.000544
2025-09-30 20:11:59.636 | INFO     | agents.servers.serverDAE:train_on_clients:43 - Client 9 gets new best val_loss at epoch #97: 0.000649
2025-09-30 20:12:01.402 | INFO     | agents.servers.serverDAE:train_on_clients:43 - Client 14 gets new best val_loss at epoch #97: 0.000549
2025-09-30 20:12:02.459 | INFO     | agents.servers.serverDAE:train_on_clients:43 - Client 17 gets new best val_loss at epoch #97: 0.000705
2025-09-30 20:12:03.166 | INFO     | agents.servers.serverDAE:train_on_clients:65 - 20 clients still training at epoch #97
2025-09-30 20:12:03.184 | INFO     | agents.servers.serverDAE:train_on_clients:22 - Training DAE model epoch #98
2025-09-30 20:12:05.296 | INFO     | agents.servers.serverDAE:train_on_clients:43 - Client 5 gets new best val_loss at epoch #98: 0.000646
2025-09-30 20:12:07.756 | INFO     | agents.servers.serverDAE:train_on_clients:43 - Client 12 gets new best val_loss at epoch #98: 0.000630
2025-09-30 20:12:09.868 | INFO     | agents.servers.serverDAE:train_on_clients:43 - Client 18 gets new best val_loss at epoch #98: 0.000588
2025-09-30 20:12:10.222 | INFO     | agents.servers.serverDAE:train_on_clients:65 - 20 clients still training at epoch #98
2025-09-30 20:12:10.240 | INFO     | agents.servers.serverDAE:train_on_clients:22 - Training DAE model epoch #99
2025-09-30 20:12:11.295 | INFO     | agents.servers.serverDAE:train_on_clients:43 - Client 2 gets new best val_loss at epoch #99: 0.000547
2025-09-30 20:12:14.763 | INFO     | agents.servers.serverDAE:train_on_clients:43 - Client 12 gets new best val_loss at epoch #99: 0.000626
2025-09-30 20:12:17.210 | INFO     | agents.servers.serverDAE:train_on_clients:65 - 20 clients still training at epoch #99
2025-09-30 20:12:17.228 | INFO     | agents.servers.serverDAE:train_on_clients:22 - Training DAE model epoch #100
2025-09-30 20:12:17.570 | INFO     | agents.servers.serverDAE:train_on_clients:59 - Saved model for client 0 at epoch 100 -> saved_models/DAE/average/wsn_ds/epoch_100_client_0.pt
2025-09-30 20:12:17.913 | INFO     | agents.servers.serverDAE:train_on_clients:43 - Client 1 gets new best val_loss at epoch #100: 0.000614
2025-09-30 20:12:17.914 | INFO     | agents.servers.serverDAE:train_on_clients:59 - Saved model for client 1 at epoch 100 -> saved_models/DAE/average/wsn_ds/epoch_100_client_1.pt
2025-09-30 20:12:18.253 | INFO     | agents.servers.serverDAE:train_on_clients:59 - Saved model for client 2 at epoch 100 -> saved_models/DAE/average/wsn_ds/epoch_100_client_2.pt
2025-09-30 20:12:18.589 | INFO     | agents.servers.serverDAE:train_on_clients:43 - Client 3 gets new best val_loss at epoch #100: 0.000556
2025-09-30 20:12:18.591 | INFO     | agents.servers.serverDAE:train_on_clients:59 - Saved model for client 3 at epoch 100 -> saved_models/DAE/average/wsn_ds/epoch_100_client_3.pt
2025-09-30 20:12:18.932 | INFO     | agents.servers.serverDAE:train_on_clients:59 - Saved model for client 4 at epoch 100 -> saved_models/DAE/average/wsn_ds/epoch_100_client_4.pt
2025-09-30 20:12:19.271 | INFO     | agents.servers.serverDAE:train_on_clients:59 - Saved model for client 5 at epoch 100 -> saved_models/DAE/average/wsn_ds/epoch_100_client_5.pt
2025-09-30 20:12:19.610 | INFO     | agents.servers.serverDAE:train_on_clients:59 - Saved model for client 6 at epoch 100 -> saved_models/DAE/average/wsn_ds/epoch_100_client_6.pt
2025-09-30 20:12:19.950 | INFO     | agents.servers.serverDAE:train_on_clients:59 - Saved model for client 7 at epoch 100 -> saved_models/DAE/average/wsn_ds/epoch_100_client_7.pt
2025-09-30 20:12:20.290 | INFO     | agents.servers.serverDAE:train_on_clients:59 - Saved model for client 8 at epoch 100 -> saved_models/DAE/average/wsn_ds/epoch_100_client_8.pt
2025-09-30 20:12:20.625 | INFO     | agents.servers.serverDAE:train_on_clients:59 - Saved model for client 9 at epoch 100 -> saved_models/DAE/average/wsn_ds/epoch_100_client_9.pt
2025-09-30 20:12:20.972 | INFO     | agents.servers.serverDAE:train_on_clients:59 - Saved model for client 10 at epoch 100 -> saved_models/DAE/average/wsn_ds/epoch_100_client_10.pt
2025-09-30 20:12:21.320 | INFO     | agents.servers.serverDAE:train_on_clients:59 - Saved model for client 11 at epoch 100 -> saved_models/DAE/average/wsn_ds/epoch_100_client_11.pt
2025-09-30 20:12:21.671 | INFO     | agents.servers.serverDAE:train_on_clients:43 - Client 12 gets new best val_loss at epoch #100: 0.000624
2025-09-30 20:12:21.672 | INFO     | agents.servers.serverDAE:train_on_clients:59 - Saved model for client 12 at epoch 100 -> saved_models/DAE/average/wsn_ds/epoch_100_client_12.pt
2025-09-30 20:12:22.026 | INFO     | agents.servers.serverDAE:train_on_clients:43 - Client 13 gets new best val_loss at epoch #100: 0.000555
2025-09-30 20:12:22.027 | INFO     | agents.servers.serverDAE:train_on_clients:59 - Saved model for client 13 at epoch 100 -> saved_models/DAE/average/wsn_ds/epoch_100_client_13.pt
2025-09-30 20:12:22.369 | INFO     | agents.servers.serverDAE:train_on_clients:59 - Saved model for client 14 at epoch 100 -> saved_models/DAE/average/wsn_ds/epoch_100_client_14.pt
2025-09-30 20:12:22.715 | INFO     | agents.servers.serverDAE:train_on_clients:59 - Saved model for client 15 at epoch 100 -> saved_models/DAE/average/wsn_ds/epoch_100_client_15.pt
2025-09-30 20:12:23.067 | INFO     | agents.servers.serverDAE:train_on_clients:43 - Client 16 gets new best val_loss at epoch #100: 0.000540
2025-09-30 20:12:23.069 | INFO     | agents.servers.serverDAE:train_on_clients:59 - Saved model for client 16 at epoch 100 -> saved_models/DAE/average/wsn_ds/epoch_100_client_16.pt
2025-09-30 20:12:23.426 | INFO     | agents.servers.serverDAE:train_on_clients:43 - Client 17 gets new best val_loss at epoch #100: 0.000692
2025-09-30 20:12:23.427 | INFO     | agents.servers.serverDAE:train_on_clients:59 - Saved model for client 17 at epoch 100 -> saved_models/DAE/average/wsn_ds/epoch_100_client_17.pt
2025-09-30 20:12:23.777 | INFO     | agents.servers.serverDAE:train_on_clients:59 - Saved model for client 18 at epoch 100 -> saved_models/DAE/average/wsn_ds/epoch_100_client_18.pt
2025-09-30 20:12:24.127 | INFO     | agents.servers.serverDAE:train_on_clients:59 - Saved model for client 19 at epoch 100 -> saved_models/DAE/average/wsn_ds/epoch_100_client_19.pt
2025-09-30 20:12:24.130 | INFO     | agents.servers.serverDAE:train_on_clients:65 - 20 clients still training at epoch #100
2025-09-30 20:12:24.148 | INFO     | agents.servers.serverDAE:train_on_clients:22 - Training DAE model epoch #101
2025-09-30 20:12:27.655 | INFO     | agents.servers.serverDAE:train_on_clients:43 - Client 9 gets new best val_loss at epoch #101: 0.000644
2025-09-30 20:12:28.340 | INFO     | agents.servers.serverDAE:train_on_clients:43 - Client 11 gets new best val_loss at epoch #101: 0.000641
2025-09-30 20:12:31.166 | INFO     | agents.servers.serverDAE:train_on_clients:65 - 20 clients still training at epoch #101
2025-09-30 20:12:31.184 | INFO     | agents.servers.serverDAE:train_on_clients:22 - Training DAE model epoch #102
2025-09-30 20:12:34.337 | INFO     | agents.servers.serverDAE:train_on_clients:43 - Client 8 gets new best val_loss at epoch #102: 0.000551
2025-09-30 20:12:35.043 | INFO     | agents.servers.serverDAE:train_on_clients:43 - Client 10 gets new best val_loss at epoch #102: 0.000551
2025-09-30 20:12:36.099 | INFO     | agents.servers.serverDAE:train_on_clients:43 - Client 13 gets new best val_loss at epoch #102: 0.000554
2025-09-30 20:12:37.856 | INFO     | agents.servers.serverDAE:train_on_clients:43 - Client 18 gets new best val_loss at epoch #102: 0.000574
2025-09-30 20:12:38.212 | INFO     | agents.servers.serverDAE:train_on_clients:65 - 20 clients still training at epoch #102
2025-09-30 20:12:38.230 | INFO     | agents.servers.serverDAE:train_on_clients:22 - Training DAE model epoch #103
2025-09-30 20:12:38.918 | INFO     | agents.servers.serverDAE:train_on_clients:43 - Client 1 gets new best val_loss at epoch #103: 0.000604
2025-09-30 20:12:39.599 | INFO     | agents.servers.serverDAE:train_on_clients:43 - Client 3 gets new best val_loss at epoch #103: 0.000539
2025-09-30 20:12:45.119 | INFO     | agents.servers.serverDAE:train_on_clients:43 - Client 19 gets new best val_loss at epoch #103: 0.000578
2025-09-30 20:12:45.122 | INFO     | agents.servers.serverDAE:train_on_clients:65 - 20 clients still training at epoch #103
2025-09-30 20:12:45.140 | INFO     | agents.servers.serverDAE:train_on_clients:22 - Training DAE model epoch #104
2025-09-30 20:12:47.947 | INFO     | agents.servers.serverDAE:train_on_clients:43 - Client 7 gets new best val_loss at epoch #104: 0.000671
2025-09-30 20:12:52.160 | INFO     | agents.servers.serverDAE:train_on_clients:65 - 20 clients still training at epoch #104
2025-09-30 20:12:52.178 | INFO     | agents.servers.serverDAE:train_on_clients:22 - Training DAE model epoch #105
2025-09-30 20:12:53.583 | INFO     | agents.servers.serverDAE:train_on_clients:43 - Client 3 gets new best val_loss at epoch #105: 0.000533
2025-09-30 20:12:54.983 | INFO     | agents.servers.serverDAE:train_on_clients:43 - Client 7 gets new best val_loss at epoch #105: 0.000669
2025-09-30 20:12:56.050 | INFO     | agents.servers.serverDAE:train_on_clients:43 - Client 10 gets new best val_loss at epoch #105: 0.000546
2025-09-30 20:12:57.445 | INFO     | agents.servers.serverDAE:train_on_clients:43 - Client 14 gets new best val_loss at epoch #105: 0.000535
2025-09-30 20:12:58.151 | INFO     | agents.servers.serverDAE:train_on_clients:43 - Client 16 gets new best val_loss at epoch #105: 0.000522
2025-09-30 20:12:59.200 | INFO     | agents.servers.serverDAE:train_on_clients:65 - 20 clients still training at epoch #105
2025-09-30 20:12:59.218 | INFO     | agents.servers.serverDAE:train_on_clients:22 - Training DAE model epoch #106
2025-09-30 20:13:02.083 | INFO     | agents.servers.serverDAE:train_on_clients:43 - Client 7 gets new best val_loss at epoch #106: 0.000668
2025-09-30 20:13:03.891 | INFO     | agents.servers.serverDAE:train_on_clients:43 - Client 12 gets new best val_loss at epoch #106: 0.000623
2025-09-30 20:13:05.656 | INFO     | agents.servers.serverDAE:train_on_clients:43 - Client 17 gets new best val_loss at epoch #106: 0.000681
2025-09-30 20:13:06.368 | INFO     | agents.servers.serverDAE:train_on_clients:43 - Client 19 gets new best val_loss at epoch #106: 0.000576
2025-09-30 20:13:06.371 | INFO     | agents.servers.serverDAE:train_on_clients:65 - 20 clients still training at epoch #106
2025-09-30 20:13:06.389 | INFO     | agents.servers.serverDAE:train_on_clients:22 - Training DAE model epoch #107
2025-09-30 20:13:10.960 | INFO     | agents.servers.serverDAE:train_on_clients:43 - Client 12 gets new best val_loss at epoch #107: 0.000582
2025-09-30 20:13:11.316 | INFO     | agents.servers.serverDAE:train_on_clients:43 - Client 13 gets new best val_loss at epoch #107: 0.000536
2025-09-30 20:13:12.372 | INFO     | agents.servers.serverDAE:train_on_clients:43 - Client 16 gets new best val_loss at epoch #107: 0.000500
2025-09-30 20:13:12.724 | INFO     | agents.servers.serverDAE:train_on_clients:43 - Client 17 gets new best val_loss at epoch #107: 0.000669
2025-09-30 20:13:13.422 | INFO     | agents.servers.serverDAE:train_on_clients:65 - 20 clients still training at epoch #107
2025-09-30 20:13:13.440 | INFO     | agents.servers.serverDAE:train_on_clients:22 - Training DAE model epoch #108
2025-09-30 20:13:14.845 | INFO     | agents.servers.serverDAE:train_on_clients:43 - Client 3 gets new best val_loss at epoch #108: 0.000515
2025-09-30 20:13:15.197 | INFO     | agents.servers.serverDAE:train_on_clients:43 - Client 4 gets new best val_loss at epoch #108: 0.000506
2025-09-30 20:13:20.473 | INFO     | agents.servers.serverDAE:train_on_clients:65 - 20 clients still training at epoch #108
2025-09-30 20:13:20.491 | INFO     | agents.servers.serverDAE:train_on_clients:22 - Training DAE model epoch #109
2025-09-30 20:13:23.652 | INFO     | agents.servers.serverDAE:train_on_clients:43 - Client 8 gets new best val_loss at epoch #109: 0.000540
2025-09-30 20:13:27.526 | INFO     | agents.servers.serverDAE:train_on_clients:65 - 20 clients still training at epoch #109
2025-09-30 20:13:27.544 | INFO     | agents.servers.serverDAE:train_on_clients:22 - Training DAE model epoch #110
2025-09-30 20:13:27.897 | INFO     | agents.servers.serverDAE:train_on_clients:59 - Saved model for client 0 at epoch 110 -> saved_models/DAE/average/wsn_ds/epoch_110_client_0.pt
2025-09-30 20:13:28.250 | INFO     | agents.servers.serverDAE:train_on_clients:59 - Saved model for client 1 at epoch 110 -> saved_models/DAE/average/wsn_ds/epoch_110_client_1.pt
2025-09-30 20:13:28.606 | INFO     | agents.servers.serverDAE:train_on_clients:43 - Client 2 gets new best val_loss at epoch #110: 0.000536
2025-09-30 20:13:28.608 | INFO     | agents.servers.serverDAE:train_on_clients:59 - Saved model for client 2 at epoch 110 -> saved_models/DAE/average/wsn_ds/epoch_110_client_2.pt
2025-09-30 20:13:28.962 | INFO     | agents.servers.serverDAE:train_on_clients:59 - Saved model for client 3 at epoch 110 -> saved_models/DAE/average/wsn_ds/epoch_110_client_3.pt
2025-09-30 20:13:29.334 | INFO     | agents.servers.serverDAE:train_on_clients:59 - Saved model for client 4 at epoch 110 -> saved_models/DAE/average/wsn_ds/epoch_110_client_4.pt
2025-09-30 20:13:29.690 | INFO     | agents.servers.serverDAE:train_on_clients:59 - Saved model for client 5 at epoch 110 -> saved_models/DAE/average/wsn_ds/epoch_110_client_5.pt
2025-09-30 20:13:30.047 | INFO     | agents.servers.serverDAE:train_on_clients:43 - Client 6 gets new best val_loss at epoch #110: 0.000540
2025-09-30 20:13:30.049 | INFO     | agents.servers.serverDAE:train_on_clients:59 - Saved model for client 6 at epoch 110 -> saved_models/DAE/average/wsn_ds/epoch_110_client_6.pt
2025-09-30 20:13:30.404 | INFO     | agents.servers.serverDAE:train_on_clients:43 - Client 7 gets new best val_loss at epoch #110: 0.000644
2025-09-30 20:13:30.406 | INFO     | agents.servers.serverDAE:train_on_clients:59 - Saved model for client 7 at epoch 110 -> saved_models/DAE/average/wsn_ds/epoch_110_client_7.pt
2025-09-30 20:13:30.757 | INFO     | agents.servers.serverDAE:train_on_clients:59 - Saved model for client 8 at epoch 110 -> saved_models/DAE/average/wsn_ds/epoch_110_client_8.pt
2025-09-30 20:13:31.114 | INFO     | agents.servers.serverDAE:train_on_clients:59 - Saved model for client 9 at epoch 110 -> saved_models/DAE/average/wsn_ds/epoch_110_client_9.pt
2025-09-30 20:13:31.470 | INFO     | agents.servers.serverDAE:train_on_clients:59 - Saved model for client 10 at epoch 110 -> saved_models/DAE/average/wsn_ds/epoch_110_client_10.pt
2025-09-30 20:13:31.818 | INFO     | agents.servers.serverDAE:train_on_clients:59 - Saved model for client 11 at epoch 110 -> saved_models/DAE/average/wsn_ds/epoch_110_client_11.pt
2025-09-30 20:13:32.166 | INFO     | agents.servers.serverDAE:train_on_clients:59 - Saved model for client 12 at epoch 110 -> saved_models/DAE/average/wsn_ds/epoch_110_client_12.pt
2025-09-30 20:13:32.517 | INFO     | agents.servers.serverDAE:train_on_clients:59 - Saved model for client 13 at epoch 110 -> saved_models/DAE/average/wsn_ds/epoch_110_client_13.pt
2025-09-30 20:13:32.867 | INFO     | agents.servers.serverDAE:train_on_clients:59 - Saved model for client 14 at epoch 110 -> saved_models/DAE/average/wsn_ds/epoch_110_client_14.pt
2025-09-30 20:13:33.220 | INFO     | agents.servers.serverDAE:train_on_clients:59 - Saved model for client 15 at epoch 110 -> saved_models/DAE/average/wsn_ds/epoch_110_client_15.pt
2025-09-30 20:13:33.570 | INFO     | agents.servers.serverDAE:train_on_clients:59 - Saved model for client 16 at epoch 110 -> saved_models/DAE/average/wsn_ds/epoch_110_client_16.pt
2025-09-30 20:13:33.921 | INFO     | agents.servers.serverDAE:train_on_clients:59 - Saved model for client 17 at epoch 110 -> saved_models/DAE/average/wsn_ds/epoch_110_client_17.pt
2025-09-30 20:13:34.275 | INFO     | agents.servers.serverDAE:train_on_clients:59 - Saved model for client 18 at epoch 110 -> saved_models/DAE/average/wsn_ds/epoch_110_client_18.pt
2025-09-30 20:13:34.632 | INFO     | agents.servers.serverDAE:train_on_clients:59 - Saved model for client 19 at epoch 110 -> saved_models/DAE/average/wsn_ds/epoch_110_client_19.pt
2025-09-30 20:13:34.635 | INFO     | agents.servers.serverDAE:train_on_clients:65 - 20 clients still training at epoch #110
2025-09-30 20:13:34.653 | INFO     | agents.servers.serverDAE:train_on_clients:22 - Training DAE model epoch #111
2025-09-30 20:13:36.789 | INFO     | agents.servers.serverDAE:train_on_clients:43 - Client 5 gets new best val_loss at epoch #111: 0.000644
2025-09-30 20:13:38.213 | INFO     | agents.servers.serverDAE:train_on_clients:43 - Client 9 gets new best val_loss at epoch #111: 0.000608
2025-09-30 20:13:41.748 | INFO     | agents.servers.serverDAE:train_on_clients:65 - 20 clients still training at epoch #111
2025-09-30 20:13:41.766 | INFO     | agents.servers.serverDAE:train_on_clients:22 - Training DAE model epoch #112
2025-09-30 20:13:47.379 | INFO     | agents.servers.serverDAE:train_on_clients:43 - Client 15 gets new best val_loss at epoch #112: 0.000590
2025-09-30 20:13:48.790 | INFO     | agents.servers.serverDAE:train_on_clients:65 - 20 clients still training at epoch #112
2025-09-30 20:13:48.808 | INFO     | agents.servers.serverDAE:train_on_clients:22 - Training DAE model epoch #113
2025-09-30 20:13:50.581 | INFO     | agents.servers.serverDAE:train_on_clients:43 - Client 4 gets new best val_loss at epoch #113: 0.000500
2025-09-30 20:13:54.105 | INFO     | agents.servers.serverDAE:train_on_clients:43 - Client 14 gets new best val_loss at epoch #113: 0.000515
2025-09-30 20:13:55.161 | INFO     | agents.servers.serverDAE:train_on_clients:43 - Client 17 gets new best val_loss at epoch #113: 0.000663
2025-09-30 20:13:55.515 | INFO     | agents.servers.serverDAE:train_on_clients:43 - Client 18 gets new best val_loss at epoch #113: 0.000568
2025-09-30 20:13:55.870 | INFO     | agents.servers.serverDAE:train_on_clients:65 - 20 clients still training at epoch #113
2025-09-30 20:13:55.888 | INFO     | agents.servers.serverDAE:train_on_clients:22 - Training DAE model epoch #114
2025-09-30 20:14:00.138 | INFO     | agents.servers.serverDAE:train_on_clients:43 - Client 11 gets new best val_loss at epoch #114: 0.000640
2025-09-30 20:14:02.966 | INFO     | agents.servers.serverDAE:train_on_clients:65 - 20 clients still training at epoch #114
2025-09-30 20:14:02.985 | INFO     | agents.servers.serverDAE:train_on_clients:22 - Training DAE model epoch #115
2025-09-30 20:14:05.448 | INFO     | agents.servers.serverDAE:train_on_clients:43 - Client 6 gets new best val_loss at epoch #115: 0.000538
2025-09-30 20:14:06.858 | INFO     | agents.servers.serverDAE:train_on_clients:43 - Client 10 gets new best val_loss at epoch #115: 0.000543
2025-09-30 20:14:07.918 | INFO     | agents.servers.serverDAE:train_on_clients:43 - Client 13 gets new best val_loss at epoch #115: 0.000527
2025-09-30 20:14:08.259 | INFO     | agents.servers.serverDAE:train_on_clients:43 - Client 14 gets new best val_loss at epoch #115: 0.000508
2025-09-30 20:14:08.641 | INFO     | agents.servers.serverDAE:train_on_clients:43 - Client 15 gets new best val_loss at epoch #115: 0.000581
2025-09-30 20:14:10.088 | INFO     | agents.servers.serverDAE:train_on_clients:43 - Client 19 gets new best val_loss at epoch #115: 0.000569
2025-09-30 20:14:10.092 | INFO     | agents.servers.serverDAE:train_on_clients:65 - 20 clients still training at epoch #115
2025-09-30 20:14:10.110 | INFO     | agents.servers.serverDAE:train_on_clients:22 - Training DAE model epoch #116
2025-09-30 20:14:10.460 | INFO     | agents.servers.serverDAE:train_on_clients:43 - Client 0 gets new best val_loss at epoch #116: 0.000559
2025-09-30 20:14:13.954 | INFO     | agents.servers.serverDAE:train_on_clients:43 - Client 10 gets new best val_loss at epoch #116: 0.000520
2025-09-30 20:14:17.063 | INFO     | agents.servers.serverDAE:train_on_clients:65 - 20 clients still training at epoch #116
2025-09-30 20:14:17.082 | INFO     | agents.servers.serverDAE:train_on_clients:22 - Training DAE model epoch #117
2025-09-30 20:14:17.774 | INFO     | agents.servers.serverDAE:train_on_clients:43 - Client 1 gets new best val_loss at epoch #117: 0.000603
2025-09-30 20:14:22.284 | INFO     | agents.servers.serverDAE:train_on_clients:43 - Client 14 gets new best val_loss at epoch #117: 0.000501
2025-09-30 20:14:23.324 | INFO     | agents.servers.serverDAE:train_on_clients:43 - Client 17 gets new best val_loss at epoch #117: 0.000660
2025-09-30 20:14:24.020 | INFO     | agents.servers.serverDAE:train_on_clients:65 - 20 clients still training at epoch #117
2025-09-30 20:14:24.038 | INFO     | agents.servers.serverDAE:train_on_clients:22 - Training DAE model epoch #118
2025-09-30 20:14:24.733 | INFO     | agents.servers.serverDAE:train_on_clients:43 - Client 1 gets new best val_loss at epoch #118: 0.000577
2025-09-30 20:14:25.778 | INFO     | agents.servers.serverDAE:train_on_clients:43 - Client 4 gets new best val_loss at epoch #118: 0.000497
2025-09-30 20:14:30.999 | INFO     | agents.servers.serverDAE:train_on_clients:65 - 20 clients still training at epoch #118
2025-09-30 20:14:31.017 | INFO     | agents.servers.serverDAE:train_on_clients:22 - Training DAE model epoch #119
2025-09-30 20:14:35.170 | INFO     | agents.servers.serverDAE:train_on_clients:43 - Client 11 gets new best val_loss at epoch #119: 0.000638
2025-09-30 20:14:37.945 | INFO     | agents.servers.serverDAE:train_on_clients:65 - 20 clients still training at epoch #119
2025-09-30 20:14:37.963 | INFO     | agents.servers.serverDAE:train_on_clients:22 - Training DAE model epoch #120
2025-09-30 20:14:38.308 | INFO     | agents.servers.serverDAE:train_on_clients:59 - Saved model for client 0 at epoch 120 -> saved_models/DAE/average/wsn_ds/epoch_120_client_0.pt
2025-09-30 20:14:38.650 | INFO     | agents.servers.serverDAE:train_on_clients:59 - Saved model for client 1 at epoch 120 -> saved_models/DAE/average/wsn_ds/epoch_120_client_1.pt
2025-09-30 20:14:38.990 | INFO     | agents.servers.serverDAE:train_on_clients:59 - Saved model for client 2 at epoch 120 -> saved_models/DAE/average/wsn_ds/epoch_120_client_2.pt
2025-09-30 20:14:39.335 | INFO     | agents.servers.serverDAE:train_on_clients:59 - Saved model for client 3 at epoch 120 -> saved_models/DAE/average/wsn_ds/epoch_120_client_3.pt
2025-09-30 20:14:39.674 | INFO     | agents.servers.serverDAE:train_on_clients:59 - Saved model for client 4 at epoch 120 -> saved_models/DAE/average/wsn_ds/epoch_120_client_4.pt
2025-09-30 20:14:40.020 | INFO     | agents.servers.serverDAE:train_on_clients:59 - Saved model for client 5 at epoch 120 -> saved_models/DAE/average/wsn_ds/epoch_120_client_5.pt
2025-09-30 20:14:40.364 | INFO     | agents.servers.serverDAE:train_on_clients:59 - Saved model for client 6 at epoch 120 -> saved_models/DAE/average/wsn_ds/epoch_120_client_6.pt
2025-09-30 20:14:40.704 | INFO     | agents.servers.serverDAE:train_on_clients:59 - Saved model for client 7 at epoch 120 -> saved_models/DAE/average/wsn_ds/epoch_120_client_7.pt
2025-09-30 20:14:41.051 | INFO     | agents.servers.serverDAE:train_on_clients:59 - Saved model for client 8 at epoch 120 -> saved_models/DAE/average/wsn_ds/epoch_120_client_8.pt
2025-09-30 20:14:41.393 | INFO     | agents.servers.serverDAE:train_on_clients:59 - Saved model for client 9 at epoch 120 -> saved_models/DAE/average/wsn_ds/epoch_120_client_9.pt
2025-09-30 20:14:41.743 | INFO     | agents.servers.serverDAE:train_on_clients:59 - Saved model for client 10 at epoch 120 -> saved_models/DAE/average/wsn_ds/epoch_120_client_10.pt
2025-09-30 20:14:42.090 | INFO     | agents.servers.serverDAE:train_on_clients:59 - Saved model for client 11 at epoch 120 -> saved_models/DAE/average/wsn_ds/epoch_120_client_11.pt
2025-09-30 20:14:42.432 | INFO     | agents.servers.serverDAE:train_on_clients:59 - Saved model for client 12 at epoch 120 -> saved_models/DAE/average/wsn_ds/epoch_120_client_12.pt
2025-09-30 20:14:42.778 | INFO     | agents.servers.serverDAE:train_on_clients:59 - Saved model for client 13 at epoch 120 -> saved_models/DAE/average/wsn_ds/epoch_120_client_13.pt
2025-09-30 20:14:43.129 | INFO     | agents.servers.serverDAE:train_on_clients:59 - Saved model for client 14 at epoch 120 -> saved_models/DAE/average/wsn_ds/epoch_120_client_14.pt
2025-09-30 20:14:43.480 | INFO     | agents.servers.serverDAE:train_on_clients:59 - Saved model for client 15 at epoch 120 -> saved_models/DAE/average/wsn_ds/epoch_120_client_15.pt
2025-09-30 20:14:43.839 | INFO     | agents.servers.serverDAE:train_on_clients:59 - Saved model for client 16 at epoch 120 -> saved_models/DAE/average/wsn_ds/epoch_120_client_16.pt
2025-09-30 20:14:44.197 | INFO     | agents.servers.serverDAE:train_on_clients:43 - Client 17 gets new best val_loss at epoch #120: 0.000658
2025-09-30 20:14:44.198 | INFO     | agents.servers.serverDAE:train_on_clients:59 - Saved model for client 17 at epoch 120 -> saved_models/DAE/average/wsn_ds/epoch_120_client_17.pt
2025-09-30 20:14:44.555 | INFO     | agents.servers.serverDAE:train_on_clients:59 - Saved model for client 18 at epoch 120 -> saved_models/DAE/average/wsn_ds/epoch_120_client_18.pt
2025-09-30 20:14:44.909 | INFO     | agents.servers.serverDAE:train_on_clients:59 - Saved model for client 19 at epoch 120 -> saved_models/DAE/average/wsn_ds/epoch_120_client_19.pt
2025-09-30 20:14:44.912 | INFO     | agents.servers.serverDAE:train_on_clients:65 - 20 clients still training at epoch #120
2025-09-30 20:14:44.930 | INFO     | agents.servers.serverDAE:train_on_clients:22 - Training DAE model epoch #121
2025-09-30 20:14:51.965 | INFO     | agents.servers.serverDAE:train_on_clients:65 - 20 clients still training at epoch #121
2025-09-30 20:14:51.983 | INFO     | agents.servers.serverDAE:train_on_clients:22 - Training DAE model epoch #122
2025-09-30 20:14:58.350 | INFO     | agents.servers.serverDAE:train_on_clients:43 - Client 17 gets new best val_loss at epoch #122: 0.000649
2025-09-30 20:14:59.060 | INFO     | agents.servers.serverDAE:train_on_clients:65 - 20 clients still training at epoch #122
2025-09-30 20:14:59.078 | INFO     | agents.servers.serverDAE:train_on_clients:22 - Training DAE model epoch #123
2025-09-30 20:15:00.843 | INFO     | agents.servers.serverDAE:train_on_clients:43 - Client 4 gets new best val_loss at epoch #123: 0.000493
2025-09-30 20:15:06.121 | INFO     | agents.servers.serverDAE:train_on_clients:65 - 20 clients still training at epoch #123
2025-09-30 20:15:06.140 | INFO     | agents.servers.serverDAE:train_on_clients:22 - Training DAE model epoch #124
2025-09-30 20:15:08.255 | INFO     | agents.servers.serverDAE:train_on_clients:43 - Client 5 gets new best val_loss at epoch #124: 0.000620
2025-09-30 20:15:10.366 | INFO     | agents.servers.serverDAE:train_on_clients:43 - Client 11 gets new best val_loss at epoch #124: 0.000631
2025-09-30 20:15:13.240 | INFO     | agents.servers.serverDAE:train_on_clients:65 - 20 clients still training at epoch #124
2025-09-30 20:15:13.258 | INFO     | agents.servers.serverDAE:train_on_clients:22 - Training DAE model epoch #125
2025-09-30 20:15:20.306 | INFO     | agents.servers.serverDAE:train_on_clients:65 - 20 clients still training at epoch #125
2025-09-30 20:15:20.324 | INFO     | agents.servers.serverDAE:train_on_clients:22 - Training DAE model epoch #126
2025-09-30 20:15:22.771 | INFO     | agents.servers.serverDAE:train_on_clients:43 - Client 6 gets new best val_loss at epoch #126: 0.000537
2025-09-30 20:15:24.177 | INFO     | agents.servers.serverDAE:train_on_clients:43 - Client 10 gets new best val_loss at epoch #126: 0.000515
2025-09-30 20:15:26.292 | INFO     | agents.servers.serverDAE:train_on_clients:43 - Client 16 gets new best val_loss at epoch #126: 0.000495
2025-09-30 20:15:27.345 | INFO     | agents.servers.serverDAE:train_on_clients:65 - 20 clients still training at epoch #126
2025-09-30 20:15:27.363 | INFO     | agents.servers.serverDAE:train_on_clients:22 - Training DAE model epoch #127
2025-09-30 20:15:29.825 | INFO     | agents.servers.serverDAE:train_on_clients:43 - Client 6 gets new best val_loss at epoch #127: 0.000516
2025-09-30 20:15:30.528 | INFO     | agents.servers.serverDAE:train_on_clients:43 - Client 8 gets new best val_loss at epoch #127: 0.000524
2025-09-30 20:15:31.584 | INFO     | agents.servers.serverDAE:train_on_clients:43 - Client 11 gets new best val_loss at epoch #127: 0.000619
2025-09-30 20:15:32.294 | INFO     | agents.servers.serverDAE:train_on_clients:43 - Client 13 gets new best val_loss at epoch #127: 0.000523
2025-09-30 20:15:34.395 | INFO     | agents.servers.serverDAE:train_on_clients:65 - 20 clients still training at epoch #127
2025-09-30 20:15:34.413 | INFO     | agents.servers.serverDAE:train_on_clients:22 - Training DAE model epoch #128
2025-09-30 20:15:41.451 | INFO     | agents.servers.serverDAE:train_on_clients:65 - 20 clients still training at epoch #128
2025-09-30 20:15:41.469 | INFO     | agents.servers.serverDAE:train_on_clients:22 - Training DAE model epoch #129
2025-09-30 20:15:44.276 | INFO     | agents.servers.serverDAE:train_on_clients:43 - Client 7 gets new best val_loss at epoch #129: 0.000633
2025-09-30 20:15:46.039 | INFO     | agents.servers.serverDAE:train_on_clients:43 - Client 12 gets new best val_loss at epoch #129: 0.000573
2025-09-30 20:15:48.142 | INFO     | agents.servers.serverDAE:train_on_clients:43 - Client 18 gets new best val_loss at epoch #129: 0.000549
2025-09-30 20:15:48.491 | INFO     | agents.servers.serverDAE:train_on_clients:65 - 20 clients still training at epoch #129
2025-09-30 20:15:48.509 | INFO     | agents.servers.serverDAE:train_on_clients:22 - Training DAE model epoch #130
2025-09-30 20:15:48.862 | INFO     | agents.servers.serverDAE:train_on_clients:59 - Saved model for client 0 at epoch 130 -> saved_models/DAE/average/wsn_ds/epoch_130_client_0.pt
2025-09-30 20:15:49.215 | INFO     | agents.servers.serverDAE:train_on_clients:59 - Saved model for client 1 at epoch 130 -> saved_models/DAE/average/wsn_ds/epoch_130_client_1.pt
2025-09-30 20:15:49.571 | INFO     | agents.servers.serverDAE:train_on_clients:59 - Saved model for client 2 at epoch 130 -> saved_models/DAE/average/wsn_ds/epoch_130_client_2.pt
2025-09-30 20:15:49.927 | INFO     | agents.servers.serverDAE:train_on_clients:59 - Saved model for client 3 at epoch 130 -> saved_models/DAE/average/wsn_ds/epoch_130_client_3.pt
2025-09-30 20:15:50.278 | INFO     | agents.servers.serverDAE:train_on_clients:43 - Client 4 gets new best val_loss at epoch #130: 0.000477
2025-09-30 20:15:50.279 | INFO     | agents.servers.serverDAE:train_on_clients:59 - Saved model for client 4 at epoch 130 -> saved_models/DAE/average/wsn_ds/epoch_130_client_4.pt
2025-09-30 20:15:50.639 | INFO     | agents.servers.serverDAE:train_on_clients:59 - Saved model for client 5 at epoch 130 -> saved_models/DAE/average/wsn_ds/epoch_130_client_5.pt
2025-09-30 20:15:50.993 | INFO     | agents.servers.serverDAE:train_on_clients:59 - Saved model for client 6 at epoch 130 -> saved_models/DAE/average/wsn_ds/epoch_130_client_6.pt
2025-09-30 20:15:51.359 | INFO     | agents.servers.serverDAE:train_on_clients:59 - Saved model for client 7 at epoch 130 -> saved_models/DAE/average/wsn_ds/epoch_130_client_7.pt
2025-09-30 20:15:51.717 | INFO     | agents.servers.serverDAE:train_on_clients:59 - Saved model for client 8 at epoch 130 -> saved_models/DAE/average/wsn_ds/epoch_130_client_8.pt
2025-09-30 20:15:52.075 | INFO     | agents.servers.serverDAE:train_on_clients:43 - Client 9 gets new best val_loss at epoch #130: 0.000605
2025-09-30 20:15:52.077 | INFO     | agents.servers.serverDAE:train_on_clients:59 - Saved model for client 9 at epoch 130 -> saved_models/DAE/average/wsn_ds/epoch_130_client_9.pt
2025-09-30 20:15:52.431 | INFO     | agents.servers.serverDAE:train_on_clients:59 - Saved model for client 10 at epoch 130 -> saved_models/DAE/average/wsn_ds/epoch_130_client_10.pt
2025-09-30 20:15:52.790 | INFO     | agents.servers.serverDAE:train_on_clients:59 - Saved model for client 11 at epoch 130 -> saved_models/DAE/average/wsn_ds/epoch_130_client_11.pt
2025-09-30 20:15:53.144 | INFO     | agents.servers.serverDAE:train_on_clients:59 - Saved model for client 12 at epoch 130 -> saved_models/DAE/average/wsn_ds/epoch_130_client_12.pt
2025-09-30 20:15:53.500 | INFO     | agents.servers.serverDAE:train_on_clients:59 - Saved model for client 13 at epoch 130 -> saved_models/DAE/average/wsn_ds/epoch_130_client_13.pt
2025-09-30 20:15:53.855 | INFO     | agents.servers.serverDAE:train_on_clients:59 - Saved model for client 14 at epoch 130 -> saved_models/DAE/average/wsn_ds/epoch_130_client_14.pt
2025-09-30 20:15:54.210 | INFO     | agents.servers.serverDAE:train_on_clients:59 - Saved model for client 15 at epoch 130 -> saved_models/DAE/average/wsn_ds/epoch_130_client_15.pt
2025-09-30 20:15:54.560 | INFO     | agents.servers.serverDAE:train_on_clients:59 - Saved model for client 16 at epoch 130 -> saved_models/DAE/average/wsn_ds/epoch_130_client_16.pt
2025-09-30 20:15:54.913 | INFO     | agents.servers.serverDAE:train_on_clients:59 - Saved model for client 17 at epoch 130 -> saved_models/DAE/average/wsn_ds/epoch_130_client_17.pt
2025-09-30 20:15:55.269 | INFO     | agents.servers.serverDAE:train_on_clients:59 - Saved model for client 18 at epoch 130 -> saved_models/DAE/average/wsn_ds/epoch_130_client_18.pt
2025-09-30 20:15:55.627 | INFO     | agents.servers.serverDAE:train_on_clients:59 - Saved model for client 19 at epoch 130 -> saved_models/DAE/average/wsn_ds/epoch_130_client_19.pt
2025-09-30 20:15:55.630 | INFO     | agents.servers.serverDAE:train_on_clients:65 - 20 clients still training at epoch #130
2025-09-30 20:15:55.648 | INFO     | agents.servers.serverDAE:train_on_clients:22 - Training DAE model epoch #131
2025-09-30 20:16:02.096 | INFO     | agents.servers.serverDAE:train_on_clients:43 - Client 17 gets new best val_loss at epoch #131: 0.000645
2025-09-30 20:16:02.816 | INFO     | agents.servers.serverDAE:train_on_clients:65 - 20 clients still training at epoch #131
2025-09-30 20:16:02.834 | INFO     | agents.servers.serverDAE:train_on_clients:22 - Training DAE model epoch #132
2025-09-30 20:16:09.974 | INFO     | agents.servers.serverDAE:train_on_clients:65 - 20 clients still training at epoch #132
2025-09-30 20:16:09.992 | INFO     | agents.servers.serverDAE:train_on_clients:22 - Training DAE model epoch #133
2025-09-30 20:16:12.849 | INFO     | agents.servers.serverDAE:train_on_clients:43 - Client 7 gets new best val_loss at epoch #133: 0.000621
2025-09-30 20:16:16.393 | INFO     | agents.servers.serverDAE:train_on_clients:43 - Client 17 gets new best val_loss at epoch #133: 0.000627
2025-09-30 20:16:17.106 | INFO     | agents.servers.serverDAE:train_on_clients:43 - Client 19 gets new best val_loss at epoch #133: 0.000543
2025-09-30 20:16:17.109 | INFO     | agents.servers.serverDAE:train_on_clients:65 - 20 clients still training at epoch #133
2025-09-30 20:16:17.127 | INFO     | agents.servers.serverDAE:train_on_clients:22 - Training DAE model epoch #134
2025-09-30 20:16:24.042 | INFO     | agents.servers.serverDAE:train_on_clients:43 - Client 18 gets new best val_loss at epoch #134: 0.000549
2025-09-30 20:16:24.395 | INFO     | agents.servers.serverDAE:train_on_clients:65 - 20 clients still training at epoch #134
2025-09-30 20:16:24.414 | INFO     | agents.servers.serverDAE:train_on_clients:22 - Training DAE model epoch #135
2025-09-30 20:16:24.770 | INFO     | agents.servers.serverDAE:train_on_clients:43 - Client 0 gets new best val_loss at epoch #135: 0.000548
2025-09-30 20:16:25.476 | INFO     | agents.servers.serverDAE:train_on_clients:43 - Client 2 gets new best val_loss at epoch #135: 0.000525
2025-09-30 20:16:31.459 | INFO     | agents.servers.serverDAE:train_on_clients:65 - 20 clients still training at epoch #135
2025-09-30 20:16:31.477 | INFO     | agents.servers.serverDAE:train_on_clients:22 - Training DAE model epoch #136
2025-09-30 20:16:32.532 | INFO     | agents.servers.serverDAE:train_on_clients:43 - Client 2 gets new best val_loss at epoch #136: 0.000514
2025-09-30 20:16:34.661 | INFO     | agents.servers.serverDAE:train_on_clients:43 - Client 8 gets new best val_loss at epoch #136: 0.000509
2025-09-30 20:16:35.366 | INFO     | agents.servers.serverDAE:train_on_clients:43 - Client 10 gets new best val_loss at epoch #136: 0.000510
2025-09-30 20:16:37.127 | INFO     | agents.servers.serverDAE:train_on_clients:43 - Client 15 gets new best val_loss at epoch #136: 0.000576
2025-09-30 20:16:37.831 | INFO     | agents.servers.serverDAE:train_on_clients:43 - Client 17 gets new best val_loss at epoch #136: 0.000626
2025-09-30 20:16:38.535 | INFO     | agents.servers.serverDAE:train_on_clients:65 - 20 clients still training at epoch #136
2025-09-30 20:16:38.553 | INFO     | agents.servers.serverDAE:train_on_clients:22 - Training DAE model epoch #137
2025-09-30 20:16:42.413 | INFO     | agents.servers.serverDAE:train_on_clients:43 - Client 10 gets new best val_loss at epoch #137: 0.000510
2025-09-30 20:16:45.589 | INFO     | agents.servers.serverDAE:train_on_clients:65 - 20 clients still training at epoch #137
2025-09-30 20:16:45.607 | INFO     | agents.servers.serverDAE:train_on_clients:22 - Training DAE model epoch #138
2025-09-30 20:16:52.618 | INFO     | agents.servers.serverDAE:train_on_clients:65 - 20 clients still training at epoch #138
2025-09-30 20:16:52.636 | INFO     | agents.servers.serverDAE:train_on_clients:22 - Training DAE model epoch #139
2025-09-30 20:16:55.094 | INFO     | agents.servers.serverDAE:train_on_clients:43 - Client 6 gets new best val_loss at epoch #139: 0.000514
2025-09-30 20:16:56.854 | INFO     | agents.servers.serverDAE:train_on_clients:43 - Client 11 gets new best val_loss at epoch #139: 0.000617
2025-09-30 20:16:59.659 | INFO     | agents.servers.serverDAE:train_on_clients:65 - 20 clients still training at epoch #139
2025-09-30 20:16:59.677 | INFO     | agents.servers.serverDAE:train_on_clients:22 - Training DAE model epoch #140
2025-09-30 20:17:00.026 | INFO     | agents.servers.serverDAE:train_on_clients:59 - Saved model for client 0 at epoch 140 -> saved_models/DAE/average/wsn_ds/epoch_140_client_0.pt
2025-09-30 20:17:00.382 | INFO     | agents.servers.serverDAE:train_on_clients:59 - Saved model for client 1 at epoch 140 -> saved_models/DAE/average/wsn_ds/epoch_140_client_1.pt
2025-09-30 20:17:00.736 | INFO     | agents.servers.serverDAE:train_on_clients:59 - Saved model for client 2 at epoch 140 -> saved_models/DAE/average/wsn_ds/epoch_140_client_2.pt
2025-09-30 20:17:01.093 | INFO     | agents.servers.serverDAE:train_on_clients:59 - Saved model for client 3 at epoch 140 -> saved_models/DAE/average/wsn_ds/epoch_140_client_3.pt
2025-09-30 20:17:01.445 | INFO     | agents.servers.serverDAE:train_on_clients:59 - Saved model for client 4 at epoch 140 -> saved_models/DAE/average/wsn_ds/epoch_140_client_4.pt
2025-09-30 20:17:01.799 | INFO     | agents.servers.serverDAE:train_on_clients:59 - Saved model for client 5 at epoch 140 -> saved_models/DAE/average/wsn_ds/epoch_140_client_5.pt
2025-09-30 20:17:02.153 | INFO     | agents.servers.serverDAE:train_on_clients:59 - Saved model for client 6 at epoch 140 -> saved_models/DAE/average/wsn_ds/epoch_140_client_6.pt
2025-09-30 20:17:02.503 | INFO     | agents.servers.serverDAE:train_on_clients:59 - Saved model for client 7 at epoch 140 -> saved_models/DAE/average/wsn_ds/epoch_140_client_7.pt
2025-09-30 20:17:02.858 | INFO     | agents.servers.serverDAE:train_on_clients:59 - Saved model for client 8 at epoch 140 -> saved_models/DAE/average/wsn_ds/epoch_140_client_8.pt
2025-09-30 20:17:03.218 | INFO     | agents.servers.serverDAE:train_on_clients:59 - Saved model for client 9 at epoch 140 -> saved_models/DAE/average/wsn_ds/epoch_140_client_9.pt
2025-09-30 20:17:03.572 | INFO     | agents.servers.serverDAE:train_on_clients:59 - Saved model for client 10 at epoch 140 -> saved_models/DAE/average/wsn_ds/epoch_140_client_10.pt
2025-09-30 20:17:03.927 | INFO     | agents.servers.serverDAE:train_on_clients:59 - Saved model for client 11 at epoch 140 -> saved_models/DAE/average/wsn_ds/epoch_140_client_11.pt
2025-09-30 20:17:04.276 | INFO     | agents.servers.serverDAE:train_on_clients:59 - Saved model for client 12 at epoch 140 -> saved_models/DAE/average/wsn_ds/epoch_140_client_12.pt
2025-09-30 20:17:04.629 | INFO     | agents.servers.serverDAE:train_on_clients:59 - Saved model for client 13 at epoch 140 -> saved_models/DAE/average/wsn_ds/epoch_140_client_13.pt
2025-09-30 20:17:04.983 | INFO     | agents.servers.serverDAE:train_on_clients:59 - Saved model for client 14 at epoch 140 -> saved_models/DAE/average/wsn_ds/epoch_140_client_14.pt
2025-09-30 20:17:05.334 | INFO     | agents.servers.serverDAE:train_on_clients:43 - Client 15 gets new best val_loss at epoch #140: 0.000551
2025-09-30 20:17:05.335 | INFO     | agents.servers.serverDAE:train_on_clients:59 - Saved model for client 15 at epoch 140 -> saved_models/DAE/average/wsn_ds/epoch_140_client_15.pt
2025-09-30 20:17:05.686 | INFO     | agents.servers.serverDAE:train_on_clients:59 - Saved model for client 16 at epoch 140 -> saved_models/DAE/average/wsn_ds/epoch_140_client_16.pt
2025-09-30 20:17:06.038 | INFO     | agents.servers.serverDAE:train_on_clients:59 - Saved model for client 17 at epoch 140 -> saved_models/DAE/average/wsn_ds/epoch_140_client_17.pt
2025-09-30 20:17:06.396 | INFO     | agents.servers.serverDAE:train_on_clients:59 - Saved model for client 18 at epoch 140 -> saved_models/DAE/average/wsn_ds/epoch_140_client_18.pt
2025-09-30 20:17:06.750 | INFO     | agents.servers.serverDAE:train_on_clients:59 - Saved model for client 19 at epoch 140 -> saved_models/DAE/average/wsn_ds/epoch_140_client_19.pt
2025-09-30 20:17:06.754 | INFO     | agents.servers.serverDAE:train_on_clients:65 - 20 clients still training at epoch #140
2025-09-30 20:17:06.771 | INFO     | agents.servers.serverDAE:train_on_clients:22 - Training DAE model epoch #141
2025-09-30 20:17:11.726 | INFO     | agents.servers.serverDAE:train_on_clients:43 - Client 13 gets new best val_loss at epoch #141: 0.000515
2025-09-30 20:17:13.850 | INFO     | agents.servers.serverDAE:train_on_clients:65 - 20 clients still training at epoch #141
2025-09-30 20:17:13.868 | INFO     | agents.servers.serverDAE:train_on_clients:22 - Training DAE model epoch #142
2025-09-30 20:17:20.903 | INFO     | agents.servers.serverDAE:train_on_clients:65 - 20 clients still training at epoch #142
2025-09-30 20:17:20.921 | INFO     | agents.servers.serverDAE:train_on_clients:22 - Training DAE model epoch #143
2025-09-30 20:17:22.329 | INFO     | agents.servers.serverDAE:train_on_clients:43 - Client 3 gets new best val_loss at epoch #143: 0.000498
2025-09-30 20:17:24.449 | INFO     | agents.servers.serverDAE:train_on_clients:43 - Client 9 gets new best val_loss at epoch #143: 0.000583
2025-09-30 20:17:28.006 | INFO     | agents.servers.serverDAE:train_on_clients:65 - 20 clients still training at epoch #143
2025-09-30 20:17:28.024 | INFO     | agents.servers.serverDAE:train_on_clients:22 - Training DAE model epoch #144
2025-09-30 20:17:35.094 | INFO     | agents.servers.serverDAE:train_on_clients:65 - 20 clients still training at epoch #144
2025-09-30 20:17:35.112 | INFO     | agents.servers.serverDAE:train_on_clients:22 - Training DAE model epoch #145
2025-09-30 20:17:35.819 | INFO     | agents.servers.serverDAE:train_on_clients:43 - Client 1 gets new best val_loss at epoch #145: 0.000561
2025-09-30 20:17:37.935 | INFO     | agents.servers.serverDAE:train_on_clients:43 - Client 7 gets new best val_loss at epoch #145: 0.000603
2025-09-30 20:17:42.061 | INFO     | agents.servers.serverDAE:train_on_clients:65 - 20 clients still training at epoch #145
2025-09-30 20:17:42.079 | INFO     | agents.servers.serverDAE:train_on_clients:22 - Training DAE model epoch #146
2025-09-30 20:17:46.521 | INFO     | agents.servers.serverDAE:train_on_clients:43 - Client 12 gets new best val_loss at epoch #146: 0.000573
2025-09-30 20:17:48.903 | INFO     | agents.servers.serverDAE:train_on_clients:65 - 20 clients still training at epoch #146
2025-09-30 20:17:48.922 | INFO     | agents.servers.serverDAE:train_on_clients:22 - Training DAE model epoch #147
2025-09-30 20:17:55.724 | INFO     | agents.servers.serverDAE:train_on_clients:65 - 20 clients still training at epoch #147
2025-09-30 20:17:55.741 | INFO     | agents.servers.serverDAE:train_on_clients:22 - Training DAE model epoch #148
2025-09-30 20:18:02.565 | INFO     | agents.servers.serverDAE:train_on_clients:65 - 20 clients still training at epoch #148
2025-09-30 20:18:02.584 | INFO     | agents.servers.serverDAE:train_on_clients:22 - Training DAE model epoch #149
2025-09-30 20:18:06.688 | INFO     | agents.servers.serverDAE:train_on_clients:43 - Client 11 gets new best val_loss at epoch #149: 0.000604
2025-09-30 20:18:09.418 | INFO     | agents.servers.serverDAE:train_on_clients:65 - 20 clients still training at epoch #149
2025-09-30 20:18:09.436 | INFO     | agents.servers.serverDAE:train_on_clients:22 - Training DAE model epoch #150
2025-09-30 20:18:09.775 | INFO     | agents.servers.serverDAE:train_on_clients:59 - Saved model for client 0 at epoch 150 -> saved_models/DAE/average/wsn_ds/epoch_150_client_0.pt
2025-09-30 20:18:10.113 | INFO     | agents.servers.serverDAE:train_on_clients:59 - Saved model for client 1 at epoch 150 -> saved_models/DAE/average/wsn_ds/epoch_150_client_1.pt
2025-09-30 20:18:10.463 | INFO     | agents.servers.serverDAE:train_on_clients:59 - Saved model for client 2 at epoch 150 -> saved_models/DAE/average/wsn_ds/epoch_150_client_2.pt
2025-09-30 20:18:10.810 | INFO     | agents.servers.serverDAE:train_on_clients:59 - Saved model for client 3 at epoch 150 -> saved_models/DAE/average/wsn_ds/epoch_150_client_3.pt
2025-09-30 20:18:11.157 | INFO     | agents.servers.serverDAE:train_on_clients:59 - Saved model for client 4 at epoch 150 -> saved_models/DAE/average/wsn_ds/epoch_150_client_4.pt
2025-09-30 20:18:11.501 | INFO     | agents.servers.serverDAE:train_on_clients:59 - Saved model for client 5 at epoch 150 -> saved_models/DAE/average/wsn_ds/epoch_150_client_5.pt
2025-09-30 20:18:11.843 | INFO     | agents.servers.serverDAE:train_on_clients:59 - Saved model for client 6 at epoch 150 -> saved_models/DAE/average/wsn_ds/epoch_150_client_6.pt
2025-09-30 20:18:12.188 | INFO     | agents.servers.serverDAE:train_on_clients:59 - Saved model for client 7 at epoch 150 -> saved_models/DAE/average/wsn_ds/epoch_150_client_7.pt
2025-09-30 20:18:12.530 | INFO     | agents.servers.serverDAE:train_on_clients:59 - Saved model for client 8 at epoch 150 -> saved_models/DAE/average/wsn_ds/epoch_150_client_8.pt
2025-09-30 20:18:12.880 | INFO     | agents.servers.serverDAE:train_on_clients:59 - Saved model for client 9 at epoch 150 -> saved_models/DAE/average/wsn_ds/epoch_150_client_9.pt
2025-09-30 20:18:13.226 | INFO     | agents.servers.serverDAE:train_on_clients:59 - Saved model for client 10 at epoch 150 -> saved_models/DAE/average/wsn_ds/epoch_150_client_10.pt
2025-09-30 20:18:13.569 | INFO     | agents.servers.serverDAE:train_on_clients:59 - Saved model for client 11 at epoch 150 -> saved_models/DAE/average/wsn_ds/epoch_150_client_11.pt
2025-09-30 20:18:13.912 | INFO     | agents.servers.serverDAE:train_on_clients:59 - Saved model for client 12 at epoch 150 -> saved_models/DAE/average/wsn_ds/epoch_150_client_12.pt
2025-09-30 20:18:14.256 | INFO     | agents.servers.serverDAE:train_on_clients:59 - Saved model for client 13 at epoch 150 -> saved_models/DAE/average/wsn_ds/epoch_150_client_13.pt
2025-09-30 20:18:14.599 | INFO     | agents.servers.serverDAE:train_on_clients:59 - Saved model for client 14 at epoch 150 -> saved_models/DAE/average/wsn_ds/epoch_150_client_14.pt
2025-09-30 20:18:14.944 | INFO     | agents.servers.serverDAE:train_on_clients:59 - Saved model for client 15 at epoch 150 -> saved_models/DAE/average/wsn_ds/epoch_150_client_15.pt
2025-09-30 20:18:15.282 | INFO     | agents.servers.serverDAE:train_on_clients:59 - Saved model for client 16 at epoch 150 -> saved_models/DAE/average/wsn_ds/epoch_150_client_16.pt
2025-09-30 20:18:15.625 | INFO     | agents.servers.serverDAE:train_on_clients:59 - Saved model for client 17 at epoch 150 -> saved_models/DAE/average/wsn_ds/epoch_150_client_17.pt
2025-09-30 20:18:15.966 | INFO     | agents.servers.serverDAE:train_on_clients:59 - Saved model for client 18 at epoch 150 -> saved_models/DAE/average/wsn_ds/epoch_150_client_18.pt
2025-09-30 20:18:16.308 | INFO     | agents.servers.serverDAE:train_on_clients:59 - Saved model for client 19 at epoch 150 -> saved_models/DAE/average/wsn_ds/epoch_150_client_19.pt
2025-09-30 20:18:16.312 | INFO     | agents.servers.serverDAE:train_on_clients:65 - 20 clients still training at epoch #150
2025-09-30 20:18:16.330 | INFO     | agents.servers.serverDAE:train_on_clients:22 - Training DAE model epoch #151
2025-09-30 20:18:20.077 | INFO     | agents.servers.serverDAE:train_on_clients:43 - Client 10 gets new best val_loss at epoch #151: 0.000495
2025-09-30 20:18:23.159 | INFO     | agents.servers.serverDAE:train_on_clients:65 - 20 clients still training at epoch #151
2025-09-30 20:18:23.176 | INFO     | agents.servers.serverDAE:train_on_clients:22 - Training DAE model epoch #152
2025-09-30 20:18:30.145 | INFO     | agents.servers.serverDAE:train_on_clients:65 - 20 clients still training at epoch #152
2025-09-30 20:18:30.163 | INFO     | agents.servers.serverDAE:train_on_clients:22 - Training DAE model epoch #153
2025-09-30 20:18:35.177 | INFO     | agents.servers.serverDAE:train_on_clients:43 - Client 13 gets new best val_loss at epoch #153: 0.000512
2025-09-30 20:18:37.303 | INFO     | agents.servers.serverDAE:train_on_clients:65 - 20 clients still training at epoch #153
2025-09-30 20:18:37.322 | INFO     | agents.servers.serverDAE:train_on_clients:22 - Training DAE model epoch #154
2025-09-30 20:18:43.314 | INFO     | agents.servers.serverDAE:train_on_clients:43 - Client 16 gets new best val_loss at epoch #154: 0.000487
2025-09-30 20:18:44.357 | INFO     | agents.servers.serverDAE:train_on_clients:65 - 20 clients still training at epoch #154
2025-09-30 20:18:44.375 | INFO     | agents.servers.serverDAE:train_on_clients:22 - Training DAE model epoch #155
2025-09-30 20:18:46.089 | INFO     | agents.servers.serverDAE:train_on_clients:43 - Client 4 gets new best val_loss at epoch #155: 0.000476
2025-09-30 20:18:46.772 | INFO     | agents.servers.serverDAE:train_on_clients:43 - Client 6 gets new best val_loss at epoch #155: 0.000511
2025-09-30 20:18:51.214 | INFO     | agents.servers.serverDAE:train_on_clients:65 - 20 clients still training at epoch #155
2025-09-30 20:18:51.232 | INFO     | agents.servers.serverDAE:train_on_clients:22 - Training DAE model epoch #156
2025-09-30 20:18:58.052 | INFO     | agents.servers.serverDAE:train_on_clients:65 - 20 clients still training at epoch #156
2025-09-30 20:18:58.070 | INFO     | agents.servers.serverDAE:train_on_clients:22 - Training DAE model epoch #157
2025-09-30 20:18:58.410 | INFO     | agents.servers.serverDAE:train_on_clients:43 - Client 0 gets new best val_loss at epoch #157: 0.000520
2025-09-30 20:19:03.263 | INFO     | agents.servers.serverDAE:train_on_clients:43 - Client 14 gets new best val_loss at epoch #157: 0.000481
2025-09-30 20:19:05.016 | INFO     | agents.servers.serverDAE:train_on_clients:65 - 20 clients still training at epoch #157
2025-09-30 20:19:05.035 | INFO     | agents.servers.serverDAE:train_on_clients:22 - Training DAE model epoch #158
2025-09-30 20:19:09.195 | INFO     | agents.servers.serverDAE:train_on_clients:43 - Client 11 gets new best val_loss at epoch #158: 0.000604
2025-09-30 20:19:11.584 | INFO     | agents.servers.serverDAE:train_on_clients:43 - Client 18 gets new best val_loss at epoch #158: 0.000543
2025-09-30 20:19:11.930 | INFO     | agents.servers.serverDAE:train_on_clients:65 - 20 clients still training at epoch #158
2025-09-30 20:19:11.948 | INFO     | agents.servers.serverDAE:train_on_clients:22 - Training DAE model epoch #159
2025-09-30 20:19:13.656 | INFO     | agents.servers.serverDAE:train_on_clients:43 - Client 4 gets new best val_loss at epoch #159: 0.000475
2025-09-30 20:19:18.782 | INFO     | agents.servers.serverDAE:train_on_clients:65 - 20 clients still training at epoch #159
2025-09-30 20:19:18.800 | INFO     | agents.servers.serverDAE:train_on_clients:22 - Training DAE model epoch #160
2025-09-30 20:19:19.141 | INFO     | agents.servers.serverDAE:train_on_clients:59 - Saved model for client 0 at epoch 160 -> saved_models/DAE/average/wsn_ds/epoch_160_client_0.pt
2025-09-30 20:19:19.479 | INFO     | agents.servers.serverDAE:train_on_clients:59 - Saved model for client 1 at epoch 160 -> saved_models/DAE/average/wsn_ds/epoch_160_client_1.pt
2025-09-30 20:19:19.821 | INFO     | agents.servers.serverDAE:train_on_clients:59 - Saved model for client 2 at epoch 160 -> saved_models/DAE/average/wsn_ds/epoch_160_client_2.pt
2025-09-30 20:19:20.159 | INFO     | agents.servers.serverDAE:train_on_clients:59 - Saved model for client 3 at epoch 160 -> saved_models/DAE/average/wsn_ds/epoch_160_client_3.pt
2025-09-30 20:19:20.499 | INFO     | agents.servers.serverDAE:train_on_clients:59 - Saved model for client 4 at epoch 160 -> saved_models/DAE/average/wsn_ds/epoch_160_client_4.pt
2025-09-30 20:19:20.842 | INFO     | agents.servers.serverDAE:train_on_clients:59 - Saved model for client 5 at epoch 160 -> saved_models/DAE/average/wsn_ds/epoch_160_client_5.pt
2025-09-30 20:19:21.186 | INFO     | agents.servers.serverDAE:train_on_clients:59 - Saved model for client 6 at epoch 160 -> saved_models/DAE/average/wsn_ds/epoch_160_client_6.pt
2025-09-30 20:19:21.525 | INFO     | agents.servers.serverDAE:train_on_clients:59 - Saved model for client 7 at epoch 160 -> saved_models/DAE/average/wsn_ds/epoch_160_client_7.pt
2025-09-30 20:19:21.869 | INFO     | agents.servers.serverDAE:train_on_clients:59 - Saved model for client 8 at epoch 160 -> saved_models/DAE/average/wsn_ds/epoch_160_client_8.pt
2025-09-30 20:19:22.209 | INFO     | agents.servers.serverDAE:train_on_clients:59 - Saved model for client 9 at epoch 160 -> saved_models/DAE/average/wsn_ds/epoch_160_client_9.pt
2025-09-30 20:19:22.556 | INFO     | agents.servers.serverDAE:train_on_clients:59 - Saved model for client 10 at epoch 160 -> saved_models/DAE/average/wsn_ds/epoch_160_client_10.pt
2025-09-30 20:19:22.900 | INFO     | agents.servers.serverDAE:train_on_clients:59 - Saved model for client 11 at epoch 160 -> saved_models/DAE/average/wsn_ds/epoch_160_client_11.pt
2025-09-30 20:19:23.240 | INFO     | agents.servers.serverDAE:train_on_clients:59 - Saved model for client 12 at epoch 160 -> saved_models/DAE/average/wsn_ds/epoch_160_client_12.pt
2025-09-30 20:19:23.586 | INFO     | agents.servers.serverDAE:train_on_clients:59 - Saved model for client 13 at epoch 160 -> saved_models/DAE/average/wsn_ds/epoch_160_client_13.pt
2025-09-30 20:19:23.927 | INFO     | agents.servers.serverDAE:train_on_clients:59 - Saved model for client 14 at epoch 160 -> saved_models/DAE/average/wsn_ds/epoch_160_client_14.pt
2025-09-30 20:19:24.274 | INFO     | agents.servers.serverDAE:train_on_clients:59 - Saved model for client 15 at epoch 160 -> saved_models/DAE/average/wsn_ds/epoch_160_client_15.pt
2025-09-30 20:19:24.614 | INFO     | agents.servers.serverDAE:train_on_clients:59 - Saved model for client 16 at epoch 160 -> saved_models/DAE/average/wsn_ds/epoch_160_client_16.pt
2025-09-30 20:19:24.955 | INFO     | agents.servers.serverDAE:train_on_clients:43 - Client 17 gets new best val_loss at epoch #160: 0.000620
2025-09-30 20:19:24.956 | INFO     | agents.servers.serverDAE:train_on_clients:59 - Saved model for client 17 at epoch 160 -> saved_models/DAE/average/wsn_ds/epoch_160_client_17.pt
2025-09-30 20:19:25.302 | INFO     | agents.servers.serverDAE:train_on_clients:59 - Saved model for client 18 at epoch 160 -> saved_models/DAE/average/wsn_ds/epoch_160_client_18.pt
2025-09-30 20:19:25.646 | INFO     | agents.servers.serverDAE:train_on_clients:59 - Saved model for client 19 at epoch 160 -> saved_models/DAE/average/wsn_ds/epoch_160_client_19.pt
2025-09-30 20:19:25.650 | INFO     | agents.servers.serverDAE:train_on_clients:65 - 20 clients still training at epoch #160
2025-09-30 20:19:25.668 | INFO     | agents.servers.serverDAE:train_on_clients:22 - Training DAE model epoch #161
2025-09-30 20:19:27.390 | INFO     | agents.servers.serverDAE:train_on_clients:43 - Client 4 gets new best val_loss at epoch #161: 0.000469
2025-09-30 20:19:32.329 | INFO     | agents.servers.serverDAE:train_on_clients:43 - Client 18 gets new best val_loss at epoch #161: 0.000533
2025-09-30 20:19:32.686 | INFO     | agents.servers.serverDAE:train_on_clients:65 - 20 clients still training at epoch #161
2025-09-30 20:19:32.704 | INFO     | agents.servers.serverDAE:train_on_clients:22 - Training DAE model epoch #162
2025-09-30 20:19:34.493 | INFO     | agents.servers.serverDAE:train_on_clients:43 - Client 4 gets new best val_loss at epoch #162: 0.000467
2025-09-30 20:19:39.836 | INFO     | agents.servers.serverDAE:train_on_clients:65 - 20 clients still training at epoch #162
2025-09-30 20:19:39.854 | INFO     | agents.servers.serverDAE:train_on_clients:22 - Training DAE model epoch #163
2025-09-30 20:19:44.743 | INFO     | agents.servers.serverDAE:train_on_clients:43 - Client 13 gets new best val_loss at epoch #163: 0.000503
2025-09-30 20:19:45.442 | INFO     | agents.servers.serverDAE:train_on_clients:43 - Client 15 gets new best val_loss at epoch #163: 0.000550
2025-09-30 20:19:46.860 | INFO     | agents.servers.serverDAE:train_on_clients:65 - 20 clients still training at epoch #163
2025-09-30 20:19:46.877 | INFO     | agents.servers.serverDAE:train_on_clients:22 - Training DAE model epoch #164
2025-09-30 20:19:47.937 | INFO     | agents.servers.serverDAE:train_on_clients:43 - Client 2 gets new best val_loss at epoch #164: 0.000510
2025-09-30 20:19:53.919 | INFO     | agents.servers.serverDAE:train_on_clients:65 - 20 clients still training at epoch #164
2025-09-30 20:19:53.937 | INFO     | agents.servers.serverDAE:train_on_clients:22 - Training DAE model epoch #165
2025-09-30 20:20:00.289 | INFO     | agents.servers.serverDAE:train_on_clients:43 - Client 17 gets new best val_loss at epoch #165: 0.000607
2025-09-30 20:20:00.998 | INFO     | agents.servers.serverDAE:train_on_clients:43 - Client 19 gets new best val_loss at epoch #165: 0.000506
2025-09-30 20:20:01.001 | INFO     | agents.servers.serverDAE:train_on_clients:65 - 20 clients still training at epoch #165
2025-09-30 20:20:01.020 | INFO     | agents.servers.serverDAE:train_on_clients:22 - Training DAE model epoch #166
2025-09-30 20:20:08.054 | INFO     | agents.servers.serverDAE:train_on_clients:65 - 20 clients still training at epoch #166
2025-09-30 20:20:08.072 | INFO     | agents.servers.serverDAE:train_on_clients:22 - Training DAE model epoch #167
2025-09-30 20:20:15.101 | INFO     | agents.servers.serverDAE:train_on_clients:65 - 20 clients still training at epoch #167
2025-09-30 20:20:15.119 | INFO     | agents.servers.serverDAE:train_on_clients:22 - Training DAE model epoch #168
2025-09-30 20:20:22.152 | INFO     | agents.servers.serverDAE:train_on_clients:65 - 20 clients still training at epoch #168
2025-09-30 20:20:22.170 | INFO     | agents.servers.serverDAE:train_on_clients:22 - Training DAE model epoch #169
2025-09-30 20:20:29.199 | INFO     | agents.servers.serverDAE:train_on_clients:65 - 20 clients still training at epoch #169
2025-09-30 20:20:29.217 | INFO     | agents.servers.serverDAE:train_on_clients:22 - Training DAE model epoch #170
2025-09-30 20:20:29.570 | INFO     | agents.servers.serverDAE:train_on_clients:59 - Saved model for client 0 at epoch 170 -> saved_models/DAE/average/wsn_ds/epoch_170_client_0.pt
2025-09-30 20:20:29.922 | INFO     | agents.servers.serverDAE:train_on_clients:59 - Saved model for client 1 at epoch 170 -> saved_models/DAE/average/wsn_ds/epoch_170_client_1.pt
2025-09-30 20:20:30.275 | INFO     | agents.servers.serverDAE:train_on_clients:59 - Saved model for client 2 at epoch 170 -> saved_models/DAE/average/wsn_ds/epoch_170_client_2.pt
2025-09-30 20:20:30.627 | INFO     | agents.servers.serverDAE:train_on_clients:59 - Saved model for client 3 at epoch 170 -> saved_models/DAE/average/wsn_ds/epoch_170_client_3.pt
2025-09-30 20:20:30.982 | INFO     | agents.servers.serverDAE:train_on_clients:59 - Saved model for client 4 at epoch 170 -> saved_models/DAE/average/wsn_ds/epoch_170_client_4.pt
2025-09-30 20:20:31.337 | INFO     | agents.servers.serverDAE:train_on_clients:59 - Saved model for client 5 at epoch 170 -> saved_models/DAE/average/wsn_ds/epoch_170_client_5.pt
2025-09-30 20:20:31.693 | INFO     | agents.servers.serverDAE:train_on_clients:59 - Saved model for client 6 at epoch 170 -> saved_models/DAE/average/wsn_ds/epoch_170_client_6.pt
2025-09-30 20:20:32.042 | INFO     | agents.servers.serverDAE:train_on_clients:59 - Saved model for client 7 at epoch 170 -> saved_models/DAE/average/wsn_ds/epoch_170_client_7.pt
2025-09-30 20:20:32.393 | INFO     | agents.servers.serverDAE:train_on_clients:59 - Saved model for client 8 at epoch 170 -> saved_models/DAE/average/wsn_ds/epoch_170_client_8.pt
2025-09-30 20:20:32.746 | INFO     | agents.servers.serverDAE:train_on_clients:59 - Saved model for client 9 at epoch 170 -> saved_models/DAE/average/wsn_ds/epoch_170_client_9.pt
2025-09-30 20:20:33.099 | INFO     | agents.servers.serverDAE:train_on_clients:59 - Saved model for client 10 at epoch 170 -> saved_models/DAE/average/wsn_ds/epoch_170_client_10.pt
2025-09-30 20:20:33.457 | INFO     | agents.servers.serverDAE:train_on_clients:59 - Saved model for client 11 at epoch 170 -> saved_models/DAE/average/wsn_ds/epoch_170_client_11.pt
2025-09-30 20:20:33.808 | INFO     | agents.servers.serverDAE:train_on_clients:59 - Saved model for client 12 at epoch 170 -> saved_models/DAE/average/wsn_ds/epoch_170_client_12.pt
2025-09-30 20:20:34.163 | INFO     | agents.servers.serverDAE:train_on_clients:59 - Saved model for client 13 at epoch 170 -> saved_models/DAE/average/wsn_ds/epoch_170_client_13.pt
2025-09-30 20:20:34.515 | INFO     | agents.servers.serverDAE:train_on_clients:59 - Saved model for client 14 at epoch 170 -> saved_models/DAE/average/wsn_ds/epoch_170_client_14.pt
2025-09-30 20:20:34.865 | INFO     | agents.servers.serverDAE:train_on_clients:59 - Saved model for client 15 at epoch 170 -> saved_models/DAE/average/wsn_ds/epoch_170_client_15.pt
2025-09-30 20:20:35.219 | INFO     | agents.servers.serverDAE:train_on_clients:59 - Saved model for client 16 at epoch 170 -> saved_models/DAE/average/wsn_ds/epoch_170_client_16.pt
2025-09-30 20:20:35.573 | INFO     | agents.servers.serverDAE:train_on_clients:59 - Saved model for client 17 at epoch 170 -> saved_models/DAE/average/wsn_ds/epoch_170_client_17.pt
2025-09-30 20:20:35.923 | INFO     | agents.servers.serverDAE:train_on_clients:59 - Saved model for client 18 at epoch 170 -> saved_models/DAE/average/wsn_ds/epoch_170_client_18.pt
2025-09-30 20:20:36.276 | INFO     | agents.servers.serverDAE:train_on_clients:59 - Saved model for client 19 at epoch 170 -> saved_models/DAE/average/wsn_ds/epoch_170_client_19.pt
2025-09-30 20:20:36.279 | INFO     | agents.servers.serverDAE:train_on_clients:65 - 20 clients still training at epoch #170
2025-09-30 20:20:36.297 | INFO     | agents.servers.serverDAE:train_on_clients:22 - Training DAE model epoch #171
2025-09-30 20:20:43.383 | INFO     | agents.servers.serverDAE:train_on_clients:65 - 20 clients still training at epoch #171
2025-09-30 20:20:43.401 | INFO     | agents.servers.serverDAE:train_on_clients:22 - Training DAE model epoch #172
2025-09-30 20:20:50.510 | INFO     | agents.servers.serverDAE:train_on_clients:65 - 20 clients still training at epoch #172
2025-09-30 20:20:50.529 | INFO     | agents.servers.serverDAE:train_on_clients:22 - Training DAE model epoch #173
2025-09-30 20:20:57.706 | INFO     | agents.servers.serverDAE:train_on_clients:65 - 20 clients still training at epoch #173
2025-09-30 20:20:57.723 | INFO     | agents.servers.serverDAE:train_on_clients:22 - Training DAE model epoch #174
2025-09-30 20:21:03.797 | INFO     | agents.servers.serverDAE:train_on_clients:43 - Client 16 gets new best val_loss at epoch #174: 0.000485
2025-09-30 20:21:04.862 | INFO     | agents.servers.serverDAE:train_on_clients:65 - 20 clients still training at epoch #174
2025-09-30 20:21:04.880 | INFO     | agents.servers.serverDAE:train_on_clients:22 - Training DAE model epoch #175
2025-09-30 20:21:11.933 | INFO     | agents.servers.serverDAE:train_on_clients:65 - 20 clients still training at epoch #175
2025-09-30 20:21:11.951 | INFO     | agents.servers.serverDAE:train_on_clients:22 - Training DAE model epoch #176
2025-09-30 20:21:13.007 | INFO     | agents.servers.serverDAE:train_on_clients:43 - Client 2 gets new best val_loss at epoch #176: 0.000506
2025-09-30 20:21:14.415 | INFO     | agents.servers.serverDAE:train_on_clients:43 - Client 6 gets new best val_loss at epoch #176: 0.000492
2025-09-30 20:21:16.179 | INFO     | agents.servers.serverDAE:train_on_clients:43 - Client 11 gets new best val_loss at epoch #176: 0.000601
2025-09-30 20:21:18.995 | INFO     | agents.servers.serverDAE:train_on_clients:65 - 20 clients still training at epoch #176
2025-09-30 20:21:19.014 | INFO     | agents.servers.serverDAE:train_on_clients:22 - Training DAE model epoch #177
2025-09-30 20:21:26.029 | INFO     | agents.servers.serverDAE:train_on_clients:65 - 20 clients still training at epoch #177
2025-09-30 20:21:26.047 | INFO     | agents.servers.serverDAE:train_on_clients:22 - Training DAE model epoch #178
2025-09-30 20:21:33.082 | INFO     | agents.servers.serverDAE:train_on_clients:65 - 20 clients still training at epoch #178
2025-09-30 20:21:33.100 | INFO     | agents.servers.serverDAE:train_on_clients:22 - Training DAE model epoch #179
2025-09-30 20:21:40.167 | INFO     | agents.servers.serverDAE:train_on_clients:65 - 20 clients still training at epoch #179
2025-09-30 20:21:40.185 | INFO     | agents.servers.serverDAE:train_on_clients:22 - Training DAE model epoch #180
2025-09-30 20:21:40.536 | INFO     | agents.servers.serverDAE:train_on_clients:59 - Saved model for client 0 at epoch 180 -> saved_models/DAE/average/wsn_ds/epoch_180_client_0.pt
2025-09-30 20:21:40.886 | INFO     | agents.servers.serverDAE:train_on_clients:59 - Saved model for client 1 at epoch 180 -> saved_models/DAE/average/wsn_ds/epoch_180_client_1.pt
2025-09-30 20:21:41.239 | INFO     | agents.servers.serverDAE:train_on_clients:59 - Saved model for client 2 at epoch 180 -> saved_models/DAE/average/wsn_ds/epoch_180_client_2.pt
2025-09-30 20:21:41.591 | INFO     | agents.servers.serverDAE:train_on_clients:59 - Saved model for client 3 at epoch 180 -> saved_models/DAE/average/wsn_ds/epoch_180_client_3.pt
2025-09-30 20:21:41.943 | INFO     | agents.servers.serverDAE:train_on_clients:59 - Saved model for client 4 at epoch 180 -> saved_models/DAE/average/wsn_ds/epoch_180_client_4.pt
2025-09-30 20:21:42.295 | INFO     | agents.servers.serverDAE:train_on_clients:59 - Saved model for client 5 at epoch 180 -> saved_models/DAE/average/wsn_ds/epoch_180_client_5.pt
2025-09-30 20:21:42.648 | INFO     | agents.servers.serverDAE:train_on_clients:59 - Saved model for client 6 at epoch 180 -> saved_models/DAE/average/wsn_ds/epoch_180_client_6.pt
2025-09-30 20:21:42.999 | INFO     | agents.servers.serverDAE:train_on_clients:43 - Client 7 gets new best val_loss at epoch #180: 0.000600
2025-09-30 20:21:43.000 | INFO     | agents.servers.serverDAE:train_on_clients:59 - Saved model for client 7 at epoch 180 -> saved_models/DAE/average/wsn_ds/epoch_180_client_7.pt
2025-09-30 20:21:43.356 | INFO     | agents.servers.serverDAE:train_on_clients:59 - Saved model for client 8 at epoch 180 -> saved_models/DAE/average/wsn_ds/epoch_180_client_8.pt
2025-09-30 20:21:43.703 | INFO     | agents.servers.serverDAE:train_on_clients:59 - Saved model for client 9 at epoch 180 -> saved_models/DAE/average/wsn_ds/epoch_180_client_9.pt
2025-09-30 20:21:44.056 | INFO     | agents.servers.serverDAE:train_on_clients:59 - Saved model for client 10 at epoch 180 -> saved_models/DAE/average/wsn_ds/epoch_180_client_10.pt
2025-09-30 20:21:44.409 | INFO     | agents.servers.serverDAE:train_on_clients:59 - Saved model for client 11 at epoch 180 -> saved_models/DAE/average/wsn_ds/epoch_180_client_11.pt
2025-09-30 20:21:44.756 | INFO     | agents.servers.serverDAE:train_on_clients:59 - Saved model for client 12 at epoch 180 -> saved_models/DAE/average/wsn_ds/epoch_180_client_12.pt
2025-09-30 20:21:45.110 | INFO     | agents.servers.serverDAE:train_on_clients:59 - Saved model for client 13 at epoch 180 -> saved_models/DAE/average/wsn_ds/epoch_180_client_13.pt
2025-09-30 20:21:45.458 | INFO     | agents.servers.serverDAE:train_on_clients:59 - Saved model for client 14 at epoch 180 -> saved_models/DAE/average/wsn_ds/epoch_180_client_14.pt
2025-09-30 20:21:45.813 | INFO     | agents.servers.serverDAE:train_on_clients:59 - Saved model for client 15 at epoch 180 -> saved_models/DAE/average/wsn_ds/epoch_180_client_15.pt
2025-09-30 20:21:46.167 | INFO     | agents.servers.serverDAE:train_on_clients:59 - Saved model for client 16 at epoch 180 -> saved_models/DAE/average/wsn_ds/epoch_180_client_16.pt
2025-09-30 20:21:46.520 | INFO     | agents.servers.serverDAE:train_on_clients:59 - Saved model for client 17 at epoch 180 -> saved_models/DAE/average/wsn_ds/epoch_180_client_17.pt
2025-09-30 20:21:46.876 | INFO     | agents.servers.serverDAE:train_on_clients:59 - Saved model for client 18 at epoch 180 -> saved_models/DAE/average/wsn_ds/epoch_180_client_18.pt
2025-09-30 20:21:47.229 | INFO     | agents.servers.serverDAE:train_on_clients:59 - Saved model for client 19 at epoch 180 -> saved_models/DAE/average/wsn_ds/epoch_180_client_19.pt
2025-09-30 20:21:47.233 | INFO     | agents.servers.serverDAE:train_on_clients:65 - 20 clients still training at epoch #180
2025-09-30 20:21:47.250 | INFO     | agents.servers.serverDAE:train_on_clients:22 - Training DAE model epoch #181
2025-09-30 20:21:54.357 | INFO     | agents.servers.serverDAE:train_on_clients:65 - 20 clients still training at epoch #181
2025-09-30 20:21:54.374 | INFO     | agents.servers.serverDAE:train_on_clients:22 - Training DAE model epoch #182
2025-09-30 20:21:55.073 | INFO     | agents.servers.serverDAE:train_on_clients:43 - Client 1 gets new best val_loss at epoch #182: 0.000558
2025-09-30 20:21:59.338 | INFO     | agents.servers.serverDAE:train_on_clients:43 - Client 13 gets new best val_loss at epoch #182: 0.000500
2025-09-30 20:22:01.482 | INFO     | agents.servers.serverDAE:train_on_clients:65 - 20 clients still training at epoch #182
2025-09-30 20:22:01.500 | INFO     | agents.servers.serverDAE:train_on_clients:22 - Training DAE model epoch #183
2025-09-30 20:22:04.687 | INFO     | agents.servers.serverDAE:train_on_clients:43 - Client 8 gets new best val_loss at epoch #183: 0.000504
2025-09-30 20:22:08.560 | INFO     | agents.servers.serverDAE:train_on_clients:65 - 20 clients still training at epoch #183
2025-09-30 20:22:08.578 | INFO     | agents.servers.serverDAE:train_on_clients:22 - Training DAE model epoch #184
2025-09-30 20:22:13.851 | INFO     | agents.servers.serverDAE:train_on_clients:43 - Client 14 gets new best val_loss at epoch #184: 0.000477
2025-09-30 20:22:15.616 | INFO     | agents.servers.serverDAE:train_on_clients:65 - 20 clients still training at epoch #184
2025-09-30 20:22:15.634 | INFO     | agents.servers.serverDAE:train_on_clients:22 - Training DAE model epoch #185
2025-09-30 20:22:22.694 | INFO     | agents.servers.serverDAE:train_on_clients:65 - 20 clients still training at epoch #185
2025-09-30 20:22:22.712 | INFO     | agents.servers.serverDAE:train_on_clients:22 - Training DAE model epoch #186
2025-09-30 20:22:26.629 | INFO     | agents.servers.serverDAE:train_on_clients:43 - Client 10 gets new best val_loss at epoch #186: 0.000494
2025-09-30 20:22:29.818 | INFO     | agents.servers.serverDAE:train_on_clients:65 - 20 clients still training at epoch #186
2025-09-30 20:22:29.836 | INFO     | agents.servers.serverDAE:train_on_clients:22 - Training DAE model epoch #187
2025-09-30 20:22:30.190 | INFO     | agents.servers.serverDAE:train_on_clients:43 - Client 0 gets new best val_loss at epoch #187: 0.000519
2025-09-30 20:22:30.543 | INFO     | agents.servers.serverDAE:train_on_clients:43 - Client 1 gets new best val_loss at epoch #187: 0.000557
2025-09-30 20:22:36.957 | INFO     | agents.servers.serverDAE:train_on_clients:65 - 20 clients still training at epoch #187
2025-09-30 20:22:36.975 | INFO     | agents.servers.serverDAE:train_on_clients:22 - Training DAE model epoch #188
2025-09-30 20:22:44.093 | INFO     | agents.servers.serverDAE:train_on_clients:65 - 20 clients still training at epoch #188
2025-09-30 20:22:44.111 | INFO     | agents.servers.serverDAE:train_on_clients:22 - Training DAE model epoch #189
2025-09-30 20:22:51.179 | INFO     | agents.servers.serverDAE:train_on_clients:65 - 20 clients still training at epoch #189
2025-09-30 20:22:51.197 | INFO     | agents.servers.serverDAE:train_on_clients:22 - Training DAE model epoch #190
2025-09-30 20:22:51.564 | INFO     | agents.servers.serverDAE:train_on_clients:59 - Saved model for client 0 at epoch 190 -> saved_models/DAE/average/wsn_ds/epoch_190_client_0.pt
2025-09-30 20:22:51.921 | INFO     | agents.servers.serverDAE:train_on_clients:43 - Client 1 gets new best val_loss at epoch #190: 0.000556
2025-09-30 20:22:51.922 | INFO     | agents.servers.serverDAE:train_on_clients:59 - Saved model for client 1 at epoch 190 -> saved_models/DAE/average/wsn_ds/epoch_190_client_1.pt
2025-09-30 20:22:52.269 | INFO     | agents.servers.serverDAE:train_on_clients:59 - Saved model for client 2 at epoch 190 -> saved_models/DAE/average/wsn_ds/epoch_190_client_2.pt
2025-09-30 20:22:52.613 | INFO     | agents.servers.serverDAE:train_on_clients:59 - Saved model for client 3 at epoch 190 -> saved_models/DAE/average/wsn_ds/epoch_190_client_3.pt
2025-09-30 20:22:52.955 | INFO     | agents.servers.serverDAE:train_on_clients:59 - Saved model for client 4 at epoch 190 -> saved_models/DAE/average/wsn_ds/epoch_190_client_4.pt
2025-09-30 20:22:53.303 | INFO     | agents.servers.serverDAE:train_on_clients:59 - Saved model for client 5 at epoch 190 -> saved_models/DAE/average/wsn_ds/epoch_190_client_5.pt
2025-09-30 20:22:53.641 | INFO     | agents.servers.serverDAE:train_on_clients:59 - Saved model for client 6 at epoch 190 -> saved_models/DAE/average/wsn_ds/epoch_190_client_6.pt
2025-09-30 20:22:53.985 | INFO     | agents.servers.serverDAE:train_on_clients:59 - Saved model for client 7 at epoch 190 -> saved_models/DAE/average/wsn_ds/epoch_190_client_7.pt
2025-09-30 20:22:54.333 | INFO     | agents.servers.serverDAE:train_on_clients:59 - Saved model for client 8 at epoch 190 -> saved_models/DAE/average/wsn_ds/epoch_190_client_8.pt
2025-09-30 20:22:54.670 | INFO     | agents.servers.serverDAE:train_on_clients:59 - Saved model for client 9 at epoch 190 -> saved_models/DAE/average/wsn_ds/epoch_190_client_9.pt
2025-09-30 20:22:55.018 | INFO     | agents.servers.serverDAE:train_on_clients:43 - Client 10 gets new best val_loss at epoch #190: 0.000488
2025-09-30 20:22:55.019 | INFO     | agents.servers.serverDAE:train_on_clients:59 - Saved model for client 10 at epoch 190 -> saved_models/DAE/average/wsn_ds/epoch_190_client_10.pt
2025-09-30 20:22:55.373 | INFO     | agents.servers.serverDAE:train_on_clients:59 - Saved model for client 11 at epoch 190 -> saved_models/DAE/average/wsn_ds/epoch_190_client_11.pt
2025-09-30 20:22:55.730 | INFO     | agents.servers.serverDAE:train_on_clients:59 - Saved model for client 12 at epoch 190 -> saved_models/DAE/average/wsn_ds/epoch_190_client_12.pt
2025-09-30 20:22:56.088 | INFO     | agents.servers.serverDAE:train_on_clients:59 - Saved model for client 13 at epoch 190 -> saved_models/DAE/average/wsn_ds/epoch_190_client_13.pt
2025-09-30 20:22:56.439 | INFO     | agents.servers.serverDAE:train_on_clients:59 - Saved model for client 14 at epoch 190 -> saved_models/DAE/average/wsn_ds/epoch_190_client_14.pt
2025-09-30 20:22:56.791 | INFO     | agents.servers.serverDAE:train_on_clients:59 - Saved model for client 15 at epoch 190 -> saved_models/DAE/average/wsn_ds/epoch_190_client_15.pt
2025-09-30 20:22:57.151 | INFO     | agents.servers.serverDAE:train_on_clients:59 - Saved model for client 16 at epoch 190 -> saved_models/DAE/average/wsn_ds/epoch_190_client_16.pt
2025-09-30 20:22:57.510 | INFO     | agents.servers.serverDAE:train_on_clients:59 - Saved model for client 17 at epoch 190 -> saved_models/DAE/average/wsn_ds/epoch_190_client_17.pt
2025-09-30 20:22:57.863 | INFO     | agents.servers.serverDAE:train_on_clients:43 - Client 18 gets new best val_loss at epoch #190: 0.000527
2025-09-30 20:22:57.865 | INFO     | agents.servers.serverDAE:train_on_clients:59 - Saved model for client 18 at epoch 190 -> saved_models/DAE/average/wsn_ds/epoch_190_client_18.pt
2025-09-30 20:22:58.243 | INFO     | agents.servers.serverDAE:train_on_clients:59 - Saved model for client 19 at epoch 190 -> saved_models/DAE/average/wsn_ds/epoch_190_client_19.pt
2025-09-30 20:22:58.247 | INFO     | agents.servers.serverDAE:train_on_clients:65 - 20 clients still training at epoch #190
2025-09-30 20:22:58.265 | INFO     | agents.servers.serverDAE:train_on_clients:22 - Training DAE model epoch #191
2025-09-30 20:23:05.422 | INFO     | agents.servers.serverDAE:train_on_clients:65 - 20 clients still training at epoch #191
2025-09-30 20:23:05.440 | INFO     | agents.servers.serverDAE:train_on_clients:22 - Training DAE model epoch #192
2025-09-30 20:23:12.476 | INFO     | agents.servers.serverDAE:train_on_clients:65 - 20 clients still training at epoch #192
2025-09-30 20:23:12.495 | INFO     | agents.servers.serverDAE:train_on_clients:22 - Training DAE model epoch #193
2025-09-30 20:23:19.594 | INFO     | agents.servers.serverDAE:train_on_clients:65 - 20 clients still training at epoch #193
2025-09-30 20:23:19.612 | INFO     | agents.servers.serverDAE:train_on_clients:22 - Training DAE model epoch #194
2025-09-30 20:23:26.613 | INFO     | agents.servers.serverDAE:train_on_clients:65 - 20 clients still training at epoch #194
2025-09-30 20:23:26.632 | INFO     | agents.servers.serverDAE:train_on_clients:22 - Training DAE model epoch #195
2025-09-30 20:23:31.251 | INFO     | agents.servers.serverDAE:train_on_clients:43 - Client 12 gets new best val_loss at epoch #195: 0.000570
2025-09-30 20:23:33.025 | INFO     | agents.servers.serverDAE:train_on_clients:43 - Client 17 gets new best val_loss at epoch #195: 0.000599
2025-09-30 20:23:33.736 | INFO     | agents.servers.serverDAE:train_on_clients:65 - 20 clients still training at epoch #195
2025-09-30 20:23:33.754 | INFO     | agents.servers.serverDAE:train_on_clients:22 - Training DAE model epoch #196
2025-09-30 20:23:40.837 | INFO     | agents.servers.serverDAE:train_on_clients:65 - 20 clients still training at epoch #196
2025-09-30 20:23:40.856 | INFO     | agents.servers.serverDAE:train_on_clients:22 - Training DAE model epoch #197
2025-09-30 20:23:47.944 | INFO     | agents.servers.serverDAE:train_on_clients:65 - 20 clients still training at epoch #197
2025-09-30 20:23:47.962 | INFO     | agents.servers.serverDAE:train_on_clients:22 - Training DAE model epoch #198
2025-09-30 20:23:55.045 | INFO     | agents.servers.serverDAE:train_on_clients:65 - 20 clients still training at epoch #198
2025-09-30 20:23:55.063 | INFO     | agents.servers.serverDAE:train_on_clients:22 - Training DAE model epoch #199
2025-09-30 20:23:55.769 | INFO     | agents.servers.serverDAE:train_on_clients:43 - Client 1 gets new best val_loss at epoch #199: 0.000553
2025-09-30 20:24:01.428 | INFO     | agents.servers.serverDAE:train_on_clients:43 - Client 17 gets new best val_loss at epoch #199: 0.000598
2025-09-30 20:24:02.144 | INFO     | agents.servers.serverDAE:train_on_clients:65 - 20 clients still training at epoch #199
2025-09-30 20:24:02.162 | INFO     | agents.servers.serverDAE:train_on_clients:22 - Training DAE model epoch #200
2025-09-30 20:24:02.516 | INFO     | agents.servers.serverDAE:train_on_clients:59 - Saved model for client 0 at epoch 200 -> saved_models/DAE/average/wsn_ds/epoch_200_client_0.pt
2025-09-30 20:24:02.872 | INFO     | agents.servers.serverDAE:train_on_clients:59 - Saved model for client 1 at epoch 200 -> saved_models/DAE/average/wsn_ds/epoch_200_client_1.pt
2025-09-30 20:24:03.233 | INFO     | agents.servers.serverDAE:train_on_clients:59 - Saved model for client 2 at epoch 200 -> saved_models/DAE/average/wsn_ds/epoch_200_client_2.pt
2025-09-30 20:24:03.586 | INFO     | agents.servers.serverDAE:train_on_clients:59 - Saved model for client 3 at epoch 200 -> saved_models/DAE/average/wsn_ds/epoch_200_client_3.pt
2025-09-30 20:24:03.951 | INFO     | agents.servers.serverDAE:train_on_clients:43 - Client 4 gets new best val_loss at epoch #200: 0.000461
2025-09-30 20:24:03.952 | INFO     | agents.servers.serverDAE:train_on_clients:59 - Saved model for client 4 at epoch 200 -> saved_models/DAE/average/wsn_ds/epoch_200_client_4.pt
2025-09-30 20:24:04.316 | INFO     | agents.servers.serverDAE:train_on_clients:59 - Saved model for client 5 at epoch 200 -> saved_models/DAE/average/wsn_ds/epoch_200_client_5.pt
2025-09-30 20:24:04.695 | INFO     | agents.servers.serverDAE:train_on_clients:59 - Saved model for client 6 at epoch 200 -> saved_models/DAE/average/wsn_ds/epoch_200_client_6.pt
2025-09-30 20:24:05.053 | INFO     | agents.servers.serverDAE:train_on_clients:59 - Saved model for client 7 at epoch 200 -> saved_models/DAE/average/wsn_ds/epoch_200_client_7.pt
2025-09-30 20:24:05.409 | INFO     | agents.servers.serverDAE:train_on_clients:59 - Saved model for client 8 at epoch 200 -> saved_models/DAE/average/wsn_ds/epoch_200_client_8.pt
2025-09-30 20:24:05.766 | INFO     | agents.servers.serverDAE:train_on_clients:59 - Saved model for client 9 at epoch 200 -> saved_models/DAE/average/wsn_ds/epoch_200_client_9.pt
2025-09-30 20:24:06.147 | INFO     | agents.servers.serverDAE:train_on_clients:59 - Saved model for client 10 at epoch 200 -> saved_models/DAE/average/wsn_ds/epoch_200_client_10.pt
2025-09-30 20:24:06.498 | INFO     | agents.servers.serverDAE:train_on_clients:43 - Client 11 gets new best val_loss at epoch #200: 0.000598
2025-09-30 20:24:06.499 | INFO     | agents.servers.serverDAE:train_on_clients:59 - Saved model for client 11 at epoch 200 -> saved_models/DAE/average/wsn_ds/epoch_200_client_11.pt
2025-09-30 20:24:06.854 | INFO     | agents.servers.serverDAE:train_on_clients:43 - Client 12 gets new best val_loss at epoch #200: 0.000569
2025-09-30 20:24:06.855 | INFO     | agents.servers.serverDAE:train_on_clients:59 - Saved model for client 12 at epoch 200 -> saved_models/DAE/average/wsn_ds/epoch_200_client_12.pt
2025-09-30 20:24:07.220 | INFO     | agents.servers.serverDAE:train_on_clients:59 - Saved model for client 13 at epoch 200 -> saved_models/DAE/average/wsn_ds/epoch_200_client_13.pt
2025-09-30 20:24:07.577 | INFO     | agents.servers.serverDAE:train_on_clients:43 - Client 14 gets new best val_loss at epoch #200: 0.000467
2025-09-30 20:24:07.579 | INFO     | agents.servers.serverDAE:train_on_clients:59 - Saved model for client 14 at epoch 200 -> saved_models/DAE/average/wsn_ds/epoch_200_client_14.pt
2025-09-30 20:24:07.940 | INFO     | agents.servers.serverDAE:train_on_clients:43 - Client 15 gets new best val_loss at epoch #200: 0.000548
2025-09-30 20:24:07.941 | INFO     | agents.servers.serverDAE:train_on_clients:59 - Saved model for client 15 at epoch 200 -> saved_models/DAE/average/wsn_ds/epoch_200_client_15.pt
2025-09-30 20:24:08.299 | INFO     | agents.servers.serverDAE:train_on_clients:59 - Saved model for client 16 at epoch 200 -> saved_models/DAE/average/wsn_ds/epoch_200_client_16.pt
2025-09-30 20:24:08.658 | INFO     | agents.servers.serverDAE:train_on_clients:59 - Saved model for client 17 at epoch 200 -> saved_models/DAE/average/wsn_ds/epoch_200_client_17.pt
2025-09-30 20:24:09.023 | INFO     | agents.servers.serverDAE:train_on_clients:59 - Saved model for client 18 at epoch 200 -> saved_models/DAE/average/wsn_ds/epoch_200_client_18.pt
2025-09-30 20:24:09.383 | INFO     | agents.servers.serverDAE:train_on_clients:59 - Saved model for client 19 at epoch 200 -> saved_models/DAE/average/wsn_ds/epoch_200_client_19.pt
2025-09-30 20:24:09.387 | INFO     | agents.servers.serverDAE:train_on_clients:65 - 20 clients still training at epoch #200
2025-09-30 20:24:09.406 | INFO     | agents.servers.serverDAE:train_on_clients:22 - Training DAE model epoch #201
2025-09-30 20:24:10.491 | INFO     | agents.servers.serverDAE:train_on_clients:43 - Client 2 gets new best val_loss at epoch #201: 0.000504
2025-09-30 20:24:14.055 | INFO     | agents.servers.serverDAE:train_on_clients:43 - Client 12 gets new best val_loss at epoch #201: 0.000552
2025-09-30 20:24:15.122 | INFO     | agents.servers.serverDAE:train_on_clients:43 - Client 15 gets new best val_loss at epoch #201: 0.000533
2025-09-30 20:24:16.543 | INFO     | agents.servers.serverDAE:train_on_clients:65 - 20 clients still training at epoch #201
2025-09-30 20:24:16.561 | INFO     | agents.servers.serverDAE:train_on_clients:22 - Training DAE model epoch #202
2025-09-30 20:24:23.725 | INFO     | agents.servers.serverDAE:train_on_clients:65 - 20 clients still training at epoch #202
2025-09-30 20:24:23.743 | INFO     | agents.servers.serverDAE:train_on_clients:22 - Training DAE model epoch #203
2025-09-30 20:24:25.903 | INFO     | agents.servers.serverDAE:train_on_clients:43 - Client 5 gets new best val_loss at epoch #203: 0.000619
2025-09-30 20:24:29.815 | INFO     | agents.servers.serverDAE:train_on_clients:43 - Client 16 gets new best val_loss at epoch #203: 0.000474
2025-09-30 20:24:30.170 | INFO     | agents.servers.serverDAE:train_on_clients:43 - Client 17 gets new best val_loss at epoch #203: 0.000596
2025-09-30 20:24:30.884 | INFO     | agents.servers.serverDAE:train_on_clients:65 - 20 clients still training at epoch #203
2025-09-30 20:24:30.902 | INFO     | agents.servers.serverDAE:train_on_clients:22 - Training DAE model epoch #204
2025-09-30 20:24:37.973 | INFO     | agents.servers.serverDAE:train_on_clients:65 - 20 clients still training at epoch #204
2025-09-30 20:24:37.991 | INFO     | agents.servers.serverDAE:train_on_clients:22 - Training DAE model epoch #205
2025-09-30 20:24:45.070 | INFO     | agents.servers.serverDAE:train_on_clients:65 - 20 clients still training at epoch #205
2025-09-30 20:24:45.088 | INFO     | agents.servers.serverDAE:train_on_clients:22 - Training DAE model epoch #206
2025-09-30 20:24:51.805 | INFO     | agents.servers.serverDAE:train_on_clients:43 - Client 18 gets new best val_loss at epoch #206: 0.000521
2025-09-30 20:24:52.173 | INFO     | agents.servers.serverDAE:train_on_clients:65 - 20 clients still training at epoch #206
2025-09-30 20:24:52.191 | INFO     | agents.servers.serverDAE:train_on_clients:22 - Training DAE model epoch #207
2025-09-30 20:24:59.233 | INFO     | agents.servers.serverDAE:train_on_clients:65 - 20 clients still training at epoch #207
2025-09-30 20:24:59.251 | INFO     | agents.servers.serverDAE:train_on_clients:22 - Training DAE model epoch #208
2025-09-30 20:25:02.073 | INFO     | agents.servers.serverDAE:train_on_clients:43 - Client 7 gets new best val_loss at epoch #208: 0.000596
2025-09-30 20:25:06.199 | INFO     | agents.servers.serverDAE:train_on_clients:65 - 20 clients still training at epoch #208
2025-09-30 20:25:06.217 | INFO     | agents.servers.serverDAE:train_on_clients:22 - Training DAE model epoch #209
2025-09-30 20:25:07.933 | INFO     | agents.servers.serverDAE:train_on_clients:43 - Client 4 gets new best val_loss at epoch #209: 0.000450
2025-09-30 20:25:13.224 | INFO     | agents.servers.serverDAE:train_on_clients:65 - 20 clients still training at epoch #209
2025-09-30 20:25:13.242 | INFO     | agents.servers.serverDAE:train_on_clients:22 - Training DAE model epoch #210
2025-09-30 20:25:13.599 | INFO     | agents.servers.serverDAE:train_on_clients:59 - Saved model for client 0 at epoch 210 -> saved_models/DAE/average/wsn_ds/epoch_210_client_0.pt
2025-09-30 20:25:13.969 | INFO     | agents.servers.serverDAE:train_on_clients:43 - Client 1 gets new best val_loss at epoch #210: 0.000548
2025-09-30 20:25:13.971 | INFO     | agents.servers.serverDAE:train_on_clients:59 - Saved model for client 1 at epoch 210 -> saved_models/DAE/average/wsn_ds/epoch_210_client_1.pt
2025-09-30 20:25:14.325 | INFO     | agents.servers.serverDAE:train_on_clients:59 - Saved model for client 2 at epoch 210 -> saved_models/DAE/average/wsn_ds/epoch_210_client_2.pt
2025-09-30 20:25:14.678 | INFO     | agents.servers.serverDAE:train_on_clients:59 - Saved model for client 3 at epoch 210 -> saved_models/DAE/average/wsn_ds/epoch_210_client_3.pt
2025-09-30 20:25:15.031 | INFO     | agents.servers.serverDAE:train_on_clients:59 - Saved model for client 4 at epoch 210 -> saved_models/DAE/average/wsn_ds/epoch_210_client_4.pt
2025-09-30 20:25:15.391 | INFO     | agents.servers.serverDAE:train_on_clients:59 - Saved model for client 5 at epoch 210 -> saved_models/DAE/average/wsn_ds/epoch_210_client_5.pt
2025-09-30 20:25:15.749 | INFO     | agents.servers.serverDAE:train_on_clients:59 - Saved model for client 6 at epoch 210 -> saved_models/DAE/average/wsn_ds/epoch_210_client_6.pt
2025-09-30 20:25:16.103 | INFO     | agents.servers.serverDAE:train_on_clients:59 - Saved model for client 7 at epoch 210 -> saved_models/DAE/average/wsn_ds/epoch_210_client_7.pt
2025-09-30 20:25:16.457 | INFO     | agents.servers.serverDAE:train_on_clients:59 - Saved model for client 8 at epoch 210 -> saved_models/DAE/average/wsn_ds/epoch_210_client_8.pt
2025-09-30 20:25:16.806 | INFO     | agents.servers.serverDAE:train_on_clients:59 - Saved model for client 9 at epoch 210 -> saved_models/DAE/average/wsn_ds/epoch_210_client_9.pt
2025-09-30 20:25:17.163 | INFO     | agents.servers.serverDAE:train_on_clients:59 - Saved model for client 10 at epoch 210 -> saved_models/DAE/average/wsn_ds/epoch_210_client_10.pt
2025-09-30 20:25:17.516 | INFO     | agents.servers.serverDAE:train_on_clients:59 - Saved model for client 11 at epoch 210 -> saved_models/DAE/average/wsn_ds/epoch_210_client_11.pt
2025-09-30 20:25:17.872 | INFO     | agents.servers.serverDAE:train_on_clients:59 - Saved model for client 12 at epoch 210 -> saved_models/DAE/average/wsn_ds/epoch_210_client_12.pt
2025-09-30 20:25:18.226 | INFO     | agents.servers.serverDAE:train_on_clients:59 - Saved model for client 13 at epoch 210 -> saved_models/DAE/average/wsn_ds/epoch_210_client_13.pt
2025-09-30 20:25:18.582 | INFO     | agents.servers.serverDAE:train_on_clients:59 - Saved model for client 14 at epoch 210 -> saved_models/DAE/average/wsn_ds/epoch_210_client_14.pt
2025-09-30 20:25:18.939 | INFO     | agents.servers.serverDAE:train_on_clients:59 - Saved model for client 15 at epoch 210 -> saved_models/DAE/average/wsn_ds/epoch_210_client_15.pt
2025-09-30 20:25:19.293 | INFO     | agents.servers.serverDAE:train_on_clients:59 - Saved model for client 16 at epoch 210 -> saved_models/DAE/average/wsn_ds/epoch_210_client_16.pt
2025-09-30 20:25:19.652 | INFO     | agents.servers.serverDAE:train_on_clients:59 - Saved model for client 17 at epoch 210 -> saved_models/DAE/average/wsn_ds/epoch_210_client_17.pt
2025-09-30 20:25:20.006 | INFO     | agents.servers.serverDAE:train_on_clients:59 - Saved model for client 18 at epoch 210 -> saved_models/DAE/average/wsn_ds/epoch_210_client_18.pt
2025-09-30 20:25:20.356 | INFO     | agents.servers.serverDAE:train_on_clients:59 - Saved model for client 19 at epoch 210 -> saved_models/DAE/average/wsn_ds/epoch_210_client_19.pt
2025-09-30 20:25:20.360 | INFO     | agents.servers.serverDAE:train_on_clients:65 - 20 clients still training at epoch #210
2025-09-30 20:25:20.378 | INFO     | agents.servers.serverDAE:train_on_clients:22 - Training DAE model epoch #211
2025-09-30 20:25:27.477 | INFO     | agents.servers.serverDAE:train_on_clients:65 - 20 clients still training at epoch #211
2025-09-30 20:25:27.495 | INFO     | agents.servers.serverDAE:train_on_clients:22 - Training DAE model epoch #212
2025-09-30 20:25:29.620 | INFO     | agents.servers.serverDAE:train_on_clients:43 - Client 5 gets new best val_loss at epoch #212: 0.000606
2025-09-30 20:25:31.385 | INFO     | agents.servers.serverDAE:train_on_clients:43 - Client 10 gets new best val_loss at epoch #212: 0.000487
2025-09-30 20:25:32.447 | INFO     | agents.servers.serverDAE:train_on_clients:43 - Client 13 gets new best val_loss at epoch #212: 0.000493
2025-09-30 20:25:33.855 | INFO     | agents.servers.serverDAE:train_on_clients:43 - Client 17 gets new best val_loss at epoch #212: 0.000586
2025-09-30 20:25:34.560 | INFO     | agents.servers.serverDAE:train_on_clients:65 - 20 clients still training at epoch #212
2025-09-30 20:25:34.578 | INFO     | agents.servers.serverDAE:train_on_clients:22 - Training DAE model epoch #213
2025-09-30 20:25:35.639 | INFO     | agents.servers.serverDAE:train_on_clients:43 - Client 2 gets new best val_loss at epoch #213: 0.000498
2025-09-30 20:25:41.657 | INFO     | agents.servers.serverDAE:train_on_clients:65 - 20 clients still training at epoch #213
2025-09-30 20:25:41.675 | INFO     | agents.servers.serverDAE:train_on_clients:22 - Training DAE model epoch #214
2025-09-30 20:25:48.030 | INFO     | agents.servers.serverDAE:train_on_clients:43 - Client 17 gets new best val_loss at epoch #214: 0.000570
2025-09-30 20:25:48.740 | INFO     | agents.servers.serverDAE:train_on_clients:65 - 20 clients still training at epoch #214
2025-09-30 20:25:48.758 | INFO     | agents.servers.serverDAE:train_on_clients:22 - Training DAE model epoch #215
2025-09-30 20:25:53.005 | INFO     | agents.servers.serverDAE:train_on_clients:43 - Client 11 gets new best val_loss at epoch #215: 0.000583
2025-09-30 20:25:54.067 | INFO     | agents.servers.serverDAE:train_on_clients:43 - Client 14 gets new best val_loss at epoch #215: 0.000466
2025-09-30 20:25:54.770 | INFO     | agents.servers.serverDAE:train_on_clients:43 - Client 16 gets new best val_loss at epoch #215: 0.000469
2025-09-30 20:25:55.833 | INFO     | agents.servers.serverDAE:train_on_clients:65 - 20 clients still training at epoch #215
2025-09-30 20:25:55.851 | INFO     | agents.servers.serverDAE:train_on_clients:22 - Training DAE model epoch #216
2025-09-30 20:25:59.033 | INFO     | agents.servers.serverDAE:train_on_clients:43 - Client 8 gets new best val_loss at epoch #216: 0.000497
2025-09-30 20:25:59.387 | INFO     | agents.servers.serverDAE:train_on_clients:43 - Client 9 gets new best val_loss at epoch #216: 0.000567
2025-09-30 20:26:02.903 | INFO     | agents.servers.serverDAE:train_on_clients:65 - 20 clients still training at epoch #216
2025-09-30 20:26:02.921 | INFO     | agents.servers.serverDAE:train_on_clients:22 - Training DAE model epoch #217
2025-09-30 20:26:05.029 | INFO     | agents.servers.serverDAE:train_on_clients:43 - Client 5 gets new best val_loss at epoch #217: 0.000598
2025-09-30 20:26:06.785 | INFO     | agents.servers.serverDAE:train_on_clients:43 - Client 10 gets new best val_loss at epoch #217: 0.000481
2025-09-30 20:26:09.606 | INFO     | agents.servers.serverDAE:train_on_clients:43 - Client 18 gets new best val_loss at epoch #217: 0.000512
2025-09-30 20:26:09.961 | INFO     | agents.servers.serverDAE:train_on_clients:65 - 20 clients still training at epoch #217
2025-09-30 20:26:09.979 | INFO     | agents.servers.serverDAE:train_on_clients:22 - Training DAE model epoch #218
2025-09-30 20:26:12.445 | INFO     | agents.servers.serverDAE:train_on_clients:43 - Client 6 gets new best val_loss at epoch #218: 0.000486
2025-09-30 20:26:17.028 | INFO     | agents.servers.serverDAE:train_on_clients:65 - 20 clients still training at epoch #218
2025-09-30 20:26:17.047 | INFO     | agents.servers.serverDAE:train_on_clients:22 - Training DAE model epoch #219
2025-09-30 20:26:24.212 | INFO     | agents.servers.serverDAE:train_on_clients:65 - 20 clients still training at epoch #219
2025-09-30 20:26:24.229 | INFO     | agents.servers.serverDAE:train_on_clients:22 - Training DAE model epoch #220
2025-09-30 20:26:24.579 | INFO     | agents.servers.serverDAE:train_on_clients:59 - Saved model for client 0 at epoch 220 -> saved_models/DAE/average/wsn_ds/epoch_220_client_0.pt
2025-09-30 20:26:24.933 | INFO     | agents.servers.serverDAE:train_on_clients:43 - Client 1 gets new best val_loss at epoch #220: 0.000536
2025-09-30 20:26:24.935 | INFO     | agents.servers.serverDAE:train_on_clients:59 - Saved model for client 1 at epoch 220 -> saved_models/DAE/average/wsn_ds/epoch_220_client_1.pt
2025-09-30 20:26:25.292 | INFO     | agents.servers.serverDAE:train_on_clients:59 - Saved model for client 2 at epoch 220 -> saved_models/DAE/average/wsn_ds/epoch_220_client_2.pt
2025-09-30 20:26:25.643 | INFO     | agents.servers.serverDAE:train_on_clients:59 - Saved model for client 3 at epoch 220 -> saved_models/DAE/average/wsn_ds/epoch_220_client_3.pt
2025-09-30 20:26:26.000 | INFO     | agents.servers.serverDAE:train_on_clients:59 - Saved model for client 4 at epoch 220 -> saved_models/DAE/average/wsn_ds/epoch_220_client_4.pt
2025-09-30 20:26:26.350 | INFO     | agents.servers.serverDAE:train_on_clients:59 - Saved model for client 5 at epoch 220 -> saved_models/DAE/average/wsn_ds/epoch_220_client_5.pt
2025-09-30 20:26:26.706 | INFO     | agents.servers.serverDAE:train_on_clients:59 - Saved model for client 6 at epoch 220 -> saved_models/DAE/average/wsn_ds/epoch_220_client_6.pt
2025-09-30 20:26:27.053 | INFO     | agents.servers.serverDAE:train_on_clients:59 - Saved model for client 7 at epoch 220 -> saved_models/DAE/average/wsn_ds/epoch_220_client_7.pt
2025-09-30 20:26:27.409 | INFO     | agents.servers.serverDAE:train_on_clients:59 - Saved model for client 8 at epoch 220 -> saved_models/DAE/average/wsn_ds/epoch_220_client_8.pt
2025-09-30 20:26:27.763 | INFO     | agents.servers.serverDAE:train_on_clients:59 - Saved model for client 9 at epoch 220 -> saved_models/DAE/average/wsn_ds/epoch_220_client_9.pt
2025-09-30 20:26:28.110 | INFO     | agents.servers.serverDAE:train_on_clients:59 - Saved model for client 10 at epoch 220 -> saved_models/DAE/average/wsn_ds/epoch_220_client_10.pt
2025-09-30 20:26:28.471 | INFO     | agents.servers.serverDAE:train_on_clients:59 - Saved model for client 11 at epoch 220 -> saved_models/DAE/average/wsn_ds/epoch_220_client_11.pt
2025-09-30 20:26:28.820 | INFO     | agents.servers.serverDAE:train_on_clients:59 - Saved model for client 12 at epoch 220 -> saved_models/DAE/average/wsn_ds/epoch_220_client_12.pt
2025-09-30 20:26:29.177 | INFO     | agents.servers.serverDAE:train_on_clients:59 - Saved model for client 13 at epoch 220 -> saved_models/DAE/average/wsn_ds/epoch_220_client_13.pt
2025-09-30 20:26:29.539 | INFO     | agents.servers.serverDAE:train_on_clients:59 - Saved model for client 14 at epoch 220 -> saved_models/DAE/average/wsn_ds/epoch_220_client_14.pt
2025-09-30 20:26:29.902 | INFO     | agents.servers.serverDAE:train_on_clients:59 - Saved model for client 15 at epoch 220 -> saved_models/DAE/average/wsn_ds/epoch_220_client_15.pt
2025-09-30 20:26:30.262 | INFO     | agents.servers.serverDAE:train_on_clients:59 - Saved model for client 16 at epoch 220 -> saved_models/DAE/average/wsn_ds/epoch_220_client_16.pt
2025-09-30 20:26:30.617 | INFO     | agents.servers.serverDAE:train_on_clients:59 - Saved model for client 17 at epoch 220 -> saved_models/DAE/average/wsn_ds/epoch_220_client_17.pt
2025-09-30 20:26:30.979 | INFO     | agents.servers.serverDAE:train_on_clients:59 - Saved model for client 18 at epoch 220 -> saved_models/DAE/average/wsn_ds/epoch_220_client_18.pt
2025-09-30 20:26:31.338 | INFO     | agents.servers.serverDAE:train_on_clients:59 - Saved model for client 19 at epoch 220 -> saved_models/DAE/average/wsn_ds/epoch_220_client_19.pt
2025-09-30 20:26:31.342 | INFO     | agents.servers.serverDAE:train_on_clients:65 - 20 clients still training at epoch #220
2025-09-30 20:26:31.360 | INFO     | agents.servers.serverDAE:train_on_clients:22 - Training DAE model epoch #221
2025-09-30 20:26:38.472 | INFO     | agents.servers.serverDAE:train_on_clients:65 - 20 clients still training at epoch #221
2025-09-30 20:26:38.490 | INFO     | agents.servers.serverDAE:train_on_clients:22 - Training DAE model epoch #222
2025-09-30 20:26:45.544 | INFO     | agents.servers.serverDAE:train_on_clients:65 - 20 clients still training at epoch #222
2025-09-30 20:26:45.563 | INFO     | agents.servers.serverDAE:train_on_clients:22 - Training DAE model epoch #223
2025-09-30 20:26:48.384 | INFO     | agents.servers.serverDAE:train_on_clients:43 - Client 7 gets new best val_loss at epoch #223: 0.000579
2025-09-30 20:26:52.637 | INFO     | agents.servers.serverDAE:train_on_clients:65 - 20 clients still training at epoch #223
2025-09-30 20:26:52.655 | INFO     | agents.servers.serverDAE:train_on_clients:22 - Training DAE model epoch #224
2025-09-30 20:26:54.070 | INFO     | agents.servers.serverDAE:train_on_clients:43 - Client 3 gets new best val_loss at epoch #224: 0.000489
2025-09-30 20:26:59.751 | INFO     | agents.servers.serverDAE:train_on_clients:65 - 20 clients still training at epoch #224
2025-09-30 20:26:59.769 | INFO     | agents.servers.serverDAE:train_on_clients:22 - Training DAE model epoch #225
2025-09-30 20:27:03.661 | INFO     | agents.servers.serverDAE:train_on_clients:43 - Client 10 gets new best val_loss at epoch #225: 0.000466
2025-09-30 20:27:06.825 | INFO     | agents.servers.serverDAE:train_on_clients:65 - 20 clients still training at epoch #225
2025-09-30 20:27:06.843 | INFO     | agents.servers.serverDAE:train_on_clients:22 - Training DAE model epoch #226
2025-09-30 20:27:09.316 | INFO     | agents.servers.serverDAE:train_on_clients:43 - Client 6 gets new best val_loss at epoch #226: 0.000474
2025-09-30 20:27:09.667 | INFO     | agents.servers.serverDAE:train_on_clients:43 - Client 7 gets new best val_loss at epoch #226: 0.000572
2025-09-30 20:27:13.906 | INFO     | agents.servers.serverDAE:train_on_clients:65 - 20 clients still training at epoch #226
2025-09-30 20:27:13.924 | INFO     | agents.servers.serverDAE:train_on_clients:22 - Training DAE model epoch #227
2025-09-30 20:27:20.980 | INFO     | agents.servers.serverDAE:train_on_clients:65 - 20 clients still training at epoch #227
2025-09-30 20:27:20.997 | INFO     | agents.servers.serverDAE:train_on_clients:22 - Training DAE model epoch #228
2025-09-30 20:27:28.173 | INFO     | agents.servers.serverDAE:train_on_clients:65 - 20 clients still training at epoch #228
2025-09-30 20:27:28.191 | INFO     | agents.servers.serverDAE:train_on_clients:22 - Training DAE model epoch #229
2025-09-30 20:27:35.262 | INFO     | agents.servers.serverDAE:train_on_clients:65 - 20 clients still training at epoch #229
2025-09-30 20:27:35.280 | INFO     | agents.servers.serverDAE:train_on_clients:22 - Training DAE model epoch #230
2025-09-30 20:27:35.632 | INFO     | agents.servers.serverDAE:train_on_clients:59 - Saved model for client 0 at epoch 230 -> saved_models/DAE/average/wsn_ds/epoch_230_client_0.pt
2025-09-30 20:27:35.990 | INFO     | agents.servers.serverDAE:train_on_clients:59 - Saved model for client 1 at epoch 230 -> saved_models/DAE/average/wsn_ds/epoch_230_client_1.pt
2025-09-30 20:27:36.349 | INFO     | agents.servers.serverDAE:train_on_clients:59 - Saved model for client 2 at epoch 230 -> saved_models/DAE/average/wsn_ds/epoch_230_client_2.pt
2025-09-30 20:27:36.703 | INFO     | agents.servers.serverDAE:train_on_clients:59 - Saved model for client 3 at epoch 230 -> saved_models/DAE/average/wsn_ds/epoch_230_client_3.pt
2025-09-30 20:27:37.061 | INFO     | agents.servers.serverDAE:train_on_clients:59 - Saved model for client 4 at epoch 230 -> saved_models/DAE/average/wsn_ds/epoch_230_client_4.pt
2025-09-30 20:27:37.421 | INFO     | agents.servers.serverDAE:train_on_clients:59 - Saved model for client 5 at epoch 230 -> saved_models/DAE/average/wsn_ds/epoch_230_client_5.pt
2025-09-30 20:27:37.774 | INFO     | agents.servers.serverDAE:train_on_clients:59 - Saved model for client 6 at epoch 230 -> saved_models/DAE/average/wsn_ds/epoch_230_client_6.pt
2025-09-30 20:27:38.134 | INFO     | agents.servers.serverDAE:train_on_clients:59 - Saved model for client 7 at epoch 230 -> saved_models/DAE/average/wsn_ds/epoch_230_client_7.pt
2025-09-30 20:27:38.489 | INFO     | agents.servers.serverDAE:train_on_clients:59 - Saved model for client 8 at epoch 230 -> saved_models/DAE/average/wsn_ds/epoch_230_client_8.pt
2025-09-30 20:27:38.846 | INFO     | agents.servers.serverDAE:train_on_clients:59 - Saved model for client 9 at epoch 230 -> saved_models/DAE/average/wsn_ds/epoch_230_client_9.pt
2025-09-30 20:27:39.203 | INFO     | agents.servers.serverDAE:train_on_clients:59 - Saved model for client 10 at epoch 230 -> saved_models/DAE/average/wsn_ds/epoch_230_client_10.pt
2025-09-30 20:27:39.558 | INFO     | agents.servers.serverDAE:train_on_clients:59 - Saved model for client 11 at epoch 230 -> saved_models/DAE/average/wsn_ds/epoch_230_client_11.pt
2025-09-30 20:27:39.920 | INFO     | agents.servers.serverDAE:train_on_clients:59 - Saved model for client 12 at epoch 230 -> saved_models/DAE/average/wsn_ds/epoch_230_client_12.pt
2025-09-30 20:27:40.277 | INFO     | agents.servers.serverDAE:train_on_clients:59 - Saved model for client 13 at epoch 230 -> saved_models/DAE/average/wsn_ds/epoch_230_client_13.pt
2025-09-30 20:27:40.636 | INFO     | agents.servers.serverDAE:train_on_clients:59 - Saved model for client 14 at epoch 230 -> saved_models/DAE/average/wsn_ds/epoch_230_client_14.pt
2025-09-30 20:27:40.994 | INFO     | agents.servers.serverDAE:train_on_clients:59 - Saved model for client 15 at epoch 230 -> saved_models/DAE/average/wsn_ds/epoch_230_client_15.pt
2025-09-30 20:27:41.355 | INFO     | agents.servers.serverDAE:train_on_clients:59 - Saved model for client 16 at epoch 230 -> saved_models/DAE/average/wsn_ds/epoch_230_client_16.pt
2025-09-30 20:27:41.709 | INFO     | agents.servers.serverDAE:train_on_clients:59 - Saved model for client 17 at epoch 230 -> saved_models/DAE/average/wsn_ds/epoch_230_client_17.pt
2025-09-30 20:27:42.065 | INFO     | agents.servers.serverDAE:train_on_clients:59 - Saved model for client 18 at epoch 230 -> saved_models/DAE/average/wsn_ds/epoch_230_client_18.pt
2025-09-30 20:27:42.424 | INFO     | agents.servers.serverDAE:train_on_clients:59 - Saved model for client 19 at epoch 230 -> saved_models/DAE/average/wsn_ds/epoch_230_client_19.pt
2025-09-30 20:27:42.429 | INFO     | agents.servers.serverDAE:train_on_clients:65 - 20 clients still training at epoch #230
2025-09-30 20:27:42.447 | INFO     | agents.servers.serverDAE:train_on_clients:22 - Training DAE model epoch #231
2025-09-30 20:27:49.542 | INFO     | agents.servers.serverDAE:train_on_clients:65 - 20 clients still training at epoch #231
2025-09-30 20:27:49.560 | INFO     | agents.servers.serverDAE:train_on_clients:22 - Training DAE model epoch #232
2025-09-30 20:27:54.151 | INFO     | agents.servers.serverDAE:train_on_clients:43 - Client 12 gets new best val_loss at epoch #232: 0.000548
2025-09-30 20:27:56.628 | INFO     | agents.servers.serverDAE:train_on_clients:65 - 20 clients still training at epoch #232
2025-09-30 20:27:56.646 | INFO     | agents.servers.serverDAE:train_on_clients:22 - Training DAE model epoch #233
2025-09-30 20:27:57.346 | INFO     | agents.servers.serverDAE:train_on_clients:43 - Client 1 gets new best val_loss at epoch #233: 0.000513
2025-09-30 20:28:00.091 | INFO     | agents.servers.serverDAE:train_on_clients:43 - Client 9 gets new best val_loss at epoch #233: 0.000565
2025-09-30 20:28:01.159 | INFO     | agents.servers.serverDAE:train_on_clients:43 - Client 12 gets new best val_loss at epoch #233: 0.000546
2025-09-30 20:28:03.643 | INFO     | agents.servers.serverDAE:train_on_clients:65 - 20 clients still training at epoch #233
2025-09-30 20:28:03.661 | INFO     | agents.servers.serverDAE:train_on_clients:22 - Training DAE model epoch #234
2025-09-30 20:28:10.026 | INFO     | agents.servers.serverDAE:train_on_clients:43 - Client 17 gets new best val_loss at epoch #234: 0.000555
2025-09-30 20:28:10.738 | INFO     | agents.servers.serverDAE:train_on_clients:65 - 20 clients still training at epoch #234
2025-09-30 20:28:10.756 | INFO     | agents.servers.serverDAE:train_on_clients:22 - Training DAE model epoch #235
2025-09-30 20:28:17.870 | INFO     | agents.servers.serverDAE:train_on_clients:65 - 20 clients still training at epoch #235
2025-09-30 20:28:17.888 | INFO     | agents.servers.serverDAE:train_on_clients:22 - Training DAE model epoch #236
2025-09-30 20:28:21.070 | INFO     | agents.servers.serverDAE:train_on_clients:43 - Client 8 gets new best val_loss at epoch #236: 0.000482
2025-09-30 20:28:22.837 | INFO     | agents.servers.serverDAE:train_on_clients:43 - Client 13 gets new best val_loss at epoch #236: 0.000491
2025-09-30 20:28:23.543 | INFO     | agents.servers.serverDAE:train_on_clients:43 - Client 15 gets new best val_loss at epoch #236: 0.000528
2025-09-30 20:28:24.956 | INFO     | agents.servers.serverDAE:train_on_clients:65 - 20 clients still training at epoch #236
2025-09-30 20:28:24.974 | INFO     | agents.servers.serverDAE:train_on_clients:22 - Training DAE model epoch #237
2025-09-30 20:28:31.407 | INFO     | agents.servers.serverDAE:train_on_clients:43 - Client 17 gets new best val_loss at epoch #237: 0.000552
2025-09-30 20:28:32.188 | INFO     | agents.servers.serverDAE:train_on_clients:65 - 20 clients still training at epoch #237
2025-09-30 20:28:32.206 | INFO     | agents.servers.serverDAE:train_on_clients:22 - Training DAE model epoch #238
2025-09-30 20:28:39.205 | INFO     | agents.servers.serverDAE:train_on_clients:65 - 20 clients still training at epoch #238
2025-09-30 20:28:39.223 | INFO     | agents.servers.serverDAE:train_on_clients:22 - Training DAE model epoch #239
2025-09-30 20:28:46.146 | INFO     | agents.servers.serverDAE:train_on_clients:65 - 20 clients still training at epoch #239
2025-09-30 20:28:46.168 | INFO     | agents.servers.serverDAE:train_on_clients:22 - Training DAE model epoch #240
2025-09-30 20:28:46.522 | INFO     | agents.servers.serverDAE:train_on_clients:59 - Saved model for client 0 at epoch 240 -> saved_models/DAE/average/wsn_ds/epoch_240_client_0.pt
2025-09-30 20:28:46.859 | INFO     | agents.servers.serverDAE:train_on_clients:59 - Saved model for client 1 at epoch 240 -> saved_models/DAE/average/wsn_ds/epoch_240_client_1.pt
2025-09-30 20:28:47.201 | INFO     | agents.servers.serverDAE:train_on_clients:59 - Saved model for client 2 at epoch 240 -> saved_models/DAE/average/wsn_ds/epoch_240_client_2.pt
2025-09-30 20:28:47.541 | INFO     | agents.servers.serverDAE:train_on_clients:59 - Saved model for client 3 at epoch 240 -> saved_models/DAE/average/wsn_ds/epoch_240_client_3.pt
2025-09-30 20:28:47.884 | INFO     | agents.servers.serverDAE:train_on_clients:59 - Saved model for client 4 at epoch 240 -> saved_models/DAE/average/wsn_ds/epoch_240_client_4.pt
2025-09-30 20:28:48.230 | INFO     | agents.servers.serverDAE:train_on_clients:59 - Saved model for client 5 at epoch 240 -> saved_models/DAE/average/wsn_ds/epoch_240_client_5.pt
2025-09-30 20:28:48.575 | INFO     | agents.servers.serverDAE:train_on_clients:59 - Saved model for client 6 at epoch 240 -> saved_models/DAE/average/wsn_ds/epoch_240_client_6.pt
2025-09-30 20:28:48.910 | INFO     | agents.servers.serverDAE:train_on_clients:59 - Saved model for client 7 at epoch 240 -> saved_models/DAE/average/wsn_ds/epoch_240_client_7.pt
2025-09-30 20:28:49.255 | INFO     | agents.servers.serverDAE:train_on_clients:59 - Saved model for client 8 at epoch 240 -> saved_models/DAE/average/wsn_ds/epoch_240_client_8.pt
2025-09-30 20:28:49.612 | INFO     | agents.servers.serverDAE:train_on_clients:59 - Saved model for client 9 at epoch 240 -> saved_models/DAE/average/wsn_ds/epoch_240_client_9.pt
2025-09-30 20:28:49.969 | INFO     | agents.servers.serverDAE:train_on_clients:59 - Saved model for client 10 at epoch 240 -> saved_models/DAE/average/wsn_ds/epoch_240_client_10.pt
2025-09-30 20:28:50.325 | INFO     | agents.servers.serverDAE:train_on_clients:59 - Saved model for client 11 at epoch 240 -> saved_models/DAE/average/wsn_ds/epoch_240_client_11.pt
2025-09-30 20:28:50.679 | INFO     | agents.servers.serverDAE:train_on_clients:59 - Saved model for client 12 at epoch 240 -> saved_models/DAE/average/wsn_ds/epoch_240_client_12.pt
2025-09-30 20:28:51.034 | INFO     | agents.servers.serverDAE:train_on_clients:59 - Saved model for client 13 at epoch 240 -> saved_models/DAE/average/wsn_ds/epoch_240_client_13.pt
2025-09-30 20:28:51.397 | INFO     | agents.servers.serverDAE:train_on_clients:59 - Saved model for client 14 at epoch 240 -> saved_models/DAE/average/wsn_ds/epoch_240_client_14.pt
2025-09-30 20:28:51.758 | INFO     | agents.servers.serverDAE:train_on_clients:59 - Saved model for client 15 at epoch 240 -> saved_models/DAE/average/wsn_ds/epoch_240_client_15.pt
2025-09-30 20:28:52.120 | INFO     | agents.servers.serverDAE:train_on_clients:59 - Saved model for client 16 at epoch 240 -> saved_models/DAE/average/wsn_ds/epoch_240_client_16.pt
2025-09-30 20:28:52.478 | INFO     | agents.servers.serverDAE:train_on_clients:59 - Saved model for client 17 at epoch 240 -> saved_models/DAE/average/wsn_ds/epoch_240_client_17.pt
2025-09-30 20:28:52.836 | INFO     | agents.servers.serverDAE:train_on_clients:59 - Saved model for client 18 at epoch 240 -> saved_models/DAE/average/wsn_ds/epoch_240_client_18.pt
2025-09-30 20:28:53.195 | INFO     | agents.servers.serverDAE:train_on_clients:59 - Saved model for client 19 at epoch 240 -> saved_models/DAE/average/wsn_ds/epoch_240_client_19.pt
2025-09-30 20:28:53.200 | INFO     | agents.servers.serverDAE:train_on_clients:65 - 20 clients still training at epoch #240
2025-09-30 20:28:53.218 | INFO     | agents.servers.serverDAE:train_on_clients:22 - Training DAE model epoch #241
2025-09-30 20:29:00.211 | INFO     | agents.servers.serverDAE:train_on_clients:65 - 20 clients still training at epoch #241
2025-09-30 20:29:00.229 | INFO     | agents.servers.serverDAE:train_on_clients:22 - Training DAE model epoch #242
2025-09-30 20:29:03.302 | INFO     | agents.servers.serverDAE:train_on_clients:43 - Client 8 gets new best val_loss at epoch #242: 0.000477
2025-09-30 20:29:04.333 | INFO     | agents.servers.serverDAE:train_on_clients:43 - Client 11 gets new best val_loss at epoch #242: 0.000565
2025-09-30 20:29:07.063 | INFO     | agents.servers.serverDAE:train_on_clients:65 - 20 clients still training at epoch #242
2025-09-30 20:29:07.081 | INFO     | agents.servers.serverDAE:train_on_clients:22 - Training DAE model epoch #243
2025-09-30 20:29:12.578 | INFO     | agents.servers.serverDAE:train_on_clients:43 - Client 15 gets new best val_loss at epoch #243: 0.000506
2025-09-30 20:29:13.935 | INFO     | agents.servers.serverDAE:train_on_clients:65 - 20 clients still training at epoch #243
2025-09-30 20:29:13.953 | INFO     | agents.servers.serverDAE:train_on_clients:22 - Training DAE model epoch #244
2025-09-30 20:29:16.037 | INFO     | agents.servers.serverDAE:train_on_clients:43 - Client 5 gets new best val_loss at epoch #244: 0.000585
2025-09-30 20:29:20.845 | INFO     | agents.servers.serverDAE:train_on_clients:65 - 20 clients still training at epoch #244
2025-09-30 20:29:20.864 | INFO     | agents.servers.serverDAE:train_on_clients:22 - Training DAE model epoch #245
2025-09-30 20:29:27.691 | INFO     | agents.servers.serverDAE:train_on_clients:65 - 20 clients still training at epoch #245
2025-09-30 20:29:27.708 | INFO     | agents.servers.serverDAE:train_on_clients:22 - Training DAE model epoch #246
2025-09-30 20:29:33.525 | INFO     | agents.servers.serverDAE:train_on_clients:43 - Client 16 gets new best val_loss at epoch #246: 0.000466
2025-09-30 20:29:34.550 | INFO     | agents.servers.serverDAE:train_on_clients:65 - 20 clients still training at epoch #246
2025-09-30 20:29:34.567 | INFO     | agents.servers.serverDAE:train_on_clients:22 - Training DAE model epoch #247
2025-09-30 20:29:34.910 | INFO     | agents.servers.serverDAE:train_on_clients:43 - Client 0 gets new best val_loss at epoch #247: 0.000504
2025-09-30 20:29:36.689 | INFO     | agents.servers.serverDAE:train_on_clients:43 - Client 5 gets new best val_loss at epoch #247: 0.000580
2025-09-30 20:29:40.937 | INFO     | agents.servers.serverDAE:train_on_clients:43 - Client 17 gets new best val_loss at epoch #247: 0.000547
2025-09-30 20:29:41.654 | INFO     | agents.servers.serverDAE:train_on_clients:65 - 20 clients still training at epoch #247
2025-09-30 20:29:41.672 | INFO     | agents.servers.serverDAE:train_on_clients:22 - Training DAE model epoch #248
2025-09-30 20:29:45.242 | INFO     | agents.servers.serverDAE:train_on_clients:43 - Client 9 gets new best val_loss at epoch #248: 0.000555
2025-09-30 20:29:48.829 | INFO     | agents.servers.serverDAE:train_on_clients:65 - 20 clients still training at epoch #248
2025-09-30 20:29:48.848 | INFO     | agents.servers.serverDAE:train_on_clients:22 - Training DAE model epoch #249
2025-09-30 20:29:49.924 | INFO     | agents.servers.serverDAE:train_on_clients:43 - Client 2 gets new best val_loss at epoch #249: 0.000493
2025-09-30 20:29:53.498 | INFO     | agents.servers.serverDAE:train_on_clients:43 - Client 12 gets new best val_loss at epoch #249: 0.000542
2025-09-30 20:29:55.989 | INFO     | agents.servers.serverDAE:train_on_clients:65 - 20 clients still training at epoch #249
2025-09-30 20:29:56.008 | INFO     | agents.servers.serverDAE:train_on_clients:22 - Training DAE model epoch #250
2025-09-30 20:29:56.364 | INFO     | agents.servers.serverDAE:train_on_clients:59 - Saved model for client 0 at epoch 250 -> saved_models/DAE/average/wsn_ds/epoch_250_client_0.pt
2025-09-30 20:29:56.724 | INFO     | agents.servers.serverDAE:train_on_clients:59 - Saved model for client 1 at epoch 250 -> saved_models/DAE/average/wsn_ds/epoch_250_client_1.pt
2025-09-30 20:29:57.078 | INFO     | agents.servers.serverDAE:train_on_clients:59 - Saved model for client 2 at epoch 250 -> saved_models/DAE/average/wsn_ds/epoch_250_client_2.pt
2025-09-30 20:29:57.435 | INFO     | agents.servers.serverDAE:train_on_clients:59 - Saved model for client 3 at epoch 250 -> saved_models/DAE/average/wsn_ds/epoch_250_client_3.pt
2025-09-30 20:29:57.786 | INFO     | agents.servers.serverDAE:train_on_clients:59 - Saved model for client 4 at epoch 250 -> saved_models/DAE/average/wsn_ds/epoch_250_client_4.pt
2025-09-30 20:29:58.126 | INFO     | agents.servers.serverDAE:train_on_clients:59 - Saved model for client 5 at epoch 250 -> saved_models/DAE/average/wsn_ds/epoch_250_client_5.pt
2025-09-30 20:29:58.470 | INFO     | agents.servers.serverDAE:train_on_clients:59 - Saved model for client 6 at epoch 250 -> saved_models/DAE/average/wsn_ds/epoch_250_client_6.pt
2025-09-30 20:29:58.820 | INFO     | agents.servers.serverDAE:train_on_clients:59 - Saved model for client 7 at epoch 250 -> saved_models/DAE/average/wsn_ds/epoch_250_client_7.pt
2025-09-30 20:29:59.160 | INFO     | agents.servers.serverDAE:train_on_clients:59 - Saved model for client 8 at epoch 250 -> saved_models/DAE/average/wsn_ds/epoch_250_client_8.pt
2025-09-30 20:29:59.503 | INFO     | agents.servers.serverDAE:train_on_clients:59 - Saved model for client 9 at epoch 250 -> saved_models/DAE/average/wsn_ds/epoch_250_client_9.pt
2025-09-30 20:29:59.852 | INFO     | agents.servers.serverDAE:train_on_clients:59 - Saved model for client 10 at epoch 250 -> saved_models/DAE/average/wsn_ds/epoch_250_client_10.pt
2025-09-30 20:30:00.198 | INFO     | agents.servers.serverDAE:train_on_clients:59 - Saved model for client 11 at epoch 250 -> saved_models/DAE/average/wsn_ds/epoch_250_client_11.pt
2025-09-30 20:30:00.543 | INFO     | agents.servers.serverDAE:train_on_clients:59 - Saved model for client 12 at epoch 250 -> saved_models/DAE/average/wsn_ds/epoch_250_client_12.pt
2025-09-30 20:30:00.892 | INFO     | agents.servers.serverDAE:train_on_clients:59 - Saved model for client 13 at epoch 250 -> saved_models/DAE/average/wsn_ds/epoch_250_client_13.pt
2025-09-30 20:30:01.238 | INFO     | agents.servers.serverDAE:train_on_clients:59 - Saved model for client 14 at epoch 250 -> saved_models/DAE/average/wsn_ds/epoch_250_client_14.pt
2025-09-30 20:30:01.585 | INFO     | agents.servers.serverDAE:train_on_clients:59 - Saved model for client 15 at epoch 250 -> saved_models/DAE/average/wsn_ds/epoch_250_client_15.pt
2025-09-30 20:30:01.936 | INFO     | agents.servers.serverDAE:train_on_clients:59 - Saved model for client 16 at epoch 250 -> saved_models/DAE/average/wsn_ds/epoch_250_client_16.pt
2025-09-30 20:30:02.286 | INFO     | agents.servers.serverDAE:train_on_clients:59 - Saved model for client 17 at epoch 250 -> saved_models/DAE/average/wsn_ds/epoch_250_client_17.pt
2025-09-30 20:30:02.641 | INFO     | agents.servers.serverDAE:train_on_clients:59 - Saved model for client 18 at epoch 250 -> saved_models/DAE/average/wsn_ds/epoch_250_client_18.pt
2025-09-30 20:30:02.990 | INFO     | agents.servers.serverDAE:train_on_clients:59 - Saved model for client 19 at epoch 250 -> saved_models/DAE/average/wsn_ds/epoch_250_client_19.pt
2025-09-30 20:30:02.995 | INFO     | agents.servers.serverDAE:train_on_clients:65 - 20 clients still training at epoch #250
2025-09-30 20:30:03.013 | INFO     | agents.servers.serverDAE:train_on_clients:22 - Training DAE model epoch #251
2025-09-30 20:30:10.010 | INFO     | agents.servers.serverDAE:train_on_clients:65 - 20 clients still training at epoch #251
2025-09-30 20:30:10.028 | INFO     | agents.servers.serverDAE:train_on_clients:22 - Training DAE model epoch #252
2025-09-30 20:30:11.412 | INFO     | agents.servers.serverDAE:train_on_clients:43 - Client 3 gets new best val_loss at epoch #252: 0.000476
2025-09-30 20:30:13.828 | INFO     | agents.servers.serverDAE:train_on_clients:43 - Client 10 gets new best val_loss at epoch #252: 0.000464
2025-09-30 20:30:14.177 | INFO     | agents.servers.serverDAE:train_on_clients:43 - Client 11 gets new best val_loss at epoch #252: 0.000558
2025-09-30 20:30:14.523 | INFO     | agents.servers.serverDAE:train_on_clients:43 - Client 12 gets new best val_loss at epoch #252: 0.000537
2025-09-30 20:30:16.943 | INFO     | agents.servers.serverDAE:train_on_clients:65 - 20 clients still training at epoch #252
2025-09-30 20:30:16.961 | INFO     | agents.servers.serverDAE:train_on_clients:22 - Training DAE model epoch #253
2025-09-30 20:30:19.724 | INFO     | agents.servers.serverDAE:train_on_clients:43 - Client 7 gets new best val_loss at epoch #253: 0.000564
2025-09-30 20:30:22.481 | INFO     | agents.servers.serverDAE:train_on_clients:43 - Client 15 gets new best val_loss at epoch #253: 0.000482
2025-09-30 20:30:23.170 | INFO     | agents.servers.serverDAE:train_on_clients:43 - Client 17 gets new best val_loss at epoch #253: 0.000537
2025-09-30 20:30:23.862 | INFO     | agents.servers.serverDAE:train_on_clients:43 - Client 19 gets new best val_loss at epoch #253: 0.000494
2025-09-30 20:30:23.867 | INFO     | agents.servers.serverDAE:train_on_clients:65 - 20 clients still training at epoch #253
2025-09-30 20:30:23.885 | INFO     | agents.servers.serverDAE:train_on_clients:22 - Training DAE model epoch #254
2025-09-30 20:30:24.918 | INFO     | agents.servers.serverDAE:train_on_clients:43 - Client 2 gets new best val_loss at epoch #254: 0.000480
2025-09-30 20:30:30.801 | INFO     | agents.servers.serverDAE:train_on_clients:65 - 20 clients still training at epoch #254
2025-09-30 20:30:30.819 | INFO     | agents.servers.serverDAE:train_on_clients:22 - Training DAE model epoch #255
2025-09-30 20:30:36.700 | INFO     | agents.servers.serverDAE:train_on_clients:43 - Client 16 gets new best val_loss at epoch #255: 0.000451
2025-09-30 20:30:37.727 | INFO     | agents.servers.serverDAE:train_on_clients:65 - 20 clients still training at epoch #255
2025-09-30 20:30:37.745 | INFO     | agents.servers.serverDAE:train_on_clients:22 - Training DAE model epoch #256
2025-09-30 20:30:44.497 | INFO     | agents.servers.serverDAE:train_on_clients:43 - Client 18 gets new best val_loss at epoch #256: 0.000509
2025-09-30 20:30:44.854 | INFO     | agents.servers.serverDAE:train_on_clients:43 - Client 19 gets new best val_loss at epoch #256: 0.000468
2025-09-30 20:30:44.858 | INFO     | agents.servers.serverDAE:train_on_clients:65 - 20 clients still training at epoch #256
2025-09-30 20:30:44.878 | INFO     | agents.servers.serverDAE:train_on_clients:22 - Training DAE model epoch #257
2025-09-30 20:30:51.260 | INFO     | agents.servers.serverDAE:train_on_clients:43 - Client 17 gets new best val_loss at epoch #257: 0.000517
2025-09-30 20:30:51.614 | INFO     | agents.servers.serverDAE:train_on_clients:43 - Client 18 gets new best val_loss at epoch #257: 0.000508
2025-09-30 20:30:51.970 | INFO     | agents.servers.serverDAE:train_on_clients:65 - 20 clients still training at epoch #257
2025-09-30 20:30:51.988 | INFO     | agents.servers.serverDAE:train_on_clients:22 - Training DAE model epoch #258
2025-09-30 20:30:57.968 | INFO     | agents.servers.serverDAE:train_on_clients:43 - Client 16 gets new best val_loss at epoch #258: 0.000448
2025-09-30 20:30:59.025 | INFO     | agents.servers.serverDAE:train_on_clients:65 - 20 clients still training at epoch #258
2025-09-30 20:30:59.043 | INFO     | agents.servers.serverDAE:train_on_clients:22 - Training DAE model epoch #259
2025-09-30 20:31:03.633 | INFO     | agents.servers.serverDAE:train_on_clients:43 - Client 12 gets new best val_loss at epoch #259: 0.000528
2025-09-30 20:31:03.989 | INFO     | agents.servers.serverDAE:train_on_clients:43 - Client 13 gets new best val_loss at epoch #259: 0.000479
2025-09-30 20:31:06.116 | INFO     | agents.servers.serverDAE:train_on_clients:65 - 20 clients still training at epoch #259
2025-09-30 20:31:06.134 | INFO     | agents.servers.serverDAE:train_on_clients:22 - Training DAE model epoch #260
2025-09-30 20:31:06.484 | INFO     | agents.servers.serverDAE:train_on_clients:59 - Saved model for client 0 at epoch 260 -> saved_models/DAE/average/wsn_ds/epoch_260_client_0.pt
2025-09-30 20:31:06.835 | INFO     | agents.servers.serverDAE:train_on_clients:59 - Saved model for client 1 at epoch 260 -> saved_models/DAE/average/wsn_ds/epoch_260_client_1.pt
2025-09-30 20:31:07.191 | INFO     | agents.servers.serverDAE:train_on_clients:59 - Saved model for client 2 at epoch 260 -> saved_models/DAE/average/wsn_ds/epoch_260_client_2.pt
2025-09-30 20:31:07.545 | INFO     | agents.servers.serverDAE:train_on_clients:59 - Saved model for client 3 at epoch 260 -> saved_models/DAE/average/wsn_ds/epoch_260_client_3.pt
2025-09-30 20:31:07.900 | INFO     | agents.servers.serverDAE:train_on_clients:59 - Saved model for client 4 at epoch 260 -> saved_models/DAE/average/wsn_ds/epoch_260_client_4.pt
2025-09-30 20:31:08.255 | INFO     | agents.servers.serverDAE:train_on_clients:43 - Client 5 gets new best val_loss at epoch #260: 0.000562
2025-09-30 20:31:08.257 | INFO     | agents.servers.serverDAE:train_on_clients:59 - Saved model for client 5 at epoch 260 -> saved_models/DAE/average/wsn_ds/epoch_260_client_5.pt
2025-09-30 20:31:08.609 | INFO     | agents.servers.serverDAE:train_on_clients:59 - Saved model for client 6 at epoch 260 -> saved_models/DAE/average/wsn_ds/epoch_260_client_6.pt
2025-09-30 20:31:08.960 | INFO     | agents.servers.serverDAE:train_on_clients:59 - Saved model for client 7 at epoch 260 -> saved_models/DAE/average/wsn_ds/epoch_260_client_7.pt
2025-09-30 20:31:09.311 | INFO     | agents.servers.serverDAE:train_on_clients:59 - Saved model for client 8 at epoch 260 -> saved_models/DAE/average/wsn_ds/epoch_260_client_8.pt
2025-09-30 20:31:09.664 | INFO     | agents.servers.serverDAE:train_on_clients:59 - Saved model for client 9 at epoch 260 -> saved_models/DAE/average/wsn_ds/epoch_260_client_9.pt
2025-09-30 20:31:10.016 | INFO     | agents.servers.serverDAE:train_on_clients:59 - Saved model for client 10 at epoch 260 -> saved_models/DAE/average/wsn_ds/epoch_260_client_10.pt
2025-09-30 20:31:10.371 | INFO     | agents.servers.serverDAE:train_on_clients:59 - Saved model for client 11 at epoch 260 -> saved_models/DAE/average/wsn_ds/epoch_260_client_11.pt
2025-09-30 20:31:10.728 | INFO     | agents.servers.serverDAE:train_on_clients:59 - Saved model for client 12 at epoch 260 -> saved_models/DAE/average/wsn_ds/epoch_260_client_12.pt
2025-09-30 20:31:11.081 | INFO     | agents.servers.serverDAE:train_on_clients:43 - Client 13 gets new best val_loss at epoch #260: 0.000477
2025-09-30 20:31:11.083 | INFO     | agents.servers.serverDAE:train_on_clients:59 - Saved model for client 13 at epoch 260 -> saved_models/DAE/average/wsn_ds/epoch_260_client_13.pt
2025-09-30 20:31:11.442 | INFO     | agents.servers.serverDAE:train_on_clients:43 - Client 14 gets new best val_loss at epoch #260: 0.000465
2025-09-30 20:31:11.443 | INFO     | agents.servers.serverDAE:train_on_clients:59 - Saved model for client 14 at epoch 260 -> saved_models/DAE/average/wsn_ds/epoch_260_client_14.pt
2025-09-30 20:31:11.794 | INFO     | agents.servers.serverDAE:train_on_clients:59 - Saved model for client 15 at epoch 260 -> saved_models/DAE/average/wsn_ds/epoch_260_client_15.pt
2025-09-30 20:31:12.146 | INFO     | agents.servers.serverDAE:train_on_clients:59 - Saved model for client 16 at epoch 260 -> saved_models/DAE/average/wsn_ds/epoch_260_client_16.pt
2025-09-30 20:31:12.504 | INFO     | agents.servers.serverDAE:train_on_clients:59 - Saved model for client 17 at epoch 260 -> saved_models/DAE/average/wsn_ds/epoch_260_client_17.pt
2025-09-30 20:31:12.856 | INFO     | agents.servers.serverDAE:train_on_clients:59 - Saved model for client 18 at epoch 260 -> saved_models/DAE/average/wsn_ds/epoch_260_client_18.pt
2025-09-30 20:31:13.210 | INFO     | agents.servers.serverDAE:train_on_clients:59 - Saved model for client 19 at epoch 260 -> saved_models/DAE/average/wsn_ds/epoch_260_client_19.pt
2025-09-30 20:31:13.214 | INFO     | agents.servers.serverDAE:train_on_clients:65 - 20 clients still training at epoch #260
2025-09-30 20:31:13.233 | INFO     | agents.servers.serverDAE:train_on_clients:22 - Training DAE model epoch #261
2025-09-30 20:31:17.439 | INFO     | agents.servers.serverDAE:train_on_clients:43 - Client 11 gets new best val_loss at epoch #261: 0.000554
2025-09-30 20:31:19.182 | INFO     | agents.servers.serverDAE:train_on_clients:43 - Client 16 gets new best val_loss at epoch #261: 0.000439
2025-09-30 20:31:20.235 | INFO     | agents.servers.serverDAE:train_on_clients:65 - 20 clients still training at epoch #261
2025-09-30 20:31:20.253 | INFO     | agents.servers.serverDAE:train_on_clients:22 - Training DAE model epoch #262
2025-09-30 20:31:26.222 | INFO     | agents.servers.serverDAE:train_on_clients:43 - Client 16 gets new best val_loss at epoch #262: 0.000437
2025-09-30 20:31:27.280 | INFO     | agents.servers.serverDAE:train_on_clients:65 - 20 clients still training at epoch #262
2025-09-30 20:31:27.298 | INFO     | agents.servers.serverDAE:train_on_clients:22 - Training DAE model epoch #263
2025-09-30 20:31:28.349 | INFO     | agents.servers.serverDAE:train_on_clients:43 - Client 2 gets new best val_loss at epoch #263: 0.000464
2025-09-30 20:31:30.471 | INFO     | agents.servers.serverDAE:train_on_clients:43 - Client 8 gets new best val_loss at epoch #263: 0.000477
2025-09-30 20:31:33.658 | INFO     | agents.servers.serverDAE:train_on_clients:43 - Client 17 gets new best val_loss at epoch #263: 0.000517
2025-09-30 20:31:34.370 | INFO     | agents.servers.serverDAE:train_on_clients:65 - 20 clients still training at epoch #263
2025-09-30 20:31:34.388 | INFO     | agents.servers.serverDAE:train_on_clients:22 - Training DAE model epoch #264
2025-09-30 20:31:41.497 | INFO     | agents.servers.serverDAE:train_on_clients:65 - 20 clients still training at epoch #264
2025-09-30 20:31:41.515 | INFO     | agents.servers.serverDAE:train_on_clients:22 - Training DAE model epoch #265
2025-09-30 20:31:45.417 | INFO     | agents.servers.serverDAE:train_on_clients:43 - Client 10 gets new best val_loss at epoch #265: 0.000461
2025-09-30 20:31:45.777 | INFO     | agents.servers.serverDAE:train_on_clients:43 - Client 11 gets new best val_loss at epoch #265: 0.000550
2025-09-30 20:31:48.643 | INFO     | agents.servers.serverDAE:train_on_clients:65 - 20 clients still training at epoch #265
2025-09-30 20:31:48.661 | INFO     | agents.servers.serverDAE:train_on_clients:22 - Training DAE model epoch #266
2025-09-30 20:31:51.918 | INFO     | agents.servers.serverDAE:train_on_clients:43 - Client 8 gets new best val_loss at epoch #266: 0.000473
2025-09-30 20:31:55.800 | INFO     | agents.servers.serverDAE:train_on_clients:65 - 20 clients still training at epoch #266
2025-09-30 20:31:55.818 | INFO     | agents.servers.serverDAE:train_on_clients:22 - Training DAE model epoch #267
2025-09-30 20:32:03.033 | INFO     | agents.servers.serverDAE:train_on_clients:65 - 20 clients still training at epoch #267
2025-09-30 20:32:03.054 | INFO     | agents.servers.serverDAE:train_on_clients:22 - Training DAE model epoch #268
2025-09-30 20:32:09.569 | INFO     | agents.servers.serverDAE:train_on_clients:43 - Client 17 gets new best val_loss at epoch #268: 0.000514
2025-09-30 20:32:09.927 | INFO     | agents.servers.serverDAE:train_on_clients:43 - Client 18 gets new best val_loss at epoch #268: 0.000500
2025-09-30 20:32:10.282 | INFO     | agents.servers.serverDAE:train_on_clients:65 - 20 clients still training at epoch #268
2025-09-30 20:32:10.300 | INFO     | agents.servers.serverDAE:train_on_clients:22 - Training DAE model epoch #269
2025-09-30 20:32:17.375 | INFO     | agents.servers.serverDAE:train_on_clients:65 - 20 clients still training at epoch #269
2025-09-30 20:32:17.393 | INFO     | agents.servers.serverDAE:train_on_clients:22 - Training DAE model epoch #270
2025-09-30 20:32:17.739 | INFO     | agents.servers.serverDAE:train_on_clients:59 - Saved model for client 0 at epoch 270 -> saved_models/DAE/average/wsn_ds/epoch_270_client_0.pt
2025-09-30 20:32:18.098 | INFO     | agents.servers.serverDAE:train_on_clients:59 - Saved model for client 1 at epoch 270 -> saved_models/DAE/average/wsn_ds/epoch_270_client_1.pt
2025-09-30 20:32:18.456 | INFO     | agents.servers.serverDAE:train_on_clients:59 - Saved model for client 2 at epoch 270 -> saved_models/DAE/average/wsn_ds/epoch_270_client_2.pt
2025-09-30 20:32:18.809 | INFO     | agents.servers.serverDAE:train_on_clients:59 - Saved model for client 3 at epoch 270 -> saved_models/DAE/average/wsn_ds/epoch_270_client_3.pt
2025-09-30 20:32:19.167 | INFO     | agents.servers.serverDAE:train_on_clients:59 - Saved model for client 4 at epoch 270 -> saved_models/DAE/average/wsn_ds/epoch_270_client_4.pt
2025-09-30 20:32:19.521 | INFO     | agents.servers.serverDAE:train_on_clients:59 - Saved model for client 5 at epoch 270 -> saved_models/DAE/average/wsn_ds/epoch_270_client_5.pt
2025-09-30 20:32:19.878 | INFO     | agents.servers.serverDAE:train_on_clients:59 - Saved model for client 6 at epoch 270 -> saved_models/DAE/average/wsn_ds/epoch_270_client_6.pt
2025-09-30 20:32:20.243 | INFO     | agents.servers.serverDAE:train_on_clients:59 - Saved model for client 7 at epoch 270 -> saved_models/DAE/average/wsn_ds/epoch_270_client_7.pt
2025-09-30 20:32:20.598 | INFO     | agents.servers.serverDAE:train_on_clients:59 - Saved model for client 8 at epoch 270 -> saved_models/DAE/average/wsn_ds/epoch_270_client_8.pt
2025-09-30 20:32:20.965 | INFO     | agents.servers.serverDAE:train_on_clients:59 - Saved model for client 9 at epoch 270 -> saved_models/DAE/average/wsn_ds/epoch_270_client_9.pt
2025-09-30 20:32:21.320 | INFO     | agents.servers.serverDAE:train_on_clients:59 - Saved model for client 10 at epoch 270 -> saved_models/DAE/average/wsn_ds/epoch_270_client_10.pt
2025-09-30 20:32:21.679 | INFO     | agents.servers.serverDAE:train_on_clients:59 - Saved model for client 11 at epoch 270 -> saved_models/DAE/average/wsn_ds/epoch_270_client_11.pt
2025-09-30 20:32:22.033 | INFO     | agents.servers.serverDAE:train_on_clients:59 - Saved model for client 12 at epoch 270 -> saved_models/DAE/average/wsn_ds/epoch_270_client_12.pt
2025-09-30 20:32:22.393 | INFO     | agents.servers.serverDAE:train_on_clients:59 - Saved model for client 13 at epoch 270 -> saved_models/DAE/average/wsn_ds/epoch_270_client_13.pt
2025-09-30 20:32:22.751 | INFO     | agents.servers.serverDAE:train_on_clients:59 - Saved model for client 14 at epoch 270 -> saved_models/DAE/average/wsn_ds/epoch_270_client_14.pt
2025-09-30 20:32:23.106 | INFO     | agents.servers.serverDAE:train_on_clients:59 - Saved model for client 15 at epoch 270 -> saved_models/DAE/average/wsn_ds/epoch_270_client_15.pt
2025-09-30 20:32:23.464 | INFO     | agents.servers.serverDAE:train_on_clients:43 - Client 16 gets new best val_loss at epoch #270: 0.000431
2025-09-30 20:32:23.465 | INFO     | agents.servers.serverDAE:train_on_clients:59 - Saved model for client 16 at epoch 270 -> saved_models/DAE/average/wsn_ds/epoch_270_client_16.pt
2025-09-30 20:32:23.824 | INFO     | agents.servers.serverDAE:train_on_clients:59 - Saved model for client 17 at epoch 270 -> saved_models/DAE/average/wsn_ds/epoch_270_client_17.pt
2025-09-30 20:32:24.181 | INFO     | agents.servers.serverDAE:train_on_clients:59 - Saved model for client 18 at epoch 270 -> saved_models/DAE/average/wsn_ds/epoch_270_client_18.pt
2025-09-30 20:32:24.540 | INFO     | agents.servers.serverDAE:train_on_clients:59 - Saved model for client 19 at epoch 270 -> saved_models/DAE/average/wsn_ds/epoch_270_client_19.pt
2025-09-30 20:32:24.545 | INFO     | agents.servers.serverDAE:train_on_clients:65 - 20 clients still training at epoch #270
2025-09-30 20:32:24.563 | INFO     | agents.servers.serverDAE:train_on_clients:22 - Training DAE model epoch #271
2025-09-30 20:32:25.271 | INFO     | agents.servers.serverDAE:train_on_clients:43 - Client 1 gets new best val_loss at epoch #271: 0.000498
2025-09-30 20:32:27.051 | INFO     | agents.servers.serverDAE:train_on_clients:43 - Client 6 gets new best val_loss at epoch #271: 0.000458
2025-09-30 20:32:31.648 | INFO     | agents.servers.serverDAE:train_on_clients:65 - 20 clients still training at epoch #271
2025-09-30 20:32:31.667 | INFO     | agents.servers.serverDAE:train_on_clients:22 - Training DAE model epoch #272
2025-09-30 20:32:38.730 | INFO     | agents.servers.serverDAE:train_on_clients:65 - 20 clients still training at epoch #272
2025-09-30 20:32:38.748 | INFO     | agents.servers.serverDAE:train_on_clients:22 - Training DAE model epoch #273
2025-09-30 20:32:44.027 | INFO     | agents.servers.serverDAE:train_on_clients:43 - Client 14 gets new best val_loss at epoch #273: 0.000462
2025-09-30 20:32:45.797 | INFO     | agents.servers.serverDAE:train_on_clients:65 - 20 clients still training at epoch #273
2025-09-30 20:32:45.815 | INFO     | agents.servers.serverDAE:train_on_clients:22 - Training DAE model epoch #274
2025-09-30 20:32:46.514 | INFO     | agents.servers.serverDAE:train_on_clients:43 - Client 1 gets new best val_loss at epoch #274: 0.000487
2025-09-30 20:32:46.866 | INFO     | agents.servers.serverDAE:train_on_clients:43 - Client 2 gets new best val_loss at epoch #274: 0.000458
2025-09-30 20:32:51.447 | INFO     | agents.servers.serverDAE:train_on_clients:43 - Client 15 gets new best val_loss at epoch #274: 0.000479
2025-09-30 20:32:52.154 | INFO     | agents.servers.serverDAE:train_on_clients:43 - Client 17 gets new best val_loss at epoch #274: 0.000507
2025-09-30 20:32:52.862 | INFO     | agents.servers.serverDAE:train_on_clients:65 - 20 clients still training at epoch #274
2025-09-30 20:32:52.880 | INFO     | agents.servers.serverDAE:train_on_clients:22 - Training DAE model epoch #275
2025-09-30 20:33:00.012 | INFO     | agents.servers.serverDAE:train_on_clients:65 - 20 clients still training at epoch #275
2025-09-30 20:33:00.031 | INFO     | agents.servers.serverDAE:train_on_clients:22 - Training DAE model epoch #276
2025-09-30 20:33:06.380 | INFO     | agents.servers.serverDAE:train_on_clients:43 - Client 17 gets new best val_loss at epoch #276: 0.000507
2025-09-30 20:33:07.095 | INFO     | agents.servers.serverDAE:train_on_clients:65 - 20 clients still training at epoch #276
2025-09-30 20:33:07.113 | INFO     | agents.servers.serverDAE:train_on_clients:22 - Training DAE model epoch #277
2025-09-30 20:33:14.175 | INFO     | agents.servers.serverDAE:train_on_clients:65 - 20 clients still training at epoch #277
2025-09-30 20:33:14.193 | INFO     | agents.servers.serverDAE:train_on_clients:22 - Training DAE model epoch #278
2025-09-30 20:33:20.547 | INFO     | agents.servers.serverDAE:train_on_clients:43 - Client 17 gets new best val_loss at epoch #278: 0.000497
2025-09-30 20:33:21.255 | INFO     | agents.servers.serverDAE:train_on_clients:65 - 20 clients still training at epoch #278
2025-09-30 20:33:21.273 | INFO     | agents.servers.serverDAE:train_on_clients:22 - Training DAE model epoch #279
2025-09-30 20:33:25.874 | INFO     | agents.servers.serverDAE:train_on_clients:43 - Client 12 gets new best val_loss at epoch #279: 0.000524
2025-09-30 20:33:26.227 | INFO     | agents.servers.serverDAE:train_on_clients:43 - Client 13 gets new best val_loss at epoch #279: 0.000476
2025-09-30 20:33:28.354 | INFO     | agents.servers.serverDAE:train_on_clients:65 - 20 clients still training at epoch #279
2025-09-30 20:33:28.372 | INFO     | agents.servers.serverDAE:train_on_clients:22 - Training DAE model epoch #280
2025-09-30 20:33:28.716 | INFO     | agents.servers.serverDAE:train_on_clients:59 - Saved model for client 0 at epoch 280 -> saved_models/DAE/average/wsn_ds/epoch_280_client_0.pt
2025-09-30 20:33:29.073 | INFO     | agents.servers.serverDAE:train_on_clients:59 - Saved model for client 1 at epoch 280 -> saved_models/DAE/average/wsn_ds/epoch_280_client_1.pt
2025-09-30 20:33:29.433 | INFO     | agents.servers.serverDAE:train_on_clients:59 - Saved model for client 2 at epoch 280 -> saved_models/DAE/average/wsn_ds/epoch_280_client_2.pt
2025-09-30 20:33:29.785 | INFO     | agents.servers.serverDAE:train_on_clients:59 - Saved model for client 3 at epoch 280 -> saved_models/DAE/average/wsn_ds/epoch_280_client_3.pt
2025-09-30 20:33:30.144 | INFO     | agents.servers.serverDAE:train_on_clients:59 - Saved model for client 4 at epoch 280 -> saved_models/DAE/average/wsn_ds/epoch_280_client_4.pt
2025-09-30 20:33:30.500 | INFO     | agents.servers.serverDAE:train_on_clients:59 - Saved model for client 5 at epoch 280 -> saved_models/DAE/average/wsn_ds/epoch_280_client_5.pt
2025-09-30 20:33:30.860 | INFO     | agents.servers.serverDAE:train_on_clients:59 - Saved model for client 6 at epoch 280 -> saved_models/DAE/average/wsn_ds/epoch_280_client_6.pt
2025-09-30 20:33:31.214 | INFO     | agents.servers.serverDAE:train_on_clients:59 - Saved model for client 7 at epoch 280 -> saved_models/DAE/average/wsn_ds/epoch_280_client_7.pt
2025-09-30 20:33:31.568 | INFO     | agents.servers.serverDAE:train_on_clients:59 - Saved model for client 8 at epoch 280 -> saved_models/DAE/average/wsn_ds/epoch_280_client_8.pt
2025-09-30 20:33:31.926 | INFO     | agents.servers.serverDAE:train_on_clients:59 - Saved model for client 9 at epoch 280 -> saved_models/DAE/average/wsn_ds/epoch_280_client_9.pt
2025-09-30 20:33:32.284 | INFO     | agents.servers.serverDAE:train_on_clients:59 - Saved model for client 10 at epoch 280 -> saved_models/DAE/average/wsn_ds/epoch_280_client_10.pt
2025-09-30 20:33:32.645 | INFO     | agents.servers.serverDAE:train_on_clients:59 - Saved model for client 11 at epoch 280 -> saved_models/DAE/average/wsn_ds/epoch_280_client_11.pt
2025-09-30 20:33:33.008 | INFO     | agents.servers.serverDAE:train_on_clients:59 - Saved model for client 12 at epoch 280 -> saved_models/DAE/average/wsn_ds/epoch_280_client_12.pt
2025-09-30 20:33:33.361 | INFO     | agents.servers.serverDAE:train_on_clients:59 - Saved model for client 13 at epoch 280 -> saved_models/DAE/average/wsn_ds/epoch_280_client_13.pt
2025-09-30 20:33:33.728 | INFO     | agents.servers.serverDAE:train_on_clients:59 - Saved model for client 14 at epoch 280 -> saved_models/DAE/average/wsn_ds/epoch_280_client_14.pt
2025-09-30 20:33:34.085 | INFO     | agents.servers.serverDAE:train_on_clients:59 - Saved model for client 15 at epoch 280 -> saved_models/DAE/average/wsn_ds/epoch_280_client_15.pt
2025-09-30 20:33:34.442 | INFO     | agents.servers.serverDAE:train_on_clients:59 - Saved model for client 16 at epoch 280 -> saved_models/DAE/average/wsn_ds/epoch_280_client_16.pt
2025-09-30 20:33:34.808 | INFO     | agents.servers.serverDAE:train_on_clients:59 - Saved model for client 17 at epoch 280 -> saved_models/DAE/average/wsn_ds/epoch_280_client_17.pt
2025-09-30 20:33:35.168 | INFO     | agents.servers.serverDAE:train_on_clients:59 - Saved model for client 18 at epoch 280 -> saved_models/DAE/average/wsn_ds/epoch_280_client_18.pt
2025-09-30 20:33:35.527 | INFO     | agents.servers.serverDAE:train_on_clients:59 - Saved model for client 19 at epoch 280 -> saved_models/DAE/average/wsn_ds/epoch_280_client_19.pt
2025-09-30 20:33:35.532 | INFO     | agents.servers.serverDAE:train_on_clients:65 - 20 clients still training at epoch #280
2025-09-30 20:33:35.550 | INFO     | agents.servers.serverDAE:train_on_clients:22 - Training DAE model epoch #281
2025-09-30 20:33:42.640 | INFO     | agents.servers.serverDAE:train_on_clients:65 - 20 clients still training at epoch #281
2025-09-30 20:33:42.658 | INFO     | agents.servers.serverDAE:train_on_clients:22 - Training DAE model epoch #282
2025-09-30 20:33:46.904 | INFO     | agents.servers.serverDAE:train_on_clients:43 - Client 11 gets new best val_loss at epoch #282: 0.000536
2025-09-30 20:33:49.735 | INFO     | agents.servers.serverDAE:train_on_clients:65 - 20 clients still training at epoch #282
2025-09-30 20:33:49.753 | INFO     | agents.servers.serverDAE:train_on_clients:22 - Training DAE model epoch #283
2025-09-30 20:33:56.838 | INFO     | agents.servers.serverDAE:train_on_clients:65 - 20 clients still training at epoch #283
2025-09-30 20:33:56.856 | INFO     | agents.servers.serverDAE:train_on_clients:22 - Training DAE model epoch #284
2025-09-30 20:34:03.970 | INFO     | agents.servers.serverDAE:train_on_clients:65 - 20 clients still training at epoch #284
2025-09-30 20:34:03.988 | INFO     | agents.servers.serverDAE:train_on_clients:22 - Training DAE model epoch #285
2025-09-30 20:34:11.124 | INFO     | agents.servers.serverDAE:train_on_clients:65 - 20 clients still training at epoch #285
2025-09-30 20:34:11.142 | INFO     | agents.servers.serverDAE:train_on_clients:22 - Training DAE model epoch #286
2025-09-30 20:34:12.550 | INFO     | agents.servers.serverDAE:train_on_clients:43 - Client 3 gets new best val_loss at epoch #286: 0.000461
2025-09-30 20:34:17.854 | INFO     | agents.servers.serverDAE:train_on_clients:43 - Client 18 gets new best val_loss at epoch #286: 0.000490
2025-09-30 20:34:18.214 | INFO     | agents.servers.serverDAE:train_on_clients:65 - 20 clients still training at epoch #286
2025-09-30 20:34:18.232 | INFO     | agents.servers.serverDAE:train_on_clients:22 - Training DAE model epoch #287
2025-09-30 20:34:22.459 | INFO     | agents.servers.serverDAE:train_on_clients:43 - Client 11 gets new best val_loss at epoch #287: 0.000530
2025-09-30 20:34:23.527 | INFO     | agents.servers.serverDAE:train_on_clients:43 - Client 14 gets new best val_loss at epoch #287: 0.000460
2025-09-30 20:34:25.307 | INFO     | agents.servers.serverDAE:train_on_clients:65 - 20 clients still training at epoch #287
2025-09-30 20:34:25.325 | INFO     | agents.servers.serverDAE:train_on_clients:22 - Training DAE model epoch #288
2025-09-30 20:34:28.141 | INFO     | agents.servers.serverDAE:train_on_clients:43 - Client 7 gets new best val_loss at epoch #288: 0.000554
2025-09-30 20:34:30.617 | INFO     | agents.servers.serverDAE:train_on_clients:43 - Client 14 gets new best val_loss at epoch #288: 0.000456
2025-09-30 20:34:32.385 | INFO     | agents.servers.serverDAE:train_on_clients:65 - 20 clients still training at epoch #288
2025-09-30 20:34:32.403 | INFO     | agents.servers.serverDAE:train_on_clients:22 - Training DAE model epoch #289
2025-09-30 20:34:39.464 | INFO     | agents.servers.serverDAE:train_on_clients:65 - 20 clients still training at epoch #289
2025-09-30 20:34:39.482 | INFO     | agents.servers.serverDAE:train_on_clients:22 - Training DAE model epoch #290
2025-09-30 20:34:39.833 | INFO     | agents.servers.serverDAE:train_on_clients:59 - Saved model for client 0 at epoch 290 -> saved_models/DAE/average/wsn_ds/epoch_290_client_0.pt
2025-09-30 20:34:40.195 | INFO     | agents.servers.serverDAE:train_on_clients:59 - Saved model for client 1 at epoch 290 -> saved_models/DAE/average/wsn_ds/epoch_290_client_1.pt
2025-09-30 20:34:40.569 | INFO     | agents.servers.serverDAE:train_on_clients:59 - Saved model for client 2 at epoch 290 -> saved_models/DAE/average/wsn_ds/epoch_290_client_2.pt
2025-09-30 20:34:40.944 | INFO     | agents.servers.serverDAE:train_on_clients:59 - Saved model for client 3 at epoch 290 -> saved_models/DAE/average/wsn_ds/epoch_290_client_3.pt
2025-09-30 20:34:41.314 | INFO     | agents.servers.serverDAE:train_on_clients:43 - Client 4 gets new best val_loss at epoch #290: 0.000448
2025-09-30 20:34:41.316 | INFO     | agents.servers.serverDAE:train_on_clients:59 - Saved model for client 4 at epoch 290 -> saved_models/DAE/average/wsn_ds/epoch_290_client_4.pt
2025-09-30 20:34:41.685 | INFO     | agents.servers.serverDAE:train_on_clients:59 - Saved model for client 5 at epoch 290 -> saved_models/DAE/average/wsn_ds/epoch_290_client_5.pt
2025-09-30 20:34:42.061 | INFO     | agents.servers.serverDAE:train_on_clients:59 - Saved model for client 6 at epoch 290 -> saved_models/DAE/average/wsn_ds/epoch_290_client_6.pt
2025-09-30 20:34:42.438 | INFO     | agents.servers.serverDAE:train_on_clients:59 - Saved model for client 7 at epoch 290 -> saved_models/DAE/average/wsn_ds/epoch_290_client_7.pt
2025-09-30 20:34:42.813 | INFO     | agents.servers.serverDAE:train_on_clients:59 - Saved model for client 8 at epoch 290 -> saved_models/DAE/average/wsn_ds/epoch_290_client_8.pt
2025-09-30 20:34:43.190 | INFO     | agents.servers.serverDAE:train_on_clients:59 - Saved model for client 9 at epoch 290 -> saved_models/DAE/average/wsn_ds/epoch_290_client_9.pt
2025-09-30 20:34:43.567 | INFO     | agents.servers.serverDAE:train_on_clients:59 - Saved model for client 10 at epoch 290 -> saved_models/DAE/average/wsn_ds/epoch_290_client_10.pt
2025-09-30 20:34:43.941 | INFO     | agents.servers.serverDAE:train_on_clients:59 - Saved model for client 11 at epoch 290 -> saved_models/DAE/average/wsn_ds/epoch_290_client_11.pt
2025-09-30 20:34:44.314 | INFO     | agents.servers.serverDAE:train_on_clients:59 - Saved model for client 12 at epoch 290 -> saved_models/DAE/average/wsn_ds/epoch_290_client_12.pt
2025-09-30 20:34:44.691 | INFO     | agents.servers.serverDAE:train_on_clients:59 - Saved model for client 13 at epoch 290 -> saved_models/DAE/average/wsn_ds/epoch_290_client_13.pt
2025-09-30 20:34:45.059 | INFO     | agents.servers.serverDAE:train_on_clients:59 - Saved model for client 14 at epoch 290 -> saved_models/DAE/average/wsn_ds/epoch_290_client_14.pt
2025-09-30 20:34:45.436 | INFO     | agents.servers.serverDAE:train_on_clients:59 - Saved model for client 15 at epoch 290 -> saved_models/DAE/average/wsn_ds/epoch_290_client_15.pt
2025-09-30 20:34:45.806 | INFO     | agents.servers.serverDAE:train_on_clients:59 - Saved model for client 16 at epoch 290 -> saved_models/DAE/average/wsn_ds/epoch_290_client_16.pt
2025-09-30 20:34:46.159 | INFO     | agents.servers.serverDAE:train_on_clients:59 - Saved model for client 17 at epoch 290 -> saved_models/DAE/average/wsn_ds/epoch_290_client_17.pt
2025-09-30 20:34:46.514 | INFO     | agents.servers.serverDAE:train_on_clients:59 - Saved model for client 18 at epoch 290 -> saved_models/DAE/average/wsn_ds/epoch_290_client_18.pt
2025-09-30 20:34:46.870 | INFO     | agents.servers.serverDAE:train_on_clients:59 - Saved model for client 19 at epoch 290 -> saved_models/DAE/average/wsn_ds/epoch_290_client_19.pt
2025-09-30 20:34:46.875 | INFO     | agents.servers.serverDAE:train_on_clients:65 - 20 clients still training at epoch #290
2025-09-30 20:34:46.893 | INFO     | agents.servers.serverDAE:train_on_clients:22 - Training DAE model epoch #291
2025-09-30 20:34:50.075 | INFO     | agents.servers.serverDAE:train_on_clients:43 - Client 8 gets new best val_loss at epoch #291: 0.000472
2025-09-30 20:34:53.984 | INFO     | agents.servers.serverDAE:train_on_clients:65 - 20 clients still training at epoch #291
2025-09-30 20:34:54.001 | INFO     | agents.servers.serverDAE:train_on_clients:22 - Training DAE model epoch #292
2025-09-30 20:35:01.077 | INFO     | agents.servers.serverDAE:train_on_clients:65 - 20 clients still training at epoch #292
2025-09-30 20:35:01.095 | INFO     | agents.servers.serverDAE:train_on_clients:22 - Training DAE model epoch #293
2025-09-30 20:35:04.633 | INFO     | agents.servers.serverDAE:train_on_clients:43 - Client 9 gets new best val_loss at epoch #293: 0.000550
2025-09-30 20:35:08.185 | INFO     | agents.servers.serverDAE:train_on_clients:65 - 20 clients still training at epoch #293
2025-09-30 20:35:08.203 | INFO     | agents.servers.serverDAE:train_on_clients:22 - Training DAE model epoch #294
2025-09-30 20:35:15.501 | INFO     | agents.servers.serverDAE:train_on_clients:65 - 20 clients still training at epoch #294
2025-09-30 20:35:15.519 | INFO     | agents.servers.serverDAE:train_on_clients:22 - Training DAE model epoch #295
2025-09-30 20:35:20.844 | INFO     | agents.servers.serverDAE:train_on_clients:43 - Client 14 gets new best val_loss at epoch #295: 0.000449
2025-09-30 20:35:21.911 | INFO     | agents.servers.serverDAE:train_on_clients:43 - Client 17 gets new best val_loss at epoch #295: 0.000492
2025-09-30 20:35:22.620 | INFO     | agents.servers.serverDAE:train_on_clients:65 - 20 clients still training at epoch #295
2025-09-30 20:35:22.638 | INFO     | agents.servers.serverDAE:train_on_clients:22 - Training DAE model epoch #296
2025-09-30 20:35:29.746 | INFO     | agents.servers.serverDAE:train_on_clients:65 - 20 clients still training at epoch #296
2025-09-30 20:35:29.764 | INFO     | agents.servers.serverDAE:train_on_clients:22 - Training DAE model epoch #297
2025-09-30 20:35:36.870 | INFO     | agents.servers.serverDAE:train_on_clients:65 - 20 clients still training at epoch #297
2025-09-30 20:35:36.888 | INFO     | agents.servers.serverDAE:train_on_clients:22 - Training DAE model epoch #298
2025-09-30 20:35:39.716 | INFO     | agents.servers.serverDAE:train_on_clients:43 - Client 7 gets new best val_loss at epoch #298: 0.000538
2025-09-30 20:35:43.991 | INFO     | agents.servers.serverDAE:train_on_clients:65 - 20 clients still training at epoch #298
2025-09-30 20:35:44.009 | INFO     | agents.servers.serverDAE:train_on_clients:22 - Training DAE model epoch #299
2025-09-30 20:35:51.099 | INFO     | agents.servers.serverDAE:train_on_clients:65 - 20 clients still training at epoch #299
2025-09-30 20:35:51.117 | INFO     | agents.servers.serverDAE:train_on_clients:22 - Training DAE model epoch #300
2025-09-30 20:35:51.475 | INFO     | agents.servers.serverDAE:train_on_clients:59 - Saved model for client 0 at epoch 300 -> saved_models/DAE/average/wsn_ds/epoch_300_client_0.pt
2025-09-30 20:35:51.831 | INFO     | agents.servers.serverDAE:train_on_clients:59 - Saved model for client 1 at epoch 300 -> saved_models/DAE/average/wsn_ds/epoch_300_client_1.pt
2025-09-30 20:35:52.187 | INFO     | agents.servers.serverDAE:train_on_clients:59 - Saved model for client 2 at epoch 300 -> saved_models/DAE/average/wsn_ds/epoch_300_client_2.pt
2025-09-30 20:35:52.550 | INFO     | agents.servers.serverDAE:train_on_clients:59 - Saved model for client 3 at epoch 300 -> saved_models/DAE/average/wsn_ds/epoch_300_client_3.pt
2025-09-30 20:35:52.904 | INFO     | agents.servers.serverDAE:train_on_clients:59 - Saved model for client 4 at epoch 300 -> saved_models/DAE/average/wsn_ds/epoch_300_client_4.pt
2025-09-30 20:35:53.263 | INFO     | agents.servers.serverDAE:train_on_clients:59 - Saved model for client 5 at epoch 300 -> saved_models/DAE/average/wsn_ds/epoch_300_client_5.pt
2025-09-30 20:35:53.619 | INFO     | agents.servers.serverDAE:train_on_clients:59 - Saved model for client 6 at epoch 300 -> saved_models/DAE/average/wsn_ds/epoch_300_client_6.pt
2025-09-30 20:35:53.983 | INFO     | agents.servers.serverDAE:train_on_clients:59 - Saved model for client 7 at epoch 300 -> saved_models/DAE/average/wsn_ds/epoch_300_client_7.pt
2025-09-30 20:35:54.345 | INFO     | agents.servers.serverDAE:train_on_clients:59 - Saved model for client 8 at epoch 300 -> saved_models/DAE/average/wsn_ds/epoch_300_client_8.pt
2025-09-30 20:35:54.711 | INFO     | agents.servers.serverDAE:train_on_clients:59 - Saved model for client 9 at epoch 300 -> saved_models/DAE/average/wsn_ds/epoch_300_client_9.pt
2025-09-30 20:35:55.072 | INFO     | agents.servers.serverDAE:train_on_clients:59 - Saved model for client 10 at epoch 300 -> saved_models/DAE/average/wsn_ds/epoch_300_client_10.pt
2025-09-30 20:35:55.430 | INFO     | agents.servers.serverDAE:train_on_clients:59 - Saved model for client 11 at epoch 300 -> saved_models/DAE/average/wsn_ds/epoch_300_client_11.pt
2025-09-30 20:35:55.787 | INFO     | agents.servers.serverDAE:train_on_clients:59 - Saved model for client 12 at epoch 300 -> saved_models/DAE/average/wsn_ds/epoch_300_client_12.pt
2025-09-30 20:35:56.146 | INFO     | agents.servers.serverDAE:train_on_clients:59 - Saved model for client 13 at epoch 300 -> saved_models/DAE/average/wsn_ds/epoch_300_client_13.pt
2025-09-30 20:35:56.502 | INFO     | agents.servers.serverDAE:train_on_clients:59 - Saved model for client 14 at epoch 300 -> saved_models/DAE/average/wsn_ds/epoch_300_client_14.pt
2025-09-30 20:35:56.862 | INFO     | agents.servers.serverDAE:train_on_clients:59 - Saved model for client 15 at epoch 300 -> saved_models/DAE/average/wsn_ds/epoch_300_client_15.pt
2025-09-30 20:35:57.216 | INFO     | agents.servers.serverDAE:train_on_clients:59 - Saved model for client 16 at epoch 300 -> saved_models/DAE/average/wsn_ds/epoch_300_client_16.pt
2025-09-30 20:35:57.574 | INFO     | agents.servers.serverDAE:train_on_clients:59 - Saved model for client 17 at epoch 300 -> saved_models/DAE/average/wsn_ds/epoch_300_client_17.pt
2025-09-30 20:35:57.929 | INFO     | agents.servers.serverDAE:train_on_clients:59 - Saved model for client 18 at epoch 300 -> saved_models/DAE/average/wsn_ds/epoch_300_client_18.pt
2025-09-30 20:35:58.284 | INFO     | agents.servers.serverDAE:train_on_clients:59 - Saved model for client 19 at epoch 300 -> saved_models/DAE/average/wsn_ds/epoch_300_client_19.pt
2025-09-30 20:35:58.289 | INFO     | agents.servers.serverDAE:train_on_clients:65 - 20 clients still training at epoch #300
2025-09-30 20:35:58.307 | INFO     | agents.servers.serverDAE:train_on_clients:22 - Training DAE model epoch #301
2025-09-30 20:36:01.849 | INFO     | agents.servers.serverDAE:train_on_clients:43 - Client 9 gets new best val_loss at epoch #301: 0.000549
2025-09-30 20:36:03.271 | INFO     | agents.servers.serverDAE:train_on_clients:43 - Client 13 gets new best val_loss at epoch #301: 0.000473
2025-09-30 20:36:05.404 | INFO     | agents.servers.serverDAE:train_on_clients:65 - 20 clients still training at epoch #301
2025-09-30 20:36:05.422 | INFO     | agents.servers.serverDAE:train_on_clients:22 - Training DAE model epoch #302
2025-09-30 20:36:07.190 | INFO     | agents.servers.serverDAE:train_on_clients:43 - Client 4 gets new best val_loss at epoch #302: 0.000444
2025-09-30 20:36:08.607 | INFO     | agents.servers.serverDAE:train_on_clients:43 - Client 8 gets new best val_loss at epoch #302: 0.000469
2025-09-30 20:36:09.317 | INFO     | agents.servers.serverDAE:train_on_clients:43 - Client 10 gets new best val_loss at epoch #302: 0.000457
2025-09-30 20:36:11.445 | INFO     | agents.servers.serverDAE:train_on_clients:43 - Client 16 gets new best val_loss at epoch #302: 0.000425
2025-09-30 20:36:12.517 | INFO     | agents.servers.serverDAE:train_on_clients:65 - 20 clients still training at epoch #302
2025-09-30 20:36:12.535 | INFO     | agents.servers.serverDAE:train_on_clients:22 - Training DAE model epoch #303
2025-09-30 20:36:19.662 | INFO     | agents.servers.serverDAE:train_on_clients:65 - 20 clients still training at epoch #303
2025-09-30 20:36:19.680 | INFO     | agents.servers.serverDAE:train_on_clients:22 - Training DAE model epoch #304
2025-09-30 20:36:26.625 | INFO     | agents.servers.serverDAE:train_on_clients:65 - 20 clients still training at epoch #304
2025-09-30 20:36:26.643 | INFO     | agents.servers.serverDAE:train_on_clients:22 - Training DAE model epoch #305
2025-09-30 20:36:33.713 | INFO     | agents.servers.serverDAE:train_on_clients:65 - 20 clients still training at epoch #305
2025-09-30 20:36:33.730 | INFO     | agents.servers.serverDAE:train_on_clients:22 - Training DAE model epoch #306
2025-09-30 20:36:40.805 | INFO     | agents.servers.serverDAE:train_on_clients:65 - 20 clients still training at epoch #306
2025-09-30 20:36:40.823 | INFO     | agents.servers.serverDAE:train_on_clients:22 - Training DAE model epoch #307
2025-09-30 20:36:47.906 | INFO     | agents.servers.serverDAE:train_on_clients:65 - 20 clients still training at epoch #307
2025-09-30 20:36:47.924 | INFO     | agents.servers.serverDAE:train_on_clients:22 - Training DAE model epoch #308
2025-09-30 20:36:49.330 | INFO     | agents.servers.serverDAE:train_on_clients:43 - Client 3 gets new best val_loss at epoch #308: 0.000460
2025-09-30 20:36:55.002 | INFO     | agents.servers.serverDAE:train_on_clients:65 - 20 clients still training at epoch #308
2025-09-30 20:36:55.020 | INFO     | agents.servers.serverDAE:train_on_clients:22 - Training DAE model epoch #309
2025-09-30 20:37:02.138 | INFO     | agents.servers.serverDAE:train_on_clients:65 - 20 clients still training at epoch #309
2025-09-30 20:37:02.156 | INFO     | agents.servers.serverDAE:train_on_clients:22 - Training DAE model epoch #310
2025-09-30 20:37:02.512 | INFO     | agents.servers.serverDAE:train_on_clients:59 - Saved model for client 0 at epoch 310 -> saved_models/DAE/average/wsn_ds/epoch_310_client_0.pt
2025-09-30 20:37:02.874 | INFO     | agents.servers.serverDAE:train_on_clients:59 - Saved model for client 1 at epoch 310 -> saved_models/DAE/average/wsn_ds/epoch_310_client_1.pt
2025-09-30 20:37:03.235 | INFO     | agents.servers.serverDAE:train_on_clients:59 - Saved model for client 2 at epoch 310 -> saved_models/DAE/average/wsn_ds/epoch_310_client_2.pt
2025-09-30 20:37:03.599 | INFO     | agents.servers.serverDAE:train_on_clients:59 - Saved model for client 3 at epoch 310 -> saved_models/DAE/average/wsn_ds/epoch_310_client_3.pt
2025-09-30 20:37:03.958 | INFO     | agents.servers.serverDAE:train_on_clients:59 - Saved model for client 4 at epoch 310 -> saved_models/DAE/average/wsn_ds/epoch_310_client_4.pt
2025-09-30 20:37:04.322 | INFO     | agents.servers.serverDAE:train_on_clients:59 - Saved model for client 5 at epoch 310 -> saved_models/DAE/average/wsn_ds/epoch_310_client_5.pt
2025-09-30 20:37:04.680 | INFO     | agents.servers.serverDAE:train_on_clients:59 - Saved model for client 6 at epoch 310 -> saved_models/DAE/average/wsn_ds/epoch_310_client_6.pt
2025-09-30 20:37:05.042 | INFO     | agents.servers.serverDAE:train_on_clients:59 - Saved model for client 7 at epoch 310 -> saved_models/DAE/average/wsn_ds/epoch_310_client_7.pt
2025-09-30 20:37:05.399 | INFO     | agents.servers.serverDAE:train_on_clients:59 - Saved model for client 8 at epoch 310 -> saved_models/DAE/average/wsn_ds/epoch_310_client_8.pt
2025-09-30 20:37:05.755 | INFO     | agents.servers.serverDAE:train_on_clients:59 - Saved model for client 9 at epoch 310 -> saved_models/DAE/average/wsn_ds/epoch_310_client_9.pt
2025-09-30 20:37:06.119 | INFO     | agents.servers.serverDAE:train_on_clients:59 - Saved model for client 10 at epoch 310 -> saved_models/DAE/average/wsn_ds/epoch_310_client_10.pt
2025-09-30 20:37:06.477 | INFO     | agents.servers.serverDAE:train_on_clients:59 - Saved model for client 11 at epoch 310 -> saved_models/DAE/average/wsn_ds/epoch_310_client_11.pt
2025-09-30 20:37:06.831 | INFO     | agents.servers.serverDAE:train_on_clients:59 - Saved model for client 12 at epoch 310 -> saved_models/DAE/average/wsn_ds/epoch_310_client_12.pt
2025-09-30 20:37:07.184 | INFO     | agents.servers.serverDAE:train_on_clients:59 - Saved model for client 13 at epoch 310 -> saved_models/DAE/average/wsn_ds/epoch_310_client_13.pt
2025-09-30 20:37:07.532 | INFO     | agents.servers.serverDAE:train_on_clients:59 - Saved model for client 14 at epoch 310 -> saved_models/DAE/average/wsn_ds/epoch_310_client_14.pt
2025-09-30 20:37:07.892 | INFO     | agents.servers.serverDAE:train_on_clients:59 - Saved model for client 15 at epoch 310 -> saved_models/DAE/average/wsn_ds/epoch_310_client_15.pt
2025-09-30 20:37:08.248 | INFO     | agents.servers.serverDAE:train_on_clients:59 - Saved model for client 16 at epoch 310 -> saved_models/DAE/average/wsn_ds/epoch_310_client_16.pt
2025-09-30 20:37:08.603 | INFO     | agents.servers.serverDAE:train_on_clients:59 - Saved model for client 17 at epoch 310 -> saved_models/DAE/average/wsn_ds/epoch_310_client_17.pt
2025-09-30 20:37:08.964 | INFO     | agents.servers.serverDAE:train_on_clients:59 - Saved model for client 18 at epoch 310 -> saved_models/DAE/average/wsn_ds/epoch_310_client_18.pt
2025-09-30 20:37:09.314 | INFO     | agents.servers.serverDAE:train_on_clients:59 - Saved model for client 19 at epoch 310 -> saved_models/DAE/average/wsn_ds/epoch_310_client_19.pt
2025-09-30 20:37:09.319 | INFO     | agents.servers.serverDAE:train_on_clients:65 - 20 clients still training at epoch #310
2025-09-30 20:37:09.337 | INFO     | agents.servers.serverDAE:train_on_clients:22 - Training DAE model epoch #311
2025-09-30 20:37:16.425 | INFO     | agents.servers.serverDAE:train_on_clients:65 - 20 clients still training at epoch #311
2025-09-30 20:37:16.443 | INFO     | agents.servers.serverDAE:train_on_clients:22 - Training DAE model epoch #312
2025-09-30 20:37:23.518 | INFO     | agents.servers.serverDAE:train_on_clients:65 - 20 clients still training at epoch #312
2025-09-30 20:37:23.536 | INFO     | agents.servers.serverDAE:train_on_clients:22 - Training DAE model epoch #313
2025-09-30 20:37:25.245 | INFO     | agents.servers.serverDAE:train_on_clients:43 - Client 4 gets new best val_loss at epoch #313: 0.000427
2025-09-30 20:37:29.984 | INFO     | agents.servers.serverDAE:train_on_clients:43 - Client 18 gets new best val_loss at epoch #313: 0.000481
2025-09-30 20:37:30.328 | INFO     | agents.servers.serverDAE:train_on_clients:65 - 20 clients still training at epoch #313
2025-09-30 20:37:30.346 | INFO     | agents.servers.serverDAE:train_on_clients:22 - Training DAE model epoch #314
2025-09-30 20:37:37.141 | INFO     | agents.servers.serverDAE:train_on_clients:65 - 20 clients still training at epoch #314
2025-09-30 20:37:37.159 | INFO     | agents.servers.serverDAE:train_on_clients:22 - Training DAE model epoch #315
2025-09-30 20:37:43.922 | INFO     | agents.servers.serverDAE:train_on_clients:65 - 20 clients still training at epoch #315
2025-09-30 20:37:43.939 | INFO     | agents.servers.serverDAE:train_on_clients:22 - Training DAE model epoch #316
2025-09-30 20:37:50.690 | INFO     | agents.servers.serverDAE:train_on_clients:65 - 20 clients still training at epoch #316
2025-09-30 20:37:50.708 | INFO     | agents.servers.serverDAE:train_on_clients:22 - Training DAE model epoch #317
2025-09-30 20:37:57.554 | INFO     | agents.servers.serverDAE:train_on_clients:65 - 20 clients still training at epoch #317
2025-09-30 20:37:57.572 | INFO     | agents.servers.serverDAE:train_on_clients:22 - Training DAE model epoch #318
2025-09-30 20:38:04.597 | INFO     | agents.servers.serverDAE:train_on_clients:65 - 20 clients still training at epoch #318
2025-09-30 20:38:04.616 | INFO     | agents.servers.serverDAE:train_on_clients:22 - Training DAE model epoch #319
2025-09-30 20:38:11.707 | INFO     | agents.servers.serverDAE:train_on_clients:65 - 20 clients still training at epoch #319
2025-09-30 20:38:11.725 | INFO     | agents.servers.serverDAE:train_on_clients:22 - Training DAE model epoch #320
2025-09-30 20:38:12.081 | INFO     | agents.servers.serverDAE:train_on_clients:59 - Saved model for client 0 at epoch 320 -> saved_models/DAE/average/wsn_ds/epoch_320_client_0.pt
2025-09-30 20:38:12.438 | INFO     | agents.servers.serverDAE:train_on_clients:59 - Saved model for client 1 at epoch 320 -> saved_models/DAE/average/wsn_ds/epoch_320_client_1.pt
2025-09-30 20:38:12.795 | INFO     | agents.servers.serverDAE:train_on_clients:59 - Saved model for client 2 at epoch 320 -> saved_models/DAE/average/wsn_ds/epoch_320_client_2.pt
2025-09-30 20:38:13.154 | INFO     | agents.servers.serverDAE:train_on_clients:59 - Saved model for client 3 at epoch 320 -> saved_models/DAE/average/wsn_ds/epoch_320_client_3.pt
2025-09-30 20:38:13.509 | INFO     | agents.servers.serverDAE:train_on_clients:59 - Saved model for client 4 at epoch 320 -> saved_models/DAE/average/wsn_ds/epoch_320_client_4.pt
2025-09-30 20:38:13.867 | INFO     | agents.servers.serverDAE:train_on_clients:59 - Saved model for client 5 at epoch 320 -> saved_models/DAE/average/wsn_ds/epoch_320_client_5.pt
2025-09-30 20:38:14.233 | INFO     | agents.servers.serverDAE:train_on_clients:59 - Saved model for client 6 at epoch 320 -> saved_models/DAE/average/wsn_ds/epoch_320_client_6.pt
2025-09-30 20:38:14.592 | INFO     | agents.servers.serverDAE:train_on_clients:59 - Saved model for client 7 at epoch 320 -> saved_models/DAE/average/wsn_ds/epoch_320_client_7.pt
2025-09-30 20:38:14.947 | INFO     | agents.servers.serverDAE:train_on_clients:59 - Saved model for client 8 at epoch 320 -> saved_models/DAE/average/wsn_ds/epoch_320_client_8.pt
2025-09-30 20:38:15.303 | INFO     | agents.servers.serverDAE:train_on_clients:59 - Saved model for client 9 at epoch 320 -> saved_models/DAE/average/wsn_ds/epoch_320_client_9.pt
2025-09-30 20:38:15.663 | INFO     | agents.servers.serverDAE:train_on_clients:59 - Saved model for client 10 at epoch 320 -> saved_models/DAE/average/wsn_ds/epoch_320_client_10.pt
2025-09-30 20:38:16.020 | INFO     | agents.servers.serverDAE:train_on_clients:59 - Saved model for client 11 at epoch 320 -> saved_models/DAE/average/wsn_ds/epoch_320_client_11.pt
2025-09-30 20:38:16.371 | INFO     | agents.servers.serverDAE:train_on_clients:59 - Saved model for client 12 at epoch 320 -> saved_models/DAE/average/wsn_ds/epoch_320_client_12.pt
2025-09-30 20:38:16.723 | INFO     | agents.servers.serverDAE:train_on_clients:59 - Saved model for client 13 at epoch 320 -> saved_models/DAE/average/wsn_ds/epoch_320_client_13.pt
2025-09-30 20:38:17.079 | INFO     | agents.servers.serverDAE:train_on_clients:59 - Saved model for client 14 at epoch 320 -> saved_models/DAE/average/wsn_ds/epoch_320_client_14.pt
2025-09-30 20:38:17.434 | INFO     | agents.servers.serverDAE:train_on_clients:59 - Saved model for client 15 at epoch 320 -> saved_models/DAE/average/wsn_ds/epoch_320_client_15.pt
2025-09-30 20:38:17.788 | INFO     | agents.servers.serverDAE:train_on_clients:59 - Saved model for client 16 at epoch 320 -> saved_models/DAE/average/wsn_ds/epoch_320_client_16.pt
2025-09-30 20:38:18.145 | INFO     | agents.servers.serverDAE:train_on_clients:59 - Saved model for client 17 at epoch 320 -> saved_models/DAE/average/wsn_ds/epoch_320_client_17.pt
2025-09-30 20:38:18.500 | INFO     | agents.servers.serverDAE:train_on_clients:59 - Saved model for client 18 at epoch 320 -> saved_models/DAE/average/wsn_ds/epoch_320_client_18.pt
2025-09-30 20:38:18.852 | INFO     | agents.servers.serverDAE:train_on_clients:59 - Saved model for client 19 at epoch 320 -> saved_models/DAE/average/wsn_ds/epoch_320_client_19.pt
2025-09-30 20:38:18.857 | INFO     | agents.servers.serverDAE:train_on_clients:65 - 20 clients still training at epoch #320
2025-09-30 20:38:18.875 | INFO     | agents.servers.serverDAE:train_on_clients:22 - Training DAE model epoch #321
2025-09-30 20:38:21.698 | INFO     | agents.servers.serverDAE:train_on_clients:43 - Client 7 gets new best val_loss at epoch #321: 0.000537
2025-09-30 20:38:22.411 | INFO     | agents.servers.serverDAE:train_on_clients:43 - Client 9 gets new best val_loss at epoch #321: 0.000539
2025-09-30 20:38:25.886 | INFO     | agents.servers.serverDAE:train_on_clients:65 - 20 clients still training at epoch #321
2025-09-30 20:38:25.904 | INFO     | agents.servers.serverDAE:train_on_clients:22 - Training DAE model epoch #322
2025-09-30 20:38:33.105 | INFO     | agents.servers.serverDAE:train_on_clients:65 - 20 clients still training at epoch #322
2025-09-30 20:38:33.123 | INFO     | agents.servers.serverDAE:train_on_clients:22 - Training DAE model epoch #323
2025-09-30 20:38:34.181 | INFO     | agents.servers.serverDAE:train_on_clients:43 - Client 2 gets new best val_loss at epoch #323: 0.000448
2025-09-30 20:38:40.178 | INFO     | agents.servers.serverDAE:train_on_clients:65 - 20 clients still training at epoch #323
2025-09-30 20:38:40.196 | INFO     | agents.servers.serverDAE:train_on_clients:22 - Training DAE model epoch #324
2025-09-30 20:38:45.892 | INFO     | agents.servers.serverDAE:train_on_clients:43 - Client 15 gets new best val_loss at epoch #324: 0.000476
2025-09-30 20:38:47.308 | INFO     | agents.servers.serverDAE:train_on_clients:65 - 20 clients still training at epoch #324
2025-09-30 20:38:47.326 | INFO     | agents.servers.serverDAE:train_on_clients:22 - Training DAE model epoch #325
2025-09-30 20:38:54.427 | INFO     | agents.servers.serverDAE:train_on_clients:65 - 20 clients still training at epoch #325
2025-09-30 20:38:54.445 | INFO     | agents.servers.serverDAE:train_on_clients:22 - Training DAE model epoch #326
2025-09-30 20:38:57.627 | INFO     | agents.servers.serverDAE:train_on_clients:43 - Client 8 gets new best val_loss at epoch #326: 0.000466
2025-09-30 20:39:01.534 | INFO     | agents.servers.serverDAE:train_on_clients:65 - 20 clients still training at epoch #326
2025-09-30 20:39:01.552 | INFO     | agents.servers.serverDAE:train_on_clients:22 - Training DAE model epoch #327
2025-09-30 20:39:01.901 | INFO     | agents.servers.serverDAE:train_on_clients:43 - Client 0 gets new best val_loss at epoch #327: 0.000493
2025-09-30 20:39:06.141 | INFO     | agents.servers.serverDAE:train_on_clients:43 - Client 12 gets new best val_loss at epoch #327: 0.000523
2025-09-30 20:39:08.626 | INFO     | agents.servers.serverDAE:train_on_clients:65 - 20 clients still training at epoch #327
2025-09-30 20:39:08.644 | INFO     | agents.servers.serverDAE:train_on_clients:22 - Training DAE model epoch #328
2025-09-30 20:39:15.709 | INFO     | agents.servers.serverDAE:train_on_clients:65 - 20 clients still training at epoch #328
2025-09-30 20:39:15.727 | INFO     | agents.servers.serverDAE:train_on_clients:22 - Training DAE model epoch #329
2025-09-30 20:39:22.881 | INFO     | agents.servers.serverDAE:train_on_clients:65 - 20 clients still training at epoch #329
2025-09-30 20:39:22.899 | INFO     | agents.servers.serverDAE:train_on_clients:22 - Training DAE model epoch #330
2025-09-30 20:39:23.258 | INFO     | agents.servers.serverDAE:train_on_clients:59 - Saved model for client 0 at epoch 330 -> saved_models/DAE/average/wsn_ds/epoch_330_client_0.pt
2025-09-30 20:39:23.617 | INFO     | agents.servers.serverDAE:train_on_clients:59 - Saved model for client 1 at epoch 330 -> saved_models/DAE/average/wsn_ds/epoch_330_client_1.pt
2025-09-30 20:39:23.981 | INFO     | agents.servers.serverDAE:train_on_clients:59 - Saved model for client 2 at epoch 330 -> saved_models/DAE/average/wsn_ds/epoch_330_client_2.pt
2025-09-30 20:39:24.343 | INFO     | agents.servers.serverDAE:train_on_clients:59 - Saved model for client 3 at epoch 330 -> saved_models/DAE/average/wsn_ds/epoch_330_client_3.pt
2025-09-30 20:39:24.704 | INFO     | agents.servers.serverDAE:train_on_clients:59 - Saved model for client 4 at epoch 330 -> saved_models/DAE/average/wsn_ds/epoch_330_client_4.pt
2025-09-30 20:39:25.063 | INFO     | agents.servers.serverDAE:train_on_clients:59 - Saved model for client 5 at epoch 330 -> saved_models/DAE/average/wsn_ds/epoch_330_client_5.pt
2025-09-30 20:39:25.422 | INFO     | agents.servers.serverDAE:train_on_clients:59 - Saved model for client 6 at epoch 330 -> saved_models/DAE/average/wsn_ds/epoch_330_client_6.pt
2025-09-30 20:39:25.785 | INFO     | agents.servers.serverDAE:train_on_clients:59 - Saved model for client 7 at epoch 330 -> saved_models/DAE/average/wsn_ds/epoch_330_client_7.pt
2025-09-30 20:39:26.143 | INFO     | agents.servers.serverDAE:train_on_clients:59 - Saved model for client 8 at epoch 330 -> saved_models/DAE/average/wsn_ds/epoch_330_client_8.pt
2025-09-30 20:39:26.498 | INFO     | agents.servers.serverDAE:train_on_clients:59 - Saved model for client 9 at epoch 330 -> saved_models/DAE/average/wsn_ds/epoch_330_client_9.pt
2025-09-30 20:39:26.854 | INFO     | agents.servers.serverDAE:train_on_clients:59 - Saved model for client 10 at epoch 330 -> saved_models/DAE/average/wsn_ds/epoch_330_client_10.pt
2025-09-30 20:39:27.209 | INFO     | agents.servers.serverDAE:train_on_clients:59 - Saved model for client 11 at epoch 330 -> saved_models/DAE/average/wsn_ds/epoch_330_client_11.pt
2025-09-30 20:39:27.559 | INFO     | agents.servers.serverDAE:train_on_clients:59 - Saved model for client 12 at epoch 330 -> saved_models/DAE/average/wsn_ds/epoch_330_client_12.pt
2025-09-30 20:39:27.911 | INFO     | agents.servers.serverDAE:train_on_clients:59 - Saved model for client 13 at epoch 330 -> saved_models/DAE/average/wsn_ds/epoch_330_client_13.pt
2025-09-30 20:39:28.267 | INFO     | agents.servers.serverDAE:train_on_clients:59 - Saved model for client 14 at epoch 330 -> saved_models/DAE/average/wsn_ds/epoch_330_client_14.pt
2025-09-30 20:39:28.624 | INFO     | agents.servers.serverDAE:train_on_clients:59 - Saved model for client 15 at epoch 330 -> saved_models/DAE/average/wsn_ds/epoch_330_client_15.pt
2025-09-30 20:39:28.980 | INFO     | agents.servers.serverDAE:train_on_clients:59 - Saved model for client 16 at epoch 330 -> saved_models/DAE/average/wsn_ds/epoch_330_client_16.pt
2025-09-30 20:39:29.335 | INFO     | agents.servers.serverDAE:train_on_clients:59 - Saved model for client 17 at epoch 330 -> saved_models/DAE/average/wsn_ds/epoch_330_client_17.pt
2025-09-30 20:39:29.686 | INFO     | agents.servers.serverDAE:train_on_clients:59 - Saved model for client 18 at epoch 330 -> saved_models/DAE/average/wsn_ds/epoch_330_client_18.pt
2025-09-30 20:39:30.046 | INFO     | agents.servers.serverDAE:train_on_clients:43 - Client 19 gets new best val_loss at epoch #330: 0.000464
2025-09-30 20:39:30.047 | INFO     | agents.servers.serverDAE:train_on_clients:59 - Saved model for client 19 at epoch 330 -> saved_models/DAE/average/wsn_ds/epoch_330_client_19.pt
2025-09-30 20:39:30.053 | INFO     | agents.servers.serverDAE:train_on_clients:65 - 20 clients still training at epoch #330
2025-09-30 20:39:30.071 | INFO     | agents.servers.serverDAE:train_on_clients:22 - Training DAE model epoch #331
2025-09-30 20:39:32.207 | INFO     | agents.servers.serverDAE:train_on_clients:43 - Client 5 gets new best val_loss at epoch #331: 0.000560
2025-09-30 20:39:37.212 | INFO     | agents.servers.serverDAE:train_on_clients:65 - 20 clients still training at epoch #331
2025-09-30 20:39:37.230 | INFO     | agents.servers.serverDAE:train_on_clients:22 - Training DAE model epoch #332
2025-09-30 20:39:44.340 | INFO     | agents.servers.serverDAE:train_on_clients:65 - 20 clients still training at epoch #332
2025-09-30 20:39:44.358 | INFO     | agents.servers.serverDAE:train_on_clients:22 - Training DAE model epoch #333
2025-09-30 20:39:51.431 | INFO     | agents.servers.serverDAE:train_on_clients:65 - 20 clients still training at epoch #333
2025-09-30 20:39:51.449 | INFO     | agents.servers.serverDAE:train_on_clients:22 - Training DAE model epoch #334
2025-09-30 20:39:58.533 | INFO     | agents.servers.serverDAE:train_on_clients:65 - 20 clients still training at epoch #334
2025-09-30 20:39:58.551 | INFO     | agents.servers.serverDAE:train_on_clients:22 - Training DAE model epoch #335
2025-09-30 20:40:05.296 | INFO     | agents.servers.serverDAE:train_on_clients:43 - Client 18 gets new best val_loss at epoch #335: 0.000480
2025-09-30 20:40:05.653 | INFO     | agents.servers.serverDAE:train_on_clients:65 - 20 clients still training at epoch #335
2025-09-30 20:40:05.671 | INFO     | agents.servers.serverDAE:train_on_clients:22 - Training DAE model epoch #336
2025-09-30 20:40:08.490 | INFO     | agents.servers.serverDAE:train_on_clients:43 - Client 7 gets new best val_loss at epoch #336: 0.000532
2025-09-30 20:40:10.268 | INFO     | agents.servers.serverDAE:train_on_clients:43 - Client 12 gets new best val_loss at epoch #336: 0.000517
2025-09-30 20:40:12.760 | INFO     | agents.servers.serverDAE:train_on_clients:65 - 20 clients still training at epoch #336
2025-09-30 20:40:12.778 | INFO     | agents.servers.serverDAE:train_on_clients:22 - Training DAE model epoch #337
2025-09-30 20:40:13.483 | INFO     | agents.servers.serverDAE:train_on_clients:43 - Client 1 gets new best val_loss at epoch #337: 0.000485
2025-09-30 20:40:17.374 | INFO     | agents.servers.serverDAE:train_on_clients:43 - Client 12 gets new best val_loss at epoch #337: 0.000512
2025-09-30 20:40:19.841 | INFO     | agents.servers.serverDAE:train_on_clients:65 - 20 clients still training at epoch #337
2025-09-30 20:40:19.859 | INFO     | agents.servers.serverDAE:train_on_clients:22 - Training DAE model epoch #338
2025-09-30 20:40:26.918 | INFO     | agents.servers.serverDAE:train_on_clients:65 - 20 clients still training at epoch #338
2025-09-30 20:40:26.936 | INFO     | agents.servers.serverDAE:train_on_clients:22 - Training DAE model epoch #339
2025-09-30 20:40:34.063 | INFO     | agents.servers.serverDAE:train_on_clients:65 - 20 clients still training at epoch #339
2025-09-30 20:40:34.081 | INFO     | agents.servers.serverDAE:train_on_clients:22 - Training DAE model epoch #340
2025-09-30 20:40:34.431 | INFO     | agents.servers.serverDAE:train_on_clients:59 - Saved model for client 0 at epoch 340 -> saved_models/DAE/average/wsn_ds/epoch_340_client_0.pt
2025-09-30 20:40:34.792 | INFO     | agents.servers.serverDAE:train_on_clients:59 - Saved model for client 1 at epoch 340 -> saved_models/DAE/average/wsn_ds/epoch_340_client_1.pt
2025-09-30 20:40:35.148 | INFO     | agents.servers.serverDAE:train_on_clients:59 - Saved model for client 2 at epoch 340 -> saved_models/DAE/average/wsn_ds/epoch_340_client_2.pt
2025-09-30 20:40:35.504 | INFO     | agents.servers.serverDAE:train_on_clients:59 - Saved model for client 3 at epoch 340 -> saved_models/DAE/average/wsn_ds/epoch_340_client_3.pt
2025-09-30 20:40:35.856 | INFO     | agents.servers.serverDAE:train_on_clients:59 - Saved model for client 4 at epoch 340 -> saved_models/DAE/average/wsn_ds/epoch_340_client_4.pt
2025-09-30 20:40:36.210 | INFO     | agents.servers.serverDAE:train_on_clients:59 - Saved model for client 5 at epoch 340 -> saved_models/DAE/average/wsn_ds/epoch_340_client_5.pt
2025-09-30 20:40:36.566 | INFO     | agents.servers.serverDAE:train_on_clients:59 - Saved model for client 6 at epoch 340 -> saved_models/DAE/average/wsn_ds/epoch_340_client_6.pt
2025-09-30 20:40:36.928 | INFO     | agents.servers.serverDAE:train_on_clients:59 - Saved model for client 7 at epoch 340 -> saved_models/DAE/average/wsn_ds/epoch_340_client_7.pt
2025-09-30 20:40:37.284 | INFO     | agents.servers.serverDAE:train_on_clients:59 - Saved model for client 8 at epoch 340 -> saved_models/DAE/average/wsn_ds/epoch_340_client_8.pt
2025-09-30 20:40:37.637 | INFO     | agents.servers.serverDAE:train_on_clients:59 - Saved model for client 9 at epoch 340 -> saved_models/DAE/average/wsn_ds/epoch_340_client_9.pt
2025-09-30 20:40:37.990 | INFO     | agents.servers.serverDAE:train_on_clients:59 - Saved model for client 10 at epoch 340 -> saved_models/DAE/average/wsn_ds/epoch_340_client_10.pt
2025-09-30 20:40:38.341 | INFO     | agents.servers.serverDAE:train_on_clients:59 - Saved model for client 11 at epoch 340 -> saved_models/DAE/average/wsn_ds/epoch_340_client_11.pt
2025-09-30 20:40:38.690 | INFO     | agents.servers.serverDAE:train_on_clients:43 - Client 12 gets new best val_loss at epoch #340: 0.000504
2025-09-30 20:40:38.691 | INFO     | agents.servers.serverDAE:train_on_clients:59 - Saved model for client 12 at epoch 340 -> saved_models/DAE/average/wsn_ds/epoch_340_client_12.pt
2025-09-30 20:40:39.050 | INFO     | agents.servers.serverDAE:train_on_clients:59 - Saved model for client 13 at epoch 340 -> saved_models/DAE/average/wsn_ds/epoch_340_client_13.pt
2025-09-30 20:40:39.403 | INFO     | agents.servers.serverDAE:train_on_clients:59 - Saved model for client 14 at epoch 340 -> saved_models/DAE/average/wsn_ds/epoch_340_client_14.pt
2025-09-30 20:40:39.764 | INFO     | agents.servers.serverDAE:train_on_clients:59 - Saved model for client 15 at epoch 340 -> saved_models/DAE/average/wsn_ds/epoch_340_client_15.pt
2025-09-30 20:40:40.126 | INFO     | agents.servers.serverDAE:train_on_clients:59 - Saved model for client 16 at epoch 340 -> saved_models/DAE/average/wsn_ds/epoch_340_client_16.pt
2025-09-30 20:40:40.482 | INFO     | agents.servers.serverDAE:train_on_clients:59 - Saved model for client 17 at epoch 340 -> saved_models/DAE/average/wsn_ds/epoch_340_client_17.pt
2025-09-30 20:40:40.839 | INFO     | agents.servers.serverDAE:train_on_clients:59 - Saved model for client 18 at epoch 340 -> saved_models/DAE/average/wsn_ds/epoch_340_client_18.pt
2025-09-30 20:40:41.211 | INFO     | agents.servers.serverDAE:train_on_clients:59 - Saved model for client 19 at epoch 340 -> saved_models/DAE/average/wsn_ds/epoch_340_client_19.pt
2025-09-30 20:40:41.218 | INFO     | agents.servers.serverDAE:train_on_clients:65 - 20 clients still training at epoch #340
2025-09-30 20:40:41.236 | INFO     | agents.servers.serverDAE:train_on_clients:22 - Training DAE model epoch #341
2025-09-30 20:40:46.147 | INFO     | agents.servers.serverDAE:train_on_clients:43 - Client 13 gets new best val_loss at epoch #341: 0.000472
2025-09-30 20:40:47.529 | INFO     | agents.servers.serverDAE:train_on_clients:43 - Client 17 gets new best val_loss at epoch #341: 0.000487
2025-09-30 20:40:48.221 | INFO     | agents.servers.serverDAE:train_on_clients:65 - 20 clients still training at epoch #341
2025-09-30 20:40:48.239 | INFO     | agents.servers.serverDAE:train_on_clients:22 - Training DAE model epoch #342
2025-09-30 20:40:55.214 | INFO     | agents.servers.serverDAE:train_on_clients:65 - 20 clients still training at epoch #342
2025-09-30 20:40:55.232 | INFO     | agents.servers.serverDAE:train_on_clients:22 - Training DAE model epoch #343
2025-09-30 20:40:58.793 | INFO     | agents.servers.serverDAE:train_on_clients:43 - Client 9 gets new best val_loss at epoch #343: 0.000538
2025-09-30 20:41:02.344 | INFO     | agents.servers.serverDAE:train_on_clients:65 - 20 clients still training at epoch #343
2025-09-30 20:41:02.362 | INFO     | agents.servers.serverDAE:train_on_clients:22 - Training DAE model epoch #344
2025-09-30 20:41:09.456 | INFO     | agents.servers.serverDAE:train_on_clients:65 - 20 clients still training at epoch #344
2025-09-30 20:41:09.474 | INFO     | agents.servers.serverDAE:train_on_clients:22 - Training DAE model epoch #345
2025-09-30 20:41:16.513 | INFO     | agents.servers.serverDAE:train_on_clients:65 - 20 clients still training at epoch #345
2025-09-30 20:41:16.531 | INFO     | agents.servers.serverDAE:train_on_clients:22 - Training DAE model epoch #346
2025-09-30 20:41:23.489 | INFO     | agents.servers.serverDAE:train_on_clients:65 - 20 clients still training at epoch #346
2025-09-30 20:41:23.506 | INFO     | agents.servers.serverDAE:train_on_clients:22 - Training DAE model epoch #347
2025-09-30 20:41:30.562 | INFO     | agents.servers.serverDAE:train_on_clients:65 - 20 clients still training at epoch #347
2025-09-30 20:41:30.580 | INFO     | agents.servers.serverDAE:train_on_clients:22 - Training DAE model epoch #348
2025-09-30 20:41:37.657 | INFO     | agents.servers.serverDAE:train_on_clients:65 - 20 clients still training at epoch #348
2025-09-30 20:41:37.675 | INFO     | agents.servers.serverDAE:train_on_clients:22 - Training DAE model epoch #349
2025-09-30 20:41:42.664 | INFO     | agents.servers.serverDAE:train_on_clients:43 - Client 13 gets new best val_loss at epoch #349: 0.000466
2025-09-30 20:41:44.804 | INFO     | agents.servers.serverDAE:train_on_clients:65 - 20 clients still training at epoch #349
2025-09-30 20:41:44.822 | INFO     | agents.servers.serverDAE:train_on_clients:22 - Training DAE model epoch #350
2025-09-30 20:41:45.173 | INFO     | agents.servers.serverDAE:train_on_clients:59 - Saved model for client 0 at epoch 350 -> saved_models/DAE/average/wsn_ds/epoch_350_client_0.pt
2025-09-30 20:41:45.524 | INFO     | agents.servers.serverDAE:train_on_clients:59 - Saved model for client 1 at epoch 350 -> saved_models/DAE/average/wsn_ds/epoch_350_client_1.pt
2025-09-30 20:41:45.878 | INFO     | agents.servers.serverDAE:train_on_clients:59 - Saved model for client 2 at epoch 350 -> saved_models/DAE/average/wsn_ds/epoch_350_client_2.pt
2025-09-30 20:41:46.236 | INFO     | agents.servers.serverDAE:train_on_clients:59 - Saved model for client 3 at epoch 350 -> saved_models/DAE/average/wsn_ds/epoch_350_client_3.pt
2025-09-30 20:41:46.592 | INFO     | agents.servers.serverDAE:train_on_clients:59 - Saved model for client 4 at epoch 350 -> saved_models/DAE/average/wsn_ds/epoch_350_client_4.pt
2025-09-30 20:41:46.948 | INFO     | agents.servers.serverDAE:train_on_clients:59 - Saved model for client 5 at epoch 350 -> saved_models/DAE/average/wsn_ds/epoch_350_client_5.pt
2025-09-30 20:41:47.312 | INFO     | agents.servers.serverDAE:train_on_clients:59 - Saved model for client 6 at epoch 350 -> saved_models/DAE/average/wsn_ds/epoch_350_client_6.pt
2025-09-30 20:41:47.684 | INFO     | agents.servers.serverDAE:train_on_clients:59 - Saved model for client 7 at epoch 350 -> saved_models/DAE/average/wsn_ds/epoch_350_client_7.pt
2025-09-30 20:41:48.034 | INFO     | agents.servers.serverDAE:train_on_clients:59 - Saved model for client 8 at epoch 350 -> saved_models/DAE/average/wsn_ds/epoch_350_client_8.pt
2025-09-30 20:41:48.379 | INFO     | agents.servers.serverDAE:train_on_clients:59 - Saved model for client 9 at epoch 350 -> saved_models/DAE/average/wsn_ds/epoch_350_client_9.pt
2025-09-30 20:41:48.729 | INFO     | agents.servers.serverDAE:train_on_clients:59 - Saved model for client 10 at epoch 350 -> saved_models/DAE/average/wsn_ds/epoch_350_client_10.pt
2025-09-30 20:41:49.112 | INFO     | agents.servers.serverDAE:train_on_clients:59 - Saved model for client 11 at epoch 350 -> saved_models/DAE/average/wsn_ds/epoch_350_client_11.pt
2025-09-30 20:41:49.464 | INFO     | agents.servers.serverDAE:train_on_clients:59 - Saved model for client 12 at epoch 350 -> saved_models/DAE/average/wsn_ds/epoch_350_client_12.pt
2025-09-30 20:41:49.823 | INFO     | agents.servers.serverDAE:train_on_clients:59 - Saved model for client 13 at epoch 350 -> saved_models/DAE/average/wsn_ds/epoch_350_client_13.pt
2025-09-30 20:41:50.176 | INFO     | agents.servers.serverDAE:train_on_clients:59 - Saved model for client 14 at epoch 350 -> saved_models/DAE/average/wsn_ds/epoch_350_client_14.pt
2025-09-30 20:41:50.536 | INFO     | agents.servers.serverDAE:train_on_clients:59 - Saved model for client 15 at epoch 350 -> saved_models/DAE/average/wsn_ds/epoch_350_client_15.pt
2025-09-30 20:41:50.898 | INFO     | agents.servers.serverDAE:train_on_clients:59 - Saved model for client 16 at epoch 350 -> saved_models/DAE/average/wsn_ds/epoch_350_client_16.pt
2025-09-30 20:41:51.258 | INFO     | agents.servers.serverDAE:train_on_clients:59 - Saved model for client 17 at epoch 350 -> saved_models/DAE/average/wsn_ds/epoch_350_client_17.pt
2025-09-30 20:41:51.621 | INFO     | agents.servers.serverDAE:train_on_clients:59 - Saved model for client 18 at epoch 350 -> saved_models/DAE/average/wsn_ds/epoch_350_client_18.pt
2025-09-30 20:41:51.972 | INFO     | agents.servers.serverDAE:train_on_clients:59 - Saved model for client 19 at epoch 350 -> saved_models/DAE/average/wsn_ds/epoch_350_client_19.pt
2025-09-30 20:41:51.978 | INFO     | agents.servers.serverDAE:train_on_clients:65 - 20 clients still training at epoch #350
2025-09-30 20:41:51.996 | INFO     | agents.servers.serverDAE:train_on_clients:22 - Training DAE model epoch #351
2025-09-30 20:41:53.426 | INFO     | agents.servers.serverDAE:train_on_clients:43 - Client 3 gets new best val_loss at epoch #351: 0.000459
2025-09-30 20:41:55.902 | INFO     | agents.servers.serverDAE:train_on_clients:43 - Client 10 gets new best val_loss at epoch #351: 0.000456
2025-09-30 20:41:59.097 | INFO     | agents.servers.serverDAE:train_on_clients:65 - 20 clients still training at epoch #351
2025-09-30 20:41:59.116 | INFO     | agents.servers.serverDAE:train_on_clients:22 - Training DAE model epoch #352
2025-09-30 20:42:01.240 | INFO     | agents.servers.serverDAE:train_on_clients:43 - Client 5 gets new best val_loss at epoch #352: 0.000541
2025-09-30 20:42:02.667 | INFO     | agents.servers.serverDAE:train_on_clients:43 - Client 9 gets new best val_loss at epoch #352: 0.000530
2025-09-30 20:42:06.212 | INFO     | agents.servers.serverDAE:train_on_clients:65 - 20 clients still training at epoch #352
2025-09-30 20:42:06.230 | INFO     | agents.servers.serverDAE:train_on_clients:22 - Training DAE model epoch #353
2025-09-30 20:42:13.322 | INFO     | agents.servers.serverDAE:train_on_clients:65 - 20 clients still training at epoch #353
2025-09-30 20:42:13.340 | INFO     | agents.servers.serverDAE:train_on_clients:22 - Training DAE model epoch #354
2025-09-30 20:42:20.420 | INFO     | agents.servers.serverDAE:train_on_clients:65 - 20 clients still training at epoch #354
2025-09-30 20:42:20.438 | INFO     | agents.servers.serverDAE:train_on_clients:22 - Training DAE model epoch #355
2025-09-30 20:42:25.403 | INFO     | agents.servers.serverDAE:train_on_clients:43 - Client 13 gets new best val_loss at epoch #355: 0.000451
2025-09-30 20:42:27.533 | INFO     | agents.servers.serverDAE:train_on_clients:65 - 20 clients still training at epoch #355
2025-09-30 20:42:27.551 | INFO     | agents.servers.serverDAE:train_on_clients:22 - Training DAE model epoch #356
2025-09-30 20:42:34.653 | INFO     | agents.servers.serverDAE:train_on_clients:65 - 20 clients still training at epoch #356
2025-09-30 20:42:34.671 | INFO     | agents.servers.serverDAE:train_on_clients:22 - Training DAE model epoch #357
2025-09-30 20:42:41.803 | INFO     | agents.servers.serverDAE:train_on_clients:65 - 20 clients still training at epoch #357
2025-09-30 20:42:41.821 | INFO     | agents.servers.serverDAE:train_on_clients:22 - Training DAE model epoch #358
2025-09-30 20:42:48.941 | INFO     | agents.servers.serverDAE:train_on_clients:65 - 20 clients still training at epoch #358
2025-09-30 20:42:48.959 | INFO     | agents.servers.serverDAE:train_on_clients:22 - Training DAE model epoch #359
2025-09-30 20:42:56.140 | INFO     | agents.servers.serverDAE:train_on_clients:65 - 20 clients still training at epoch #359
2025-09-30 20:42:56.158 | INFO     | agents.servers.serverDAE:train_on_clients:22 - Training DAE model epoch #360
2025-09-30 20:42:56.512 | INFO     | agents.servers.serverDAE:train_on_clients:59 - Saved model for client 0 at epoch 360 -> saved_models/DAE/average/wsn_ds/epoch_360_client_0.pt
2025-09-30 20:42:56.868 | INFO     | agents.servers.serverDAE:train_on_clients:59 - Saved model for client 1 at epoch 360 -> saved_models/DAE/average/wsn_ds/epoch_360_client_1.pt
2025-09-30 20:42:57.222 | INFO     | agents.servers.serverDAE:train_on_clients:59 - Saved model for client 2 at epoch 360 -> saved_models/DAE/average/wsn_ds/epoch_360_client_2.pt
2025-09-30 20:42:57.580 | INFO     | agents.servers.serverDAE:train_on_clients:59 - Saved model for client 3 at epoch 360 -> saved_models/DAE/average/wsn_ds/epoch_360_client_3.pt
2025-09-30 20:42:57.939 | INFO     | agents.servers.serverDAE:train_on_clients:59 - Saved model for client 4 at epoch 360 -> saved_models/DAE/average/wsn_ds/epoch_360_client_4.pt
2025-09-30 20:42:58.296 | INFO     | agents.servers.serverDAE:train_on_clients:59 - Saved model for client 5 at epoch 360 -> saved_models/DAE/average/wsn_ds/epoch_360_client_5.pt
2025-09-30 20:42:58.659 | INFO     | agents.servers.serverDAE:train_on_clients:59 - Saved model for client 6 at epoch 360 -> saved_models/DAE/average/wsn_ds/epoch_360_client_6.pt
2025-09-30 20:42:59.016 | INFO     | agents.servers.serverDAE:train_on_clients:59 - Saved model for client 7 at epoch 360 -> saved_models/DAE/average/wsn_ds/epoch_360_client_7.pt
2025-09-30 20:42:59.376 | INFO     | agents.servers.serverDAE:train_on_clients:59 - Saved model for client 8 at epoch 360 -> saved_models/DAE/average/wsn_ds/epoch_360_client_8.pt
2025-09-30 20:42:59.729 | INFO     | agents.servers.serverDAE:train_on_clients:59 - Saved model for client 9 at epoch 360 -> saved_models/DAE/average/wsn_ds/epoch_360_client_9.pt
2025-09-30 20:43:00.089 | INFO     | agents.servers.serverDAE:train_on_clients:59 - Saved model for client 10 at epoch 360 -> saved_models/DAE/average/wsn_ds/epoch_360_client_10.pt
2025-09-30 20:43:00.448 | INFO     | agents.servers.serverDAE:train_on_clients:59 - Saved model for client 11 at epoch 360 -> saved_models/DAE/average/wsn_ds/epoch_360_client_11.pt
2025-09-30 20:43:00.801 | INFO     | agents.servers.serverDAE:train_on_clients:59 - Saved model for client 12 at epoch 360 -> saved_models/DAE/average/wsn_ds/epoch_360_client_12.pt
2025-09-30 20:43:01.155 | INFO     | agents.servers.serverDAE:train_on_clients:59 - Saved model for client 13 at epoch 360 -> saved_models/DAE/average/wsn_ds/epoch_360_client_13.pt
2025-09-30 20:43:01.503 | INFO     | agents.servers.serverDAE:train_on_clients:59 - Saved model for client 14 at epoch 360 -> saved_models/DAE/average/wsn_ds/epoch_360_client_14.pt
2025-09-30 20:43:01.855 | INFO     | agents.servers.serverDAE:train_on_clients:59 - Saved model for client 15 at epoch 360 -> saved_models/DAE/average/wsn_ds/epoch_360_client_15.pt
2025-09-30 20:43:02.205 | INFO     | agents.servers.serverDAE:train_on_clients:59 - Saved model for client 16 at epoch 360 -> saved_models/DAE/average/wsn_ds/epoch_360_client_16.pt
2025-09-30 20:43:02.560 | INFO     | agents.servers.serverDAE:train_on_clients:59 - Saved model for client 17 at epoch 360 -> saved_models/DAE/average/wsn_ds/epoch_360_client_17.pt
2025-09-30 20:43:02.914 | INFO     | agents.servers.serverDAE:train_on_clients:59 - Saved model for client 18 at epoch 360 -> saved_models/DAE/average/wsn_ds/epoch_360_client_18.pt
2025-09-30 20:43:03.262 | INFO     | agents.servers.serverDAE:train_on_clients:59 - Saved model for client 19 at epoch 360 -> saved_models/DAE/average/wsn_ds/epoch_360_client_19.pt
2025-09-30 20:43:03.268 | INFO     | agents.servers.serverDAE:train_on_clients:65 - 20 clients still training at epoch #360
2025-09-30 20:43:03.286 | INFO     | agents.servers.serverDAE:train_on_clients:22 - Training DAE model epoch #361
2025-09-30 20:43:10.278 | INFO     | agents.servers.serverDAE:train_on_clients:65 - 20 clients still training at epoch #361
2025-09-30 20:43:10.296 | INFO     | agents.servers.serverDAE:train_on_clients:22 - Training DAE model epoch #362
2025-09-30 20:43:12.388 | INFO     | agents.servers.serverDAE:train_on_clients:43 - Client 5 gets new best val_loss at epoch #362: 0.000540
2025-09-30 20:43:15.895 | INFO     | agents.servers.serverDAE:train_on_clients:43 - Client 15 gets new best val_loss at epoch #362: 0.000471
2025-09-30 20:43:17.291 | INFO     | agents.servers.serverDAE:train_on_clients:65 - 20 clients still training at epoch #362
2025-09-30 20:43:17.309 | INFO     | agents.servers.serverDAE:train_on_clients:22 - Training DAE model epoch #363
2025-09-30 20:43:18.006 | INFO     | agents.servers.serverDAE:train_on_clients:43 - Client 1 gets new best val_loss at epoch #363: 0.000481
2025-09-30 20:43:24.303 | INFO     | agents.servers.serverDAE:train_on_clients:65 - 20 clients still training at epoch #363
2025-09-30 20:43:24.321 | INFO     | agents.servers.serverDAE:train_on_clients:22 - Training DAE model epoch #364
2025-09-30 20:43:31.303 | INFO     | agents.servers.serverDAE:train_on_clients:65 - 20 clients still training at epoch #364
2025-09-30 20:43:31.321 | INFO     | agents.servers.serverDAE:train_on_clients:22 - Training DAE model epoch #365
2025-09-30 20:43:38.289 | INFO     | agents.servers.serverDAE:train_on_clients:65 - 20 clients still training at epoch #365
2025-09-30 20:43:38.307 | INFO     | agents.servers.serverDAE:train_on_clients:22 - Training DAE model epoch #366
2025-09-30 20:43:45.307 | INFO     | agents.servers.serverDAE:train_on_clients:65 - 20 clients still training at epoch #366
2025-09-30 20:43:45.325 | INFO     | agents.servers.serverDAE:train_on_clients:22 - Training DAE model epoch #367
2025-09-30 20:43:52.237 | INFO     | agents.servers.serverDAE:train_on_clients:65 - 20 clients still training at epoch #367
2025-09-30 20:43:52.255 | INFO     | agents.servers.serverDAE:train_on_clients:22 - Training DAE model epoch #368
2025-09-30 20:43:59.192 | INFO     | agents.servers.serverDAE:train_on_clients:65 - 20 clients still training at epoch #368
2025-09-30 20:43:59.210 | INFO     | agents.servers.serverDAE:train_on_clients:22 - Training DAE model epoch #369
2025-09-30 20:44:06.286 | INFO     | agents.servers.serverDAE:train_on_clients:65 - 20 clients still training at epoch #369
2025-09-30 20:44:06.304 | INFO     | agents.servers.serverDAE:train_on_clients:22 - Training DAE model epoch #370
2025-09-30 20:44:06.646 | INFO     | agents.servers.serverDAE:train_on_clients:59 - Saved model for client 0 at epoch 370 -> saved_models/DAE/average/wsn_ds/epoch_370_client_0.pt
2025-09-30 20:44:06.993 | INFO     | agents.servers.serverDAE:train_on_clients:59 - Saved model for client 1 at epoch 370 -> saved_models/DAE/average/wsn_ds/epoch_370_client_1.pt
2025-09-30 20:44:07.339 | INFO     | agents.servers.serverDAE:train_on_clients:59 - Saved model for client 2 at epoch 370 -> saved_models/DAE/average/wsn_ds/epoch_370_client_2.pt
2025-09-30 20:44:07.687 | INFO     | agents.servers.serverDAE:train_on_clients:59 - Saved model for client 3 at epoch 370 -> saved_models/DAE/average/wsn_ds/epoch_370_client_3.pt
2025-09-30 20:44:08.035 | INFO     | agents.servers.serverDAE:train_on_clients:59 - Saved model for client 4 at epoch 370 -> saved_models/DAE/average/wsn_ds/epoch_370_client_4.pt
2025-09-30 20:44:08.382 | INFO     | agents.servers.serverDAE:train_on_clients:59 - Saved model for client 5 at epoch 370 -> saved_models/DAE/average/wsn_ds/epoch_370_client_5.pt
2025-09-30 20:44:08.732 | INFO     | agents.servers.serverDAE:train_on_clients:59 - Saved model for client 6 at epoch 370 -> saved_models/DAE/average/wsn_ds/epoch_370_client_6.pt
2025-09-30 20:44:09.079 | INFO     | agents.servers.serverDAE:train_on_clients:59 - Saved model for client 7 at epoch 370 -> saved_models/DAE/average/wsn_ds/epoch_370_client_7.pt
2025-09-30 20:44:09.425 | INFO     | agents.servers.serverDAE:train_on_clients:59 - Saved model for client 8 at epoch 370 -> saved_models/DAE/average/wsn_ds/epoch_370_client_8.pt
2025-09-30 20:44:09.775 | INFO     | agents.servers.serverDAE:train_on_clients:59 - Saved model for client 9 at epoch 370 -> saved_models/DAE/average/wsn_ds/epoch_370_client_9.pt
2025-09-30 20:44:10.124 | INFO     | agents.servers.serverDAE:train_on_clients:59 - Saved model for client 10 at epoch 370 -> saved_models/DAE/average/wsn_ds/epoch_370_client_10.pt
2025-09-30 20:44:10.468 | INFO     | agents.servers.serverDAE:train_on_clients:59 - Saved model for client 11 at epoch 370 -> saved_models/DAE/average/wsn_ds/epoch_370_client_11.pt
2025-09-30 20:44:10.820 | INFO     | agents.servers.serverDAE:train_on_clients:59 - Saved model for client 12 at epoch 370 -> saved_models/DAE/average/wsn_ds/epoch_370_client_12.pt
2025-09-30 20:44:11.167 | INFO     | agents.servers.serverDAE:train_on_clients:59 - Saved model for client 13 at epoch 370 -> saved_models/DAE/average/wsn_ds/epoch_370_client_13.pt
2025-09-30 20:44:11.513 | INFO     | agents.servers.serverDAE:train_on_clients:59 - Saved model for client 14 at epoch 370 -> saved_models/DAE/average/wsn_ds/epoch_370_client_14.pt
2025-09-30 20:44:11.858 | INFO     | agents.servers.serverDAE:train_on_clients:59 - Saved model for client 15 at epoch 370 -> saved_models/DAE/average/wsn_ds/epoch_370_client_15.pt
2025-09-30 20:44:12.206 | INFO     | agents.servers.serverDAE:train_on_clients:59 - Saved model for client 16 at epoch 370 -> saved_models/DAE/average/wsn_ds/epoch_370_client_16.pt
2025-09-30 20:44:12.553 | INFO     | agents.servers.serverDAE:train_on_clients:59 - Saved model for client 17 at epoch 370 -> saved_models/DAE/average/wsn_ds/epoch_370_client_17.pt
2025-09-30 20:44:12.900 | INFO     | agents.servers.serverDAE:train_on_clients:59 - Saved model for client 18 at epoch 370 -> saved_models/DAE/average/wsn_ds/epoch_370_client_18.pt
2025-09-30 20:44:13.250 | INFO     | agents.servers.serverDAE:train_on_clients:59 - Saved model for client 19 at epoch 370 -> saved_models/DAE/average/wsn_ds/epoch_370_client_19.pt
2025-09-30 20:44:13.257 | INFO     | agents.servers.serverDAE:train_on_clients:65 - 20 clients still training at epoch #370
2025-09-30 20:44:13.274 | INFO     | agents.servers.serverDAE:train_on_clients:22 - Training DAE model epoch #371
2025-09-30 20:44:13.965 | INFO     | agents.servers.serverDAE:train_on_clients:43 - Client 1 gets new best val_loss at epoch #371: 0.000472
2025-09-30 20:44:20.253 | INFO     | agents.servers.serverDAE:train_on_clients:65 - 20 clients still training at epoch #371
2025-09-30 20:44:20.271 | INFO     | agents.servers.serverDAE:train_on_clients:22 - Training DAE model epoch #372
2025-09-30 20:44:27.271 | INFO     | agents.servers.serverDAE:train_on_clients:65 - 20 clients still training at epoch #372
2025-09-30 20:44:27.288 | INFO     | agents.servers.serverDAE:train_on_clients:22 - Training DAE model epoch #373
2025-09-30 20:44:34.256 | INFO     | agents.servers.serverDAE:train_on_clients:65 - 20 clients still training at epoch #373
2025-09-30 20:44:34.274 | INFO     | agents.servers.serverDAE:train_on_clients:22 - Training DAE model epoch #374
2025-09-30 20:44:37.797 | INFO     | agents.servers.serverDAE:train_on_clients:43 - Client 9 gets new best val_loss at epoch #374: 0.000519
2025-09-30 20:44:40.225 | INFO     | agents.servers.serverDAE:train_on_clients:43 - Client 16 gets new best val_loss at epoch #374: 0.000417
2025-09-30 20:44:41.265 | INFO     | agents.servers.serverDAE:train_on_clients:65 - 20 clients still training at epoch #374
2025-09-30 20:44:41.284 | INFO     | agents.servers.serverDAE:train_on_clients:22 - Training DAE model epoch #375
2025-09-30 20:44:48.235 | INFO     | agents.servers.serverDAE:train_on_clients:65 - 20 clients still training at epoch #375
2025-09-30 20:44:48.253 | INFO     | agents.servers.serverDAE:train_on_clients:22 - Training DAE model epoch #376
2025-09-30 20:44:55.257 | INFO     | agents.servers.serverDAE:train_on_clients:65 - 20 clients still training at epoch #376
2025-09-30 20:44:55.275 | INFO     | agents.servers.serverDAE:train_on_clients:22 - Training DAE model epoch #377
2025-09-30 20:45:02.270 | INFO     | agents.servers.serverDAE:train_on_clients:65 - 20 clients still training at epoch #377
2025-09-30 20:45:02.288 | INFO     | agents.servers.serverDAE:train_on_clients:22 - Training DAE model epoch #378
2025-09-30 20:45:09.291 | INFO     | agents.servers.serverDAE:train_on_clients:65 - 20 clients still training at epoch #378
2025-09-30 20:45:09.309 | INFO     | agents.servers.serverDAE:train_on_clients:22 - Training DAE model epoch #379
2025-09-30 20:45:11.393 | INFO     | agents.servers.serverDAE:train_on_clients:43 - Client 5 gets new best val_loss at epoch #379: 0.000537
2025-09-30 20:45:16.294 | INFO     | agents.servers.serverDAE:train_on_clients:65 - 20 clients still training at epoch #379
2025-09-30 20:45:16.312 | INFO     | agents.servers.serverDAE:train_on_clients:22 - Training DAE model epoch #380
2025-09-30 20:45:16.654 | INFO     | agents.servers.serverDAE:train_on_clients:59 - Saved model for client 0 at epoch 380 -> saved_models/DAE/average/wsn_ds/epoch_380_client_0.pt
2025-09-30 20:45:17.003 | INFO     | agents.servers.serverDAE:train_on_clients:59 - Saved model for client 1 at epoch 380 -> saved_models/DAE/average/wsn_ds/epoch_380_client_1.pt
2025-09-30 20:45:17.351 | INFO     | agents.servers.serverDAE:train_on_clients:59 - Saved model for client 2 at epoch 380 -> saved_models/DAE/average/wsn_ds/epoch_380_client_2.pt
2025-09-30 20:45:17.698 | INFO     | agents.servers.serverDAE:train_on_clients:59 - Saved model for client 3 at epoch 380 -> saved_models/DAE/average/wsn_ds/epoch_380_client_3.pt
2025-09-30 20:45:18.046 | INFO     | agents.servers.serverDAE:train_on_clients:59 - Saved model for client 4 at epoch 380 -> saved_models/DAE/average/wsn_ds/epoch_380_client_4.pt
2025-09-30 20:45:18.395 | INFO     | agents.servers.serverDAE:train_on_clients:59 - Saved model for client 5 at epoch 380 -> saved_models/DAE/average/wsn_ds/epoch_380_client_5.pt
2025-09-30 20:45:18.746 | INFO     | agents.servers.serverDAE:train_on_clients:59 - Saved model for client 6 at epoch 380 -> saved_models/DAE/average/wsn_ds/epoch_380_client_6.pt
2025-09-30 20:45:19.092 | INFO     | agents.servers.serverDAE:train_on_clients:59 - Saved model for client 7 at epoch 380 -> saved_models/DAE/average/wsn_ds/epoch_380_client_7.pt
2025-09-30 20:45:19.439 | INFO     | agents.servers.serverDAE:train_on_clients:59 - Saved model for client 8 at epoch 380 -> saved_models/DAE/average/wsn_ds/epoch_380_client_8.pt
2025-09-30 20:45:19.784 | INFO     | agents.servers.serverDAE:train_on_clients:59 - Saved model for client 9 at epoch 380 -> saved_models/DAE/average/wsn_ds/epoch_380_client_9.pt
2025-09-30 20:45:20.131 | INFO     | agents.servers.serverDAE:train_on_clients:59 - Saved model for client 10 at epoch 380 -> saved_models/DAE/average/wsn_ds/epoch_380_client_10.pt
2025-09-30 20:45:20.478 | INFO     | agents.servers.serverDAE:train_on_clients:59 - Saved model for client 11 at epoch 380 -> saved_models/DAE/average/wsn_ds/epoch_380_client_11.pt
2025-09-30 20:45:20.827 | INFO     | agents.servers.serverDAE:train_on_clients:59 - Saved model for client 12 at epoch 380 -> saved_models/DAE/average/wsn_ds/epoch_380_client_12.pt
2025-09-30 20:45:21.179 | INFO     | agents.servers.serverDAE:train_on_clients:59 - Saved model for client 13 at epoch 380 -> saved_models/DAE/average/wsn_ds/epoch_380_client_13.pt
2025-09-30 20:45:21.525 | INFO     | agents.servers.serverDAE:train_on_clients:59 - Saved model for client 14 at epoch 380 -> saved_models/DAE/average/wsn_ds/epoch_380_client_14.pt
2025-09-30 20:45:21.871 | INFO     | agents.servers.serverDAE:train_on_clients:59 - Saved model for client 15 at epoch 380 -> saved_models/DAE/average/wsn_ds/epoch_380_client_15.pt
2025-09-30 20:45:22.221 | INFO     | agents.servers.serverDAE:train_on_clients:59 - Saved model for client 16 at epoch 380 -> saved_models/DAE/average/wsn_ds/epoch_380_client_16.pt
2025-09-30 20:45:22.572 | INFO     | agents.servers.serverDAE:train_on_clients:59 - Saved model for client 17 at epoch 380 -> saved_models/DAE/average/wsn_ds/epoch_380_client_17.pt
2025-09-30 20:45:22.920 | INFO     | agents.servers.serverDAE:train_on_clients:59 - Saved model for client 18 at epoch 380 -> saved_models/DAE/average/wsn_ds/epoch_380_client_18.pt
2025-09-30 20:45:23.267 | INFO     | agents.servers.serverDAE:train_on_clients:59 - Saved model for client 19 at epoch 380 -> saved_models/DAE/average/wsn_ds/epoch_380_client_19.pt
2025-09-30 20:45:23.273 | INFO     | agents.servers.serverDAE:train_on_clients:65 - 20 clients still training at epoch #380
2025-09-30 20:45:23.291 | INFO     | agents.servers.serverDAE:train_on_clients:22 - Training DAE model epoch #381
2025-09-30 20:45:30.301 | INFO     | agents.servers.serverDAE:train_on_clients:65 - 20 clients still training at epoch #381
2025-09-30 20:45:30.319 | INFO     | agents.servers.serverDAE:train_on_clients:22 - Training DAE model epoch #382
2025-09-30 20:45:37.328 | INFO     | agents.servers.serverDAE:train_on_clients:65 - 20 clients still training at epoch #382
2025-09-30 20:45:37.346 | INFO     | agents.servers.serverDAE:train_on_clients:22 - Training DAE model epoch #383
2025-09-30 20:45:44.293 | INFO     | agents.servers.serverDAE:train_on_clients:65 - 20 clients still training at epoch #383
2025-09-30 20:45:44.311 | INFO     | agents.servers.serverDAE:train_on_clients:22 - Training DAE model epoch #384
2025-09-30 20:45:51.277 | INFO     | agents.servers.serverDAE:train_on_clients:65 - 20 clients still training at epoch #384
2025-09-30 20:45:51.295 | INFO     | agents.servers.serverDAE:train_on_clients:22 - Training DAE model epoch #385
2025-09-30 20:45:58.250 | INFO     | agents.servers.serverDAE:train_on_clients:65 - 20 clients still training at epoch #385
2025-09-30 20:45:58.268 | INFO     | agents.servers.serverDAE:train_on_clients:22 - Training DAE model epoch #386
2025-09-30 20:46:05.228 | INFO     | agents.servers.serverDAE:train_on_clients:65 - 20 clients still training at epoch #386
2025-09-30 20:46:05.246 | INFO     | agents.servers.serverDAE:train_on_clients:22 - Training DAE model epoch #387
2025-09-30 20:46:12.221 | INFO     | agents.servers.serverDAE:train_on_clients:65 - 20 clients still training at epoch #387
2025-09-30 20:46:12.240 | INFO     | agents.servers.serverDAE:train_on_clients:22 - Training DAE model epoch #388
2025-09-30 20:46:19.316 | INFO     | agents.servers.serverDAE:train_on_clients:65 - 20 clients still training at epoch #388
2025-09-30 20:46:19.334 | INFO     | agents.servers.serverDAE:train_on_clients:22 - Training DAE model epoch #389
2025-09-30 20:46:20.719 | INFO     | agents.servers.serverDAE:train_on_clients:43 - Client 3 gets new best val_loss at epoch #389: 0.000455
2025-09-30 20:46:26.275 | INFO     | agents.servers.serverDAE:train_on_clients:65 - 20 clients still training at epoch #389
2025-09-30 20:46:26.293 | INFO     | agents.servers.serverDAE:train_on_clients:22 - Training DAE model epoch #390
2025-09-30 20:46:26.636 | INFO     | agents.servers.serverDAE:train_on_clients:59 - Saved model for client 0 at epoch 390 -> saved_models/DAE/average/wsn_ds/epoch_390_client_0.pt
2025-09-30 20:46:26.985 | INFO     | agents.servers.serverDAE:train_on_clients:59 - Saved model for client 1 at epoch 390 -> saved_models/DAE/average/wsn_ds/epoch_390_client_1.pt
2025-09-30 20:46:27.331 | INFO     | agents.servers.serverDAE:train_on_clients:59 - Saved model for client 2 at epoch 390 -> saved_models/DAE/average/wsn_ds/epoch_390_client_2.pt
2025-09-30 20:46:27.679 | INFO     | agents.servers.serverDAE:train_on_clients:59 - Saved model for client 3 at epoch 390 -> saved_models/DAE/average/wsn_ds/epoch_390_client_3.pt
2025-09-30 20:46:28.028 | INFO     | agents.servers.serverDAE:train_on_clients:59 - Saved model for client 4 at epoch 390 -> saved_models/DAE/average/wsn_ds/epoch_390_client_4.pt
2025-09-30 20:46:28.377 | INFO     | agents.servers.serverDAE:train_on_clients:59 - Saved model for client 5 at epoch 390 -> saved_models/DAE/average/wsn_ds/epoch_390_client_5.pt
2025-09-30 20:46:28.725 | INFO     | agents.servers.serverDAE:train_on_clients:59 - Saved model for client 6 at epoch 390 -> saved_models/DAE/average/wsn_ds/epoch_390_client_6.pt
2025-09-30 20:46:29.071 | INFO     | agents.servers.serverDAE:train_on_clients:59 - Saved model for client 7 at epoch 390 -> saved_models/DAE/average/wsn_ds/epoch_390_client_7.pt
2025-09-30 20:46:29.421 | INFO     | agents.servers.serverDAE:train_on_clients:59 - Saved model for client 8 at epoch 390 -> saved_models/DAE/average/wsn_ds/epoch_390_client_8.pt
2025-09-30 20:46:29.768 | INFO     | agents.servers.serverDAE:train_on_clients:59 - Saved model for client 9 at epoch 390 -> saved_models/DAE/average/wsn_ds/epoch_390_client_9.pt
2025-09-30 20:46:30.116 | INFO     | agents.servers.serverDAE:train_on_clients:59 - Saved model for client 10 at epoch 390 -> saved_models/DAE/average/wsn_ds/epoch_390_client_10.pt
2025-09-30 20:46:30.463 | INFO     | agents.servers.serverDAE:train_on_clients:59 - Saved model for client 11 at epoch 390 -> saved_models/DAE/average/wsn_ds/epoch_390_client_11.pt
2025-09-30 20:46:30.810 | INFO     | agents.servers.serverDAE:train_on_clients:59 - Saved model for client 12 at epoch 390 -> saved_models/DAE/average/wsn_ds/epoch_390_client_12.pt
2025-09-30 20:46:31.162 | INFO     | agents.servers.serverDAE:train_on_clients:59 - Saved model for client 13 at epoch 390 -> saved_models/DAE/average/wsn_ds/epoch_390_client_13.pt
2025-09-30 20:46:31.514 | INFO     | agents.servers.serverDAE:train_on_clients:59 - Saved model for client 14 at epoch 390 -> saved_models/DAE/average/wsn_ds/epoch_390_client_14.pt
2025-09-30 20:46:31.862 | INFO     | agents.servers.serverDAE:train_on_clients:59 - Saved model for client 15 at epoch 390 -> saved_models/DAE/average/wsn_ds/epoch_390_client_15.pt
2025-09-30 20:46:32.211 | INFO     | agents.servers.serverDAE:train_on_clients:59 - Saved model for client 16 at epoch 390 -> saved_models/DAE/average/wsn_ds/epoch_390_client_16.pt
2025-09-30 20:46:32.561 | INFO     | agents.servers.serverDAE:train_on_clients:59 - Saved model for client 17 at epoch 390 -> saved_models/DAE/average/wsn_ds/epoch_390_client_17.pt
2025-09-30 20:46:32.911 | INFO     | agents.servers.serverDAE:train_on_clients:59 - Saved model for client 18 at epoch 390 -> saved_models/DAE/average/wsn_ds/epoch_390_client_18.pt
2025-09-30 20:46:33.261 | INFO     | agents.servers.serverDAE:train_on_clients:59 - Saved model for client 19 at epoch 390 -> saved_models/DAE/average/wsn_ds/epoch_390_client_19.pt
2025-09-30 20:46:33.267 | INFO     | agents.servers.serverDAE:train_on_clients:65 - 20 clients still training at epoch #390
2025-09-30 20:46:33.285 | INFO     | agents.servers.serverDAE:train_on_clients:22 - Training DAE model epoch #391
2025-09-30 20:46:40.272 | INFO     | agents.servers.serverDAE:train_on_clients:65 - 20 clients still training at epoch #391
2025-09-30 20:46:40.290 | INFO     | agents.servers.serverDAE:train_on_clients:22 - Training DAE model epoch #392
2025-09-30 20:46:47.248 | INFO     | agents.servers.serverDAE:train_on_clients:65 - 20 clients still training at epoch #392
2025-09-30 20:46:47.266 | INFO     | agents.servers.serverDAE:train_on_clients:22 - Training DAE model epoch #393
2025-09-30 20:46:54.281 | INFO     | agents.servers.serverDAE:train_on_clients:65 - 20 clients still training at epoch #393
2025-09-30 20:46:54.299 | INFO     | agents.servers.serverDAE:train_on_clients:22 - Training DAE model epoch #394
2025-09-30 20:47:00.541 | INFO     | agents.servers.serverDAE:train_on_clients:43 - Client 17 gets new best val_loss at epoch #394: 0.000481
2025-09-30 20:47:01.264 | INFO     | agents.servers.serverDAE:train_on_clients:65 - 20 clients still training at epoch #394
2025-09-30 20:47:01.282 | INFO     | agents.servers.serverDAE:train_on_clients:22 - Training DAE model epoch #395
2025-09-30 20:47:06.520 | INFO     | agents.servers.serverDAE:train_on_clients:43 - Client 14 gets new best val_loss at epoch #395: 0.000448
2025-09-30 20:47:08.267 | INFO     | agents.servers.serverDAE:train_on_clients:65 - 20 clients still training at epoch #395
2025-09-30 20:47:08.286 | INFO     | agents.servers.serverDAE:train_on_clients:22 - Training DAE model epoch #396
2025-09-30 20:47:15.273 | INFO     | agents.servers.serverDAE:train_on_clients:65 - 20 clients still training at epoch #396
2025-09-30 20:47:15.291 | INFO     | agents.servers.serverDAE:train_on_clients:22 - Training DAE model epoch #397
2025-09-30 20:47:22.424 | INFO     | agents.servers.serverDAE:train_on_clients:65 - 20 clients still training at epoch #397
2025-09-30 20:47:22.447 | INFO     | agents.servers.serverDAE:train_on_clients:22 - Training DAE model epoch #398
2025-09-30 20:47:29.507 | INFO     | agents.servers.serverDAE:train_on_clients:65 - 20 clients still training at epoch #398
2025-09-30 20:47:29.525 | INFO     | agents.servers.serverDAE:train_on_clients:22 - Training DAE model epoch #399
2025-09-30 20:47:36.503 | INFO     | agents.servers.serverDAE:train_on_clients:65 - 20 clients still training at epoch #399
2025-09-30 20:47:36.522 | INFO     | agents.servers.serverDAE:train_on_clients:22 - Training DAE model epoch #400
2025-09-30 20:47:36.876 | INFO     | agents.servers.serverDAE:train_on_clients:59 - Saved model for client 0 at epoch 400 -> saved_models/DAE/average/wsn_ds/epoch_400_client_0.pt
2025-09-30 20:47:37.241 | INFO     | agents.servers.serverDAE:train_on_clients:59 - Saved model for client 1 at epoch 400 -> saved_models/DAE/average/wsn_ds/epoch_400_client_1.pt
2025-09-30 20:47:37.591 | INFO     | agents.servers.serverDAE:train_on_clients:59 - Saved model for client 2 at epoch 400 -> saved_models/DAE/average/wsn_ds/epoch_400_client_2.pt
2025-09-30 20:47:37.939 | INFO     | agents.servers.serverDAE:train_on_clients:59 - Saved model for client 3 at epoch 400 -> saved_models/DAE/average/wsn_ds/epoch_400_client_3.pt
2025-09-30 20:47:38.282 | INFO     | agents.servers.serverDAE:train_on_clients:59 - Saved model for client 4 at epoch 400 -> saved_models/DAE/average/wsn_ds/epoch_400_client_4.pt
2025-09-30 20:47:38.629 | INFO     | agents.servers.serverDAE:train_on_clients:59 - Saved model for client 5 at epoch 400 -> saved_models/DAE/average/wsn_ds/epoch_400_client_5.pt
2025-09-30 20:47:38.976 | INFO     | agents.servers.serverDAE:train_on_clients:59 - Saved model for client 6 at epoch 400 -> saved_models/DAE/average/wsn_ds/epoch_400_client_6.pt
2025-09-30 20:47:39.331 | INFO     | agents.servers.serverDAE:train_on_clients:59 - Saved model for client 7 at epoch 400 -> saved_models/DAE/average/wsn_ds/epoch_400_client_7.pt
2025-09-30 20:47:39.681 | INFO     | agents.servers.serverDAE:train_on_clients:59 - Saved model for client 8 at epoch 400 -> saved_models/DAE/average/wsn_ds/epoch_400_client_8.pt
2025-09-30 20:47:40.031 | INFO     | agents.servers.serverDAE:train_on_clients:59 - Saved model for client 9 at epoch 400 -> saved_models/DAE/average/wsn_ds/epoch_400_client_9.pt
2025-09-30 20:47:40.379 | INFO     | agents.servers.serverDAE:train_on_clients:59 - Saved model for client 10 at epoch 400 -> saved_models/DAE/average/wsn_ds/epoch_400_client_10.pt
2025-09-30 20:47:40.727 | INFO     | agents.servers.serverDAE:train_on_clients:59 - Saved model for client 11 at epoch 400 -> saved_models/DAE/average/wsn_ds/epoch_400_client_11.pt
2025-09-30 20:47:41.076 | INFO     | agents.servers.serverDAE:train_on_clients:59 - Saved model for client 12 at epoch 400 -> saved_models/DAE/average/wsn_ds/epoch_400_client_12.pt
2025-09-30 20:47:41.423 | INFO     | agents.servers.serverDAE:train_on_clients:43 - Client 13 gets new best val_loss at epoch #400: 0.000437
2025-09-30 20:47:41.424 | INFO     | agents.servers.serverDAE:train_on_clients:59 - Saved model for client 13 at epoch 400 -> saved_models/DAE/average/wsn_ds/epoch_400_client_13.pt
2025-09-30 20:47:41.775 | INFO     | agents.servers.serverDAE:train_on_clients:59 - Saved model for client 14 at epoch 400 -> saved_models/DAE/average/wsn_ds/epoch_400_client_14.pt
2025-09-30 20:47:42.124 | INFO     | agents.servers.serverDAE:train_on_clients:59 - Saved model for client 15 at epoch 400 -> saved_models/DAE/average/wsn_ds/epoch_400_client_15.pt
2025-09-30 20:47:42.475 | INFO     | agents.servers.serverDAE:train_on_clients:59 - Saved model for client 16 at epoch 400 -> saved_models/DAE/average/wsn_ds/epoch_400_client_16.pt
2025-09-30 20:47:42.823 | INFO     | agents.servers.serverDAE:train_on_clients:59 - Saved model for client 17 at epoch 400 -> saved_models/DAE/average/wsn_ds/epoch_400_client_17.pt
2025-09-30 20:47:43.171 | INFO     | agents.servers.serverDAE:train_on_clients:59 - Saved model for client 18 at epoch 400 -> saved_models/DAE/average/wsn_ds/epoch_400_client_18.pt
2025-09-30 20:47:43.517 | INFO     | agents.servers.serverDAE:train_on_clients:59 - Saved model for client 19 at epoch 400 -> saved_models/DAE/average/wsn_ds/epoch_400_client_19.pt
2025-09-30 20:47:43.524 | INFO     | agents.servers.serverDAE:train_on_clients:65 - 20 clients still training at epoch #400
2025-09-30 20:47:43.542 | INFO     | agents.servers.serverDAE:train_on_clients:22 - Training DAE model epoch #401
2025-09-30 20:47:50.512 | INFO     | agents.servers.serverDAE:train_on_clients:65 - 20 clients still training at epoch #401
2025-09-30 20:47:50.530 | INFO     | agents.servers.serverDAE:train_on_clients:22 - Training DAE model epoch #402
2025-09-30 20:47:54.340 | INFO     | agents.servers.serverDAE:train_on_clients:43 - Client 10 gets new best val_loss at epoch #402: 0.000454
2025-09-30 20:47:54.689 | INFO     | agents.servers.serverDAE:train_on_clients:43 - Client 11 gets new best val_loss at epoch #402: 0.000513
2025-09-30 20:47:57.488 | INFO     | agents.servers.serverDAE:train_on_clients:65 - 20 clients still training at epoch #402
2025-09-30 20:47:57.506 | INFO     | agents.servers.serverDAE:train_on_clients:22 - Training DAE model epoch #403
2025-09-30 20:48:00.279 | INFO     | agents.servers.serverDAE:train_on_clients:43 - Client 7 gets new best val_loss at epoch #403: 0.000519
2025-09-30 20:48:04.453 | INFO     | agents.servers.serverDAE:train_on_clients:65 - 20 clients still training at epoch #403
2025-09-30 20:48:04.471 | INFO     | agents.servers.serverDAE:train_on_clients:22 - Training DAE model epoch #404
2025-09-30 20:48:06.901 | INFO     | agents.servers.serverDAE:train_on_clients:43 - Client 6 gets new best val_loss at epoch #404: 0.000452
2025-09-30 20:48:11.450 | INFO     | agents.servers.serverDAE:train_on_clients:65 - 20 clients still training at epoch #404
2025-09-30 20:48:11.468 | INFO     | agents.servers.serverDAE:train_on_clients:22 - Training DAE model epoch #405
2025-09-30 20:48:18.450 | INFO     | agents.servers.serverDAE:train_on_clients:65 - 20 clients still training at epoch #405
2025-09-30 20:48:18.468 | INFO     | agents.servers.serverDAE:train_on_clients:22 - Training DAE model epoch #406
2025-09-30 20:48:24.414 | INFO     | agents.servers.serverDAE:train_on_clients:43 - Client 16 gets new best val_loss at epoch #406: 0.000413
2025-09-30 20:48:25.474 | INFO     | agents.servers.serverDAE:train_on_clients:65 - 20 clients still training at epoch #406
2025-09-30 20:48:25.493 | INFO     | agents.servers.serverDAE:train_on_clients:22 - Training DAE model epoch #407
2025-09-30 20:48:32.552 | INFO     | agents.servers.serverDAE:train_on_clients:65 - 20 clients still training at epoch #407
2025-09-30 20:48:32.570 | INFO     | agents.servers.serverDAE:train_on_clients:22 - Training DAE model epoch #408
2025-09-30 20:48:39.280 | INFO     | agents.servers.serverDAE:train_on_clients:65 - 20 clients still training at epoch #408
2025-09-30 20:48:39.298 | INFO     | agents.servers.serverDAE:train_on_clients:22 - Training DAE model epoch #409
2025-09-30 20:48:40.629 | INFO     | agents.servers.serverDAE:train_on_clients:43 - Client 3 gets new best val_loss at epoch #409: 0.000454
2025-09-30 20:48:46.021 | INFO     | agents.servers.serverDAE:train_on_clients:65 - 20 clients still training at epoch #409
2025-09-30 20:48:46.039 | INFO     | agents.servers.serverDAE:train_on_clients:22 - Training DAE model epoch #410
2025-09-30 20:48:46.369 | INFO     | agents.servers.serverDAE:train_on_clients:59 - Saved model for client 0 at epoch 410 -> saved_models/DAE/average/wsn_ds/epoch_410_client_0.pt
2025-09-30 20:48:46.706 | INFO     | agents.servers.serverDAE:train_on_clients:59 - Saved model for client 1 at epoch 410 -> saved_models/DAE/average/wsn_ds/epoch_410_client_1.pt
2025-09-30 20:48:47.042 | INFO     | agents.servers.serverDAE:train_on_clients:59 - Saved model for client 2 at epoch 410 -> saved_models/DAE/average/wsn_ds/epoch_410_client_2.pt
2025-09-30 20:48:47.375 | INFO     | agents.servers.serverDAE:train_on_clients:59 - Saved model for client 3 at epoch 410 -> saved_models/DAE/average/wsn_ds/epoch_410_client_3.pt
2025-09-30 20:48:47.711 | INFO     | agents.servers.serverDAE:train_on_clients:59 - Saved model for client 4 at epoch 410 -> saved_models/DAE/average/wsn_ds/epoch_410_client_4.pt
2025-09-30 20:48:48.047 | INFO     | agents.servers.serverDAE:train_on_clients:59 - Saved model for client 5 at epoch 410 -> saved_models/DAE/average/wsn_ds/epoch_410_client_5.pt
2025-09-30 20:48:48.396 | INFO     | agents.servers.serverDAE:train_on_clients:59 - Saved model for client 6 at epoch 410 -> saved_models/DAE/average/wsn_ds/epoch_410_client_6.pt
2025-09-30 20:48:48.744 | INFO     | agents.servers.serverDAE:train_on_clients:59 - Saved model for client 7 at epoch 410 -> saved_models/DAE/average/wsn_ds/epoch_410_client_7.pt
2025-09-30 20:48:49.091 | INFO     | agents.servers.serverDAE:train_on_clients:59 - Saved model for client 8 at epoch 410 -> saved_models/DAE/average/wsn_ds/epoch_410_client_8.pt
2025-09-30 20:48:49.441 | INFO     | agents.servers.serverDAE:train_on_clients:59 - Saved model for client 9 at epoch 410 -> saved_models/DAE/average/wsn_ds/epoch_410_client_9.pt
2025-09-30 20:48:49.790 | INFO     | agents.servers.serverDAE:train_on_clients:59 - Saved model for client 10 at epoch 410 -> saved_models/DAE/average/wsn_ds/epoch_410_client_10.pt
2025-09-30 20:48:50.130 | INFO     | agents.servers.serverDAE:train_on_clients:59 - Saved model for client 11 at epoch 410 -> saved_models/DAE/average/wsn_ds/epoch_410_client_11.pt
2025-09-30 20:48:50.477 | INFO     | agents.servers.serverDAE:train_on_clients:59 - Saved model for client 12 at epoch 410 -> saved_models/DAE/average/wsn_ds/epoch_410_client_12.pt
2025-09-30 20:48:50.824 | INFO     | agents.servers.serverDAE:train_on_clients:59 - Saved model for client 13 at epoch 410 -> saved_models/DAE/average/wsn_ds/epoch_410_client_13.pt
2025-09-30 20:48:51.169 | INFO     | agents.servers.serverDAE:train_on_clients:59 - Saved model for client 14 at epoch 410 -> saved_models/DAE/average/wsn_ds/epoch_410_client_14.pt
2025-09-30 20:48:51.518 | INFO     | agents.servers.serverDAE:train_on_clients:59 - Saved model for client 15 at epoch 410 -> saved_models/DAE/average/wsn_ds/epoch_410_client_15.pt
2025-09-30 20:48:51.868 | INFO     | agents.servers.serverDAE:train_on_clients:59 - Saved model for client 16 at epoch 410 -> saved_models/DAE/average/wsn_ds/epoch_410_client_16.pt
2025-09-30 20:48:52.218 | INFO     | agents.servers.serverDAE:train_on_clients:59 - Saved model for client 17 at epoch 410 -> saved_models/DAE/average/wsn_ds/epoch_410_client_17.pt
2025-09-30 20:48:52.565 | INFO     | agents.servers.serverDAE:train_on_clients:59 - Saved model for client 18 at epoch 410 -> saved_models/DAE/average/wsn_ds/epoch_410_client_18.pt
2025-09-30 20:48:52.911 | INFO     | agents.servers.serverDAE:train_on_clients:59 - Saved model for client 19 at epoch 410 -> saved_models/DAE/average/wsn_ds/epoch_410_client_19.pt
2025-09-30 20:48:52.918 | INFO     | agents.servers.serverDAE:train_on_clients:65 - 20 clients still training at epoch #410
2025-09-30 20:48:52.936 | INFO     | agents.servers.serverDAE:train_on_clients:22 - Training DAE model epoch #411
2025-09-30 20:48:53.969 | INFO     | agents.servers.serverDAE:train_on_clients:43 - Client 2 gets new best val_loss at epoch #411: 0.000437
2025-09-30 20:48:59.865 | INFO     | agents.servers.serverDAE:train_on_clients:65 - 20 clients still training at epoch #411
2025-09-30 20:48:59.883 | INFO     | agents.servers.serverDAE:train_on_clients:22 - Training DAE model epoch #412
2025-09-30 20:49:06.846 | INFO     | agents.servers.serverDAE:train_on_clients:65 - 20 clients still training at epoch #412
2025-09-30 20:49:06.864 | INFO     | agents.servers.serverDAE:train_on_clients:22 - Training DAE model epoch #413
2025-09-30 20:49:09.973 | INFO     | agents.servers.serverDAE:train_on_clients:43 - Client 8 gets new best val_loss at epoch #413: 0.000454
2025-09-30 20:49:13.812 | INFO     | agents.servers.serverDAE:train_on_clients:65 - 20 clients still training at epoch #413
2025-09-30 20:49:13.830 | INFO     | agents.servers.serverDAE:train_on_clients:22 - Training DAE model epoch #414
2025-09-30 20:49:20.798 | INFO     | agents.servers.serverDAE:train_on_clients:65 - 20 clients still training at epoch #414
2025-09-30 20:49:20.815 | INFO     | agents.servers.serverDAE:train_on_clients:22 - Training DAE model epoch #415
2025-09-30 20:49:24.619 | INFO     | agents.servers.serverDAE:train_on_clients:43 - Client 10 gets new best val_loss at epoch #415: 0.000443
2025-09-30 20:49:27.735 | INFO     | agents.servers.serverDAE:train_on_clients:65 - 20 clients still training at epoch #415
2025-09-30 20:49:27.753 | INFO     | agents.servers.serverDAE:train_on_clients:22 - Training DAE model epoch #416
2025-09-30 20:49:34.799 | INFO     | agents.servers.serverDAE:train_on_clients:65 - 20 clients still training at epoch #416
2025-09-30 20:49:34.817 | INFO     | agents.servers.serverDAE:train_on_clients:22 - Training DAE model epoch #417
2025-09-30 20:49:42.032 | INFO     | agents.servers.serverDAE:train_on_clients:65 - 20 clients still training at epoch #417
2025-09-30 20:49:42.050 | INFO     | agents.servers.serverDAE:train_on_clients:22 - Training DAE model epoch #418
2025-09-30 20:49:49.311 | INFO     | agents.servers.serverDAE:train_on_clients:65 - 20 clients still training at epoch #418
2025-09-30 20:49:49.329 | INFO     | agents.servers.serverDAE:train_on_clients:22 - Training DAE model epoch #419
2025-09-30 20:49:56.290 | INFO     | agents.servers.serverDAE:train_on_clients:65 - 20 clients still training at epoch #419
2025-09-30 20:49:56.308 | INFO     | agents.servers.serverDAE:train_on_clients:22 - Training DAE model epoch #420
2025-09-30 20:49:56.651 | INFO     | agents.servers.serverDAE:train_on_clients:59 - Saved model for client 0 at epoch 420 -> saved_models/DAE/average/wsn_ds/epoch_420_client_0.pt
2025-09-30 20:49:56.998 | INFO     | agents.servers.serverDAE:train_on_clients:59 - Saved model for client 1 at epoch 420 -> saved_models/DAE/average/wsn_ds/epoch_420_client_1.pt
2025-09-30 20:49:57.346 | INFO     | agents.servers.serverDAE:train_on_clients:59 - Saved model for client 2 at epoch 420 -> saved_models/DAE/average/wsn_ds/epoch_420_client_2.pt
2025-09-30 20:49:57.699 | INFO     | agents.servers.serverDAE:train_on_clients:59 - Saved model for client 3 at epoch 420 -> saved_models/DAE/average/wsn_ds/epoch_420_client_3.pt
2025-09-30 20:49:58.050 | INFO     | agents.servers.serverDAE:train_on_clients:59 - Saved model for client 4 at epoch 420 -> saved_models/DAE/average/wsn_ds/epoch_420_client_4.pt
2025-09-30 20:49:58.400 | INFO     | agents.servers.serverDAE:train_on_clients:59 - Saved model for client 5 at epoch 420 -> saved_models/DAE/average/wsn_ds/epoch_420_client_5.pt
2025-09-30 20:49:58.750 | INFO     | agents.servers.serverDAE:train_on_clients:59 - Saved model for client 6 at epoch 420 -> saved_models/DAE/average/wsn_ds/epoch_420_client_6.pt
2025-09-30 20:49:59.102 | INFO     | agents.servers.serverDAE:train_on_clients:59 - Saved model for client 7 at epoch 420 -> saved_models/DAE/average/wsn_ds/epoch_420_client_7.pt
2025-09-30 20:49:59.449 | INFO     | agents.servers.serverDAE:train_on_clients:59 - Saved model for client 8 at epoch 420 -> saved_models/DAE/average/wsn_ds/epoch_420_client_8.pt
2025-09-30 20:49:59.795 | INFO     | agents.servers.serverDAE:train_on_clients:59 - Saved model for client 9 at epoch 420 -> saved_models/DAE/average/wsn_ds/epoch_420_client_9.pt
2025-09-30 20:50:00.143 | INFO     | agents.servers.serverDAE:train_on_clients:59 - Saved model for client 10 at epoch 420 -> saved_models/DAE/average/wsn_ds/epoch_420_client_10.pt
2025-09-30 20:50:00.493 | INFO     | agents.servers.serverDAE:train_on_clients:59 - Saved model for client 11 at epoch 420 -> saved_models/DAE/average/wsn_ds/epoch_420_client_11.pt
2025-09-30 20:50:00.845 | INFO     | agents.servers.serverDAE:train_on_clients:59 - Saved model for client 12 at epoch 420 -> saved_models/DAE/average/wsn_ds/epoch_420_client_12.pt
2025-09-30 20:50:01.198 | INFO     | agents.servers.serverDAE:train_on_clients:59 - Saved model for client 13 at epoch 420 -> saved_models/DAE/average/wsn_ds/epoch_420_client_13.pt
2025-09-30 20:50:01.548 | INFO     | agents.servers.serverDAE:train_on_clients:59 - Saved model for client 14 at epoch 420 -> saved_models/DAE/average/wsn_ds/epoch_420_client_14.pt
2025-09-30 20:50:01.895 | INFO     | agents.servers.serverDAE:train_on_clients:59 - Saved model for client 15 at epoch 420 -> saved_models/DAE/average/wsn_ds/epoch_420_client_15.pt
2025-09-30 20:50:02.244 | INFO     | agents.servers.serverDAE:train_on_clients:59 - Saved model for client 16 at epoch 420 -> saved_models/DAE/average/wsn_ds/epoch_420_client_16.pt
2025-09-30 20:50:02.592 | INFO     | agents.servers.serverDAE:train_on_clients:59 - Saved model for client 17 at epoch 420 -> saved_models/DAE/average/wsn_ds/epoch_420_client_17.pt
2025-09-30 20:50:02.944 | INFO     | agents.servers.serverDAE:train_on_clients:59 - Saved model for client 18 at epoch 420 -> saved_models/DAE/average/wsn_ds/epoch_420_client_18.pt
2025-09-30 20:50:03.292 | INFO     | agents.servers.serverDAE:train_on_clients:59 - Saved model for client 19 at epoch 420 -> saved_models/DAE/average/wsn_ds/epoch_420_client_19.pt
2025-09-30 20:50:03.299 | INFO     | agents.servers.serverDAE:train_on_clients:65 - 20 clients still training at epoch #420
2025-09-30 20:50:03.317 | INFO     | agents.servers.serverDAE:train_on_clients:22 - Training DAE model epoch #421
2025-09-30 20:50:10.284 | INFO     | agents.servers.serverDAE:train_on_clients:65 - 20 clients still training at epoch #421
2025-09-30 20:50:10.302 | INFO     | agents.servers.serverDAE:train_on_clients:22 - Training DAE model epoch #422
2025-09-30 20:50:10.994 | INFO     | agents.servers.serverDAE:train_on_clients:43 - Client 1 gets new best val_loss at epoch #422: 0.000469
2025-09-30 20:50:17.255 | INFO     | agents.servers.serverDAE:train_on_clients:65 - 20 clients still training at epoch #422
2025-09-30 20:50:17.273 | INFO     | agents.servers.serverDAE:train_on_clients:22 - Training DAE model epoch #423
2025-09-30 20:50:24.276 | INFO     | agents.servers.serverDAE:train_on_clients:65 - 20 clients still training at epoch #423
2025-09-30 20:50:24.294 | INFO     | agents.servers.serverDAE:train_on_clients:22 - Training DAE model epoch #424
2025-09-30 20:50:31.297 | INFO     | agents.servers.serverDAE:train_on_clients:65 - 20 clients still training at epoch #424
2025-09-30 20:50:31.315 | INFO     | agents.servers.serverDAE:train_on_clients:22 - Training DAE model epoch #425
2025-09-30 20:50:38.270 | INFO     | agents.servers.serverDAE:train_on_clients:65 - 20 clients still training at epoch #425
2025-09-30 20:50:38.288 | INFO     | agents.servers.serverDAE:train_on_clients:22 - Training DAE model epoch #426
2025-09-30 20:50:38.648 | INFO     | agents.servers.serverDAE:train_on_clients:43 - Client 0 gets new best val_loss at epoch #426: 0.000491
2025-09-30 20:50:43.395 | INFO     | agents.servers.serverDAE:train_on_clients:43 - Client 14 gets new best val_loss at epoch #426: 0.000431
2025-09-30 20:50:45.120 | INFO     | agents.servers.serverDAE:train_on_clients:65 - 20 clients still training at epoch #426
2025-09-30 20:50:45.138 | INFO     | agents.servers.serverDAE:train_on_clients:22 - Training DAE model epoch #427
2025-09-30 20:50:51.879 | INFO     | agents.servers.serverDAE:train_on_clients:65 - 20 clients still training at epoch #427
2025-09-30 20:50:51.897 | INFO     | agents.servers.serverDAE:train_on_clients:22 - Training DAE model epoch #428
2025-09-30 20:50:54.214 | INFO     | agents.servers.serverDAE:train_on_clients:43 - Client 6 gets new best val_loss at epoch #428: 0.000443
2025-09-30 20:50:58.569 | INFO     | agents.servers.serverDAE:train_on_clients:65 - 20 clients still training at epoch #428
2025-09-30 20:50:58.587 | INFO     | agents.servers.serverDAE:train_on_clients:22 - Training DAE model epoch #429
2025-09-30 20:51:05.262 | INFO     | agents.servers.serverDAE:train_on_clients:65 - 20 clients still training at epoch #429
2025-09-30 20:51:05.280 | INFO     | agents.servers.serverDAE:train_on_clients:22 - Training DAE model epoch #430
2025-09-30 20:51:05.611 | INFO     | agents.servers.serverDAE:train_on_clients:59 - Saved model for client 0 at epoch 430 -> saved_models/DAE/average/wsn_ds/epoch_430_client_0.pt
2025-09-30 20:51:05.942 | INFO     | agents.servers.serverDAE:train_on_clients:59 - Saved model for client 1 at epoch 430 -> saved_models/DAE/average/wsn_ds/epoch_430_client_1.pt
2025-09-30 20:51:06.278 | INFO     | agents.servers.serverDAE:train_on_clients:59 - Saved model for client 2 at epoch 430 -> saved_models/DAE/average/wsn_ds/epoch_430_client_2.pt
2025-09-30 20:51:06.611 | INFO     | agents.servers.serverDAE:train_on_clients:59 - Saved model for client 3 at epoch 430 -> saved_models/DAE/average/wsn_ds/epoch_430_client_3.pt
2025-09-30 20:51:06.942 | INFO     | agents.servers.serverDAE:train_on_clients:59 - Saved model for client 4 at epoch 430 -> saved_models/DAE/average/wsn_ds/epoch_430_client_4.pt
2025-09-30 20:51:07.273 | INFO     | agents.servers.serverDAE:train_on_clients:59 - Saved model for client 5 at epoch 430 -> saved_models/DAE/average/wsn_ds/epoch_430_client_5.pt
2025-09-30 20:51:07.607 | INFO     | agents.servers.serverDAE:train_on_clients:59 - Saved model for client 6 at epoch 430 -> saved_models/DAE/average/wsn_ds/epoch_430_client_6.pt
2025-09-30 20:51:07.936 | INFO     | agents.servers.serverDAE:train_on_clients:59 - Saved model for client 7 at epoch 430 -> saved_models/DAE/average/wsn_ds/epoch_430_client_7.pt
2025-09-30 20:51:08.268 | INFO     | agents.servers.serverDAE:train_on_clients:59 - Saved model for client 8 at epoch 430 -> saved_models/DAE/average/wsn_ds/epoch_430_client_8.pt
2025-09-30 20:51:08.600 | INFO     | agents.servers.serverDAE:train_on_clients:59 - Saved model for client 9 at epoch 430 -> saved_models/DAE/average/wsn_ds/epoch_430_client_9.pt
2025-09-30 20:51:08.933 | INFO     | agents.servers.serverDAE:train_on_clients:59 - Saved model for client 10 at epoch 430 -> saved_models/DAE/average/wsn_ds/epoch_430_client_10.pt
2025-09-30 20:51:09.267 | INFO     | agents.servers.serverDAE:train_on_clients:59 - Saved model for client 11 at epoch 430 -> saved_models/DAE/average/wsn_ds/epoch_430_client_11.pt
2025-09-30 20:51:09.599 | INFO     | agents.servers.serverDAE:train_on_clients:59 - Saved model for client 12 at epoch 430 -> saved_models/DAE/average/wsn_ds/epoch_430_client_12.pt
2025-09-30 20:51:09.929 | INFO     | agents.servers.serverDAE:train_on_clients:59 - Saved model for client 13 at epoch 430 -> saved_models/DAE/average/wsn_ds/epoch_430_client_13.pt
2025-09-30 20:51:10.259 | INFO     | agents.servers.serverDAE:train_on_clients:59 - Saved model for client 14 at epoch 430 -> saved_models/DAE/average/wsn_ds/epoch_430_client_14.pt
2025-09-30 20:51:10.593 | INFO     | agents.servers.serverDAE:train_on_clients:59 - Saved model for client 15 at epoch 430 -> saved_models/DAE/average/wsn_ds/epoch_430_client_15.pt
2025-09-30 20:51:10.924 | INFO     | agents.servers.serverDAE:train_on_clients:59 - Saved model for client 16 at epoch 430 -> saved_models/DAE/average/wsn_ds/epoch_430_client_16.pt
2025-09-30 20:51:11.263 | INFO     | agents.servers.serverDAE:train_on_clients:59 - Saved model for client 17 at epoch 430 -> saved_models/DAE/average/wsn_ds/epoch_430_client_17.pt
2025-09-30 20:51:11.596 | INFO     | agents.servers.serverDAE:train_on_clients:59 - Saved model for client 18 at epoch 430 -> saved_models/DAE/average/wsn_ds/epoch_430_client_18.pt
2025-09-30 20:51:11.929 | INFO     | agents.servers.serverDAE:train_on_clients:59 - Saved model for client 19 at epoch 430 -> saved_models/DAE/average/wsn_ds/epoch_430_client_19.pt
2025-09-30 20:51:11.935 | INFO     | agents.servers.serverDAE:train_on_clients:65 - 20 clients still training at epoch #430
2025-09-30 20:51:11.953 | INFO     | agents.servers.serverDAE:train_on_clients:22 - Training DAE model epoch #431
2025-09-30 20:51:12.280 | INFO     | agents.servers.serverDAE:train_on_clients:43 - Client 0 gets new best val_loss at epoch #431: 0.000469
2025-09-30 20:51:18.625 | INFO     | agents.servers.serverDAE:train_on_clients:65 - 20 clients still training at epoch #431
2025-09-30 20:51:18.644 | INFO     | agents.servers.serverDAE:train_on_clients:22 - Training DAE model epoch #432
2025-09-30 20:51:20.629 | INFO     | agents.servers.serverDAE:train_on_clients:43 - Client 5 gets new best val_loss at epoch #432: 0.000529
2025-09-30 20:51:25.493 | INFO     | agents.servers.serverDAE:train_on_clients:65 - 20 clients still training at epoch #432
2025-09-30 20:51:25.511 | INFO     | agents.servers.serverDAE:train_on_clients:22 - Training DAE model epoch #433
2025-09-30 20:51:32.338 | INFO     | agents.servers.serverDAE:train_on_clients:65 - 20 clients still training at epoch #433
2025-09-30 20:51:32.356 | INFO     | agents.servers.serverDAE:train_on_clients:22 - Training DAE model epoch #434
2025-09-30 20:51:39.021 | INFO     | agents.servers.serverDAE:train_on_clients:65 - 20 clients still training at epoch #434
2025-09-30 20:51:39.039 | INFO     | agents.servers.serverDAE:train_on_clients:22 - Training DAE model epoch #435
2025-09-30 20:51:45.802 | INFO     | agents.servers.serverDAE:train_on_clients:65 - 20 clients still training at epoch #435
2025-09-30 20:51:45.820 | INFO     | agents.servers.serverDAE:train_on_clients:22 - Training DAE model epoch #436
2025-09-30 20:51:52.710 | INFO     | agents.servers.serverDAE:train_on_clients:65 - 20 clients still training at epoch #436
2025-09-30 20:51:52.728 | INFO     | agents.servers.serverDAE:train_on_clients:22 - Training DAE model epoch #437
2025-09-30 20:51:59.460 | INFO     | agents.servers.serverDAE:train_on_clients:65 - 20 clients still training at epoch #437
2025-09-30 20:51:59.479 | INFO     | agents.servers.serverDAE:train_on_clients:22 - Training DAE model epoch #438
2025-09-30 20:52:00.851 | INFO     | agents.servers.serverDAE:train_on_clients:43 - Client 3 gets new best val_loss at epoch #438: 0.000454
2025-09-30 20:52:06.322 | INFO     | agents.servers.serverDAE:train_on_clients:65 - 20 clients still training at epoch #438
2025-09-30 20:52:06.340 | INFO     | agents.servers.serverDAE:train_on_clients:22 - Training DAE model epoch #439
2025-09-30 20:52:10.449 | INFO     | agents.servers.serverDAE:train_on_clients:43 - Client 11 gets new best val_loss at epoch #439: 0.000503
2025-09-30 20:52:13.150 | INFO     | agents.servers.serverDAE:train_on_clients:65 - 20 clients still training at epoch #439
2025-09-30 20:52:13.168 | INFO     | agents.servers.serverDAE:train_on_clients:22 - Training DAE model epoch #440
2025-09-30 20:52:13.514 | INFO     | agents.servers.serverDAE:train_on_clients:59 - Saved model for client 0 at epoch 440 -> saved_models/DAE/average/wsn_ds/epoch_440_client_0.pt
2025-09-30 20:52:13.872 | INFO     | agents.servers.serverDAE:train_on_clients:59 - Saved model for client 1 at epoch 440 -> saved_models/DAE/average/wsn_ds/epoch_440_client_1.pt
2025-09-30 20:52:14.224 | INFO     | agents.servers.serverDAE:train_on_clients:59 - Saved model for client 2 at epoch 440 -> saved_models/DAE/average/wsn_ds/epoch_440_client_2.pt
2025-09-30 20:52:14.564 | INFO     | agents.servers.serverDAE:train_on_clients:59 - Saved model for client 3 at epoch 440 -> saved_models/DAE/average/wsn_ds/epoch_440_client_3.pt
2025-09-30 20:52:14.905 | INFO     | agents.servers.serverDAE:train_on_clients:59 - Saved model for client 4 at epoch 440 -> saved_models/DAE/average/wsn_ds/epoch_440_client_4.pt
2025-09-30 20:52:15.245 | INFO     | agents.servers.serverDAE:train_on_clients:59 - Saved model for client 5 at epoch 440 -> saved_models/DAE/average/wsn_ds/epoch_440_client_5.pt
2025-09-30 20:52:15.588 | INFO     | agents.servers.serverDAE:train_on_clients:59 - Saved model for client 6 at epoch 440 -> saved_models/DAE/average/wsn_ds/epoch_440_client_6.pt
2025-09-30 20:52:15.930 | INFO     | agents.servers.serverDAE:train_on_clients:59 - Saved model for client 7 at epoch 440 -> saved_models/DAE/average/wsn_ds/epoch_440_client_7.pt
2025-09-30 20:52:16.271 | INFO     | agents.servers.serverDAE:train_on_clients:59 - Saved model for client 8 at epoch 440 -> saved_models/DAE/average/wsn_ds/epoch_440_client_8.pt
2025-09-30 20:52:16.610 | INFO     | agents.servers.serverDAE:train_on_clients:59 - Saved model for client 9 at epoch 440 -> saved_models/DAE/average/wsn_ds/epoch_440_client_9.pt
2025-09-30 20:52:16.951 | INFO     | agents.servers.serverDAE:train_on_clients:59 - Saved model for client 10 at epoch 440 -> saved_models/DAE/average/wsn_ds/epoch_440_client_10.pt
2025-09-30 20:52:17.292 | INFO     | agents.servers.serverDAE:train_on_clients:59 - Saved model for client 11 at epoch 440 -> saved_models/DAE/average/wsn_ds/epoch_440_client_11.pt
2025-09-30 20:52:17.632 | INFO     | agents.servers.serverDAE:train_on_clients:59 - Saved model for client 12 at epoch 440 -> saved_models/DAE/average/wsn_ds/epoch_440_client_12.pt
2025-09-30 20:52:17.974 | INFO     | agents.servers.serverDAE:train_on_clients:59 - Saved model for client 13 at epoch 440 -> saved_models/DAE/average/wsn_ds/epoch_440_client_13.pt
2025-09-30 20:52:18.315 | INFO     | agents.servers.serverDAE:train_on_clients:59 - Saved model for client 14 at epoch 440 -> saved_models/DAE/average/wsn_ds/epoch_440_client_14.pt
2025-09-30 20:52:18.655 | INFO     | agents.servers.serverDAE:train_on_clients:59 - Saved model for client 15 at epoch 440 -> saved_models/DAE/average/wsn_ds/epoch_440_client_15.pt
2025-09-30 20:52:18.992 | INFO     | agents.servers.serverDAE:train_on_clients:59 - Saved model for client 16 at epoch 440 -> saved_models/DAE/average/wsn_ds/epoch_440_client_16.pt
2025-09-30 20:52:19.332 | INFO     | agents.servers.serverDAE:train_on_clients:59 - Saved model for client 17 at epoch 440 -> saved_models/DAE/average/wsn_ds/epoch_440_client_17.pt
2025-09-30 20:52:19.672 | INFO     | agents.servers.serverDAE:train_on_clients:59 - Saved model for client 18 at epoch 440 -> saved_models/DAE/average/wsn_ds/epoch_440_client_18.pt
2025-09-30 20:52:20.009 | INFO     | agents.servers.serverDAE:train_on_clients:59 - Saved model for client 19 at epoch 440 -> saved_models/DAE/average/wsn_ds/epoch_440_client_19.pt
2025-09-30 20:52:20.016 | INFO     | agents.servers.serverDAE:train_on_clients:65 - 20 clients still training at epoch #440
2025-09-30 20:52:20.033 | INFO     | agents.servers.serverDAE:train_on_clients:22 - Training DAE model epoch #441
2025-09-30 20:52:26.843 | INFO     | agents.servers.serverDAE:train_on_clients:65 - 20 clients still training at epoch #441
2025-09-30 20:52:26.861 | INFO     | agents.servers.serverDAE:train_on_clients:22 - Training DAE model epoch #442
2025-09-30 20:52:27.557 | INFO     | agents.servers.serverDAE:train_on_clients:43 - Client 1 gets new best val_loss at epoch #442: 0.000469
2025-09-30 20:52:30.311 | INFO     | agents.servers.serverDAE:train_on_clients:43 - Client 9 gets new best val_loss at epoch #442: 0.000519
2025-09-30 20:52:33.799 | INFO     | agents.servers.serverDAE:train_on_clients:65 - 20 clients still training at epoch #442
2025-09-30 20:52:33.817 | INFO     | agents.servers.serverDAE:train_on_clients:22 - Training DAE model epoch #443
2025-09-30 20:52:40.761 | INFO     | agents.servers.serverDAE:train_on_clients:65 - 20 clients still training at epoch #443
2025-09-30 20:52:40.779 | INFO     | agents.servers.serverDAE:train_on_clients:22 - Training DAE model epoch #444
2025-09-30 20:52:45.282 | INFO     | agents.servers.serverDAE:train_on_clients:43 - Client 12 gets new best val_loss at epoch #444: 0.000494
2025-09-30 20:52:47.692 | INFO     | agents.servers.serverDAE:train_on_clients:65 - 20 clients still training at epoch #444
2025-09-30 20:52:47.710 | INFO     | agents.servers.serverDAE:train_on_clients:22 - Training DAE model epoch #445
2025-09-30 20:52:54.769 | INFO     | agents.servers.serverDAE:train_on_clients:65 - 20 clients still training at epoch #445
2025-09-30 20:52:54.787 | INFO     | agents.servers.serverDAE:train_on_clients:22 - Training DAE model epoch #446
2025-09-30 20:53:00.792 | INFO     | agents.servers.serverDAE:train_on_clients:43 - Client 16 gets new best val_loss at epoch #446: 0.000413
2025-09-30 20:53:01.852 | INFO     | agents.servers.serverDAE:train_on_clients:65 - 20 clients still training at epoch #446
2025-09-30 20:53:01.870 | INFO     | agents.servers.serverDAE:train_on_clients:22 - Training DAE model epoch #447
2025-09-30 20:53:05.348 | INFO     | agents.servers.serverDAE:train_on_clients:43 - Client 9 gets new best val_loss at epoch #447: 0.000519
2025-09-30 20:53:08.807 | INFO     | agents.servers.serverDAE:train_on_clients:65 - 20 clients still training at epoch #447
2025-09-30 20:53:08.826 | INFO     | agents.servers.serverDAE:train_on_clients:22 - Training DAE model epoch #448
2025-09-30 20:53:15.749 | INFO     | agents.servers.serverDAE:train_on_clients:65 - 20 clients still training at epoch #448
2025-09-30 20:53:15.767 | INFO     | agents.servers.serverDAE:train_on_clients:22 - Training DAE model epoch #449
2025-09-30 20:53:22.594 | INFO     | agents.servers.serverDAE:train_on_clients:43 - Client 19 gets new best val_loss at epoch #449: 0.000430
2025-09-30 20:53:22.602 | INFO     | agents.servers.serverDAE:train_on_clients:65 - 20 clients still training at epoch #449
2025-09-30 20:53:22.620 | INFO     | agents.servers.serverDAE:train_on_clients:22 - Training DAE model epoch #450
2025-09-30 20:53:22.954 | INFO     | agents.servers.serverDAE:train_on_clients:59 - Saved model for client 0 at epoch 450 -> saved_models/DAE/average/wsn_ds/epoch_450_client_0.pt
2025-09-30 20:53:23.294 | INFO     | agents.servers.serverDAE:train_on_clients:59 - Saved model for client 1 at epoch 450 -> saved_models/DAE/average/wsn_ds/epoch_450_client_1.pt
2025-09-30 20:53:23.636 | INFO     | agents.servers.serverDAE:train_on_clients:59 - Saved model for client 2 at epoch 450 -> saved_models/DAE/average/wsn_ds/epoch_450_client_2.pt
2025-09-30 20:53:23.977 | INFO     | agents.servers.serverDAE:train_on_clients:59 - Saved model for client 3 at epoch 450 -> saved_models/DAE/average/wsn_ds/epoch_450_client_3.pt
2025-09-30 20:53:24.321 | INFO     | agents.servers.serverDAE:train_on_clients:59 - Saved model for client 4 at epoch 450 -> saved_models/DAE/average/wsn_ds/epoch_450_client_4.pt
2025-09-30 20:53:24.663 | INFO     | agents.servers.serverDAE:train_on_clients:59 - Saved model for client 5 at epoch 450 -> saved_models/DAE/average/wsn_ds/epoch_450_client_5.pt
2025-09-30 20:53:25.004 | INFO     | agents.servers.serverDAE:train_on_clients:59 - Saved model for client 6 at epoch 450 -> saved_models/DAE/average/wsn_ds/epoch_450_client_6.pt
2025-09-30 20:53:25.347 | INFO     | agents.servers.serverDAE:train_on_clients:59 - Saved model for client 7 at epoch 450 -> saved_models/DAE/average/wsn_ds/epoch_450_client_7.pt
2025-09-30 20:53:25.689 | INFO     | agents.servers.serverDAE:train_on_clients:59 - Saved model for client 8 at epoch 450 -> saved_models/DAE/average/wsn_ds/epoch_450_client_8.pt
2025-09-30 20:53:26.031 | INFO     | agents.servers.serverDAE:train_on_clients:59 - Saved model for client 9 at epoch 450 -> saved_models/DAE/average/wsn_ds/epoch_450_client_9.pt
2025-09-30 20:53:26.372 | INFO     | agents.servers.serverDAE:train_on_clients:59 - Saved model for client 10 at epoch 450 -> saved_models/DAE/average/wsn_ds/epoch_450_client_10.pt
2025-09-30 20:53:26.713 | INFO     | agents.servers.serverDAE:train_on_clients:59 - Saved model for client 11 at epoch 450 -> saved_models/DAE/average/wsn_ds/epoch_450_client_11.pt
2025-09-30 20:53:27.054 | INFO     | agents.servers.serverDAE:train_on_clients:59 - Saved model for client 12 at epoch 450 -> saved_models/DAE/average/wsn_ds/epoch_450_client_12.pt
2025-09-30 20:53:27.392 | INFO     | agents.servers.serverDAE:train_on_clients:59 - Saved model for client 13 at epoch 450 -> saved_models/DAE/average/wsn_ds/epoch_450_client_13.pt
2025-09-30 20:53:27.733 | INFO     | agents.servers.serverDAE:train_on_clients:59 - Saved model for client 14 at epoch 450 -> saved_models/DAE/average/wsn_ds/epoch_450_client_14.pt
2025-09-30 20:53:28.077 | INFO     | agents.servers.serverDAE:train_on_clients:59 - Saved model for client 15 at epoch 450 -> saved_models/DAE/average/wsn_ds/epoch_450_client_15.pt
2025-09-30 20:53:28.419 | INFO     | agents.servers.serverDAE:train_on_clients:59 - Saved model for client 16 at epoch 450 -> saved_models/DAE/average/wsn_ds/epoch_450_client_16.pt
2025-09-30 20:53:28.762 | INFO     | agents.servers.serverDAE:train_on_clients:59 - Saved model for client 17 at epoch 450 -> saved_models/DAE/average/wsn_ds/epoch_450_client_17.pt
2025-09-30 20:53:29.106 | INFO     | agents.servers.serverDAE:train_on_clients:59 - Saved model for client 18 at epoch 450 -> saved_models/DAE/average/wsn_ds/epoch_450_client_18.pt
2025-09-30 20:53:29.449 | INFO     | agents.servers.serverDAE:train_on_clients:59 - Saved model for client 19 at epoch 450 -> saved_models/DAE/average/wsn_ds/epoch_450_client_19.pt
2025-09-30 20:53:29.457 | INFO     | agents.servers.serverDAE:train_on_clients:65 - 20 clients still training at epoch #450
2025-09-30 20:53:29.475 | INFO     | agents.servers.serverDAE:train_on_clients:22 - Training DAE model epoch #451
2025-09-30 20:53:36.267 | INFO     | agents.servers.serverDAE:train_on_clients:65 - 20 clients still training at epoch #451
2025-09-30 20:53:36.285 | INFO     | agents.servers.serverDAE:train_on_clients:22 - Training DAE model epoch #452
2025-09-30 20:53:43.183 | INFO     | agents.servers.serverDAE:train_on_clients:65 - 20 clients still training at epoch #452
2025-09-30 20:53:43.201 | INFO     | agents.servers.serverDAE:train_on_clients:22 - Training DAE model epoch #453
2025-09-30 20:53:50.052 | INFO     | agents.servers.serverDAE:train_on_clients:65 - 20 clients still training at epoch #453
2025-09-30 20:53:50.070 | INFO     | agents.servers.serverDAE:train_on_clients:22 - Training DAE model epoch #454
2025-09-30 20:53:52.441 | INFO     | agents.servers.serverDAE:train_on_clients:43 - Client 6 gets new best val_loss at epoch #454: 0.000440
2025-09-30 20:53:56.900 | INFO     | agents.servers.serverDAE:train_on_clients:65 - 20 clients still training at epoch #454
2025-09-30 20:53:56.918 | INFO     | agents.servers.serverDAE:train_on_clients:22 - Training DAE model epoch #455
2025-09-30 20:54:00.452 | INFO     | agents.servers.serverDAE:train_on_clients:43 - Client 9 gets new best val_loss at epoch #455: 0.000515
2025-09-30 20:54:03.917 | INFO     | agents.servers.serverDAE:train_on_clients:65 - 20 clients still training at epoch #455
2025-09-30 20:54:03.935 | INFO     | agents.servers.serverDAE:train_on_clients:22 - Training DAE model epoch #456
2025-09-30 20:54:10.864 | INFO     | agents.servers.serverDAE:train_on_clients:65 - 20 clients still training at epoch #456
2025-09-30 20:54:10.882 | INFO     | agents.servers.serverDAE:train_on_clients:22 - Training DAE model epoch #457
2025-09-30 20:54:17.700 | INFO     | agents.servers.serverDAE:train_on_clients:65 - 20 clients still training at epoch #457
2025-09-30 20:54:17.718 | INFO     | agents.servers.serverDAE:train_on_clients:22 - Training DAE model epoch #458
2025-09-30 20:54:24.471 | INFO     | agents.servers.serverDAE:train_on_clients:65 - 20 clients still training at epoch #458
2025-09-30 20:54:24.489 | INFO     | agents.servers.serverDAE:train_on_clients:22 - Training DAE model epoch #459
2025-09-30 20:54:28.572 | INFO     | agents.servers.serverDAE:train_on_clients:43 - Client 11 gets new best val_loss at epoch #459: 0.000501
2025-09-30 20:54:31.279 | INFO     | agents.servers.serverDAE:train_on_clients:65 - 20 clients still training at epoch #459
2025-09-30 20:54:31.297 | INFO     | agents.servers.serverDAE:train_on_clients:22 - Training DAE model epoch #460
2025-09-30 20:54:31.645 | INFO     | agents.servers.serverDAE:train_on_clients:59 - Saved model for client 0 at epoch 460 -> saved_models/DAE/average/wsn_ds/epoch_460_client_0.pt
2025-09-30 20:54:31.999 | INFO     | agents.servers.serverDAE:train_on_clients:59 - Saved model for client 1 at epoch 460 -> saved_models/DAE/average/wsn_ds/epoch_460_client_1.pt
2025-09-30 20:54:32.351 | INFO     | agents.servers.serverDAE:train_on_clients:59 - Saved model for client 2 at epoch 460 -> saved_models/DAE/average/wsn_ds/epoch_460_client_2.pt
2025-09-30 20:54:32.691 | INFO     | agents.servers.serverDAE:train_on_clients:59 - Saved model for client 3 at epoch 460 -> saved_models/DAE/average/wsn_ds/epoch_460_client_3.pt
2025-09-30 20:54:33.030 | INFO     | agents.servers.serverDAE:train_on_clients:59 - Saved model for client 4 at epoch 460 -> saved_models/DAE/average/wsn_ds/epoch_460_client_4.pt
2025-09-30 20:54:33.368 | INFO     | agents.servers.serverDAE:train_on_clients:59 - Saved model for client 5 at epoch 460 -> saved_models/DAE/average/wsn_ds/epoch_460_client_5.pt
2025-09-30 20:54:33.707 | INFO     | agents.servers.serverDAE:train_on_clients:59 - Saved model for client 6 at epoch 460 -> saved_models/DAE/average/wsn_ds/epoch_460_client_6.pt
2025-09-30 20:54:34.046 | INFO     | agents.servers.serverDAE:train_on_clients:59 - Saved model for client 7 at epoch 460 -> saved_models/DAE/average/wsn_ds/epoch_460_client_7.pt
2025-09-30 20:54:34.383 | INFO     | agents.servers.serverDAE:train_on_clients:59 - Saved model for client 8 at epoch 460 -> saved_models/DAE/average/wsn_ds/epoch_460_client_8.pt
2025-09-30 20:54:34.725 | INFO     | agents.servers.serverDAE:train_on_clients:59 - Saved model for client 9 at epoch 460 -> saved_models/DAE/average/wsn_ds/epoch_460_client_9.pt
2025-09-30 20:54:35.061 | INFO     | agents.servers.serverDAE:train_on_clients:59 - Saved model for client 10 at epoch 460 -> saved_models/DAE/average/wsn_ds/epoch_460_client_10.pt
2025-09-30 20:54:35.398 | INFO     | agents.servers.serverDAE:train_on_clients:59 - Saved model for client 11 at epoch 460 -> saved_models/DAE/average/wsn_ds/epoch_460_client_11.pt
2025-09-30 20:54:35.739 | INFO     | agents.servers.serverDAE:train_on_clients:59 - Saved model for client 12 at epoch 460 -> saved_models/DAE/average/wsn_ds/epoch_460_client_12.pt
2025-09-30 20:54:36.079 | INFO     | agents.servers.serverDAE:train_on_clients:59 - Saved model for client 13 at epoch 460 -> saved_models/DAE/average/wsn_ds/epoch_460_client_13.pt
2025-09-30 20:54:36.417 | INFO     | agents.servers.serverDAE:train_on_clients:59 - Saved model for client 14 at epoch 460 -> saved_models/DAE/average/wsn_ds/epoch_460_client_14.pt
2025-09-30 20:54:36.755 | INFO     | agents.servers.serverDAE:train_on_clients:59 - Saved model for client 15 at epoch 460 -> saved_models/DAE/average/wsn_ds/epoch_460_client_15.pt
2025-09-30 20:54:37.096 | INFO     | agents.servers.serverDAE:train_on_clients:59 - Saved model for client 16 at epoch 460 -> saved_models/DAE/average/wsn_ds/epoch_460_client_16.pt
2025-09-30 20:54:37.435 | INFO     | agents.servers.serverDAE:train_on_clients:59 - Saved model for client 17 at epoch 460 -> saved_models/DAE/average/wsn_ds/epoch_460_client_17.pt
2025-09-30 20:54:37.773 | INFO     | agents.servers.serverDAE:train_on_clients:59 - Saved model for client 18 at epoch 460 -> saved_models/DAE/average/wsn_ds/epoch_460_client_18.pt
2025-09-30 20:54:38.114 | INFO     | agents.servers.serverDAE:train_on_clients:59 - Saved model for client 19 at epoch 460 -> saved_models/DAE/average/wsn_ds/epoch_460_client_19.pt
2025-09-30 20:54:38.120 | INFO     | agents.servers.serverDAE:train_on_clients:65 - 20 clients still training at epoch #460
2025-09-30 20:54:38.139 | INFO     | agents.servers.serverDAE:train_on_clients:22 - Training DAE model epoch #461
2025-09-30 20:54:44.962 | INFO     | agents.servers.serverDAE:train_on_clients:65 - 20 clients still training at epoch #461
2025-09-30 20:54:44.980 | INFO     | agents.servers.serverDAE:train_on_clients:22 - Training DAE model epoch #462
2025-09-30 20:54:51.800 | INFO     | agents.servers.serverDAE:train_on_clients:65 - 20 clients still training at epoch #462
2025-09-30 20:54:51.818 | INFO     | agents.servers.serverDAE:train_on_clients:22 - Training DAE model epoch #463
2025-09-30 20:54:58.473 | INFO     | agents.servers.serverDAE:train_on_clients:65 - 20 clients still training at epoch #463
2025-09-30 20:54:58.491 | INFO     | agents.servers.serverDAE:train_on_clients:22 - Training DAE model epoch #464
2025-09-30 20:55:05.195 | INFO     | agents.servers.serverDAE:train_on_clients:65 - 20 clients still training at epoch #464
2025-09-30 20:55:05.213 | INFO     | agents.servers.serverDAE:train_on_clients:22 - Training DAE model epoch #465
2025-09-30 20:55:11.906 | INFO     | agents.servers.serverDAE:train_on_clients:65 - 20 clients still training at epoch #465
2025-09-30 20:55:11.924 | INFO     | agents.servers.serverDAE:train_on_clients:22 - Training DAE model epoch #466
2025-09-30 20:55:13.245 | INFO     | agents.servers.serverDAE:train_on_clients:43 - Client 3 gets new best val_loss at epoch #466: 0.000447
2025-09-30 20:55:18.564 | INFO     | agents.servers.serverDAE:train_on_clients:65 - 20 clients still training at epoch #466
2025-09-30 20:55:18.582 | INFO     | agents.servers.serverDAE:train_on_clients:22 - Training DAE model epoch #467
2025-09-30 20:55:25.204 | INFO     | agents.servers.serverDAE:train_on_clients:65 - 20 clients still training at epoch #467
2025-09-30 20:55:25.222 | INFO     | agents.servers.serverDAE:train_on_clients:22 - Training DAE model epoch #468
2025-09-30 20:55:25.877 | INFO     | agents.servers.serverDAE:train_on_clients:43 - Client 1 gets new best val_loss at epoch #468: 0.000459
2025-09-30 20:55:31.857 | INFO     | agents.servers.serverDAE:train_on_clients:65 - 20 clients still training at epoch #468
2025-09-30 20:55:31.875 | INFO     | agents.servers.serverDAE:train_on_clients:22 - Training DAE model epoch #469
2025-09-30 20:55:34.509 | INFO     | agents.servers.serverDAE:train_on_clients:43 - Client 7 gets new best val_loss at epoch #469: 0.000507
2025-09-30 20:55:38.552 | INFO     | agents.servers.serverDAE:train_on_clients:65 - 20 clients still training at epoch #469
2025-09-30 20:55:38.570 | INFO     | agents.servers.serverDAE:train_on_clients:22 - Training DAE model epoch #470
2025-09-30 20:55:38.902 | INFO     | agents.servers.serverDAE:train_on_clients:59 - Saved model for client 0 at epoch 470 -> saved_models/DAE/average/wsn_ds/epoch_470_client_0.pt
2025-09-30 20:55:39.233 | INFO     | agents.servers.serverDAE:train_on_clients:59 - Saved model for client 1 at epoch 470 -> saved_models/DAE/average/wsn_ds/epoch_470_client_1.pt
2025-09-30 20:55:39.565 | INFO     | agents.servers.serverDAE:train_on_clients:59 - Saved model for client 2 at epoch 470 -> saved_models/DAE/average/wsn_ds/epoch_470_client_2.pt
2025-09-30 20:55:39.898 | INFO     | agents.servers.serverDAE:train_on_clients:59 - Saved model for client 3 at epoch 470 -> saved_models/DAE/average/wsn_ds/epoch_470_client_3.pt
2025-09-30 20:55:40.229 | INFO     | agents.servers.serverDAE:train_on_clients:59 - Saved model for client 4 at epoch 470 -> saved_models/DAE/average/wsn_ds/epoch_470_client_4.pt
2025-09-30 20:55:40.561 | INFO     | agents.servers.serverDAE:train_on_clients:59 - Saved model for client 5 at epoch 470 -> saved_models/DAE/average/wsn_ds/epoch_470_client_5.pt
2025-09-30 20:55:40.887 | INFO     | agents.servers.serverDAE:train_on_clients:59 - Saved model for client 6 at epoch 470 -> saved_models/DAE/average/wsn_ds/epoch_470_client_6.pt
2025-09-30 20:55:41.217 | INFO     | agents.servers.serverDAE:train_on_clients:59 - Saved model for client 7 at epoch 470 -> saved_models/DAE/average/wsn_ds/epoch_470_client_7.pt
2025-09-30 20:55:41.548 | INFO     | agents.servers.serverDAE:train_on_clients:59 - Saved model for client 8 at epoch 470 -> saved_models/DAE/average/wsn_ds/epoch_470_client_8.pt
2025-09-30 20:55:41.878 | INFO     | agents.servers.serverDAE:train_on_clients:59 - Saved model for client 9 at epoch 470 -> saved_models/DAE/average/wsn_ds/epoch_470_client_9.pt
2025-09-30 20:55:42.210 | INFO     | agents.servers.serverDAE:train_on_clients:59 - Saved model for client 10 at epoch 470 -> saved_models/DAE/average/wsn_ds/epoch_470_client_10.pt
2025-09-30 20:55:42.542 | INFO     | agents.servers.serverDAE:train_on_clients:59 - Saved model for client 11 at epoch 470 -> saved_models/DAE/average/wsn_ds/epoch_470_client_11.pt
2025-09-30 20:55:42.870 | INFO     | agents.servers.serverDAE:train_on_clients:59 - Saved model for client 12 at epoch 470 -> saved_models/DAE/average/wsn_ds/epoch_470_client_12.pt
2025-09-30 20:55:43.201 | INFO     | agents.servers.serverDAE:train_on_clients:59 - Saved model for client 13 at epoch 470 -> saved_models/DAE/average/wsn_ds/epoch_470_client_13.pt
2025-09-30 20:55:43.533 | INFO     | agents.servers.serverDAE:train_on_clients:59 - Saved model for client 14 at epoch 470 -> saved_models/DAE/average/wsn_ds/epoch_470_client_14.pt
2025-09-30 20:55:43.863 | INFO     | agents.servers.serverDAE:train_on_clients:59 - Saved model for client 15 at epoch 470 -> saved_models/DAE/average/wsn_ds/epoch_470_client_15.pt
2025-09-30 20:55:44.194 | INFO     | agents.servers.serverDAE:train_on_clients:59 - Saved model for client 16 at epoch 470 -> saved_models/DAE/average/wsn_ds/epoch_470_client_16.pt
2025-09-30 20:55:44.525 | INFO     | agents.servers.serverDAE:train_on_clients:59 - Saved model for client 17 at epoch 470 -> saved_models/DAE/average/wsn_ds/epoch_470_client_17.pt
2025-09-30 20:55:44.859 | INFO     | agents.servers.serverDAE:train_on_clients:59 - Saved model for client 18 at epoch 470 -> saved_models/DAE/average/wsn_ds/epoch_470_client_18.pt
2025-09-30 20:55:45.189 | INFO     | agents.servers.serverDAE:train_on_clients:59 - Saved model for client 19 at epoch 470 -> saved_models/DAE/average/wsn_ds/epoch_470_client_19.pt
2025-09-30 20:55:45.196 | INFO     | agents.servers.serverDAE:train_on_clients:65 - 20 clients still training at epoch #470
2025-09-30 20:55:45.214 | INFO     | agents.servers.serverDAE:train_on_clients:22 - Training DAE model epoch #471
2025-09-30 20:55:49.534 | INFO     | agents.servers.serverDAE:train_on_clients:43 - Client 12 gets new best val_loss at epoch #471: 0.000486
2025-09-30 20:55:51.855 | INFO     | agents.servers.serverDAE:train_on_clients:65 - 20 clients still training at epoch #471
2025-09-30 20:55:51.873 | INFO     | agents.servers.serverDAE:train_on_clients:22 - Training DAE model epoch #472
2025-09-30 20:55:58.506 | INFO     | agents.servers.serverDAE:train_on_clients:65 - 20 clients still training at epoch #472
2025-09-30 20:55:58.524 | INFO     | agents.servers.serverDAE:train_on_clients:22 - Training DAE model epoch #473
2025-09-30 20:56:05.198 | INFO     | agents.servers.serverDAE:train_on_clients:65 - 20 clients still training at epoch #473
2025-09-30 20:56:05.216 | INFO     | agents.servers.serverDAE:train_on_clients:22 - Training DAE model epoch #474
2025-09-30 20:56:11.992 | INFO     | agents.servers.serverDAE:train_on_clients:65 - 20 clients still training at epoch #474
2025-09-30 20:56:12.010 | INFO     | agents.servers.serverDAE:train_on_clients:22 - Training DAE model epoch #475
2025-09-30 20:56:18.746 | INFO     | agents.servers.serverDAE:train_on_clients:65 - 20 clients still training at epoch #475
2025-09-30 20:56:18.764 | INFO     | agents.servers.serverDAE:train_on_clients:22 - Training DAE model epoch #476
2025-09-30 20:56:25.435 | INFO     | agents.servers.serverDAE:train_on_clients:65 - 20 clients still training at epoch #476
2025-09-30 20:56:25.453 | INFO     | agents.servers.serverDAE:train_on_clients:22 - Training DAE model epoch #477
2025-09-30 20:56:29.075 | INFO     | agents.servers.serverDAE:train_on_clients:43 - Client 10 gets new best val_loss at epoch #477: 0.000436
2025-09-30 20:56:32.058 | INFO     | agents.servers.serverDAE:train_on_clients:65 - 20 clients still training at epoch #477
2025-09-30 20:56:32.077 | INFO     | agents.servers.serverDAE:train_on_clients:22 - Training DAE model epoch #478
2025-09-30 20:56:38.925 | INFO     | agents.servers.serverDAE:train_on_clients:65 - 20 clients still training at epoch #478
2025-09-30 20:56:38.943 | INFO     | agents.servers.serverDAE:train_on_clients:22 - Training DAE model epoch #479
2025-09-30 20:56:45.629 | INFO     | agents.servers.serverDAE:train_on_clients:65 - 20 clients still training at epoch #479
2025-09-30 20:56:45.647 | INFO     | agents.servers.serverDAE:train_on_clients:22 - Training DAE model epoch #480
2025-09-30 20:56:45.973 | INFO     | agents.servers.serverDAE:train_on_clients:59 - Saved model for client 0 at epoch 480 -> saved_models/DAE/average/wsn_ds/epoch_480_client_0.pt
2025-09-30 20:56:46.305 | INFO     | agents.servers.serverDAE:train_on_clients:59 - Saved model for client 1 at epoch 480 -> saved_models/DAE/average/wsn_ds/epoch_480_client_1.pt
2025-09-30 20:56:46.637 | INFO     | agents.servers.serverDAE:train_on_clients:59 - Saved model for client 2 at epoch 480 -> saved_models/DAE/average/wsn_ds/epoch_480_client_2.pt
2025-09-30 20:56:46.970 | INFO     | agents.servers.serverDAE:train_on_clients:59 - Saved model for client 3 at epoch 480 -> saved_models/DAE/average/wsn_ds/epoch_480_client_3.pt
2025-09-30 20:56:47.302 | INFO     | agents.servers.serverDAE:train_on_clients:59 - Saved model for client 4 at epoch 480 -> saved_models/DAE/average/wsn_ds/epoch_480_client_4.pt
2025-09-30 20:56:47.632 | INFO     | agents.servers.serverDAE:train_on_clients:59 - Saved model for client 5 at epoch 480 -> saved_models/DAE/average/wsn_ds/epoch_480_client_5.pt
2025-09-30 20:56:47.965 | INFO     | agents.servers.serverDAE:train_on_clients:59 - Saved model for client 6 at epoch 480 -> saved_models/DAE/average/wsn_ds/epoch_480_client_6.pt
2025-09-30 20:56:48.297 | INFO     | agents.servers.serverDAE:train_on_clients:59 - Saved model for client 7 at epoch 480 -> saved_models/DAE/average/wsn_ds/epoch_480_client_7.pt
2025-09-30 20:56:48.630 | INFO     | agents.servers.serverDAE:train_on_clients:59 - Saved model for client 8 at epoch 480 -> saved_models/DAE/average/wsn_ds/epoch_480_client_8.pt
2025-09-30 20:56:48.964 | INFO     | agents.servers.serverDAE:train_on_clients:59 - Saved model for client 9 at epoch 480 -> saved_models/DAE/average/wsn_ds/epoch_480_client_9.pt
2025-09-30 20:56:49.299 | INFO     | agents.servers.serverDAE:train_on_clients:59 - Saved model for client 10 at epoch 480 -> saved_models/DAE/average/wsn_ds/epoch_480_client_10.pt
2025-09-30 20:56:49.629 | INFO     | agents.servers.serverDAE:train_on_clients:59 - Saved model for client 11 at epoch 480 -> saved_models/DAE/average/wsn_ds/epoch_480_client_11.pt
2025-09-30 20:56:49.959 | INFO     | agents.servers.serverDAE:train_on_clients:59 - Saved model for client 12 at epoch 480 -> saved_models/DAE/average/wsn_ds/epoch_480_client_12.pt
2025-09-30 20:56:50.291 | INFO     | agents.servers.serverDAE:train_on_clients:59 - Saved model for client 13 at epoch 480 -> saved_models/DAE/average/wsn_ds/epoch_480_client_13.pt
2025-09-30 20:56:50.621 | INFO     | agents.servers.serverDAE:train_on_clients:59 - Saved model for client 14 at epoch 480 -> saved_models/DAE/average/wsn_ds/epoch_480_client_14.pt
2025-09-30 20:56:50.953 | INFO     | agents.servers.serverDAE:train_on_clients:43 - Client 15 gets new best val_loss at epoch #480: 0.000468
2025-09-30 20:56:50.954 | INFO     | agents.servers.serverDAE:train_on_clients:59 - Saved model for client 15 at epoch 480 -> saved_models/DAE/average/wsn_ds/epoch_480_client_15.pt
2025-09-30 20:56:51.287 | INFO     | agents.servers.serverDAE:train_on_clients:59 - Saved model for client 16 at epoch 480 -> saved_models/DAE/average/wsn_ds/epoch_480_client_16.pt
2025-09-30 20:56:51.618 | INFO     | agents.servers.serverDAE:train_on_clients:59 - Saved model for client 17 at epoch 480 -> saved_models/DAE/average/wsn_ds/epoch_480_client_17.pt
2025-09-30 20:56:51.948 | INFO     | agents.servers.serverDAE:train_on_clients:59 - Saved model for client 18 at epoch 480 -> saved_models/DAE/average/wsn_ds/epoch_480_client_18.pt
2025-09-30 20:56:52.279 | INFO     | agents.servers.serverDAE:train_on_clients:59 - Saved model for client 19 at epoch 480 -> saved_models/DAE/average/wsn_ds/epoch_480_client_19.pt
2025-09-30 20:56:52.286 | INFO     | agents.servers.serverDAE:train_on_clients:65 - 20 clients still training at epoch #480
2025-09-30 20:56:52.304 | INFO     | agents.servers.serverDAE:train_on_clients:22 - Training DAE model epoch #481
2025-09-30 20:56:58.259 | INFO     | agents.servers.serverDAE:train_on_clients:43 - Client 17 gets new best val_loss at epoch #481: 0.000481
2025-09-30 20:56:58.924 | INFO     | agents.servers.serverDAE:train_on_clients:65 - 20 clients still training at epoch #481
2025-09-30 20:56:58.943 | INFO     | agents.servers.serverDAE:train_on_clients:22 - Training DAE model epoch #482
2025-09-30 20:57:04.907 | INFO     | agents.servers.serverDAE:train_on_clients:43 - Client 17 gets new best val_loss at epoch #482: 0.000475
2025-09-30 20:57:05.575 | INFO     | agents.servers.serverDAE:train_on_clients:65 - 20 clients still training at epoch #482
2025-09-30 20:57:05.592 | INFO     | agents.servers.serverDAE:train_on_clients:22 - Training DAE model epoch #483
2025-09-30 20:57:12.231 | INFO     | agents.servers.serverDAE:train_on_clients:65 - 20 clients still training at epoch #483
2025-09-30 20:57:12.248 | INFO     | agents.servers.serverDAE:train_on_clients:22 - Training DAE model epoch #484
2025-09-30 20:57:19.129 | INFO     | agents.servers.serverDAE:train_on_clients:65 - 20 clients still training at epoch #484
2025-09-30 20:57:19.147 | INFO     | agents.servers.serverDAE:train_on_clients:22 - Training DAE model epoch #485
2025-09-30 20:57:26.113 | INFO     | agents.servers.serverDAE:train_on_clients:65 - 20 clients still training at epoch #485
2025-09-30 20:57:26.131 | INFO     | agents.servers.serverDAE:train_on_clients:22 - Training DAE model epoch #486
2025-09-30 20:57:31.710 | INFO     | agents.servers.serverDAE:train_on_clients:43 - Client 15 gets new best val_loss at epoch #486: 0.000461
2025-09-30 20:57:32.739 | INFO     | agents.servers.serverDAE:train_on_clients:43 - Client 18 gets new best val_loss at epoch #486: 0.000480
2025-09-30 20:57:33.086 | INFO     | agents.servers.serverDAE:train_on_clients:65 - 20 clients still training at epoch #486
2025-09-30 20:57:33.104 | INFO     | agents.servers.serverDAE:train_on_clients:22 - Training DAE model epoch #487
2025-09-30 20:57:40.005 | INFO     | agents.servers.serverDAE:train_on_clients:65 - 20 clients still training at epoch #487
2025-09-30 20:57:40.023 | INFO     | agents.servers.serverDAE:train_on_clients:22 - Training DAE model epoch #488
2025-09-30 20:57:46.917 | INFO     | agents.servers.serverDAE:train_on_clients:65 - 20 clients still training at epoch #488
2025-09-30 20:57:46.936 | INFO     | agents.servers.serverDAE:train_on_clients:22 - Training DAE model epoch #489
2025-09-30 20:57:53.787 | INFO     | agents.servers.serverDAE:train_on_clients:65 - 20 clients still training at epoch #489
2025-09-30 20:57:53.805 | INFO     | agents.servers.serverDAE:train_on_clients:22 - Training DAE model epoch #490
2025-09-30 20:57:54.137 | INFO     | agents.servers.serverDAE:train_on_clients:59 - Saved model for client 0 at epoch 490 -> saved_models/DAE/average/wsn_ds/epoch_490_client_0.pt
2025-09-30 20:57:54.476 | INFO     | agents.servers.serverDAE:train_on_clients:59 - Saved model for client 1 at epoch 490 -> saved_models/DAE/average/wsn_ds/epoch_490_client_1.pt
2025-09-30 20:57:54.816 | INFO     | agents.servers.serverDAE:train_on_clients:59 - Saved model for client 2 at epoch 490 -> saved_models/DAE/average/wsn_ds/epoch_490_client_2.pt
2025-09-30 20:57:55.156 | INFO     | agents.servers.serverDAE:train_on_clients:59 - Saved model for client 3 at epoch 490 -> saved_models/DAE/average/wsn_ds/epoch_490_client_3.pt
2025-09-30 20:57:55.494 | INFO     | agents.servers.serverDAE:train_on_clients:59 - Saved model for client 4 at epoch 490 -> saved_models/DAE/average/wsn_ds/epoch_490_client_4.pt
2025-09-30 20:57:55.836 | INFO     | agents.servers.serverDAE:train_on_clients:59 - Saved model for client 5 at epoch 490 -> saved_models/DAE/average/wsn_ds/epoch_490_client_5.pt
2025-09-30 20:57:56.177 | INFO     | agents.servers.serverDAE:train_on_clients:59 - Saved model for client 6 at epoch 490 -> saved_models/DAE/average/wsn_ds/epoch_490_client_6.pt
2025-09-30 20:57:56.517 | INFO     | agents.servers.serverDAE:train_on_clients:59 - Saved model for client 7 at epoch 490 -> saved_models/DAE/average/wsn_ds/epoch_490_client_7.pt
2025-09-30 20:57:56.859 | INFO     | agents.servers.serverDAE:train_on_clients:59 - Saved model for client 8 at epoch 490 -> saved_models/DAE/average/wsn_ds/epoch_490_client_8.pt
2025-09-30 20:57:57.203 | INFO     | agents.servers.serverDAE:train_on_clients:59 - Saved model for client 9 at epoch 490 -> saved_models/DAE/average/wsn_ds/epoch_490_client_9.pt
2025-09-30 20:57:57.544 | INFO     | agents.servers.serverDAE:train_on_clients:59 - Saved model for client 10 at epoch 490 -> saved_models/DAE/average/wsn_ds/epoch_490_client_10.pt
2025-09-30 20:57:57.899 | INFO     | agents.servers.serverDAE:train_on_clients:59 - Saved model for client 11 at epoch 490 -> saved_models/DAE/average/wsn_ds/epoch_490_client_11.pt
2025-09-30 20:57:58.248 | INFO     | agents.servers.serverDAE:train_on_clients:59 - Saved model for client 12 at epoch 490 -> saved_models/DAE/average/wsn_ds/epoch_490_client_12.pt
2025-09-30 20:57:58.591 | INFO     | agents.servers.serverDAE:train_on_clients:59 - Saved model for client 13 at epoch 490 -> saved_models/DAE/average/wsn_ds/epoch_490_client_13.pt
2025-09-30 20:57:58.933 | INFO     | agents.servers.serverDAE:train_on_clients:59 - Saved model for client 14 at epoch 490 -> saved_models/DAE/average/wsn_ds/epoch_490_client_14.pt
2025-09-30 20:57:59.275 | INFO     | agents.servers.serverDAE:train_on_clients:59 - Saved model for client 15 at epoch 490 -> saved_models/DAE/average/wsn_ds/epoch_490_client_15.pt
2025-09-30 20:57:59.609 | INFO     | agents.servers.serverDAE:train_on_clients:59 - Saved model for client 16 at epoch 490 -> saved_models/DAE/average/wsn_ds/epoch_490_client_16.pt
2025-09-30 20:57:59.940 | INFO     | agents.servers.serverDAE:train_on_clients:59 - Saved model for client 17 at epoch 490 -> saved_models/DAE/average/wsn_ds/epoch_490_client_17.pt
2025-09-30 20:58:00.271 | INFO     | agents.servers.serverDAE:train_on_clients:59 - Saved model for client 18 at epoch 490 -> saved_models/DAE/average/wsn_ds/epoch_490_client_18.pt
2025-09-30 20:58:00.601 | INFO     | agents.servers.serverDAE:train_on_clients:59 - Saved model for client 19 at epoch 490 -> saved_models/DAE/average/wsn_ds/epoch_490_client_19.pt
2025-09-30 20:58:00.608 | INFO     | agents.servers.serverDAE:train_on_clients:65 - 20 clients still training at epoch #490
2025-09-30 20:58:00.626 | INFO     | agents.servers.serverDAE:train_on_clients:22 - Training DAE model epoch #491
2025-09-30 20:58:07.452 | INFO     | agents.servers.serverDAE:train_on_clients:65 - 20 clients still training at epoch #491
2025-09-30 20:58:07.470 | INFO     | agents.servers.serverDAE:train_on_clients:22 - Training DAE model epoch #492
2025-09-30 20:58:13.673 | INFO     | agents.servers.serverDAE:train_on_clients:43 - Client 17 gets new best val_loss at epoch #492: 0.000474
2025-09-30 20:58:14.386 | INFO     | agents.servers.serverDAE:train_on_clients:65 - 20 clients still training at epoch #492
2025-09-30 20:58:14.404 | INFO     | agents.servers.serverDAE:train_on_clients:22 - Training DAE model epoch #493
2025-09-30 20:58:21.200 | INFO     | agents.servers.serverDAE:train_on_clients:65 - 20 clients still training at epoch #493
2025-09-30 20:58:21.218 | INFO     | agents.servers.serverDAE:train_on_clients:22 - Training DAE model epoch #494
2025-09-30 20:58:23.282 | INFO     | agents.servers.serverDAE:train_on_clients:43 - Client 5 gets new best val_loss at epoch #494: 0.000526
2025-09-30 20:58:28.189 | INFO     | agents.servers.serverDAE:train_on_clients:65 - 20 clients still training at epoch #494
2025-09-30 20:58:28.208 | INFO     | agents.servers.serverDAE:train_on_clients:22 - Training DAE model epoch #495
2025-09-30 20:58:35.093 | INFO     | agents.servers.serverDAE:train_on_clients:65 - 20 clients still training at epoch #495
2025-09-30 20:58:35.111 | INFO     | agents.servers.serverDAE:train_on_clients:22 - Training DAE model epoch #496
2025-09-30 20:58:42.120 | INFO     | agents.servers.serverDAE:train_on_clients:65 - 20 clients still training at epoch #496
2025-09-30 20:58:42.138 | INFO     | agents.servers.serverDAE:train_on_clients:22 - Training DAE model epoch #497
2025-09-30 20:58:49.199 | INFO     | agents.servers.serverDAE:train_on_clients:65 - 20 clients still training at epoch #497
2025-09-30 20:58:49.217 | INFO     | agents.servers.serverDAE:train_on_clients:22 - Training DAE model epoch #498
2025-09-30 20:58:55.708 | INFO     | agents.servers.serverDAE:train_on_clients:43 - Client 18 gets new best val_loss at epoch #498: 0.000478
2025-09-30 20:58:56.055 | INFO     | agents.servers.serverDAE:train_on_clients:65 - 20 clients still training at epoch #498
2025-09-30 20:58:56.072 | INFO     | agents.servers.serverDAE:train_on_clients:22 - Training DAE model epoch #499
2025-09-30 20:59:02.934 | INFO     | agents.servers.serverDAE:train_on_clients:65 - 20 clients still training at epoch #499
2025-09-30 20:59:02.953 | INFO     | agents.servers.serverDAE:train_on_clients:22 - Training DAE model epoch #500
2025-09-30 20:59:03.292 | INFO     | agents.servers.serverDAE:train_on_clients:59 - Saved model for client 0 at epoch 500 -> saved_models/DAE/average/wsn_ds/epoch_500_client_0.pt
2025-09-30 20:59:03.631 | INFO     | agents.servers.serverDAE:train_on_clients:59 - Saved model for client 1 at epoch 500 -> saved_models/DAE/average/wsn_ds/epoch_500_client_1.pt
2025-09-30 20:59:03.971 | INFO     | agents.servers.serverDAE:train_on_clients:59 - Saved model for client 2 at epoch 500 -> saved_models/DAE/average/wsn_ds/epoch_500_client_2.pt
2025-09-30 20:59:04.310 | INFO     | agents.servers.serverDAE:train_on_clients:59 - Saved model for client 3 at epoch 500 -> saved_models/DAE/average/wsn_ds/epoch_500_client_3.pt
2025-09-30 20:59:04.651 | INFO     | agents.servers.serverDAE:train_on_clients:59 - Saved model for client 4 at epoch 500 -> saved_models/DAE/average/wsn_ds/epoch_500_client_4.pt
2025-09-30 20:59:04.993 | INFO     | agents.servers.serverDAE:train_on_clients:59 - Saved model for client 5 at epoch 500 -> saved_models/DAE/average/wsn_ds/epoch_500_client_5.pt
2025-09-30 20:59:05.337 | INFO     | agents.servers.serverDAE:train_on_clients:59 - Saved model for client 6 at epoch 500 -> saved_models/DAE/average/wsn_ds/epoch_500_client_6.pt
2025-09-30 20:59:05.678 | INFO     | agents.servers.serverDAE:train_on_clients:59 - Saved model for client 7 at epoch 500 -> saved_models/DAE/average/wsn_ds/epoch_500_client_7.pt
2025-09-30 20:59:06.018 | INFO     | agents.servers.serverDAE:train_on_clients:59 - Saved model for client 8 at epoch 500 -> saved_models/DAE/average/wsn_ds/epoch_500_client_8.pt
2025-09-30 20:59:06.356 | INFO     | agents.servers.serverDAE:train_on_clients:59 - Saved model for client 9 at epoch 500 -> saved_models/DAE/average/wsn_ds/epoch_500_client_9.pt
2025-09-30 20:59:06.695 | INFO     | agents.servers.serverDAE:train_on_clients:59 - Saved model for client 10 at epoch 500 -> saved_models/DAE/average/wsn_ds/epoch_500_client_10.pt
2025-09-30 20:59:07.037 | INFO     | agents.servers.serverDAE:train_on_clients:59 - Saved model for client 11 at epoch 500 -> saved_models/DAE/average/wsn_ds/epoch_500_client_11.pt
2025-09-30 20:59:07.375 | INFO     | agents.servers.serverDAE:train_on_clients:59 - Saved model for client 12 at epoch 500 -> saved_models/DAE/average/wsn_ds/epoch_500_client_12.pt
2025-09-30 20:59:07.716 | INFO     | agents.servers.serverDAE:train_on_clients:59 - Saved model for client 13 at epoch 500 -> saved_models/DAE/average/wsn_ds/epoch_500_client_13.pt
2025-09-30 20:59:08.054 | INFO     | agents.servers.serverDAE:train_on_clients:59 - Saved model for client 14 at epoch 500 -> saved_models/DAE/average/wsn_ds/epoch_500_client_14.pt
2025-09-30 20:59:08.398 | INFO     | agents.servers.serverDAE:train_on_clients:59 - Saved model for client 15 at epoch 500 -> saved_models/DAE/average/wsn_ds/epoch_500_client_15.pt
2025-09-30 20:59:08.737 | INFO     | agents.servers.serverDAE:train_on_clients:59 - Saved model for client 16 at epoch 500 -> saved_models/DAE/average/wsn_ds/epoch_500_client_16.pt
2025-09-30 20:59:09.076 | INFO     | agents.servers.serverDAE:train_on_clients:59 - Saved model for client 17 at epoch 500 -> saved_models/DAE/average/wsn_ds/epoch_500_client_17.pt
2025-09-30 20:59:09.417 | INFO     | agents.servers.serverDAE:train_on_clients:59 - Saved model for client 18 at epoch 500 -> saved_models/DAE/average/wsn_ds/epoch_500_client_18.pt
2025-09-30 20:59:09.761 | INFO     | agents.servers.serverDAE:train_on_clients:59 - Saved model for client 19 at epoch 500 -> saved_models/DAE/average/wsn_ds/epoch_500_client_19.pt
2025-09-30 20:59:09.768 | INFO     | agents.servers.serverDAE:train_on_clients:65 - 20 clients still training at epoch #500
2025-09-30 20:59:09.786 | INFO     | agents.servers.serverDAE:test_on_clients:131 - Testing DAE model at epoch #500
2025-09-30 20:59:09.787 | INFO     | agents.servers.serverDAE:test_on_clients:140 - Client 0 test params: threshold_re (mean=0.000469, std=0.000094), best epoch 431
2025-09-30 20:59:17.378 | DEBUG    | agents.clients.clientDAE:test_with_thresholds:268 - Classification Report:
              precision    recall  f1-score   support

           0       1.00      0.70      0.82      3418
           1       0.24      0.98      0.39       329

    accuracy                           0.73      3747
   macro avg       0.62      0.84      0.61      3747
weighted avg       0.93      0.73      0.79      3747

2025-09-30 20:59:17.378 | DEBUG    | agents.clients.clientDAE:test_with_thresholds:272 - Confusion Matrix:
[[2401 1017]
 [   7  322]]
2025-09-30 20:59:17.378 | DEBUG    | agents.clients.clientDAE:test_with_thresholds:273 - ROC AUC Score: 0.8405904908930194
2025-09-30 20:59:17.379 | DEBUG    | agents.clients.clientDAE:test_with_thresholds:274 - False Positive Rate (FPR): 0.2975
2025-09-30 21:02:25.938 | INFO     | agents.servers.serverDAE:test_on_clients:157 - [Client 0] Multiplier 0.0: ACC=0.7267, P=0.2405, R=0.9787, F1=0.3861, AUC=0.8406
2025-09-30 21:02:25.960 | INFO     | agents.servers.serverDAE:test_on_clients:140 - Client 1 test params: threshold_re (mean=0.000459, std=0.000084), best epoch 468
2025-09-30 21:02:33.541 | DEBUG    | agents.clients.clientDAE:test_with_thresholds:268 - Classification Report:
              precision    recall  f1-score   support

           0       1.00      0.72      0.84      3383
           1       0.27      0.98      0.43       364

    accuracy                           0.75      3747
   macro avg       0.64      0.85      0.63      3747
weighted avg       0.93      0.75      0.80      3747

2025-09-30 21:02:33.541 | DEBUG    | agents.clients.clientDAE:test_with_thresholds:272 - Confusion Matrix:
[[2442  941]
 [   8  356]]
2025-09-30 21:02:33.541 | DEBUG    | agents.clients.clientDAE:test_with_thresholds:273 - ROC AUC Score: 0.8499332473615655
2025-09-30 21:02:33.542 | DEBUG    | agents.clients.clientDAE:test_with_thresholds:274 - False Positive Rate (FPR): 0.2782
2025-09-30 21:05:42.230 | INFO     | agents.servers.serverDAE:test_on_clients:157 - [Client 1] Multiplier 0.0: ACC=0.7467, P=0.2745, R=0.9780, F1=0.4287, AUC=0.8499
2025-09-30 21:05:42.251 | INFO     | agents.servers.serverDAE:test_on_clients:140 - Client 2 test params: threshold_re (mean=0.000437, std=0.000038), best epoch 411
2025-09-30 21:05:49.835 | DEBUG    | agents.clients.clientDAE:test_with_thresholds:268 - Classification Report:
              precision    recall  f1-score   support

           0       1.00      0.70      0.82      3371
           1       0.27      0.98      0.42       376

    accuracy                           0.73      3747
   macro avg       0.63      0.84      0.62      3747
weighted avg       0.92      0.73      0.78      3747

2025-09-30 21:05:49.836 | DEBUG    | agents.clients.clientDAE:test_with_thresholds:272 - Confusion Matrix:
[[2371 1000]
 [   8  368]]
2025-09-30 21:05:49.836 | DEBUG    | agents.clients.clientDAE:test_with_thresholds:273 - ROC AUC Score: 0.8410377626438268
2025-09-30 21:05:49.836 | DEBUG    | agents.clients.clientDAE:test_with_thresholds:274 - False Positive Rate (FPR): 0.2966
2025-09-30 21:08:58.433 | INFO     | agents.servers.serverDAE:test_on_clients:157 - [Client 2] Multiplier 0.0: ACC=0.7310, P=0.2690, R=0.9787, F1=0.4220, AUC=0.8410
2025-09-30 21:08:58.454 | INFO     | agents.servers.serverDAE:test_on_clients:140 - Client 3 test params: threshold_re (mean=0.000447, std=0.000070), best epoch 466
2025-09-30 21:09:06.041 | DEBUG    | agents.clients.clientDAE:test_with_thresholds:268 - Classification Report:
              precision    recall  f1-score   support

           0       1.00      0.69      0.81      3421
           1       0.23      0.98      0.37       326

    accuracy                           0.71      3747
   macro avg       0.61      0.83      0.59      3747
weighted avg       0.93      0.71      0.77      3747

2025-09-30 21:09:06.042 | DEBUG    | agents.clients.clientDAE:test_with_thresholds:272 - Confusion Matrix:
[[2345 1076]
 [   7  319]]
2025-09-30 21:09:06.042 | DEBUG    | agents.clients.clientDAE:test_with_thresholds:273 - ROC AUC Score: 0.8319998457739368
2025-09-30 21:09:06.042 | DEBUG    | agents.clients.clientDAE:test_with_thresholds:274 - False Positive Rate (FPR): 0.3145
2025-09-30 21:12:14.645 | INFO     | agents.servers.serverDAE:test_on_clients:157 - [Client 3] Multiplier 0.0: ACC=0.7110, P=0.2287, R=0.9785, F1=0.3707, AUC=0.8320
2025-09-30 21:12:14.667 | INFO     | agents.servers.serverDAE:test_on_clients:140 - Client 4 test params: threshold_re (mean=0.000427, std=0.000034), best epoch 313
2025-09-30 21:12:22.241 | DEBUG    | agents.clients.clientDAE:test_with_thresholds:268 - Classification Report:
              precision    recall  f1-score   support

           0       1.00      0.64      0.78      3398
           1       0.22      0.99      0.36       349

    accuracy                           0.67      3747
   macro avg       0.61      0.81      0.57      3747
weighted avg       0.93      0.67      0.74      3747

2025-09-30 21:12:22.241 | DEBUG    | agents.clients.clientDAE:test_with_thresholds:272 - Confusion Matrix:
[[2176 1222]
 [   4  345]]
2025-09-30 21:12:22.241 | DEBUG    | agents.clients.clientDAE:test_with_thresholds:273 - ROC AUC Score: 0.814457687060145
2025-09-30 21:12:22.242 | DEBUG    | agents.clients.clientDAE:test_with_thresholds:274 - False Positive Rate (FPR): 0.3596
2025-09-30 21:15:30.888 | INFO     | agents.servers.serverDAE:test_on_clients:157 - [Client 4] Multiplier 0.0: ACC=0.6728, P=0.2202, R=0.9885, F1=0.3601, AUC=0.8145
2025-09-30 21:15:30.909 | INFO     | agents.servers.serverDAE:test_on_clients:140 - Client 5 test params: threshold_re (mean=0.000526, std=0.000125), best epoch 494
2025-09-30 21:15:38.501 | DEBUG    | agents.clients.clientDAE:test_with_thresholds:268 - Classification Report:
              precision    recall  f1-score   support

           0       1.00      0.75      0.85      3409
           1       0.28      0.99      0.43       338

    accuracy                           0.77      3747
   macro avg       0.64      0.87      0.64      3747
weighted avg       0.93      0.77      0.82      3747

2025-09-30 21:15:38.501 | DEBUG    | agents.clients.clientDAE:test_with_thresholds:272 - Confusion Matrix:
[[2540  869]
 [   5  333]]
2025-09-30 21:15:38.501 | DEBUG    | agents.clients.clientDAE:test_with_thresholds:273 - ROC AUC Score: 0.8651468181163333
2025-09-30 21:15:38.501 | DEBUG    | agents.clients.clientDAE:test_with_thresholds:274 - False Positive Rate (FPR): 0.2549
2025-09-30 21:18:47.289 | INFO     | agents.servers.serverDAE:test_on_clients:157 - [Client 5] Multiplier 0.0: ACC=0.7667, P=0.2770, R=0.9852, F1=0.4325, AUC=0.8651
2025-09-30 21:18:47.310 | INFO     | agents.servers.serverDAE:test_on_clients:140 - Client 6 test params: threshold_re (mean=0.000440, std=0.000068), best epoch 454
2025-09-30 21:18:54.897 | DEBUG    | agents.clients.clientDAE:test_with_thresholds:268 - Classification Report:
              precision    recall  f1-score   support

           0       1.00      0.70      0.82      3380
           1       0.26      0.98      0.41       367

    accuracy                           0.73      3747
   macro avg       0.63      0.84      0.62      3747
weighted avg       0.92      0.73      0.78      3747

2025-09-30 21:18:54.897 | DEBUG    | agents.clients.clientDAE:test_with_thresholds:272 - Confusion Matrix:
[[2364 1016]
 [   8  359]]
2025-09-30 21:18:54.897 | DEBUG    | agents.clients.clientDAE:test_with_thresholds:273 - ROC AUC Score: 0.8388049594505265
2025-09-30 21:18:54.897 | DEBUG    | agents.clients.clientDAE:test_with_thresholds:274 - False Positive Rate (FPR): 0.3006
2025-09-30 21:22:03.592 | INFO     | agents.servers.serverDAE:test_on_clients:157 - [Client 6] Multiplier 0.0: ACC=0.7267, P=0.2611, R=0.9782, F1=0.4122, AUC=0.8388
2025-09-30 21:22:03.613 | INFO     | agents.servers.serverDAE:test_on_clients:140 - Client 7 test params: threshold_re (mean=0.000507, std=0.000168), best epoch 469
2025-09-30 21:22:11.205 | DEBUG    | agents.clients.clientDAE:test_with_thresholds:268 - Classification Report:
              precision    recall  f1-score   support

           0       1.00      0.76      0.86      3421
           1       0.28      0.96      0.43       326

    accuracy                           0.78      3747
   macro avg       0.64      0.86      0.65      3747
weighted avg       0.93      0.78      0.83      3747

2025-09-30 21:22:11.205 | DEBUG    | agents.clients.clientDAE:test_with_thresholds:272 - Confusion Matrix:
[[2609  812]
 [  12  314]]
2025-09-30 21:22:11.205 | DEBUG    | agents.clients.clientDAE:test_with_thresholds:273 - ROC AUC Score: 0.8629163431207106
2025-09-30 21:22:11.205 | DEBUG    | agents.clients.clientDAE:test_with_thresholds:274 - False Positive Rate (FPR): 0.2374
2025-09-30 21:25:20.020 | INFO     | agents.servers.serverDAE:test_on_clients:157 - [Client 7] Multiplier 0.0: ACC=0.7801, P=0.2789, R=0.9632, F1=0.4325, AUC=0.8629
2025-09-30 21:25:20.041 | INFO     | agents.servers.serverDAE:test_on_clients:140 - Client 8 test params: threshold_re (mean=0.000454, std=0.000035), best epoch 413
2025-09-30 21:25:27.609 | DEBUG    | agents.clients.clientDAE:test_with_thresholds:268 - Classification Report:
              precision    recall  f1-score   support

           0       1.00      0.70      0.82      3409
           1       0.24      0.97      0.38       338

    accuracy                           0.72      3747
   macro avg       0.62      0.83      0.60      3747
weighted avg       0.93      0.72      0.78      3747

2025-09-30 21:25:27.610 | DEBUG    | agents.clients.clientDAE:test_with_thresholds:272 - Confusion Matrix:
[[2371 1038]
 [  11  327]]
2025-09-30 21:25:27.610 | DEBUG    | agents.clients.clientDAE:test_with_thresholds:273 - ROC AUC Score: 0.8314837508092918
2025-09-30 21:25:27.610 | DEBUG    | agents.clients.clientDAE:test_with_thresholds:274 - False Positive Rate (FPR): 0.3045
2025-09-30 21:28:36.278 | INFO     | agents.servers.serverDAE:test_on_clients:157 - [Client 8] Multiplier 0.0: ACC=0.7200, P=0.2396, R=0.9675, F1=0.3840, AUC=0.8315
2025-09-30 21:28:36.299 | INFO     | agents.servers.serverDAE:test_on_clients:140 - Client 9 test params: threshold_re (mean=0.000515, std=0.000118), best epoch 455
2025-09-30 21:28:43.889 | DEBUG    | agents.clients.clientDAE:test_with_thresholds:268 - Classification Report:
              precision    recall  f1-score   support

           0       1.00      0.76      0.86      3397
           1       0.29      0.98      0.45       350

    accuracy                           0.78      3747
   macro avg       0.64      0.87      0.66      3747
weighted avg       0.93      0.78      0.82      3747

2025-09-30 21:28:43.889 | DEBUG    | agents.clients.clientDAE:test_with_thresholds:272 - Confusion Matrix:
[[2570  827]
 [   8  342]]
2025-09-30 21:28:43.889 | DEBUG    | agents.clients.clientDAE:test_with_thresholds:273 - ROC AUC Score: 0.8668463770553849
2025-09-30 21:28:43.889 | DEBUG    | agents.clients.clientDAE:test_with_thresholds:274 - False Positive Rate (FPR): 0.2435
2025-09-30 21:31:52.303 | INFO     | agents.servers.serverDAE:test_on_clients:157 - [Client 9] Multiplier 0.0: ACC=0.7772, P=0.2926, R=0.9771, F1=0.4503, AUC=0.8668
2025-09-30 21:31:52.324 | INFO     | agents.servers.serverDAE:test_on_clients:140 - Client 10 test params: threshold_re (mean=0.000436, std=0.000050), best epoch 477
2025-09-30 21:31:59.903 | DEBUG    | agents.clients.clientDAE:test_with_thresholds:268 - Classification Report:
              precision    recall  f1-score   support

           0       1.00      0.69      0.81      3362
           1       0.26      0.97      0.41       385

    accuracy                           0.72      3747
   macro avg       0.63      0.83      0.61      3747
weighted avg       0.92      0.72      0.77      3747

2025-09-30 21:31:59.903 | DEBUG    | agents.clients.clientDAE:test_with_thresholds:272 - Confusion Matrix:
[[2312 1050]
 [  11  374]]
2025-09-30 21:31:59.903 | DEBUG    | agents.clients.clientDAE:test_with_thresholds:273 - ROC AUC Score: 0.829557236338914
2025-09-30 21:31:59.903 | DEBUG    | agents.clients.clientDAE:test_with_thresholds:274 - False Positive Rate (FPR): 0.3123
2025-09-30 21:34:15.466 | INFO     | agents.servers.serverDAE:test_on_clients:157 - [Client 10] Multiplier 0.0: ACC=0.7168, P=0.2626, R=0.9714, F1=0.4135, AUC=0.8296
2025-09-30 21:34:15.487 | INFO     | agents.servers.serverDAE:test_on_clients:140 - Client 11 test params: threshold_re (mean=0.000501, std=0.000134), best epoch 459
2025-09-30 21:34:20.062 | DEBUG    | agents.clients.clientDAE:test_with_thresholds:268 - Classification Report:
              precision    recall  f1-score   support

           0       1.00      0.74      0.85      3391
           1       0.28      0.97      0.43       356

    accuracy                           0.76      3747
   macro avg       0.64      0.85      0.64      3747
weighted avg       0.93      0.76      0.81      3747

2025-09-30 21:34:20.062 | DEBUG    | agents.clients.clientDAE:test_with_thresholds:272 - Confusion Matrix:
[[2502  889]
 [  12  344]]
2025-09-30 21:34:20.062 | DEBUG    | agents.clients.clientDAE:test_with_thresholds:273 - ROC AUC Score: 0.8520637908011625
2025-09-30 21:34:20.062 | DEBUG    | agents.clients.clientDAE:test_with_thresholds:274 - False Positive Rate (FPR): 0.2622
2025-09-30 21:36:13.162 | INFO     | agents.servers.serverDAE:test_on_clients:157 - [Client 11] Multiplier 0.0: ACC=0.7595, P=0.2790, R=0.9663, F1=0.4330, AUC=0.8521
2025-09-30 21:36:13.183 | INFO     | agents.servers.serverDAE:test_on_clients:140 - Client 12 test params: threshold_re (mean=0.000486, std=0.000125), best epoch 471
2025-09-30 21:36:17.849 | DEBUG    | agents.clients.clientDAE:test_with_thresholds:268 - Classification Report:
              precision    recall  f1-score   support

           0       1.00      0.74      0.85      3427
           1       0.26      0.99      0.41       320

    accuracy                           0.76      3747
   macro avg       0.63      0.86      0.63      3747
weighted avg       0.94      0.76      0.81      3747

2025-09-30 21:36:17.850 | DEBUG    | agents.clients.clientDAE:test_with_thresholds:272 - Confusion Matrix:
[[2528  899]
 [   3  317]]
2025-09-30 21:36:17.850 | DEBUG    | agents.clients.clientDAE:test_with_thresholds:273 - ROC AUC Score: 0.8641482163700029
2025-09-30 21:36:17.850 | DEBUG    | agents.clients.clientDAE:test_with_thresholds:274 - False Positive Rate (FPR): 0.2623
2025-09-30 21:38:11.062 | INFO     | agents.servers.serverDAE:test_on_clients:157 - [Client 12] Multiplier 0.0: ACC=0.7593, P=0.2607, R=0.9906, F1=0.4128, AUC=0.8641
2025-09-30 21:38:11.084 | INFO     | agents.servers.serverDAE:test_on_clients:140 - Client 13 test params: threshold_re (mean=0.000437, std=0.000051), best epoch 400
2025-09-30 21:38:15.662 | DEBUG    | agents.clients.clientDAE:test_with_thresholds:268 - Classification Report:
              precision    recall  f1-score   support

           0       1.00      0.68      0.81      3402
           1       0.24      0.99      0.38       344

    accuracy                           0.71      3746
   macro avg       0.62      0.83      0.60      3746
weighted avg       0.93      0.71      0.77      3746

2025-09-30 21:38:15.662 | DEBUG    | agents.clients.clientDAE:test_with_thresholds:272 - Confusion Matrix:
[[2318 1084]
 [   4  340]]
2025-09-30 21:38:15.662 | DEBUG    | agents.clients.clientDAE:test_with_thresholds:273 - ROC AUC Score: 0.8348679983046908
2025-09-30 21:38:15.662 | DEBUG    | agents.clients.clientDAE:test_with_thresholds:274 - False Positive Rate (FPR): 0.3186
2025-09-30 21:40:08.826 | INFO     | agents.servers.serverDAE:test_on_clients:157 - [Client 13] Multiplier 0.0: ACC=0.7096, P=0.2388, R=0.9884, F1=0.3846, AUC=0.8349
2025-09-30 21:40:08.847 | INFO     | agents.servers.serverDAE:test_on_clients:140 - Client 14 test params: threshold_re (mean=0.000431, std=0.000073), best epoch 426
2025-09-30 21:40:13.411 | DEBUG    | agents.clients.clientDAE:test_with_thresholds:268 - Classification Report:
              precision    recall  f1-score   support

           0       1.00      0.70      0.82      3387
           1       0.26      0.99      0.41       359

    accuracy                           0.72      3746
   macro avg       0.63      0.84      0.61      3746
weighted avg       0.93      0.72      0.78      3746

2025-09-30 21:40:13.411 | DEBUG    | agents.clients.clientDAE:test_with_thresholds:272 - Confusion Matrix:
[[2359 1028]
 [   3  356]]
2025-09-30 21:40:13.412 | DEBUG    | agents.clients.clientDAE:test_with_thresholds:273 - ROC AUC Score: 0.8440650101609217
2025-09-30 21:40:13.412 | DEBUG    | agents.clients.clientDAE:test_with_thresholds:274 - False Positive Rate (FPR): 0.3035
2025-09-30 21:42:06.455 | INFO     | agents.servers.serverDAE:test_on_clients:157 - [Client 14] Multiplier 0.0: ACC=0.7248, P=0.2572, R=0.9916, F1=0.4085, AUC=0.8441
2025-09-30 21:42:06.476 | INFO     | agents.servers.serverDAE:test_on_clients:140 - Client 15 test params: threshold_re (mean=0.000461, std=0.000068), best epoch 486
2025-09-30 21:42:11.038 | DEBUG    | agents.clients.clientDAE:test_with_thresholds:268 - Classification Report:
              precision    recall  f1-score   support

           0       1.00      0.68      0.81      3397
           1       0.24      0.99      0.39       349

    accuracy                           0.71      3746
   macro avg       0.62      0.84      0.60      3746
weighted avg       0.93      0.71      0.77      3746

2025-09-30 21:42:11.038 | DEBUG    | agents.clients.clientDAE:test_with_thresholds:272 - Confusion Matrix:
[[2324 1073]
 [   3  346]]
2025-09-30 21:42:11.038 | DEBUG    | agents.clients.clientDAE:test_with_thresholds:273 - ROC AUC Score: 0.8377685350212095
2025-09-30 21:42:11.039 | DEBUG    | agents.clients.clientDAE:test_with_thresholds:274 - False Positive Rate (FPR): 0.3159
2025-09-30 21:44:04.237 | INFO     | agents.servers.serverDAE:test_on_clients:157 - [Client 15] Multiplier 0.0: ACC=0.7128, P=0.2438, R=0.9914, F1=0.3914, AUC=0.8378
2025-09-30 21:44:04.258 | INFO     | agents.servers.serverDAE:test_on_clients:140 - Client 16 test params: threshold_re (mean=0.000413, std=0.000046), best epoch 446
2025-09-30 21:44:08.821 | DEBUG    | agents.clients.clientDAE:test_with_thresholds:268 - Classification Report:
              precision    recall  f1-score   support

           0       1.00      0.66      0.80      3411
           1       0.22      0.98      0.36       335

    accuracy                           0.69      3746
   macro avg       0.61      0.82      0.58      3746
weighted avg       0.93      0.69      0.76      3746

2025-09-30 21:44:08.821 | DEBUG    | agents.clients.clientDAE:test_with_thresholds:272 - Confusion Matrix:
[[2261 1150]
 [   8  327]]
2025-09-30 21:44:08.821 | DEBUG    | agents.clients.clientDAE:test_with_thresholds:273 - ROC AUC Score: 0.8194874352949413
2025-09-30 21:44:08.821 | DEBUG    | agents.clients.clientDAE:test_with_thresholds:274 - False Positive Rate (FPR): 0.3371
2025-09-30 21:46:02.017 | INFO     | agents.servers.serverDAE:test_on_clients:157 - [Client 16] Multiplier 0.0: ACC=0.6909, P=0.2214, R=0.9761, F1=0.3609, AUC=0.8195
2025-09-30 21:46:02.039 | INFO     | agents.servers.serverDAE:test_on_clients:140 - Client 17 test params: threshold_re (mean=0.000474, std=0.000060), best epoch 492
2025-09-30 21:46:06.654 | DEBUG    | agents.clients.clientDAE:test_with_thresholds:268 - Classification Report:
              precision    recall  f1-score   support

           0       1.00      0.73      0.84      3417
           1       0.26      0.98      0.41       329

    accuracy                           0.75      3746
   macro avg       0.63      0.85      0.62      3746
weighted avg       0.93      0.75      0.80      3746

2025-09-30 21:46:06.655 | DEBUG    | agents.clients.clientDAE:test_with_thresholds:272 - Confusion Matrix:
[[2486  931]
 [   7  322]]
2025-09-30 21:46:06.655 | DEBUG    | agents.clients.clientDAE:test_with_thresholds:273 - ROC AUC Score: 0.8531310904800153
2025-09-30 21:46:06.655 | DEBUG    | agents.clients.clientDAE:test_with_thresholds:274 - False Positive Rate (FPR): 0.2725
2025-09-30 21:47:47.622 | INFO     | agents.servers.serverDAE:test_on_clients:157 - [Client 17] Multiplier 0.0: ACC=0.7496, P=0.2570, R=0.9787, F1=0.4071, AUC=0.8531
2025-09-30 21:47:47.643 | INFO     | agents.servers.serverDAE:test_on_clients:140 - Client 18 test params: threshold_re (mean=0.000478, std=0.000125), best epoch 498
2025-09-30 21:47:50.597 | DEBUG    | agents.clients.clientDAE:test_with_thresholds:268 - Classification Report:
              precision    recall  f1-score   support

           0       1.00      0.72      0.84      3379
           1       0.27      0.98      0.43       367

    accuracy                           0.74      3746
   macro avg       0.64      0.85      0.63      3746
weighted avg       0.93      0.74      0.80      3746

2025-09-30 21:47:50.597 | DEBUG    | agents.clients.clientDAE:test_with_thresholds:272 - Confusion Matrix:
[[2428  951]
 [   7  360]]
2025-09-30 21:47:50.597 | DEBUG    | agents.clients.clientDAE:test_with_thresholds:273 - ROC AUC Score: 0.849741108126568
2025-09-30 21:47:50.597 | DEBUG    | agents.clients.clientDAE:test_with_thresholds:274 - False Positive Rate (FPR): 0.2814
2025-09-30 21:49:22.161 | INFO     | agents.servers.serverDAE:test_on_clients:157 - [Client 18] Multiplier 0.0: ACC=0.7443, P=0.2746, R=0.9809, F1=0.4291, AUC=0.8497
2025-09-30 21:49:22.182 | INFO     | agents.servers.serverDAE:test_on_clients:140 - Client 19 test params: threshold_re (mean=0.000430, std=0.000051), best epoch 449
2025-09-30 21:49:26.042 | DEBUG    | agents.clients.clientDAE:test_with_thresholds:268 - Classification Report:
              precision    recall  f1-score   support

           0       1.00      0.69      0.81      3416
           1       0.23      0.99      0.38       330

    accuracy                           0.71      3746
   macro avg       0.62      0.84      0.60      3746
weighted avg       0.93      0.71      0.78      3746

2025-09-30 21:49:26.043 | DEBUG    | agents.clients.clientDAE:test_with_thresholds:272 - Confusion Matrix:
[[2346 1070]
 [   2  328]]
2025-09-30 21:49:26.043 | DEBUG    | agents.clients.clientDAE:test_with_thresholds:273 - ROC AUC Score: 0.8403537719111489
2025-09-30 21:49:26.043 | DEBUG    | agents.clients.clientDAE:test_with_thresholds:274 - False Positive Rate (FPR): 0.3132
2025-09-30 21:50:56.504 | INFO     | agents.servers.serverDAE:test_on_clients:157 - [Client 19] Multiplier 0.0: ACC=0.7138, P=0.2346, R=0.9939, F1=0.3796, AUC=0.8404
2025-09-30 21:50:56.526 | INFO     | agents.servers.serverDAE:_log_avg_auc:208 - 
====== AVERAGE AUC PER MULTIPLIER ======
Multiplier   All Clients          Benign Clients       Poisoned Clients    
---------------------------------------------------------------------------
0.0          0.843420             0.843420             0.000000            
0.2          0.850195             0.850195             0.000000            
0.4          0.858776             0.858776             0.000000            
0.6          0.864980             0.864980             0.000000            
0.8          0.871456             0.871456             0.000000            
1.0          0.876055             0.876055             0.000000            
1.2          0.879622             0.879622             0.000000            
1.4          0.883315             0.883315             0.000000            
1.6          0.890387             0.890387             0.000000            
1.8          0.893434             0.893434             0.000000            
2.0          0.896335             0.896335             0.000000            
2.2          0.899338             0.899338             0.000000            
2.4          0.901506             0.901506             0.000000            
2.6          0.905011             0.905011             0.000000            
2.8          0.906729             0.906729             0.000000            
3.0          0.910010             0.910010             0.000000            
3.2          0.910370             0.910370             0.000000            
3.4          0.911559             0.911559             0.000000            
3.6          0.913229             0.913229             0.000000            
3.8          0.914836             0.914836             0.000000            
4.0          0.915374             0.915374             0.000000            
4.2          0.919059             0.919059             0.000000            
4.4          0.918559             0.918559             0.000000            
4.6          0.919271             0.919271             0.000000            
4.8          0.919075             0.919075             0.000000            
5.0          0.922420             0.922420             0.000000            

