2025-09-30 20:00:23.193 | DEBUG    | function.arguments:log:104 - Arguments: 
[Experiment Config]
Model Type: FedMSE
Noise Type: label_flipping
Aggregation Type: FedMSE
Learning Rate: 0.01
Coefficient Shrink AE: 1.0
Threshold Multiplier: 0.0
Noise STD: 0.001
Attack Noise STD: 3.0
Number of Poisoned Clients: 0
Poisoned Sample Ratio: 1.0
Dimension: 17
Epochs: 500
Number of Multi-Class Clients: 0

[System Config]
Number of Workers: 20
Early Stop Offset: 500
Threshold Factor: 0
Cuda Enabled: True
Shuffle: False
Loss Function: <class 'torch.nn.modules.loss.MSELoss'>

[Dataset Config]
Dataset: wsn_ds
Train Batch Size: 128
Val Batch Size: 128
Test Batch Size: 1
Malicious Batch Size: 128
Train Data Path: data_loaders/wsn_ds/train_data_loader.pickle
Val Data Path: data_loaders/wsn_ds/val_data_loader.pickle
Test Data Path: data_loaders/wsn_ds/test_data_loader.pickle
Malicious Data Path: data_loaders/wsn_ds/mal_data_loader.pickle
Default Model Save Path: default_models/wsn_ds

2025-09-30 20:00:23.193 | INFO     | function.utils.data_loader_util:load_data_loader_from_file:191 - Loading data loader from file: data_loaders/wsn_ds/train_data_loader.pickle
2025-09-30 20:00:23.215 | INFO     | function.utils.data_loader_util:load_data_loader_from_file:191 - Loading data loader from file: data_loaders/wsn_ds/val_data_loader.pickle
2025-09-30 20:00:23.218 | INFO     | function.utils.data_loader_util:load_data_loader_from_file:191 - Loading data loader from file: data_loaders/wsn_ds/test_data_loader.pickle
2025-09-30 20:00:23.223 | INFO     | function.utils.data_loader_util:load_data_loader_from_file:191 - Loading data loader from file: data_loaders/wsn_ds/mal_data_loader.pickle
2025-09-30 20:00:23.224 | INFO     | core.experiment_runner:run_exp:56 - Multi-class client IDs: []
2025-09-30 20:00:23.224 | INFO     | core.experiment_runner:run_exp:61 - Single-class client IDs: [0, 1, 2, 3, 4, 5, 6, 7, 8, 9, 10, 11, 12, 13, 14, 15, 16, 17, 18, 19]
2025-09-30 20:00:27.754 | INFO     | function.utils.data_util:poison_data:100 - Poisoning data for workers: []
2025-09-30 20:00:33.087 | INFO     | function.utils.data_util:poison_data:100 - Poisoning data for workers: []
2025-09-30 20:00:40.995 | INFO     | agents.servers.serverFedMSE:train_on_clients:32 - Training FedMSE model epoch #1
2025-09-30 20:00:41.407 | INFO     | agents.servers.serverFedMSE:train_on_clients:54 - Client 0 gets new best val_loss at epoch #1: 0.015361
2025-09-30 20:00:41.709 | INFO     | agents.servers.serverFedMSE:train_on_clients:54 - Client 1 gets new best val_loss at epoch #1: 0.016586
2025-09-30 20:00:42.009 | INFO     | agents.servers.serverFedMSE:train_on_clients:54 - Client 2 gets new best val_loss at epoch #1: 0.014838
2025-09-30 20:00:42.306 | INFO     | agents.servers.serverFedMSE:train_on_clients:54 - Client 3 gets new best val_loss at epoch #1: 0.016438
2025-09-30 20:00:42.607 | INFO     | agents.servers.serverFedMSE:train_on_clients:54 - Client 4 gets new best val_loss at epoch #1: 0.013685
2025-09-30 20:00:42.900 | INFO     | agents.servers.serverFedMSE:train_on_clients:54 - Client 5 gets new best val_loss at epoch #1: 0.014482
2025-09-30 20:00:43.201 | INFO     | agents.servers.serverFedMSE:train_on_clients:54 - Client 6 gets new best val_loss at epoch #1: 0.014452
2025-09-30 20:00:43.497 | INFO     | agents.servers.serverFedMSE:train_on_clients:54 - Client 7 gets new best val_loss at epoch #1: 0.015744
2025-09-30 20:00:43.795 | INFO     | agents.servers.serverFedMSE:train_on_clients:54 - Client 8 gets new best val_loss at epoch #1: 0.013954
2025-09-30 20:00:44.093 | INFO     | agents.servers.serverFedMSE:train_on_clients:54 - Client 9 gets new best val_loss at epoch #1: 0.015495
2025-09-30 20:00:44.394 | INFO     | agents.servers.serverFedMSE:train_on_clients:54 - Client 10 gets new best val_loss at epoch #1: 0.014739
2025-09-30 20:00:44.687 | INFO     | agents.servers.serverFedMSE:train_on_clients:54 - Client 11 gets new best val_loss at epoch #1: 0.014893
2025-09-30 20:00:44.982 | INFO     | agents.servers.serverFedMSE:train_on_clients:54 - Client 12 gets new best val_loss at epoch #1: 0.014764
2025-09-30 20:00:45.280 | INFO     | agents.servers.serverFedMSE:train_on_clients:54 - Client 13 gets new best val_loss at epoch #1: 0.015087
2025-09-30 20:00:45.581 | INFO     | agents.servers.serverFedMSE:train_on_clients:54 - Client 14 gets new best val_loss at epoch #1: 0.013608
2025-09-30 20:00:45.879 | INFO     | agents.servers.serverFedMSE:train_on_clients:54 - Client 15 gets new best val_loss at epoch #1: 0.015264
2025-09-30 20:00:46.177 | INFO     | agents.servers.serverFedMSE:train_on_clients:54 - Client 16 gets new best val_loss at epoch #1: 0.014016
2025-09-30 20:00:46.472 | INFO     | agents.servers.serverFedMSE:train_on_clients:54 - Client 17 gets new best val_loss at epoch #1: 0.014860
2025-09-30 20:00:46.771 | INFO     | agents.servers.serverFedMSE:train_on_clients:54 - Client 18 gets new best val_loss at epoch #1: 0.018029
2025-09-30 20:00:47.067 | INFO     | agents.servers.serverFedMSE:train_on_clients:54 - Client 19 gets new best val_loss at epoch #1: 0.014580
2025-09-30 20:00:47.068 | INFO     | agents.servers.serverFedMSE:train_on_clients:76 - 20 clients still training at epoch #1
2025-09-30 20:01:50.546 | INFO     | agents.servers.serverFedMSE:train_on_clients:32 - Training FedMSE model epoch #2
2025-09-30 20:01:50.846 | INFO     | agents.servers.serverFedMSE:train_on_clients:54 - Client 0 gets new best val_loss at epoch #2: 0.011661
2025-09-30 20:01:51.144 | INFO     | agents.servers.serverFedMSE:train_on_clients:54 - Client 1 gets new best val_loss at epoch #2: 0.012074
2025-09-30 20:01:51.443 | INFO     | agents.servers.serverFedMSE:train_on_clients:54 - Client 2 gets new best val_loss at epoch #2: 0.011346
2025-09-30 20:01:51.747 | INFO     | agents.servers.serverFedMSE:train_on_clients:54 - Client 3 gets new best val_loss at epoch #2: 0.011313
2025-09-30 20:01:52.050 | INFO     | agents.servers.serverFedMSE:train_on_clients:54 - Client 4 gets new best val_loss at epoch #2: 0.011963
2025-09-30 20:01:52.351 | INFO     | agents.servers.serverFedMSE:train_on_clients:54 - Client 5 gets new best val_loss at epoch #2: 0.012078
2025-09-30 20:01:52.657 | INFO     | agents.servers.serverFedMSE:train_on_clients:54 - Client 6 gets new best val_loss at epoch #2: 0.011726
2025-09-30 20:01:52.957 | INFO     | agents.servers.serverFedMSE:train_on_clients:54 - Client 7 gets new best val_loss at epoch #2: 0.011941
2025-09-30 20:01:53.252 | INFO     | agents.servers.serverFedMSE:train_on_clients:54 - Client 8 gets new best val_loss at epoch #2: 0.011308
2025-09-30 20:01:53.549 | INFO     | agents.servers.serverFedMSE:train_on_clients:54 - Client 9 gets new best val_loss at epoch #2: 0.011816
2025-09-30 20:01:53.852 | INFO     | agents.servers.serverFedMSE:train_on_clients:54 - Client 10 gets new best val_loss at epoch #2: 0.011425
2025-09-30 20:01:54.153 | INFO     | agents.servers.serverFedMSE:train_on_clients:54 - Client 11 gets new best val_loss at epoch #2: 0.011786
2025-09-30 20:01:54.457 | INFO     | agents.servers.serverFedMSE:train_on_clients:54 - Client 12 gets new best val_loss at epoch #2: 0.010967
2025-09-30 20:01:54.757 | INFO     | agents.servers.serverFedMSE:train_on_clients:54 - Client 13 gets new best val_loss at epoch #2: 0.011088
2025-09-30 20:01:55.076 | INFO     | agents.servers.serverFedMSE:train_on_clients:54 - Client 14 gets new best val_loss at epoch #2: 0.010873
2025-09-30 20:01:55.416 | INFO     | agents.servers.serverFedMSE:train_on_clients:54 - Client 15 gets new best val_loss at epoch #2: 0.012291
2025-09-30 20:01:55.753 | INFO     | agents.servers.serverFedMSE:train_on_clients:54 - Client 16 gets new best val_loss at epoch #2: 0.011406
2025-09-30 20:01:56.097 | INFO     | agents.servers.serverFedMSE:train_on_clients:54 - Client 17 gets new best val_loss at epoch #2: 0.011616
2025-09-30 20:01:56.394 | INFO     | agents.servers.serverFedMSE:train_on_clients:54 - Client 18 gets new best val_loss at epoch #2: 0.012072
2025-09-30 20:01:56.696 | INFO     | agents.servers.serverFedMSE:train_on_clients:54 - Client 19 gets new best val_loss at epoch #2: 0.011041
2025-09-30 20:01:56.698 | INFO     | agents.servers.serverFedMSE:train_on_clients:76 - 20 clients still training at epoch #2
2025-09-30 20:03:00.587 | INFO     | agents.servers.serverFedMSE:train_on_clients:32 - Training FedMSE model epoch #3
2025-09-30 20:03:00.878 | INFO     | agents.servers.serverFedMSE:train_on_clients:54 - Client 0 gets new best val_loss at epoch #3: 0.007393
2025-09-30 20:03:01.184 | INFO     | agents.servers.serverFedMSE:train_on_clients:54 - Client 1 gets new best val_loss at epoch #3: 0.007772
2025-09-30 20:03:01.489 | INFO     | agents.servers.serverFedMSE:train_on_clients:54 - Client 2 gets new best val_loss at epoch #3: 0.007212
2025-09-30 20:03:01.776 | INFO     | agents.servers.serverFedMSE:train_on_clients:54 - Client 3 gets new best val_loss at epoch #3: 0.007146
2025-09-30 20:03:02.068 | INFO     | agents.servers.serverFedMSE:train_on_clients:54 - Client 4 gets new best val_loss at epoch #3: 0.006864
2025-09-30 20:03:02.359 | INFO     | agents.servers.serverFedMSE:train_on_clients:54 - Client 5 gets new best val_loss at epoch #3: 0.008093
2025-09-30 20:03:02.695 | INFO     | agents.servers.serverFedMSE:train_on_clients:54 - Client 6 gets new best val_loss at epoch #3: 0.007621
2025-09-30 20:03:02.995 | INFO     | agents.servers.serverFedMSE:train_on_clients:54 - Client 7 gets new best val_loss at epoch #3: 0.007882
2025-09-30 20:03:03.297 | INFO     | agents.servers.serverFedMSE:train_on_clients:54 - Client 8 gets new best val_loss at epoch #3: 0.007382
2025-09-30 20:03:03.596 | INFO     | agents.servers.serverFedMSE:train_on_clients:54 - Client 9 gets new best val_loss at epoch #3: 0.007835
2025-09-30 20:03:03.894 | INFO     | agents.servers.serverFedMSE:train_on_clients:54 - Client 10 gets new best val_loss at epoch #3: 0.007441
2025-09-30 20:03:04.221 | INFO     | agents.servers.serverFedMSE:train_on_clients:54 - Client 11 gets new best val_loss at epoch #3: 0.008003
2025-09-30 20:03:04.545 | INFO     | agents.servers.serverFedMSE:train_on_clients:54 - Client 12 gets new best val_loss at epoch #3: 0.007151
2025-09-30 20:03:04.859 | INFO     | agents.servers.serverFedMSE:train_on_clients:54 - Client 13 gets new best val_loss at epoch #3: 0.007164
2025-09-30 20:03:05.176 | INFO     | agents.servers.serverFedMSE:train_on_clients:54 - Client 14 gets new best val_loss at epoch #3: 0.006922
2025-09-30 20:03:05.480 | INFO     | agents.servers.serverFedMSE:train_on_clients:54 - Client 15 gets new best val_loss at epoch #3: 0.007598
2025-09-30 20:03:05.783 | INFO     | agents.servers.serverFedMSE:train_on_clients:54 - Client 16 gets new best val_loss at epoch #3: 0.007015
2025-09-30 20:03:06.080 | INFO     | agents.servers.serverFedMSE:train_on_clients:54 - Client 17 gets new best val_loss at epoch #3: 0.007482
2025-09-30 20:03:06.384 | INFO     | agents.servers.serverFedMSE:train_on_clients:54 - Client 18 gets new best val_loss at epoch #3: 0.007691
2025-09-30 20:03:06.678 | INFO     | agents.servers.serverFedMSE:train_on_clients:54 - Client 19 gets new best val_loss at epoch #3: 0.007287
2025-09-30 20:03:06.679 | INFO     | agents.servers.serverFedMSE:train_on_clients:76 - 20 clients still training at epoch #3
2025-09-30 20:04:10.841 | INFO     | agents.servers.serverFedMSE:train_on_clients:32 - Training FedMSE model epoch #4
2025-09-30 20:04:11.142 | INFO     | agents.servers.serverFedMSE:train_on_clients:54 - Client 0 gets new best val_loss at epoch #4: 0.007338
2025-09-30 20:04:11.442 | INFO     | agents.servers.serverFedMSE:train_on_clients:54 - Client 1 gets new best val_loss at epoch #4: 0.007342
2025-09-30 20:04:11.747 | INFO     | agents.servers.serverFedMSE:train_on_clients:54 - Client 2 gets new best val_loss at epoch #4: 0.006771
2025-09-30 20:04:12.049 | INFO     | agents.servers.serverFedMSE:train_on_clients:54 - Client 3 gets new best val_loss at epoch #4: 0.006828
2025-09-30 20:04:12.652 | INFO     | agents.servers.serverFedMSE:train_on_clients:54 - Client 5 gets new best val_loss at epoch #4: 0.007284
2025-09-30 20:04:12.952 | INFO     | agents.servers.serverFedMSE:train_on_clients:54 - Client 6 gets new best val_loss at epoch #4: 0.007123
2025-09-30 20:04:13.247 | INFO     | agents.servers.serverFedMSE:train_on_clients:54 - Client 7 gets new best val_loss at epoch #4: 0.007390
2025-09-30 20:04:13.553 | INFO     | agents.servers.serverFedMSE:train_on_clients:54 - Client 8 gets new best val_loss at epoch #4: 0.007075
2025-09-30 20:04:13.852 | INFO     | agents.servers.serverFedMSE:train_on_clients:54 - Client 9 gets new best val_loss at epoch #4: 0.007367
2025-09-30 20:04:14.154 | INFO     | agents.servers.serverFedMSE:train_on_clients:54 - Client 10 gets new best val_loss at epoch #4: 0.007073
2025-09-30 20:04:14.460 | INFO     | agents.servers.serverFedMSE:train_on_clients:54 - Client 11 gets new best val_loss at epoch #4: 0.007251
2025-09-30 20:04:14.768 | INFO     | agents.servers.serverFedMSE:train_on_clients:54 - Client 12 gets new best val_loss at epoch #4: 0.006697
2025-09-30 20:04:15.076 | INFO     | agents.servers.serverFedMSE:train_on_clients:54 - Client 13 gets new best val_loss at epoch #4: 0.006910
2025-09-30 20:04:15.379 | INFO     | agents.servers.serverFedMSE:train_on_clients:54 - Client 14 gets new best val_loss at epoch #4: 0.006474
2025-09-30 20:04:15.691 | INFO     | agents.servers.serverFedMSE:train_on_clients:54 - Client 15 gets new best val_loss at epoch #4: 0.007120
2025-09-30 20:04:16.002 | INFO     | agents.servers.serverFedMSE:train_on_clients:54 - Client 16 gets new best val_loss at epoch #4: 0.006683
2025-09-30 20:04:16.305 | INFO     | agents.servers.serverFedMSE:train_on_clients:54 - Client 17 gets new best val_loss at epoch #4: 0.007157
2025-09-30 20:04:16.620 | INFO     | agents.servers.serverFedMSE:train_on_clients:54 - Client 18 gets new best val_loss at epoch #4: 0.007569
2025-09-30 20:04:16.925 | INFO     | agents.servers.serverFedMSE:train_on_clients:54 - Client 19 gets new best val_loss at epoch #4: 0.007113
2025-09-30 20:04:16.926 | INFO     | agents.servers.serverFedMSE:train_on_clients:76 - 20 clients still training at epoch #4
2025-09-30 20:05:21.479 | INFO     | agents.servers.serverFedMSE:train_on_clients:32 - Training FedMSE model epoch #5
2025-09-30 20:05:21.764 | INFO     | agents.servers.serverFedMSE:train_on_clients:54 - Client 0 gets new best val_loss at epoch #5: 0.006724
2025-09-30 20:05:22.055 | INFO     | agents.servers.serverFedMSE:train_on_clients:54 - Client 1 gets new best val_loss at epoch #5: 0.007279
2025-09-30 20:05:22.341 | INFO     | agents.servers.serverFedMSE:train_on_clients:54 - Client 2 gets new best val_loss at epoch #5: 0.006553
2025-09-30 20:05:22.627 | INFO     | agents.servers.serverFedMSE:train_on_clients:54 - Client 3 gets new best val_loss at epoch #5: 0.006704
2025-09-30 20:05:22.909 | INFO     | agents.servers.serverFedMSE:train_on_clients:54 - Client 4 gets new best val_loss at epoch #5: 0.006188
2025-09-30 20:05:23.195 | INFO     | agents.servers.serverFedMSE:train_on_clients:54 - Client 5 gets new best val_loss at epoch #5: 0.007232
2025-09-30 20:05:23.481 | INFO     | agents.servers.serverFedMSE:train_on_clients:54 - Client 6 gets new best val_loss at epoch #5: 0.006966
2025-09-30 20:05:24.625 | INFO     | agents.servers.serverFedMSE:train_on_clients:54 - Client 10 gets new best val_loss at epoch #5: 0.006816
2025-09-30 20:05:24.910 | INFO     | agents.servers.serverFedMSE:train_on_clients:54 - Client 11 gets new best val_loss at epoch #5: 0.007096
2025-09-30 20:05:25.197 | INFO     | agents.servers.serverFedMSE:train_on_clients:54 - Client 12 gets new best val_loss at epoch #5: 0.006584
2025-09-30 20:05:25.765 | INFO     | agents.servers.serverFedMSE:train_on_clients:54 - Client 14 gets new best val_loss at epoch #5: 0.006266
2025-09-30 20:05:26.051 | INFO     | agents.servers.serverFedMSE:train_on_clients:54 - Client 15 gets new best val_loss at epoch #5: 0.007056
2025-09-30 20:05:26.615 | INFO     | agents.servers.serverFedMSE:train_on_clients:54 - Client 17 gets new best val_loss at epoch #5: 0.006970
2025-09-30 20:05:26.893 | INFO     | agents.servers.serverFedMSE:train_on_clients:54 - Client 18 gets new best val_loss at epoch #5: 0.007109
2025-09-30 20:05:27.182 | INFO     | agents.servers.serverFedMSE:train_on_clients:54 - Client 19 gets new best val_loss at epoch #5: 0.006553
2025-09-30 20:05:27.183 | INFO     | agents.servers.serverFedMSE:train_on_clients:76 - 20 clients still training at epoch #5
2025-09-30 20:06:31.546 | INFO     | agents.servers.serverFedMSE:train_on_clients:32 - Training FedMSE model epoch #6
2025-09-30 20:06:31.831 | INFO     | agents.servers.serverFedMSE:train_on_clients:54 - Client 0 gets new best val_loss at epoch #6: 0.006257
2025-09-30 20:06:32.120 | INFO     | agents.servers.serverFedMSE:train_on_clients:54 - Client 1 gets new best val_loss at epoch #6: 0.006699
2025-09-30 20:06:32.411 | INFO     | agents.servers.serverFedMSE:train_on_clients:54 - Client 2 gets new best val_loss at epoch #6: 0.006164
2025-09-30 20:06:32.700 | INFO     | agents.servers.serverFedMSE:train_on_clients:54 - Client 3 gets new best val_loss at epoch #6: 0.006040
2025-09-30 20:06:32.996 | INFO     | agents.servers.serverFedMSE:train_on_clients:54 - Client 4 gets new best val_loss at epoch #6: 0.005855
2025-09-30 20:06:33.297 | INFO     | agents.servers.serverFedMSE:train_on_clients:54 - Client 5 gets new best val_loss at epoch #6: 0.006456
2025-09-30 20:06:33.601 | INFO     | agents.servers.serverFedMSE:train_on_clients:54 - Client 6 gets new best val_loss at epoch #6: 0.006581
2025-09-30 20:06:33.901 | INFO     | agents.servers.serverFedMSE:train_on_clients:54 - Client 7 gets new best val_loss at epoch #6: 0.006654
2025-09-30 20:06:34.202 | INFO     | agents.servers.serverFedMSE:train_on_clients:54 - Client 8 gets new best val_loss at epoch #6: 0.006403
2025-09-30 20:06:34.500 | INFO     | agents.servers.serverFedMSE:train_on_clients:54 - Client 9 gets new best val_loss at epoch #6: 0.006591
2025-09-30 20:06:35.100 | INFO     | agents.servers.serverFedMSE:train_on_clients:54 - Client 11 gets new best val_loss at epoch #6: 0.006540
2025-09-30 20:06:35.398 | INFO     | agents.servers.serverFedMSE:train_on_clients:54 - Client 12 gets new best val_loss at epoch #6: 0.006556
2025-09-30 20:06:35.703 | INFO     | agents.servers.serverFedMSE:train_on_clients:54 - Client 13 gets new best val_loss at epoch #6: 0.006217
2025-09-30 20:06:36.005 | INFO     | agents.servers.serverFedMSE:train_on_clients:54 - Client 14 gets new best val_loss at epoch #6: 0.005851
2025-09-30 20:06:36.306 | INFO     | agents.servers.serverFedMSE:train_on_clients:54 - Client 15 gets new best val_loss at epoch #6: 0.006463
2025-09-30 20:06:36.610 | INFO     | agents.servers.serverFedMSE:train_on_clients:54 - Client 16 gets new best val_loss at epoch #6: 0.005930
2025-09-30 20:06:36.912 | INFO     | agents.servers.serverFedMSE:train_on_clients:54 - Client 17 gets new best val_loss at epoch #6: 0.006394
2025-09-30 20:06:37.211 | INFO     | agents.servers.serverFedMSE:train_on_clients:54 - Client 18 gets new best val_loss at epoch #6: 0.006636
2025-09-30 20:06:37.508 | INFO     | agents.servers.serverFedMSE:train_on_clients:54 - Client 19 gets new best val_loss at epoch #6: 0.006048
2025-09-30 20:06:37.510 | INFO     | agents.servers.serverFedMSE:train_on_clients:76 - 20 clients still training at epoch #6
2025-09-30 20:07:42.143 | INFO     | agents.servers.serverFedMSE:train_on_clients:32 - Training FedMSE model epoch #7
2025-09-30 20:07:42.443 | INFO     | agents.servers.serverFedMSE:train_on_clients:54 - Client 0 gets new best val_loss at epoch #7: 0.006086
2025-09-30 20:07:42.746 | INFO     | agents.servers.serverFedMSE:train_on_clients:54 - Client 1 gets new best val_loss at epoch #7: 0.006422
2025-09-30 20:07:43.050 | INFO     | agents.servers.serverFedMSE:train_on_clients:54 - Client 2 gets new best val_loss at epoch #7: 0.005773
2025-09-30 20:07:43.645 | INFO     | agents.servers.serverFedMSE:train_on_clients:54 - Client 4 gets new best val_loss at epoch #7: 0.005507
2025-09-30 20:07:43.947 | INFO     | agents.servers.serverFedMSE:train_on_clients:54 - Client 5 gets new best val_loss at epoch #7: 0.006096
2025-09-30 20:07:44.250 | INFO     | agents.servers.serverFedMSE:train_on_clients:54 - Client 6 gets new best val_loss at epoch #7: 0.006126
2025-09-30 20:07:44.553 | INFO     | agents.servers.serverFedMSE:train_on_clients:54 - Client 7 gets new best val_loss at epoch #7: 0.006246
2025-09-30 20:07:44.862 | INFO     | agents.servers.serverFedMSE:train_on_clients:54 - Client 8 gets new best val_loss at epoch #7: 0.005905
2025-09-30 20:07:45.157 | INFO     | agents.servers.serverFedMSE:train_on_clients:54 - Client 9 gets new best val_loss at epoch #7: 0.006126
2025-09-30 20:07:45.456 | INFO     | agents.servers.serverFedMSE:train_on_clients:54 - Client 10 gets new best val_loss at epoch #7: 0.006234
2025-09-30 20:07:45.762 | INFO     | agents.servers.serverFedMSE:train_on_clients:54 - Client 11 gets new best val_loss at epoch #7: 0.006126
2025-09-30 20:07:46.059 | INFO     | agents.servers.serverFedMSE:train_on_clients:54 - Client 12 gets new best val_loss at epoch #7: 0.005760
2025-09-30 20:07:46.363 | INFO     | agents.servers.serverFedMSE:train_on_clients:54 - Client 13 gets new best val_loss at epoch #7: 0.005713
2025-09-30 20:07:46.669 | INFO     | agents.servers.serverFedMSE:train_on_clients:54 - Client 14 gets new best val_loss at epoch #7: 0.005537
2025-09-30 20:07:47.268 | INFO     | agents.servers.serverFedMSE:train_on_clients:54 - Client 16 gets new best val_loss at epoch #7: 0.005544
2025-09-30 20:07:47.569 | INFO     | agents.servers.serverFedMSE:train_on_clients:54 - Client 17 gets new best val_loss at epoch #7: 0.006046
2025-09-30 20:07:47.871 | INFO     | agents.servers.serverFedMSE:train_on_clients:54 - Client 18 gets new best val_loss at epoch #7: 0.006220
2025-09-30 20:07:48.172 | INFO     | agents.servers.serverFedMSE:train_on_clients:54 - Client 19 gets new best val_loss at epoch #7: 0.005881
2025-09-30 20:07:48.174 | INFO     | agents.servers.serverFedMSE:train_on_clients:76 - 20 clients still training at epoch #7
2025-09-30 20:08:52.721 | INFO     | agents.servers.serverFedMSE:train_on_clients:32 - Training FedMSE model epoch #8
2025-09-30 20:08:53.015 | INFO     | agents.servers.serverFedMSE:train_on_clients:54 - Client 0 gets new best val_loss at epoch #8: 0.005849
2025-09-30 20:08:53.325 | INFO     | agents.servers.serverFedMSE:train_on_clients:54 - Client 1 gets new best val_loss at epoch #8: 0.005945
2025-09-30 20:08:53.632 | INFO     | agents.servers.serverFedMSE:train_on_clients:54 - Client 2 gets new best val_loss at epoch #8: 0.005624
2025-09-30 20:08:53.924 | INFO     | agents.servers.serverFedMSE:train_on_clients:54 - Client 3 gets new best val_loss at epoch #8: 0.005642
2025-09-30 20:08:54.210 | INFO     | agents.servers.serverFedMSE:train_on_clients:54 - Client 4 gets new best val_loss at epoch #8: 0.005250
2025-09-30 20:08:54.500 | INFO     | agents.servers.serverFedMSE:train_on_clients:54 - Client 5 gets new best val_loss at epoch #8: 0.005927
2025-09-30 20:08:54.783 | INFO     | agents.servers.serverFedMSE:train_on_clients:54 - Client 6 gets new best val_loss at epoch #8: 0.005872
2025-09-30 20:08:55.086 | INFO     | agents.servers.serverFedMSE:train_on_clients:54 - Client 7 gets new best val_loss at epoch #8: 0.006111
2025-09-30 20:08:55.386 | INFO     | agents.servers.serverFedMSE:train_on_clients:54 - Client 8 gets new best val_loss at epoch #8: 0.005774
2025-09-30 20:08:55.682 | INFO     | agents.servers.serverFedMSE:train_on_clients:54 - Client 9 gets new best val_loss at epoch #8: 0.005900
2025-09-30 20:08:56.539 | INFO     | agents.servers.serverFedMSE:train_on_clients:54 - Client 12 gets new best val_loss at epoch #8: 0.005524
2025-09-30 20:08:56.827 | INFO     | agents.servers.serverFedMSE:train_on_clients:54 - Client 13 gets new best val_loss at epoch #8: 0.005589
2025-09-30 20:08:57.444 | INFO     | agents.servers.serverFedMSE:train_on_clients:54 - Client 15 gets new best val_loss at epoch #8: 0.005924
2025-09-30 20:08:57.749 | INFO     | agents.servers.serverFedMSE:train_on_clients:54 - Client 16 gets new best val_loss at epoch #8: 0.005434
2025-09-30 20:08:58.050 | INFO     | agents.servers.serverFedMSE:train_on_clients:54 - Client 17 gets new best val_loss at epoch #8: 0.005893
2025-09-30 20:08:58.342 | INFO     | agents.servers.serverFedMSE:train_on_clients:54 - Client 18 gets new best val_loss at epoch #8: 0.005908
2025-09-30 20:08:58.641 | INFO     | agents.servers.serverFedMSE:train_on_clients:54 - Client 19 gets new best val_loss at epoch #8: 0.005769
2025-09-30 20:08:58.643 | INFO     | agents.servers.serverFedMSE:train_on_clients:76 - 20 clients still training at epoch #8
2025-09-30 20:10:03.117 | INFO     | agents.servers.serverFedMSE:train_on_clients:32 - Training FedMSE model epoch #9
2025-09-30 20:10:03.414 | INFO     | agents.servers.serverFedMSE:train_on_clients:54 - Client 0 gets new best val_loss at epoch #9: 0.005438
2025-09-30 20:10:03.711 | INFO     | agents.servers.serverFedMSE:train_on_clients:54 - Client 1 gets new best val_loss at epoch #9: 0.005758
2025-09-30 20:10:04.307 | INFO     | agents.servers.serverFedMSE:train_on_clients:54 - Client 3 gets new best val_loss at epoch #9: 0.005422
2025-09-30 20:10:04.607 | INFO     | agents.servers.serverFedMSE:train_on_clients:54 - Client 4 gets new best val_loss at epoch #9: 0.005216
2025-09-30 20:10:05.211 | INFO     | agents.servers.serverFedMSE:train_on_clients:54 - Client 6 gets new best val_loss at epoch #9: 0.005833
2025-09-30 20:10:05.508 | INFO     | agents.servers.serverFedMSE:train_on_clients:54 - Client 7 gets new best val_loss at epoch #9: 0.005917
2025-09-30 20:10:05.813 | INFO     | agents.servers.serverFedMSE:train_on_clients:54 - Client 8 gets new best val_loss at epoch #9: 0.005653
2025-09-30 20:10:06.121 | INFO     | agents.servers.serverFedMSE:train_on_clients:54 - Client 9 gets new best val_loss at epoch #9: 0.005670
2025-09-30 20:10:06.424 | INFO     | agents.servers.serverFedMSE:train_on_clients:54 - Client 10 gets new best val_loss at epoch #9: 0.005436
2025-09-30 20:10:06.719 | INFO     | agents.servers.serverFedMSE:train_on_clients:54 - Client 11 gets new best val_loss at epoch #9: 0.006047
2025-09-30 20:10:07.020 | INFO     | agents.servers.serverFedMSE:train_on_clients:54 - Client 12 gets new best val_loss at epoch #9: 0.005394
2025-09-30 20:10:07.623 | INFO     | agents.servers.serverFedMSE:train_on_clients:54 - Client 14 gets new best val_loss at epoch #9: 0.005143
2025-09-30 20:10:07.923 | INFO     | agents.servers.serverFedMSE:train_on_clients:54 - Client 15 gets new best val_loss at epoch #9: 0.005452
2025-09-30 20:10:08.224 | INFO     | agents.servers.serverFedMSE:train_on_clients:54 - Client 16 gets new best val_loss at epoch #9: 0.005176
2025-09-30 20:10:08.824 | INFO     | agents.servers.serverFedMSE:train_on_clients:54 - Client 18 gets new best val_loss at epoch #9: 0.005696
2025-09-30 20:10:09.124 | INFO     | agents.servers.serverFedMSE:train_on_clients:54 - Client 19 gets new best val_loss at epoch #9: 0.005329
2025-09-30 20:10:09.125 | INFO     | agents.servers.serverFedMSE:train_on_clients:76 - 20 clients still training at epoch #9
2025-09-30 20:11:13.582 | INFO     | agents.servers.serverFedMSE:train_on_clients:32 - Training FedMSE model epoch #10
2025-09-30 20:11:13.884 | INFO     | agents.servers.serverFedMSE:train_on_clients:70 - Saved model for client 0 at epoch 10 -> saved_models/FedMSE/FedMSE/wsn_ds/epoch_10_client_0.pt
2025-09-30 20:11:14.188 | INFO     | agents.servers.serverFedMSE:train_on_clients:54 - Client 1 gets new best val_loss at epoch #10: 0.005546
2025-09-30 20:11:14.190 | INFO     | agents.servers.serverFedMSE:train_on_clients:70 - Saved model for client 1 at epoch 10 -> saved_models/FedMSE/FedMSE/wsn_ds/epoch_10_client_1.pt
2025-09-30 20:11:14.534 | INFO     | agents.servers.serverFedMSE:train_on_clients:54 - Client 2 gets new best val_loss at epoch #10: 0.005278
2025-09-30 20:11:14.535 | INFO     | agents.servers.serverFedMSE:train_on_clients:70 - Saved model for client 2 at epoch 10 -> saved_models/FedMSE/FedMSE/wsn_ds/epoch_10_client_2.pt
2025-09-30 20:11:14.836 | INFO     | agents.servers.serverFedMSE:train_on_clients:54 - Client 3 gets new best val_loss at epoch #10: 0.005344
2025-09-30 20:11:14.838 | INFO     | agents.servers.serverFedMSE:train_on_clients:70 - Saved model for client 3 at epoch 10 -> saved_models/FedMSE/FedMSE/wsn_ds/epoch_10_client_3.pt
2025-09-30 20:11:15.143 | INFO     | agents.servers.serverFedMSE:train_on_clients:54 - Client 4 gets new best val_loss at epoch #10: 0.005035
2025-09-30 20:11:15.145 | INFO     | agents.servers.serverFedMSE:train_on_clients:70 - Saved model for client 4 at epoch 10 -> saved_models/FedMSE/FedMSE/wsn_ds/epoch_10_client_4.pt
2025-09-30 20:11:15.448 | INFO     | agents.servers.serverFedMSE:train_on_clients:54 - Client 5 gets new best val_loss at epoch #10: 0.005496
2025-09-30 20:11:15.450 | INFO     | agents.servers.serverFedMSE:train_on_clients:70 - Saved model for client 5 at epoch 10 -> saved_models/FedMSE/FedMSE/wsn_ds/epoch_10_client_5.pt
2025-09-30 20:11:15.751 | INFO     | agents.servers.serverFedMSE:train_on_clients:54 - Client 6 gets new best val_loss at epoch #10: 0.005526
2025-09-30 20:11:15.752 | INFO     | agents.servers.serverFedMSE:train_on_clients:70 - Saved model for client 6 at epoch 10 -> saved_models/FedMSE/FedMSE/wsn_ds/epoch_10_client_6.pt
2025-09-30 20:11:16.053 | INFO     | agents.servers.serverFedMSE:train_on_clients:54 - Client 7 gets new best val_loss at epoch #10: 0.005621
2025-09-30 20:11:16.054 | INFO     | agents.servers.serverFedMSE:train_on_clients:70 - Saved model for client 7 at epoch 10 -> saved_models/FedMSE/FedMSE/wsn_ds/epoch_10_client_7.pt
2025-09-30 20:11:16.354 | INFO     | agents.servers.serverFedMSE:train_on_clients:54 - Client 8 gets new best val_loss at epoch #10: 0.005307
2025-09-30 20:11:16.356 | INFO     | agents.servers.serverFedMSE:train_on_clients:70 - Saved model for client 8 at epoch 10 -> saved_models/FedMSE/FedMSE/wsn_ds/epoch_10_client_8.pt
2025-09-30 20:11:16.661 | INFO     | agents.servers.serverFedMSE:train_on_clients:54 - Client 9 gets new best val_loss at epoch #10: 0.005496
2025-09-30 20:11:16.663 | INFO     | agents.servers.serverFedMSE:train_on_clients:70 - Saved model for client 9 at epoch 10 -> saved_models/FedMSE/FedMSE/wsn_ds/epoch_10_client_9.pt
2025-09-30 20:11:16.961 | INFO     | agents.servers.serverFedMSE:train_on_clients:54 - Client 10 gets new best val_loss at epoch #10: 0.005306
2025-09-30 20:11:16.963 | INFO     | agents.servers.serverFedMSE:train_on_clients:70 - Saved model for client 10 at epoch 10 -> saved_models/FedMSE/FedMSE/wsn_ds/epoch_10_client_10.pt
2025-09-30 20:11:17.268 | INFO     | agents.servers.serverFedMSE:train_on_clients:54 - Client 11 gets new best val_loss at epoch #10: 0.005357
2025-09-30 20:11:17.269 | INFO     | agents.servers.serverFedMSE:train_on_clients:70 - Saved model for client 11 at epoch 10 -> saved_models/FedMSE/FedMSE/wsn_ds/epoch_10_client_11.pt
2025-09-30 20:11:17.571 | INFO     | agents.servers.serverFedMSE:train_on_clients:54 - Client 12 gets new best val_loss at epoch #10: 0.005171
2025-09-30 20:11:17.573 | INFO     | agents.servers.serverFedMSE:train_on_clients:70 - Saved model for client 12 at epoch 10 -> saved_models/FedMSE/FedMSE/wsn_ds/epoch_10_client_12.pt
2025-09-30 20:11:17.874 | INFO     | agents.servers.serverFedMSE:train_on_clients:70 - Saved model for client 13 at epoch 10 -> saved_models/FedMSE/FedMSE/wsn_ds/epoch_10_client_13.pt
2025-09-30 20:11:18.177 | INFO     | agents.servers.serverFedMSE:train_on_clients:54 - Client 14 gets new best val_loss at epoch #10: 0.005051
2025-09-30 20:11:18.178 | INFO     | agents.servers.serverFedMSE:train_on_clients:70 - Saved model for client 14 at epoch 10 -> saved_models/FedMSE/FedMSE/wsn_ds/epoch_10_client_14.pt
2025-09-30 20:11:18.479 | INFO     | agents.servers.serverFedMSE:train_on_clients:54 - Client 15 gets new best val_loss at epoch #10: 0.005373
2025-09-30 20:11:18.480 | INFO     | agents.servers.serverFedMSE:train_on_clients:70 - Saved model for client 15 at epoch 10 -> saved_models/FedMSE/FedMSE/wsn_ds/epoch_10_client_15.pt
2025-09-30 20:11:18.784 | INFO     | agents.servers.serverFedMSE:train_on_clients:54 - Client 16 gets new best val_loss at epoch #10: 0.005007
2025-09-30 20:11:18.785 | INFO     | agents.servers.serverFedMSE:train_on_clients:70 - Saved model for client 16 at epoch 10 -> saved_models/FedMSE/FedMSE/wsn_ds/epoch_10_client_16.pt
2025-09-30 20:11:19.084 | INFO     | agents.servers.serverFedMSE:train_on_clients:54 - Client 17 gets new best val_loss at epoch #10: 0.005580
2025-09-30 20:11:19.085 | INFO     | agents.servers.serverFedMSE:train_on_clients:70 - Saved model for client 17 at epoch 10 -> saved_models/FedMSE/FedMSE/wsn_ds/epoch_10_client_17.pt
2025-09-30 20:11:19.384 | INFO     | agents.servers.serverFedMSE:train_on_clients:54 - Client 18 gets new best val_loss at epoch #10: 0.005528
2025-09-30 20:11:19.385 | INFO     | agents.servers.serverFedMSE:train_on_clients:70 - Saved model for client 18 at epoch 10 -> saved_models/FedMSE/FedMSE/wsn_ds/epoch_10_client_18.pt
2025-09-30 20:11:19.686 | INFO     | agents.servers.serverFedMSE:train_on_clients:54 - Client 19 gets new best val_loss at epoch #10: 0.005101
2025-09-30 20:11:19.688 | INFO     | agents.servers.serverFedMSE:train_on_clients:70 - Saved model for client 19 at epoch 10 -> saved_models/FedMSE/FedMSE/wsn_ds/epoch_10_client_19.pt
2025-09-30 20:11:19.689 | INFO     | agents.servers.serverFedMSE:train_on_clients:76 - 20 clients still training at epoch #10
2025-09-30 20:12:24.135 | INFO     | agents.servers.serverFedMSE:train_on_clients:32 - Training FedMSE model epoch #11
2025-09-30 20:12:24.437 | INFO     | agents.servers.serverFedMSE:train_on_clients:54 - Client 0 gets new best val_loss at epoch #11: 0.004940
2025-09-30 20:12:24.734 | INFO     | agents.servers.serverFedMSE:train_on_clients:54 - Client 1 gets new best val_loss at epoch #11: 0.005425
2025-09-30 20:12:25.033 | INFO     | agents.servers.serverFedMSE:train_on_clients:54 - Client 2 gets new best val_loss at epoch #11: 0.005060
2025-09-30 20:12:25.636 | INFO     | agents.servers.serverFedMSE:train_on_clients:54 - Client 4 gets new best val_loss at epoch #11: 0.004788
2025-09-30 20:12:25.933 | INFO     | agents.servers.serverFedMSE:train_on_clients:54 - Client 5 gets new best val_loss at epoch #11: 0.005282
2025-09-30 20:12:26.229 | INFO     | agents.servers.serverFedMSE:train_on_clients:54 - Client 6 gets new best val_loss at epoch #11: 0.005432
2025-09-30 20:12:26.532 | INFO     | agents.servers.serverFedMSE:train_on_clients:54 - Client 7 gets new best val_loss at epoch #11: 0.005287
2025-09-30 20:12:26.840 | INFO     | agents.servers.serverFedMSE:train_on_clients:54 - Client 8 gets new best val_loss at epoch #11: 0.004978
2025-09-30 20:12:27.147 | INFO     | agents.servers.serverFedMSE:train_on_clients:54 - Client 9 gets new best val_loss at epoch #11: 0.005260
2025-09-30 20:12:27.747 | INFO     | agents.servers.serverFedMSE:train_on_clients:54 - Client 11 gets new best val_loss at epoch #11: 0.005109
2025-09-30 20:12:28.045 | INFO     | agents.servers.serverFedMSE:train_on_clients:54 - Client 12 gets new best val_loss at epoch #11: 0.005034
2025-09-30 20:12:28.348 | INFO     | agents.servers.serverFedMSE:train_on_clients:54 - Client 13 gets new best val_loss at epoch #11: 0.004879
2025-09-30 20:12:28.658 | INFO     | agents.servers.serverFedMSE:train_on_clients:54 - Client 14 gets new best val_loss at epoch #11: 0.004895
2025-09-30 20:12:28.963 | INFO     | agents.servers.serverFedMSE:train_on_clients:54 - Client 15 gets new best val_loss at epoch #11: 0.004948
2025-09-30 20:12:29.264 | INFO     | agents.servers.serverFedMSE:train_on_clients:54 - Client 16 gets new best val_loss at epoch #11: 0.004758
2025-09-30 20:12:29.565 | INFO     | agents.servers.serverFedMSE:train_on_clients:54 - Client 17 gets new best val_loss at epoch #11: 0.005244
2025-09-30 20:12:29.862 | INFO     | agents.servers.serverFedMSE:train_on_clients:54 - Client 18 gets new best val_loss at epoch #11: 0.005190
2025-09-30 20:12:30.167 | INFO     | agents.servers.serverFedMSE:train_on_clients:54 - Client 19 gets new best val_loss at epoch #11: 0.004906
2025-09-30 20:12:30.168 | INFO     | agents.servers.serverFedMSE:train_on_clients:76 - 20 clients still training at epoch #11
2025-09-30 20:13:34.674 | INFO     | agents.servers.serverFedMSE:train_on_clients:32 - Training FedMSE model epoch #12
2025-09-30 20:13:34.977 | INFO     | agents.servers.serverFedMSE:train_on_clients:54 - Client 0 gets new best val_loss at epoch #12: 0.004724
2025-09-30 20:13:35.280 | INFO     | agents.servers.serverFedMSE:train_on_clients:54 - Client 1 gets new best val_loss at epoch #12: 0.004847
2025-09-30 20:13:35.576 | INFO     | agents.servers.serverFedMSE:train_on_clients:54 - Client 2 gets new best val_loss at epoch #12: 0.004695
2025-09-30 20:13:35.880 | INFO     | agents.servers.serverFedMSE:train_on_clients:54 - Client 3 gets new best val_loss at epoch #12: 0.004645
2025-09-30 20:13:36.186 | INFO     | agents.servers.serverFedMSE:train_on_clients:54 - Client 4 gets new best val_loss at epoch #12: 0.004575
2025-09-30 20:13:36.485 | INFO     | agents.servers.serverFedMSE:train_on_clients:54 - Client 5 gets new best val_loss at epoch #12: 0.004988
2025-09-30 20:13:36.786 | INFO     | agents.servers.serverFedMSE:train_on_clients:54 - Client 6 gets new best val_loss at epoch #12: 0.005385
2025-09-30 20:13:37.088 | INFO     | agents.servers.serverFedMSE:train_on_clients:54 - Client 7 gets new best val_loss at epoch #12: 0.005067
2025-09-30 20:13:37.682 | INFO     | agents.servers.serverFedMSE:train_on_clients:54 - Client 9 gets new best val_loss at epoch #12: 0.004926
2025-09-30 20:13:37.983 | INFO     | agents.servers.serverFedMSE:train_on_clients:54 - Client 10 gets new best val_loss at epoch #12: 0.004841
2025-09-30 20:13:38.890 | INFO     | agents.servers.serverFedMSE:train_on_clients:54 - Client 13 gets new best val_loss at epoch #12: 0.004658
2025-09-30 20:13:39.192 | INFO     | agents.servers.serverFedMSE:train_on_clients:54 - Client 14 gets new best val_loss at epoch #12: 0.004659
2025-09-30 20:13:39.789 | INFO     | agents.servers.serverFedMSE:train_on_clients:54 - Client 16 gets new best val_loss at epoch #12: 0.004465
2025-09-30 20:13:40.392 | INFO     | agents.servers.serverFedMSE:train_on_clients:54 - Client 18 gets new best val_loss at epoch #12: 0.005043
2025-09-30 20:13:40.690 | INFO     | agents.servers.serverFedMSE:train_on_clients:76 - 20 clients still training at epoch #12
2025-09-30 20:14:45.133 | INFO     | agents.servers.serverFedMSE:train_on_clients:32 - Training FedMSE model epoch #13
2025-09-30 20:14:45.443 | INFO     | agents.servers.serverFedMSE:train_on_clients:54 - Client 0 gets new best val_loss at epoch #13: 0.004281
2025-09-30 20:14:45.746 | INFO     | agents.servers.serverFedMSE:train_on_clients:54 - Client 1 gets new best val_loss at epoch #13: 0.004066
2025-09-30 20:14:46.051 | INFO     | agents.servers.serverFedMSE:train_on_clients:54 - Client 2 gets new best val_loss at epoch #13: 0.003895
2025-09-30 20:14:46.353 | INFO     | agents.servers.serverFedMSE:train_on_clients:54 - Client 3 gets new best val_loss at epoch #13: 0.003926
2025-09-30 20:14:46.654 | INFO     | agents.servers.serverFedMSE:train_on_clients:54 - Client 4 gets new best val_loss at epoch #13: 0.003852
2025-09-30 20:14:46.956 | INFO     | agents.servers.serverFedMSE:train_on_clients:54 - Client 5 gets new best val_loss at epoch #13: 0.004071
2025-09-30 20:14:47.253 | INFO     | agents.servers.serverFedMSE:train_on_clients:54 - Client 6 gets new best val_loss at epoch #13: 0.004163
2025-09-30 20:14:47.557 | INFO     | agents.servers.serverFedMSE:train_on_clients:54 - Client 7 gets new best val_loss at epoch #13: 0.004319
2025-09-30 20:14:47.855 | INFO     | agents.servers.serverFedMSE:train_on_clients:54 - Client 8 gets new best val_loss at epoch #13: 0.003989
2025-09-30 20:14:48.159 | INFO     | agents.servers.serverFedMSE:train_on_clients:54 - Client 9 gets new best val_loss at epoch #13: 0.004518
2025-09-30 20:14:48.457 | INFO     | agents.servers.serverFedMSE:train_on_clients:54 - Client 10 gets new best val_loss at epoch #13: 0.004102
2025-09-30 20:14:48.759 | INFO     | agents.servers.serverFedMSE:train_on_clients:54 - Client 11 gets new best val_loss at epoch #13: 0.003975
2025-09-30 20:14:49.059 | INFO     | agents.servers.serverFedMSE:train_on_clients:54 - Client 12 gets new best val_loss at epoch #13: 0.003915
2025-09-30 20:14:49.360 | INFO     | agents.servers.serverFedMSE:train_on_clients:54 - Client 13 gets new best val_loss at epoch #13: 0.003844
2025-09-30 20:14:49.660 | INFO     | agents.servers.serverFedMSE:train_on_clients:54 - Client 14 gets new best val_loss at epoch #13: 0.003735
2025-09-30 20:14:49.954 | INFO     | agents.servers.serverFedMSE:train_on_clients:54 - Client 15 gets new best val_loss at epoch #13: 0.003990
2025-09-30 20:14:50.257 | INFO     | agents.servers.serverFedMSE:train_on_clients:54 - Client 16 gets new best val_loss at epoch #13: 0.003632
2025-09-30 20:14:50.557 | INFO     | agents.servers.serverFedMSE:train_on_clients:54 - Client 17 gets new best val_loss at epoch #13: 0.004107
2025-09-30 20:14:50.860 | INFO     | agents.servers.serverFedMSE:train_on_clients:54 - Client 18 gets new best val_loss at epoch #13: 0.004161
2025-09-30 20:14:51.158 | INFO     | agents.servers.serverFedMSE:train_on_clients:54 - Client 19 gets new best val_loss at epoch #13: 0.003931
2025-09-30 20:14:51.160 | INFO     | agents.servers.serverFedMSE:train_on_clients:76 - 20 clients still training at epoch #13
2025-09-30 20:15:55.681 | INFO     | agents.servers.serverFedMSE:train_on_clients:32 - Training FedMSE model epoch #14
2025-09-30 20:15:55.983 | INFO     | agents.servers.serverFedMSE:train_on_clients:54 - Client 0 gets new best val_loss at epoch #14: 0.004271
2025-09-30 20:15:56.587 | INFO     | agents.servers.serverFedMSE:train_on_clients:54 - Client 2 gets new best val_loss at epoch #14: 0.003769
2025-09-30 20:15:56.891 | INFO     | agents.servers.serverFedMSE:train_on_clients:54 - Client 3 gets new best val_loss at epoch #14: 0.003663
2025-09-30 20:15:57.192 | INFO     | agents.servers.serverFedMSE:train_on_clients:54 - Client 4 gets new best val_loss at epoch #14: 0.003677
2025-09-30 20:15:57.788 | INFO     | agents.servers.serverFedMSE:train_on_clients:54 - Client 6 gets new best val_loss at epoch #14: 0.003888
2025-09-30 20:15:58.089 | INFO     | agents.servers.serverFedMSE:train_on_clients:54 - Client 7 gets new best val_loss at epoch #14: 0.004204
2025-09-30 20:15:58.390 | INFO     | agents.servers.serverFedMSE:train_on_clients:54 - Client 8 gets new best val_loss at epoch #14: 0.003881
2025-09-30 20:15:58.693 | INFO     | agents.servers.serverFedMSE:train_on_clients:54 - Client 9 gets new best val_loss at epoch #14: 0.003815
2025-09-30 20:15:58.992 | INFO     | agents.servers.serverFedMSE:train_on_clients:54 - Client 10 gets new best val_loss at epoch #14: 0.003720
2025-09-30 20:15:59.892 | INFO     | agents.servers.serverFedMSE:train_on_clients:54 - Client 13 gets new best val_loss at epoch #14: 0.003592
2025-09-30 20:16:00.196 | INFO     | agents.servers.serverFedMSE:train_on_clients:54 - Client 14 gets new best val_loss at epoch #14: 0.003691
2025-09-30 20:16:00.494 | INFO     | agents.servers.serverFedMSE:train_on_clients:54 - Client 15 gets new best val_loss at epoch #14: 0.003668
2025-09-30 20:16:00.788 | INFO     | agents.servers.serverFedMSE:train_on_clients:54 - Client 16 gets new best val_loss at epoch #14: 0.003619
2025-09-30 20:16:01.093 | INFO     | agents.servers.serverFedMSE:train_on_clients:54 - Client 17 gets new best val_loss at epoch #14: 0.003948
2025-09-30 20:16:01.392 | INFO     | agents.servers.serverFedMSE:train_on_clients:54 - Client 18 gets new best val_loss at epoch #14: 0.003796
2025-09-30 20:16:01.696 | INFO     | agents.servers.serverFedMSE:train_on_clients:76 - 20 clients still training at epoch #14
2025-09-30 20:17:06.276 | INFO     | agents.servers.serverFedMSE:train_on_clients:32 - Training FedMSE model epoch #15
2025-09-30 20:17:06.575 | INFO     | agents.servers.serverFedMSE:train_on_clients:54 - Client 0 gets new best val_loss at epoch #15: 0.003551
2025-09-30 20:17:06.877 | INFO     | agents.servers.serverFedMSE:train_on_clients:54 - Client 1 gets new best val_loss at epoch #15: 0.003846
2025-09-30 20:17:08.079 | INFO     | agents.servers.serverFedMSE:train_on_clients:54 - Client 5 gets new best val_loss at epoch #15: 0.003795
2025-09-30 20:17:08.676 | INFO     | agents.servers.serverFedMSE:train_on_clients:54 - Client 7 gets new best val_loss at epoch #15: 0.004100
2025-09-30 20:17:08.975 | INFO     | agents.servers.serverFedMSE:train_on_clients:54 - Client 8 gets new best val_loss at epoch #15: 0.003760
2025-09-30 20:17:09.572 | INFO     | agents.servers.serverFedMSE:train_on_clients:54 - Client 10 gets new best val_loss at epoch #15: 0.003675
2025-09-30 20:17:09.870 | INFO     | agents.servers.serverFedMSE:train_on_clients:54 - Client 11 gets new best val_loss at epoch #15: 0.003940
2025-09-30 20:17:10.168 | INFO     | agents.servers.serverFedMSE:train_on_clients:54 - Client 12 gets new best val_loss at epoch #15: 0.003823
2025-09-30 20:17:10.469 | INFO     | agents.servers.serverFedMSE:train_on_clients:54 - Client 13 gets new best val_loss at epoch #15: 0.003549
2025-09-30 20:17:10.768 | INFO     | agents.servers.serverFedMSE:train_on_clients:54 - Client 14 gets new best val_loss at epoch #15: 0.003486
2025-09-30 20:17:11.070 | INFO     | agents.servers.serverFedMSE:train_on_clients:54 - Client 15 gets new best val_loss at epoch #15: 0.003662
2025-09-30 20:17:12.275 | INFO     | agents.servers.serverFedMSE:train_on_clients:54 - Client 19 gets new best val_loss at epoch #15: 0.003620
2025-09-30 20:17:12.276 | INFO     | agents.servers.serverFedMSE:train_on_clients:76 - 20 clients still training at epoch #15
2025-09-30 20:18:16.585 | INFO     | agents.servers.serverFedMSE:train_on_clients:32 - Training FedMSE model epoch #16
2025-09-30 20:18:17.501 | INFO     | agents.servers.serverFedMSE:train_on_clients:54 - Client 2 gets new best val_loss at epoch #16: 0.003740
2025-09-30 20:18:18.104 | INFO     | agents.servers.serverFedMSE:train_on_clients:54 - Client 4 gets new best val_loss at epoch #16: 0.003588
2025-09-30 20:18:18.407 | INFO     | agents.servers.serverFedMSE:train_on_clients:54 - Client 5 gets new best val_loss at epoch #16: 0.003787
2025-09-30 20:18:19.303 | INFO     | agents.servers.serverFedMSE:train_on_clients:54 - Client 8 gets new best val_loss at epoch #16: 0.003679
2025-09-30 20:18:20.196 | INFO     | agents.servers.serverFedMSE:train_on_clients:54 - Client 11 gets new best val_loss at epoch #16: 0.003836
2025-09-30 20:18:21.087 | INFO     | agents.servers.serverFedMSE:train_on_clients:54 - Client 14 gets new best val_loss at epoch #16: 0.003475
2025-09-30 20:18:21.390 | INFO     | agents.servers.serverFedMSE:train_on_clients:54 - Client 15 gets new best val_loss at epoch #16: 0.003580
2025-09-30 20:18:21.689 | INFO     | agents.servers.serverFedMSE:train_on_clients:54 - Client 16 gets new best val_loss at epoch #16: 0.003310
2025-09-30 20:18:21.988 | INFO     | agents.servers.serverFedMSE:train_on_clients:54 - Client 17 gets new best val_loss at epoch #16: 0.003942
2025-09-30 20:18:22.583 | INFO     | agents.servers.serverFedMSE:train_on_clients:76 - 20 clients still training at epoch #16
2025-09-30 20:19:26.874 | INFO     | agents.servers.serverFedMSE:train_on_clients:32 - Training FedMSE model epoch #17
2025-09-30 20:19:27.468 | INFO     | agents.servers.serverFedMSE:train_on_clients:54 - Client 1 gets new best val_loss at epoch #17: 0.003826
2025-09-30 20:19:27.767 | INFO     | agents.servers.serverFedMSE:train_on_clients:54 - Client 2 gets new best val_loss at epoch #17: 0.003610
2025-09-30 20:19:28.063 | INFO     | agents.servers.serverFedMSE:train_on_clients:54 - Client 3 gets new best val_loss at epoch #17: 0.003593
2025-09-30 20:19:28.364 | INFO     | agents.servers.serverFedMSE:train_on_clients:54 - Client 4 gets new best val_loss at epoch #17: 0.003490
2025-09-30 20:19:28.959 | INFO     | agents.servers.serverFedMSE:train_on_clients:54 - Client 6 gets new best val_loss at epoch #17: 0.003804
2025-09-30 20:19:29.266 | INFO     | agents.servers.serverFedMSE:train_on_clients:54 - Client 7 gets new best val_loss at epoch #17: 0.003847
2025-09-30 20:19:29.563 | INFO     | agents.servers.serverFedMSE:train_on_clients:54 - Client 8 gets new best val_loss at epoch #17: 0.003672
2025-09-30 20:19:29.868 | INFO     | agents.servers.serverFedMSE:train_on_clients:54 - Client 9 gets new best val_loss at epoch #17: 0.003769
2025-09-30 20:19:30.174 | INFO     | agents.servers.serverFedMSE:train_on_clients:54 - Client 10 gets new best val_loss at epoch #17: 0.003651
2025-09-30 20:19:30.769 | INFO     | agents.servers.serverFedMSE:train_on_clients:54 - Client 12 gets new best val_loss at epoch #17: 0.003717
2025-09-30 20:19:31.068 | INFO     | agents.servers.serverFedMSE:train_on_clients:54 - Client 13 gets new best val_loss at epoch #17: 0.003519
2025-09-30 20:19:32.248 | INFO     | agents.servers.serverFedMSE:train_on_clients:54 - Client 17 gets new best val_loss at epoch #17: 0.003934
2025-09-30 20:19:32.547 | INFO     | agents.servers.serverFedMSE:train_on_clients:54 - Client 18 gets new best val_loss at epoch #17: 0.003650
2025-09-30 20:19:32.843 | INFO     | agents.servers.serverFedMSE:train_on_clients:54 - Client 19 gets new best val_loss at epoch #17: 0.003532
2025-09-30 20:19:32.844 | INFO     | agents.servers.serverFedMSE:train_on_clients:76 - 20 clients still training at epoch #17
2025-09-30 20:20:37.230 | INFO     | agents.servers.serverFedMSE:train_on_clients:32 - Training FedMSE model epoch #18
2025-09-30 20:20:38.128 | INFO     | agents.servers.serverFedMSE:train_on_clients:54 - Client 2 gets new best val_loss at epoch #18: 0.003580
2025-09-30 20:20:39.021 | INFO     | agents.servers.serverFedMSE:train_on_clients:54 - Client 5 gets new best val_loss at epoch #18: 0.003731
2025-09-30 20:20:39.323 | INFO     | agents.servers.serverFedMSE:train_on_clients:54 - Client 6 gets new best val_loss at epoch #18: 0.003758
2025-09-30 20:20:40.218 | INFO     | agents.servers.serverFedMSE:train_on_clients:54 - Client 9 gets new best val_loss at epoch #18: 0.003710
2025-09-30 20:20:40.519 | INFO     | agents.servers.serverFedMSE:train_on_clients:54 - Client 10 gets new best val_loss at epoch #18: 0.003589
2025-09-30 20:20:40.815 | INFO     | agents.servers.serverFedMSE:train_on_clients:54 - Client 11 gets new best val_loss at epoch #18: 0.003673
2025-09-30 20:20:41.418 | INFO     | agents.servers.serverFedMSE:train_on_clients:54 - Client 13 gets new best val_loss at epoch #18: 0.003433
2025-09-30 20:20:41.717 | INFO     | agents.servers.serverFedMSE:train_on_clients:54 - Client 14 gets new best val_loss at epoch #18: 0.003429
2025-09-30 20:20:42.602 | INFO     | agents.servers.serverFedMSE:train_on_clients:54 - Client 17 gets new best val_loss at epoch #18: 0.003825
2025-09-30 20:20:42.902 | INFO     | agents.servers.serverFedMSE:train_on_clients:54 - Client 18 gets new best val_loss at epoch #18: 0.003621
2025-09-30 20:20:43.196 | INFO     | agents.servers.serverFedMSE:train_on_clients:76 - 20 clients still training at epoch #18
2025-09-30 20:21:47.396 | INFO     | agents.servers.serverFedMSE:train_on_clients:32 - Training FedMSE model epoch #19
2025-09-30 20:21:47.700 | INFO     | agents.servers.serverFedMSE:train_on_clients:54 - Client 0 gets new best val_loss at epoch #19: 0.003481
2025-09-30 20:21:48.595 | INFO     | agents.servers.serverFedMSE:train_on_clients:54 - Client 3 gets new best val_loss at epoch #19: 0.003567
2025-09-30 20:21:49.186 | INFO     | agents.servers.serverFedMSE:train_on_clients:54 - Client 5 gets new best val_loss at epoch #19: 0.003717
2025-09-30 20:21:49.482 | INFO     | agents.servers.serverFedMSE:train_on_clients:54 - Client 6 gets new best val_loss at epoch #19: 0.003755
2025-09-30 20:21:50.086 | INFO     | agents.servers.serverFedMSE:train_on_clients:54 - Client 8 gets new best val_loss at epoch #19: 0.003560
2025-09-30 20:21:50.384 | INFO     | agents.servers.serverFedMSE:train_on_clients:54 - Client 9 gets new best val_loss at epoch #19: 0.003696
2025-09-30 20:21:50.974 | INFO     | agents.servers.serverFedMSE:train_on_clients:54 - Client 11 gets new best val_loss at epoch #19: 0.003668
2025-09-30 20:21:51.262 | INFO     | agents.servers.serverFedMSE:train_on_clients:54 - Client 12 gets new best val_loss at epoch #19: 0.003650
2025-09-30 20:21:53.397 | INFO     | agents.servers.serverFedMSE:train_on_clients:76 - 20 clients still training at epoch #19
2025-09-30 20:22:57.980 | INFO     | agents.servers.serverFedMSE:train_on_clients:32 - Training FedMSE model epoch #20
2025-09-30 20:22:58.322 | INFO     | agents.servers.serverFedMSE:train_on_clients:70 - Saved model for client 0 at epoch 20 -> saved_models/FedMSE/FedMSE/wsn_ds/epoch_20_client_0.pt
2025-09-30 20:22:58.623 | INFO     | agents.servers.serverFedMSE:train_on_clients:70 - Saved model for client 1 at epoch 20 -> saved_models/FedMSE/FedMSE/wsn_ds/epoch_20_client_1.pt
2025-09-30 20:22:58.923 | INFO     | agents.servers.serverFedMSE:train_on_clients:54 - Client 2 gets new best val_loss at epoch #20: 0.003512
2025-09-30 20:22:58.924 | INFO     | agents.servers.serverFedMSE:train_on_clients:70 - Saved model for client 2 at epoch 20 -> saved_models/FedMSE/FedMSE/wsn_ds/epoch_20_client_2.pt
2025-09-30 20:22:59.224 | INFO     | agents.servers.serverFedMSE:train_on_clients:54 - Client 3 gets new best val_loss at epoch #20: 0.003566
2025-09-30 20:22:59.226 | INFO     | agents.servers.serverFedMSE:train_on_clients:70 - Saved model for client 3 at epoch 20 -> saved_models/FedMSE/FedMSE/wsn_ds/epoch_20_client_3.pt
2025-09-30 20:22:59.526 | INFO     | agents.servers.serverFedMSE:train_on_clients:70 - Saved model for client 4 at epoch 20 -> saved_models/FedMSE/FedMSE/wsn_ds/epoch_20_client_4.pt
2025-09-30 20:22:59.863 | INFO     | agents.servers.serverFedMSE:train_on_clients:70 - Saved model for client 5 at epoch 20 -> saved_models/FedMSE/FedMSE/wsn_ds/epoch_20_client_5.pt
2025-09-30 20:23:00.168 | INFO     | agents.servers.serverFedMSE:train_on_clients:54 - Client 6 gets new best val_loss at epoch #20: 0.003724
2025-09-30 20:23:00.169 | INFO     | agents.servers.serverFedMSE:train_on_clients:70 - Saved model for client 6 at epoch 20 -> saved_models/FedMSE/FedMSE/wsn_ds/epoch_20_client_6.pt
2025-09-30 20:23:00.473 | INFO     | agents.servers.serverFedMSE:train_on_clients:70 - Saved model for client 7 at epoch 20 -> saved_models/FedMSE/FedMSE/wsn_ds/epoch_20_client_7.pt
2025-09-30 20:23:00.775 | INFO     | agents.servers.serverFedMSE:train_on_clients:54 - Client 8 gets new best val_loss at epoch #20: 0.003559
2025-09-30 20:23:00.776 | INFO     | agents.servers.serverFedMSE:train_on_clients:70 - Saved model for client 8 at epoch 20 -> saved_models/FedMSE/FedMSE/wsn_ds/epoch_20_client_8.pt
2025-09-30 20:23:01.082 | INFO     | agents.servers.serverFedMSE:train_on_clients:70 - Saved model for client 9 at epoch 20 -> saved_models/FedMSE/FedMSE/wsn_ds/epoch_20_client_9.pt
2025-09-30 20:23:01.384 | INFO     | agents.servers.serverFedMSE:train_on_clients:54 - Client 10 gets new best val_loss at epoch #20: 0.003570
2025-09-30 20:23:01.386 | INFO     | agents.servers.serverFedMSE:train_on_clients:70 - Saved model for client 10 at epoch 20 -> saved_models/FedMSE/FedMSE/wsn_ds/epoch_20_client_10.pt
2025-09-30 20:23:01.683 | INFO     | agents.servers.serverFedMSE:train_on_clients:70 - Saved model for client 11 at epoch 20 -> saved_models/FedMSE/FedMSE/wsn_ds/epoch_20_client_11.pt
2025-09-30 20:23:01.983 | INFO     | agents.servers.serverFedMSE:train_on_clients:70 - Saved model for client 12 at epoch 20 -> saved_models/FedMSE/FedMSE/wsn_ds/epoch_20_client_12.pt
2025-09-30 20:23:02.288 | INFO     | agents.servers.serverFedMSE:train_on_clients:54 - Client 13 gets new best val_loss at epoch #20: 0.003361
2025-09-30 20:23:02.289 | INFO     | agents.servers.serverFedMSE:train_on_clients:70 - Saved model for client 13 at epoch 20 -> saved_models/FedMSE/FedMSE/wsn_ds/epoch_20_client_13.pt
2025-09-30 20:23:02.590 | INFO     | agents.servers.serverFedMSE:train_on_clients:54 - Client 14 gets new best val_loss at epoch #20: 0.003384
2025-09-30 20:23:02.592 | INFO     | agents.servers.serverFedMSE:train_on_clients:70 - Saved model for client 14 at epoch 20 -> saved_models/FedMSE/FedMSE/wsn_ds/epoch_20_client_14.pt
2025-09-30 20:23:02.896 | INFO     | agents.servers.serverFedMSE:train_on_clients:54 - Client 15 gets new best val_loss at epoch #20: 0.003501
2025-09-30 20:23:02.898 | INFO     | agents.servers.serverFedMSE:train_on_clients:70 - Saved model for client 15 at epoch 20 -> saved_models/FedMSE/FedMSE/wsn_ds/epoch_20_client_15.pt
2025-09-30 20:23:03.208 | INFO     | agents.servers.serverFedMSE:train_on_clients:70 - Saved model for client 16 at epoch 20 -> saved_models/FedMSE/FedMSE/wsn_ds/epoch_20_client_16.pt
2025-09-30 20:23:03.512 | INFO     | agents.servers.serverFedMSE:train_on_clients:54 - Client 17 gets new best val_loss at epoch #20: 0.003746
2025-09-30 20:23:03.513 | INFO     | agents.servers.serverFedMSE:train_on_clients:70 - Saved model for client 17 at epoch 20 -> saved_models/FedMSE/FedMSE/wsn_ds/epoch_20_client_17.pt
2025-09-30 20:23:03.814 | INFO     | agents.servers.serverFedMSE:train_on_clients:70 - Saved model for client 18 at epoch 20 -> saved_models/FedMSE/FedMSE/wsn_ds/epoch_20_client_18.pt
2025-09-30 20:23:04.114 | INFO     | agents.servers.serverFedMSE:train_on_clients:70 - Saved model for client 19 at epoch 20 -> saved_models/FedMSE/FedMSE/wsn_ds/epoch_20_client_19.pt
2025-09-30 20:23:04.116 | INFO     | agents.servers.serverFedMSE:train_on_clients:76 - 20 clients still training at epoch #20
2025-09-30 20:24:08.533 | INFO     | agents.servers.serverFedMSE:train_on_clients:32 - Training FedMSE model epoch #21
2025-09-30 20:24:08.835 | INFO     | agents.servers.serverFedMSE:train_on_clients:54 - Client 0 gets new best val_loss at epoch #21: 0.003436
2025-09-30 20:24:09.138 | INFO     | agents.servers.serverFedMSE:train_on_clients:54 - Client 1 gets new best val_loss at epoch #21: 0.003704
2025-09-30 20:24:09.447 | INFO     | agents.servers.serverFedMSE:train_on_clients:54 - Client 2 gets new best val_loss at epoch #21: 0.003483
2025-09-30 20:24:10.058 | INFO     | agents.servers.serverFedMSE:train_on_clients:54 - Client 4 gets new best val_loss at epoch #21: 0.003391
2025-09-30 20:24:10.652 | INFO     | agents.servers.serverFedMSE:train_on_clients:54 - Client 6 gets new best val_loss at epoch #21: 0.003659
2025-09-30 20:24:10.950 | INFO     | agents.servers.serverFedMSE:train_on_clients:54 - Client 7 gets new best val_loss at epoch #21: 0.003700
2025-09-30 20:24:11.257 | INFO     | agents.servers.serverFedMSE:train_on_clients:54 - Client 8 gets new best val_loss at epoch #21: 0.003486
2025-09-30 20:24:11.556 | INFO     | agents.servers.serverFedMSE:train_on_clients:54 - Client 9 gets new best val_loss at epoch #21: 0.003586
2025-09-30 20:24:11.853 | INFO     | agents.servers.serverFedMSE:train_on_clients:54 - Client 10 gets new best val_loss at epoch #21: 0.003560
2025-09-30 20:24:12.156 | INFO     | agents.servers.serverFedMSE:train_on_clients:54 - Client 11 gets new best val_loss at epoch #21: 0.003592
2025-09-30 20:24:13.367 | INFO     | agents.servers.serverFedMSE:train_on_clients:54 - Client 15 gets new best val_loss at epoch #21: 0.003494
2025-09-30 20:24:14.558 | INFO     | agents.servers.serverFedMSE:train_on_clients:54 - Client 19 gets new best val_loss at epoch #21: 0.003448
2025-09-30 20:24:14.559 | INFO     | agents.servers.serverFedMSE:train_on_clients:76 - 20 clients still training at epoch #21
2025-09-30 20:25:18.779 | INFO     | agents.servers.serverFedMSE:train_on_clients:32 - Training FedMSE model epoch #22
2025-09-30 20:25:19.083 | INFO     | agents.servers.serverFedMSE:train_on_clients:54 - Client 0 gets new best val_loss at epoch #22: 0.003146
2025-09-30 20:25:19.385 | INFO     | agents.servers.serverFedMSE:train_on_clients:54 - Client 1 gets new best val_loss at epoch #22: 0.003416
2025-09-30 20:25:19.689 | INFO     | agents.servers.serverFedMSE:train_on_clients:54 - Client 2 gets new best val_loss at epoch #22: 0.003220
2025-09-30 20:25:19.992 | INFO     | agents.servers.serverFedMSE:train_on_clients:54 - Client 3 gets new best val_loss at epoch #22: 0.003321
2025-09-30 20:25:20.290 | INFO     | agents.servers.serverFedMSE:train_on_clients:54 - Client 4 gets new best val_loss at epoch #22: 0.003151
2025-09-30 20:25:20.892 | INFO     | agents.servers.serverFedMSE:train_on_clients:54 - Client 6 gets new best val_loss at epoch #22: 0.003654
2025-09-30 20:25:21.197 | INFO     | agents.servers.serverFedMSE:train_on_clients:54 - Client 7 gets new best val_loss at epoch #22: 0.003417
2025-09-30 20:25:21.503 | INFO     | agents.servers.serverFedMSE:train_on_clients:54 - Client 8 gets new best val_loss at epoch #22: 0.003276
2025-09-30 20:25:21.809 | INFO     | agents.servers.serverFedMSE:train_on_clients:54 - Client 9 gets new best val_loss at epoch #22: 0.003551
2025-09-30 20:25:22.113 | INFO     | agents.servers.serverFedMSE:train_on_clients:54 - Client 10 gets new best val_loss at epoch #22: 0.003467
2025-09-30 20:25:22.415 | INFO     | agents.servers.serverFedMSE:train_on_clients:54 - Client 11 gets new best val_loss at epoch #22: 0.003513
2025-09-30 20:25:22.717 | INFO     | agents.servers.serverFedMSE:train_on_clients:54 - Client 12 gets new best val_loss at epoch #22: 0.003544
2025-09-30 20:25:23.020 | INFO     | agents.servers.serverFedMSE:train_on_clients:54 - Client 13 gets new best val_loss at epoch #22: 0.003360
2025-09-30 20:25:23.320 | INFO     | agents.servers.serverFedMSE:train_on_clients:54 - Client 14 gets new best val_loss at epoch #22: 0.003100
2025-09-30 20:25:23.623 | INFO     | agents.servers.serverFedMSE:train_on_clients:54 - Client 15 gets new best val_loss at epoch #22: 0.003276
2025-09-30 20:25:23.925 | INFO     | agents.servers.serverFedMSE:train_on_clients:54 - Client 16 gets new best val_loss at epoch #22: 0.002988
2025-09-30 20:25:24.230 | INFO     | agents.servers.serverFedMSE:train_on_clients:54 - Client 17 gets new best val_loss at epoch #22: 0.003445
2025-09-30 20:25:24.534 | INFO     | agents.servers.serverFedMSE:train_on_clients:54 - Client 18 gets new best val_loss at epoch #22: 0.003270
2025-09-30 20:25:24.839 | INFO     | agents.servers.serverFedMSE:train_on_clients:54 - Client 19 gets new best val_loss at epoch #22: 0.003259
2025-09-30 20:25:24.840 | INFO     | agents.servers.serverFedMSE:train_on_clients:76 - 20 clients still training at epoch #22
2025-09-30 20:26:29.087 | INFO     | agents.servers.serverFedMSE:train_on_clients:32 - Training FedMSE model epoch #23
2025-09-30 20:26:29.392 | INFO     | agents.servers.serverFedMSE:train_on_clients:54 - Client 0 gets new best val_loss at epoch #23: 0.002966
2025-09-30 20:26:29.693 | INFO     | agents.servers.serverFedMSE:train_on_clients:54 - Client 1 gets new best val_loss at epoch #23: 0.003335
2025-09-30 20:26:29.997 | INFO     | agents.servers.serverFedMSE:train_on_clients:54 - Client 2 gets new best val_loss at epoch #23: 0.003002
2025-09-30 20:26:30.295 | INFO     | agents.servers.serverFedMSE:train_on_clients:54 - Client 3 gets new best val_loss at epoch #23: 0.003248
2025-09-30 20:26:30.600 | INFO     | agents.servers.serverFedMSE:train_on_clients:54 - Client 4 gets new best val_loss at epoch #23: 0.002982
2025-09-30 20:26:30.905 | INFO     | agents.servers.serverFedMSE:train_on_clients:54 - Client 5 gets new best val_loss at epoch #23: 0.003593
2025-09-30 20:26:31.211 | INFO     | agents.servers.serverFedMSE:train_on_clients:54 - Client 6 gets new best val_loss at epoch #23: 0.003147
2025-09-30 20:26:31.519 | INFO     | agents.servers.serverFedMSE:train_on_clients:54 - Client 7 gets new best val_loss at epoch #23: 0.003202
2025-09-30 20:26:31.823 | INFO     | agents.servers.serverFedMSE:train_on_clients:54 - Client 8 gets new best val_loss at epoch #23: 0.003216
2025-09-30 20:26:32.124 | INFO     | agents.servers.serverFedMSE:train_on_clients:54 - Client 9 gets new best val_loss at epoch #23: 0.003188
2025-09-30 20:26:32.428 | INFO     | agents.servers.serverFedMSE:train_on_clients:54 - Client 10 gets new best val_loss at epoch #23: 0.003132
2025-09-30 20:26:32.735 | INFO     | agents.servers.serverFedMSE:train_on_clients:54 - Client 11 gets new best val_loss at epoch #23: 0.003248
2025-09-30 20:26:33.342 | INFO     | agents.servers.serverFedMSE:train_on_clients:54 - Client 13 gets new best val_loss at epoch #23: 0.003042
2025-09-30 20:26:33.643 | INFO     | agents.servers.serverFedMSE:train_on_clients:54 - Client 14 gets new best val_loss at epoch #23: 0.002992
2025-09-30 20:26:33.945 | INFO     | agents.servers.serverFedMSE:train_on_clients:54 - Client 15 gets new best val_loss at epoch #23: 0.003209
2025-09-30 20:26:34.549 | INFO     | agents.servers.serverFedMSE:train_on_clients:54 - Client 17 gets new best val_loss at epoch #23: 0.003274
2025-09-30 20:26:34.852 | INFO     | agents.servers.serverFedMSE:train_on_clients:54 - Client 18 gets new best val_loss at epoch #23: 0.003125
2025-09-30 20:26:35.153 | INFO     | agents.servers.serverFedMSE:train_on_clients:54 - Client 19 gets new best val_loss at epoch #23: 0.003004
2025-09-30 20:26:35.155 | INFO     | agents.servers.serverFedMSE:train_on_clients:76 - 20 clients still training at epoch #23
2025-09-30 20:27:39.572 | INFO     | agents.servers.serverFedMSE:train_on_clients:32 - Training FedMSE model epoch #24
2025-09-30 20:27:40.179 | INFO     | agents.servers.serverFedMSE:train_on_clients:54 - Client 1 gets new best val_loss at epoch #24: 0.003176
2025-09-30 20:27:40.479 | INFO     | agents.servers.serverFedMSE:train_on_clients:54 - Client 2 gets new best val_loss at epoch #24: 0.002884
2025-09-30 20:27:40.781 | INFO     | agents.servers.serverFedMSE:train_on_clients:54 - Client 3 gets new best val_loss at epoch #24: 0.002885
2025-09-30 20:27:41.384 | INFO     | agents.servers.serverFedMSE:train_on_clients:54 - Client 5 gets new best val_loss at epoch #24: 0.003198
2025-09-30 20:27:42.288 | INFO     | agents.servers.serverFedMSE:train_on_clients:54 - Client 8 gets new best val_loss at epoch #24: 0.003190
2025-09-30 20:27:42.592 | INFO     | agents.servers.serverFedMSE:train_on_clients:54 - Client 9 gets new best val_loss at epoch #24: 0.003126
2025-09-30 20:27:42.897 | INFO     | agents.servers.serverFedMSE:train_on_clients:54 - Client 10 gets new best val_loss at epoch #24: 0.003071
2025-09-30 20:27:43.199 | INFO     | agents.servers.serverFedMSE:train_on_clients:54 - Client 11 gets new best val_loss at epoch #24: 0.003208
2025-09-30 20:27:43.500 | INFO     | agents.servers.serverFedMSE:train_on_clients:54 - Client 12 gets new best val_loss at epoch #24: 0.003093
2025-09-30 20:27:44.103 | INFO     | agents.servers.serverFedMSE:train_on_clients:54 - Client 14 gets new best val_loss at epoch #24: 0.002835
2025-09-30 20:27:44.408 | INFO     | agents.servers.serverFedMSE:train_on_clients:54 - Client 15 gets new best val_loss at epoch #24: 0.003121
2025-09-30 20:27:44.713 | INFO     | agents.servers.serverFedMSE:train_on_clients:54 - Client 16 gets new best val_loss at epoch #24: 0.002785
2025-09-30 20:27:45.015 | INFO     | agents.servers.serverFedMSE:train_on_clients:54 - Client 17 gets new best val_loss at epoch #24: 0.003161
2025-09-30 20:27:45.612 | INFO     | agents.servers.serverFedMSE:train_on_clients:54 - Client 19 gets new best val_loss at epoch #24: 0.003001
2025-09-30 20:27:45.614 | INFO     | agents.servers.serverFedMSE:train_on_clients:76 - 20 clients still training at epoch #24
2025-09-30 20:28:49.752 | INFO     | agents.servers.serverFedMSE:train_on_clients:32 - Training FedMSE model epoch #25
2025-09-30 20:28:50.347 | INFO     | agents.servers.serverFedMSE:train_on_clients:54 - Client 1 gets new best val_loss at epoch #25: 0.003063
2025-09-30 20:28:50.653 | INFO     | agents.servers.serverFedMSE:train_on_clients:54 - Client 2 gets new best val_loss at epoch #25: 0.002839
2025-09-30 20:28:50.947 | INFO     | agents.servers.serverFedMSE:train_on_clients:54 - Client 3 gets new best val_loss at epoch #25: 0.002810
2025-09-30 20:28:51.248 | INFO     | agents.servers.serverFedMSE:train_on_clients:54 - Client 4 gets new best val_loss at epoch #25: 0.002953
2025-09-30 20:28:51.848 | INFO     | agents.servers.serverFedMSE:train_on_clients:54 - Client 6 gets new best val_loss at epoch #25: 0.002965
2025-09-30 20:28:52.148 | INFO     | agents.servers.serverFedMSE:train_on_clients:54 - Client 7 gets new best val_loss at epoch #25: 0.003018
2025-09-30 20:28:52.450 | INFO     | agents.servers.serverFedMSE:train_on_clients:54 - Client 8 gets new best val_loss at epoch #25: 0.003077
2025-09-30 20:28:53.047 | INFO     | agents.servers.serverFedMSE:train_on_clients:54 - Client 10 gets new best val_loss at epoch #25: 0.002981
2025-09-30 20:28:53.348 | INFO     | agents.servers.serverFedMSE:train_on_clients:54 - Client 11 gets new best val_loss at epoch #25: 0.003034
2025-09-30 20:28:53.647 | INFO     | agents.servers.serverFedMSE:train_on_clients:54 - Client 12 gets new best val_loss at epoch #25: 0.003072
2025-09-30 20:28:53.944 | INFO     | agents.servers.serverFedMSE:train_on_clients:54 - Client 13 gets new best val_loss at epoch #25: 0.002753
2025-09-30 20:28:55.448 | INFO     | agents.servers.serverFedMSE:train_on_clients:54 - Client 18 gets new best val_loss at epoch #25: 0.002924
2025-09-30 20:28:55.770 | INFO     | agents.servers.serverFedMSE:train_on_clients:54 - Client 19 gets new best val_loss at epoch #25: 0.002880
2025-09-30 20:28:55.771 | INFO     | agents.servers.serverFedMSE:train_on_clients:76 - 20 clients still training at epoch #25
2025-09-30 20:29:59.805 | INFO     | agents.servers.serverFedMSE:train_on_clients:32 - Training FedMSE model epoch #26
2025-09-30 20:30:00.104 | INFO     | agents.servers.serverFedMSE:train_on_clients:54 - Client 0 gets new best val_loss at epoch #26: 0.002693
2025-09-30 20:30:00.708 | INFO     | agents.servers.serverFedMSE:train_on_clients:54 - Client 2 gets new best val_loss at epoch #26: 0.002785
2025-09-30 20:30:01.006 | INFO     | agents.servers.serverFedMSE:train_on_clients:54 - Client 3 gets new best val_loss at epoch #26: 0.002704
2025-09-30 20:30:01.307 | INFO     | agents.servers.serverFedMSE:train_on_clients:54 - Client 4 gets new best val_loss at epoch #26: 0.002888
2025-09-30 20:30:01.603 | INFO     | agents.servers.serverFedMSE:train_on_clients:54 - Client 5 gets new best val_loss at epoch #26: 0.003059
2025-09-30 20:30:02.506 | INFO     | agents.servers.serverFedMSE:train_on_clients:54 - Client 8 gets new best val_loss at epoch #26: 0.002938
2025-09-30 20:30:02.809 | INFO     | agents.servers.serverFedMSE:train_on_clients:54 - Client 9 gets new best val_loss at epoch #26: 0.003036
2025-09-30 20:30:03.104 | INFO     | agents.servers.serverFedMSE:train_on_clients:54 - Client 10 gets new best val_loss at epoch #26: 0.002898
2025-09-30 20:30:03.704 | INFO     | agents.servers.serverFedMSE:train_on_clients:54 - Client 12 gets new best val_loss at epoch #26: 0.002901
2025-09-30 20:30:04.004 | INFO     | agents.servers.serverFedMSE:train_on_clients:54 - Client 13 gets new best val_loss at epoch #26: 0.002716
2025-09-30 20:30:04.304 | INFO     | agents.servers.serverFedMSE:train_on_clients:54 - Client 14 gets new best val_loss at epoch #26: 0.002641
2025-09-30 20:30:04.603 | INFO     | agents.servers.serverFedMSE:train_on_clients:54 - Client 15 gets new best val_loss at epoch #26: 0.002876
2025-09-30 20:30:04.906 | INFO     | agents.servers.serverFedMSE:train_on_clients:54 - Client 16 gets new best val_loss at epoch #26: 0.002616
2025-09-30 20:30:05.510 | INFO     | agents.servers.serverFedMSE:train_on_clients:54 - Client 18 gets new best val_loss at epoch #26: 0.002838
2025-09-30 20:30:05.809 | INFO     | agents.servers.serverFedMSE:train_on_clients:54 - Client 19 gets new best val_loss at epoch #26: 0.002772
2025-09-30 20:30:05.810 | INFO     | agents.servers.serverFedMSE:train_on_clients:76 - 20 clients still training at epoch #26
2025-09-30 20:31:09.684 | INFO     | agents.servers.serverFedMSE:train_on_clients:32 - Training FedMSE model epoch #27
2025-09-30 20:31:09.987 | INFO     | agents.servers.serverFedMSE:train_on_clients:54 - Client 0 gets new best val_loss at epoch #27: 0.002661
2025-09-30 20:31:10.290 | INFO     | agents.servers.serverFedMSE:train_on_clients:54 - Client 1 gets new best val_loss at epoch #27: 0.002999
2025-09-30 20:31:10.590 | INFO     | agents.servers.serverFedMSE:train_on_clients:54 - Client 2 gets new best val_loss at epoch #27: 0.002707
2025-09-30 20:31:11.198 | INFO     | agents.servers.serverFedMSE:train_on_clients:54 - Client 4 gets new best val_loss at epoch #27: 0.002771
2025-09-30 20:31:11.799 | INFO     | agents.servers.serverFedMSE:train_on_clients:54 - Client 6 gets new best val_loss at epoch #27: 0.002820
2025-09-30 20:31:12.408 | INFO     | agents.servers.serverFedMSE:train_on_clients:54 - Client 8 gets new best val_loss at epoch #27: 0.002761
2025-09-30 20:31:12.732 | INFO     | agents.servers.serverFedMSE:train_on_clients:54 - Client 9 gets new best val_loss at epoch #27: 0.002921
2025-09-30 20:31:13.044 | INFO     | agents.servers.serverFedMSE:train_on_clients:54 - Client 10 gets new best val_loss at epoch #27: 0.002837
2025-09-30 20:31:13.368 | INFO     | agents.servers.serverFedMSE:train_on_clients:54 - Client 11 gets new best val_loss at epoch #27: 0.003014
2025-09-30 20:31:13.687 | INFO     | agents.servers.serverFedMSE:train_on_clients:54 - Client 12 gets new best val_loss at epoch #27: 0.002821
2025-09-30 20:31:14.626 | INFO     | agents.servers.serverFedMSE:train_on_clients:54 - Client 15 gets new best val_loss at epoch #27: 0.002853
2025-09-30 20:31:14.929 | INFO     | agents.servers.serverFedMSE:train_on_clients:54 - Client 16 gets new best val_loss at epoch #27: 0.002596
2025-09-30 20:31:15.230 | INFO     | agents.servers.serverFedMSE:train_on_clients:54 - Client 17 gets new best val_loss at epoch #27: 0.003064
2025-09-30 20:31:15.837 | INFO     | agents.servers.serverFedMSE:train_on_clients:76 - 20 clients still training at epoch #27
2025-09-30 20:32:19.791 | INFO     | agents.servers.serverFedMSE:train_on_clients:32 - Training FedMSE model epoch #28
2025-09-30 20:32:20.099 | INFO     | agents.servers.serverFedMSE:train_on_clients:54 - Client 0 gets new best val_loss at epoch #28: 0.002586
2025-09-30 20:32:20.715 | INFO     | agents.servers.serverFedMSE:train_on_clients:54 - Client 2 gets new best val_loss at epoch #28: 0.002703
2025-09-30 20:32:21.023 | INFO     | agents.servers.serverFedMSE:train_on_clients:54 - Client 3 gets new best val_loss at epoch #28: 0.002649
2025-09-30 20:32:21.325 | INFO     | agents.servers.serverFedMSE:train_on_clients:54 - Client 4 gets new best val_loss at epoch #28: 0.002718
2025-09-30 20:32:22.233 | INFO     | agents.servers.serverFedMSE:train_on_clients:54 - Client 7 gets new best val_loss at epoch #28: 0.002947
2025-09-30 20:32:22.539 | INFO     | agents.servers.serverFedMSE:train_on_clients:54 - Client 8 gets new best val_loss at epoch #28: 0.002717
2025-09-30 20:32:22.839 | INFO     | agents.servers.serverFedMSE:train_on_clients:54 - Client 9 gets new best val_loss at epoch #28: 0.002828
2025-09-30 20:32:23.142 | INFO     | agents.servers.serverFedMSE:train_on_clients:54 - Client 10 gets new best val_loss at epoch #28: 0.002828
2025-09-30 20:32:23.446 | INFO     | agents.servers.serverFedMSE:train_on_clients:54 - Client 11 gets new best val_loss at epoch #28: 0.002878
2025-09-30 20:32:24.062 | INFO     | agents.servers.serverFedMSE:train_on_clients:54 - Client 13 gets new best val_loss at epoch #28: 0.002704
2025-09-30 20:32:24.367 | INFO     | agents.servers.serverFedMSE:train_on_clients:54 - Client 14 gets new best val_loss at epoch #28: 0.002554
2025-09-30 20:32:24.668 | INFO     | agents.servers.serverFedMSE:train_on_clients:54 - Client 15 gets new best val_loss at epoch #28: 0.002765
2025-09-30 20:32:24.969 | INFO     | agents.servers.serverFedMSE:train_on_clients:54 - Client 16 gets new best val_loss at epoch #28: 0.002517
2025-09-30 20:32:25.883 | INFO     | agents.servers.serverFedMSE:train_on_clients:54 - Client 19 gets new best val_loss at epoch #28: 0.002662
2025-09-30 20:32:25.884 | INFO     | agents.servers.serverFedMSE:train_on_clients:76 - 20 clients still training at epoch #28
2025-09-30 20:33:29.863 | INFO     | agents.servers.serverFedMSE:train_on_clients:32 - Training FedMSE model epoch #29
2025-09-30 20:33:30.166 | INFO     | agents.servers.serverFedMSE:train_on_clients:54 - Client 0 gets new best val_loss at epoch #29: 0.002509
2025-09-30 20:33:30.467 | INFO     | agents.servers.serverFedMSE:train_on_clients:54 - Client 1 gets new best val_loss at epoch #29: 0.002767
2025-09-30 20:33:30.774 | INFO     | agents.servers.serverFedMSE:train_on_clients:54 - Client 2 gets new best val_loss at epoch #29: 0.002689
2025-09-30 20:33:31.075 | INFO     | agents.servers.serverFedMSE:train_on_clients:54 - Client 3 gets new best val_loss at epoch #29: 0.002501
2025-09-30 20:33:31.381 | INFO     | agents.servers.serverFedMSE:train_on_clients:54 - Client 4 gets new best val_loss at epoch #29: 0.002573
2025-09-30 20:33:31.685 | INFO     | agents.servers.serverFedMSE:train_on_clients:54 - Client 5 gets new best val_loss at epoch #29: 0.002875
2025-09-30 20:33:31.991 | INFO     | agents.servers.serverFedMSE:train_on_clients:54 - Client 6 gets new best val_loss at epoch #29: 0.002753
2025-09-30 20:33:32.285 | INFO     | agents.servers.serverFedMSE:train_on_clients:54 - Client 7 gets new best val_loss at epoch #29: 0.002942
2025-09-30 20:33:32.579 | INFO     | agents.servers.serverFedMSE:train_on_clients:54 - Client 8 gets new best val_loss at epoch #29: 0.002680
2025-09-30 20:33:32.869 | INFO     | agents.servers.serverFedMSE:train_on_clients:54 - Client 9 gets new best val_loss at epoch #29: 0.002779
2025-09-30 20:33:33.173 | INFO     | agents.servers.serverFedMSE:train_on_clients:54 - Client 10 gets new best val_loss at epoch #29: 0.002696
2025-09-30 20:33:33.768 | INFO     | agents.servers.serverFedMSE:train_on_clients:54 - Client 12 gets new best val_loss at epoch #29: 0.002680
2025-09-30 20:33:34.069 | INFO     | agents.servers.serverFedMSE:train_on_clients:54 - Client 13 gets new best val_loss at epoch #29: 0.002529
2025-09-30 20:33:34.373 | INFO     | agents.servers.serverFedMSE:train_on_clients:54 - Client 14 gets new best val_loss at epoch #29: 0.002515
2025-09-30 20:33:34.674 | INFO     | agents.servers.serverFedMSE:train_on_clients:54 - Client 15 gets new best val_loss at epoch #29: 0.002647
2025-09-30 20:33:34.975 | INFO     | agents.servers.serverFedMSE:train_on_clients:54 - Client 16 gets new best val_loss at epoch #29: 0.002451
2025-09-30 20:33:35.277 | INFO     | agents.servers.serverFedMSE:train_on_clients:54 - Client 17 gets new best val_loss at epoch #29: 0.002883
2025-09-30 20:33:35.583 | INFO     | agents.servers.serverFedMSE:train_on_clients:54 - Client 18 gets new best val_loss at epoch #29: 0.002653
2025-09-30 20:33:35.885 | INFO     | agents.servers.serverFedMSE:train_on_clients:76 - 20 clients still training at epoch #29
2025-09-30 20:34:40.092 | INFO     | agents.servers.serverFedMSE:train_on_clients:32 - Training FedMSE model epoch #30
2025-09-30 20:34:40.410 | INFO     | agents.servers.serverFedMSE:train_on_clients:54 - Client 0 gets new best val_loss at epoch #30: 0.002368
2025-09-30 20:34:40.411 | INFO     | agents.servers.serverFedMSE:train_on_clients:70 - Saved model for client 0 at epoch 30 -> saved_models/FedMSE/FedMSE/wsn_ds/epoch_30_client_0.pt
2025-09-30 20:34:40.729 | INFO     | agents.servers.serverFedMSE:train_on_clients:70 - Saved model for client 1 at epoch 30 -> saved_models/FedMSE/FedMSE/wsn_ds/epoch_30_client_1.pt
2025-09-30 20:34:41.043 | INFO     | agents.servers.serverFedMSE:train_on_clients:54 - Client 2 gets new best val_loss at epoch #30: 0.002565
2025-09-30 20:34:41.045 | INFO     | agents.servers.serverFedMSE:train_on_clients:70 - Saved model for client 2 at epoch 30 -> saved_models/FedMSE/FedMSE/wsn_ds/epoch_30_client_2.pt
2025-09-30 20:34:41.358 | INFO     | agents.servers.serverFedMSE:train_on_clients:54 - Client 3 gets new best val_loss at epoch #30: 0.002492
2025-09-30 20:34:41.359 | INFO     | agents.servers.serverFedMSE:train_on_clients:70 - Saved model for client 3 at epoch 30 -> saved_models/FedMSE/FedMSE/wsn_ds/epoch_30_client_3.pt
2025-09-30 20:34:41.674 | INFO     | agents.servers.serverFedMSE:train_on_clients:70 - Saved model for client 4 at epoch 30 -> saved_models/FedMSE/FedMSE/wsn_ds/epoch_30_client_4.pt
2025-09-30 20:34:41.991 | INFO     | agents.servers.serverFedMSE:train_on_clients:54 - Client 5 gets new best val_loss at epoch #30: 0.002832
2025-09-30 20:34:41.992 | INFO     | agents.servers.serverFedMSE:train_on_clients:70 - Saved model for client 5 at epoch 30 -> saved_models/FedMSE/FedMSE/wsn_ds/epoch_30_client_5.pt
2025-09-30 20:34:42.308 | INFO     | agents.servers.serverFedMSE:train_on_clients:54 - Client 6 gets new best val_loss at epoch #30: 0.002535
2025-09-30 20:34:42.310 | INFO     | agents.servers.serverFedMSE:train_on_clients:70 - Saved model for client 6 at epoch 30 -> saved_models/FedMSE/FedMSE/wsn_ds/epoch_30_client_6.pt
2025-09-30 20:34:42.626 | INFO     | agents.servers.serverFedMSE:train_on_clients:54 - Client 7 gets new best val_loss at epoch #30: 0.002701
2025-09-30 20:34:42.628 | INFO     | agents.servers.serverFedMSE:train_on_clients:70 - Saved model for client 7 at epoch 30 -> saved_models/FedMSE/FedMSE/wsn_ds/epoch_30_client_7.pt
2025-09-30 20:34:42.948 | INFO     | agents.servers.serverFedMSE:train_on_clients:54 - Client 8 gets new best val_loss at epoch #30: 0.002531
2025-09-30 20:34:42.950 | INFO     | agents.servers.serverFedMSE:train_on_clients:70 - Saved model for client 8 at epoch 30 -> saved_models/FedMSE/FedMSE/wsn_ds/epoch_30_client_8.pt
2025-09-30 20:34:43.265 | INFO     | agents.servers.serverFedMSE:train_on_clients:54 - Client 9 gets new best val_loss at epoch #30: 0.002641
2025-09-30 20:34:43.266 | INFO     | agents.servers.serverFedMSE:train_on_clients:70 - Saved model for client 9 at epoch 30 -> saved_models/FedMSE/FedMSE/wsn_ds/epoch_30_client_9.pt
2025-09-30 20:34:43.582 | INFO     | agents.servers.serverFedMSE:train_on_clients:54 - Client 10 gets new best val_loss at epoch #30: 0.002562
2025-09-30 20:34:43.583 | INFO     | agents.servers.serverFedMSE:train_on_clients:70 - Saved model for client 10 at epoch 30 -> saved_models/FedMSE/FedMSE/wsn_ds/epoch_30_client_10.pt
2025-09-30 20:34:43.902 | INFO     | agents.servers.serverFedMSE:train_on_clients:54 - Client 11 gets new best val_loss at epoch #30: 0.002777
2025-09-30 20:34:43.903 | INFO     | agents.servers.serverFedMSE:train_on_clients:70 - Saved model for client 11 at epoch 30 -> saved_models/FedMSE/FedMSE/wsn_ds/epoch_30_client_11.pt
2025-09-30 20:34:44.219 | INFO     | agents.servers.serverFedMSE:train_on_clients:70 - Saved model for client 12 at epoch 30 -> saved_models/FedMSE/FedMSE/wsn_ds/epoch_30_client_12.pt
2025-09-30 20:34:44.533 | INFO     | agents.servers.serverFedMSE:train_on_clients:54 - Client 13 gets new best val_loss at epoch #30: 0.002461
2025-09-30 20:34:44.534 | INFO     | agents.servers.serverFedMSE:train_on_clients:70 - Saved model for client 13 at epoch 30 -> saved_models/FedMSE/FedMSE/wsn_ds/epoch_30_client_13.pt
2025-09-30 20:34:44.850 | INFO     | agents.servers.serverFedMSE:train_on_clients:54 - Client 14 gets new best val_loss at epoch #30: 0.002317
2025-09-30 20:34:44.852 | INFO     | agents.servers.serverFedMSE:train_on_clients:70 - Saved model for client 14 at epoch 30 -> saved_models/FedMSE/FedMSE/wsn_ds/epoch_30_client_14.pt
2025-09-30 20:34:45.167 | INFO     | agents.servers.serverFedMSE:train_on_clients:54 - Client 15 gets new best val_loss at epoch #30: 0.002603
2025-09-30 20:34:45.168 | INFO     | agents.servers.serverFedMSE:train_on_clients:70 - Saved model for client 15 at epoch 30 -> saved_models/FedMSE/FedMSE/wsn_ds/epoch_30_client_15.pt
2025-09-30 20:34:45.489 | INFO     | agents.servers.serverFedMSE:train_on_clients:54 - Client 16 gets new best val_loss at epoch #30: 0.002282
2025-09-30 20:34:45.490 | INFO     | agents.servers.serverFedMSE:train_on_clients:70 - Saved model for client 16 at epoch 30 -> saved_models/FedMSE/FedMSE/wsn_ds/epoch_30_client_16.pt
2025-09-30 20:34:45.800 | INFO     | agents.servers.serverFedMSE:train_on_clients:54 - Client 17 gets new best val_loss at epoch #30: 0.002761
2025-09-30 20:34:45.801 | INFO     | agents.servers.serverFedMSE:train_on_clients:70 - Saved model for client 17 at epoch 30 -> saved_models/FedMSE/FedMSE/wsn_ds/epoch_30_client_17.pt
2025-09-30 20:34:46.106 | INFO     | agents.servers.serverFedMSE:train_on_clients:70 - Saved model for client 18 at epoch 30 -> saved_models/FedMSE/FedMSE/wsn_ds/epoch_30_client_18.pt
2025-09-30 20:34:46.407 | INFO     | agents.servers.serverFedMSE:train_on_clients:70 - Saved model for client 19 at epoch 30 -> saved_models/FedMSE/FedMSE/wsn_ds/epoch_30_client_19.pt
2025-09-30 20:34:46.408 | INFO     | agents.servers.serverFedMSE:train_on_clients:76 - 20 clients still training at epoch #30
2025-09-30 20:35:50.327 | INFO     | agents.servers.serverFedMSE:train_on_clients:32 - Training FedMSE model epoch #31
2025-09-30 20:35:50.628 | INFO     | agents.servers.serverFedMSE:train_on_clients:54 - Client 0 gets new best val_loss at epoch #31: 0.002346
2025-09-30 20:35:50.936 | INFO     | agents.servers.serverFedMSE:train_on_clients:54 - Client 1 gets new best val_loss at epoch #31: 0.002632
2025-09-30 20:35:51.537 | INFO     | agents.servers.serverFedMSE:train_on_clients:54 - Client 3 gets new best val_loss at epoch #31: 0.002293
2025-09-30 20:35:51.837 | INFO     | agents.servers.serverFedMSE:train_on_clients:54 - Client 4 gets new best val_loss at epoch #31: 0.002356
2025-09-30 20:35:52.135 | INFO     | agents.servers.serverFedMSE:train_on_clients:54 - Client 5 gets new best val_loss at epoch #31: 0.002746
2025-09-30 20:35:52.435 | INFO     | agents.servers.serverFedMSE:train_on_clients:54 - Client 6 gets new best val_loss at epoch #31: 0.002510
2025-09-30 20:35:52.736 | INFO     | agents.servers.serverFedMSE:train_on_clients:54 - Client 7 gets new best val_loss at epoch #31: 0.002573
2025-09-30 20:35:53.039 | INFO     | agents.servers.serverFedMSE:train_on_clients:54 - Client 8 gets new best val_loss at epoch #31: 0.002458
2025-09-30 20:35:53.339 | INFO     | agents.servers.serverFedMSE:train_on_clients:54 - Client 9 gets new best val_loss at epoch #31: 0.002591
2025-09-30 20:35:53.930 | INFO     | agents.servers.serverFedMSE:train_on_clients:54 - Client 11 gets new best val_loss at epoch #31: 0.002691
2025-09-30 20:35:54.234 | INFO     | agents.servers.serverFedMSE:train_on_clients:54 - Client 12 gets new best val_loss at epoch #31: 0.002510
2025-09-30 20:35:54.538 | INFO     | agents.servers.serverFedMSE:train_on_clients:54 - Client 13 gets new best val_loss at epoch #31: 0.002318
2025-09-30 20:35:54.837 | INFO     | agents.servers.serverFedMSE:train_on_clients:54 - Client 14 gets new best val_loss at epoch #31: 0.002264
2025-09-30 20:35:55.438 | INFO     | agents.servers.serverFedMSE:train_on_clients:54 - Client 16 gets new best val_loss at epoch #31: 0.002221
2025-09-30 20:35:56.038 | INFO     | agents.servers.serverFedMSE:train_on_clients:54 - Client 18 gets new best val_loss at epoch #31: 0.002536
2025-09-30 20:35:56.340 | INFO     | agents.servers.serverFedMSE:train_on_clients:76 - 20 clients still training at epoch #31
2025-09-30 20:37:00.185 | INFO     | agents.servers.serverFedMSE:train_on_clients:32 - Training FedMSE model epoch #32
2025-09-30 20:37:00.785 | INFO     | agents.servers.serverFedMSE:train_on_clients:54 - Client 1 gets new best val_loss at epoch #32: 0.002598
2025-09-30 20:37:01.091 | INFO     | agents.servers.serverFedMSE:train_on_clients:54 - Client 2 gets new best val_loss at epoch #32: 0.002378
2025-09-30 20:37:01.984 | INFO     | agents.servers.serverFedMSE:train_on_clients:54 - Client 5 gets new best val_loss at epoch #32: 0.002614
2025-09-30 20:37:02.582 | INFO     | agents.servers.serverFedMSE:train_on_clients:54 - Client 7 gets new best val_loss at epoch #32: 0.002524
2025-09-30 20:37:02.882 | INFO     | agents.servers.serverFedMSE:train_on_clients:54 - Client 8 gets new best val_loss at epoch #32: 0.002374
2025-09-30 20:37:03.480 | INFO     | agents.servers.serverFedMSE:train_on_clients:54 - Client 10 gets new best val_loss at epoch #32: 0.002437
2025-09-30 20:37:03.790 | INFO     | agents.servers.serverFedMSE:train_on_clients:54 - Client 11 gets new best val_loss at epoch #32: 0.002500
2025-09-30 20:37:04.095 | INFO     | agents.servers.serverFedMSE:train_on_clients:54 - Client 12 gets new best val_loss at epoch #32: 0.002454
2025-09-30 20:37:04.691 | INFO     | agents.servers.serverFedMSE:train_on_clients:54 - Client 14 gets new best val_loss at epoch #32: 0.002201
2025-09-30 20:37:04.992 | INFO     | agents.servers.serverFedMSE:train_on_clients:54 - Client 15 gets new best val_loss at epoch #32: 0.002600
2025-09-30 20:37:05.593 | INFO     | agents.servers.serverFedMSE:train_on_clients:54 - Client 17 gets new best val_loss at epoch #32: 0.002634
2025-09-30 20:37:06.191 | INFO     | agents.servers.serverFedMSE:train_on_clients:54 - Client 19 gets new best val_loss at epoch #32: 0.002472
2025-09-30 20:37:06.192 | INFO     | agents.servers.serverFedMSE:train_on_clients:76 - 20 clients still training at epoch #32
2025-09-30 20:38:09.643 | INFO     | agents.servers.serverFedMSE:train_on_clients:32 - Training FedMSE model epoch #33
2025-09-30 20:38:09.944 | INFO     | agents.servers.serverFedMSE:train_on_clients:54 - Client 0 gets new best val_loss at epoch #33: 0.002327
2025-09-30 20:38:10.242 | INFO     | agents.servers.serverFedMSE:train_on_clients:54 - Client 1 gets new best val_loss at epoch #33: 0.002524
2025-09-30 20:38:10.539 | INFO     | agents.servers.serverFedMSE:train_on_clients:54 - Client 2 gets new best val_loss at epoch #33: 0.002271
2025-09-30 20:38:10.842 | INFO     | agents.servers.serverFedMSE:train_on_clients:54 - Client 3 gets new best val_loss at epoch #33: 0.002255
2025-09-30 20:38:11.148 | INFO     | agents.servers.serverFedMSE:train_on_clients:54 - Client 4 gets new best val_loss at epoch #33: 0.002322
2025-09-30 20:38:11.451 | INFO     | agents.servers.serverFedMSE:train_on_clients:54 - Client 5 gets new best val_loss at epoch #33: 0.002566
2025-09-30 20:38:11.755 | INFO     | agents.servers.serverFedMSE:train_on_clients:54 - Client 6 gets new best val_loss at epoch #33: 0.002394
2025-09-30 20:38:12.659 | INFO     | agents.servers.serverFedMSE:train_on_clients:54 - Client 9 gets new best val_loss at epoch #33: 0.002406
2025-09-30 20:38:12.963 | INFO     | agents.servers.serverFedMSE:train_on_clients:54 - Client 10 gets new best val_loss at epoch #33: 0.002373
2025-09-30 20:38:13.264 | INFO     | agents.servers.serverFedMSE:train_on_clients:54 - Client 11 gets new best val_loss at epoch #33: 0.002493
2025-09-30 20:38:13.565 | INFO     | agents.servers.serverFedMSE:train_on_clients:54 - Client 12 gets new best val_loss at epoch #33: 0.002427
2025-09-30 20:38:14.164 | INFO     | agents.servers.serverFedMSE:train_on_clients:54 - Client 14 gets new best val_loss at epoch #33: 0.002171
2025-09-30 20:38:14.464 | INFO     | agents.servers.serverFedMSE:train_on_clients:54 - Client 15 gets new best val_loss at epoch #33: 0.002531
2025-09-30 20:38:14.763 | INFO     | agents.servers.serverFedMSE:train_on_clients:54 - Client 16 gets new best val_loss at epoch #33: 0.002082
2025-09-30 20:38:15.357 | INFO     | agents.servers.serverFedMSE:train_on_clients:54 - Client 18 gets new best val_loss at epoch #33: 0.002308
2025-09-30 20:38:15.658 | INFO     | agents.servers.serverFedMSE:train_on_clients:54 - Client 19 gets new best val_loss at epoch #33: 0.002288
2025-09-30 20:38:15.660 | INFO     | agents.servers.serverFedMSE:train_on_clients:76 - 20 clients still training at epoch #33
2025-09-30 20:39:19.667 | INFO     | agents.servers.serverFedMSE:train_on_clients:32 - Training FedMSE model epoch #34
2025-09-30 20:39:20.272 | INFO     | agents.servers.serverFedMSE:train_on_clients:54 - Client 1 gets new best val_loss at epoch #34: 0.002431
2025-09-30 20:39:21.177 | INFO     | agents.servers.serverFedMSE:train_on_clients:54 - Client 4 gets new best val_loss at epoch #34: 0.002242
2025-09-30 20:39:21.786 | INFO     | agents.servers.serverFedMSE:train_on_clients:54 - Client 6 gets new best val_loss at epoch #34: 0.002359
2025-09-30 20:39:22.091 | INFO     | agents.servers.serverFedMSE:train_on_clients:54 - Client 7 gets new best val_loss at epoch #34: 0.002413
2025-09-30 20:39:22.700 | INFO     | agents.servers.serverFedMSE:train_on_clients:54 - Client 9 gets new best val_loss at epoch #34: 0.002385
2025-09-30 20:39:23.001 | INFO     | agents.servers.serverFedMSE:train_on_clients:54 - Client 10 gets new best val_loss at epoch #34: 0.002287
2025-09-30 20:39:23.606 | INFO     | agents.servers.serverFedMSE:train_on_clients:54 - Client 12 gets new best val_loss at epoch #34: 0.002393
2025-09-30 20:39:23.912 | INFO     | agents.servers.serverFedMSE:train_on_clients:54 - Client 13 gets new best val_loss at epoch #34: 0.002191
2025-09-30 20:39:24.217 | INFO     | agents.servers.serverFedMSE:train_on_clients:54 - Client 14 gets new best val_loss at epoch #34: 0.002131
2025-09-30 20:39:24.523 | INFO     | agents.servers.serverFedMSE:train_on_clients:54 - Client 15 gets new best val_loss at epoch #34: 0.002391
2025-09-30 20:39:25.732 | INFO     | agents.servers.serverFedMSE:train_on_clients:76 - 20 clients still training at epoch #34
2025-09-30 20:40:29.485 | INFO     | agents.servers.serverFedMSE:train_on_clients:32 - Training FedMSE model epoch #35
2025-09-30 20:40:29.789 | INFO     | agents.servers.serverFedMSE:train_on_clients:54 - Client 0 gets new best val_loss at epoch #35: 0.002149
2025-09-30 20:40:30.094 | INFO     | agents.servers.serverFedMSE:train_on_clients:54 - Client 1 gets new best val_loss at epoch #35: 0.002425
2025-09-30 20:40:30.398 | INFO     | agents.servers.serverFedMSE:train_on_clients:54 - Client 2 gets new best val_loss at epoch #35: 0.002257
2025-09-30 20:40:30.700 | INFO     | agents.servers.serverFedMSE:train_on_clients:54 - Client 3 gets new best val_loss at epoch #35: 0.002202
2025-09-30 20:40:31.304 | INFO     | agents.servers.serverFedMSE:train_on_clients:54 - Client 5 gets new best val_loss at epoch #35: 0.002445
2025-09-30 20:40:32.204 | INFO     | agents.servers.serverFedMSE:train_on_clients:54 - Client 8 gets new best val_loss at epoch #35: 0.002317
2025-09-30 20:40:34.909 | INFO     | agents.servers.serverFedMSE:train_on_clients:54 - Client 17 gets new best val_loss at epoch #35: 0.002565
2025-09-30 20:40:35.509 | INFO     | agents.servers.serverFedMSE:train_on_clients:54 - Client 19 gets new best val_loss at epoch #35: 0.002237
2025-09-30 20:40:35.510 | INFO     | agents.servers.serverFedMSE:train_on_clients:76 - 20 clients still training at epoch #35
2025-09-30 20:41:39.186 | INFO     | agents.servers.serverFedMSE:train_on_clients:32 - Training FedMSE model epoch #36
2025-09-30 20:41:39.777 | INFO     | agents.servers.serverFedMSE:train_on_clients:54 - Client 1 gets new best val_loss at epoch #36: 0.002404
2025-09-30 20:41:40.377 | INFO     | agents.servers.serverFedMSE:train_on_clients:54 - Client 3 gets new best val_loss at epoch #36: 0.002180
2025-09-30 20:41:40.673 | INFO     | agents.servers.serverFedMSE:train_on_clients:54 - Client 4 gets new best val_loss at epoch #36: 0.002147
2025-09-30 20:41:40.980 | INFO     | agents.servers.serverFedMSE:train_on_clients:54 - Client 5 gets new best val_loss at epoch #36: 0.002403
2025-09-30 20:41:41.277 | INFO     | agents.servers.serverFedMSE:train_on_clients:54 - Client 6 gets new best val_loss at epoch #36: 0.002312
2025-09-30 20:41:41.575 | INFO     | agents.servers.serverFedMSE:train_on_clients:54 - Client 7 gets new best val_loss at epoch #36: 0.002387
2025-09-30 20:41:42.170 | INFO     | agents.servers.serverFedMSE:train_on_clients:54 - Client 9 gets new best val_loss at epoch #36: 0.002357
2025-09-30 20:41:42.773 | INFO     | agents.servers.serverFedMSE:train_on_clients:54 - Client 11 gets new best val_loss at epoch #36: 0.002482
2025-09-30 20:41:43.072 | INFO     | agents.servers.serverFedMSE:train_on_clients:54 - Client 12 gets new best val_loss at epoch #36: 0.002334
2025-09-30 20:41:44.270 | INFO     | agents.servers.serverFedMSE:train_on_clients:54 - Client 16 gets new best val_loss at epoch #36: 0.002080
2025-09-30 20:41:44.570 | INFO     | agents.servers.serverFedMSE:train_on_clients:54 - Client 17 gets new best val_loss at epoch #36: 0.002537
2025-09-30 20:41:45.174 | INFO     | agents.servers.serverFedMSE:train_on_clients:54 - Client 19 gets new best val_loss at epoch #36: 0.002204
2025-09-30 20:41:45.175 | INFO     | agents.servers.serverFedMSE:train_on_clients:76 - 20 clients still training at epoch #36
2025-09-30 20:42:48.954 | INFO     | agents.servers.serverFedMSE:train_on_clients:32 - Training FedMSE model epoch #37
2025-09-30 20:42:49.561 | INFO     | agents.servers.serverFedMSE:train_on_clients:54 - Client 1 gets new best val_loss at epoch #37: 0.002401
2025-09-30 20:42:50.758 | INFO     | agents.servers.serverFedMSE:train_on_clients:54 - Client 5 gets new best val_loss at epoch #37: 0.002377
2025-09-30 20:42:51.645 | INFO     | agents.servers.serverFedMSE:train_on_clients:54 - Client 8 gets new best val_loss at epoch #37: 0.002261
2025-09-30 20:42:52.540 | INFO     | agents.servers.serverFedMSE:train_on_clients:54 - Client 11 gets new best val_loss at epoch #37: 0.002407
2025-09-30 20:42:53.456 | INFO     | agents.servers.serverFedMSE:train_on_clients:54 - Client 14 gets new best val_loss at epoch #37: 0.002087
2025-09-30 20:42:53.766 | INFO     | agents.servers.serverFedMSE:train_on_clients:54 - Client 15 gets new best val_loss at epoch #37: 0.002302
2025-09-30 20:42:54.078 | INFO     | agents.servers.serverFedMSE:train_on_clients:54 - Client 16 gets new best val_loss at epoch #37: 0.002072
2025-09-30 20:42:54.660 | INFO     | agents.servers.serverFedMSE:train_on_clients:54 - Client 18 gets new best val_loss at epoch #37: 0.002304
2025-09-30 20:42:54.946 | INFO     | agents.servers.serverFedMSE:train_on_clients:54 - Client 19 gets new best val_loss at epoch #37: 0.002153
2025-09-30 20:42:54.947 | INFO     | agents.servers.serverFedMSE:train_on_clients:76 - 20 clients still training at epoch #37
2025-09-30 20:43:57.657 | INFO     | agents.servers.serverFedMSE:train_on_clients:32 - Training FedMSE model epoch #38
2025-09-30 20:43:57.938 | INFO     | agents.servers.serverFedMSE:train_on_clients:54 - Client 0 gets new best val_loss at epoch #38: 0.002113
2025-09-30 20:43:58.501 | INFO     | agents.servers.serverFedMSE:train_on_clients:54 - Client 2 gets new best val_loss at epoch #38: 0.002188
2025-09-30 20:43:59.077 | INFO     | agents.servers.serverFedMSE:train_on_clients:54 - Client 4 gets new best val_loss at epoch #38: 0.002104
2025-09-30 20:43:59.952 | INFO     | agents.servers.serverFedMSE:train_on_clients:54 - Client 7 gets new best val_loss at epoch #38: 0.002315
2025-09-30 20:44:01.463 | INFO     | agents.servers.serverFedMSE:train_on_clients:54 - Client 12 gets new best val_loss at epoch #38: 0.002296
2025-09-30 20:44:01.801 | INFO     | agents.servers.serverFedMSE:train_on_clients:54 - Client 13 gets new best val_loss at epoch #38: 0.002142
2025-09-30 20:44:03.537 | INFO     | agents.servers.serverFedMSE:train_on_clients:76 - 20 clients still training at epoch #38
2025-09-30 20:45:05.498 | INFO     | agents.servers.serverFedMSE:train_on_clients:32 - Training FedMSE model epoch #39
2025-09-30 20:45:05.806 | INFO     | agents.servers.serverFedMSE:train_on_clients:54 - Client 0 gets new best val_loss at epoch #39: 0.002058
2025-09-30 20:45:06.445 | INFO     | agents.servers.serverFedMSE:train_on_clients:54 - Client 2 gets new best val_loss at epoch #39: 0.002178
2025-09-30 20:45:07.347 | INFO     | agents.servers.serverFedMSE:train_on_clients:54 - Client 5 gets new best val_loss at epoch #39: 0.002347
2025-09-30 20:45:07.638 | INFO     | agents.servers.serverFedMSE:train_on_clients:54 - Client 6 gets new best val_loss at epoch #39: 0.002257
2025-09-30 20:45:08.225 | INFO     | agents.servers.serverFedMSE:train_on_clients:54 - Client 8 gets new best val_loss at epoch #39: 0.002189
2025-09-30 20:45:08.542 | INFO     | agents.servers.serverFedMSE:train_on_clients:54 - Client 9 gets new best val_loss at epoch #39: 0.002243
2025-09-30 20:45:08.831 | INFO     | agents.servers.serverFedMSE:train_on_clients:54 - Client 10 gets new best val_loss at epoch #39: 0.002236
2025-09-30 20:45:09.978 | INFO     | agents.servers.serverFedMSE:train_on_clients:54 - Client 14 gets new best val_loss at epoch #39: 0.002021
2025-09-30 20:45:10.265 | INFO     | agents.servers.serverFedMSE:train_on_clients:54 - Client 15 gets new best val_loss at epoch #39: 0.002299
2025-09-30 20:45:10.551 | INFO     | agents.servers.serverFedMSE:train_on_clients:54 - Client 16 gets new best val_loss at epoch #39: 0.001948
2025-09-30 20:45:11.426 | INFO     | agents.servers.serverFedMSE:train_on_clients:76 - 20 clients still training at epoch #39
2025-09-30 20:46:13.427 | INFO     | agents.servers.serverFedMSE:train_on_clients:32 - Training FedMSE model epoch #40
2025-09-30 20:46:13.718 | INFO     | agents.servers.serverFedMSE:train_on_clients:70 - Saved model for client 0 at epoch 40 -> saved_models/FedMSE/FedMSE/wsn_ds/epoch_40_client_0.pt
2025-09-30 20:46:14.010 | INFO     | agents.servers.serverFedMSE:train_on_clients:54 - Client 1 gets new best val_loss at epoch #40: 0.002387
2025-09-30 20:46:14.012 | INFO     | agents.servers.serverFedMSE:train_on_clients:70 - Saved model for client 1 at epoch 40 -> saved_models/FedMSE/FedMSE/wsn_ds/epoch_40_client_1.pt
2025-09-30 20:46:14.305 | INFO     | agents.servers.serverFedMSE:train_on_clients:54 - Client 2 gets new best val_loss at epoch #40: 0.002143
2025-09-30 20:46:14.306 | INFO     | agents.servers.serverFedMSE:train_on_clients:70 - Saved model for client 2 at epoch 40 -> saved_models/FedMSE/FedMSE/wsn_ds/epoch_40_client_2.pt
2025-09-30 20:46:14.595 | INFO     | agents.servers.serverFedMSE:train_on_clients:54 - Client 3 gets new best val_loss at epoch #40: 0.002128
2025-09-30 20:46:14.596 | INFO     | agents.servers.serverFedMSE:train_on_clients:70 - Saved model for client 3 at epoch 40 -> saved_models/FedMSE/FedMSE/wsn_ds/epoch_40_client_3.pt
2025-09-30 20:46:14.920 | INFO     | agents.servers.serverFedMSE:train_on_clients:70 - Saved model for client 4 at epoch 40 -> saved_models/FedMSE/FedMSE/wsn_ds/epoch_40_client_4.pt
2025-09-30 20:46:15.214 | INFO     | agents.servers.serverFedMSE:train_on_clients:70 - Saved model for client 5 at epoch 40 -> saved_models/FedMSE/FedMSE/wsn_ds/epoch_40_client_5.pt
2025-09-30 20:46:15.503 | INFO     | agents.servers.serverFedMSE:train_on_clients:70 - Saved model for client 6 at epoch 40 -> saved_models/FedMSE/FedMSE/wsn_ds/epoch_40_client_6.pt
2025-09-30 20:46:15.797 | INFO     | agents.servers.serverFedMSE:train_on_clients:54 - Client 7 gets new best val_loss at epoch #40: 0.002289
2025-09-30 20:46:15.798 | INFO     | agents.servers.serverFedMSE:train_on_clients:70 - Saved model for client 7 at epoch 40 -> saved_models/FedMSE/FedMSE/wsn_ds/epoch_40_client_7.pt
2025-09-30 20:46:16.093 | INFO     | agents.servers.serverFedMSE:train_on_clients:70 - Saved model for client 8 at epoch 40 -> saved_models/FedMSE/FedMSE/wsn_ds/epoch_40_client_8.pt
2025-09-30 20:46:16.384 | INFO     | agents.servers.serverFedMSE:train_on_clients:70 - Saved model for client 9 at epoch 40 -> saved_models/FedMSE/FedMSE/wsn_ds/epoch_40_client_9.pt
2025-09-30 20:46:16.677 | INFO     | agents.servers.serverFedMSE:train_on_clients:54 - Client 10 gets new best val_loss at epoch #40: 0.002193
2025-09-30 20:46:16.679 | INFO     | agents.servers.serverFedMSE:train_on_clients:70 - Saved model for client 10 at epoch 40 -> saved_models/FedMSE/FedMSE/wsn_ds/epoch_40_client_10.pt
2025-09-30 20:46:16.972 | INFO     | agents.servers.serverFedMSE:train_on_clients:70 - Saved model for client 11 at epoch 40 -> saved_models/FedMSE/FedMSE/wsn_ds/epoch_40_client_11.pt
2025-09-30 20:46:17.282 | INFO     | agents.servers.serverFedMSE:train_on_clients:54 - Client 12 gets new best val_loss at epoch #40: 0.002262
2025-09-30 20:46:17.284 | INFO     | agents.servers.serverFedMSE:train_on_clients:70 - Saved model for client 12 at epoch 40 -> saved_models/FedMSE/FedMSE/wsn_ds/epoch_40_client_12.pt
2025-09-30 20:46:17.598 | INFO     | agents.servers.serverFedMSE:train_on_clients:70 - Saved model for client 13 at epoch 40 -> saved_models/FedMSE/FedMSE/wsn_ds/epoch_40_client_13.pt
2025-09-30 20:46:17.912 | INFO     | agents.servers.serverFedMSE:train_on_clients:54 - Client 14 gets new best val_loss at epoch #40: 0.002001
2025-09-30 20:46:17.913 | INFO     | agents.servers.serverFedMSE:train_on_clients:70 - Saved model for client 14 at epoch 40 -> saved_models/FedMSE/FedMSE/wsn_ds/epoch_40_client_14.pt
2025-09-30 20:46:18.244 | INFO     | agents.servers.serverFedMSE:train_on_clients:70 - Saved model for client 15 at epoch 40 -> saved_models/FedMSE/FedMSE/wsn_ds/epoch_40_client_15.pt
2025-09-30 20:46:18.548 | INFO     | agents.servers.serverFedMSE:train_on_clients:70 - Saved model for client 16 at epoch 40 -> saved_models/FedMSE/FedMSE/wsn_ds/epoch_40_client_16.pt
2025-09-30 20:46:18.840 | INFO     | agents.servers.serverFedMSE:train_on_clients:70 - Saved model for client 17 at epoch 40 -> saved_models/FedMSE/FedMSE/wsn_ds/epoch_40_client_17.pt
2025-09-30 20:46:19.130 | INFO     | agents.servers.serverFedMSE:train_on_clients:54 - Client 18 gets new best val_loss at epoch #40: 0.002262
2025-09-30 20:46:19.131 | INFO     | agents.servers.serverFedMSE:train_on_clients:70 - Saved model for client 18 at epoch 40 -> saved_models/FedMSE/FedMSE/wsn_ds/epoch_40_client_18.pt
2025-09-30 20:46:19.420 | INFO     | agents.servers.serverFedMSE:train_on_clients:54 - Client 19 gets new best val_loss at epoch #40: 0.002123
2025-09-30 20:46:19.422 | INFO     | agents.servers.serverFedMSE:train_on_clients:70 - Saved model for client 19 at epoch 40 -> saved_models/FedMSE/FedMSE/wsn_ds/epoch_40_client_19.pt
2025-09-30 20:46:19.423 | INFO     | agents.servers.serverFedMSE:train_on_clients:76 - 20 clients still training at epoch #40
2025-09-30 20:47:21.233 | INFO     | agents.servers.serverFedMSE:train_on_clients:32 - Training FedMSE model epoch #41
2025-09-30 20:47:22.789 | INFO     | agents.servers.serverFedMSE:train_on_clients:54 - Client 4 gets new best val_loss at epoch #41: 0.002044
2025-09-30 20:47:23.096 | INFO     | agents.servers.serverFedMSE:train_on_clients:54 - Client 5 gets new best val_loss at epoch #41: 0.002326
2025-09-30 20:47:23.399 | INFO     | agents.servers.serverFedMSE:train_on_clients:54 - Client 6 gets new best val_loss at epoch #41: 0.002202
2025-09-30 20:47:25.427 | INFO     | agents.servers.serverFedMSE:train_on_clients:54 - Client 13 gets new best val_loss at epoch #41: 0.002098
2025-09-30 20:47:26.002 | INFO     | agents.servers.serverFedMSE:train_on_clients:54 - Client 15 gets new best val_loss at epoch #41: 0.002201
2025-09-30 20:47:26.867 | INFO     | agents.servers.serverFedMSE:train_on_clients:54 - Client 18 gets new best val_loss at epoch #41: 0.002174
2025-09-30 20:47:27.159 | INFO     | agents.servers.serverFedMSE:train_on_clients:76 - 20 clients still training at epoch #41
2025-09-30 20:48:28.808 | INFO     | agents.servers.serverFedMSE:train_on_clients:32 - Training FedMSE model epoch #42
2025-09-30 20:48:29.396 | INFO     | agents.servers.serverFedMSE:train_on_clients:54 - Client 1 gets new best val_loss at epoch #42: 0.002286
2025-09-30 20:48:29.685 | INFO     | agents.servers.serverFedMSE:train_on_clients:54 - Client 2 gets new best val_loss at epoch #42: 0.002061
2025-09-30 20:48:29.980 | INFO     | agents.servers.serverFedMSE:train_on_clients:54 - Client 3 gets new best val_loss at epoch #42: 0.002012
2025-09-30 20:48:30.552 | INFO     | agents.servers.serverFedMSE:train_on_clients:54 - Client 5 gets new best val_loss at epoch #42: 0.002303
2025-09-30 20:48:32.282 | INFO     | agents.servers.serverFedMSE:train_on_clients:54 - Client 11 gets new best val_loss at epoch #42: 0.002366
2025-09-30 20:48:32.567 | INFO     | agents.servers.serverFedMSE:train_on_clients:54 - Client 12 gets new best val_loss at epoch #42: 0.002203
2025-09-30 20:48:33.145 | INFO     | agents.servers.serverFedMSE:train_on_clients:54 - Client 14 gets new best val_loss at epoch #42: 0.001982
2025-09-30 20:48:33.990 | INFO     | agents.servers.serverFedMSE:train_on_clients:54 - Client 17 gets new best val_loss at epoch #42: 0.002409
2025-09-30 20:48:34.556 | INFO     | agents.servers.serverFedMSE:train_on_clients:54 - Client 19 gets new best val_loss at epoch #42: 0.002029
2025-09-30 20:48:34.558 | INFO     | agents.servers.serverFedMSE:train_on_clients:76 - 20 clients still training at epoch #42
2025-09-30 20:49:36.291 | INFO     | agents.servers.serverFedMSE:train_on_clients:32 - Training FedMSE model epoch #43
2025-09-30 20:49:36.881 | INFO     | agents.servers.serverFedMSE:train_on_clients:54 - Client 1 gets new best val_loss at epoch #43: 0.002223
2025-09-30 20:49:37.797 | INFO     | agents.servers.serverFedMSE:train_on_clients:54 - Client 4 gets new best val_loss at epoch #43: 0.001975
2025-09-30 20:49:38.105 | INFO     | agents.servers.serverFedMSE:train_on_clients:54 - Client 5 gets new best val_loss at epoch #43: 0.002239
2025-09-30 20:49:38.399 | INFO     | agents.servers.serverFedMSE:train_on_clients:54 - Client 6 gets new best val_loss at epoch #43: 0.002079
2025-09-30 20:49:38.693 | INFO     | agents.servers.serverFedMSE:train_on_clients:54 - Client 7 gets new best val_loss at epoch #43: 0.002214
2025-09-30 20:49:38.984 | INFO     | agents.servers.serverFedMSE:train_on_clients:54 - Client 8 gets new best val_loss at epoch #43: 0.002111
2025-09-30 20:49:39.273 | INFO     | agents.servers.serverFedMSE:train_on_clients:54 - Client 9 gets new best val_loss at epoch #43: 0.002223
2025-09-30 20:49:39.566 | INFO     | agents.servers.serverFedMSE:train_on_clients:54 - Client 10 gets new best val_loss at epoch #43: 0.002141
2025-09-30 20:49:40.440 | INFO     | agents.servers.serverFedMSE:train_on_clients:54 - Client 13 gets new best val_loss at epoch #43: 0.002031
2025-09-30 20:49:41.042 | INFO     | agents.servers.serverFedMSE:train_on_clients:54 - Client 15 gets new best val_loss at epoch #43: 0.002178
2025-09-30 20:49:41.352 | INFO     | agents.servers.serverFedMSE:train_on_clients:54 - Client 16 gets new best val_loss at epoch #43: 0.001838
2025-09-30 20:49:42.277 | INFO     | agents.servers.serverFedMSE:train_on_clients:76 - 20 clients still training at epoch #43
2025-09-30 20:50:44.021 | INFO     | agents.servers.serverFedMSE:train_on_clients:32 - Training FedMSE model epoch #44
2025-09-30 20:50:44.872 | INFO     | agents.servers.serverFedMSE:train_on_clients:54 - Client 2 gets new best val_loss at epoch #44: 0.002024
2025-09-30 20:50:45.158 | INFO     | agents.servers.serverFedMSE:train_on_clients:54 - Client 3 gets new best val_loss at epoch #44: 0.002002
2025-09-30 20:50:45.448 | INFO     | agents.servers.serverFedMSE:train_on_clients:54 - Client 4 gets new best val_loss at epoch #44: 0.001933
2025-09-30 20:50:45.732 | INFO     | agents.servers.serverFedMSE:train_on_clients:54 - Client 5 gets new best val_loss at epoch #44: 0.002235
2025-09-30 20:50:46.014 | INFO     | agents.servers.serverFedMSE:train_on_clients:54 - Client 6 gets new best val_loss at epoch #44: 0.002073
2025-09-30 20:50:46.295 | INFO     | agents.servers.serverFedMSE:train_on_clients:54 - Client 7 gets new best val_loss at epoch #44: 0.002153
2025-09-30 20:50:46.579 | INFO     | agents.servers.serverFedMSE:train_on_clients:54 - Client 8 gets new best val_loss at epoch #44: 0.002060
2025-09-30 20:50:47.154 | INFO     | agents.servers.serverFedMSE:train_on_clients:54 - Client 10 gets new best val_loss at epoch #44: 0.002074
2025-09-30 20:50:47.719 | INFO     | agents.servers.serverFedMSE:train_on_clients:54 - Client 12 gets new best val_loss at epoch #44: 0.002128
2025-09-30 20:50:48.000 | INFO     | agents.servers.serverFedMSE:train_on_clients:54 - Client 13 gets new best val_loss at epoch #44: 0.001977
2025-09-30 20:50:48.281 | INFO     | agents.servers.serverFedMSE:train_on_clients:54 - Client 14 gets new best val_loss at epoch #44: 0.001867
2025-09-30 20:50:48.845 | INFO     | agents.servers.serverFedMSE:train_on_clients:54 - Client 16 gets new best val_loss at epoch #44: 0.001817
2025-09-30 20:50:49.415 | INFO     | agents.servers.serverFedMSE:train_on_clients:54 - Client 18 gets new best val_loss at epoch #44: 0.002067
2025-09-30 20:50:49.699 | INFO     | agents.servers.serverFedMSE:train_on_clients:54 - Client 19 gets new best val_loss at epoch #44: 0.001945
2025-09-30 20:50:49.700 | INFO     | agents.servers.serverFedMSE:train_on_clients:76 - 20 clients still training at epoch #44
2025-09-30 20:51:51.080 | INFO     | agents.servers.serverFedMSE:train_on_clients:32 - Training FedMSE model epoch #45
2025-09-30 20:51:51.364 | INFO     | agents.servers.serverFedMSE:train_on_clients:54 - Client 0 gets new best val_loss at epoch #45: 0.001886
2025-09-30 20:51:51.650 | INFO     | agents.servers.serverFedMSE:train_on_clients:54 - Client 1 gets new best val_loss at epoch #45: 0.002136
2025-09-30 20:51:51.932 | INFO     | agents.servers.serverFedMSE:train_on_clients:54 - Client 2 gets new best val_loss at epoch #45: 0.001925
2025-09-30 20:51:52.215 | INFO     | agents.servers.serverFedMSE:train_on_clients:54 - Client 3 gets new best val_loss at epoch #45: 0.001925
2025-09-30 20:51:52.500 | INFO     | agents.servers.serverFedMSE:train_on_clients:54 - Client 4 gets new best val_loss at epoch #45: 0.001859
2025-09-30 20:51:53.063 | INFO     | agents.servers.serverFedMSE:train_on_clients:54 - Client 6 gets new best val_loss at epoch #45: 0.001929
2025-09-30 20:51:53.347 | INFO     | agents.servers.serverFedMSE:train_on_clients:54 - Client 7 gets new best val_loss at epoch #45: 0.002079
2025-09-30 20:51:53.913 | INFO     | agents.servers.serverFedMSE:train_on_clients:54 - Client 9 gets new best val_loss at epoch #45: 0.002061
2025-09-30 20:51:54.197 | INFO     | agents.servers.serverFedMSE:train_on_clients:54 - Client 10 gets new best val_loss at epoch #45: 0.001969
2025-09-30 20:51:54.481 | INFO     | agents.servers.serverFedMSE:train_on_clients:54 - Client 11 gets new best val_loss at epoch #45: 0.002269
2025-09-30 20:51:54.764 | INFO     | agents.servers.serverFedMSE:train_on_clients:54 - Client 12 gets new best val_loss at epoch #45: 0.002097
2025-09-30 20:51:55.048 | INFO     | agents.servers.serverFedMSE:train_on_clients:54 - Client 13 gets new best val_loss at epoch #45: 0.001897
2025-09-30 20:51:55.615 | INFO     | agents.servers.serverFedMSE:train_on_clients:54 - Client 15 gets new best val_loss at epoch #45: 0.002117
2025-09-30 20:51:55.897 | INFO     | agents.servers.serverFedMSE:train_on_clients:54 - Client 16 gets new best val_loss at epoch #45: 0.001752
2025-09-30 20:51:56.183 | INFO     | agents.servers.serverFedMSE:train_on_clients:54 - Client 17 gets new best val_loss at epoch #45: 0.002302
2025-09-30 20:51:56.468 | INFO     | agents.servers.serverFedMSE:train_on_clients:54 - Client 18 gets new best val_loss at epoch #45: 0.002018
2025-09-30 20:51:56.748 | INFO     | agents.servers.serverFedMSE:train_on_clients:76 - 20 clients still training at epoch #45
2025-09-30 20:52:58.154 | INFO     | agents.servers.serverFedMSE:train_on_clients:32 - Training FedMSE model epoch #46
2025-09-30 20:52:58.747 | INFO     | agents.servers.serverFedMSE:train_on_clients:54 - Client 1 gets new best val_loss at epoch #46: 0.002036
2025-09-30 20:52:59.026 | INFO     | agents.servers.serverFedMSE:train_on_clients:54 - Client 2 gets new best val_loss at epoch #46: 0.001879
2025-09-30 20:52:59.303 | INFO     | agents.servers.serverFedMSE:train_on_clients:54 - Client 3 gets new best val_loss at epoch #46: 0.001919
2025-09-30 20:52:59.859 | INFO     | agents.servers.serverFedMSE:train_on_clients:54 - Client 5 gets new best val_loss at epoch #46: 0.002142
2025-09-30 20:53:00.143 | INFO     | agents.servers.serverFedMSE:train_on_clients:54 - Client 6 gets new best val_loss at epoch #46: 0.001881
2025-09-30 20:53:00.426 | INFO     | agents.servers.serverFedMSE:train_on_clients:54 - Client 7 gets new best val_loss at epoch #46: 0.002005
2025-09-30 20:53:00.710 | INFO     | agents.servers.serverFedMSE:train_on_clients:54 - Client 8 gets new best val_loss at epoch #46: 0.001977
2025-09-30 20:53:00.993 | INFO     | agents.servers.serverFedMSE:train_on_clients:54 - Client 9 gets new best val_loss at epoch #46: 0.002016
2025-09-30 20:53:01.277 | INFO     | agents.servers.serverFedMSE:train_on_clients:54 - Client 10 gets new best val_loss at epoch #46: 0.001934
2025-09-30 20:53:01.559 | INFO     | agents.servers.serverFedMSE:train_on_clients:54 - Client 11 gets new best val_loss at epoch #46: 0.002084
2025-09-30 20:53:01.842 | INFO     | agents.servers.serverFedMSE:train_on_clients:54 - Client 12 gets new best val_loss at epoch #46: 0.001986
2025-09-30 20:53:02.409 | INFO     | agents.servers.serverFedMSE:train_on_clients:54 - Client 14 gets new best val_loss at epoch #46: 0.001773
2025-09-30 20:53:02.693 | INFO     | agents.servers.serverFedMSE:train_on_clients:54 - Client 15 gets new best val_loss at epoch #46: 0.001961
2025-09-30 20:53:02.976 | INFO     | agents.servers.serverFedMSE:train_on_clients:54 - Client 16 gets new best val_loss at epoch #46: 0.001737
2025-09-30 20:53:03.262 | INFO     | agents.servers.serverFedMSE:train_on_clients:54 - Client 17 gets new best val_loss at epoch #46: 0.002219
2025-09-30 20:53:03.827 | INFO     | agents.servers.serverFedMSE:train_on_clients:54 - Client 19 gets new best val_loss at epoch #46: 0.001860
2025-09-30 20:53:03.828 | INFO     | agents.servers.serverFedMSE:train_on_clients:76 - 20 clients still training at epoch #46
2025-09-30 20:54:05.100 | INFO     | agents.servers.serverFedMSE:train_on_clients:32 - Training FedMSE model epoch #47
2025-09-30 20:54:05.384 | INFO     | agents.servers.serverFedMSE:train_on_clients:54 - Client 0 gets new best val_loss at epoch #47: 0.001777
2025-09-30 20:54:06.232 | INFO     | agents.servers.serverFedMSE:train_on_clients:54 - Client 3 gets new best val_loss at epoch #47: 0.001910
2025-09-30 20:54:06.797 | INFO     | agents.servers.serverFedMSE:train_on_clients:54 - Client 5 gets new best val_loss at epoch #47: 0.002006
2025-09-30 20:54:07.083 | INFO     | agents.servers.serverFedMSE:train_on_clients:54 - Client 6 gets new best val_loss at epoch #47: 0.001844
2025-09-30 20:54:07.658 | INFO     | agents.servers.serverFedMSE:train_on_clients:54 - Client 8 gets new best val_loss at epoch #47: 0.001861
2025-09-30 20:54:07.940 | INFO     | agents.servers.serverFedMSE:train_on_clients:54 - Client 9 gets new best val_loss at epoch #47: 0.001972
2025-09-30 20:54:08.507 | INFO     | agents.servers.serverFedMSE:train_on_clients:54 - Client 11 gets new best val_loss at epoch #47: 0.002061
2025-09-30 20:54:09.075 | INFO     | agents.servers.serverFedMSE:train_on_clients:54 - Client 13 gets new best val_loss at epoch #47: 0.001786
2025-09-30 20:54:09.916 | INFO     | agents.servers.serverFedMSE:train_on_clients:54 - Client 16 gets new best val_loss at epoch #47: 0.001737
2025-09-30 20:54:10.466 | INFO     | agents.servers.serverFedMSE:train_on_clients:54 - Client 18 gets new best val_loss at epoch #47: 0.001993
2025-09-30 20:54:10.743 | INFO     | agents.servers.serverFedMSE:train_on_clients:76 - 20 clients still training at epoch #47
2025-09-30 20:55:12.281 | INFO     | agents.servers.serverFedMSE:train_on_clients:32 - Training FedMSE model epoch #48
2025-09-30 20:55:12.565 | INFO     | agents.servers.serverFedMSE:train_on_clients:54 - Client 0 gets new best val_loss at epoch #48: 0.001748
2025-09-30 20:55:12.846 | INFO     | agents.servers.serverFedMSE:train_on_clients:54 - Client 1 gets new best val_loss at epoch #48: 0.001946
2025-09-30 20:55:13.129 | INFO     | agents.servers.serverFedMSE:train_on_clients:54 - Client 2 gets new best val_loss at epoch #48: 0.001713
2025-09-30 20:55:13.412 | INFO     | agents.servers.serverFedMSE:train_on_clients:54 - Client 3 gets new best val_loss at epoch #48: 0.001848
2025-09-30 20:55:13.693 | INFO     | agents.servers.serverFedMSE:train_on_clients:54 - Client 4 gets new best val_loss at epoch #48: 0.001804
2025-09-30 20:55:14.259 | INFO     | agents.servers.serverFedMSE:train_on_clients:54 - Client 6 gets new best val_loss at epoch #48: 0.001789
2025-09-30 20:55:15.100 | INFO     | agents.servers.serverFedMSE:train_on_clients:54 - Client 9 gets new best val_loss at epoch #48: 0.001928
2025-09-30 20:55:15.381 | INFO     | agents.servers.serverFedMSE:train_on_clients:54 - Client 10 gets new best val_loss at epoch #48: 0.001859
2025-09-30 20:55:15.943 | INFO     | agents.servers.serverFedMSE:train_on_clients:54 - Client 12 gets new best val_loss at epoch #48: 0.001856
2025-09-30 20:55:17.346 | INFO     | agents.servers.serverFedMSE:train_on_clients:54 - Client 17 gets new best val_loss at epoch #48: 0.002188
2025-09-30 20:55:17.905 | INFO     | agents.servers.serverFedMSE:train_on_clients:54 - Client 19 gets new best val_loss at epoch #48: 0.001825
2025-09-30 20:55:17.906 | INFO     | agents.servers.serverFedMSE:train_on_clients:76 - 20 clients still training at epoch #48
2025-09-30 20:56:19.274 | INFO     | agents.servers.serverFedMSE:train_on_clients:32 - Training FedMSE model epoch #49
2025-09-30 20:56:19.557 | INFO     | agents.servers.serverFedMSE:train_on_clients:54 - Client 0 gets new best val_loss at epoch #49: 0.001674
2025-09-30 20:56:20.687 | INFO     | agents.servers.serverFedMSE:train_on_clients:54 - Client 4 gets new best val_loss at epoch #49: 0.001725
2025-09-30 20:56:20.967 | INFO     | agents.servers.serverFedMSE:train_on_clients:54 - Client 5 gets new best val_loss at epoch #49: 0.001918
2025-09-30 20:56:21.809 | INFO     | agents.servers.serverFedMSE:train_on_clients:54 - Client 8 gets new best val_loss at epoch #49: 0.001749
2025-09-30 20:56:22.104 | INFO     | agents.servers.serverFedMSE:train_on_clients:54 - Client 9 gets new best val_loss at epoch #49: 0.001787
2025-09-30 20:56:22.387 | INFO     | agents.servers.serverFedMSE:train_on_clients:54 - Client 10 gets new best val_loss at epoch #49: 0.001813
2025-09-30 20:56:22.950 | INFO     | agents.servers.serverFedMSE:train_on_clients:54 - Client 12 gets new best val_loss at epoch #49: 0.001820
2025-09-30 20:56:23.789 | INFO     | agents.servers.serverFedMSE:train_on_clients:54 - Client 15 gets new best val_loss at epoch #49: 0.001807
2025-09-30 20:56:24.073 | INFO     | agents.servers.serverFedMSE:train_on_clients:54 - Client 16 gets new best val_loss at epoch #49: 0.001673
2025-09-30 20:56:24.355 | INFO     | agents.servers.serverFedMSE:train_on_clients:54 - Client 17 gets new best val_loss at epoch #49: 0.001951
2025-09-30 20:56:24.638 | INFO     | agents.servers.serverFedMSE:train_on_clients:54 - Client 18 gets new best val_loss at epoch #49: 0.001798
2025-09-30 20:56:24.917 | INFO     | agents.servers.serverFedMSE:train_on_clients:76 - 20 clients still training at epoch #49
2025-09-30 20:57:26.245 | INFO     | agents.servers.serverFedMSE:train_on_clients:32 - Training FedMSE model epoch #50
2025-09-30 20:57:26.534 | INFO     | agents.servers.serverFedMSE:train_on_clients:70 - Saved model for client 0 at epoch 50 -> saved_models/FedMSE/FedMSE/wsn_ds/epoch_50_client_0.pt
2025-09-30 20:57:26.817 | INFO     | agents.servers.serverFedMSE:train_on_clients:54 - Client 1 gets new best val_loss at epoch #50: 0.001923
2025-09-30 20:57:26.818 | INFO     | agents.servers.serverFedMSE:train_on_clients:70 - Saved model for client 1 at epoch 50 -> saved_models/FedMSE/FedMSE/wsn_ds/epoch_50_client_1.pt
2025-09-30 20:57:27.102 | INFO     | agents.servers.serverFedMSE:train_on_clients:54 - Client 2 gets new best val_loss at epoch #50: 0.001606
2025-09-30 20:57:27.103 | INFO     | agents.servers.serverFedMSE:train_on_clients:70 - Saved model for client 2 at epoch 50 -> saved_models/FedMSE/FedMSE/wsn_ds/epoch_50_client_2.pt
2025-09-30 20:57:27.383 | INFO     | agents.servers.serverFedMSE:train_on_clients:70 - Saved model for client 3 at epoch 50 -> saved_models/FedMSE/FedMSE/wsn_ds/epoch_50_client_3.pt
2025-09-30 20:57:27.668 | INFO     | agents.servers.serverFedMSE:train_on_clients:54 - Client 4 gets new best val_loss at epoch #50: 0.001691
2025-09-30 20:57:27.669 | INFO     | agents.servers.serverFedMSE:train_on_clients:70 - Saved model for client 4 at epoch 50 -> saved_models/FedMSE/FedMSE/wsn_ds/epoch_50_client_4.pt
2025-09-30 20:57:27.952 | INFO     | agents.servers.serverFedMSE:train_on_clients:54 - Client 5 gets new best val_loss at epoch #50: 0.001855
2025-09-30 20:57:27.953 | INFO     | agents.servers.serverFedMSE:train_on_clients:70 - Saved model for client 5 at epoch 50 -> saved_models/FedMSE/FedMSE/wsn_ds/epoch_50_client_5.pt
2025-09-30 20:57:28.237 | INFO     | agents.servers.serverFedMSE:train_on_clients:54 - Client 6 gets new best val_loss at epoch #50: 0.001682
2025-09-30 20:57:28.238 | INFO     | agents.servers.serverFedMSE:train_on_clients:70 - Saved model for client 6 at epoch 50 -> saved_models/FedMSE/FedMSE/wsn_ds/epoch_50_client_6.pt
2025-09-30 20:57:28.523 | INFO     | agents.servers.serverFedMSE:train_on_clients:54 - Client 7 gets new best val_loss at epoch #50: 0.001797
2025-09-30 20:57:28.524 | INFO     | agents.servers.serverFedMSE:train_on_clients:70 - Saved model for client 7 at epoch 50 -> saved_models/FedMSE/FedMSE/wsn_ds/epoch_50_client_7.pt
2025-09-30 20:57:28.811 | INFO     | agents.servers.serverFedMSE:train_on_clients:54 - Client 8 gets new best val_loss at epoch #50: 0.001664
2025-09-30 20:57:28.812 | INFO     | agents.servers.serverFedMSE:train_on_clients:70 - Saved model for client 8 at epoch 50 -> saved_models/FedMSE/FedMSE/wsn_ds/epoch_50_client_8.pt
2025-09-30 20:57:29.094 | INFO     | agents.servers.serverFedMSE:train_on_clients:70 - Saved model for client 9 at epoch 50 -> saved_models/FedMSE/FedMSE/wsn_ds/epoch_50_client_9.pt
2025-09-30 20:57:29.378 | INFO     | agents.servers.serverFedMSE:train_on_clients:54 - Client 10 gets new best val_loss at epoch #50: 0.001770
2025-09-30 20:57:29.379 | INFO     | agents.servers.serverFedMSE:train_on_clients:70 - Saved model for client 10 at epoch 50 -> saved_models/FedMSE/FedMSE/wsn_ds/epoch_50_client_10.pt
2025-09-30 20:57:29.662 | INFO     | agents.servers.serverFedMSE:train_on_clients:54 - Client 11 gets new best val_loss at epoch #50: 0.002004
2025-09-30 20:57:29.663 | INFO     | agents.servers.serverFedMSE:train_on_clients:70 - Saved model for client 11 at epoch 50 -> saved_models/FedMSE/FedMSE/wsn_ds/epoch_50_client_11.pt
2025-09-30 20:57:29.947 | INFO     | agents.servers.serverFedMSE:train_on_clients:54 - Client 12 gets new best val_loss at epoch #50: 0.001740
2025-09-30 20:57:29.948 | INFO     | agents.servers.serverFedMSE:train_on_clients:70 - Saved model for client 12 at epoch 50 -> saved_models/FedMSE/FedMSE/wsn_ds/epoch_50_client_12.pt
2025-09-30 20:57:30.229 | INFO     | agents.servers.serverFedMSE:train_on_clients:54 - Client 13 gets new best val_loss at epoch #50: 0.001628
2025-09-30 20:57:30.230 | INFO     | agents.servers.serverFedMSE:train_on_clients:70 - Saved model for client 13 at epoch 50 -> saved_models/FedMSE/FedMSE/wsn_ds/epoch_50_client_13.pt
2025-09-30 20:57:30.516 | INFO     | agents.servers.serverFedMSE:train_on_clients:54 - Client 14 gets new best val_loss at epoch #50: 0.001580
2025-09-30 20:57:30.517 | INFO     | agents.servers.serverFedMSE:train_on_clients:70 - Saved model for client 14 at epoch 50 -> saved_models/FedMSE/FedMSE/wsn_ds/epoch_50_client_14.pt
2025-09-30 20:57:30.799 | INFO     | agents.servers.serverFedMSE:train_on_clients:54 - Client 15 gets new best val_loss at epoch #50: 0.001793
2025-09-30 20:57:30.800 | INFO     | agents.servers.serverFedMSE:train_on_clients:70 - Saved model for client 15 at epoch 50 -> saved_models/FedMSE/FedMSE/wsn_ds/epoch_50_client_15.pt
2025-09-30 20:57:31.085 | INFO     | agents.servers.serverFedMSE:train_on_clients:70 - Saved model for client 16 at epoch 50 -> saved_models/FedMSE/FedMSE/wsn_ds/epoch_50_client_16.pt
2025-09-30 20:57:31.370 | INFO     | agents.servers.serverFedMSE:train_on_clients:70 - Saved model for client 17 at epoch 50 -> saved_models/FedMSE/FedMSE/wsn_ds/epoch_50_client_17.pt
2025-09-30 20:57:31.657 | INFO     | agents.servers.serverFedMSE:train_on_clients:70 - Saved model for client 18 at epoch 50 -> saved_models/FedMSE/FedMSE/wsn_ds/epoch_50_client_18.pt
2025-09-30 20:57:31.942 | INFO     | agents.servers.serverFedMSE:train_on_clients:54 - Client 19 gets new best val_loss at epoch #50: 0.001768
2025-09-30 20:57:31.943 | INFO     | agents.servers.serverFedMSE:train_on_clients:70 - Saved model for client 19 at epoch 50 -> saved_models/FedMSE/FedMSE/wsn_ds/epoch_50_client_19.pt
2025-09-30 20:57:31.944 | INFO     | agents.servers.serverFedMSE:train_on_clients:76 - 20 clients still training at epoch #50
2025-09-30 20:58:33.356 | INFO     | agents.servers.serverFedMSE:train_on_clients:32 - Training FedMSE model epoch #51
2025-09-30 20:58:33.641 | INFO     | agents.servers.serverFedMSE:train_on_clients:54 - Client 0 gets new best val_loss at epoch #51: 0.001564
2025-09-30 20:58:33.926 | INFO     | agents.servers.serverFedMSE:train_on_clients:54 - Client 1 gets new best val_loss at epoch #51: 0.001768
2025-09-30 20:58:34.772 | INFO     | agents.servers.serverFedMSE:train_on_clients:54 - Client 4 gets new best val_loss at epoch #51: 0.001471
2025-09-30 20:58:35.055 | INFO     | agents.servers.serverFedMSE:train_on_clients:54 - Client 5 gets new best val_loss at epoch #51: 0.001822
2025-09-30 20:58:35.337 | INFO     | agents.servers.serverFedMSE:train_on_clients:54 - Client 6 gets new best val_loss at epoch #51: 0.001583
2025-09-30 20:58:35.620 | INFO     | agents.servers.serverFedMSE:train_on_clients:54 - Client 7 gets new best val_loss at epoch #51: 0.001696
2025-09-30 20:58:35.902 | INFO     | agents.servers.serverFedMSE:train_on_clients:54 - Client 8 gets new best val_loss at epoch #51: 0.001592
2025-09-30 20:58:36.467 | INFO     | agents.servers.serverFedMSE:train_on_clients:54 - Client 10 gets new best val_loss at epoch #51: 0.001747
2025-09-30 20:58:37.034 | INFO     | agents.servers.serverFedMSE:train_on_clients:54 - Client 12 gets new best val_loss at epoch #51: 0.001733
2025-09-30 20:58:37.597 | INFO     | agents.servers.serverFedMSE:train_on_clients:54 - Client 14 gets new best val_loss at epoch #51: 0.001488
2025-09-30 20:58:38.447 | INFO     | agents.servers.serverFedMSE:train_on_clients:54 - Client 17 gets new best val_loss at epoch #51: 0.001949
2025-09-30 20:58:38.730 | INFO     | agents.servers.serverFedMSE:train_on_clients:54 - Client 18 gets new best val_loss at epoch #51: 0.001682
2025-09-30 20:58:39.011 | INFO     | agents.servers.serverFedMSE:train_on_clients:54 - Client 19 gets new best val_loss at epoch #51: 0.001653
2025-09-30 20:58:39.012 | INFO     | agents.servers.serverFedMSE:train_on_clients:76 - 20 clients still training at epoch #51
2025-09-30 20:59:39.899 | INFO     | agents.servers.serverFedMSE:train_on_clients:32 - Training FedMSE model epoch #52
2025-09-30 20:59:40.176 | INFO     | agents.servers.serverFedMSE:train_on_clients:54 - Client 0 gets new best val_loss at epoch #52: 0.001526
2025-09-30 20:59:40.452 | INFO     | agents.servers.serverFedMSE:train_on_clients:54 - Client 1 gets new best val_loss at epoch #52: 0.001689
2025-09-30 20:59:40.729 | INFO     | agents.servers.serverFedMSE:train_on_clients:54 - Client 2 gets new best val_loss at epoch #52: 0.001493
2025-09-30 20:59:41.010 | INFO     | agents.servers.serverFedMSE:train_on_clients:54 - Client 3 gets new best val_loss at epoch #52: 0.001732
2025-09-30 20:59:41.286 | INFO     | agents.servers.serverFedMSE:train_on_clients:54 - Client 4 gets new best val_loss at epoch #52: 0.001355
2025-09-30 20:59:41.564 | INFO     | agents.servers.serverFedMSE:train_on_clients:54 - Client 5 gets new best val_loss at epoch #52: 0.001726
2025-09-30 20:59:42.120 | INFO     | agents.servers.serverFedMSE:train_on_clients:54 - Client 7 gets new best val_loss at epoch #52: 0.001648
2025-09-30 20:59:42.399 | INFO     | agents.servers.serverFedMSE:train_on_clients:54 - Client 8 gets new best val_loss at epoch #52: 0.001508
2025-09-30 20:59:42.675 | INFO     | agents.servers.serverFedMSE:train_on_clients:54 - Client 9 gets new best val_loss at epoch #52: 0.001698
2025-09-30 20:59:43.227 | INFO     | agents.servers.serverFedMSE:train_on_clients:54 - Client 11 gets new best val_loss at epoch #52: 0.001698
2025-09-30 20:59:43.503 | INFO     | agents.servers.serverFedMSE:train_on_clients:54 - Client 12 gets new best val_loss at epoch #52: 0.001553
2025-09-30 20:59:43.777 | INFO     | agents.servers.serverFedMSE:train_on_clients:54 - Client 13 gets new best val_loss at epoch #52: 0.001506
2025-09-30 20:59:44.053 | INFO     | agents.servers.serverFedMSE:train_on_clients:54 - Client 14 gets new best val_loss at epoch #52: 0.001382
2025-09-30 20:59:44.604 | INFO     | agents.servers.serverFedMSE:train_on_clients:54 - Client 16 gets new best val_loss at epoch #52: 0.001453
2025-09-30 20:59:44.885 | INFO     | agents.servers.serverFedMSE:train_on_clients:54 - Client 17 gets new best val_loss at epoch #52: 0.001718
2025-09-30 20:59:45.162 | INFO     | agents.servers.serverFedMSE:train_on_clients:54 - Client 18 gets new best val_loss at epoch #52: 0.001570
2025-09-30 20:59:45.438 | INFO     | agents.servers.serverFedMSE:train_on_clients:54 - Client 19 gets new best val_loss at epoch #52: 0.001556
2025-09-30 20:59:45.439 | INFO     | agents.servers.serverFedMSE:train_on_clients:76 - 20 clients still training at epoch #52
2025-09-30 21:00:45.818 | INFO     | agents.servers.serverFedMSE:train_on_clients:32 - Training FedMSE model epoch #53
2025-09-30 21:00:46.645 | INFO     | agents.servers.serverFedMSE:train_on_clients:54 - Client 2 gets new best val_loss at epoch #53: 0.001355
2025-09-30 21:00:46.917 | INFO     | agents.servers.serverFedMSE:train_on_clients:54 - Client 3 gets new best val_loss at epoch #53: 0.001570
2025-09-30 21:00:47.463 | INFO     | agents.servers.serverFedMSE:train_on_clients:54 - Client 5 gets new best val_loss at epoch #53: 0.001697
2025-09-30 21:00:47.741 | INFO     | agents.servers.serverFedMSE:train_on_clients:54 - Client 6 gets new best val_loss at epoch #53: 0.001513
2025-09-30 21:00:48.017 | INFO     | agents.servers.serverFedMSE:train_on_clients:54 - Client 7 gets new best val_loss at epoch #53: 0.001552
2025-09-30 21:00:48.572 | INFO     | agents.servers.serverFedMSE:train_on_clients:54 - Client 9 gets new best val_loss at epoch #53: 0.001543
2025-09-30 21:00:48.849 | INFO     | agents.servers.serverFedMSE:train_on_clients:54 - Client 10 gets new best val_loss at epoch #53: 0.001712
2025-09-30 21:00:49.405 | INFO     | agents.servers.serverFedMSE:train_on_clients:54 - Client 12 gets new best val_loss at epoch #53: 0.001539
2025-09-30 21:00:49.683 | INFO     | agents.servers.serverFedMSE:train_on_clients:54 - Client 13 gets new best val_loss at epoch #53: 0.001504
2025-09-30 21:00:49.960 | INFO     | agents.servers.serverFedMSE:train_on_clients:54 - Client 14 gets new best val_loss at epoch #53: 0.001295
2025-09-30 21:00:50.236 | INFO     | agents.servers.serverFedMSE:train_on_clients:54 - Client 15 gets new best val_loss at epoch #53: 0.001707
2025-09-30 21:00:50.790 | INFO     | agents.servers.serverFedMSE:train_on_clients:54 - Client 17 gets new best val_loss at epoch #53: 0.001650
2025-09-30 21:00:51.342 | INFO     | agents.servers.serverFedMSE:train_on_clients:54 - Client 19 gets new best val_loss at epoch #53: 0.001417
2025-09-30 21:00:51.344 | INFO     | agents.servers.serverFedMSE:train_on_clients:76 - 20 clients still training at epoch #53
2025-09-30 21:01:51.670 | INFO     | agents.servers.serverFedMSE:train_on_clients:32 - Training FedMSE model epoch #54
2025-09-30 21:01:52.224 | INFO     | agents.servers.serverFedMSE:train_on_clients:54 - Client 1 gets new best val_loss at epoch #54: 0.001484
2025-09-30 21:01:52.775 | INFO     | agents.servers.serverFedMSE:train_on_clients:54 - Client 3 gets new best val_loss at epoch #54: 0.001526
2025-09-30 21:01:53.048 | INFO     | agents.servers.serverFedMSE:train_on_clients:54 - Client 4 gets new best val_loss at epoch #54: 0.001265
2025-09-30 21:01:53.596 | INFO     | agents.servers.serverFedMSE:train_on_clients:54 - Client 6 gets new best val_loss at epoch #54: 0.001508
2025-09-30 21:01:53.869 | INFO     | agents.servers.serverFedMSE:train_on_clients:54 - Client 7 gets new best val_loss at epoch #54: 0.001508
2025-09-30 21:01:54.142 | INFO     | agents.servers.serverFedMSE:train_on_clients:54 - Client 8 gets new best val_loss at epoch #54: 0.001474
2025-09-30 21:01:54.687 | INFO     | agents.servers.serverFedMSE:train_on_clients:54 - Client 10 gets new best val_loss at epoch #54: 0.001496
2025-09-30 21:01:54.961 | INFO     | agents.servers.serverFedMSE:train_on_clients:54 - Client 11 gets new best val_loss at epoch #54: 0.001578
2025-09-30 21:01:55.234 | INFO     | agents.servers.serverFedMSE:train_on_clients:54 - Client 12 gets new best val_loss at epoch #54: 0.001496
2025-09-30 21:01:55.508 | INFO     | agents.servers.serverFedMSE:train_on_clients:54 - Client 13 gets new best val_loss at epoch #54: 0.001396
2025-09-30 21:01:56.326 | INFO     | agents.servers.serverFedMSE:train_on_clients:54 - Client 16 gets new best val_loss at epoch #54: 0.001374
2025-09-30 21:01:56.600 | INFO     | agents.servers.serverFedMSE:train_on_clients:54 - Client 17 gets new best val_loss at epoch #54: 0.001614
2025-09-30 21:01:56.875 | INFO     | agents.servers.serverFedMSE:train_on_clients:54 - Client 18 gets new best val_loss at epoch #54: 0.001502
2025-09-30 21:01:57.148 | INFO     | agents.servers.serverFedMSE:train_on_clients:54 - Client 19 gets new best val_loss at epoch #54: 0.001367
2025-09-30 21:01:57.149 | INFO     | agents.servers.serverFedMSE:train_on_clients:76 - 20 clients still training at epoch #54
2025-09-30 21:02:57.514 | INFO     | agents.servers.serverFedMSE:train_on_clients:32 - Training FedMSE model epoch #55
2025-09-30 21:02:57.791 | INFO     | agents.servers.serverFedMSE:train_on_clients:54 - Client 0 gets new best val_loss at epoch #55: 0.001447
2025-09-30 21:02:58.344 | INFO     | agents.servers.serverFedMSE:train_on_clients:54 - Client 2 gets new best val_loss at epoch #55: 0.001319
2025-09-30 21:02:58.621 | INFO     | agents.servers.serverFedMSE:train_on_clients:54 - Client 3 gets new best val_loss at epoch #55: 0.001445
2025-09-30 21:02:58.900 | INFO     | agents.servers.serverFedMSE:train_on_clients:54 - Client 4 gets new best val_loss at epoch #55: 0.001261
2025-09-30 21:02:59.451 | INFO     | agents.servers.serverFedMSE:train_on_clients:54 - Client 6 gets new best val_loss at epoch #55: 0.001497
2025-09-30 21:03:00.005 | INFO     | agents.servers.serverFedMSE:train_on_clients:54 - Client 8 gets new best val_loss at epoch #55: 0.001443
2025-09-30 21:03:00.833 | INFO     | agents.servers.serverFedMSE:train_on_clients:54 - Client 11 gets new best val_loss at epoch #55: 0.001551
2025-09-30 21:03:01.661 | INFO     | agents.servers.serverFedMSE:train_on_clients:54 - Client 14 gets new best val_loss at epoch #55: 0.001207
2025-09-30 21:03:01.937 | INFO     | agents.servers.serverFedMSE:train_on_clients:54 - Client 15 gets new best val_loss at epoch #55: 0.001621
2025-09-30 21:03:02.487 | INFO     | agents.servers.serverFedMSE:train_on_clients:54 - Client 17 gets new best val_loss at epoch #55: 0.001599
2025-09-30 21:03:02.762 | INFO     | agents.servers.serverFedMSE:train_on_clients:54 - Client 18 gets new best val_loss at epoch #55: 0.001431
2025-09-30 21:03:03.038 | INFO     | agents.servers.serverFedMSE:train_on_clients:76 - 20 clients still training at epoch #55
2025-09-30 21:04:03.426 | INFO     | agents.servers.serverFedMSE:train_on_clients:32 - Training FedMSE model epoch #56
2025-09-30 21:04:03.707 | INFO     | agents.servers.serverFedMSE:train_on_clients:54 - Client 0 gets new best val_loss at epoch #56: 0.001330
2025-09-30 21:04:04.534 | INFO     | agents.servers.serverFedMSE:train_on_clients:54 - Client 3 gets new best val_loss at epoch #56: 0.001409
2025-09-30 21:04:05.088 | INFO     | agents.servers.serverFedMSE:train_on_clients:54 - Client 5 gets new best val_loss at epoch #56: 0.001579
2025-09-30 21:04:05.364 | INFO     | agents.servers.serverFedMSE:train_on_clients:54 - Client 6 gets new best val_loss at epoch #56: 0.001390
2025-09-30 21:04:05.915 | INFO     | agents.servers.serverFedMSE:train_on_clients:54 - Client 8 gets new best val_loss at epoch #56: 0.001407
2025-09-30 21:04:06.468 | INFO     | agents.servers.serverFedMSE:train_on_clients:54 - Client 10 gets new best val_loss at epoch #56: 0.001447
2025-09-30 21:04:07.023 | INFO     | agents.servers.serverFedMSE:train_on_clients:54 - Client 12 gets new best val_loss at epoch #56: 0.001395
2025-09-30 21:04:07.299 | INFO     | agents.servers.serverFedMSE:train_on_clients:54 - Client 13 gets new best val_loss at epoch #56: 0.001368
2025-09-30 21:04:08.127 | INFO     | agents.servers.serverFedMSE:train_on_clients:54 - Client 16 gets new best val_loss at epoch #56: 0.001286
2025-09-30 21:04:08.957 | INFO     | agents.servers.serverFedMSE:train_on_clients:76 - 20 clients still training at epoch #56
2025-09-30 21:05:09.156 | INFO     | agents.servers.serverFedMSE:train_on_clients:32 - Training FedMSE model epoch #57
2025-09-30 21:05:09.711 | INFO     | agents.servers.serverFedMSE:train_on_clients:54 - Client 1 gets new best val_loss at epoch #57: 0.001463
2025-09-30 21:05:10.544 | INFO     | agents.servers.serverFedMSE:train_on_clients:54 - Client 4 gets new best val_loss at epoch #57: 0.001246
2025-09-30 21:05:11.371 | INFO     | agents.servers.serverFedMSE:train_on_clients:54 - Client 7 gets new best val_loss at epoch #57: 0.001484
2025-09-30 21:05:11.649 | INFO     | agents.servers.serverFedMSE:train_on_clients:54 - Client 8 gets new best val_loss at epoch #57: 0.001366
2025-09-30 21:05:13.023 | INFO     | agents.servers.serverFedMSE:train_on_clients:54 - Client 13 gets new best val_loss at epoch #57: 0.001353
2025-09-30 21:05:13.300 | INFO     | agents.servers.serverFedMSE:train_on_clients:54 - Client 14 gets new best val_loss at epoch #57: 0.001202
2025-09-30 21:05:14.402 | INFO     | agents.servers.serverFedMSE:train_on_clients:54 - Client 18 gets new best val_loss at epoch #57: 0.001402
2025-09-30 21:05:14.678 | INFO     | agents.servers.serverFedMSE:train_on_clients:76 - 20 clients still training at epoch #57
2025-09-30 21:06:15.110 | INFO     | agents.servers.serverFedMSE:train_on_clients:32 - Training FedMSE model epoch #58
2025-09-30 21:06:15.942 | INFO     | agents.servers.serverFedMSE:train_on_clients:54 - Client 2 gets new best val_loss at epoch #58: 0.001301
2025-09-30 21:06:16.221 | INFO     | agents.servers.serverFedMSE:train_on_clients:54 - Client 3 gets new best val_loss at epoch #58: 0.001372
2025-09-30 21:06:16.496 | INFO     | agents.servers.serverFedMSE:train_on_clients:54 - Client 4 gets new best val_loss at epoch #58: 0.001239
2025-09-30 21:06:17.326 | INFO     | agents.servers.serverFedMSE:train_on_clients:54 - Client 7 gets new best val_loss at epoch #58: 0.001439
2025-09-30 21:06:17.879 | INFO     | agents.servers.serverFedMSE:train_on_clients:54 - Client 9 gets new best val_loss at epoch #58: 0.001454
2025-09-30 21:06:18.157 | INFO     | agents.servers.serverFedMSE:train_on_clients:54 - Client 10 gets new best val_loss at epoch #58: 0.001362
2025-09-30 21:06:18.433 | INFO     | agents.servers.serverFedMSE:train_on_clients:54 - Client 11 gets new best val_loss at epoch #58: 0.001486
2025-09-30 21:06:18.713 | INFO     | agents.servers.serverFedMSE:train_on_clients:54 - Client 12 gets new best val_loss at epoch #58: 0.001380
2025-09-30 21:06:19.543 | INFO     | agents.servers.serverFedMSE:train_on_clients:54 - Client 15 gets new best val_loss at epoch #58: 0.001588
2025-09-30 21:06:20.648 | INFO     | agents.servers.serverFedMSE:train_on_clients:54 - Client 19 gets new best val_loss at epoch #58: 0.001292
2025-09-30 21:06:20.649 | INFO     | agents.servers.serverFedMSE:train_on_clients:76 - 20 clients still training at epoch #58
2025-09-30 21:07:20.962 | INFO     | agents.servers.serverFedMSE:train_on_clients:32 - Training FedMSE model epoch #59
2025-09-30 21:07:21.517 | INFO     | agents.servers.serverFedMSE:train_on_clients:54 - Client 1 gets new best val_loss at epoch #59: 0.001458
2025-09-30 21:07:21.796 | INFO     | agents.servers.serverFedMSE:train_on_clients:54 - Client 2 gets new best val_loss at epoch #59: 0.001241
2025-09-30 21:07:22.349 | INFO     | agents.servers.serverFedMSE:train_on_clients:54 - Client 4 gets new best val_loss at epoch #59: 0.001202
2025-09-30 21:07:22.625 | INFO     | agents.servers.serverFedMSE:train_on_clients:54 - Client 5 gets new best val_loss at epoch #59: 0.001573
2025-09-30 21:07:24.552 | INFO     | agents.servers.serverFedMSE:train_on_clients:54 - Client 12 gets new best val_loss at epoch #59: 0.001356
2025-09-30 21:07:25.103 | INFO     | agents.servers.serverFedMSE:train_on_clients:54 - Client 14 gets new best val_loss at epoch #59: 0.001178
2025-09-30 21:07:25.933 | INFO     | agents.servers.serverFedMSE:train_on_clients:54 - Client 17 gets new best val_loss at epoch #59: 0.001502
2025-09-30 21:07:26.483 | INFO     | agents.servers.serverFedMSE:train_on_clients:76 - 20 clients still training at epoch #59
2025-09-30 21:08:26.925 | INFO     | agents.servers.serverFedMSE:train_on_clients:32 - Training FedMSE model epoch #60
2025-09-30 21:08:27.203 | INFO     | agents.servers.serverFedMSE:train_on_clients:54 - Client 0 gets new best val_loss at epoch #60: 0.001277
2025-09-30 21:08:27.205 | INFO     | agents.servers.serverFedMSE:train_on_clients:70 - Saved model for client 0 at epoch 60 -> saved_models/FedMSE/FedMSE/wsn_ds/epoch_60_client_0.pt
2025-09-30 21:08:27.483 | INFO     | agents.servers.serverFedMSE:train_on_clients:70 - Saved model for client 1 at epoch 60 -> saved_models/FedMSE/FedMSE/wsn_ds/epoch_60_client_1.pt
2025-09-30 21:08:27.761 | INFO     | agents.servers.serverFedMSE:train_on_clients:70 - Saved model for client 2 at epoch 60 -> saved_models/FedMSE/FedMSE/wsn_ds/epoch_60_client_2.pt
2025-09-30 21:08:28.038 | INFO     | agents.servers.serverFedMSE:train_on_clients:70 - Saved model for client 3 at epoch 60 -> saved_models/FedMSE/FedMSE/wsn_ds/epoch_60_client_3.pt
2025-09-30 21:08:28.313 | INFO     | agents.servers.serverFedMSE:train_on_clients:70 - Saved model for client 4 at epoch 60 -> saved_models/FedMSE/FedMSE/wsn_ds/epoch_60_client_4.pt
2025-09-30 21:08:28.590 | INFO     | agents.servers.serverFedMSE:train_on_clients:54 - Client 5 gets new best val_loss at epoch #60: 0.001465
2025-09-30 21:08:28.591 | INFO     | agents.servers.serverFedMSE:train_on_clients:70 - Saved model for client 5 at epoch 60 -> saved_models/FedMSE/FedMSE/wsn_ds/epoch_60_client_5.pt
2025-09-30 21:08:28.868 | INFO     | agents.servers.serverFedMSE:train_on_clients:70 - Saved model for client 6 at epoch 60 -> saved_models/FedMSE/FedMSE/wsn_ds/epoch_60_client_6.pt
2025-09-30 21:08:29.144 | INFO     | agents.servers.serverFedMSE:train_on_clients:54 - Client 7 gets new best val_loss at epoch #60: 0.001427
2025-09-30 21:08:29.146 | INFO     | agents.servers.serverFedMSE:train_on_clients:70 - Saved model for client 7 at epoch 60 -> saved_models/FedMSE/FedMSE/wsn_ds/epoch_60_client_7.pt
2025-09-30 21:08:29.423 | INFO     | agents.servers.serverFedMSE:train_on_clients:70 - Saved model for client 8 at epoch 60 -> saved_models/FedMSE/FedMSE/wsn_ds/epoch_60_client_8.pt
2025-09-30 21:08:29.698 | INFO     | agents.servers.serverFedMSE:train_on_clients:70 - Saved model for client 9 at epoch 60 -> saved_models/FedMSE/FedMSE/wsn_ds/epoch_60_client_9.pt
2025-09-30 21:08:29.974 | INFO     | agents.servers.serverFedMSE:train_on_clients:54 - Client 10 gets new best val_loss at epoch #60: 0.001336
2025-09-30 21:08:29.976 | INFO     | agents.servers.serverFedMSE:train_on_clients:70 - Saved model for client 10 at epoch 60 -> saved_models/FedMSE/FedMSE/wsn_ds/epoch_60_client_10.pt
2025-09-30 21:08:30.251 | INFO     | agents.servers.serverFedMSE:train_on_clients:70 - Saved model for client 11 at epoch 60 -> saved_models/FedMSE/FedMSE/wsn_ds/epoch_60_client_11.pt
2025-09-30 21:08:30.527 | INFO     | agents.servers.serverFedMSE:train_on_clients:70 - Saved model for client 12 at epoch 60 -> saved_models/FedMSE/FedMSE/wsn_ds/epoch_60_client_12.pt
2025-09-30 21:08:30.803 | INFO     | agents.servers.serverFedMSE:train_on_clients:70 - Saved model for client 13 at epoch 60 -> saved_models/FedMSE/FedMSE/wsn_ds/epoch_60_client_13.pt
2025-09-30 21:08:31.078 | INFO     | agents.servers.serverFedMSE:train_on_clients:70 - Saved model for client 14 at epoch 60 -> saved_models/FedMSE/FedMSE/wsn_ds/epoch_60_client_14.pt
2025-09-30 21:08:31.356 | INFO     | agents.servers.serverFedMSE:train_on_clients:70 - Saved model for client 15 at epoch 60 -> saved_models/FedMSE/FedMSE/wsn_ds/epoch_60_client_15.pt
2025-09-30 21:08:31.631 | INFO     | agents.servers.serverFedMSE:train_on_clients:70 - Saved model for client 16 at epoch 60 -> saved_models/FedMSE/FedMSE/wsn_ds/epoch_60_client_16.pt
2025-09-30 21:08:31.907 | INFO     | agents.servers.serverFedMSE:train_on_clients:70 - Saved model for client 17 at epoch 60 -> saved_models/FedMSE/FedMSE/wsn_ds/epoch_60_client_17.pt
2025-09-30 21:08:32.184 | INFO     | agents.servers.serverFedMSE:train_on_clients:54 - Client 18 gets new best val_loss at epoch #60: 0.001402
2025-09-30 21:08:32.185 | INFO     | agents.servers.serverFedMSE:train_on_clients:70 - Saved model for client 18 at epoch 60 -> saved_models/FedMSE/FedMSE/wsn_ds/epoch_60_client_18.pt
2025-09-30 21:08:32.461 | INFO     | agents.servers.serverFedMSE:train_on_clients:54 - Client 19 gets new best val_loss at epoch #60: 0.001269
2025-09-30 21:08:32.462 | INFO     | agents.servers.serverFedMSE:train_on_clients:70 - Saved model for client 19 at epoch 60 -> saved_models/FedMSE/FedMSE/wsn_ds/epoch_60_client_19.pt
2025-09-30 21:08:32.463 | INFO     | agents.servers.serverFedMSE:train_on_clients:76 - 20 clients still training at epoch #60
2025-09-30 21:09:32.928 | INFO     | agents.servers.serverFedMSE:train_on_clients:32 - Training FedMSE model epoch #61
2025-09-30 21:09:33.205 | INFO     | agents.servers.serverFedMSE:train_on_clients:54 - Client 0 gets new best val_loss at epoch #61: 0.001269
2025-09-30 21:09:33.486 | INFO     | agents.servers.serverFedMSE:train_on_clients:54 - Client 1 gets new best val_loss at epoch #61: 0.001402
2025-09-30 21:09:33.762 | INFO     | agents.servers.serverFedMSE:train_on_clients:54 - Client 2 gets new best val_loss at epoch #61: 0.001220
2025-09-30 21:09:34.036 | INFO     | agents.servers.serverFedMSE:train_on_clients:54 - Client 3 gets new best val_loss at epoch #61: 0.001356
2025-09-30 21:09:34.865 | INFO     | agents.servers.serverFedMSE:train_on_clients:54 - Client 6 gets new best val_loss at epoch #61: 0.001345
2025-09-30 21:09:35.692 | INFO     | agents.servers.serverFedMSE:train_on_clients:54 - Client 9 gets new best val_loss at epoch #61: 0.001383
2025-09-30 21:09:37.615 | INFO     | agents.servers.serverFedMSE:train_on_clients:54 - Client 16 gets new best val_loss at epoch #61: 0.001279
2025-09-30 21:09:38.440 | INFO     | agents.servers.serverFedMSE:train_on_clients:76 - 20 clients still training at epoch #61
2025-09-30 21:10:38.724 | INFO     | agents.servers.serverFedMSE:train_on_clients:32 - Training FedMSE model epoch #62
2025-09-30 21:10:42.612 | INFO     | agents.servers.serverFedMSE:train_on_clients:54 - Client 13 gets new best val_loss at epoch #62: 0.001353
2025-09-30 21:10:43.440 | INFO     | agents.servers.serverFedMSE:train_on_clients:54 - Client 16 gets new best val_loss at epoch #62: 0.001249
2025-09-30 21:10:44.261 | INFO     | agents.servers.serverFedMSE:train_on_clients:76 - 20 clients still training at epoch #62
2025-09-30 21:11:44.610 | INFO     | agents.servers.serverFedMSE:train_on_clients:32 - Training FedMSE model epoch #63
2025-09-30 21:11:45.718 | INFO     | agents.servers.serverFedMSE:train_on_clients:54 - Client 3 gets new best val_loss at epoch #63: 0.001341
2025-09-30 21:11:45.993 | INFO     | agents.servers.serverFedMSE:train_on_clients:54 - Client 4 gets new best val_loss at epoch #63: 0.001159
2025-09-30 21:11:47.093 | INFO     | agents.servers.serverFedMSE:train_on_clients:54 - Client 8 gets new best val_loss at epoch #63: 0.001283
2025-09-30 21:11:47.922 | INFO     | agents.servers.serverFedMSE:train_on_clients:54 - Client 11 gets new best val_loss at epoch #63: 0.001483
2025-09-30 21:11:48.201 | INFO     | agents.servers.serverFedMSE:train_on_clients:54 - Client 12 gets new best val_loss at epoch #63: 0.001326
2025-09-30 21:11:48.758 | INFO     | agents.servers.serverFedMSE:train_on_clients:54 - Client 14 gets new best val_loss at epoch #63: 0.001159
2025-09-30 21:11:49.037 | INFO     | agents.servers.serverFedMSE:train_on_clients:54 - Client 15 gets new best val_loss at epoch #63: 0.001536
2025-09-30 21:11:49.588 | INFO     | agents.servers.serverFedMSE:train_on_clients:54 - Client 17 gets new best val_loss at epoch #63: 0.001447
2025-09-30 21:11:50.140 | INFO     | agents.servers.serverFedMSE:train_on_clients:76 - 20 clients still training at epoch #63
2025-09-30 21:12:50.555 | INFO     | agents.servers.serverFedMSE:train_on_clients:32 - Training FedMSE model epoch #64
2025-09-30 21:12:51.108 | INFO     | agents.servers.serverFedMSE:train_on_clients:54 - Client 1 gets new best val_loss at epoch #64: 0.001366
2025-09-30 21:12:51.938 | INFO     | agents.servers.serverFedMSE:train_on_clients:54 - Client 4 gets new best val_loss at epoch #64: 0.001155
2025-09-30 21:12:52.491 | INFO     | agents.servers.serverFedMSE:train_on_clients:54 - Client 6 gets new best val_loss at epoch #64: 0.001334
2025-09-30 21:12:52.767 | INFO     | agents.servers.serverFedMSE:train_on_clients:54 - Client 7 gets new best val_loss at epoch #64: 0.001395
2025-09-30 21:12:53.597 | INFO     | agents.servers.serverFedMSE:train_on_clients:54 - Client 10 gets new best val_loss at epoch #64: 0.001314
2025-09-30 21:12:54.423 | INFO     | agents.servers.serverFedMSE:train_on_clients:54 - Client 13 gets new best val_loss at epoch #64: 0.001236
2025-09-30 21:12:55.245 | INFO     | agents.servers.serverFedMSE:train_on_clients:54 - Client 16 gets new best val_loss at epoch #64: 0.001243
2025-09-30 21:12:55.796 | INFO     | agents.servers.serverFedMSE:train_on_clients:54 - Client 18 gets new best val_loss at epoch #64: 0.001348
2025-09-30 21:12:56.072 | INFO     | agents.servers.serverFedMSE:train_on_clients:76 - 20 clients still training at epoch #64
2025-09-30 21:13:56.466 | INFO     | agents.servers.serverFedMSE:train_on_clients:32 - Training FedMSE model epoch #65
2025-09-30 21:13:56.748 | INFO     | agents.servers.serverFedMSE:train_on_clients:54 - Client 0 gets new best val_loss at epoch #65: 0.001251
2025-09-30 21:13:57.857 | INFO     | agents.servers.serverFedMSE:train_on_clients:54 - Client 4 gets new best val_loss at epoch #65: 0.001144
2025-09-30 21:13:58.412 | INFO     | agents.servers.serverFedMSE:train_on_clients:54 - Client 6 gets new best val_loss at epoch #65: 0.001328
2025-09-30 21:13:59.243 | INFO     | agents.servers.serverFedMSE:train_on_clients:54 - Client 9 gets new best val_loss at epoch #65: 0.001368
2025-09-30 21:13:59.796 | INFO     | agents.servers.serverFedMSE:train_on_clients:54 - Client 11 gets new best val_loss at epoch #65: 0.001457
2025-09-30 21:14:01.997 | INFO     | agents.servers.serverFedMSE:train_on_clients:54 - Client 19 gets new best val_loss at epoch #65: 0.001261
2025-09-30 21:14:01.999 | INFO     | agents.servers.serverFedMSE:train_on_clients:76 - 20 clients still training at epoch #65
2025-09-30 21:15:02.349 | INFO     | agents.servers.serverFedMSE:train_on_clients:32 - Training FedMSE model epoch #66
2025-09-30 21:15:03.470 | INFO     | agents.servers.serverFedMSE:train_on_clients:54 - Client 3 gets new best val_loss at epoch #66: 0.001267
2025-09-30 21:15:03.748 | INFO     | agents.servers.serverFedMSE:train_on_clients:54 - Client 4 gets new best val_loss at epoch #66: 0.001130
2025-09-30 21:15:05.402 | INFO     | agents.servers.serverFedMSE:train_on_clients:54 - Client 10 gets new best val_loss at epoch #66: 0.001313
2025-09-30 21:15:05.678 | INFO     | agents.servers.serverFedMSE:train_on_clients:54 - Client 11 gets new best val_loss at epoch #66: 0.001412
2025-09-30 21:15:06.506 | INFO     | agents.servers.serverFedMSE:train_on_clients:54 - Client 14 gets new best val_loss at epoch #66: 0.001137
2025-09-30 21:15:07.606 | INFO     | agents.servers.serverFedMSE:train_on_clients:54 - Client 18 gets new best val_loss at epoch #66: 0.001340
2025-09-30 21:15:07.882 | INFO     | agents.servers.serverFedMSE:train_on_clients:76 - 20 clients still training at epoch #66
2025-09-30 21:16:08.410 | INFO     | agents.servers.serverFedMSE:train_on_clients:32 - Training FedMSE model epoch #67
2025-09-30 21:16:08.685 | INFO     | agents.servers.serverFedMSE:train_on_clients:54 - Client 0 gets new best val_loss at epoch #67: 0.001212
2025-09-30 21:16:09.255 | INFO     | agents.servers.serverFedMSE:train_on_clients:54 - Client 2 gets new best val_loss at epoch #67: 0.001193
2025-09-30 21:16:12.872 | INFO     | agents.servers.serverFedMSE:train_on_clients:54 - Client 15 gets new best val_loss at epoch #67: 0.001450
2025-09-30 21:16:13.153 | INFO     | agents.servers.serverFedMSE:train_on_clients:54 - Client 16 gets new best val_loss at epoch #67: 0.001214
2025-09-30 21:16:13.987 | INFO     | agents.servers.serverFedMSE:train_on_clients:54 - Client 19 gets new best val_loss at epoch #67: 0.001235
2025-09-30 21:16:13.989 | INFO     | agents.servers.serverFedMSE:train_on_clients:76 - 20 clients still training at epoch #67
2025-09-30 21:17:14.314 | INFO     | agents.servers.serverFedMSE:train_on_clients:32 - Training FedMSE model epoch #68
2025-09-30 21:17:19.835 | INFO     | agents.servers.serverFedMSE:train_on_clients:76 - 20 clients still training at epoch #68
2025-09-30 21:18:20.240 | INFO     | agents.servers.serverFedMSE:train_on_clients:32 - Training FedMSE model epoch #69
2025-09-30 21:18:22.470 | INFO     | agents.servers.serverFedMSE:train_on_clients:54 - Client 7 gets new best val_loss at epoch #69: 0.001364
2025-09-30 21:18:22.748 | INFO     | agents.servers.serverFedMSE:train_on_clients:54 - Client 8 gets new best val_loss at epoch #69: 0.001238
2025-09-30 21:18:23.303 | INFO     | agents.servers.serverFedMSE:train_on_clients:54 - Client 10 gets new best val_loss at epoch #69: 0.001258
2025-09-30 21:18:24.678 | INFO     | agents.servers.serverFedMSE:train_on_clients:54 - Client 15 gets new best val_loss at epoch #69: 0.001414
2025-09-30 21:18:25.781 | INFO     | agents.servers.serverFedMSE:train_on_clients:76 - 20 clients still training at epoch #69
2025-09-30 21:19:26.277 | INFO     | agents.servers.serverFedMSE:train_on_clients:32 - Training FedMSE model epoch #70
2025-09-30 21:19:26.555 | INFO     | agents.servers.serverFedMSE:train_on_clients:70 - Saved model for client 0 at epoch 70 -> saved_models/FedMSE/FedMSE/wsn_ds/epoch_70_client_0.pt
2025-09-30 21:19:26.834 | INFO     | agents.servers.serverFedMSE:train_on_clients:54 - Client 1 gets new best val_loss at epoch #70: 0.001333
2025-09-30 21:19:26.836 | INFO     | agents.servers.serverFedMSE:train_on_clients:70 - Saved model for client 1 at epoch 70 -> saved_models/FedMSE/FedMSE/wsn_ds/epoch_70_client_1.pt
2025-09-30 21:19:27.112 | INFO     | agents.servers.serverFedMSE:train_on_clients:70 - Saved model for client 2 at epoch 70 -> saved_models/FedMSE/FedMSE/wsn_ds/epoch_70_client_2.pt
2025-09-30 21:19:27.389 | INFO     | agents.servers.serverFedMSE:train_on_clients:70 - Saved model for client 3 at epoch 70 -> saved_models/FedMSE/FedMSE/wsn_ds/epoch_70_client_3.pt
2025-09-30 21:19:27.668 | INFO     | agents.servers.serverFedMSE:train_on_clients:54 - Client 4 gets new best val_loss at epoch #70: 0.001129
2025-09-30 21:19:27.669 | INFO     | agents.servers.serverFedMSE:train_on_clients:70 - Saved model for client 4 at epoch 70 -> saved_models/FedMSE/FedMSE/wsn_ds/epoch_70_client_4.pt
2025-09-30 21:19:27.953 | INFO     | agents.servers.serverFedMSE:train_on_clients:70 - Saved model for client 5 at epoch 70 -> saved_models/FedMSE/FedMSE/wsn_ds/epoch_70_client_5.pt
2025-09-30 21:19:28.239 | INFO     | agents.servers.serverFedMSE:train_on_clients:70 - Saved model for client 6 at epoch 70 -> saved_models/FedMSE/FedMSE/wsn_ds/epoch_70_client_6.pt
2025-09-30 21:19:28.523 | INFO     | agents.servers.serverFedMSE:train_on_clients:70 - Saved model for client 7 at epoch 70 -> saved_models/FedMSE/FedMSE/wsn_ds/epoch_70_client_7.pt
2025-09-30 21:19:28.800 | INFO     | agents.servers.serverFedMSE:train_on_clients:70 - Saved model for client 8 at epoch 70 -> saved_models/FedMSE/FedMSE/wsn_ds/epoch_70_client_8.pt
2025-09-30 21:19:29.076 | INFO     | agents.servers.serverFedMSE:train_on_clients:70 - Saved model for client 9 at epoch 70 -> saved_models/FedMSE/FedMSE/wsn_ds/epoch_70_client_9.pt
2025-09-30 21:19:29.352 | INFO     | agents.servers.serverFedMSE:train_on_clients:70 - Saved model for client 10 at epoch 70 -> saved_models/FedMSE/FedMSE/wsn_ds/epoch_70_client_10.pt
2025-09-30 21:19:29.629 | INFO     | agents.servers.serverFedMSE:train_on_clients:70 - Saved model for client 11 at epoch 70 -> saved_models/FedMSE/FedMSE/wsn_ds/epoch_70_client_11.pt
2025-09-30 21:19:29.906 | INFO     | agents.servers.serverFedMSE:train_on_clients:54 - Client 12 gets new best val_loss at epoch #70: 0.001291
2025-09-30 21:19:29.908 | INFO     | agents.servers.serverFedMSE:train_on_clients:70 - Saved model for client 12 at epoch 70 -> saved_models/FedMSE/FedMSE/wsn_ds/epoch_70_client_12.pt
2025-09-30 21:19:30.183 | INFO     | agents.servers.serverFedMSE:train_on_clients:70 - Saved model for client 13 at epoch 70 -> saved_models/FedMSE/FedMSE/wsn_ds/epoch_70_client_13.pt
2025-09-30 21:19:30.460 | INFO     | agents.servers.serverFedMSE:train_on_clients:70 - Saved model for client 14 at epoch 70 -> saved_models/FedMSE/FedMSE/wsn_ds/epoch_70_client_14.pt
2025-09-30 21:19:30.735 | INFO     | agents.servers.serverFedMSE:train_on_clients:70 - Saved model for client 15 at epoch 70 -> saved_models/FedMSE/FedMSE/wsn_ds/epoch_70_client_15.pt
2025-09-30 21:19:31.010 | INFO     | agents.servers.serverFedMSE:train_on_clients:70 - Saved model for client 16 at epoch 70 -> saved_models/FedMSE/FedMSE/wsn_ds/epoch_70_client_16.pt
2025-09-30 21:19:31.286 | INFO     | agents.servers.serverFedMSE:train_on_clients:70 - Saved model for client 17 at epoch 70 -> saved_models/FedMSE/FedMSE/wsn_ds/epoch_70_client_17.pt
2025-09-30 21:19:31.564 | INFO     | agents.servers.serverFedMSE:train_on_clients:54 - Client 18 gets new best val_loss at epoch #70: 0.001319
2025-09-30 21:19:31.565 | INFO     | agents.servers.serverFedMSE:train_on_clients:70 - Saved model for client 18 at epoch 70 -> saved_models/FedMSE/FedMSE/wsn_ds/epoch_70_client_18.pt
2025-09-30 21:19:31.842 | INFO     | agents.servers.serverFedMSE:train_on_clients:70 - Saved model for client 19 at epoch 70 -> saved_models/FedMSE/FedMSE/wsn_ds/epoch_70_client_19.pt
2025-09-30 21:19:31.843 | INFO     | agents.servers.serverFedMSE:train_on_clients:76 - 20 clients still training at epoch #70
2025-09-30 21:20:32.197 | INFO     | agents.servers.serverFedMSE:train_on_clients:32 - Training FedMSE model epoch #71
2025-09-30 21:20:33.575 | INFO     | agents.servers.serverFedMSE:train_on_clients:54 - Client 4 gets new best val_loss at epoch #71: 0.001127
2025-09-30 21:20:33.853 | INFO     | agents.servers.serverFedMSE:train_on_clients:54 - Client 5 gets new best val_loss at epoch #71: 0.001463
2025-09-30 21:20:34.133 | INFO     | agents.servers.serverFedMSE:train_on_clients:54 - Client 6 gets new best val_loss at epoch #71: 0.001286
2025-09-30 21:20:35.255 | INFO     | agents.servers.serverFedMSE:train_on_clients:54 - Client 10 gets new best val_loss at epoch #71: 0.001218
2025-09-30 21:20:35.533 | INFO     | agents.servers.serverFedMSE:train_on_clients:54 - Client 11 gets new best val_loss at epoch #71: 0.001404
2025-09-30 21:20:36.903 | INFO     | agents.servers.serverFedMSE:train_on_clients:54 - Client 16 gets new best val_loss at epoch #71: 0.001173
2025-09-30 21:20:37.733 | INFO     | agents.servers.serverFedMSE:train_on_clients:76 - 20 clients still training at epoch #71
2025-09-30 21:21:38.028 | INFO     | agents.servers.serverFedMSE:train_on_clients:32 - Training FedMSE model epoch #72
2025-09-30 21:21:38.307 | INFO     | agents.servers.serverFedMSE:train_on_clients:54 - Client 0 gets new best val_loss at epoch #72: 0.001202
2025-09-30 21:21:39.418 | INFO     | agents.servers.serverFedMSE:train_on_clients:54 - Client 4 gets new best val_loss at epoch #72: 0.001103
2025-09-30 21:21:40.808 | INFO     | agents.servers.serverFedMSE:train_on_clients:54 - Client 9 gets new best val_loss at epoch #72: 0.001342
2025-09-30 21:21:41.641 | INFO     | agents.servers.serverFedMSE:train_on_clients:54 - Client 12 gets new best val_loss at epoch #72: 0.001279
2025-09-30 21:21:41.917 | INFO     | agents.servers.serverFedMSE:train_on_clients:54 - Client 13 gets new best val_loss at epoch #72: 0.001215
2025-09-30 21:21:42.193 | INFO     | agents.servers.serverFedMSE:train_on_clients:54 - Client 14 gets new best val_loss at epoch #72: 0.001125
2025-09-30 21:21:42.471 | INFO     | agents.servers.serverFedMSE:train_on_clients:54 - Client 15 gets new best val_loss at epoch #72: 0.001398
2025-09-30 21:21:43.572 | INFO     | agents.servers.serverFedMSE:train_on_clients:76 - 20 clients still training at epoch #72
2025-09-30 21:22:44.020 | INFO     | agents.servers.serverFedMSE:train_on_clients:32 - Training FedMSE model epoch #73
2025-09-30 21:22:44.570 | INFO     | agents.servers.serverFedMSE:train_on_clients:54 - Client 1 gets new best val_loss at epoch #73: 0.001291
2025-09-30 21:22:45.677 | INFO     | agents.servers.serverFedMSE:train_on_clients:54 - Client 5 gets new best val_loss at epoch #73: 0.001427
2025-09-30 21:22:48.447 | INFO     | agents.servers.serverFedMSE:train_on_clients:54 - Client 15 gets new best val_loss at epoch #73: 0.001391
2025-09-30 21:22:49.027 | INFO     | agents.servers.serverFedMSE:train_on_clients:54 - Client 17 gets new best val_loss at epoch #73: 0.001412
2025-09-30 21:22:49.321 | INFO     | agents.servers.serverFedMSE:train_on_clients:54 - Client 18 gets new best val_loss at epoch #73: 0.001285
2025-09-30 21:22:49.601 | INFO     | agents.servers.serverFedMSE:train_on_clients:76 - 20 clients still training at epoch #73
2025-09-30 21:23:50.061 | INFO     | agents.servers.serverFedMSE:train_on_clients:32 - Training FedMSE model epoch #74
2025-09-30 21:23:51.454 | INFO     | agents.servers.serverFedMSE:train_on_clients:54 - Client 4 gets new best val_loss at epoch #74: 0.001045
2025-09-30 21:23:52.561 | INFO     | agents.servers.serverFedMSE:train_on_clients:54 - Client 8 gets new best val_loss at epoch #74: 0.001217
2025-09-30 21:23:55.648 | INFO     | agents.servers.serverFedMSE:train_on_clients:54 - Client 19 gets new best val_loss at epoch #74: 0.001235
2025-09-30 21:23:55.650 | INFO     | agents.servers.serverFedMSE:train_on_clients:76 - 20 clients still training at epoch #74
2025-09-30 21:24:56.014 | INFO     | agents.servers.serverFedMSE:train_on_clients:32 - Training FedMSE model epoch #75
2025-09-30 21:24:57.986 | INFO     | agents.servers.serverFedMSE:train_on_clients:54 - Client 6 gets new best val_loss at epoch #75: 0.001232
2025-09-30 21:24:59.926 | INFO     | agents.servers.serverFedMSE:train_on_clients:54 - Client 13 gets new best val_loss at epoch #75: 0.001194
2025-09-30 21:25:01.581 | INFO     | agents.servers.serverFedMSE:train_on_clients:76 - 20 clients still training at epoch #75
2025-09-30 21:26:01.990 | INFO     | agents.servers.serverFedMSE:train_on_clients:32 - Training FedMSE model epoch #76
2025-09-30 21:26:02.546 | INFO     | agents.servers.serverFedMSE:train_on_clients:54 - Client 1 gets new best val_loss at epoch #76: 0.001282
2025-09-30 21:26:04.847 | INFO     | agents.servers.serverFedMSE:train_on_clients:54 - Client 9 gets new best val_loss at epoch #76: 0.001322
2025-09-30 21:26:05.126 | INFO     | agents.servers.serverFedMSE:train_on_clients:54 - Client 10 gets new best val_loss at epoch #76: 0.001211
2025-09-30 21:26:07.619 | INFO     | agents.servers.serverFedMSE:train_on_clients:76 - 20 clients still training at epoch #76
2025-09-30 21:27:08.070 | INFO     | agents.servers.serverFedMSE:train_on_clients:32 - Training FedMSE model epoch #77
2025-09-30 21:27:08.352 | INFO     | agents.servers.serverFedMSE:train_on_clients:54 - Client 0 gets new best val_loss at epoch #77: 0.001191
2025-09-30 21:27:09.212 | INFO     | agents.servers.serverFedMSE:train_on_clients:54 - Client 3 gets new best val_loss at epoch #77: 0.001203
2025-09-30 21:27:09.489 | INFO     | agents.servers.serverFedMSE:train_on_clients:54 - Client 4 gets new best val_loss at epoch #77: 0.001035
2025-09-30 21:27:13.404 | INFO     | agents.servers.serverFedMSE:train_on_clients:54 - Client 18 gets new best val_loss at epoch #77: 0.001283
2025-09-30 21:27:13.679 | INFO     | agents.servers.serverFedMSE:train_on_clients:76 - 20 clients still training at epoch #77
2025-09-30 21:28:13.981 | INFO     | agents.servers.serverFedMSE:train_on_clients:32 - Training FedMSE model epoch #78
2025-09-30 21:28:14.811 | INFO     | agents.servers.serverFedMSE:train_on_clients:54 - Client 2 gets new best val_loss at epoch #78: 0.001181
2025-09-30 21:28:16.504 | INFO     | agents.servers.serverFedMSE:train_on_clients:54 - Client 8 gets new best val_loss at epoch #78: 0.001214
2025-09-30 21:28:17.337 | INFO     | agents.servers.serverFedMSE:train_on_clients:54 - Client 11 gets new best val_loss at epoch #78: 0.001365
2025-09-30 21:28:17.613 | INFO     | agents.servers.serverFedMSE:train_on_clients:54 - Client 12 gets new best val_loss at epoch #78: 0.001240
2025-09-30 21:28:18.728 | INFO     | agents.servers.serverFedMSE:train_on_clients:54 - Client 16 gets new best val_loss at epoch #78: 0.001162
2025-09-30 21:28:19.559 | INFO     | agents.servers.serverFedMSE:train_on_clients:54 - Client 19 gets new best val_loss at epoch #78: 0.001207
2025-09-30 21:28:19.561 | INFO     | agents.servers.serverFedMSE:train_on_clients:76 - 20 clients still training at epoch #78
2025-09-30 21:29:19.967 | INFO     | agents.servers.serverFedMSE:train_on_clients:32 - Training FedMSE model epoch #79
2025-09-30 21:29:22.245 | INFO     | agents.servers.serverFedMSE:train_on_clients:54 - Client 7 gets new best val_loss at epoch #79: 0.001356
2025-09-30 21:29:23.066 | INFO     | agents.servers.serverFedMSE:train_on_clients:54 - Client 10 gets new best val_loss at epoch #79: 0.001162
2025-09-30 21:29:23.339 | INFO     | agents.servers.serverFedMSE:train_on_clients:54 - Client 11 gets new best val_loss at epoch #79: 0.001354
2025-09-30 21:29:25.002 | INFO     | agents.servers.serverFedMSE:train_on_clients:54 - Client 17 gets new best val_loss at epoch #79: 0.001383
2025-09-30 21:29:25.559 | INFO     | agents.servers.serverFedMSE:train_on_clients:76 - 20 clients still training at epoch #79
2025-09-30 21:30:25.868 | INFO     | agents.servers.serverFedMSE:train_on_clients:32 - Training FedMSE model epoch #80
2025-09-30 21:30:26.143 | INFO     | agents.servers.serverFedMSE:train_on_clients:70 - Saved model for client 0 at epoch 80 -> saved_models/FedMSE/FedMSE/wsn_ds/epoch_80_client_0.pt
2025-09-30 21:30:26.436 | INFO     | agents.servers.serverFedMSE:train_on_clients:54 - Client 1 gets new best val_loss at epoch #80: 0.001271
2025-09-30 21:30:26.438 | INFO     | agents.servers.serverFedMSE:train_on_clients:70 - Saved model for client 1 at epoch 80 -> saved_models/FedMSE/FedMSE/wsn_ds/epoch_80_client_1.pt
2025-09-30 21:30:26.726 | INFO     | agents.servers.serverFedMSE:train_on_clients:70 - Saved model for client 2 at epoch 80 -> saved_models/FedMSE/FedMSE/wsn_ds/epoch_80_client_2.pt
2025-09-30 21:30:27.003 | INFO     | agents.servers.serverFedMSE:train_on_clients:70 - Saved model for client 3 at epoch 80 -> saved_models/FedMSE/FedMSE/wsn_ds/epoch_80_client_3.pt
2025-09-30 21:30:27.282 | INFO     | agents.servers.serverFedMSE:train_on_clients:54 - Client 4 gets new best val_loss at epoch #80: 0.001030
2025-09-30 21:30:27.283 | INFO     | agents.servers.serverFedMSE:train_on_clients:70 - Saved model for client 4 at epoch 80 -> saved_models/FedMSE/FedMSE/wsn_ds/epoch_80_client_4.pt
2025-09-30 21:30:27.562 | INFO     | agents.servers.serverFedMSE:train_on_clients:70 - Saved model for client 5 at epoch 80 -> saved_models/FedMSE/FedMSE/wsn_ds/epoch_80_client_5.pt
2025-09-30 21:30:27.840 | INFO     | agents.servers.serverFedMSE:train_on_clients:70 - Saved model for client 6 at epoch 80 -> saved_models/FedMSE/FedMSE/wsn_ds/epoch_80_client_6.pt
2025-09-30 21:30:28.157 | INFO     | agents.servers.serverFedMSE:train_on_clients:54 - Client 7 gets new best val_loss at epoch #80: 0.001346
2025-09-30 21:30:28.158 | INFO     | agents.servers.serverFedMSE:train_on_clients:70 - Saved model for client 7 at epoch 80 -> saved_models/FedMSE/FedMSE/wsn_ds/epoch_80_client_7.pt
2025-09-30 21:30:28.434 | INFO     | agents.servers.serverFedMSE:train_on_clients:70 - Saved model for client 8 at epoch 80 -> saved_models/FedMSE/FedMSE/wsn_ds/epoch_80_client_8.pt
2025-09-30 21:30:28.714 | INFO     | agents.servers.serverFedMSE:train_on_clients:54 - Client 9 gets new best val_loss at epoch #80: 0.001296
2025-09-30 21:30:28.715 | INFO     | agents.servers.serverFedMSE:train_on_clients:70 - Saved model for client 9 at epoch 80 -> saved_models/FedMSE/FedMSE/wsn_ds/epoch_80_client_9.pt
2025-09-30 21:30:28.995 | INFO     | agents.servers.serverFedMSE:train_on_clients:54 - Client 10 gets new best val_loss at epoch #80: 0.001143
2025-09-30 21:30:28.996 | INFO     | agents.servers.serverFedMSE:train_on_clients:70 - Saved model for client 10 at epoch 80 -> saved_models/FedMSE/FedMSE/wsn_ds/epoch_80_client_10.pt
2025-09-30 21:30:29.272 | INFO     | agents.servers.serverFedMSE:train_on_clients:70 - Saved model for client 11 at epoch 80 -> saved_models/FedMSE/FedMSE/wsn_ds/epoch_80_client_11.pt
2025-09-30 21:30:29.548 | INFO     | agents.servers.serverFedMSE:train_on_clients:54 - Client 12 gets new best val_loss at epoch #80: 0.001211
2025-09-30 21:30:29.549 | INFO     | agents.servers.serverFedMSE:train_on_clients:70 - Saved model for client 12 at epoch 80 -> saved_models/FedMSE/FedMSE/wsn_ds/epoch_80_client_12.pt
2025-09-30 21:30:29.825 | INFO     | agents.servers.serverFedMSE:train_on_clients:70 - Saved model for client 13 at epoch 80 -> saved_models/FedMSE/FedMSE/wsn_ds/epoch_80_client_13.pt
2025-09-30 21:30:30.101 | INFO     | agents.servers.serverFedMSE:train_on_clients:70 - Saved model for client 14 at epoch 80 -> saved_models/FedMSE/FedMSE/wsn_ds/epoch_80_client_14.pt
2025-09-30 21:30:30.376 | INFO     | agents.servers.serverFedMSE:train_on_clients:70 - Saved model for client 15 at epoch 80 -> saved_models/FedMSE/FedMSE/wsn_ds/epoch_80_client_15.pt
2025-09-30 21:30:30.655 | INFO     | agents.servers.serverFedMSE:train_on_clients:54 - Client 16 gets new best val_loss at epoch #80: 0.001133
2025-09-30 21:30:30.656 | INFO     | agents.servers.serverFedMSE:train_on_clients:70 - Saved model for client 16 at epoch 80 -> saved_models/FedMSE/FedMSE/wsn_ds/epoch_80_client_16.pt
2025-09-30 21:30:30.933 | INFO     | agents.servers.serverFedMSE:train_on_clients:70 - Saved model for client 17 at epoch 80 -> saved_models/FedMSE/FedMSE/wsn_ds/epoch_80_client_17.pt
2025-09-30 21:30:31.210 | INFO     | agents.servers.serverFedMSE:train_on_clients:54 - Client 18 gets new best val_loss at epoch #80: 0.001260
2025-09-30 21:30:31.212 | INFO     | agents.servers.serverFedMSE:train_on_clients:70 - Saved model for client 18 at epoch 80 -> saved_models/FedMSE/FedMSE/wsn_ds/epoch_80_client_18.pt
2025-09-30 21:30:31.491 | INFO     | agents.servers.serverFedMSE:train_on_clients:54 - Client 19 gets new best val_loss at epoch #80: 0.001167
2025-09-30 21:30:31.492 | INFO     | agents.servers.serverFedMSE:train_on_clients:70 - Saved model for client 19 at epoch 80 -> saved_models/FedMSE/FedMSE/wsn_ds/epoch_80_client_19.pt
2025-09-30 21:30:31.494 | INFO     | agents.servers.serverFedMSE:train_on_clients:76 - 20 clients still training at epoch #80
2025-09-30 21:31:31.859 | INFO     | agents.servers.serverFedMSE:train_on_clients:32 - Training FedMSE model epoch #81
2025-09-30 21:31:32.141 | INFO     | agents.servers.serverFedMSE:train_on_clients:54 - Client 0 gets new best val_loss at epoch #81: 0.001187
2025-09-30 21:31:33.825 | INFO     | agents.servers.serverFedMSE:train_on_clients:54 - Client 6 gets new best val_loss at epoch #81: 0.001205
2025-09-30 21:31:34.409 | INFO     | agents.servers.serverFedMSE:train_on_clients:54 - Client 8 gets new best val_loss at epoch #81: 0.001166
2025-09-30 21:31:35.775 | INFO     | agents.servers.serverFedMSE:train_on_clients:54 - Client 13 gets new best val_loss at epoch #81: 0.001193
2025-09-30 21:31:36.322 | INFO     | agents.servers.serverFedMSE:train_on_clients:54 - Client 15 gets new best val_loss at epoch #81: 0.001386
2025-09-30 21:31:37.414 | INFO     | agents.servers.serverFedMSE:train_on_clients:54 - Client 19 gets new best val_loss at epoch #81: 0.001167
2025-09-30 21:31:37.416 | INFO     | agents.servers.serverFedMSE:train_on_clients:76 - 20 clients still training at epoch #81
2025-09-30 21:32:35.388 | INFO     | agents.servers.serverFedMSE:train_on_clients:32 - Training FedMSE model epoch #82
2025-09-30 21:32:36.172 | INFO     | agents.servers.serverFedMSE:train_on_clients:54 - Client 2 gets new best val_loss at epoch #82: 0.001068
2025-09-30 21:32:36.700 | INFO     | agents.servers.serverFedMSE:train_on_clients:54 - Client 4 gets new best val_loss at epoch #82: 0.001004
2025-09-30 21:32:39.094 | INFO     | agents.servers.serverFedMSE:train_on_clients:54 - Client 13 gets new best val_loss at epoch #82: 0.001188
2025-09-30 21:32:39.889 | INFO     | agents.servers.serverFedMSE:train_on_clients:54 - Client 16 gets new best val_loss at epoch #82: 0.001120
2025-09-30 21:32:40.152 | INFO     | agents.servers.serverFedMSE:train_on_clients:54 - Client 17 gets new best val_loss at epoch #82: 0.001351
2025-09-30 21:32:40.717 | INFO     | agents.servers.serverFedMSE:train_on_clients:76 - 20 clients still training at epoch #82
2025-09-30 21:33:24.945 | INFO     | agents.servers.serverFedMSE:train_on_clients:32 - Training FedMSE model epoch #83
2025-09-30 21:33:26.294 | INFO     | agents.servers.serverFedMSE:train_on_clients:54 - Client 4 gets new best val_loss at epoch #83: 0.001003
2025-09-30 21:33:26.567 | INFO     | agents.servers.serverFedMSE:train_on_clients:54 - Client 5 gets new best val_loss at epoch #83: 0.001385
2025-09-30 21:33:27.104 | INFO     | agents.servers.serverFedMSE:train_on_clients:54 - Client 7 gets new best val_loss at epoch #83: 0.001246
2025-09-30 21:33:27.374 | INFO     | agents.servers.serverFedMSE:train_on_clients:54 - Client 8 gets new best val_loss at epoch #83: 0.001164
2025-09-30 21:33:27.644 | INFO     | agents.servers.serverFedMSE:train_on_clients:54 - Client 9 gets new best val_loss at epoch #83: 0.001291
2025-09-30 21:33:28.183 | INFO     | agents.servers.serverFedMSE:train_on_clients:54 - Client 11 gets new best val_loss at epoch #83: 0.001335
2025-09-30 21:33:29.258 | INFO     | agents.servers.serverFedMSE:train_on_clients:54 - Client 15 gets new best val_loss at epoch #83: 0.001350
2025-09-30 21:33:29.802 | INFO     | agents.servers.serverFedMSE:train_on_clients:54 - Client 17 gets new best val_loss at epoch #83: 0.001342
2025-09-30 21:33:30.074 | INFO     | agents.servers.serverFedMSE:train_on_clients:54 - Client 18 gets new best val_loss at epoch #83: 0.001202
2025-09-30 21:33:30.342 | INFO     | agents.servers.serverFedMSE:train_on_clients:76 - 20 clients still training at epoch #83
2025-09-30 21:34:06.614 | INFO     | agents.servers.serverFedMSE:train_on_clients:32 - Training FedMSE model epoch #84
2025-09-30 21:34:06.884 | INFO     | agents.servers.serverFedMSE:train_on_clients:54 - Client 0 gets new best val_loss at epoch #84: 0.001126
2025-09-30 21:34:07.690 | INFO     | agents.servers.serverFedMSE:train_on_clients:54 - Client 3 gets new best val_loss at epoch #84: 0.001165
2025-09-30 21:34:09.822 | INFO     | agents.servers.serverFedMSE:train_on_clients:54 - Client 11 gets new best val_loss at epoch #84: 0.001319
2025-09-30 21:34:10.093 | INFO     | agents.servers.serverFedMSE:train_on_clients:54 - Client 12 gets new best val_loss at epoch #84: 0.001188
2025-09-30 21:34:11.960 | INFO     | agents.servers.serverFedMSE:train_on_clients:54 - Client 19 gets new best val_loss at epoch #84: 0.001144
2025-09-30 21:34:11.961 | INFO     | agents.servers.serverFedMSE:train_on_clients:76 - 20 clients still training at epoch #84
2025-09-30 21:34:48.280 | INFO     | agents.servers.serverFedMSE:train_on_clients:32 - Training FedMSE model epoch #85
2025-09-30 21:34:49.903 | INFO     | agents.servers.serverFedMSE:train_on_clients:54 - Client 5 gets new best val_loss at epoch #85: 0.001359
2025-09-30 21:34:50.995 | INFO     | agents.servers.serverFedMSE:train_on_clients:54 - Client 9 gets new best val_loss at epoch #85: 0.001254
2025-09-30 21:34:52.114 | INFO     | agents.servers.serverFedMSE:train_on_clients:54 - Client 13 gets new best val_loss at epoch #85: 0.001187
2025-09-30 21:34:53.222 | INFO     | agents.servers.serverFedMSE:train_on_clients:54 - Client 17 gets new best val_loss at epoch #85: 0.001302
2025-09-30 21:34:53.766 | INFO     | agents.servers.serverFedMSE:train_on_clients:76 - 20 clients still training at epoch #85
2025-09-30 21:35:30.007 | INFO     | agents.servers.serverFedMSE:train_on_clients:32 - Training FedMSE model epoch #86
2025-09-30 21:35:30.275 | INFO     | agents.servers.serverFedMSE:train_on_clients:54 - Client 0 gets new best val_loss at epoch #86: 0.001098
2025-09-30 21:35:30.544 | INFO     | agents.servers.serverFedMSE:train_on_clients:54 - Client 1 gets new best val_loss at epoch #86: 0.001232
2025-09-30 21:35:32.679 | INFO     | agents.servers.serverFedMSE:train_on_clients:54 - Client 9 gets new best val_loss at epoch #86: 0.001233
2025-09-30 21:35:32.947 | INFO     | agents.servers.serverFedMSE:train_on_clients:54 - Client 10 gets new best val_loss at epoch #86: 0.001104
2025-09-30 21:35:34.280 | INFO     | agents.servers.serverFedMSE:train_on_clients:54 - Client 15 gets new best val_loss at epoch #86: 0.001291
2025-09-30 21:35:35.346 | INFO     | agents.servers.serverFedMSE:train_on_clients:76 - 20 clients still training at epoch #86
2025-09-30 21:36:11.506 | INFO     | agents.servers.serverFedMSE:train_on_clients:32 - Training FedMSE model epoch #87
2025-09-30 21:36:12.843 | INFO     | agents.servers.serverFedMSE:train_on_clients:54 - Client 4 gets new best val_loss at epoch #87: 0.000997
2025-09-30 21:36:13.375 | INFO     | agents.servers.serverFedMSE:train_on_clients:54 - Client 6 gets new best val_loss at epoch #87: 0.001175
2025-09-30 21:36:15.509 | INFO     | agents.servers.serverFedMSE:train_on_clients:54 - Client 14 gets new best val_loss at epoch #87: 0.001067
2025-09-30 21:36:16.045 | INFO     | agents.servers.serverFedMSE:train_on_clients:54 - Client 16 gets new best val_loss at epoch #87: 0.001118
2025-09-30 21:36:16.846 | INFO     | agents.servers.serverFedMSE:train_on_clients:76 - 20 clients still training at epoch #87
2025-09-30 21:36:52.994 | INFO     | agents.servers.serverFedMSE:train_on_clients:32 - Training FedMSE model epoch #88
2025-09-30 21:36:53.532 | INFO     | agents.servers.serverFedMSE:train_on_clients:54 - Client 1 gets new best val_loss at epoch #88: 0.001215
2025-09-30 21:36:53.800 | INFO     | agents.servers.serverFedMSE:train_on_clients:54 - Client 2 gets new best val_loss at epoch #88: 0.001058
2025-09-30 21:36:54.066 | INFO     | agents.servers.serverFedMSE:train_on_clients:54 - Client 3 gets new best val_loss at epoch #88: 0.001162
2025-09-30 21:36:54.601 | INFO     | agents.servers.serverFedMSE:train_on_clients:54 - Client 5 gets new best val_loss at epoch #88: 0.001296
2025-09-30 21:36:56.200 | INFO     | agents.servers.serverFedMSE:train_on_clients:54 - Client 11 gets new best val_loss at epoch #88: 0.001253
2025-09-30 21:36:56.736 | INFO     | agents.servers.serverFedMSE:train_on_clients:54 - Client 13 gets new best val_loss at epoch #88: 0.001131
2025-09-30 21:36:57.271 | INFO     | agents.servers.serverFedMSE:train_on_clients:54 - Client 15 gets new best val_loss at epoch #88: 0.001273
2025-09-30 21:36:57.540 | INFO     | agents.servers.serverFedMSE:train_on_clients:54 - Client 16 gets new best val_loss at epoch #88: 0.001104
2025-09-30 21:36:58.341 | INFO     | agents.servers.serverFedMSE:train_on_clients:76 - 20 clients still training at epoch #88
2025-09-30 21:37:34.676 | INFO     | agents.servers.serverFedMSE:train_on_clients:32 - Training FedMSE model epoch #89
2025-09-30 21:37:36.011 | INFO     | agents.servers.serverFedMSE:train_on_clients:54 - Client 4 gets new best val_loss at epoch #89: 0.000975
2025-09-30 21:37:36.544 | INFO     | agents.servers.serverFedMSE:train_on_clients:54 - Client 6 gets new best val_loss at epoch #89: 0.001167
2025-09-30 21:37:36.813 | INFO     | agents.servers.serverFedMSE:train_on_clients:54 - Client 7 gets new best val_loss at epoch #89: 0.001209
2025-09-30 21:37:38.146 | INFO     | agents.servers.serverFedMSE:train_on_clients:54 - Client 12 gets new best val_loss at epoch #89: 0.001161
2025-09-30 21:37:39.214 | INFO     | agents.servers.serverFedMSE:train_on_clients:54 - Client 16 gets new best val_loss at epoch #89: 0.001102
2025-09-30 21:37:40.012 | INFO     | agents.servers.serverFedMSE:train_on_clients:76 - 20 clients still training at epoch #89
2025-09-30 21:38:16.194 | INFO     | agents.servers.serverFedMSE:train_on_clients:32 - Training FedMSE model epoch #90
2025-09-30 21:38:16.465 | INFO     | agents.servers.serverFedMSE:train_on_clients:70 - Saved model for client 0 at epoch 90 -> saved_models/FedMSE/FedMSE/wsn_ds/epoch_90_client_0.pt
2025-09-30 21:38:16.735 | INFO     | agents.servers.serverFedMSE:train_on_clients:54 - Client 1 gets new best val_loss at epoch #90: 0.001205
2025-09-30 21:38:16.737 | INFO     | agents.servers.serverFedMSE:train_on_clients:70 - Saved model for client 1 at epoch 90 -> saved_models/FedMSE/FedMSE/wsn_ds/epoch_90_client_1.pt
2025-09-30 21:38:17.005 | INFO     | agents.servers.serverFedMSE:train_on_clients:70 - Saved model for client 2 at epoch 90 -> saved_models/FedMSE/FedMSE/wsn_ds/epoch_90_client_2.pt
2025-09-30 21:38:17.275 | INFO     | agents.servers.serverFedMSE:train_on_clients:54 - Client 3 gets new best val_loss at epoch #90: 0.001147
2025-09-30 21:38:17.277 | INFO     | agents.servers.serverFedMSE:train_on_clients:70 - Saved model for client 3 at epoch 90 -> saved_models/FedMSE/FedMSE/wsn_ds/epoch_90_client_3.pt
2025-09-30 21:38:17.547 | INFO     | agents.servers.serverFedMSE:train_on_clients:70 - Saved model for client 4 at epoch 90 -> saved_models/FedMSE/FedMSE/wsn_ds/epoch_90_client_4.pt
2025-09-30 21:38:17.816 | INFO     | agents.servers.serverFedMSE:train_on_clients:70 - Saved model for client 5 at epoch 90 -> saved_models/FedMSE/FedMSE/wsn_ds/epoch_90_client_5.pt
2025-09-30 21:38:18.086 | INFO     | agents.servers.serverFedMSE:train_on_clients:70 - Saved model for client 6 at epoch 90 -> saved_models/FedMSE/FedMSE/wsn_ds/epoch_90_client_6.pt
2025-09-30 21:38:18.355 | INFO     | agents.servers.serverFedMSE:train_on_clients:70 - Saved model for client 7 at epoch 90 -> saved_models/FedMSE/FedMSE/wsn_ds/epoch_90_client_7.pt
2025-09-30 21:38:18.625 | INFO     | agents.servers.serverFedMSE:train_on_clients:54 - Client 8 gets new best val_loss at epoch #90: 0.001163
2025-09-30 21:38:18.626 | INFO     | agents.servers.serverFedMSE:train_on_clients:70 - Saved model for client 8 at epoch 90 -> saved_models/FedMSE/FedMSE/wsn_ds/epoch_90_client_8.pt
2025-09-30 21:38:18.897 | INFO     | agents.servers.serverFedMSE:train_on_clients:54 - Client 9 gets new best val_loss at epoch #90: 0.001174
2025-09-30 21:38:18.899 | INFO     | agents.servers.serverFedMSE:train_on_clients:70 - Saved model for client 9 at epoch 90 -> saved_models/FedMSE/FedMSE/wsn_ds/epoch_90_client_9.pt
2025-09-30 21:38:19.166 | INFO     | agents.servers.serverFedMSE:train_on_clients:70 - Saved model for client 10 at epoch 90 -> saved_models/FedMSE/FedMSE/wsn_ds/epoch_90_client_10.pt
2025-09-30 21:38:19.434 | INFO     | agents.servers.serverFedMSE:train_on_clients:70 - Saved model for client 11 at epoch 90 -> saved_models/FedMSE/FedMSE/wsn_ds/epoch_90_client_11.pt
2025-09-30 21:38:19.704 | INFO     | agents.servers.serverFedMSE:train_on_clients:70 - Saved model for client 12 at epoch 90 -> saved_models/FedMSE/FedMSE/wsn_ds/epoch_90_client_12.pt
2025-09-30 21:38:19.974 | INFO     | agents.servers.serverFedMSE:train_on_clients:54 - Client 13 gets new best val_loss at epoch #90: 0.001081
2025-09-30 21:38:19.975 | INFO     | agents.servers.serverFedMSE:train_on_clients:70 - Saved model for client 13 at epoch 90 -> saved_models/FedMSE/FedMSE/wsn_ds/epoch_90_client_13.pt
2025-09-30 21:38:20.244 | INFO     | agents.servers.serverFedMSE:train_on_clients:70 - Saved model for client 14 at epoch 90 -> saved_models/FedMSE/FedMSE/wsn_ds/epoch_90_client_14.pt
2025-09-30 21:38:20.511 | INFO     | agents.servers.serverFedMSE:train_on_clients:54 - Client 15 gets new best val_loss at epoch #90: 0.001249
2025-09-30 21:38:20.512 | INFO     | agents.servers.serverFedMSE:train_on_clients:70 - Saved model for client 15 at epoch 90 -> saved_models/FedMSE/FedMSE/wsn_ds/epoch_90_client_15.pt
2025-09-30 21:38:20.786 | INFO     | agents.servers.serverFedMSE:train_on_clients:70 - Saved model for client 16 at epoch 90 -> saved_models/FedMSE/FedMSE/wsn_ds/epoch_90_client_16.pt
2025-09-30 21:38:21.055 | INFO     | agents.servers.serverFedMSE:train_on_clients:70 - Saved model for client 17 at epoch 90 -> saved_models/FedMSE/FedMSE/wsn_ds/epoch_90_client_17.pt
2025-09-30 21:38:21.323 | INFO     | agents.servers.serverFedMSE:train_on_clients:54 - Client 18 gets new best val_loss at epoch #90: 0.001190
2025-09-30 21:38:21.324 | INFO     | agents.servers.serverFedMSE:train_on_clients:70 - Saved model for client 18 at epoch 90 -> saved_models/FedMSE/FedMSE/wsn_ds/epoch_90_client_18.pt
2025-09-30 21:38:21.589 | INFO     | agents.servers.serverFedMSE:train_on_clients:70 - Saved model for client 19 at epoch 90 -> saved_models/FedMSE/FedMSE/wsn_ds/epoch_90_client_19.pt
2025-09-30 21:38:21.590 | INFO     | agents.servers.serverFedMSE:train_on_clients:76 - 20 clients still training at epoch #90
2025-09-30 21:38:57.721 | INFO     | agents.servers.serverFedMSE:train_on_clients:32 - Training FedMSE model epoch #91
2025-09-30 21:38:58.261 | INFO     | agents.servers.serverFedMSE:train_on_clients:54 - Client 1 gets new best val_loss at epoch #91: 0.001198
2025-09-30 21:39:00.134 | INFO     | agents.servers.serverFedMSE:train_on_clients:54 - Client 8 gets new best val_loss at epoch #91: 0.001150
2025-09-30 21:39:02.269 | INFO     | agents.servers.serverFedMSE:train_on_clients:54 - Client 16 gets new best val_loss at epoch #91: 0.001066
2025-09-30 21:39:02.805 | INFO     | agents.servers.serverFedMSE:train_on_clients:54 - Client 18 gets new best val_loss at epoch #91: 0.001163
2025-09-30 21:39:03.076 | INFO     | agents.servers.serverFedMSE:train_on_clients:54 - Client 19 gets new best val_loss at epoch #91: 0.001102
2025-09-30 21:39:03.078 | INFO     | agents.servers.serverFedMSE:train_on_clients:76 - 20 clients still training at epoch #91
2025-09-30 21:39:39.332 | INFO     | agents.servers.serverFedMSE:train_on_clients:32 - Training FedMSE model epoch #92
2025-09-30 21:39:39.601 | INFO     | agents.servers.serverFedMSE:train_on_clients:54 - Client 0 gets new best val_loss at epoch #92: 0.001082
2025-09-30 21:39:42.276 | INFO     | agents.servers.serverFedMSE:train_on_clients:54 - Client 10 gets new best val_loss at epoch #92: 0.001090
2025-09-30 21:39:42.815 | INFO     | agents.servers.serverFedMSE:train_on_clients:54 - Client 12 gets new best val_loss at epoch #92: 0.001159
2025-09-30 21:39:44.140 | INFO     | agents.servers.serverFedMSE:train_on_clients:54 - Client 17 gets new best val_loss at epoch #92: 0.001248
2025-09-30 21:39:44.662 | INFO     | agents.servers.serverFedMSE:train_on_clients:76 - 20 clients still training at epoch #92
2025-09-30 21:40:21.056 | INFO     | agents.servers.serverFedMSE:train_on_clients:32 - Training FedMSE model epoch #93
2025-09-30 21:40:21.333 | INFO     | agents.servers.serverFedMSE:train_on_clients:54 - Client 0 gets new best val_loss at epoch #93: 0.001049
2025-09-30 21:40:21.606 | INFO     | agents.servers.serverFedMSE:train_on_clients:54 - Client 1 gets new best val_loss at epoch #93: 0.001176
2025-09-30 21:40:21.879 | INFO     | agents.servers.serverFedMSE:train_on_clients:54 - Client 2 gets new best val_loss at epoch #93: 0.001025
2025-09-30 21:40:22.928 | INFO     | agents.servers.serverFedMSE:train_on_clients:54 - Client 6 gets new best val_loss at epoch #93: 0.001156
2025-09-30 21:40:24.035 | INFO     | agents.servers.serverFedMSE:train_on_clients:54 - Client 10 gets new best val_loss at epoch #93: 0.001064
2025-09-30 21:40:26.508 | INFO     | agents.servers.serverFedMSE:train_on_clients:54 - Client 19 gets new best val_loss at epoch #93: 0.001058
2025-09-30 21:40:26.510 | INFO     | agents.servers.serverFedMSE:train_on_clients:76 - 20 clients still training at epoch #93
2025-09-30 21:41:02.781 | INFO     | agents.servers.serverFedMSE:train_on_clients:32 - Training FedMSE model epoch #94
2025-09-30 21:41:03.328 | INFO     | agents.servers.serverFedMSE:train_on_clients:54 - Client 1 gets new best val_loss at epoch #94: 0.001172
2025-09-30 21:41:03.870 | INFO     | agents.servers.serverFedMSE:train_on_clients:54 - Client 3 gets new best val_loss at epoch #94: 0.001085
2025-09-30 21:41:04.410 | INFO     | agents.servers.serverFedMSE:train_on_clients:54 - Client 5 gets new best val_loss at epoch #94: 0.001273
2025-09-30 21:41:05.226 | INFO     | agents.servers.serverFedMSE:train_on_clients:54 - Client 8 gets new best val_loss at epoch #94: 0.001064
2025-09-30 21:41:05.485 | INFO     | agents.servers.serverFedMSE:train_on_clients:54 - Client 9 gets new best val_loss at epoch #94: 0.001161
2025-09-30 21:41:06.259 | INFO     | agents.servers.serverFedMSE:train_on_clients:54 - Client 12 gets new best val_loss at epoch #94: 0.001116
2025-09-30 21:41:07.288 | INFO     | agents.servers.serverFedMSE:train_on_clients:54 - Client 16 gets new best val_loss at epoch #94: 0.001060
2025-09-30 21:41:07.801 | INFO     | agents.servers.serverFedMSE:train_on_clients:54 - Client 18 gets new best val_loss at epoch #94: 0.001143
2025-09-30 21:41:08.059 | INFO     | agents.servers.serverFedMSE:train_on_clients:76 - 20 clients still training at epoch #94
2025-09-30 21:41:44.336 | INFO     | agents.servers.serverFedMSE:train_on_clients:32 - Training FedMSE model epoch #95
2025-09-30 21:41:44.853 | INFO     | agents.servers.serverFedMSE:train_on_clients:54 - Client 1 gets new best val_loss at epoch #95: 0.001164
2025-09-30 21:41:45.123 | INFO     | agents.servers.serverFedMSE:train_on_clients:54 - Client 2 gets new best val_loss at epoch #95: 0.001007
2025-09-30 21:41:45.663 | INFO     | agents.servers.serverFedMSE:train_on_clients:54 - Client 4 gets new best val_loss at epoch #95: 0.000968
2025-09-30 21:41:48.345 | INFO     | agents.servers.serverFedMSE:train_on_clients:54 - Client 14 gets new best val_loss at epoch #95: 0.000954
2025-09-30 21:41:48.615 | INFO     | agents.servers.serverFedMSE:train_on_clients:54 - Client 15 gets new best val_loss at epoch #95: 0.001205
2025-09-30 21:41:49.696 | INFO     | agents.servers.serverFedMSE:train_on_clients:54 - Client 19 gets new best val_loss at epoch #95: 0.001040
2025-09-30 21:41:49.698 | INFO     | agents.servers.serverFedMSE:train_on_clients:76 - 20 clients still training at epoch #95
2025-09-30 21:42:25.918 | INFO     | agents.servers.serverFedMSE:train_on_clients:32 - Training FedMSE model epoch #96
2025-09-30 21:42:27.251 | INFO     | agents.servers.serverFedMSE:train_on_clients:54 - Client 4 gets new best val_loss at epoch #96: 0.000965
2025-09-30 21:42:27.766 | INFO     | agents.servers.serverFedMSE:train_on_clients:54 - Client 6 gets new best val_loss at epoch #96: 0.001120
2025-09-30 21:42:28.537 | INFO     | agents.servers.serverFedMSE:train_on_clients:54 - Client 9 gets new best val_loss at epoch #96: 0.001137
2025-09-30 21:42:31.108 | INFO     | agents.servers.serverFedMSE:train_on_clients:76 - 20 clients still training at epoch #96
2025-09-30 21:43:07.504 | INFO     | agents.servers.serverFedMSE:train_on_clients:32 - Training FedMSE model epoch #97
2025-09-30 21:43:08.046 | INFO     | agents.servers.serverFedMSE:train_on_clients:54 - Client 1 gets new best val_loss at epoch #97: 0.001149
2025-09-30 21:43:08.851 | INFO     | agents.servers.serverFedMSE:train_on_clients:54 - Client 4 gets new best val_loss at epoch #97: 0.000944
2025-09-30 21:43:09.122 | INFO     | agents.servers.serverFedMSE:train_on_clients:54 - Client 5 gets new best val_loss at epoch #97: 0.001255
2025-09-30 21:43:10.728 | INFO     | agents.servers.serverFedMSE:train_on_clients:54 - Client 11 gets new best val_loss at epoch #97: 0.001239
2025-09-30 21:43:12.072 | INFO     | agents.servers.serverFedMSE:train_on_clients:54 - Client 16 gets new best val_loss at epoch #97: 0.001050
2025-09-30 21:43:12.849 | INFO     | agents.servers.serverFedMSE:train_on_clients:76 - 20 clients still training at epoch #97
2025-09-30 21:43:49.067 | INFO     | agents.servers.serverFedMSE:train_on_clients:32 - Training FedMSE model epoch #98
2025-09-30 21:43:49.588 | INFO     | agents.servers.serverFedMSE:train_on_clients:54 - Client 1 gets new best val_loss at epoch #98: 0.001106
2025-09-30 21:43:50.870 | INFO     | agents.servers.serverFedMSE:train_on_clients:54 - Client 6 gets new best val_loss at epoch #98: 0.001079
2025-09-30 21:43:51.142 | INFO     | agents.servers.serverFedMSE:train_on_clients:54 - Client 7 gets new best val_loss at epoch #98: 0.001157
2025-09-30 21:43:51.947 | INFO     | agents.servers.serverFedMSE:train_on_clients:54 - Client 10 gets new best val_loss at epoch #98: 0.001051
2025-09-30 21:43:54.095 | INFO     | agents.servers.serverFedMSE:train_on_clients:54 - Client 18 gets new best val_loss at epoch #98: 0.001094
2025-09-30 21:43:54.364 | INFO     | agents.servers.serverFedMSE:train_on_clients:76 - 20 clients still training at epoch #98
2025-09-30 21:44:30.682 | INFO     | agents.servers.serverFedMSE:train_on_clients:32 - Training FedMSE model epoch #99
2025-09-30 21:44:32.292 | INFO     | agents.servers.serverFedMSE:train_on_clients:54 - Client 5 gets new best val_loss at epoch #99: 0.001139
2025-09-30 21:44:33.602 | INFO     | agents.servers.serverFedMSE:train_on_clients:54 - Client 10 gets new best val_loss at epoch #99: 0.001020
2025-09-30 21:44:34.115 | INFO     | agents.servers.serverFedMSE:train_on_clients:54 - Client 12 gets new best val_loss at epoch #99: 0.001096
2025-09-30 21:44:34.885 | INFO     | agents.servers.serverFedMSE:train_on_clients:54 - Client 15 gets new best val_loss at epoch #99: 0.001195
2025-09-30 21:44:35.156 | INFO     | agents.servers.serverFedMSE:train_on_clients:54 - Client 16 gets new best val_loss at epoch #99: 0.001021
2025-09-30 21:44:35.958 | INFO     | agents.servers.serverFedMSE:train_on_clients:76 - 20 clients still training at epoch #99
2025-09-30 21:45:12.157 | INFO     | agents.servers.serverFedMSE:train_on_clients:32 - Training FedMSE model epoch #100
2025-09-30 21:45:12.427 | INFO     | agents.servers.serverFedMSE:train_on_clients:70 - Saved model for client 0 at epoch 100 -> saved_models/FedMSE/FedMSE/wsn_ds/epoch_100_client_0.pt
2025-09-30 21:45:12.696 | INFO     | agents.servers.serverFedMSE:train_on_clients:70 - Saved model for client 1 at epoch 100 -> saved_models/FedMSE/FedMSE/wsn_ds/epoch_100_client_1.pt
2025-09-30 21:45:12.965 | INFO     | agents.servers.serverFedMSE:train_on_clients:70 - Saved model for client 2 at epoch 100 -> saved_models/FedMSE/FedMSE/wsn_ds/epoch_100_client_2.pt
2025-09-30 21:45:13.232 | INFO     | agents.servers.serverFedMSE:train_on_clients:70 - Saved model for client 3 at epoch 100 -> saved_models/FedMSE/FedMSE/wsn_ds/epoch_100_client_3.pt
2025-09-30 21:45:13.500 | INFO     | agents.servers.serverFedMSE:train_on_clients:70 - Saved model for client 4 at epoch 100 -> saved_models/FedMSE/FedMSE/wsn_ds/epoch_100_client_4.pt
2025-09-30 21:45:13.767 | INFO     | agents.servers.serverFedMSE:train_on_clients:70 - Saved model for client 5 at epoch 100 -> saved_models/FedMSE/FedMSE/wsn_ds/epoch_100_client_5.pt
2025-09-30 21:45:14.035 | INFO     | agents.servers.serverFedMSE:train_on_clients:54 - Client 6 gets new best val_loss at epoch #100: 0.001078
2025-09-30 21:45:14.037 | INFO     | agents.servers.serverFedMSE:train_on_clients:70 - Saved model for client 6 at epoch 100 -> saved_models/FedMSE/FedMSE/wsn_ds/epoch_100_client_6.pt
2025-09-30 21:45:14.306 | INFO     | agents.servers.serverFedMSE:train_on_clients:70 - Saved model for client 7 at epoch 100 -> saved_models/FedMSE/FedMSE/wsn_ds/epoch_100_client_7.pt
2025-09-30 21:45:14.575 | INFO     | agents.servers.serverFedMSE:train_on_clients:70 - Saved model for client 8 at epoch 100 -> saved_models/FedMSE/FedMSE/wsn_ds/epoch_100_client_8.pt
2025-09-30 21:45:14.843 | INFO     | agents.servers.serverFedMSE:train_on_clients:70 - Saved model for client 9 at epoch 100 -> saved_models/FedMSE/FedMSE/wsn_ds/epoch_100_client_9.pt
2025-09-30 21:45:15.110 | INFO     | agents.servers.serverFedMSE:train_on_clients:70 - Saved model for client 10 at epoch 100 -> saved_models/FedMSE/FedMSE/wsn_ds/epoch_100_client_10.pt
2025-09-30 21:45:15.378 | INFO     | agents.servers.serverFedMSE:train_on_clients:70 - Saved model for client 11 at epoch 100 -> saved_models/FedMSE/FedMSE/wsn_ds/epoch_100_client_11.pt
2025-09-30 21:45:15.646 | INFO     | agents.servers.serverFedMSE:train_on_clients:70 - Saved model for client 12 at epoch 100 -> saved_models/FedMSE/FedMSE/wsn_ds/epoch_100_client_12.pt
2025-09-30 21:45:15.915 | INFO     | agents.servers.serverFedMSE:train_on_clients:70 - Saved model for client 13 at epoch 100 -> saved_models/FedMSE/FedMSE/wsn_ds/epoch_100_client_13.pt
2025-09-30 21:45:16.185 | INFO     | agents.servers.serverFedMSE:train_on_clients:70 - Saved model for client 14 at epoch 100 -> saved_models/FedMSE/FedMSE/wsn_ds/epoch_100_client_14.pt
2025-09-30 21:45:16.453 | INFO     | agents.servers.serverFedMSE:train_on_clients:54 - Client 15 gets new best val_loss at epoch #100: 0.001192
2025-09-30 21:45:16.454 | INFO     | agents.servers.serverFedMSE:train_on_clients:70 - Saved model for client 15 at epoch 100 -> saved_models/FedMSE/FedMSE/wsn_ds/epoch_100_client_15.pt
2025-09-30 21:45:16.723 | INFO     | agents.servers.serverFedMSE:train_on_clients:70 - Saved model for client 16 at epoch 100 -> saved_models/FedMSE/FedMSE/wsn_ds/epoch_100_client_16.pt
2025-09-30 21:45:16.986 | INFO     | agents.servers.serverFedMSE:train_on_clients:70 - Saved model for client 17 at epoch 100 -> saved_models/FedMSE/FedMSE/wsn_ds/epoch_100_client_17.pt
2025-09-30 21:45:17.253 | INFO     | agents.servers.serverFedMSE:train_on_clients:70 - Saved model for client 18 at epoch 100 -> saved_models/FedMSE/FedMSE/wsn_ds/epoch_100_client_18.pt
2025-09-30 21:45:17.521 | INFO     | agents.servers.serverFedMSE:train_on_clients:54 - Client 19 gets new best val_loss at epoch #100: 0.001037
2025-09-30 21:45:17.522 | INFO     | agents.servers.serverFedMSE:train_on_clients:70 - Saved model for client 19 at epoch 100 -> saved_models/FedMSE/FedMSE/wsn_ds/epoch_100_client_19.pt
2025-09-30 21:45:17.523 | INFO     | agents.servers.serverFedMSE:train_on_clients:76 - 20 clients still training at epoch #100
2025-09-30 21:45:53.659 | INFO     | agents.servers.serverFedMSE:train_on_clients:32 - Training FedMSE model epoch #101
2025-09-30 21:45:53.933 | INFO     | agents.servers.serverFedMSE:train_on_clients:54 - Client 0 gets new best val_loss at epoch #101: 0.001014
2025-09-30 21:45:56.126 | INFO     | agents.servers.serverFedMSE:train_on_clients:54 - Client 8 gets new best val_loss at epoch #101: 0.001045
2025-09-30 21:45:56.694 | INFO     | agents.servers.serverFedMSE:train_on_clients:54 - Client 10 gets new best val_loss at epoch #101: 0.001016
2025-09-30 21:45:56.967 | INFO     | agents.servers.serverFedMSE:train_on_clients:54 - Client 11 gets new best val_loss at epoch #101: 0.001175
2025-09-30 21:45:58.032 | INFO     | agents.servers.serverFedMSE:train_on_clients:54 - Client 15 gets new best val_loss at epoch #101: 0.001168
2025-09-30 21:45:58.302 | INFO     | agents.servers.serverFedMSE:train_on_clients:54 - Client 16 gets new best val_loss at epoch #101: 0.001020
2025-09-30 21:45:59.107 | INFO     | agents.servers.serverFedMSE:train_on_clients:76 - 20 clients still training at epoch #101
2025-09-30 21:46:35.495 | INFO     | agents.servers.serverFedMSE:train_on_clients:32 - Training FedMSE model epoch #102
2025-09-30 21:46:36.032 | INFO     | agents.servers.serverFedMSE:train_on_clients:54 - Client 1 gets new best val_loss at epoch #102: 0.001089
2025-09-30 21:46:37.628 | INFO     | agents.servers.serverFedMSE:train_on_clients:54 - Client 7 gets new best val_loss at epoch #102: 0.001154
2025-09-30 21:46:38.162 | INFO     | agents.servers.serverFedMSE:train_on_clients:54 - Client 9 gets new best val_loss at epoch #102: 0.001100
2025-09-30 21:46:39.233 | INFO     | agents.servers.serverFedMSE:train_on_clients:54 - Client 13 gets new best val_loss at epoch #102: 0.001047
2025-09-30 21:46:40.572 | INFO     | agents.servers.serverFedMSE:train_on_clients:54 - Client 18 gets new best val_loss at epoch #102: 0.001081
2025-09-30 21:46:40.841 | INFO     | agents.servers.serverFedMSE:train_on_clients:54 - Client 19 gets new best val_loss at epoch #102: 0.001031
2025-09-30 21:46:40.842 | INFO     | agents.servers.serverFedMSE:train_on_clients:76 - 20 clients still training at epoch #102
2025-09-30 21:47:12.763 | INFO     | agents.servers.serverFedMSE:train_on_clients:32 - Training FedMSE model epoch #103
2025-09-30 21:47:13.014 | INFO     | agents.servers.serverFedMSE:train_on_clients:54 - Client 0 gets new best val_loss at epoch #103: 0.001009
2025-09-30 21:47:14.507 | INFO     | agents.servers.serverFedMSE:train_on_clients:54 - Client 6 gets new best val_loss at epoch #103: 0.001048
2025-09-30 21:47:15.497 | INFO     | agents.servers.serverFedMSE:train_on_clients:54 - Client 10 gets new best val_loss at epoch #103: 0.001007
2025-09-30 21:47:16.737 | INFO     | agents.servers.serverFedMSE:train_on_clients:54 - Client 15 gets new best val_loss at epoch #103: 0.001155
2025-09-30 21:47:17.477 | INFO     | agents.servers.serverFedMSE:train_on_clients:54 - Client 18 gets new best val_loss at epoch #103: 0.001064
2025-09-30 21:47:17.727 | INFO     | agents.servers.serverFedMSE:train_on_clients:76 - 20 clients still training at epoch #103
2025-09-30 21:47:47.671 | INFO     | agents.servers.serverFedMSE:train_on_clients:32 - Training FedMSE model epoch #104
2025-09-30 21:47:48.676 | INFO     | agents.servers.serverFedMSE:train_on_clients:54 - Client 3 gets new best val_loss at epoch #104: 0.001033
2025-09-30 21:47:51.174 | INFO     | agents.servers.serverFedMSE:train_on_clients:54 - Client 13 gets new best val_loss at epoch #104: 0.001017
2025-09-30 21:47:52.672 | INFO     | agents.servers.serverFedMSE:train_on_clients:54 - Client 19 gets new best val_loss at epoch #104: 0.001007
2025-09-30 21:47:52.673 | INFO     | agents.servers.serverFedMSE:train_on_clients:76 - 20 clients still training at epoch #104
2025-09-30 21:48:22.665 | INFO     | agents.servers.serverFedMSE:train_on_clients:32 - Training FedMSE model epoch #105
2025-09-30 21:48:22.917 | INFO     | agents.servers.serverFedMSE:train_on_clients:54 - Client 0 gets new best val_loss at epoch #105: 0.000987
2025-09-30 21:48:23.418 | INFO     | agents.servers.serverFedMSE:train_on_clients:54 - Client 2 gets new best val_loss at epoch #105: 0.000982
2025-09-30 21:48:24.411 | INFO     | agents.servers.serverFedMSE:train_on_clients:54 - Client 6 gets new best val_loss at epoch #105: 0.001031
2025-09-30 21:48:26.580 | INFO     | agents.servers.serverFedMSE:train_on_clients:54 - Client 15 gets new best val_loss at epoch #105: 0.001123
2025-09-30 21:48:26.816 | INFO     | agents.servers.serverFedMSE:train_on_clients:54 - Client 16 gets new best val_loss at epoch #105: 0.000994
2025-09-30 21:48:27.522 | INFO     | agents.servers.serverFedMSE:train_on_clients:76 - 20 clients still training at epoch #105
2025-09-30 21:48:57.491 | INFO     | agents.servers.serverFedMSE:train_on_clients:32 - Training FedMSE model epoch #106
2025-09-30 21:48:58.201 | INFO     | agents.servers.serverFedMSE:train_on_clients:54 - Client 2 gets new best val_loss at epoch #106: 0.000944
2025-09-30 21:48:58.673 | INFO     | agents.servers.serverFedMSE:train_on_clients:54 - Client 4 gets new best val_loss at epoch #106: 0.000915
2025-09-30 21:48:58.911 | INFO     | agents.servers.serverFedMSE:train_on_clients:54 - Client 5 gets new best val_loss at epoch #106: 0.001131
2025-09-30 21:48:59.619 | INFO     | agents.servers.serverFedMSE:train_on_clients:54 - Client 8 gets new best val_loss at epoch #106: 0.001010
2025-09-30 21:49:00.321 | INFO     | agents.servers.serverFedMSE:train_on_clients:54 - Client 11 gets new best val_loss at epoch #106: 0.001152
2025-09-30 21:49:01.027 | INFO     | agents.servers.serverFedMSE:train_on_clients:54 - Client 14 gets new best val_loss at epoch #106: 0.000925
2025-09-30 21:49:02.202 | INFO     | agents.servers.serverFedMSE:train_on_clients:54 - Client 19 gets new best val_loss at epoch #106: 0.000958
2025-09-30 21:49:02.204 | INFO     | agents.servers.serverFedMSE:train_on_clients:76 - 20 clients still training at epoch #106
2025-09-30 21:49:32.250 | INFO     | agents.servers.serverFedMSE:train_on_clients:32 - Training FedMSE model epoch #107
2025-09-30 21:49:32.488 | INFO     | agents.servers.serverFedMSE:train_on_clients:54 - Client 0 gets new best val_loss at epoch #107: 0.000960
2025-09-30 21:49:32.724 | INFO     | agents.servers.serverFedMSE:train_on_clients:54 - Client 1 gets new best val_loss at epoch #107: 0.001064
2025-09-30 21:49:32.961 | INFO     | agents.servers.serverFedMSE:train_on_clients:54 - Client 2 gets new best val_loss at epoch #107: 0.000929
2025-09-30 21:49:33.663 | INFO     | agents.servers.serverFedMSE:train_on_clients:54 - Client 5 gets new best val_loss at epoch #107: 0.001114
2025-09-30 21:49:33.899 | INFO     | agents.servers.serverFedMSE:train_on_clients:54 - Client 6 gets new best val_loss at epoch #107: 0.001007
2025-09-30 21:49:34.135 | INFO     | agents.servers.serverFedMSE:train_on_clients:54 - Client 7 gets new best val_loss at epoch #107: 0.001139
2025-09-30 21:49:34.604 | INFO     | agents.servers.serverFedMSE:train_on_clients:54 - Client 9 gets new best val_loss at epoch #107: 0.001096
2025-09-30 21:49:34.838 | INFO     | agents.servers.serverFedMSE:train_on_clients:54 - Client 10 gets new best val_loss at epoch #107: 0.000980
2025-09-30 21:49:35.308 | INFO     | agents.servers.serverFedMSE:train_on_clients:54 - Client 12 gets new best val_loss at epoch #107: 0.001094
2025-09-30 21:49:35.777 | INFO     | agents.servers.serverFedMSE:train_on_clients:54 - Client 14 gets new best val_loss at epoch #107: 0.000895
2025-09-30 21:49:36.013 | INFO     | agents.servers.serverFedMSE:train_on_clients:54 - Client 15 gets new best val_loss at epoch #107: 0.001113
2025-09-30 21:49:36.482 | INFO     | agents.servers.serverFedMSE:train_on_clients:54 - Client 17 gets new best val_loss at epoch #107: 0.001227
2025-09-30 21:49:36.950 | INFO     | agents.servers.serverFedMSE:train_on_clients:76 - 20 clients still training at epoch #107
2025-09-30 21:50:06.886 | INFO     | agents.servers.serverFedMSE:train_on_clients:32 - Training FedMSE model epoch #108
2025-09-30 21:50:07.357 | INFO     | agents.servers.serverFedMSE:train_on_clients:54 - Client 1 gets new best val_loss at epoch #108: 0.001043
2025-09-30 21:50:08.058 | INFO     | agents.servers.serverFedMSE:train_on_clients:54 - Client 4 gets new best val_loss at epoch #108: 0.000909
2025-09-30 21:50:09.229 | INFO     | agents.servers.serverFedMSE:train_on_clients:54 - Client 9 gets new best val_loss at epoch #108: 0.001084
2025-09-30 21:50:10.164 | INFO     | agents.servers.serverFedMSE:train_on_clients:54 - Client 13 gets new best val_loss at epoch #108: 0.001013
2025-09-30 21:50:11.568 | INFO     | agents.servers.serverFedMSE:train_on_clients:54 - Client 19 gets new best val_loss at epoch #108: 0.000949
2025-09-30 21:50:11.569 | INFO     | agents.servers.serverFedMSE:train_on_clients:76 - 20 clients still training at epoch #108
2025-09-30 21:50:41.515 | INFO     | agents.servers.serverFedMSE:train_on_clients:32 - Training FedMSE model epoch #109
2025-09-30 21:50:41.988 | INFO     | agents.servers.serverFedMSE:train_on_clients:54 - Client 1 gets new best val_loss at epoch #109: 0.001020
2025-09-30 21:50:42.223 | INFO     | agents.servers.serverFedMSE:train_on_clients:54 - Client 2 gets new best val_loss at epoch #109: 0.000912
2025-09-30 21:50:42.454 | INFO     | agents.servers.serverFedMSE:train_on_clients:54 - Client 3 gets new best val_loss at epoch #109: 0.001018
2025-09-30 21:50:42.690 | INFO     | agents.servers.serverFedMSE:train_on_clients:54 - Client 4 gets new best val_loss at epoch #109: 0.000906
2025-09-30 21:50:43.163 | INFO     | agents.servers.serverFedMSE:train_on_clients:54 - Client 6 gets new best val_loss at epoch #109: 0.000998
2025-09-30 21:50:43.634 | INFO     | agents.servers.serverFedMSE:train_on_clients:54 - Client 8 gets new best val_loss at epoch #109: 0.001002
2025-09-30 21:50:46.086 | INFO     | agents.servers.serverFedMSE:train_on_clients:54 - Client 18 gets new best val_loss at epoch #109: 0.001047
2025-09-30 21:50:46.335 | INFO     | agents.servers.serverFedMSE:train_on_clients:76 - 20 clients still training at epoch #109
2025-09-30 21:51:05.603 | INFO     | agents.servers.serverFedMSE:train_on_clients:32 - Training FedMSE model epoch #110
2025-09-30 21:51:05.834 | INFO     | agents.servers.serverFedMSE:train_on_clients:70 - Saved model for client 0 at epoch 110 -> saved_models/FedMSE/FedMSE/wsn_ds/epoch_110_client_0.pt
2025-09-30 21:51:06.050 | INFO     | agents.servers.serverFedMSE:train_on_clients:54 - Client 1 gets new best val_loss at epoch #110: 0.000990
2025-09-30 21:51:06.051 | INFO     | agents.servers.serverFedMSE:train_on_clients:70 - Saved model for client 1 at epoch 110 -> saved_models/FedMSE/FedMSE/wsn_ds/epoch_110_client_1.pt
2025-09-30 21:51:06.264 | INFO     | agents.servers.serverFedMSE:train_on_clients:70 - Saved model for client 2 at epoch 110 -> saved_models/FedMSE/FedMSE/wsn_ds/epoch_110_client_2.pt
2025-09-30 21:51:06.478 | INFO     | agents.servers.serverFedMSE:train_on_clients:70 - Saved model for client 3 at epoch 110 -> saved_models/FedMSE/FedMSE/wsn_ds/epoch_110_client_3.pt
2025-09-30 21:51:06.691 | INFO     | agents.servers.serverFedMSE:train_on_clients:70 - Saved model for client 4 at epoch 110 -> saved_models/FedMSE/FedMSE/wsn_ds/epoch_110_client_4.pt
2025-09-30 21:51:06.906 | INFO     | agents.servers.serverFedMSE:train_on_clients:70 - Saved model for client 5 at epoch 110 -> saved_models/FedMSE/FedMSE/wsn_ds/epoch_110_client_5.pt
2025-09-30 21:51:07.127 | INFO     | agents.servers.serverFedMSE:train_on_clients:54 - Client 6 gets new best val_loss at epoch #110: 0.000949
2025-09-30 21:51:07.128 | INFO     | agents.servers.serverFedMSE:train_on_clients:70 - Saved model for client 6 at epoch 110 -> saved_models/FedMSE/FedMSE/wsn_ds/epoch_110_client_6.pt
2025-09-30 21:51:07.347 | INFO     | agents.servers.serverFedMSE:train_on_clients:70 - Saved model for client 7 at epoch 110 -> saved_models/FedMSE/FedMSE/wsn_ds/epoch_110_client_7.pt
2025-09-30 21:51:07.566 | INFO     | agents.servers.serverFedMSE:train_on_clients:70 - Saved model for client 8 at epoch 110 -> saved_models/FedMSE/FedMSE/wsn_ds/epoch_110_client_8.pt
2025-09-30 21:51:07.785 | INFO     | agents.servers.serverFedMSE:train_on_clients:54 - Client 9 gets new best val_loss at epoch #110: 0.001074
2025-09-30 21:51:07.786 | INFO     | agents.servers.serverFedMSE:train_on_clients:70 - Saved model for client 9 at epoch 110 -> saved_models/FedMSE/FedMSE/wsn_ds/epoch_110_client_9.pt
2025-09-30 21:51:08.005 | INFO     | agents.servers.serverFedMSE:train_on_clients:70 - Saved model for client 10 at epoch 110 -> saved_models/FedMSE/FedMSE/wsn_ds/epoch_110_client_10.pt
2025-09-30 21:51:08.224 | INFO     | agents.servers.serverFedMSE:train_on_clients:70 - Saved model for client 11 at epoch 110 -> saved_models/FedMSE/FedMSE/wsn_ds/epoch_110_client_11.pt
2025-09-30 21:51:08.442 | INFO     | agents.servers.serverFedMSE:train_on_clients:70 - Saved model for client 12 at epoch 110 -> saved_models/FedMSE/FedMSE/wsn_ds/epoch_110_client_12.pt
2025-09-30 21:51:08.660 | INFO     | agents.servers.serverFedMSE:train_on_clients:70 - Saved model for client 13 at epoch 110 -> saved_models/FedMSE/FedMSE/wsn_ds/epoch_110_client_13.pt
2025-09-30 21:51:08.879 | INFO     | agents.servers.serverFedMSE:train_on_clients:70 - Saved model for client 14 at epoch 110 -> saved_models/FedMSE/FedMSE/wsn_ds/epoch_110_client_14.pt
2025-09-30 21:51:09.100 | INFO     | agents.servers.serverFedMSE:train_on_clients:70 - Saved model for client 15 at epoch 110 -> saved_models/FedMSE/FedMSE/wsn_ds/epoch_110_client_15.pt
2025-09-30 21:51:09.314 | INFO     | agents.servers.serverFedMSE:train_on_clients:54 - Client 16 gets new best val_loss at epoch #110: 0.000964
2025-09-30 21:51:09.315 | INFO     | agents.servers.serverFedMSE:train_on_clients:70 - Saved model for client 16 at epoch 110 -> saved_models/FedMSE/FedMSE/wsn_ds/epoch_110_client_16.pt
2025-09-30 21:51:09.529 | INFO     | agents.servers.serverFedMSE:train_on_clients:70 - Saved model for client 17 at epoch 110 -> saved_models/FedMSE/FedMSE/wsn_ds/epoch_110_client_17.pt
2025-09-30 21:51:09.741 | INFO     | agents.servers.serverFedMSE:train_on_clients:54 - Client 18 gets new best val_loss at epoch #110: 0.001022
2025-09-30 21:51:09.743 | INFO     | agents.servers.serverFedMSE:train_on_clients:70 - Saved model for client 18 at epoch 110 -> saved_models/FedMSE/FedMSE/wsn_ds/epoch_110_client_18.pt
2025-09-30 21:51:09.955 | INFO     | agents.servers.serverFedMSE:train_on_clients:70 - Saved model for client 19 at epoch 110 -> saved_models/FedMSE/FedMSE/wsn_ds/epoch_110_client_19.pt
2025-09-30 21:51:09.957 | INFO     | agents.servers.serverFedMSE:train_on_clients:76 - 20 clients still training at epoch #110
2025-09-30 21:51:23.351 | INFO     | agents.servers.serverFedMSE:train_on_clients:32 - Training FedMSE model epoch #111
2025-09-30 21:51:23.566 | INFO     | agents.servers.serverFedMSE:train_on_clients:54 - Client 0 gets new best val_loss at epoch #111: 0.000955
2025-09-30 21:51:24.627 | INFO     | agents.servers.serverFedMSE:train_on_clients:54 - Client 5 gets new best val_loss at epoch #111: 0.001079
2025-09-30 21:51:25.717 | INFO     | agents.servers.serverFedMSE:train_on_clients:54 - Client 10 gets new best val_loss at epoch #111: 0.000972
2025-09-30 21:51:27.568 | INFO     | agents.servers.serverFedMSE:train_on_clients:54 - Client 18 gets new best val_loss at epoch #111: 0.001017
2025-09-30 21:51:27.836 | INFO     | agents.servers.serverFedMSE:train_on_clients:76 - 20 clients still training at epoch #111
2025-09-30 21:51:41.411 | INFO     | agents.servers.serverFedMSE:train_on_clients:32 - Training FedMSE model epoch #112
2025-09-30 21:51:42.331 | INFO     | agents.servers.serverFedMSE:train_on_clients:54 - Client 3 gets new best val_loss at epoch #112: 0.000997
2025-09-30 21:51:42.788 | INFO     | agents.servers.serverFedMSE:train_on_clients:54 - Client 5 gets new best val_loss at epoch #112: 0.001072
2025-09-30 21:51:43.253 | INFO     | agents.servers.serverFedMSE:train_on_clients:54 - Client 7 gets new best val_loss at epoch #112: 0.001105
2025-09-30 21:51:44.162 | INFO     | agents.servers.serverFedMSE:train_on_clients:54 - Client 11 gets new best val_loss at epoch #112: 0.001122
2025-09-30 21:51:44.390 | INFO     | agents.servers.serverFedMSE:train_on_clients:54 - Client 12 gets new best val_loss at epoch #112: 0.001079
2025-09-30 21:51:44.849 | INFO     | agents.servers.serverFedMSE:train_on_clients:54 - Client 14 gets new best val_loss at epoch #112: 0.000868
2025-09-30 21:51:45.086 | INFO     | agents.servers.serverFedMSE:train_on_clients:54 - Client 15 gets new best val_loss at epoch #112: 0.001104
2025-09-30 21:51:45.776 | INFO     | agents.servers.serverFedMSE:train_on_clients:54 - Client 18 gets new best val_loss at epoch #112: 0.001005
2025-09-30 21:51:46.007 | INFO     | agents.servers.serverFedMSE:train_on_clients:76 - 20 clients still training at epoch #112
2025-09-30 21:51:59.466 | INFO     | agents.servers.serverFedMSE:train_on_clients:32 - Training FedMSE model epoch #113
2025-09-30 21:51:59.928 | INFO     | agents.servers.serverFedMSE:train_on_clients:54 - Client 1 gets new best val_loss at epoch #113: 0.000986
2025-09-30 21:52:00.619 | INFO     | agents.servers.serverFedMSE:train_on_clients:54 - Client 4 gets new best val_loss at epoch #113: 0.000896
2025-09-30 21:52:00.851 | INFO     | agents.servers.serverFedMSE:train_on_clients:54 - Client 5 gets new best val_loss at epoch #113: 0.001054
2025-09-30 21:52:02.003 | INFO     | agents.servers.serverFedMSE:train_on_clients:54 - Client 10 gets new best val_loss at epoch #113: 0.000943
2025-09-30 21:52:02.463 | INFO     | agents.servers.serverFedMSE:train_on_clients:54 - Client 12 gets new best val_loss at epoch #113: 0.001044
2025-09-30 21:52:02.694 | INFO     | agents.servers.serverFedMSE:train_on_clients:54 - Client 13 gets new best val_loss at epoch #113: 0.000993
2025-09-30 21:52:04.015 | INFO     | agents.servers.serverFedMSE:train_on_clients:76 - 20 clients still training at epoch #113
2025-09-30 21:52:17.541 | INFO     | agents.servers.serverFedMSE:train_on_clients:32 - Training FedMSE model epoch #114
2025-09-30 21:52:18.458 | INFO     | agents.servers.serverFedMSE:train_on_clients:54 - Client 3 gets new best val_loss at epoch #114: 0.000988
2025-09-30 21:52:19.828 | INFO     | agents.servers.serverFedMSE:train_on_clients:54 - Client 9 gets new best val_loss at epoch #114: 0.001070
2025-09-30 21:52:21.886 | INFO     | agents.servers.serverFedMSE:train_on_clients:54 - Client 18 gets new best val_loss at epoch #114: 0.001004
2025-09-30 21:52:22.116 | INFO     | agents.servers.serverFedMSE:train_on_clients:76 - 20 clients still training at epoch #114
2025-09-30 21:52:35.783 | INFO     | agents.servers.serverFedMSE:train_on_clients:32 - Training FedMSE model epoch #115
2025-09-30 21:52:36.477 | INFO     | agents.servers.serverFedMSE:train_on_clients:54 - Client 2 gets new best val_loss at epoch #115: 0.000898
2025-09-30 21:52:36.943 | INFO     | agents.servers.serverFedMSE:train_on_clients:54 - Client 4 gets new best val_loss at epoch #115: 0.000893
2025-09-30 21:52:38.100 | INFO     | agents.servers.serverFedMSE:train_on_clients:54 - Client 9 gets new best val_loss at epoch #115: 0.001063
2025-09-30 21:52:39.702 | INFO     | agents.servers.serverFedMSE:train_on_clients:54 - Client 16 gets new best val_loss at epoch #115: 0.000924
2025-09-30 21:52:40.387 | INFO     | agents.servers.serverFedMSE:train_on_clients:76 - 20 clients still training at epoch #115
2025-09-30 21:52:53.860 | INFO     | agents.servers.serverFedMSE:train_on_clients:32 - Training FedMSE model epoch #116
2025-09-30 21:52:54.508 | INFO     | agents.servers.serverFedMSE:train_on_clients:54 - Client 2 gets new best val_loss at epoch #116: 0.000888
2025-09-30 21:52:56.435 | INFO     | agents.servers.serverFedMSE:train_on_clients:54 - Client 11 gets new best val_loss at epoch #116: 0.001103
2025-09-30 21:52:56.864 | INFO     | agents.servers.serverFedMSE:train_on_clients:54 - Client 13 gets new best val_loss at epoch #116: 0.000983
2025-09-30 21:52:58.013 | INFO     | agents.servers.serverFedMSE:train_on_clients:54 - Client 18 gets new best val_loss at epoch #116: 0.000979
2025-09-30 21:52:58.243 | INFO     | agents.servers.serverFedMSE:train_on_clients:76 - 20 clients still training at epoch #116
2025-09-30 21:53:11.724 | INFO     | agents.servers.serverFedMSE:train_on_clients:32 - Training FedMSE model epoch #117
2025-09-30 21:53:12.418 | INFO     | agents.servers.serverFedMSE:train_on_clients:54 - Client 2 gets new best val_loss at epoch #117: 0.000872
2025-09-30 21:53:12.641 | INFO     | agents.servers.serverFedMSE:train_on_clients:54 - Client 3 gets new best val_loss at epoch #117: 0.000943
2025-09-30 21:53:13.317 | INFO     | agents.servers.serverFedMSE:train_on_clients:54 - Client 6 gets new best val_loss at epoch #117: 0.000937
2025-09-30 21:53:13.549 | INFO     | agents.servers.serverFedMSE:train_on_clients:54 - Client 7 gets new best val_loss at epoch #117: 0.001097
2025-09-30 21:53:13.782 | INFO     | agents.servers.serverFedMSE:train_on_clients:54 - Client 8 gets new best val_loss at epoch #117: 0.000951
2025-09-30 21:53:14.471 | INFO     | agents.servers.serverFedMSE:train_on_clients:54 - Client 11 gets new best val_loss at epoch #117: 0.001089
2025-09-30 21:53:15.842 | INFO     | agents.servers.serverFedMSE:train_on_clients:54 - Client 17 gets new best val_loss at epoch #117: 0.001219
2025-09-30 21:53:16.302 | INFO     | agents.servers.serverFedMSE:train_on_clients:76 - 20 clients still training at epoch #117
2025-09-30 21:53:29.666 | INFO     | agents.servers.serverFedMSE:train_on_clients:32 - Training FedMSE model epoch #118
2025-09-30 21:53:30.129 | INFO     | agents.servers.serverFedMSE:train_on_clients:54 - Client 1 gets new best val_loss at epoch #118: 0.000982
2025-09-30 21:53:31.050 | INFO     | agents.servers.serverFedMSE:train_on_clients:54 - Client 5 gets new best val_loss at epoch #118: 0.001026
2025-09-30 21:53:31.972 | INFO     | agents.servers.serverFedMSE:train_on_clients:54 - Client 9 gets new best val_loss at epoch #118: 0.001053
2025-09-30 21:53:32.432 | INFO     | agents.servers.serverFedMSE:train_on_clients:54 - Client 11 gets new best val_loss at epoch #118: 0.001085
2025-09-30 21:53:33.593 | INFO     | agents.servers.serverFedMSE:train_on_clients:54 - Client 16 gets new best val_loss at epoch #118: 0.000916
2025-09-30 21:53:34.279 | INFO     | agents.servers.serverFedMSE:train_on_clients:76 - 20 clients still training at epoch #118
2025-09-30 21:53:47.919 | INFO     | agents.servers.serverFedMSE:train_on_clients:32 - Training FedMSE model epoch #119
2025-09-30 21:53:49.079 | INFO     | agents.servers.serverFedMSE:train_on_clients:54 - Client 4 gets new best val_loss at epoch #119: 0.000877
2025-09-30 21:53:50.235 | INFO     | agents.servers.serverFedMSE:train_on_clients:54 - Client 9 gets new best val_loss at epoch #119: 0.001051
2025-09-30 21:53:50.694 | INFO     | agents.servers.serverFedMSE:train_on_clients:54 - Client 11 gets new best val_loss at epoch #119: 0.001043
2025-09-30 21:53:52.078 | INFO     | agents.servers.serverFedMSE:train_on_clients:54 - Client 17 gets new best val_loss at epoch #119: 0.001214
2025-09-30 21:53:52.310 | INFO     | agents.servers.serverFedMSE:train_on_clients:54 - Client 18 gets new best val_loss at epoch #119: 0.000959
2025-09-30 21:53:52.540 | INFO     | agents.servers.serverFedMSE:train_on_clients:76 - 20 clients still training at epoch #119
2025-09-30 21:54:05.972 | INFO     | agents.servers.serverFedMSE:train_on_clients:32 - Training FedMSE model epoch #120
2025-09-30 21:54:06.206 | INFO     | agents.servers.serverFedMSE:train_on_clients:70 - Saved model for client 0 at epoch 120 -> saved_models/FedMSE/FedMSE/wsn_ds/epoch_120_client_0.pt
2025-09-30 21:54:06.437 | INFO     | agents.servers.serverFedMSE:train_on_clients:54 - Client 1 gets new best val_loss at epoch #120: 0.000959
2025-09-30 21:54:06.439 | INFO     | agents.servers.serverFedMSE:train_on_clients:70 - Saved model for client 1 at epoch 120 -> saved_models/FedMSE/FedMSE/wsn_ds/epoch_120_client_1.pt
2025-09-30 21:54:06.670 | INFO     | agents.servers.serverFedMSE:train_on_clients:70 - Saved model for client 2 at epoch 120 -> saved_models/FedMSE/FedMSE/wsn_ds/epoch_120_client_2.pt
2025-09-30 21:54:06.903 | INFO     | agents.servers.serverFedMSE:train_on_clients:70 - Saved model for client 3 at epoch 120 -> saved_models/FedMSE/FedMSE/wsn_ds/epoch_120_client_3.pt
2025-09-30 21:54:07.137 | INFO     | agents.servers.serverFedMSE:train_on_clients:70 - Saved model for client 4 at epoch 120 -> saved_models/FedMSE/FedMSE/wsn_ds/epoch_120_client_4.pt
2025-09-30 21:54:07.367 | INFO     | agents.servers.serverFedMSE:train_on_clients:70 - Saved model for client 5 at epoch 120 -> saved_models/FedMSE/FedMSE/wsn_ds/epoch_120_client_5.pt
2025-09-30 21:54:07.600 | INFO     | agents.servers.serverFedMSE:train_on_clients:54 - Client 6 gets new best val_loss at epoch #120: 0.000923
2025-09-30 21:54:07.601 | INFO     | agents.servers.serverFedMSE:train_on_clients:70 - Saved model for client 6 at epoch 120 -> saved_models/FedMSE/FedMSE/wsn_ds/epoch_120_client_6.pt
2025-09-30 21:54:07.835 | INFO     | agents.servers.serverFedMSE:train_on_clients:70 - Saved model for client 7 at epoch 120 -> saved_models/FedMSE/FedMSE/wsn_ds/epoch_120_client_7.pt
2025-09-30 21:54:08.065 | INFO     | agents.servers.serverFedMSE:train_on_clients:70 - Saved model for client 8 at epoch 120 -> saved_models/FedMSE/FedMSE/wsn_ds/epoch_120_client_8.pt
2025-09-30 21:54:08.295 | INFO     | agents.servers.serverFedMSE:train_on_clients:70 - Saved model for client 9 at epoch 120 -> saved_models/FedMSE/FedMSE/wsn_ds/epoch_120_client_9.pt
2025-09-30 21:54:08.525 | INFO     | agents.servers.serverFedMSE:train_on_clients:70 - Saved model for client 10 at epoch 120 -> saved_models/FedMSE/FedMSE/wsn_ds/epoch_120_client_10.pt
2025-09-30 21:54:08.754 | INFO     | agents.servers.serverFedMSE:train_on_clients:70 - Saved model for client 11 at epoch 120 -> saved_models/FedMSE/FedMSE/wsn_ds/epoch_120_client_11.pt
2025-09-30 21:54:08.984 | INFO     | agents.servers.serverFedMSE:train_on_clients:54 - Client 12 gets new best val_loss at epoch #120: 0.001033
2025-09-30 21:54:08.988 | INFO     | agents.servers.serverFedMSE:train_on_clients:70 - Saved model for client 12 at epoch 120 -> saved_models/FedMSE/FedMSE/wsn_ds/epoch_120_client_12.pt
2025-09-30 21:54:09.220 | INFO     | agents.servers.serverFedMSE:train_on_clients:70 - Saved model for client 13 at epoch 120 -> saved_models/FedMSE/FedMSE/wsn_ds/epoch_120_client_13.pt
2025-09-30 21:54:09.452 | INFO     | agents.servers.serverFedMSE:train_on_clients:70 - Saved model for client 14 at epoch 120 -> saved_models/FedMSE/FedMSE/wsn_ds/epoch_120_client_14.pt
2025-09-30 21:54:09.680 | INFO     | agents.servers.serverFedMSE:train_on_clients:70 - Saved model for client 15 at epoch 120 -> saved_models/FedMSE/FedMSE/wsn_ds/epoch_120_client_15.pt
2025-09-30 21:54:09.915 | INFO     | agents.servers.serverFedMSE:train_on_clients:54 - Client 16 gets new best val_loss at epoch #120: 0.000904
2025-09-30 21:54:09.917 | INFO     | agents.servers.serverFedMSE:train_on_clients:70 - Saved model for client 16 at epoch 120 -> saved_models/FedMSE/FedMSE/wsn_ds/epoch_120_client_16.pt
2025-09-30 21:54:10.149 | INFO     | agents.servers.serverFedMSE:train_on_clients:70 - Saved model for client 17 at epoch 120 -> saved_models/FedMSE/FedMSE/wsn_ds/epoch_120_client_17.pt
2025-09-30 21:54:10.379 | INFO     | agents.servers.serverFedMSE:train_on_clients:70 - Saved model for client 18 at epoch 120 -> saved_models/FedMSE/FedMSE/wsn_ds/epoch_120_client_18.pt
2025-09-30 21:54:10.610 | INFO     | agents.servers.serverFedMSE:train_on_clients:70 - Saved model for client 19 at epoch 120 -> saved_models/FedMSE/FedMSE/wsn_ds/epoch_120_client_19.pt
2025-09-30 21:54:10.611 | INFO     | agents.servers.serverFedMSE:train_on_clients:76 - 20 clients still training at epoch #120
2025-09-30 21:54:24.064 | INFO     | agents.servers.serverFedMSE:train_on_clients:32 - Training FedMSE model epoch #121
2025-09-30 21:54:24.753 | INFO     | agents.servers.serverFedMSE:train_on_clients:54 - Client 2 gets new best val_loss at epoch #121: 0.000864
2025-09-30 21:54:26.796 | INFO     | agents.servers.serverFedMSE:train_on_clients:54 - Client 11 gets new best val_loss at epoch #121: 0.001042
2025-09-30 21:54:27.026 | INFO     | agents.servers.serverFedMSE:train_on_clients:54 - Client 12 gets new best val_loss at epoch #121: 0.000969
2025-09-30 21:54:27.711 | INFO     | agents.servers.serverFedMSE:train_on_clients:54 - Client 15 gets new best val_loss at epoch #121: 0.001037
2025-09-30 21:54:28.167 | INFO     | agents.servers.serverFedMSE:train_on_clients:54 - Client 17 gets new best val_loss at epoch #121: 0.001199
2025-09-30 21:54:28.623 | INFO     | agents.servers.serverFedMSE:train_on_clients:54 - Client 19 gets new best val_loss at epoch #121: 0.000938
2025-09-30 21:54:28.625 | INFO     | agents.servers.serverFedMSE:train_on_clients:76 - 20 clients still training at epoch #121
2025-09-30 21:54:42.257 | INFO     | agents.servers.serverFedMSE:train_on_clients:32 - Training FedMSE model epoch #122
2025-09-30 21:54:43.416 | INFO     | agents.servers.serverFedMSE:train_on_clients:54 - Client 4 gets new best val_loss at epoch #122: 0.000816
2025-09-30 21:54:43.652 | INFO     | agents.servers.serverFedMSE:train_on_clients:54 - Client 5 gets new best val_loss at epoch #122: 0.000988
2025-09-30 21:54:43.885 | INFO     | agents.servers.serverFedMSE:train_on_clients:54 - Client 6 gets new best val_loss at epoch #122: 0.000918
2025-09-30 21:54:44.574 | INFO     | agents.servers.serverFedMSE:train_on_clients:54 - Client 9 gets new best val_loss at epoch #122: 0.001037
2025-09-30 21:54:45.294 | INFO     | agents.servers.serverFedMSE:train_on_clients:54 - Client 12 gets new best val_loss at epoch #122: 0.000967
2025-09-30 21:54:45.755 | INFO     | agents.servers.serverFedMSE:train_on_clients:54 - Client 14 gets new best val_loss at epoch #122: 0.000865
2025-09-30 21:54:46.942 | INFO     | agents.servers.serverFedMSE:train_on_clients:76 - 20 clients still training at epoch #122
2025-09-30 21:55:00.528 | INFO     | agents.servers.serverFedMSE:train_on_clients:32 - Training FedMSE model epoch #123
2025-09-30 21:55:00.994 | INFO     | agents.servers.serverFedMSE:train_on_clients:54 - Client 1 gets new best val_loss at epoch #123: 0.000923
2025-09-30 21:55:02.379 | INFO     | agents.servers.serverFedMSE:train_on_clients:54 - Client 7 gets new best val_loss at epoch #123: 0.001061
2025-09-30 21:55:02.848 | INFO     | agents.servers.serverFedMSE:train_on_clients:54 - Client 9 gets new best val_loss at epoch #123: 0.001028
2025-09-30 21:55:03.308 | INFO     | agents.servers.serverFedMSE:train_on_clients:54 - Client 11 gets new best val_loss at epoch #123: 0.001032
2025-09-30 21:55:03.539 | INFO     | agents.servers.serverFedMSE:train_on_clients:54 - Client 12 gets new best val_loss at epoch #123: 0.000910
2025-09-30 21:55:03.769 | INFO     | agents.servers.serverFedMSE:train_on_clients:54 - Client 13 gets new best val_loss at epoch #123: 0.000979
2025-09-30 21:55:04.684 | INFO     | agents.servers.serverFedMSE:train_on_clients:54 - Client 17 gets new best val_loss at epoch #123: 0.001139
2025-09-30 21:55:05.142 | INFO     | agents.servers.serverFedMSE:train_on_clients:76 - 20 clients still training at epoch #123
2025-09-30 21:55:18.635 | INFO     | agents.servers.serverFedMSE:train_on_clients:32 - Training FedMSE model epoch #124
2025-09-30 21:55:23.240 | INFO     | agents.servers.serverFedMSE:train_on_clients:76 - 20 clients still training at epoch #124
2025-09-30 21:55:36.688 | INFO     | agents.servers.serverFedMSE:train_on_clients:32 - Training FedMSE model epoch #125
2025-09-30 21:55:36.924 | INFO     | agents.servers.serverFedMSE:train_on_clients:54 - Client 0 gets new best val_loss at epoch #125: 0.000902
2025-09-30 21:55:37.159 | INFO     | agents.servers.serverFedMSE:train_on_clients:54 - Client 1 gets new best val_loss at epoch #125: 0.000900
2025-09-30 21:55:37.391 | INFO     | agents.servers.serverFedMSE:train_on_clients:54 - Client 2 gets new best val_loss at epoch #125: 0.000857
2025-09-30 21:55:38.546 | INFO     | agents.servers.serverFedMSE:train_on_clients:54 - Client 7 gets new best val_loss at epoch #125: 0.001034
2025-09-30 21:55:39.240 | INFO     | agents.servers.serverFedMSE:train_on_clients:54 - Client 10 gets new best val_loss at epoch #125: 0.000904
2025-09-30 21:55:39.472 | INFO     | agents.servers.serverFedMSE:train_on_clients:54 - Client 11 gets new best val_loss at epoch #125: 0.001021
2025-09-30 21:55:40.846 | INFO     | agents.servers.serverFedMSE:train_on_clients:54 - Client 17 gets new best val_loss at epoch #125: 0.001129
2025-09-30 21:55:41.077 | INFO     | agents.servers.serverFedMSE:train_on_clients:54 - Client 18 gets new best val_loss at epoch #125: 0.000952
2025-09-30 21:55:41.307 | INFO     | agents.servers.serverFedMSE:train_on_clients:76 - 20 clients still training at epoch #125
2025-09-30 21:55:54.878 | INFO     | agents.servers.serverFedMSE:train_on_clients:32 - Training FedMSE model epoch #126
2025-09-30 21:55:56.034 | INFO     | agents.servers.serverFedMSE:train_on_clients:54 - Client 4 gets new best val_loss at epoch #126: 0.000809
2025-09-30 21:55:57.632 | INFO     | agents.servers.serverFedMSE:train_on_clients:54 - Client 11 gets new best val_loss at epoch #126: 0.001008
2025-09-30 21:55:58.090 | INFO     | agents.servers.serverFedMSE:train_on_clients:54 - Client 13 gets new best val_loss at epoch #126: 0.000899
2025-09-30 21:55:58.777 | INFO     | agents.servers.serverFedMSE:train_on_clients:54 - Client 16 gets new best val_loss at epoch #126: 0.000889
2025-09-30 21:55:59.467 | INFO     | agents.servers.serverFedMSE:train_on_clients:54 - Client 19 gets new best val_loss at epoch #126: 0.000908
2025-09-30 21:55:59.468 | INFO     | agents.servers.serverFedMSE:train_on_clients:76 - 20 clients still training at epoch #126
2025-09-30 21:56:12.895 | INFO     | agents.servers.serverFedMSE:train_on_clients:32 - Training FedMSE model epoch #127
2025-09-30 21:56:13.587 | INFO     | agents.servers.serverFedMSE:train_on_clients:54 - Client 2 gets new best val_loss at epoch #127: 0.000837
2025-09-30 21:56:17.493 | INFO     | agents.servers.serverFedMSE:train_on_clients:54 - Client 19 gets new best val_loss at epoch #127: 0.000900
2025-09-30 21:56:17.495 | INFO     | agents.servers.serverFedMSE:train_on_clients:76 - 20 clients still training at epoch #127
2025-09-30 21:56:30.934 | INFO     | agents.servers.serverFedMSE:train_on_clients:32 - Training FedMSE model epoch #128
2025-09-30 21:56:33.010 | INFO     | agents.servers.serverFedMSE:train_on_clients:54 - Client 8 gets new best val_loss at epoch #128: 0.000942
2025-09-30 21:56:33.244 | INFO     | agents.servers.serverFedMSE:train_on_clients:54 - Client 9 gets new best val_loss at epoch #128: 0.000918
2025-09-30 21:56:34.622 | INFO     | agents.servers.serverFedMSE:train_on_clients:54 - Client 15 gets new best val_loss at epoch #128: 0.001009
2025-09-30 21:56:34.857 | INFO     | agents.servers.serverFedMSE:train_on_clients:54 - Client 16 gets new best val_loss at epoch #128: 0.000883
2025-09-30 21:56:35.551 | INFO     | agents.servers.serverFedMSE:train_on_clients:76 - 20 clients still training at epoch #128
2025-09-30 21:56:49.056 | INFO     | agents.servers.serverFedMSE:train_on_clients:32 - Training FedMSE model epoch #129
2025-09-30 21:56:49.516 | INFO     | agents.servers.serverFedMSE:train_on_clients:54 - Client 1 gets new best val_loss at epoch #129: 0.000881
2025-09-30 21:56:49.748 | INFO     | agents.servers.serverFedMSE:train_on_clients:54 - Client 2 gets new best val_loss at epoch #129: 0.000827
2025-09-30 21:56:49.980 | INFO     | agents.servers.serverFedMSE:train_on_clients:54 - Client 3 gets new best val_loss at epoch #129: 0.000929
2025-09-30 21:56:50.438 | INFO     | agents.servers.serverFedMSE:train_on_clients:54 - Client 5 gets new best val_loss at epoch #129: 0.000944
2025-09-30 21:56:50.898 | INFO     | agents.servers.serverFedMSE:train_on_clients:54 - Client 7 gets new best val_loss at epoch #129: 0.001029
2025-09-30 21:56:51.354 | INFO     | agents.servers.serverFedMSE:train_on_clients:54 - Client 9 gets new best val_loss at epoch #129: 0.000918
2025-09-30 21:56:51.814 | INFO     | agents.servers.serverFedMSE:train_on_clients:54 - Client 11 gets new best val_loss at epoch #129: 0.000994
2025-09-30 21:56:52.048 | INFO     | agents.servers.serverFedMSE:train_on_clients:54 - Client 12 gets new best val_loss at epoch #129: 0.000882
2025-09-30 21:56:52.504 | INFO     | agents.servers.serverFedMSE:train_on_clients:54 - Client 14 gets new best val_loss at epoch #129: 0.000824
2025-09-30 21:56:53.188 | INFO     | agents.servers.serverFedMSE:train_on_clients:54 - Client 17 gets new best val_loss at epoch #129: 0.001098
2025-09-30 21:56:53.645 | INFO     | agents.servers.serverFedMSE:train_on_clients:54 - Client 19 gets new best val_loss at epoch #129: 0.000860
2025-09-30 21:56:53.646 | INFO     | agents.servers.serverFedMSE:train_on_clients:76 - 20 clients still training at epoch #129
2025-09-30 21:57:07.240 | INFO     | agents.servers.serverFedMSE:train_on_clients:32 - Training FedMSE model epoch #130
2025-09-30 21:57:07.475 | INFO     | agents.servers.serverFedMSE:train_on_clients:70 - Saved model for client 0 at epoch 130 -> saved_models/FedMSE/FedMSE/wsn_ds/epoch_130_client_0.pt
2025-09-30 21:57:07.707 | INFO     | agents.servers.serverFedMSE:train_on_clients:70 - Saved model for client 1 at epoch 130 -> saved_models/FedMSE/FedMSE/wsn_ds/epoch_130_client_1.pt
2025-09-30 21:57:07.939 | INFO     | agents.servers.serverFedMSE:train_on_clients:54 - Client 2 gets new best val_loss at epoch #130: 0.000826
2025-09-30 21:57:07.941 | INFO     | agents.servers.serverFedMSE:train_on_clients:70 - Saved model for client 2 at epoch 130 -> saved_models/FedMSE/FedMSE/wsn_ds/epoch_130_client_2.pt
2025-09-30 21:57:08.172 | INFO     | agents.servers.serverFedMSE:train_on_clients:70 - Saved model for client 3 at epoch 130 -> saved_models/FedMSE/FedMSE/wsn_ds/epoch_130_client_3.pt
2025-09-30 21:57:08.403 | INFO     | agents.servers.serverFedMSE:train_on_clients:70 - Saved model for client 4 at epoch 130 -> saved_models/FedMSE/FedMSE/wsn_ds/epoch_130_client_4.pt
2025-09-30 21:57:08.636 | INFO     | agents.servers.serverFedMSE:train_on_clients:54 - Client 5 gets new best val_loss at epoch #130: 0.000942
2025-09-30 21:57:08.637 | INFO     | agents.servers.serverFedMSE:train_on_clients:70 - Saved model for client 5 at epoch 130 -> saved_models/FedMSE/FedMSE/wsn_ds/epoch_130_client_5.pt
2025-09-30 21:57:08.867 | INFO     | agents.servers.serverFedMSE:train_on_clients:54 - Client 6 gets new best val_loss at epoch #130: 0.000898
2025-09-30 21:57:08.869 | INFO     | agents.servers.serverFedMSE:train_on_clients:70 - Saved model for client 6 at epoch 130 -> saved_models/FedMSE/FedMSE/wsn_ds/epoch_130_client_6.pt
2025-09-30 21:57:09.100 | INFO     | agents.servers.serverFedMSE:train_on_clients:70 - Saved model for client 7 at epoch 130 -> saved_models/FedMSE/FedMSE/wsn_ds/epoch_130_client_7.pt
2025-09-30 21:57:09.332 | INFO     | agents.servers.serverFedMSE:train_on_clients:70 - Saved model for client 8 at epoch 130 -> saved_models/FedMSE/FedMSE/wsn_ds/epoch_130_client_8.pt
2025-09-30 21:57:09.565 | INFO     | agents.servers.serverFedMSE:train_on_clients:54 - Client 9 gets new best val_loss at epoch #130: 0.000909
2025-09-30 21:57:09.566 | INFO     | agents.servers.serverFedMSE:train_on_clients:70 - Saved model for client 9 at epoch 130 -> saved_models/FedMSE/FedMSE/wsn_ds/epoch_130_client_9.pt
2025-09-30 21:57:09.798 | INFO     | agents.servers.serverFedMSE:train_on_clients:70 - Saved model for client 10 at epoch 130 -> saved_models/FedMSE/FedMSE/wsn_ds/epoch_130_client_10.pt
2025-09-30 21:57:10.035 | INFO     | agents.servers.serverFedMSE:train_on_clients:70 - Saved model for client 11 at epoch 130 -> saved_models/FedMSE/FedMSE/wsn_ds/epoch_130_client_11.pt
2025-09-30 21:57:10.269 | INFO     | agents.servers.serverFedMSE:train_on_clients:70 - Saved model for client 12 at epoch 130 -> saved_models/FedMSE/FedMSE/wsn_ds/epoch_130_client_12.pt
2025-09-30 21:57:10.506 | INFO     | agents.servers.serverFedMSE:train_on_clients:70 - Saved model for client 13 at epoch 130 -> saved_models/FedMSE/FedMSE/wsn_ds/epoch_130_client_13.pt
2025-09-30 21:57:10.737 | INFO     | agents.servers.serverFedMSE:train_on_clients:70 - Saved model for client 14 at epoch 130 -> saved_models/FedMSE/FedMSE/wsn_ds/epoch_130_client_14.pt
2025-09-30 21:57:10.967 | INFO     | agents.servers.serverFedMSE:train_on_clients:70 - Saved model for client 15 at epoch 130 -> saved_models/FedMSE/FedMSE/wsn_ds/epoch_130_client_15.pt
2025-09-30 21:57:11.198 | INFO     | agents.servers.serverFedMSE:train_on_clients:70 - Saved model for client 16 at epoch 130 -> saved_models/FedMSE/FedMSE/wsn_ds/epoch_130_client_16.pt
2025-09-30 21:57:11.429 | INFO     | agents.servers.serverFedMSE:train_on_clients:70 - Saved model for client 17 at epoch 130 -> saved_models/FedMSE/FedMSE/wsn_ds/epoch_130_client_17.pt
2025-09-30 21:57:11.657 | INFO     | agents.servers.serverFedMSE:train_on_clients:70 - Saved model for client 18 at epoch 130 -> saved_models/FedMSE/FedMSE/wsn_ds/epoch_130_client_18.pt
2025-09-30 21:57:11.888 | INFO     | agents.servers.serverFedMSE:train_on_clients:70 - Saved model for client 19 at epoch 130 -> saved_models/FedMSE/FedMSE/wsn_ds/epoch_130_client_19.pt
2025-09-30 21:57:11.889 | INFO     | agents.servers.serverFedMSE:train_on_clients:76 - 20 clients still training at epoch #130
2025-09-30 21:57:25.365 | INFO     | agents.servers.serverFedMSE:train_on_clients:32 - Training FedMSE model epoch #131
2025-09-30 21:57:25.833 | INFO     | agents.servers.serverFedMSE:train_on_clients:54 - Client 1 gets new best val_loss at epoch #131: 0.000861
2025-09-30 21:57:26.064 | INFO     | agents.servers.serverFedMSE:train_on_clients:54 - Client 2 gets new best val_loss at epoch #131: 0.000820
2025-09-30 21:57:26.294 | INFO     | agents.servers.serverFedMSE:train_on_clients:54 - Client 3 gets new best val_loss at epoch #131: 0.000928
2025-09-30 21:57:26.526 | INFO     | agents.servers.serverFedMSE:train_on_clients:54 - Client 4 gets new best val_loss at epoch #131: 0.000788
2025-09-30 21:57:26.760 | INFO     | agents.servers.serverFedMSE:train_on_clients:54 - Client 5 gets new best val_loss at epoch #131: 0.000923
2025-09-30 21:57:27.678 | INFO     | agents.servers.serverFedMSE:train_on_clients:54 - Client 9 gets new best val_loss at epoch #131: 0.000902
2025-09-30 21:57:29.749 | INFO     | agents.servers.serverFedMSE:train_on_clients:54 - Client 18 gets new best val_loss at epoch #131: 0.000949
2025-09-30 21:57:29.977 | INFO     | agents.servers.serverFedMSE:train_on_clients:76 - 20 clients still training at epoch #131
2025-09-30 21:57:43.445 | INFO     | agents.servers.serverFedMSE:train_on_clients:32 - Training FedMSE model epoch #132
2025-09-30 21:57:45.731 | INFO     | agents.servers.serverFedMSE:train_on_clients:54 - Client 9 gets new best val_loss at epoch #132: 0.000897
2025-09-30 21:57:48.014 | INFO     | agents.servers.serverFedMSE:train_on_clients:76 - 20 clients still training at epoch #132
2025-09-30 21:58:01.490 | INFO     | agents.servers.serverFedMSE:train_on_clients:32 - Training FedMSE model epoch #133
2025-09-30 21:58:02.423 | INFO     | agents.servers.serverFedMSE:train_on_clients:54 - Client 3 gets new best val_loss at epoch #133: 0.000907
2025-09-30 21:58:03.845 | INFO     | agents.servers.serverFedMSE:train_on_clients:54 - Client 9 gets new best val_loss at epoch #133: 0.000896
2025-09-30 21:58:06.182 | INFO     | agents.servers.serverFedMSE:train_on_clients:76 - 20 clients still training at epoch #133
2025-09-30 21:58:19.762 | INFO     | agents.servers.serverFedMSE:train_on_clients:32 - Training FedMSE model epoch #134
2025-09-30 21:58:22.067 | INFO     | agents.servers.serverFedMSE:train_on_clients:54 - Client 9 gets new best val_loss at epoch #134: 0.000893
2025-09-30 21:58:22.529 | INFO     | agents.servers.serverFedMSE:train_on_clients:54 - Client 11 gets new best val_loss at epoch #134: 0.000982
2025-09-30 21:58:22.760 | INFO     | agents.servers.serverFedMSE:train_on_clients:54 - Client 12 gets new best val_loss at epoch #134: 0.000847
2025-09-30 21:58:23.452 | INFO     | agents.servers.serverFedMSE:train_on_clients:54 - Client 15 gets new best val_loss at epoch #134: 0.000899
2025-09-30 21:58:24.143 | INFO     | agents.servers.serverFedMSE:train_on_clients:54 - Client 18 gets new best val_loss at epoch #134: 0.000948
2025-09-30 21:58:24.374 | INFO     | agents.servers.serverFedMSE:train_on_clients:76 - 20 clients still training at epoch #134
2025-09-30 21:58:37.838 | INFO     | agents.servers.serverFedMSE:train_on_clients:32 - Training FedMSE model epoch #135
2025-09-30 21:58:38.072 | INFO     | agents.servers.serverFedMSE:train_on_clients:54 - Client 0 gets new best val_loss at epoch #135: 0.000897
2025-09-30 21:58:38.536 | INFO     | agents.servers.serverFedMSE:train_on_clients:54 - Client 2 gets new best val_loss at epoch #135: 0.000812
2025-09-30 21:58:39.699 | INFO     | agents.servers.serverFedMSE:train_on_clients:54 - Client 7 gets new best val_loss at epoch #135: 0.001020
2025-09-30 21:58:40.159 | INFO     | agents.servers.serverFedMSE:train_on_clients:54 - Client 9 gets new best val_loss at epoch #135: 0.000891
2025-09-30 21:58:40.392 | INFO     | agents.servers.serverFedMSE:train_on_clients:54 - Client 10 gets new best val_loss at epoch #135: 0.000783
2025-09-30 21:58:41.084 | INFO     | agents.servers.serverFedMSE:train_on_clients:54 - Client 13 gets new best val_loss at epoch #135: 0.000823
2025-09-30 21:58:41.548 | INFO     | agents.servers.serverFedMSE:train_on_clients:54 - Client 15 gets new best val_loss at epoch #135: 0.000895
2025-09-30 21:58:42.467 | INFO     | agents.servers.serverFedMSE:train_on_clients:76 - 20 clients still training at epoch #135
2025-09-30 21:58:55.928 | INFO     | agents.servers.serverFedMSE:train_on_clients:32 - Training FedMSE model epoch #136
2025-09-30 21:58:57.536 | INFO     | agents.servers.serverFedMSE:train_on_clients:54 - Client 6 gets new best val_loss at epoch #136: 0.000880
2025-09-30 21:58:57.766 | INFO     | agents.servers.serverFedMSE:train_on_clients:54 - Client 7 gets new best val_loss at epoch #136: 0.001018
2025-09-30 21:58:57.996 | INFO     | agents.servers.serverFedMSE:train_on_clients:54 - Client 8 gets new best val_loss at epoch #136: 0.000929
2025-09-30 21:58:58.689 | INFO     | agents.servers.serverFedMSE:train_on_clients:54 - Client 11 gets new best val_loss at epoch #136: 0.000976
2025-09-30 21:58:59.154 | INFO     | agents.servers.serverFedMSE:train_on_clients:54 - Client 13 gets new best val_loss at epoch #136: 0.000818
2025-09-30 21:59:00.534 | INFO     | agents.servers.serverFedMSE:train_on_clients:76 - 20 clients still training at epoch #136
2025-09-30 21:59:14.224 | INFO     | agents.servers.serverFedMSE:train_on_clients:32 - Training FedMSE model epoch #137
2025-09-30 21:59:15.767 | INFO     | agents.servers.serverFedMSE:train_on_clients:54 - Client 6 gets new best val_loss at epoch #137: 0.000878
2025-09-30 21:59:17.289 | INFO     | agents.servers.serverFedMSE:train_on_clients:54 - Client 13 gets new best val_loss at epoch #137: 0.000813
2025-09-30 21:59:18.664 | INFO     | agents.servers.serverFedMSE:train_on_clients:76 - 20 clients still training at epoch #137
2025-09-30 21:59:32.110 | INFO     | agents.servers.serverFedMSE:train_on_clients:32 - Training FedMSE model epoch #138
2025-09-30 21:59:34.393 | INFO     | agents.servers.serverFedMSE:train_on_clients:54 - Client 9 gets new best val_loss at epoch #138: 0.000883
2025-09-30 21:59:34.621 | INFO     | agents.servers.serverFedMSE:train_on_clients:54 - Client 10 gets new best val_loss at epoch #138: 0.000781
2025-09-30 21:59:35.313 | INFO     | agents.servers.serverFedMSE:train_on_clients:54 - Client 13 gets new best val_loss at epoch #138: 0.000810
2025-09-30 21:59:35.778 | INFO     | agents.servers.serverFedMSE:train_on_clients:54 - Client 15 gets new best val_loss at epoch #138: 0.000892
2025-09-30 21:59:36.242 | INFO     | agents.servers.serverFedMSE:train_on_clients:54 - Client 17 gets new best val_loss at epoch #138: 0.001091
2025-09-30 21:59:36.710 | INFO     | agents.servers.serverFedMSE:train_on_clients:76 - 20 clients still training at epoch #138
2025-09-30 21:59:50.138 | INFO     | agents.servers.serverFedMSE:train_on_clients:32 - Training FedMSE model epoch #139
2025-09-30 21:59:50.605 | INFO     | agents.servers.serverFedMSE:train_on_clients:54 - Client 1 gets new best val_loss at epoch #139: 0.000835
2025-09-30 21:59:51.986 | INFO     | agents.servers.serverFedMSE:train_on_clients:54 - Client 7 gets new best val_loss at epoch #139: 0.001008
2025-09-30 21:59:52.677 | INFO     | agents.servers.serverFedMSE:train_on_clients:54 - Client 10 gets new best val_loss at epoch #139: 0.000776
2025-09-30 21:59:53.367 | INFO     | agents.servers.serverFedMSE:train_on_clients:54 - Client 13 gets new best val_loss at epoch #139: 0.000807
2025-09-30 21:59:53.826 | INFO     | agents.servers.serverFedMSE:train_on_clients:54 - Client 15 gets new best val_loss at epoch #139: 0.000888
2025-09-30 21:59:54.750 | INFO     | agents.servers.serverFedMSE:train_on_clients:76 - 20 clients still training at epoch #139
2025-09-30 22:00:08.222 | INFO     | agents.servers.serverFedMSE:train_on_clients:32 - Training FedMSE model epoch #140
2025-09-30 22:00:08.456 | INFO     | agents.servers.serverFedMSE:train_on_clients:70 - Saved model for client 0 at epoch 140 -> saved_models/FedMSE/FedMSE/wsn_ds/epoch_140_client_0.pt
2025-09-30 22:00:08.685 | INFO     | agents.servers.serverFedMSE:train_on_clients:70 - Saved model for client 1 at epoch 140 -> saved_models/FedMSE/FedMSE/wsn_ds/epoch_140_client_1.pt
2025-09-30 22:00:08.919 | INFO     | agents.servers.serverFedMSE:train_on_clients:70 - Saved model for client 2 at epoch 140 -> saved_models/FedMSE/FedMSE/wsn_ds/epoch_140_client_2.pt
2025-09-30 22:00:09.152 | INFO     | agents.servers.serverFedMSE:train_on_clients:54 - Client 3 gets new best val_loss at epoch #140: 0.000903
2025-09-30 22:00:09.154 | INFO     | agents.servers.serverFedMSE:train_on_clients:70 - Saved model for client 3 at epoch 140 -> saved_models/FedMSE/FedMSE/wsn_ds/epoch_140_client_3.pt
2025-09-30 22:00:09.385 | INFO     | agents.servers.serverFedMSE:train_on_clients:54 - Client 4 gets new best val_loss at epoch #140: 0.000784
2025-09-30 22:00:09.386 | INFO     | agents.servers.serverFedMSE:train_on_clients:70 - Saved model for client 4 at epoch 140 -> saved_models/FedMSE/FedMSE/wsn_ds/epoch_140_client_4.pt
2025-09-30 22:00:09.617 | INFO     | agents.servers.serverFedMSE:train_on_clients:70 - Saved model for client 5 at epoch 140 -> saved_models/FedMSE/FedMSE/wsn_ds/epoch_140_client_5.pt
2025-09-30 22:00:09.848 | INFO     | agents.servers.serverFedMSE:train_on_clients:70 - Saved model for client 6 at epoch 140 -> saved_models/FedMSE/FedMSE/wsn_ds/epoch_140_client_6.pt
2025-09-30 22:00:10.086 | INFO     | agents.servers.serverFedMSE:train_on_clients:70 - Saved model for client 7 at epoch 140 -> saved_models/FedMSE/FedMSE/wsn_ds/epoch_140_client_7.pt
2025-09-30 22:00:10.314 | INFO     | agents.servers.serverFedMSE:train_on_clients:54 - Client 8 gets new best val_loss at epoch #140: 0.000891
2025-09-30 22:00:10.315 | INFO     | agents.servers.serverFedMSE:train_on_clients:70 - Saved model for client 8 at epoch 140 -> saved_models/FedMSE/FedMSE/wsn_ds/epoch_140_client_8.pt
2025-09-30 22:00:10.544 | INFO     | agents.servers.serverFedMSE:train_on_clients:70 - Saved model for client 9 at epoch 140 -> saved_models/FedMSE/FedMSE/wsn_ds/epoch_140_client_9.pt
2025-09-30 22:00:10.772 | INFO     | agents.servers.serverFedMSE:train_on_clients:54 - Client 10 gets new best val_loss at epoch #140: 0.000773
2025-09-30 22:00:10.774 | INFO     | agents.servers.serverFedMSE:train_on_clients:70 - Saved model for client 10 at epoch 140 -> saved_models/FedMSE/FedMSE/wsn_ds/epoch_140_client_10.pt
2025-09-30 22:00:11.003 | INFO     | agents.servers.serverFedMSE:train_on_clients:54 - Client 11 gets new best val_loss at epoch #140: 0.000970
2025-09-30 22:00:11.004 | INFO     | agents.servers.serverFedMSE:train_on_clients:70 - Saved model for client 11 at epoch 140 -> saved_models/FedMSE/FedMSE/wsn_ds/epoch_140_client_11.pt
2025-09-30 22:00:11.233 | INFO     | agents.servers.serverFedMSE:train_on_clients:70 - Saved model for client 12 at epoch 140 -> saved_models/FedMSE/FedMSE/wsn_ds/epoch_140_client_12.pt
2025-09-30 22:00:11.461 | INFO     | agents.servers.serverFedMSE:train_on_clients:70 - Saved model for client 13 at epoch 140 -> saved_models/FedMSE/FedMSE/wsn_ds/epoch_140_client_13.pt
2025-09-30 22:00:11.690 | INFO     | agents.servers.serverFedMSE:train_on_clients:70 - Saved model for client 14 at epoch 140 -> saved_models/FedMSE/FedMSE/wsn_ds/epoch_140_client_14.pt
2025-09-30 22:00:11.921 | INFO     | agents.servers.serverFedMSE:train_on_clients:54 - Client 15 gets new best val_loss at epoch #140: 0.000887
2025-09-30 22:00:11.923 | INFO     | agents.servers.serverFedMSE:train_on_clients:70 - Saved model for client 15 at epoch 140 -> saved_models/FedMSE/FedMSE/wsn_ds/epoch_140_client_15.pt
2025-09-30 22:00:12.160 | INFO     | agents.servers.serverFedMSE:train_on_clients:70 - Saved model for client 16 at epoch 140 -> saved_models/FedMSE/FedMSE/wsn_ds/epoch_140_client_16.pt
2025-09-30 22:00:12.390 | INFO     | agents.servers.serverFedMSE:train_on_clients:70 - Saved model for client 17 at epoch 140 -> saved_models/FedMSE/FedMSE/wsn_ds/epoch_140_client_17.pt
2025-09-30 22:00:12.625 | INFO     | agents.servers.serverFedMSE:train_on_clients:70 - Saved model for client 18 at epoch 140 -> saved_models/FedMSE/FedMSE/wsn_ds/epoch_140_client_18.pt
2025-09-30 22:00:12.855 | INFO     | agents.servers.serverFedMSE:train_on_clients:70 - Saved model for client 19 at epoch 140 -> saved_models/FedMSE/FedMSE/wsn_ds/epoch_140_client_19.pt
2025-09-30 22:00:12.856 | INFO     | agents.servers.serverFedMSE:train_on_clients:76 - 20 clients still training at epoch #140
2025-09-30 22:00:26.530 | INFO     | agents.servers.serverFedMSE:train_on_clients:32 - Training FedMSE model epoch #141
2025-09-30 22:00:29.061 | INFO     | agents.servers.serverFedMSE:train_on_clients:54 - Client 10 gets new best val_loss at epoch #141: 0.000771
2025-09-30 22:00:30.222 | INFO     | agents.servers.serverFedMSE:train_on_clients:54 - Client 15 gets new best val_loss at epoch #141: 0.000886
2025-09-30 22:00:30.456 | INFO     | agents.servers.serverFedMSE:train_on_clients:54 - Client 16 gets new best val_loss at epoch #141: 0.000877
2025-09-30 22:00:30.916 | INFO     | agents.servers.serverFedMSE:train_on_clients:54 - Client 18 gets new best val_loss at epoch #141: 0.000947
2025-09-30 22:00:31.147 | INFO     | agents.servers.serverFedMSE:train_on_clients:76 - 20 clients still training at epoch #141
2025-09-30 22:00:44.527 | INFO     | agents.servers.serverFedMSE:train_on_clients:32 - Training FedMSE model epoch #142
2025-09-30 22:00:45.462 | INFO     | agents.servers.serverFedMSE:train_on_clients:54 - Client 3 gets new best val_loss at epoch #142: 0.000900
2025-09-30 22:00:46.619 | INFO     | agents.servers.serverFedMSE:train_on_clients:54 - Client 8 gets new best val_loss at epoch #142: 0.000889
2025-09-30 22:00:48.227 | INFO     | agents.servers.serverFedMSE:train_on_clients:54 - Client 15 gets new best val_loss at epoch #142: 0.000878
2025-09-30 22:00:48.913 | INFO     | agents.servers.serverFedMSE:train_on_clients:54 - Client 18 gets new best val_loss at epoch #142: 0.000921
2025-09-30 22:00:49.144 | INFO     | agents.servers.serverFedMSE:train_on_clients:76 - 20 clients still training at epoch #142
2025-09-30 22:01:02.604 | INFO     | agents.servers.serverFedMSE:train_on_clients:32 - Training FedMSE model epoch #143
2025-09-30 22:01:02.838 | INFO     | agents.servers.serverFedMSE:train_on_clients:54 - Client 0 gets new best val_loss at epoch #143: 0.000879
2025-09-30 22:01:06.062 | INFO     | agents.servers.serverFedMSE:train_on_clients:54 - Client 14 gets new best val_loss at epoch #143: 0.000806
2025-09-30 22:01:07.226 | INFO     | agents.servers.serverFedMSE:train_on_clients:76 - 20 clients still training at epoch #143
2025-09-30 22:01:20.595 | INFO     | agents.servers.serverFedMSE:train_on_clients:32 - Training FedMSE model epoch #144
2025-09-30 22:01:21.545 | INFO     | agents.servers.serverFedMSE:train_on_clients:54 - Client 3 gets new best val_loss at epoch #144: 0.000885
2025-09-30 22:01:22.276 | INFO     | agents.servers.serverFedMSE:train_on_clients:54 - Client 6 gets new best val_loss at epoch #144: 0.000838
2025-09-30 22:01:23.924 | INFO     | agents.servers.serverFedMSE:train_on_clients:54 - Client 13 gets new best val_loss at epoch #144: 0.000806
2025-09-30 22:01:24.841 | INFO     | agents.servers.serverFedMSE:train_on_clients:54 - Client 17 gets new best val_loss at epoch #144: 0.001081
2025-09-30 22:01:25.304 | INFO     | agents.servers.serverFedMSE:train_on_clients:76 - 20 clients still training at epoch #144
2025-09-30 22:01:38.844 | INFO     | agents.servers.serverFedMSE:train_on_clients:32 - Training FedMSE model epoch #145
2025-09-30 22:01:39.062 | INFO     | agents.servers.serverFedMSE:train_on_clients:54 - Client 0 gets new best val_loss at epoch #145: 0.000872
2025-09-30 22:01:41.194 | INFO     | agents.servers.serverFedMSE:train_on_clients:54 - Client 10 gets new best val_loss at epoch #145: 0.000768
2025-09-30 22:01:41.410 | INFO     | agents.servers.serverFedMSE:train_on_clients:54 - Client 11 gets new best val_loss at epoch #145: 0.000944
2025-09-30 22:01:41.836 | INFO     | agents.servers.serverFedMSE:train_on_clients:54 - Client 13 gets new best val_loss at epoch #145: 0.000802
2025-09-30 22:01:43.112 | INFO     | agents.servers.serverFedMSE:train_on_clients:76 - 20 clients still training at epoch #145
2025-09-30 22:01:56.622 | INFO     | agents.servers.serverFedMSE:train_on_clients:32 - Training FedMSE model epoch #146
2025-09-30 22:01:57.902 | INFO     | agents.servers.serverFedMSE:train_on_clients:54 - Client 5 gets new best val_loss at epoch #146: 0.000909
2025-09-30 22:01:58.541 | INFO     | agents.servers.serverFedMSE:train_on_clients:54 - Client 8 gets new best val_loss at epoch #146: 0.000858
2025-09-30 22:01:59.182 | INFO     | agents.servers.serverFedMSE:train_on_clients:54 - Client 11 gets new best val_loss at epoch #146: 0.000933
2025-09-30 22:02:00.033 | INFO     | agents.servers.serverFedMSE:train_on_clients:54 - Client 15 gets new best val_loss at epoch #146: 0.000878
2025-09-30 22:02:00.882 | INFO     | agents.servers.serverFedMSE:train_on_clients:76 - 20 clients still training at epoch #146
2025-09-30 22:02:14.346 | INFO     | agents.servers.serverFedMSE:train_on_clients:32 - Training FedMSE model epoch #147
2025-09-30 22:02:14.564 | INFO     | agents.servers.serverFedMSE:train_on_clients:54 - Client 0 gets new best val_loss at epoch #147: 0.000836
2025-09-30 22:02:14.783 | INFO     | agents.servers.serverFedMSE:train_on_clients:54 - Client 1 gets new best val_loss at epoch #147: 0.000827
2025-09-30 22:02:15.435 | INFO     | agents.servers.serverFedMSE:train_on_clients:54 - Client 4 gets new best val_loss at epoch #147: 0.000700
2025-09-30 22:02:17.591 | INFO     | agents.servers.serverFedMSE:train_on_clients:54 - Client 14 gets new best val_loss at epoch #147: 0.000795
2025-09-30 22:02:17.809 | INFO     | agents.servers.serverFedMSE:train_on_clients:54 - Client 15 gets new best val_loss at epoch #147: 0.000875
2025-09-30 22:02:18.027 | INFO     | agents.servers.serverFedMSE:train_on_clients:54 - Client 16 gets new best val_loss at epoch #147: 0.000864
2025-09-30 22:02:18.461 | INFO     | agents.servers.serverFedMSE:train_on_clients:54 - Client 18 gets new best val_loss at epoch #147: 0.000913
2025-09-30 22:02:18.678 | INFO     | agents.servers.serverFedMSE:train_on_clients:76 - 20 clients still training at epoch #147
2025-09-30 22:02:32.394 | INFO     | agents.servers.serverFedMSE:train_on_clients:32 - Training FedMSE model epoch #148
2025-09-30 22:02:33.288 | INFO     | agents.servers.serverFedMSE:train_on_clients:54 - Client 3 gets new best val_loss at epoch #148: 0.000864
2025-09-30 22:02:34.165 | INFO     | agents.servers.serverFedMSE:train_on_clients:54 - Client 7 gets new best val_loss at epoch #148: 0.000987
2025-09-30 22:02:36.076 | INFO     | agents.servers.serverFedMSE:train_on_clients:54 - Client 16 gets new best val_loss at epoch #148: 0.000839
2025-09-30 22:02:36.711 | INFO     | agents.servers.serverFedMSE:train_on_clients:54 - Client 19 gets new best val_loss at epoch #148: 0.000845
2025-09-30 22:02:36.712 | INFO     | agents.servers.serverFedMSE:train_on_clients:76 - 20 clients still training at epoch #148
2025-09-30 22:02:50.173 | INFO     | agents.servers.serverFedMSE:train_on_clients:32 - Training FedMSE model epoch #149
2025-09-30 22:02:51.303 | INFO     | agents.servers.serverFedMSE:train_on_clients:54 - Client 4 gets new best val_loss at epoch #149: 0.000697
2025-09-30 22:02:52.912 | INFO     | agents.servers.serverFedMSE:train_on_clients:54 - Client 11 gets new best val_loss at epoch #149: 0.000913
2025-09-30 22:02:53.830 | INFO     | agents.servers.serverFedMSE:train_on_clients:54 - Client 15 gets new best val_loss at epoch #149: 0.000874
2025-09-30 22:02:54.747 | INFO     | agents.servers.serverFedMSE:train_on_clients:76 - 20 clients still training at epoch #149
2025-09-30 22:03:08.230 | INFO     | agents.servers.serverFedMSE:train_on_clients:32 - Training FedMSE model epoch #150
2025-09-30 22:03:08.463 | INFO     | agents.servers.serverFedMSE:train_on_clients:70 - Saved model for client 0 at epoch 150 -> saved_models/FedMSE/FedMSE/wsn_ds/epoch_150_client_0.pt
2025-09-30 22:03:08.697 | INFO     | agents.servers.serverFedMSE:train_on_clients:70 - Saved model for client 1 at epoch 150 -> saved_models/FedMSE/FedMSE/wsn_ds/epoch_150_client_1.pt
2025-09-30 22:03:08.921 | INFO     | agents.servers.serverFedMSE:train_on_clients:70 - Saved model for client 2 at epoch 150 -> saved_models/FedMSE/FedMSE/wsn_ds/epoch_150_client_2.pt
2025-09-30 22:03:09.140 | INFO     | agents.servers.serverFedMSE:train_on_clients:70 - Saved model for client 3 at epoch 150 -> saved_models/FedMSE/FedMSE/wsn_ds/epoch_150_client_3.pt
2025-09-30 22:03:09.359 | INFO     | agents.servers.serverFedMSE:train_on_clients:70 - Saved model for client 4 at epoch 150 -> saved_models/FedMSE/FedMSE/wsn_ds/epoch_150_client_4.pt
2025-09-30 22:03:09.578 | INFO     | agents.servers.serverFedMSE:train_on_clients:70 - Saved model for client 5 at epoch 150 -> saved_models/FedMSE/FedMSE/wsn_ds/epoch_150_client_5.pt
2025-09-30 22:03:09.797 | INFO     | agents.servers.serverFedMSE:train_on_clients:70 - Saved model for client 6 at epoch 150 -> saved_models/FedMSE/FedMSE/wsn_ds/epoch_150_client_6.pt
2025-09-30 22:03:10.017 | INFO     | agents.servers.serverFedMSE:train_on_clients:70 - Saved model for client 7 at epoch 150 -> saved_models/FedMSE/FedMSE/wsn_ds/epoch_150_client_7.pt
2025-09-30 22:03:10.236 | INFO     | agents.servers.serverFedMSE:train_on_clients:70 - Saved model for client 8 at epoch 150 -> saved_models/FedMSE/FedMSE/wsn_ds/epoch_150_client_8.pt
2025-09-30 22:03:10.455 | INFO     | agents.servers.serverFedMSE:train_on_clients:70 - Saved model for client 9 at epoch 150 -> saved_models/FedMSE/FedMSE/wsn_ds/epoch_150_client_9.pt
2025-09-30 22:03:10.674 | INFO     | agents.servers.serverFedMSE:train_on_clients:70 - Saved model for client 10 at epoch 150 -> saved_models/FedMSE/FedMSE/wsn_ds/epoch_150_client_10.pt
2025-09-30 22:03:10.892 | INFO     | agents.servers.serverFedMSE:train_on_clients:70 - Saved model for client 11 at epoch 150 -> saved_models/FedMSE/FedMSE/wsn_ds/epoch_150_client_11.pt
2025-09-30 22:03:11.111 | INFO     | agents.servers.serverFedMSE:train_on_clients:70 - Saved model for client 12 at epoch 150 -> saved_models/FedMSE/FedMSE/wsn_ds/epoch_150_client_12.pt
2025-09-30 22:03:11.331 | INFO     | agents.servers.serverFedMSE:train_on_clients:70 - Saved model for client 13 at epoch 150 -> saved_models/FedMSE/FedMSE/wsn_ds/epoch_150_client_13.pt
2025-09-30 22:03:11.549 | INFO     | agents.servers.serverFedMSE:train_on_clients:70 - Saved model for client 14 at epoch 150 -> saved_models/FedMSE/FedMSE/wsn_ds/epoch_150_client_14.pt
2025-09-30 22:03:11.768 | INFO     | agents.servers.serverFedMSE:train_on_clients:54 - Client 15 gets new best val_loss at epoch #150: 0.000868
2025-09-30 22:03:11.770 | INFO     | agents.servers.serverFedMSE:train_on_clients:70 - Saved model for client 15 at epoch 150 -> saved_models/FedMSE/FedMSE/wsn_ds/epoch_150_client_15.pt
2025-09-30 22:03:11.989 | INFO     | agents.servers.serverFedMSE:train_on_clients:54 - Client 16 gets new best val_loss at epoch #150: 0.000812
2025-09-30 22:03:11.990 | INFO     | agents.servers.serverFedMSE:train_on_clients:70 - Saved model for client 16 at epoch 150 -> saved_models/FedMSE/FedMSE/wsn_ds/epoch_150_client_16.pt
2025-09-30 22:03:12.209 | INFO     | agents.servers.serverFedMSE:train_on_clients:70 - Saved model for client 17 at epoch 150 -> saved_models/FedMSE/FedMSE/wsn_ds/epoch_150_client_17.pt
2025-09-30 22:03:12.428 | INFO     | agents.servers.serverFedMSE:train_on_clients:70 - Saved model for client 18 at epoch 150 -> saved_models/FedMSE/FedMSE/wsn_ds/epoch_150_client_18.pt
2025-09-30 22:03:12.646 | INFO     | agents.servers.serverFedMSE:train_on_clients:70 - Saved model for client 19 at epoch 150 -> saved_models/FedMSE/FedMSE/wsn_ds/epoch_150_client_19.pt
2025-09-30 22:03:12.647 | INFO     | agents.servers.serverFedMSE:train_on_clients:76 - 20 clients still training at epoch #150
2025-09-30 22:03:26.052 | INFO     | agents.servers.serverFedMSE:train_on_clients:32 - Training FedMSE model epoch #151
2025-09-30 22:03:29.265 | INFO     | agents.servers.serverFedMSE:train_on_clients:54 - Client 14 gets new best val_loss at epoch #151: 0.000775
2025-09-30 22:03:30.428 | INFO     | agents.servers.serverFedMSE:train_on_clients:76 - 20 clients still training at epoch #151
2025-09-30 22:03:44.058 | INFO     | agents.servers.serverFedMSE:train_on_clients:32 - Training FedMSE model epoch #152
2025-09-30 22:03:47.931 | INFO     | agents.servers.serverFedMSE:train_on_clients:54 - Client 16 gets new best val_loss at epoch #152: 0.000811
2025-09-30 22:03:48.568 | INFO     | agents.servers.serverFedMSE:train_on_clients:76 - 20 clients still training at epoch #152
2025-09-30 22:04:02.048 | INFO     | agents.servers.serverFedMSE:train_on_clients:32 - Training FedMSE model epoch #153
2025-09-30 22:04:03.951 | INFO     | agents.servers.serverFedMSE:train_on_clients:54 - Client 8 gets new best val_loss at epoch #153: 0.000755
2025-09-30 22:04:04.796 | INFO     | agents.servers.serverFedMSE:train_on_clients:54 - Client 12 gets new best val_loss at epoch #153: 0.000813
2025-09-30 22:04:06.064 | INFO     | agents.servers.serverFedMSE:train_on_clients:54 - Client 18 gets new best val_loss at epoch #153: 0.000894
2025-09-30 22:04:06.275 | INFO     | agents.servers.serverFedMSE:train_on_clients:76 - 20 clients still training at epoch #153
2025-09-30 22:04:19.708 | INFO     | agents.servers.serverFedMSE:train_on_clients:32 - Training FedMSE model epoch #154
2025-09-30 22:04:21.249 | INFO     | agents.servers.serverFedMSE:train_on_clients:54 - Client 6 gets new best val_loss at epoch #154: 0.000832
2025-09-30 22:04:21.480 | INFO     | agents.servers.serverFedMSE:train_on_clients:54 - Client 7 gets new best val_loss at epoch #154: 0.000977
2025-09-30 22:04:23.780 | INFO     | agents.servers.serverFedMSE:train_on_clients:54 - Client 17 gets new best val_loss at epoch #154: 0.000993
2025-09-30 22:04:24.236 | INFO     | agents.servers.serverFedMSE:train_on_clients:54 - Client 19 gets new best val_loss at epoch #154: 0.000843
2025-09-30 22:04:24.237 | INFO     | agents.servers.serverFedMSE:train_on_clients:76 - 20 clients still training at epoch #154
2025-09-30 22:04:37.665 | INFO     | agents.servers.serverFedMSE:train_on_clients:32 - Training FedMSE model epoch #155
2025-09-30 22:04:40.427 | INFO     | agents.servers.serverFedMSE:train_on_clients:54 - Client 11 gets new best val_loss at epoch #155: 0.000897
2025-09-30 22:04:41.644 | INFO     | agents.servers.serverFedMSE:train_on_clients:54 - Client 16 gets new best val_loss at epoch #155: 0.000811
2025-09-30 22:04:42.369 | INFO     | agents.servers.serverFedMSE:train_on_clients:54 - Client 19 gets new best val_loss at epoch #155: 0.000820
2025-09-30 22:04:42.371 | INFO     | agents.servers.serverFedMSE:train_on_clients:76 - 20 clients still training at epoch #155
2025-09-30 22:04:55.972 | INFO     | agents.servers.serverFedMSE:train_on_clients:32 - Training FedMSE model epoch #156
2025-09-30 22:04:56.205 | INFO     | agents.servers.serverFedMSE:train_on_clients:54 - Client 0 gets new best val_loss at epoch #156: 0.000832
2025-09-30 22:04:57.578 | INFO     | agents.servers.serverFedMSE:train_on_clients:54 - Client 6 gets new best val_loss at epoch #156: 0.000830
2025-09-30 22:04:57.807 | INFO     | agents.servers.serverFedMSE:train_on_clients:54 - Client 7 gets new best val_loss at epoch #156: 0.000976
2025-09-30 22:04:58.037 | INFO     | agents.servers.serverFedMSE:train_on_clients:54 - Client 8 gets new best val_loss at epoch #156: 0.000753
2025-09-30 22:04:58.724 | INFO     | agents.servers.serverFedMSE:train_on_clients:54 - Client 11 gets new best val_loss at epoch #156: 0.000888
2025-09-30 22:05:00.330 | INFO     | agents.servers.serverFedMSE:train_on_clients:54 - Client 18 gets new best val_loss at epoch #156: 0.000889
2025-09-30 22:05:00.560 | INFO     | agents.servers.serverFedMSE:train_on_clients:54 - Client 19 gets new best val_loss at epoch #156: 0.000810
2025-09-30 22:05:00.561 | INFO     | agents.servers.serverFedMSE:train_on_clients:76 - 20 clients still training at epoch #156
2025-09-30 22:05:14.016 | INFO     | agents.servers.serverFedMSE:train_on_clients:32 - Training FedMSE model epoch #157
2025-09-30 22:05:14.476 | INFO     | agents.servers.serverFedMSE:train_on_clients:54 - Client 1 gets new best val_loss at epoch #157: 0.000819
2025-09-30 22:05:16.090 | INFO     | agents.servers.serverFedMSE:train_on_clients:54 - Client 8 gets new best val_loss at epoch #157: 0.000752
2025-09-30 22:05:16.779 | INFO     | agents.servers.serverFedMSE:train_on_clients:54 - Client 11 gets new best val_loss at epoch #157: 0.000876
2025-09-30 22:05:18.163 | INFO     | agents.servers.serverFedMSE:train_on_clients:54 - Client 17 gets new best val_loss at epoch #157: 0.000991
2025-09-30 22:05:18.621 | INFO     | agents.servers.serverFedMSE:train_on_clients:76 - 20 clients still training at epoch #157
2025-09-30 22:05:32.030 | INFO     | agents.servers.serverFedMSE:train_on_clients:32 - Training FedMSE model epoch #158
2025-09-30 22:05:34.797 | INFO     | agents.servers.serverFedMSE:train_on_clients:54 - Client 11 gets new best val_loss at epoch #158: 0.000869
2025-09-30 22:05:36.213 | INFO     | agents.servers.serverFedMSE:train_on_clients:54 - Client 17 gets new best val_loss at epoch #158: 0.000989
2025-09-30 22:05:36.444 | INFO     | agents.servers.serverFedMSE:train_on_clients:54 - Client 18 gets new best val_loss at epoch #158: 0.000883
2025-09-30 22:05:36.675 | INFO     | agents.servers.serverFedMSE:train_on_clients:76 - 20 clients still training at epoch #158
2025-09-30 22:05:50.296 | INFO     | agents.servers.serverFedMSE:train_on_clients:32 - Training FedMSE model epoch #159
2025-09-30 22:05:50.518 | INFO     | agents.servers.serverFedMSE:train_on_clients:54 - Client 0 gets new best val_loss at epoch #159: 0.000756
2025-09-30 22:05:54.443 | INFO     | agents.servers.serverFedMSE:train_on_clients:54 - Client 17 gets new best val_loss at epoch #159: 0.000985
2025-09-30 22:05:54.676 | INFO     | agents.servers.serverFedMSE:train_on_clients:54 - Client 18 gets new best val_loss at epoch #159: 0.000860
2025-09-30 22:05:54.914 | INFO     | agents.servers.serverFedMSE:train_on_clients:76 - 20 clients still training at epoch #159
2025-09-30 22:06:08.344 | INFO     | agents.servers.serverFedMSE:train_on_clients:32 - Training FedMSE model epoch #160
2025-09-30 22:06:08.575 | INFO     | agents.servers.serverFedMSE:train_on_clients:70 - Saved model for client 0 at epoch 160 -> saved_models/FedMSE/FedMSE/wsn_ds/epoch_160_client_0.pt
2025-09-30 22:06:08.805 | INFO     | agents.servers.serverFedMSE:train_on_clients:70 - Saved model for client 1 at epoch 160 -> saved_models/FedMSE/FedMSE/wsn_ds/epoch_160_client_1.pt
2025-09-30 22:06:09.036 | INFO     | agents.servers.serverFedMSE:train_on_clients:54 - Client 2 gets new best val_loss at epoch #160: 0.000777
2025-09-30 22:06:09.038 | INFO     | agents.servers.serverFedMSE:train_on_clients:70 - Saved model for client 2 at epoch 160 -> saved_models/FedMSE/FedMSE/wsn_ds/epoch_160_client_2.pt
2025-09-30 22:06:09.269 | INFO     | agents.servers.serverFedMSE:train_on_clients:70 - Saved model for client 3 at epoch 160 -> saved_models/FedMSE/FedMSE/wsn_ds/epoch_160_client_3.pt
2025-09-30 22:06:09.501 | INFO     | agents.servers.serverFedMSE:train_on_clients:70 - Saved model for client 4 at epoch 160 -> saved_models/FedMSE/FedMSE/wsn_ds/epoch_160_client_4.pt
2025-09-30 22:06:09.735 | INFO     | agents.servers.serverFedMSE:train_on_clients:54 - Client 5 gets new best val_loss at epoch #160: 0.000881
2025-09-30 22:06:09.736 | INFO     | agents.servers.serverFedMSE:train_on_clients:70 - Saved model for client 5 at epoch 160 -> saved_models/FedMSE/FedMSE/wsn_ds/epoch_160_client_5.pt
2025-09-30 22:06:09.967 | INFO     | agents.servers.serverFedMSE:train_on_clients:70 - Saved model for client 6 at epoch 160 -> saved_models/FedMSE/FedMSE/wsn_ds/epoch_160_client_6.pt
2025-09-30 22:06:10.196 | INFO     | agents.servers.serverFedMSE:train_on_clients:70 - Saved model for client 7 at epoch 160 -> saved_models/FedMSE/FedMSE/wsn_ds/epoch_160_client_7.pt
2025-09-30 22:06:10.427 | INFO     | agents.servers.serverFedMSE:train_on_clients:70 - Saved model for client 8 at epoch 160 -> saved_models/FedMSE/FedMSE/wsn_ds/epoch_160_client_8.pt
2025-09-30 22:06:10.659 | INFO     | agents.servers.serverFedMSE:train_on_clients:70 - Saved model for client 9 at epoch 160 -> saved_models/FedMSE/FedMSE/wsn_ds/epoch_160_client_9.pt
2025-09-30 22:06:10.888 | INFO     | agents.servers.serverFedMSE:train_on_clients:70 - Saved model for client 10 at epoch 160 -> saved_models/FedMSE/FedMSE/wsn_ds/epoch_160_client_10.pt
2025-09-30 22:06:11.116 | INFO     | agents.servers.serverFedMSE:train_on_clients:54 - Client 11 gets new best val_loss at epoch #160: 0.000868
2025-09-30 22:06:11.118 | INFO     | agents.servers.serverFedMSE:train_on_clients:70 - Saved model for client 11 at epoch 160 -> saved_models/FedMSE/FedMSE/wsn_ds/epoch_160_client_11.pt
2025-09-30 22:06:11.346 | INFO     | agents.servers.serverFedMSE:train_on_clients:54 - Client 12 gets new best val_loss at epoch #160: 0.000806
2025-09-30 22:06:11.348 | INFO     | agents.servers.serverFedMSE:train_on_clients:70 - Saved model for client 12 at epoch 160 -> saved_models/FedMSE/FedMSE/wsn_ds/epoch_160_client_12.pt
2025-09-30 22:06:11.578 | INFO     | agents.servers.serverFedMSE:train_on_clients:70 - Saved model for client 13 at epoch 160 -> saved_models/FedMSE/FedMSE/wsn_ds/epoch_160_client_13.pt
2025-09-30 22:06:11.809 | INFO     | agents.servers.serverFedMSE:train_on_clients:70 - Saved model for client 14 at epoch 160 -> saved_models/FedMSE/FedMSE/wsn_ds/epoch_160_client_14.pt
2025-09-30 22:06:12.039 | INFO     | agents.servers.serverFedMSE:train_on_clients:70 - Saved model for client 15 at epoch 160 -> saved_models/FedMSE/FedMSE/wsn_ds/epoch_160_client_15.pt
2025-09-30 22:06:12.269 | INFO     | agents.servers.serverFedMSE:train_on_clients:70 - Saved model for client 16 at epoch 160 -> saved_models/FedMSE/FedMSE/wsn_ds/epoch_160_client_16.pt
2025-09-30 22:06:12.500 | INFO     | agents.servers.serverFedMSE:train_on_clients:54 - Client 17 gets new best val_loss at epoch #160: 0.000981
2025-09-30 22:06:12.501 | INFO     | agents.servers.serverFedMSE:train_on_clients:70 - Saved model for client 17 at epoch 160 -> saved_models/FedMSE/FedMSE/wsn_ds/epoch_160_client_17.pt
2025-09-30 22:06:12.730 | INFO     | agents.servers.serverFedMSE:train_on_clients:70 - Saved model for client 18 at epoch 160 -> saved_models/FedMSE/FedMSE/wsn_ds/epoch_160_client_18.pt
2025-09-30 22:06:12.960 | INFO     | agents.servers.serverFedMSE:train_on_clients:70 - Saved model for client 19 at epoch 160 -> saved_models/FedMSE/FedMSE/wsn_ds/epoch_160_client_19.pt
2025-09-30 22:06:12.961 | INFO     | agents.servers.serverFedMSE:train_on_clients:76 - 20 clients still training at epoch #160
2025-09-30 22:06:26.419 | INFO     | agents.servers.serverFedMSE:train_on_clients:32 - Training FedMSE model epoch #161
2025-09-30 22:06:28.281 | INFO     | agents.servers.serverFedMSE:train_on_clients:54 - Client 7 gets new best val_loss at epoch #161: 0.000942
2025-09-30 22:06:28.516 | INFO     | agents.servers.serverFedMSE:train_on_clients:54 - Client 8 gets new best val_loss at epoch #161: 0.000749
2025-09-30 22:06:29.893 | INFO     | agents.servers.serverFedMSE:train_on_clients:54 - Client 14 gets new best val_loss at epoch #161: 0.000775
2025-09-30 22:06:31.046 | INFO     | agents.servers.serverFedMSE:train_on_clients:76 - 20 clients still training at epoch #161
2025-09-30 22:06:44.506 | INFO     | agents.servers.serverFedMSE:train_on_clients:32 - Training FedMSE model epoch #162
2025-09-30 22:06:44.968 | INFO     | agents.servers.serverFedMSE:train_on_clients:54 - Client 1 gets new best val_loss at epoch #162: 0.000797
2025-09-30 22:06:49.124 | INFO     | agents.servers.serverFedMSE:train_on_clients:54 - Client 19 gets new best val_loss at epoch #162: 0.000797
2025-09-30 22:06:49.125 | INFO     | agents.servers.serverFedMSE:train_on_clients:76 - 20 clients still training at epoch #162
2025-09-30 22:07:02.890 | INFO     | agents.servers.serverFedMSE:train_on_clients:32 - Training FedMSE model epoch #163
2025-09-30 22:07:07.519 | INFO     | agents.servers.serverFedMSE:train_on_clients:54 - Client 19 gets new best val_loss at epoch #163: 0.000763
2025-09-30 22:07:07.521 | INFO     | agents.servers.serverFedMSE:train_on_clients:76 - 20 clients still training at epoch #163
2025-09-30 22:07:21.023 | INFO     | agents.servers.serverFedMSE:train_on_clients:32 - Training FedMSE model epoch #164
2025-09-30 22:07:22.643 | INFO     | agents.servers.serverFedMSE:train_on_clients:54 - Client 6 gets new best val_loss at epoch #164: 0.000809
2025-09-30 22:07:24.488 | INFO     | agents.servers.serverFedMSE:train_on_clients:54 - Client 14 gets new best val_loss at epoch #164: 0.000773
2025-09-30 22:07:25.636 | INFO     | agents.servers.serverFedMSE:train_on_clients:54 - Client 19 gets new best val_loss at epoch #164: 0.000758
2025-09-30 22:07:25.638 | INFO     | agents.servers.serverFedMSE:train_on_clients:76 - 20 clients still training at epoch #164
2025-09-30 22:07:39.204 | INFO     | agents.servers.serverFedMSE:train_on_clients:32 - Training FedMSE model epoch #165
2025-09-30 22:07:40.136 | INFO     | agents.servers.serverFedMSE:train_on_clients:54 - Client 3 gets new best val_loss at epoch #165: 0.000829
2025-09-30 22:07:43.349 | INFO     | agents.servers.serverFedMSE:train_on_clients:54 - Client 17 gets new best val_loss at epoch #165: 0.000978
2025-09-30 22:07:43.570 | INFO     | agents.servers.serverFedMSE:train_on_clients:54 - Client 18 gets new best val_loss at epoch #165: 0.000781
2025-09-30 22:07:43.789 | INFO     | agents.servers.serverFedMSE:train_on_clients:76 - 20 clients still training at epoch #165
2025-09-30 22:07:57.227 | INFO     | agents.servers.serverFedMSE:train_on_clients:32 - Training FedMSE model epoch #166
2025-09-30 22:08:01.454 | INFO     | agents.servers.serverFedMSE:train_on_clients:54 - Client 17 gets new best val_loss at epoch #166: 0.000975
2025-09-30 22:08:01.918 | INFO     | agents.servers.serverFedMSE:train_on_clients:76 - 20 clients still training at epoch #166
2025-09-30 22:08:15.407 | INFO     | agents.servers.serverFedMSE:train_on_clients:32 - Training FedMSE model epoch #167
2025-09-30 22:08:17.477 | INFO     | agents.servers.serverFedMSE:train_on_clients:54 - Client 8 gets new best val_loss at epoch #167: 0.000748
2025-09-30 22:08:18.171 | INFO     | agents.servers.serverFedMSE:train_on_clients:54 - Client 11 gets new best val_loss at epoch #167: 0.000864
2025-09-30 22:08:19.099 | INFO     | agents.servers.serverFedMSE:train_on_clients:54 - Client 15 gets new best val_loss at epoch #167: 0.000861
2025-09-30 22:08:19.561 | INFO     | agents.servers.serverFedMSE:train_on_clients:54 - Client 17 gets new best val_loss at epoch #167: 0.000970
2025-09-30 22:08:20.021 | INFO     | agents.servers.serverFedMSE:train_on_clients:76 - 20 clients still training at epoch #167
2025-09-30 22:08:33.542 | INFO     | agents.servers.serverFedMSE:train_on_clients:32 - Training FedMSE model epoch #168
2025-09-30 22:08:36.995 | INFO     | agents.servers.serverFedMSE:train_on_clients:54 - Client 14 gets new best val_loss at epoch #168: 0.000771
2025-09-30 22:08:38.146 | INFO     | agents.servers.serverFedMSE:train_on_clients:76 - 20 clients still training at epoch #168
2025-09-30 22:08:51.646 | INFO     | agents.servers.serverFedMSE:train_on_clients:32 - Training FedMSE model epoch #169
2025-09-30 22:08:53.717 | INFO     | agents.servers.serverFedMSE:train_on_clients:54 - Client 8 gets new best val_loss at epoch #169: 0.000743
2025-09-30 22:08:54.181 | INFO     | agents.servers.serverFedMSE:train_on_clients:54 - Client 10 gets new best val_loss at epoch #169: 0.000765
2025-09-30 22:08:55.554 | INFO     | agents.servers.serverFedMSE:train_on_clients:54 - Client 16 gets new best val_loss at epoch #169: 0.000798
2025-09-30 22:08:56.242 | INFO     | agents.servers.serverFedMSE:train_on_clients:76 - 20 clients still training at epoch #169
2025-09-30 22:09:09.912 | INFO     | agents.servers.serverFedMSE:train_on_clients:32 - Training FedMSE model epoch #170
2025-09-30 22:09:10.147 | INFO     | agents.servers.serverFedMSE:train_on_clients:70 - Saved model for client 0 at epoch 170 -> saved_models/FedMSE/FedMSE/wsn_ds/epoch_170_client_0.pt
2025-09-30 22:09:10.380 | INFO     | agents.servers.serverFedMSE:train_on_clients:70 - Saved model for client 1 at epoch 170 -> saved_models/FedMSE/FedMSE/wsn_ds/epoch_170_client_1.pt
2025-09-30 22:09:10.614 | INFO     | agents.servers.serverFedMSE:train_on_clients:70 - Saved model for client 2 at epoch 170 -> saved_models/FedMSE/FedMSE/wsn_ds/epoch_170_client_2.pt
2025-09-30 22:09:10.846 | INFO     | agents.servers.serverFedMSE:train_on_clients:70 - Saved model for client 3 at epoch 170 -> saved_models/FedMSE/FedMSE/wsn_ds/epoch_170_client_3.pt
2025-09-30 22:09:11.083 | INFO     | agents.servers.serverFedMSE:train_on_clients:54 - Client 4 gets new best val_loss at epoch #170: 0.000689
2025-09-30 22:09:11.085 | INFO     | agents.servers.serverFedMSE:train_on_clients:70 - Saved model for client 4 at epoch 170 -> saved_models/FedMSE/FedMSE/wsn_ds/epoch_170_client_4.pt
2025-09-30 22:09:11.319 | INFO     | agents.servers.serverFedMSE:train_on_clients:70 - Saved model for client 5 at epoch 170 -> saved_models/FedMSE/FedMSE/wsn_ds/epoch_170_client_5.pt
2025-09-30 22:09:11.549 | INFO     | agents.servers.serverFedMSE:train_on_clients:70 - Saved model for client 6 at epoch 170 -> saved_models/FedMSE/FedMSE/wsn_ds/epoch_170_client_6.pt
2025-09-30 22:09:11.780 | INFO     | agents.servers.serverFedMSE:train_on_clients:70 - Saved model for client 7 at epoch 170 -> saved_models/FedMSE/FedMSE/wsn_ds/epoch_170_client_7.pt
2025-09-30 22:09:12.009 | INFO     | agents.servers.serverFedMSE:train_on_clients:70 - Saved model for client 8 at epoch 170 -> saved_models/FedMSE/FedMSE/wsn_ds/epoch_170_client_8.pt
2025-09-30 22:09:12.242 | INFO     | agents.servers.serverFedMSE:train_on_clients:54 - Client 9 gets new best val_loss at epoch #170: 0.000883
2025-09-30 22:09:12.244 | INFO     | agents.servers.serverFedMSE:train_on_clients:70 - Saved model for client 9 at epoch 170 -> saved_models/FedMSE/FedMSE/wsn_ds/epoch_170_client_9.pt
2025-09-30 22:09:12.475 | INFO     | agents.servers.serverFedMSE:train_on_clients:70 - Saved model for client 10 at epoch 170 -> saved_models/FedMSE/FedMSE/wsn_ds/epoch_170_client_10.pt
2025-09-30 22:09:12.706 | INFO     | agents.servers.serverFedMSE:train_on_clients:70 - Saved model for client 11 at epoch 170 -> saved_models/FedMSE/FedMSE/wsn_ds/epoch_170_client_11.pt
2025-09-30 22:09:12.942 | INFO     | agents.servers.serverFedMSE:train_on_clients:70 - Saved model for client 12 at epoch 170 -> saved_models/FedMSE/FedMSE/wsn_ds/epoch_170_client_12.pt
2025-09-30 22:09:13.171 | INFO     | agents.servers.serverFedMSE:train_on_clients:70 - Saved model for client 13 at epoch 170 -> saved_models/FedMSE/FedMSE/wsn_ds/epoch_170_client_13.pt
2025-09-30 22:09:13.401 | INFO     | agents.servers.serverFedMSE:train_on_clients:70 - Saved model for client 14 at epoch 170 -> saved_models/FedMSE/FedMSE/wsn_ds/epoch_170_client_14.pt
2025-09-30 22:09:13.631 | INFO     | agents.servers.serverFedMSE:train_on_clients:70 - Saved model for client 15 at epoch 170 -> saved_models/FedMSE/FedMSE/wsn_ds/epoch_170_client_15.pt
2025-09-30 22:09:13.861 | INFO     | agents.servers.serverFedMSE:train_on_clients:54 - Client 16 gets new best val_loss at epoch #170: 0.000786
2025-09-30 22:09:13.862 | INFO     | agents.servers.serverFedMSE:train_on_clients:70 - Saved model for client 16 at epoch 170 -> saved_models/FedMSE/FedMSE/wsn_ds/epoch_170_client_16.pt
2025-09-30 22:09:14.091 | INFO     | agents.servers.serverFedMSE:train_on_clients:70 - Saved model for client 17 at epoch 170 -> saved_models/FedMSE/FedMSE/wsn_ds/epoch_170_client_17.pt
2025-09-30 22:09:14.322 | INFO     | agents.servers.serverFedMSE:train_on_clients:70 - Saved model for client 18 at epoch 170 -> saved_models/FedMSE/FedMSE/wsn_ds/epoch_170_client_18.pt
2025-09-30 22:09:14.550 | INFO     | agents.servers.serverFedMSE:train_on_clients:70 - Saved model for client 19 at epoch 170 -> saved_models/FedMSE/FedMSE/wsn_ds/epoch_170_client_19.pt
2025-09-30 22:09:14.551 | INFO     | agents.servers.serverFedMSE:train_on_clients:76 - 20 clients still training at epoch #170
2025-09-30 22:09:28.019 | INFO     | agents.servers.serverFedMSE:train_on_clients:32 - Training FedMSE model epoch #171
2025-09-30 22:09:29.858 | INFO     | agents.servers.serverFedMSE:train_on_clients:54 - Client 7 gets new best val_loss at epoch #171: 0.000859
2025-09-30 22:09:31.460 | INFO     | agents.servers.serverFedMSE:train_on_clients:54 - Client 14 gets new best val_loss at epoch #171: 0.000704
2025-09-30 22:09:32.611 | INFO     | agents.servers.serverFedMSE:train_on_clients:76 - 20 clients still training at epoch #171
2025-09-30 22:09:46.146 | INFO     | agents.servers.serverFedMSE:train_on_clients:32 - Training FedMSE model epoch #172
2025-09-30 22:09:46.614 | INFO     | agents.servers.serverFedMSE:train_on_clients:54 - Client 1 gets new best val_loss at epoch #172: 0.000747
2025-09-30 22:09:46.848 | INFO     | agents.servers.serverFedMSE:train_on_clients:54 - Client 2 gets new best val_loss at epoch #172: 0.000705
2025-09-30 22:09:47.083 | INFO     | agents.servers.serverFedMSE:train_on_clients:54 - Client 3 gets new best val_loss at epoch #172: 0.000783
2025-09-30 22:09:47.548 | INFO     | agents.servers.serverFedMSE:train_on_clients:54 - Client 5 gets new best val_loss at epoch #172: 0.000869
2025-09-30 22:09:47.780 | INFO     | agents.servers.serverFedMSE:train_on_clients:54 - Client 6 gets new best val_loss at epoch #172: 0.000785
2025-09-30 22:09:48.476 | INFO     | agents.servers.serverFedMSE:train_on_clients:54 - Client 9 gets new best val_loss at epoch #172: 0.000866
2025-09-30 22:09:49.851 | INFO     | agents.servers.serverFedMSE:train_on_clients:54 - Client 15 gets new best val_loss at epoch #172: 0.000850
2025-09-30 22:09:50.759 | INFO     | agents.servers.serverFedMSE:train_on_clients:76 - 20 clients still training at epoch #172
2025-09-30 22:10:04.202 | INFO     | agents.servers.serverFedMSE:train_on_clients:32 - Training FedMSE model epoch #173
2025-09-30 22:10:04.666 | INFO     | agents.servers.serverFedMSE:train_on_clients:54 - Client 1 gets new best val_loss at epoch #173: 0.000743
2025-09-30 22:10:04.901 | INFO     | agents.servers.serverFedMSE:train_on_clients:54 - Client 2 gets new best val_loss at epoch #173: 0.000701
2025-09-30 22:10:05.131 | INFO     | agents.servers.serverFedMSE:train_on_clients:54 - Client 3 gets new best val_loss at epoch #173: 0.000778
2025-09-30 22:10:05.823 | INFO     | agents.servers.serverFedMSE:train_on_clients:54 - Client 6 gets new best val_loss at epoch #173: 0.000776
2025-09-30 22:10:06.963 | INFO     | agents.servers.serverFedMSE:train_on_clients:54 - Client 11 gets new best val_loss at epoch #173: 0.000862
2025-09-30 22:10:08.800 | INFO     | agents.servers.serverFedMSE:train_on_clients:76 - 20 clients still training at epoch #173
2025-09-30 22:10:22.419 | INFO     | agents.servers.serverFedMSE:train_on_clients:32 - Training FedMSE model epoch #174
2025-09-30 22:10:22.883 | INFO     | agents.servers.serverFedMSE:train_on_clients:54 - Client 1 gets new best val_loss at epoch #174: 0.000740
2025-09-30 22:10:23.116 | INFO     | agents.servers.serverFedMSE:train_on_clients:54 - Client 2 gets new best val_loss at epoch #174: 0.000697
2025-09-30 22:10:23.349 | INFO     | agents.servers.serverFedMSE:train_on_clients:54 - Client 3 gets new best val_loss at epoch #174: 0.000772
2025-09-30 22:10:24.045 | INFO     | agents.servers.serverFedMSE:train_on_clients:54 - Client 6 gets new best val_loss at epoch #174: 0.000766
2025-09-30 22:10:25.888 | INFO     | agents.servers.serverFedMSE:train_on_clients:54 - Client 14 gets new best val_loss at epoch #174: 0.000704
2025-09-30 22:10:27.035 | INFO     | agents.servers.serverFedMSE:train_on_clients:76 - 20 clients still training at epoch #174
2025-09-30 22:10:40.518 | INFO     | agents.servers.serverFedMSE:train_on_clients:32 - Training FedMSE model epoch #175
2025-09-30 22:10:41.215 | INFO     | agents.servers.serverFedMSE:train_on_clients:54 - Client 2 gets new best val_loss at epoch #175: 0.000694
2025-09-30 22:10:41.448 | INFO     | agents.servers.serverFedMSE:train_on_clients:54 - Client 3 gets new best val_loss at epoch #175: 0.000768
2025-09-30 22:10:42.142 | INFO     | agents.servers.serverFedMSE:train_on_clients:54 - Client 6 gets new best val_loss at epoch #175: 0.000761
2025-09-30 22:10:42.376 | INFO     | agents.servers.serverFedMSE:train_on_clients:54 - Client 7 gets new best val_loss at epoch #175: 0.000857
2025-09-30 22:10:43.994 | INFO     | agents.servers.serverFedMSE:train_on_clients:54 - Client 14 gets new best val_loss at epoch #175: 0.000702
2025-09-30 22:10:45.145 | INFO     | agents.servers.serverFedMSE:train_on_clients:76 - 20 clients still training at epoch #175
2025-09-30 22:10:58.659 | INFO     | agents.servers.serverFedMSE:train_on_clients:32 - Training FedMSE model epoch #176
2025-09-30 22:10:59.121 | INFO     | agents.servers.serverFedMSE:train_on_clients:54 - Client 1 gets new best val_loss at epoch #176: 0.000737
2025-09-30 22:10:59.350 | INFO     | agents.servers.serverFedMSE:train_on_clients:54 - Client 2 gets new best val_loss at epoch #176: 0.000692
2025-09-30 22:10:59.580 | INFO     | agents.servers.serverFedMSE:train_on_clients:54 - Client 3 gets new best val_loss at epoch #176: 0.000767
2025-09-30 22:11:00.042 | INFO     | agents.servers.serverFedMSE:train_on_clients:54 - Client 5 gets new best val_loss at epoch #176: 0.000856
2025-09-30 22:11:00.278 | INFO     | agents.servers.serverFedMSE:train_on_clients:54 - Client 6 gets new best val_loss at epoch #176: 0.000761
2025-09-30 22:11:00.510 | INFO     | agents.servers.serverFedMSE:train_on_clients:54 - Client 7 gets new best val_loss at epoch #176: 0.000853
2025-09-30 22:11:03.261 | INFO     | agents.servers.serverFedMSE:train_on_clients:76 - 20 clients still training at epoch #176
2025-09-30 22:11:16.881 | INFO     | agents.servers.serverFedMSE:train_on_clients:32 - Training FedMSE model epoch #177
2025-09-30 22:11:17.353 | INFO     | agents.servers.serverFedMSE:train_on_clients:54 - Client 1 gets new best val_loss at epoch #177: 0.000731
2025-09-30 22:11:18.791 | INFO     | agents.servers.serverFedMSE:train_on_clients:54 - Client 7 gets new best val_loss at epoch #177: 0.000850
2025-09-30 22:11:20.444 | INFO     | agents.servers.serverFedMSE:train_on_clients:54 - Client 14 gets new best val_loss at epoch #177: 0.000700
2025-09-30 22:11:20.909 | INFO     | agents.servers.serverFedMSE:train_on_clients:54 - Client 16 gets new best val_loss at epoch #177: 0.000781
2025-09-30 22:11:21.604 | INFO     | agents.servers.serverFedMSE:train_on_clients:76 - 20 clients still training at epoch #177
2025-09-30 22:11:35.153 | INFO     | agents.servers.serverFedMSE:train_on_clients:32 - Training FedMSE model epoch #178
2025-09-30 22:11:35.845 | INFO     | agents.servers.serverFedMSE:train_on_clients:54 - Client 2 gets new best val_loss at epoch #178: 0.000689
2025-09-30 22:11:36.767 | INFO     | agents.servers.serverFedMSE:train_on_clients:54 - Client 6 gets new best val_loss at epoch #178: 0.000760
2025-09-30 22:11:36.997 | INFO     | agents.servers.serverFedMSE:train_on_clients:54 - Client 7 gets new best val_loss at epoch #178: 0.000850
2025-09-30 22:11:38.600 | INFO     | agents.servers.serverFedMSE:train_on_clients:54 - Client 14 gets new best val_loss at epoch #178: 0.000699
2025-09-30 22:11:39.747 | INFO     | agents.servers.serverFedMSE:train_on_clients:76 - 20 clients still training at epoch #178
2025-09-30 22:11:53.220 | INFO     | agents.servers.serverFedMSE:train_on_clients:32 - Training FedMSE model epoch #179
2025-09-30 22:11:53.912 | INFO     | agents.servers.serverFedMSE:train_on_clients:54 - Client 2 gets new best val_loss at epoch #179: 0.000687
2025-09-30 22:11:54.835 | INFO     | agents.servers.serverFedMSE:train_on_clients:54 - Client 6 gets new best val_loss at epoch #179: 0.000760
2025-09-30 22:11:55.066 | INFO     | agents.servers.serverFedMSE:train_on_clients:54 - Client 7 gets new best val_loss at epoch #179: 0.000849
2025-09-30 22:11:56.205 | INFO     | agents.servers.serverFedMSE:train_on_clients:54 - Client 12 gets new best val_loss at epoch #179: 0.000801
2025-09-30 22:11:57.055 | INFO     | agents.servers.serverFedMSE:train_on_clients:54 - Client 16 gets new best val_loss at epoch #179: 0.000762
2025-09-30 22:11:57.693 | INFO     | agents.servers.serverFedMSE:train_on_clients:76 - 20 clients still training at epoch #179
2025-09-30 22:12:11.098 | INFO     | agents.servers.serverFedMSE:train_on_clients:32 - Training FedMSE model epoch #180
2025-09-30 22:12:11.315 | INFO     | agents.servers.serverFedMSE:train_on_clients:70 - Saved model for client 0 at epoch 180 -> saved_models/FedMSE/FedMSE/wsn_ds/epoch_180_client_0.pt
2025-09-30 22:12:11.532 | INFO     | agents.servers.serverFedMSE:train_on_clients:70 - Saved model for client 1 at epoch 180 -> saved_models/FedMSE/FedMSE/wsn_ds/epoch_180_client_1.pt
2025-09-30 22:12:11.750 | INFO     | agents.servers.serverFedMSE:train_on_clients:54 - Client 2 gets new best val_loss at epoch #180: 0.000685
2025-09-30 22:12:11.751 | INFO     | agents.servers.serverFedMSE:train_on_clients:70 - Saved model for client 2 at epoch 180 -> saved_models/FedMSE/FedMSE/wsn_ds/epoch_180_client_2.pt
2025-09-30 22:12:11.969 | INFO     | agents.servers.serverFedMSE:train_on_clients:54 - Client 3 gets new best val_loss at epoch #180: 0.000763
2025-09-30 22:12:11.970 | INFO     | agents.servers.serverFedMSE:train_on_clients:70 - Saved model for client 3 at epoch 180 -> saved_models/FedMSE/FedMSE/wsn_ds/epoch_180_client_3.pt
2025-09-30 22:12:12.186 | INFO     | agents.servers.serverFedMSE:train_on_clients:70 - Saved model for client 4 at epoch 180 -> saved_models/FedMSE/FedMSE/wsn_ds/epoch_180_client_4.pt
2025-09-30 22:12:12.404 | INFO     | agents.servers.serverFedMSE:train_on_clients:70 - Saved model for client 5 at epoch 180 -> saved_models/FedMSE/FedMSE/wsn_ds/epoch_180_client_5.pt
2025-09-30 22:12:12.621 | INFO     | agents.servers.serverFedMSE:train_on_clients:70 - Saved model for client 6 at epoch 180 -> saved_models/FedMSE/FedMSE/wsn_ds/epoch_180_client_6.pt
2025-09-30 22:12:12.838 | INFO     | agents.servers.serverFedMSE:train_on_clients:70 - Saved model for client 7 at epoch 180 -> saved_models/FedMSE/FedMSE/wsn_ds/epoch_180_client_7.pt
2025-09-30 22:12:13.056 | INFO     | agents.servers.serverFedMSE:train_on_clients:70 - Saved model for client 8 at epoch 180 -> saved_models/FedMSE/FedMSE/wsn_ds/epoch_180_client_8.pt
2025-09-30 22:12:13.273 | INFO     | agents.servers.serverFedMSE:train_on_clients:70 - Saved model for client 9 at epoch 180 -> saved_models/FedMSE/FedMSE/wsn_ds/epoch_180_client_9.pt
2025-09-30 22:12:13.491 | INFO     | agents.servers.serverFedMSE:train_on_clients:70 - Saved model for client 10 at epoch 180 -> saved_models/FedMSE/FedMSE/wsn_ds/epoch_180_client_10.pt
2025-09-30 22:12:13.707 | INFO     | agents.servers.serverFedMSE:train_on_clients:70 - Saved model for client 11 at epoch 180 -> saved_models/FedMSE/FedMSE/wsn_ds/epoch_180_client_11.pt
2025-09-30 22:12:13.924 | INFO     | agents.servers.serverFedMSE:train_on_clients:70 - Saved model for client 12 at epoch 180 -> saved_models/FedMSE/FedMSE/wsn_ds/epoch_180_client_12.pt
2025-09-30 22:12:14.140 | INFO     | agents.servers.serverFedMSE:train_on_clients:70 - Saved model for client 13 at epoch 180 -> saved_models/FedMSE/FedMSE/wsn_ds/epoch_180_client_13.pt
2025-09-30 22:12:14.357 | INFO     | agents.servers.serverFedMSE:train_on_clients:70 - Saved model for client 14 at epoch 180 -> saved_models/FedMSE/FedMSE/wsn_ds/epoch_180_client_14.pt
2025-09-30 22:12:14.574 | INFO     | agents.servers.serverFedMSE:train_on_clients:70 - Saved model for client 15 at epoch 180 -> saved_models/FedMSE/FedMSE/wsn_ds/epoch_180_client_15.pt
2025-09-30 22:12:14.791 | INFO     | agents.servers.serverFedMSE:train_on_clients:70 - Saved model for client 16 at epoch 180 -> saved_models/FedMSE/FedMSE/wsn_ds/epoch_180_client_16.pt
2025-09-30 22:12:15.009 | INFO     | agents.servers.serverFedMSE:train_on_clients:70 - Saved model for client 17 at epoch 180 -> saved_models/FedMSE/FedMSE/wsn_ds/epoch_180_client_17.pt
2025-09-30 22:12:15.225 | INFO     | agents.servers.serverFedMSE:train_on_clients:70 - Saved model for client 18 at epoch 180 -> saved_models/FedMSE/FedMSE/wsn_ds/epoch_180_client_18.pt
2025-09-30 22:12:15.441 | INFO     | agents.servers.serverFedMSE:train_on_clients:70 - Saved model for client 19 at epoch 180 -> saved_models/FedMSE/FedMSE/wsn_ds/epoch_180_client_19.pt
2025-09-30 22:12:15.442 | INFO     | agents.servers.serverFedMSE:train_on_clients:76 - 20 clients still training at epoch #180
2025-09-30 22:12:29.138 | INFO     | agents.servers.serverFedMSE:train_on_clients:32 - Training FedMSE model epoch #181
2025-09-30 22:12:29.606 | INFO     | agents.servers.serverFedMSE:train_on_clients:54 - Client 1 gets new best val_loss at epoch #181: 0.000726
2025-09-30 22:12:33.636 | INFO     | agents.servers.serverFedMSE:train_on_clients:76 - 20 clients still training at epoch #181
2025-09-30 22:12:47.047 | INFO     | agents.servers.serverFedMSE:train_on_clients:32 - Training FedMSE model epoch #182
2025-09-30 22:12:48.425 | INFO     | agents.servers.serverFedMSE:train_on_clients:54 - Client 5 gets new best val_loss at epoch #182: 0.000854
2025-09-30 22:12:51.510 | INFO     | agents.servers.serverFedMSE:train_on_clients:76 - 20 clients still training at epoch #182
2025-09-30 22:13:05.050 | INFO     | agents.servers.serverFedMSE:train_on_clients:32 - Training FedMSE model epoch #183
2025-09-30 22:13:09.658 | INFO     | agents.servers.serverFedMSE:train_on_clients:76 - 20 clients still training at epoch #183
2025-09-30 22:13:23.137 | INFO     | agents.servers.serverFedMSE:train_on_clients:32 - Training FedMSE model epoch #184
2025-09-30 22:13:24.739 | INFO     | agents.servers.serverFedMSE:train_on_clients:54 - Client 6 gets new best val_loss at epoch #184: 0.000753
2025-09-30 22:13:27.711 | INFO     | agents.servers.serverFedMSE:train_on_clients:76 - 20 clients still training at epoch #184
2025-09-30 22:13:41.412 | INFO     | agents.servers.serverFedMSE:train_on_clients:32 - Training FedMSE model epoch #185
2025-09-30 22:13:43.024 | INFO     | agents.servers.serverFedMSE:train_on_clients:54 - Client 6 gets new best val_loss at epoch #185: 0.000748
2025-09-30 22:13:45.322 | INFO     | agents.servers.serverFedMSE:train_on_clients:54 - Client 16 gets new best val_loss at epoch #185: 0.000722
2025-09-30 22:13:46.011 | INFO     | agents.servers.serverFedMSE:train_on_clients:76 - 20 clients still training at epoch #185
2025-09-30 22:13:59.467 | INFO     | agents.servers.serverFedMSE:train_on_clients:32 - Training FedMSE model epoch #186
2025-09-30 22:13:59.935 | INFO     | agents.servers.serverFedMSE:train_on_clients:54 - Client 1 gets new best val_loss at epoch #186: 0.000724
2025-09-30 22:14:02.009 | INFO     | agents.servers.serverFedMSE:train_on_clients:54 - Client 10 gets new best val_loss at epoch #186: 0.000763
2025-09-30 22:14:02.470 | INFO     | agents.servers.serverFedMSE:train_on_clients:54 - Client 12 gets new best val_loss at epoch #186: 0.000796
2025-09-30 22:14:04.081 | INFO     | agents.servers.serverFedMSE:train_on_clients:76 - 20 clients still training at epoch #186
2025-09-30 22:14:17.568 | INFO     | agents.servers.serverFedMSE:train_on_clients:32 - Training FedMSE model epoch #187
2025-09-30 22:14:20.315 | INFO     | agents.servers.serverFedMSE:train_on_clients:54 - Client 11 gets new best val_loss at epoch #187: 0.000859
2025-09-30 22:14:20.552 | INFO     | agents.servers.serverFedMSE:train_on_clients:54 - Client 12 gets new best val_loss at epoch #187: 0.000782
2025-09-30 22:14:21.486 | INFO     | agents.servers.serverFedMSE:train_on_clients:54 - Client 16 gets new best val_loss at epoch #187: 0.000717
2025-09-30 22:14:22.175 | INFO     | agents.servers.serverFedMSE:train_on_clients:76 - 20 clients still training at epoch #187
2025-09-30 22:14:35.571 | INFO     | agents.servers.serverFedMSE:train_on_clients:32 - Training FedMSE model epoch #188
2025-09-30 22:14:40.277 | INFO     | agents.servers.serverFedMSE:train_on_clients:76 - 20 clients still training at epoch #188
2025-09-30 22:14:53.803 | INFO     | agents.servers.serverFedMSE:train_on_clients:32 - Training FedMSE model epoch #189
2025-09-30 22:14:57.041 | INFO     | agents.servers.serverFedMSE:train_on_clients:54 - Client 13 gets new best val_loss at epoch #189: 0.000797
2025-09-30 22:14:58.438 | INFO     | agents.servers.serverFedMSE:train_on_clients:76 - 20 clients still training at epoch #189
2025-09-30 22:15:11.869 | INFO     | agents.servers.serverFedMSE:train_on_clients:32 - Training FedMSE model epoch #190
2025-09-30 22:15:12.104 | INFO     | agents.servers.serverFedMSE:train_on_clients:70 - Saved model for client 0 at epoch 190 -> saved_models/FedMSE/FedMSE/wsn_ds/epoch_190_client_0.pt
2025-09-30 22:15:12.337 | INFO     | agents.servers.serverFedMSE:train_on_clients:70 - Saved model for client 1 at epoch 190 -> saved_models/FedMSE/FedMSE/wsn_ds/epoch_190_client_1.pt
2025-09-30 22:15:12.569 | INFO     | agents.servers.serverFedMSE:train_on_clients:70 - Saved model for client 2 at epoch 190 -> saved_models/FedMSE/FedMSE/wsn_ds/epoch_190_client_2.pt
2025-09-30 22:15:12.800 | INFO     | agents.servers.serverFedMSE:train_on_clients:70 - Saved model for client 3 at epoch 190 -> saved_models/FedMSE/FedMSE/wsn_ds/epoch_190_client_3.pt
2025-09-30 22:15:13.031 | INFO     | agents.servers.serverFedMSE:train_on_clients:70 - Saved model for client 4 at epoch 190 -> saved_models/FedMSE/FedMSE/wsn_ds/epoch_190_client_4.pt
2025-09-30 22:15:13.265 | INFO     | agents.servers.serverFedMSE:train_on_clients:70 - Saved model for client 5 at epoch 190 -> saved_models/FedMSE/FedMSE/wsn_ds/epoch_190_client_5.pt
2025-09-30 22:15:13.496 | INFO     | agents.servers.serverFedMSE:train_on_clients:70 - Saved model for client 6 at epoch 190 -> saved_models/FedMSE/FedMSE/wsn_ds/epoch_190_client_6.pt
2025-09-30 22:15:13.727 | INFO     | agents.servers.serverFedMSE:train_on_clients:70 - Saved model for client 7 at epoch 190 -> saved_models/FedMSE/FedMSE/wsn_ds/epoch_190_client_7.pt
2025-09-30 22:15:13.958 | INFO     | agents.servers.serverFedMSE:train_on_clients:70 - Saved model for client 8 at epoch 190 -> saved_models/FedMSE/FedMSE/wsn_ds/epoch_190_client_8.pt
2025-09-30 22:15:14.191 | INFO     | agents.servers.serverFedMSE:train_on_clients:70 - Saved model for client 9 at epoch 190 -> saved_models/FedMSE/FedMSE/wsn_ds/epoch_190_client_9.pt
2025-09-30 22:15:14.421 | INFO     | agents.servers.serverFedMSE:train_on_clients:54 - Client 10 gets new best val_loss at epoch #190: 0.000759
2025-09-30 22:15:14.422 | INFO     | agents.servers.serverFedMSE:train_on_clients:70 - Saved model for client 10 at epoch 190 -> saved_models/FedMSE/FedMSE/wsn_ds/epoch_190_client_10.pt
2025-09-30 22:15:14.655 | INFO     | agents.servers.serverFedMSE:train_on_clients:70 - Saved model for client 11 at epoch 190 -> saved_models/FedMSE/FedMSE/wsn_ds/epoch_190_client_11.pt
2025-09-30 22:15:14.887 | INFO     | agents.servers.serverFedMSE:train_on_clients:70 - Saved model for client 12 at epoch 190 -> saved_models/FedMSE/FedMSE/wsn_ds/epoch_190_client_12.pt
2025-09-30 22:15:15.123 | INFO     | agents.servers.serverFedMSE:train_on_clients:70 - Saved model for client 13 at epoch 190 -> saved_models/FedMSE/FedMSE/wsn_ds/epoch_190_client_13.pt
2025-09-30 22:15:15.353 | INFO     | agents.servers.serverFedMSE:train_on_clients:70 - Saved model for client 14 at epoch 190 -> saved_models/FedMSE/FedMSE/wsn_ds/epoch_190_client_14.pt
2025-09-30 22:15:15.583 | INFO     | agents.servers.serverFedMSE:train_on_clients:70 - Saved model for client 15 at epoch 190 -> saved_models/FedMSE/FedMSE/wsn_ds/epoch_190_client_15.pt
2025-09-30 22:15:15.815 | INFO     | agents.servers.serverFedMSE:train_on_clients:70 - Saved model for client 16 at epoch 190 -> saved_models/FedMSE/FedMSE/wsn_ds/epoch_190_client_16.pt
2025-09-30 22:15:16.046 | INFO     | agents.servers.serverFedMSE:train_on_clients:70 - Saved model for client 17 at epoch 190 -> saved_models/FedMSE/FedMSE/wsn_ds/epoch_190_client_17.pt
2025-09-30 22:15:16.276 | INFO     | agents.servers.serverFedMSE:train_on_clients:70 - Saved model for client 18 at epoch 190 -> saved_models/FedMSE/FedMSE/wsn_ds/epoch_190_client_18.pt
2025-09-30 22:15:16.507 | INFO     | agents.servers.serverFedMSE:train_on_clients:70 - Saved model for client 19 at epoch 190 -> saved_models/FedMSE/FedMSE/wsn_ds/epoch_190_client_19.pt
2025-09-30 22:15:16.508 | INFO     | agents.servers.serverFedMSE:train_on_clients:76 - 20 clients still training at epoch #190
2025-09-30 22:15:29.979 | INFO     | agents.servers.serverFedMSE:train_on_clients:32 - Training FedMSE model epoch #191
2025-09-30 22:15:34.591 | INFO     | agents.servers.serverFedMSE:train_on_clients:76 - 20 clients still training at epoch #191
2025-09-30 22:15:48.260 | INFO     | agents.servers.serverFedMSE:train_on_clients:32 - Training FedMSE model epoch #192
2025-09-30 22:15:52.872 | INFO     | agents.servers.serverFedMSE:train_on_clients:76 - 20 clients still training at epoch #192
2025-09-30 22:16:06.320 | INFO     | agents.servers.serverFedMSE:train_on_clients:32 - Training FedMSE model epoch #193
2025-09-30 22:16:10.923 | INFO     | agents.servers.serverFedMSE:train_on_clients:76 - 20 clients still training at epoch #193
2025-09-30 22:16:24.380 | INFO     | agents.servers.serverFedMSE:train_on_clients:32 - Training FedMSE model epoch #194
2025-09-30 22:16:27.373 | INFO     | agents.servers.serverFedMSE:train_on_clients:54 - Client 12 gets new best val_loss at epoch #194: 0.000714
2025-09-30 22:16:28.992 | INFO     | agents.servers.serverFedMSE:train_on_clients:76 - 20 clients still training at epoch #194
2025-09-30 22:16:42.469 | INFO     | agents.servers.serverFedMSE:train_on_clients:32 - Training FedMSE model epoch #195
2025-09-30 22:16:43.856 | INFO     | agents.servers.serverFedMSE:train_on_clients:54 - Client 5 gets new best val_loss at epoch #195: 0.000819
2025-09-30 22:16:47.090 | INFO     | agents.servers.serverFedMSE:train_on_clients:76 - 20 clients still training at epoch #195
2025-09-30 22:17:00.909 | INFO     | agents.servers.serverFedMSE:train_on_clients:32 - Training FedMSE model epoch #196
2025-09-30 22:17:02.290 | INFO     | agents.servers.serverFedMSE:train_on_clients:54 - Client 5 gets new best val_loss at epoch #196: 0.000797
2025-09-30 22:17:05.528 | INFO     | agents.servers.serverFedMSE:train_on_clients:76 - 20 clients still training at epoch #196
2025-09-30 22:17:19.013 | INFO     | agents.servers.serverFedMSE:train_on_clients:32 - Training FedMSE model epoch #197
2025-09-30 22:17:23.659 | INFO     | agents.servers.serverFedMSE:train_on_clients:76 - 20 clients still training at epoch #197
2025-09-30 22:17:37.186 | INFO     | agents.servers.serverFedMSE:train_on_clients:32 - Training FedMSE model epoch #198
2025-09-30 22:17:41.828 | INFO     | agents.servers.serverFedMSE:train_on_clients:76 - 20 clients still training at epoch #198
2025-09-30 22:17:55.447 | INFO     | agents.servers.serverFedMSE:train_on_clients:32 - Training FedMSE model epoch #199
2025-09-30 22:18:00.070 | INFO     | agents.servers.serverFedMSE:train_on_clients:54 - Client 19 gets new best val_loss at epoch #199: 0.000739
2025-09-30 22:18:00.072 | INFO     | agents.servers.serverFedMSE:train_on_clients:76 - 20 clients still training at epoch #199
2025-09-30 22:18:13.587 | INFO     | agents.servers.serverFedMSE:train_on_clients:32 - Training FedMSE model epoch #200
2025-09-30 22:18:13.818 | INFO     | agents.servers.serverFedMSE:train_on_clients:70 - Saved model for client 0 at epoch 200 -> saved_models/FedMSE/FedMSE/wsn_ds/epoch_200_client_0.pt
2025-09-30 22:18:14.049 | INFO     | agents.servers.serverFedMSE:train_on_clients:70 - Saved model for client 1 at epoch 200 -> saved_models/FedMSE/FedMSE/wsn_ds/epoch_200_client_1.pt
2025-09-30 22:18:14.280 | INFO     | agents.servers.serverFedMSE:train_on_clients:70 - Saved model for client 2 at epoch 200 -> saved_models/FedMSE/FedMSE/wsn_ds/epoch_200_client_2.pt
2025-09-30 22:18:14.509 | INFO     | agents.servers.serverFedMSE:train_on_clients:70 - Saved model for client 3 at epoch 200 -> saved_models/FedMSE/FedMSE/wsn_ds/epoch_200_client_3.pt
2025-09-30 22:18:14.738 | INFO     | agents.servers.serverFedMSE:train_on_clients:70 - Saved model for client 4 at epoch 200 -> saved_models/FedMSE/FedMSE/wsn_ds/epoch_200_client_4.pt
2025-09-30 22:18:14.970 | INFO     | agents.servers.serverFedMSE:train_on_clients:70 - Saved model for client 5 at epoch 200 -> saved_models/FedMSE/FedMSE/wsn_ds/epoch_200_client_5.pt
2025-09-30 22:18:15.198 | INFO     | agents.servers.serverFedMSE:train_on_clients:70 - Saved model for client 6 at epoch 200 -> saved_models/FedMSE/FedMSE/wsn_ds/epoch_200_client_6.pt
2025-09-30 22:18:15.428 | INFO     | agents.servers.serverFedMSE:train_on_clients:70 - Saved model for client 7 at epoch 200 -> saved_models/FedMSE/FedMSE/wsn_ds/epoch_200_client_7.pt
2025-09-30 22:18:15.657 | INFO     | agents.servers.serverFedMSE:train_on_clients:70 - Saved model for client 8 at epoch 200 -> saved_models/FedMSE/FedMSE/wsn_ds/epoch_200_client_8.pt
2025-09-30 22:18:15.886 | INFO     | agents.servers.serverFedMSE:train_on_clients:70 - Saved model for client 9 at epoch 200 -> saved_models/FedMSE/FedMSE/wsn_ds/epoch_200_client_9.pt
2025-09-30 22:18:16.115 | INFO     | agents.servers.serverFedMSE:train_on_clients:70 - Saved model for client 10 at epoch 200 -> saved_models/FedMSE/FedMSE/wsn_ds/epoch_200_client_10.pt
2025-09-30 22:18:16.345 | INFO     | agents.servers.serverFedMSE:train_on_clients:54 - Client 11 gets new best val_loss at epoch #200: 0.000852
2025-09-30 22:18:16.346 | INFO     | agents.servers.serverFedMSE:train_on_clients:70 - Saved model for client 11 at epoch 200 -> saved_models/FedMSE/FedMSE/wsn_ds/epoch_200_client_11.pt
2025-09-30 22:18:16.576 | INFO     | agents.servers.serverFedMSE:train_on_clients:70 - Saved model for client 12 at epoch 200 -> saved_models/FedMSE/FedMSE/wsn_ds/epoch_200_client_12.pt
2025-09-30 22:18:16.805 | INFO     | agents.servers.serverFedMSE:train_on_clients:70 - Saved model for client 13 at epoch 200 -> saved_models/FedMSE/FedMSE/wsn_ds/epoch_200_client_13.pt
2025-09-30 22:18:17.034 | INFO     | agents.servers.serverFedMSE:train_on_clients:70 - Saved model for client 14 at epoch 200 -> saved_models/FedMSE/FedMSE/wsn_ds/epoch_200_client_14.pt
2025-09-30 22:18:17.264 | INFO     | agents.servers.serverFedMSE:train_on_clients:70 - Saved model for client 15 at epoch 200 -> saved_models/FedMSE/FedMSE/wsn_ds/epoch_200_client_15.pt
2025-09-30 22:18:17.494 | INFO     | agents.servers.serverFedMSE:train_on_clients:70 - Saved model for client 16 at epoch 200 -> saved_models/FedMSE/FedMSE/wsn_ds/epoch_200_client_16.pt
2025-09-30 22:18:17.723 | INFO     | agents.servers.serverFedMSE:train_on_clients:70 - Saved model for client 17 at epoch 200 -> saved_models/FedMSE/FedMSE/wsn_ds/epoch_200_client_17.pt
2025-09-30 22:18:17.952 | INFO     | agents.servers.serverFedMSE:train_on_clients:70 - Saved model for client 18 at epoch 200 -> saved_models/FedMSE/FedMSE/wsn_ds/epoch_200_client_18.pt
2025-09-30 22:18:18.181 | INFO     | agents.servers.serverFedMSE:train_on_clients:54 - Client 19 gets new best val_loss at epoch #200: 0.000737
2025-09-30 22:18:18.182 | INFO     | agents.servers.serverFedMSE:train_on_clients:70 - Saved model for client 19 at epoch 200 -> saved_models/FedMSE/FedMSE/wsn_ds/epoch_200_client_19.pt
2025-09-30 22:18:18.184 | INFO     | agents.servers.serverFedMSE:train_on_clients:76 - 20 clients still training at epoch #200
2025-09-30 22:18:31.735 | INFO     | agents.servers.serverFedMSE:train_on_clients:32 - Training FedMSE model epoch #201
2025-09-30 22:18:34.715 | INFO     | agents.servers.serverFedMSE:train_on_clients:54 - Client 12 gets new best val_loss at epoch #201: 0.000713
2025-09-30 22:18:36.342 | INFO     | agents.servers.serverFedMSE:train_on_clients:76 - 20 clients still training at epoch #201
2025-09-30 22:18:49.733 | INFO     | agents.servers.serverFedMSE:train_on_clients:32 - Training FedMSE model epoch #202
2025-09-30 22:18:52.042 | INFO     | agents.servers.serverFedMSE:train_on_clients:54 - Client 9 gets new best val_loss at epoch #202: 0.000863
2025-09-30 22:18:52.735 | INFO     | agents.servers.serverFedMSE:train_on_clients:54 - Client 12 gets new best val_loss at epoch #202: 0.000713
2025-09-30 22:18:54.231 | INFO     | agents.servers.serverFedMSE:train_on_clients:76 - 20 clients still training at epoch #202
2025-09-30 22:19:07.898 | INFO     | agents.servers.serverFedMSE:train_on_clients:32 - Training FedMSE model epoch #203
2025-09-30 22:19:12.441 | INFO     | agents.servers.serverFedMSE:train_on_clients:76 - 20 clients still training at epoch #203
2025-09-30 22:19:25.939 | INFO     | agents.servers.serverFedMSE:train_on_clients:32 - Training FedMSE model epoch #204
2025-09-30 22:19:27.236 | INFO     | agents.servers.serverFedMSE:train_on_clients:54 - Client 5 gets new best val_loss at epoch #204: 0.000797
2025-09-30 22:19:28.607 | INFO     | agents.servers.serverFedMSE:train_on_clients:54 - Client 11 gets new best val_loss at epoch #204: 0.000852
2025-09-30 22:19:30.424 | INFO     | agents.servers.serverFedMSE:train_on_clients:76 - 20 clients still training at epoch #204
2025-09-30 22:19:43.849 | INFO     | agents.servers.serverFedMSE:train_on_clients:32 - Training FedMSE model epoch #205
2025-09-30 22:19:47.536 | INFO     | agents.servers.serverFedMSE:train_on_clients:54 - Client 15 gets new best val_loss at epoch #205: 0.000849
2025-09-30 22:19:48.454 | INFO     | agents.servers.serverFedMSE:train_on_clients:76 - 20 clients still training at epoch #205
2025-09-30 22:20:01.936 | INFO     | agents.servers.serverFedMSE:train_on_clients:32 - Training FedMSE model epoch #206
2025-09-30 22:20:06.538 | INFO     | agents.servers.serverFedMSE:train_on_clients:76 - 20 clients still training at epoch #206
2025-09-30 22:20:20.222 | INFO     | agents.servers.serverFedMSE:train_on_clients:32 - Training FedMSE model epoch #207
2025-09-30 22:20:24.837 | INFO     | agents.servers.serverFedMSE:train_on_clients:76 - 20 clients still training at epoch #207
2025-09-30 22:20:38.375 | INFO     | agents.servers.serverFedMSE:train_on_clients:32 - Training FedMSE model epoch #208
2025-09-30 22:20:42.960 | INFO     | agents.servers.serverFedMSE:train_on_clients:76 - 20 clients still training at epoch #208
2025-09-30 22:20:56.432 | INFO     | agents.servers.serverFedMSE:train_on_clients:32 - Training FedMSE model epoch #209
2025-09-30 22:20:57.812 | INFO     | agents.servers.serverFedMSE:train_on_clients:54 - Client 5 gets new best val_loss at epoch #209: 0.000795
2025-09-30 22:20:58.730 | INFO     | agents.servers.serverFedMSE:train_on_clients:54 - Client 9 gets new best val_loss at epoch #209: 0.000854
2025-09-30 22:21:01.029 | INFO     | agents.servers.serverFedMSE:train_on_clients:76 - 20 clients still training at epoch #209
2025-09-30 22:21:14.568 | INFO     | agents.servers.serverFedMSE:train_on_clients:32 - Training FedMSE model epoch #210
2025-09-30 22:21:14.800 | INFO     | agents.servers.serverFedMSE:train_on_clients:70 - Saved model for client 0 at epoch 210 -> saved_models/FedMSE/FedMSE/wsn_ds/epoch_210_client_0.pt
2025-09-30 22:21:15.034 | INFO     | agents.servers.serverFedMSE:train_on_clients:70 - Saved model for client 1 at epoch 210 -> saved_models/FedMSE/FedMSE/wsn_ds/epoch_210_client_1.pt
2025-09-30 22:21:15.267 | INFO     | agents.servers.serverFedMSE:train_on_clients:70 - Saved model for client 2 at epoch 210 -> saved_models/FedMSE/FedMSE/wsn_ds/epoch_210_client_2.pt
2025-09-30 22:21:15.502 | INFO     | agents.servers.serverFedMSE:train_on_clients:70 - Saved model for client 3 at epoch 210 -> saved_models/FedMSE/FedMSE/wsn_ds/epoch_210_client_3.pt
2025-09-30 22:21:15.766 | INFO     | agents.servers.serverFedMSE:train_on_clients:70 - Saved model for client 4 at epoch 210 -> saved_models/FedMSE/FedMSE/wsn_ds/epoch_210_client_4.pt
2025-09-30 22:21:16.000 | INFO     | agents.servers.serverFedMSE:train_on_clients:54 - Client 5 gets new best val_loss at epoch #210: 0.000787
2025-09-30 22:21:16.002 | INFO     | agents.servers.serverFedMSE:train_on_clients:70 - Saved model for client 5 at epoch 210 -> saved_models/FedMSE/FedMSE/wsn_ds/epoch_210_client_5.pt
2025-09-30 22:21:16.236 | INFO     | agents.servers.serverFedMSE:train_on_clients:70 - Saved model for client 6 at epoch 210 -> saved_models/FedMSE/FedMSE/wsn_ds/epoch_210_client_6.pt
2025-09-30 22:21:16.470 | INFO     | agents.servers.serverFedMSE:train_on_clients:70 - Saved model for client 7 at epoch 210 -> saved_models/FedMSE/FedMSE/wsn_ds/epoch_210_client_7.pt
2025-09-30 22:21:16.701 | INFO     | agents.servers.serverFedMSE:train_on_clients:70 - Saved model for client 8 at epoch 210 -> saved_models/FedMSE/FedMSE/wsn_ds/epoch_210_client_8.pt
2025-09-30 22:21:16.934 | INFO     | agents.servers.serverFedMSE:train_on_clients:70 - Saved model for client 9 at epoch 210 -> saved_models/FedMSE/FedMSE/wsn_ds/epoch_210_client_9.pt
2025-09-30 22:21:17.165 | INFO     | agents.servers.serverFedMSE:train_on_clients:70 - Saved model for client 10 at epoch 210 -> saved_models/FedMSE/FedMSE/wsn_ds/epoch_210_client_10.pt
2025-09-30 22:21:17.397 | INFO     | agents.servers.serverFedMSE:train_on_clients:70 - Saved model for client 11 at epoch 210 -> saved_models/FedMSE/FedMSE/wsn_ds/epoch_210_client_11.pt
2025-09-30 22:21:17.629 | INFO     | agents.servers.serverFedMSE:train_on_clients:70 - Saved model for client 12 at epoch 210 -> saved_models/FedMSE/FedMSE/wsn_ds/epoch_210_client_12.pt
2025-09-30 22:21:17.861 | INFO     | agents.servers.serverFedMSE:train_on_clients:70 - Saved model for client 13 at epoch 210 -> saved_models/FedMSE/FedMSE/wsn_ds/epoch_210_client_13.pt
2025-09-30 22:21:18.094 | INFO     | agents.servers.serverFedMSE:train_on_clients:70 - Saved model for client 14 at epoch 210 -> saved_models/FedMSE/FedMSE/wsn_ds/epoch_210_client_14.pt
2025-09-30 22:21:18.329 | INFO     | agents.servers.serverFedMSE:train_on_clients:70 - Saved model for client 15 at epoch 210 -> saved_models/FedMSE/FedMSE/wsn_ds/epoch_210_client_15.pt
2025-09-30 22:21:18.563 | INFO     | agents.servers.serverFedMSE:train_on_clients:70 - Saved model for client 16 at epoch 210 -> saved_models/FedMSE/FedMSE/wsn_ds/epoch_210_client_16.pt
2025-09-30 22:21:18.798 | INFO     | agents.servers.serverFedMSE:train_on_clients:70 - Saved model for client 17 at epoch 210 -> saved_models/FedMSE/FedMSE/wsn_ds/epoch_210_client_17.pt
2025-09-30 22:21:19.038 | INFO     | agents.servers.serverFedMSE:train_on_clients:70 - Saved model for client 18 at epoch 210 -> saved_models/FedMSE/FedMSE/wsn_ds/epoch_210_client_18.pt
2025-09-30 22:21:19.276 | INFO     | agents.servers.serverFedMSE:train_on_clients:70 - Saved model for client 19 at epoch 210 -> saved_models/FedMSE/FedMSE/wsn_ds/epoch_210_client_19.pt
2025-09-30 22:21:19.278 | INFO     | agents.servers.serverFedMSE:train_on_clients:76 - 20 clients still training at epoch #210
2025-09-30 22:21:32.840 | INFO     | agents.servers.serverFedMSE:train_on_clients:32 - Training FedMSE model epoch #211
2025-09-30 22:21:37.468 | INFO     | agents.servers.serverFedMSE:train_on_clients:76 - 20 clients still training at epoch #211
2025-09-30 22:21:50.924 | INFO     | agents.servers.serverFedMSE:train_on_clients:32 - Training FedMSE model epoch #212
2025-09-30 22:21:52.308 | INFO     | agents.servers.serverFedMSE:train_on_clients:54 - Client 5 gets new best val_loss at epoch #212: 0.000785
2025-09-30 22:21:53.219 | INFO     | agents.servers.serverFedMSE:train_on_clients:54 - Client 9 gets new best val_loss at epoch #212: 0.000795
2025-09-30 22:21:55.506 | INFO     | agents.servers.serverFedMSE:train_on_clients:76 - 20 clients still training at epoch #212
2025-09-30 22:22:08.964 | INFO     | agents.servers.serverFedMSE:train_on_clients:32 - Training FedMSE model epoch #213
2025-09-30 22:22:11.273 | INFO     | agents.servers.serverFedMSE:train_on_clients:54 - Client 9 gets new best val_loss at epoch #213: 0.000793
2025-09-30 22:22:13.576 | INFO     | agents.servers.serverFedMSE:train_on_clients:76 - 20 clients still training at epoch #213
2025-09-30 22:22:27.302 | INFO     | agents.servers.serverFedMSE:train_on_clients:32 - Training FedMSE model epoch #214
2025-09-30 22:22:31.942 | INFO     | agents.servers.serverFedMSE:train_on_clients:76 - 20 clients still training at epoch #214
2025-09-30 22:22:45.423 | INFO     | agents.servers.serverFedMSE:train_on_clients:32 - Training FedMSE model epoch #215
2025-09-30 22:22:47.963 | INFO     | agents.servers.serverFedMSE:train_on_clients:54 - Client 10 gets new best val_loss at epoch #215: 0.000752
2025-09-30 22:22:50.056 | INFO     | agents.servers.serverFedMSE:train_on_clients:76 - 20 clients still training at epoch #215
2025-09-30 22:23:03.576 | INFO     | agents.servers.serverFedMSE:train_on_clients:32 - Training FedMSE model epoch #216
2025-09-30 22:23:05.883 | INFO     | agents.servers.serverFedMSE:train_on_clients:54 - Client 9 gets new best val_loss at epoch #216: 0.000793
2025-09-30 22:23:08.180 | INFO     | agents.servers.serverFedMSE:train_on_clients:76 - 20 clients still training at epoch #216
2025-09-30 22:23:21.693 | INFO     | agents.servers.serverFedMSE:train_on_clients:32 - Training FedMSE model epoch #217
2025-09-30 22:23:25.349 | INFO     | agents.servers.serverFedMSE:train_on_clients:54 - Client 15 gets new best val_loss at epoch #217: 0.000817
2025-09-30 22:23:26.282 | INFO     | agents.servers.serverFedMSE:train_on_clients:76 - 20 clients still training at epoch #217
2025-09-30 22:23:40.007 | INFO     | agents.servers.serverFedMSE:train_on_clients:32 - Training FedMSE model epoch #218
2025-09-30 22:23:44.483 | INFO     | agents.servers.serverFedMSE:train_on_clients:76 - 20 clients still training at epoch #218
2025-09-30 22:23:58.006 | INFO     | agents.servers.serverFedMSE:train_on_clients:32 - Training FedMSE model epoch #219
2025-09-30 22:24:02.471 | INFO     | agents.servers.serverFedMSE:train_on_clients:76 - 20 clients still training at epoch #219
2025-09-30 22:24:15.947 | INFO     | agents.servers.serverFedMSE:train_on_clients:32 - Training FedMSE model epoch #220
2025-09-30 22:24:16.182 | INFO     | agents.servers.serverFedMSE:train_on_clients:54 - Client 0 gets new best val_loss at epoch #220: 0.000745
2025-09-30 22:24:16.183 | INFO     | agents.servers.serverFedMSE:train_on_clients:70 - Saved model for client 0 at epoch 220 -> saved_models/FedMSE/FedMSE/wsn_ds/epoch_220_client_0.pt
2025-09-30 22:24:16.416 | INFO     | agents.servers.serverFedMSE:train_on_clients:70 - Saved model for client 1 at epoch 220 -> saved_models/FedMSE/FedMSE/wsn_ds/epoch_220_client_1.pt
2025-09-30 22:24:16.649 | INFO     | agents.servers.serverFedMSE:train_on_clients:70 - Saved model for client 2 at epoch 220 -> saved_models/FedMSE/FedMSE/wsn_ds/epoch_220_client_2.pt
2025-09-30 22:24:16.879 | INFO     | agents.servers.serverFedMSE:train_on_clients:70 - Saved model for client 3 at epoch 220 -> saved_models/FedMSE/FedMSE/wsn_ds/epoch_220_client_3.pt
2025-09-30 22:24:17.110 | INFO     | agents.servers.serverFedMSE:train_on_clients:54 - Client 4 gets new best val_loss at epoch #220: 0.000642
2025-09-30 22:24:17.111 | INFO     | agents.servers.serverFedMSE:train_on_clients:70 - Saved model for client 4 at epoch 220 -> saved_models/FedMSE/FedMSE/wsn_ds/epoch_220_client_4.pt
2025-09-30 22:24:17.343 | INFO     | agents.servers.serverFedMSE:train_on_clients:70 - Saved model for client 5 at epoch 220 -> saved_models/FedMSE/FedMSE/wsn_ds/epoch_220_client_5.pt
2025-09-30 22:24:17.574 | INFO     | agents.servers.serverFedMSE:train_on_clients:70 - Saved model for client 6 at epoch 220 -> saved_models/FedMSE/FedMSE/wsn_ds/epoch_220_client_6.pt
2025-09-30 22:24:17.806 | INFO     | agents.servers.serverFedMSE:train_on_clients:70 - Saved model for client 7 at epoch 220 -> saved_models/FedMSE/FedMSE/wsn_ds/epoch_220_client_7.pt
2025-09-30 22:24:18.037 | INFO     | agents.servers.serverFedMSE:train_on_clients:70 - Saved model for client 8 at epoch 220 -> saved_models/FedMSE/FedMSE/wsn_ds/epoch_220_client_8.pt
2025-09-30 22:24:18.267 | INFO     | agents.servers.serverFedMSE:train_on_clients:70 - Saved model for client 9 at epoch 220 -> saved_models/FedMSE/FedMSE/wsn_ds/epoch_220_client_9.pt
2025-09-30 22:24:18.499 | INFO     | agents.servers.serverFedMSE:train_on_clients:70 - Saved model for client 10 at epoch 220 -> saved_models/FedMSE/FedMSE/wsn_ds/epoch_220_client_10.pt
2025-09-30 22:24:18.729 | INFO     | agents.servers.serverFedMSE:train_on_clients:70 - Saved model for client 11 at epoch 220 -> saved_models/FedMSE/FedMSE/wsn_ds/epoch_220_client_11.pt
2025-09-30 22:24:18.959 | INFO     | agents.servers.serverFedMSE:train_on_clients:70 - Saved model for client 12 at epoch 220 -> saved_models/FedMSE/FedMSE/wsn_ds/epoch_220_client_12.pt
2025-09-30 22:24:19.193 | INFO     | agents.servers.serverFedMSE:train_on_clients:70 - Saved model for client 13 at epoch 220 -> saved_models/FedMSE/FedMSE/wsn_ds/epoch_220_client_13.pt
2025-09-30 22:24:19.423 | INFO     | agents.servers.serverFedMSE:train_on_clients:70 - Saved model for client 14 at epoch 220 -> saved_models/FedMSE/FedMSE/wsn_ds/epoch_220_client_14.pt
2025-09-30 22:24:19.653 | INFO     | agents.servers.serverFedMSE:train_on_clients:70 - Saved model for client 15 at epoch 220 -> saved_models/FedMSE/FedMSE/wsn_ds/epoch_220_client_15.pt
2025-09-30 22:24:19.884 | INFO     | agents.servers.serverFedMSE:train_on_clients:70 - Saved model for client 16 at epoch 220 -> saved_models/FedMSE/FedMSE/wsn_ds/epoch_220_client_16.pt
2025-09-30 22:24:20.115 | INFO     | agents.servers.serverFedMSE:train_on_clients:70 - Saved model for client 17 at epoch 220 -> saved_models/FedMSE/FedMSE/wsn_ds/epoch_220_client_17.pt
2025-09-30 22:24:20.345 | INFO     | agents.servers.serverFedMSE:train_on_clients:70 - Saved model for client 18 at epoch 220 -> saved_models/FedMSE/FedMSE/wsn_ds/epoch_220_client_18.pt
2025-09-30 22:24:20.575 | INFO     | agents.servers.serverFedMSE:train_on_clients:70 - Saved model for client 19 at epoch 220 -> saved_models/FedMSE/FedMSE/wsn_ds/epoch_220_client_19.pt
2025-09-30 22:24:20.577 | INFO     | agents.servers.serverFedMSE:train_on_clients:76 - 20 clients still training at epoch #220
2025-09-30 22:24:34.192 | INFO     | agents.servers.serverFedMSE:train_on_clients:32 - Training FedMSE model epoch #221
2025-09-30 22:24:36.998 | INFO     | agents.servers.serverFedMSE:train_on_clients:54 - Client 11 gets new best val_loss at epoch #221: 0.000852
2025-09-30 22:24:38.879 | INFO     | agents.servers.serverFedMSE:train_on_clients:76 - 20 clients still training at epoch #221
2025-09-30 22:24:52.315 | INFO     | agents.servers.serverFedMSE:train_on_clients:32 - Training FedMSE model epoch #222
2025-09-30 22:24:53.470 | INFO     | agents.servers.serverFedMSE:train_on_clients:54 - Client 4 gets new best val_loss at epoch #222: 0.000641
2025-09-30 22:24:56.938 | INFO     | agents.servers.serverFedMSE:train_on_clients:76 - 20 clients still training at epoch #222
2025-09-30 22:25:10.429 | INFO     | agents.servers.serverFedMSE:train_on_clients:32 - Training FedMSE model epoch #223
2025-09-30 22:25:11.593 | INFO     | agents.servers.serverFedMSE:train_on_clients:54 - Client 4 gets new best val_loss at epoch #223: 0.000639
2025-09-30 22:25:15.076 | INFO     | agents.servers.serverFedMSE:train_on_clients:76 - 20 clients still training at epoch #223
2025-09-30 22:25:28.565 | INFO     | agents.servers.serverFedMSE:train_on_clients:32 - Training FedMSE model epoch #224
2025-09-30 22:25:31.330 | INFO     | agents.servers.serverFedMSE:train_on_clients:54 - Client 11 gets new best val_loss at epoch #224: 0.000852
2025-09-30 22:25:33.198 | INFO     | agents.servers.serverFedMSE:train_on_clients:76 - 20 clients still training at epoch #224
2025-09-30 22:25:46.803 | INFO     | agents.servers.serverFedMSE:train_on_clients:32 - Training FedMSE model epoch #225
2025-09-30 22:25:51.430 | INFO     | agents.servers.serverFedMSE:train_on_clients:76 - 20 clients still training at epoch #225
2025-09-30 22:26:04.823 | INFO     | agents.servers.serverFedMSE:train_on_clients:32 - Training FedMSE model epoch #226
2025-09-30 22:26:07.582 | INFO     | agents.servers.serverFedMSE:train_on_clients:54 - Client 11 gets new best val_loss at epoch #226: 0.000819
2025-09-30 22:26:09.447 | INFO     | agents.servers.serverFedMSE:train_on_clients:76 - 20 clients still training at epoch #226
2025-09-30 22:26:22.921 | INFO     | agents.servers.serverFedMSE:train_on_clients:32 - Training FedMSE model epoch #227
2025-09-30 22:26:23.155 | INFO     | agents.servers.serverFedMSE:train_on_clients:54 - Client 0 gets new best val_loss at epoch #227: 0.000706
2025-09-30 22:26:25.691 | INFO     | agents.servers.serverFedMSE:train_on_clients:54 - Client 11 gets new best val_loss at epoch #227: 0.000801
2025-09-30 22:26:26.151 | INFO     | agents.servers.serverFedMSE:train_on_clients:54 - Client 13 gets new best val_loss at epoch #227: 0.000759
2025-09-30 22:26:27.533 | INFO     | agents.servers.serverFedMSE:train_on_clients:76 - 20 clients still training at epoch #227
2025-09-30 22:26:41.031 | INFO     | agents.servers.serverFedMSE:train_on_clients:32 - Training FedMSE model epoch #228
2025-09-30 22:26:41.265 | INFO     | agents.servers.serverFedMSE:train_on_clients:54 - Client 0 gets new best val_loss at epoch #228: 0.000703
2025-09-30 22:26:43.799 | INFO     | agents.servers.serverFedMSE:train_on_clients:54 - Client 11 gets new best val_loss at epoch #228: 0.000797
2025-09-30 22:26:44.270 | INFO     | agents.servers.serverFedMSE:train_on_clients:54 - Client 13 gets new best val_loss at epoch #228: 0.000757
2025-09-30 22:26:45.703 | INFO     | agents.servers.serverFedMSE:train_on_clients:76 - 20 clients still training at epoch #228
2025-09-30 22:26:59.320 | INFO     | agents.servers.serverFedMSE:train_on_clients:32 - Training FedMSE model epoch #229
2025-09-30 22:26:59.552 | INFO     | agents.servers.serverFedMSE:train_on_clients:54 - Client 0 gets new best val_loss at epoch #229: 0.000702
2025-09-30 22:27:03.933 | INFO     | agents.servers.serverFedMSE:train_on_clients:76 - 20 clients still training at epoch #229
2025-09-30 22:27:17.386 | INFO     | agents.servers.serverFedMSE:train_on_clients:32 - Training FedMSE model epoch #230
2025-09-30 22:27:17.620 | INFO     | agents.servers.serverFedMSE:train_on_clients:70 - Saved model for client 0 at epoch 230 -> saved_models/FedMSE/FedMSE/wsn_ds/epoch_230_client_0.pt
2025-09-30 22:27:17.852 | INFO     | agents.servers.serverFedMSE:train_on_clients:70 - Saved model for client 1 at epoch 230 -> saved_models/FedMSE/FedMSE/wsn_ds/epoch_230_client_1.pt
2025-09-30 22:27:18.087 | INFO     | agents.servers.serverFedMSE:train_on_clients:70 - Saved model for client 2 at epoch 230 -> saved_models/FedMSE/FedMSE/wsn_ds/epoch_230_client_2.pt
2025-09-30 22:27:18.320 | INFO     | agents.servers.serverFedMSE:train_on_clients:70 - Saved model for client 3 at epoch 230 -> saved_models/FedMSE/FedMSE/wsn_ds/epoch_230_client_3.pt
2025-09-30 22:27:18.554 | INFO     | agents.servers.serverFedMSE:train_on_clients:70 - Saved model for client 4 at epoch 230 -> saved_models/FedMSE/FedMSE/wsn_ds/epoch_230_client_4.pt
2025-09-30 22:27:18.785 | INFO     | agents.servers.serverFedMSE:train_on_clients:70 - Saved model for client 5 at epoch 230 -> saved_models/FedMSE/FedMSE/wsn_ds/epoch_230_client_5.pt
2025-09-30 22:27:19.023 | INFO     | agents.servers.serverFedMSE:train_on_clients:70 - Saved model for client 6 at epoch 230 -> saved_models/FedMSE/FedMSE/wsn_ds/epoch_230_client_6.pt
2025-09-30 22:27:19.254 | INFO     | agents.servers.serverFedMSE:train_on_clients:70 - Saved model for client 7 at epoch 230 -> saved_models/FedMSE/FedMSE/wsn_ds/epoch_230_client_7.pt
2025-09-30 22:27:19.486 | INFO     | agents.servers.serverFedMSE:train_on_clients:70 - Saved model for client 8 at epoch 230 -> saved_models/FedMSE/FedMSE/wsn_ds/epoch_230_client_8.pt
2025-09-30 22:27:19.719 | INFO     | agents.servers.serverFedMSE:train_on_clients:70 - Saved model for client 9 at epoch 230 -> saved_models/FedMSE/FedMSE/wsn_ds/epoch_230_client_9.pt
2025-09-30 22:27:19.951 | INFO     | agents.servers.serverFedMSE:train_on_clients:70 - Saved model for client 10 at epoch 230 -> saved_models/FedMSE/FedMSE/wsn_ds/epoch_230_client_10.pt
2025-09-30 22:27:20.183 | INFO     | agents.servers.serverFedMSE:train_on_clients:70 - Saved model for client 11 at epoch 230 -> saved_models/FedMSE/FedMSE/wsn_ds/epoch_230_client_11.pt
2025-09-30 22:27:20.414 | INFO     | agents.servers.serverFedMSE:train_on_clients:70 - Saved model for client 12 at epoch 230 -> saved_models/FedMSE/FedMSE/wsn_ds/epoch_230_client_12.pt
2025-09-30 22:27:20.647 | INFO     | agents.servers.serverFedMSE:train_on_clients:70 - Saved model for client 13 at epoch 230 -> saved_models/FedMSE/FedMSE/wsn_ds/epoch_230_client_13.pt
2025-09-30 22:27:20.880 | INFO     | agents.servers.serverFedMSE:train_on_clients:70 - Saved model for client 14 at epoch 230 -> saved_models/FedMSE/FedMSE/wsn_ds/epoch_230_client_14.pt
2025-09-30 22:27:21.112 | INFO     | agents.servers.serverFedMSE:train_on_clients:70 - Saved model for client 15 at epoch 230 -> saved_models/FedMSE/FedMSE/wsn_ds/epoch_230_client_15.pt
2025-09-30 22:27:21.343 | INFO     | agents.servers.serverFedMSE:train_on_clients:70 - Saved model for client 16 at epoch 230 -> saved_models/FedMSE/FedMSE/wsn_ds/epoch_230_client_16.pt
2025-09-30 22:27:21.576 | INFO     | agents.servers.serverFedMSE:train_on_clients:70 - Saved model for client 17 at epoch 230 -> saved_models/FedMSE/FedMSE/wsn_ds/epoch_230_client_17.pt
2025-09-30 22:27:21.807 | INFO     | agents.servers.serverFedMSE:train_on_clients:70 - Saved model for client 18 at epoch 230 -> saved_models/FedMSE/FedMSE/wsn_ds/epoch_230_client_18.pt
2025-09-30 22:27:22.040 | INFO     | agents.servers.serverFedMSE:train_on_clients:70 - Saved model for client 19 at epoch 230 -> saved_models/FedMSE/FedMSE/wsn_ds/epoch_230_client_19.pt
2025-09-30 22:27:22.042 | INFO     | agents.servers.serverFedMSE:train_on_clients:76 - 20 clients still training at epoch #230
2025-09-30 22:27:35.502 | INFO     | agents.servers.serverFedMSE:train_on_clients:32 - Training FedMSE model epoch #231
2025-09-30 22:27:40.112 | INFO     | agents.servers.serverFedMSE:train_on_clients:76 - 20 clients still training at epoch #231
2025-09-30 22:27:53.732 | INFO     | agents.servers.serverFedMSE:train_on_clients:32 - Training FedMSE model epoch #232
2025-09-30 22:27:56.505 | INFO     | agents.servers.serverFedMSE:train_on_clients:54 - Client 11 gets new best val_loss at epoch #232: 0.000796
2025-09-30 22:27:58.279 | INFO     | agents.servers.serverFedMSE:train_on_clients:76 - 20 clients still training at epoch #232
2025-09-30 22:28:11.702 | INFO     | agents.servers.serverFedMSE:train_on_clients:32 - Training FedMSE model epoch #233
2025-09-30 22:28:16.254 | INFO     | agents.servers.serverFedMSE:train_on_clients:76 - 20 clients still training at epoch #233
2025-09-30 22:28:29.716 | INFO     | agents.servers.serverFedMSE:train_on_clients:32 - Training FedMSE model epoch #234
2025-09-30 22:28:34.321 | INFO     | agents.servers.serverFedMSE:train_on_clients:76 - 20 clients still training at epoch #234
2025-09-30 22:28:47.836 | INFO     | agents.servers.serverFedMSE:train_on_clients:32 - Training FedMSE model epoch #235
2025-09-30 22:28:52.378 | INFO     | agents.servers.serverFedMSE:train_on_clients:76 - 20 clients still training at epoch #235
2025-09-30 22:29:06.176 | INFO     | agents.servers.serverFedMSE:train_on_clients:32 - Training FedMSE model epoch #236
2025-09-30 22:29:10.785 | INFO     | agents.servers.serverFedMSE:train_on_clients:76 - 20 clients still training at epoch #236
2025-09-30 22:29:24.293 | INFO     | agents.servers.serverFedMSE:train_on_clients:32 - Training FedMSE model epoch #237
2025-09-30 22:29:28.910 | INFO     | agents.servers.serverFedMSE:train_on_clients:76 - 20 clients still training at epoch #237
2025-09-30 22:29:42.403 | INFO     | agents.servers.serverFedMSE:train_on_clients:32 - Training FedMSE model epoch #238
2025-09-30 22:29:46.995 | INFO     | agents.servers.serverFedMSE:train_on_clients:76 - 20 clients still training at epoch #238
2025-09-30 22:30:00.474 | INFO     | agents.servers.serverFedMSE:train_on_clients:32 - Training FedMSE model epoch #239
2025-09-30 22:30:05.157 | INFO     | agents.servers.serverFedMSE:train_on_clients:76 - 20 clients still training at epoch #239
2025-09-30 22:30:18.792 | INFO     | agents.servers.serverFedMSE:train_on_clients:32 - Training FedMSE model epoch #240
2025-09-30 22:30:19.023 | INFO     | agents.servers.serverFedMSE:train_on_clients:70 - Saved model for client 0 at epoch 240 -> saved_models/FedMSE/FedMSE/wsn_ds/epoch_240_client_0.pt
2025-09-30 22:30:19.252 | INFO     | agents.servers.serverFedMSE:train_on_clients:70 - Saved model for client 1 at epoch 240 -> saved_models/FedMSE/FedMSE/wsn_ds/epoch_240_client_1.pt
2025-09-30 22:30:19.483 | INFO     | agents.servers.serverFedMSE:train_on_clients:70 - Saved model for client 2 at epoch 240 -> saved_models/FedMSE/FedMSE/wsn_ds/epoch_240_client_2.pt
2025-09-30 22:30:19.715 | INFO     | agents.servers.serverFedMSE:train_on_clients:70 - Saved model for client 3 at epoch 240 -> saved_models/FedMSE/FedMSE/wsn_ds/epoch_240_client_3.pt
2025-09-30 22:30:19.947 | INFO     | agents.servers.serverFedMSE:train_on_clients:70 - Saved model for client 4 at epoch 240 -> saved_models/FedMSE/FedMSE/wsn_ds/epoch_240_client_4.pt
2025-09-30 22:30:20.177 | INFO     | agents.servers.serverFedMSE:train_on_clients:70 - Saved model for client 5 at epoch 240 -> saved_models/FedMSE/FedMSE/wsn_ds/epoch_240_client_5.pt
2025-09-30 22:30:20.409 | INFO     | agents.servers.serverFedMSE:train_on_clients:70 - Saved model for client 6 at epoch 240 -> saved_models/FedMSE/FedMSE/wsn_ds/epoch_240_client_6.pt
2025-09-30 22:30:20.638 | INFO     | agents.servers.serverFedMSE:train_on_clients:70 - Saved model for client 7 at epoch 240 -> saved_models/FedMSE/FedMSE/wsn_ds/epoch_240_client_7.pt
2025-09-30 22:30:20.868 | INFO     | agents.servers.serverFedMSE:train_on_clients:70 - Saved model for client 8 at epoch 240 -> saved_models/FedMSE/FedMSE/wsn_ds/epoch_240_client_8.pt
2025-09-30 22:30:21.102 | INFO     | agents.servers.serverFedMSE:train_on_clients:70 - Saved model for client 9 at epoch 240 -> saved_models/FedMSE/FedMSE/wsn_ds/epoch_240_client_9.pt
2025-09-30 22:30:21.333 | INFO     | agents.servers.serverFedMSE:train_on_clients:70 - Saved model for client 10 at epoch 240 -> saved_models/FedMSE/FedMSE/wsn_ds/epoch_240_client_10.pt
2025-09-30 22:30:21.565 | INFO     | agents.servers.serverFedMSE:train_on_clients:70 - Saved model for client 11 at epoch 240 -> saved_models/FedMSE/FedMSE/wsn_ds/epoch_240_client_11.pt
2025-09-30 22:30:21.795 | INFO     | agents.servers.serverFedMSE:train_on_clients:70 - Saved model for client 12 at epoch 240 -> saved_models/FedMSE/FedMSE/wsn_ds/epoch_240_client_12.pt
2025-09-30 22:30:22.024 | INFO     | agents.servers.serverFedMSE:train_on_clients:70 - Saved model for client 13 at epoch 240 -> saved_models/FedMSE/FedMSE/wsn_ds/epoch_240_client_13.pt
2025-09-30 22:30:22.255 | INFO     | agents.servers.serverFedMSE:train_on_clients:70 - Saved model for client 14 at epoch 240 -> saved_models/FedMSE/FedMSE/wsn_ds/epoch_240_client_14.pt
2025-09-30 22:30:22.487 | INFO     | agents.servers.serverFedMSE:train_on_clients:70 - Saved model for client 15 at epoch 240 -> saved_models/FedMSE/FedMSE/wsn_ds/epoch_240_client_15.pt
2025-09-30 22:30:22.719 | INFO     | agents.servers.serverFedMSE:train_on_clients:70 - Saved model for client 16 at epoch 240 -> saved_models/FedMSE/FedMSE/wsn_ds/epoch_240_client_16.pt
2025-09-30 22:30:22.949 | INFO     | agents.servers.serverFedMSE:train_on_clients:70 - Saved model for client 17 at epoch 240 -> saved_models/FedMSE/FedMSE/wsn_ds/epoch_240_client_17.pt
2025-09-30 22:30:23.180 | INFO     | agents.servers.serverFedMSE:train_on_clients:70 - Saved model for client 18 at epoch 240 -> saved_models/FedMSE/FedMSE/wsn_ds/epoch_240_client_18.pt
2025-09-30 22:30:23.408 | INFO     | agents.servers.serverFedMSE:train_on_clients:70 - Saved model for client 19 at epoch 240 -> saved_models/FedMSE/FedMSE/wsn_ds/epoch_240_client_19.pt
2025-09-30 22:30:23.410 | INFO     | agents.servers.serverFedMSE:train_on_clients:76 - 20 clients still training at epoch #240
2025-09-30 22:30:36.936 | INFO     | agents.servers.serverFedMSE:train_on_clients:32 - Training FedMSE model epoch #241
2025-09-30 22:30:41.548 | INFO     | agents.servers.serverFedMSE:train_on_clients:76 - 20 clients still training at epoch #241
2025-09-30 22:30:54.911 | INFO     | agents.servers.serverFedMSE:train_on_clients:32 - Training FedMSE model epoch #242
2025-09-30 22:30:59.531 | INFO     | agents.servers.serverFedMSE:train_on_clients:76 - 20 clients still training at epoch #242
2025-09-30 22:31:13.161 | INFO     | agents.servers.serverFedMSE:train_on_clients:32 - Training FedMSE model epoch #243
2025-09-30 22:31:15.223 | INFO     | agents.servers.serverFedMSE:train_on_clients:54 - Client 8 gets new best val_loss at epoch #243: 0.000699
2025-09-30 22:31:17.743 | INFO     | agents.servers.serverFedMSE:train_on_clients:76 - 20 clients still training at epoch #243
2025-09-30 22:31:31.284 | INFO     | agents.servers.serverFedMSE:train_on_clients:32 - Training FedMSE model epoch #244
2025-09-30 22:31:33.823 | INFO     | agents.servers.serverFedMSE:train_on_clients:54 - Client 10 gets new best val_loss at epoch #244: 0.000745
2025-09-30 22:31:35.928 | INFO     | agents.servers.serverFedMSE:train_on_clients:76 - 20 clients still training at epoch #244
2025-09-30 22:31:49.394 | INFO     | agents.servers.serverFedMSE:train_on_clients:32 - Training FedMSE model epoch #245
2025-09-30 22:31:53.332 | INFO     | agents.servers.serverFedMSE:train_on_clients:54 - Client 16 gets new best val_loss at epoch #245: 0.000675
2025-09-30 22:31:54.028 | INFO     | agents.servers.serverFedMSE:train_on_clients:76 - 20 clients still training at epoch #245
2025-09-30 22:32:07.456 | INFO     | agents.servers.serverFedMSE:train_on_clients:32 - Training FedMSE model epoch #246
2025-09-30 22:32:11.378 | INFO     | agents.servers.serverFedMSE:train_on_clients:54 - Client 16 gets new best val_loss at epoch #246: 0.000674
2025-09-30 22:32:12.067 | INFO     | agents.servers.serverFedMSE:train_on_clients:76 - 20 clients still training at epoch #246
2025-09-30 22:32:25.801 | INFO     | agents.servers.serverFedMSE:train_on_clients:32 - Training FedMSE model epoch #247
2025-09-30 22:32:28.340 | INFO     | agents.servers.serverFedMSE:train_on_clients:54 - Client 10 gets new best val_loss at epoch #247: 0.000744
2025-09-30 22:32:29.742 | INFO     | agents.servers.serverFedMSE:train_on_clients:54 - Client 16 gets new best val_loss at epoch #247: 0.000671
2025-09-30 22:32:30.430 | INFO     | agents.servers.serverFedMSE:train_on_clients:76 - 20 clients still training at epoch #247
2025-09-30 22:32:43.893 | INFO     | agents.servers.serverFedMSE:train_on_clients:32 - Training FedMSE model epoch #248
2025-09-30 22:32:47.813 | INFO     | agents.servers.serverFedMSE:train_on_clients:54 - Client 16 gets new best val_loss at epoch #248: 0.000671
2025-09-30 22:32:48.502 | INFO     | agents.servers.serverFedMSE:train_on_clients:76 - 20 clients still training at epoch #248
2025-09-30 22:33:01.885 | INFO     | agents.servers.serverFedMSE:train_on_clients:32 - Training FedMSE model epoch #249
2025-09-30 22:33:06.505 | INFO     | agents.servers.serverFedMSE:train_on_clients:76 - 20 clients still training at epoch #249
2025-09-30 22:33:19.965 | INFO     | agents.servers.serverFedMSE:train_on_clients:32 - Training FedMSE model epoch #250
2025-09-30 22:33:20.200 | INFO     | agents.servers.serverFedMSE:train_on_clients:70 - Saved model for client 0 at epoch 250 -> saved_models/FedMSE/FedMSE/wsn_ds/epoch_250_client_0.pt
2025-09-30 22:33:20.430 | INFO     | agents.servers.serverFedMSE:train_on_clients:70 - Saved model for client 1 at epoch 250 -> saved_models/FedMSE/FedMSE/wsn_ds/epoch_250_client_1.pt
2025-09-30 22:33:20.661 | INFO     | agents.servers.serverFedMSE:train_on_clients:70 - Saved model for client 2 at epoch 250 -> saved_models/FedMSE/FedMSE/wsn_ds/epoch_250_client_2.pt
2025-09-30 22:33:20.892 | INFO     | agents.servers.serverFedMSE:train_on_clients:70 - Saved model for client 3 at epoch 250 -> saved_models/FedMSE/FedMSE/wsn_ds/epoch_250_client_3.pt
2025-09-30 22:33:21.127 | INFO     | agents.servers.serverFedMSE:train_on_clients:70 - Saved model for client 4 at epoch 250 -> saved_models/FedMSE/FedMSE/wsn_ds/epoch_250_client_4.pt
2025-09-30 22:33:21.354 | INFO     | agents.servers.serverFedMSE:train_on_clients:70 - Saved model for client 5 at epoch 250 -> saved_models/FedMSE/FedMSE/wsn_ds/epoch_250_client_5.pt
2025-09-30 22:33:21.569 | INFO     | agents.servers.serverFedMSE:train_on_clients:70 - Saved model for client 6 at epoch 250 -> saved_models/FedMSE/FedMSE/wsn_ds/epoch_250_client_6.pt
2025-09-30 22:33:21.797 | INFO     | agents.servers.serverFedMSE:train_on_clients:70 - Saved model for client 7 at epoch 250 -> saved_models/FedMSE/FedMSE/wsn_ds/epoch_250_client_7.pt
2025-09-30 22:33:22.034 | INFO     | agents.servers.serverFedMSE:train_on_clients:70 - Saved model for client 8 at epoch 250 -> saved_models/FedMSE/FedMSE/wsn_ds/epoch_250_client_8.pt
2025-09-30 22:33:22.269 | INFO     | agents.servers.serverFedMSE:train_on_clients:70 - Saved model for client 9 at epoch 250 -> saved_models/FedMSE/FedMSE/wsn_ds/epoch_250_client_9.pt
2025-09-30 22:33:22.501 | INFO     | agents.servers.serverFedMSE:train_on_clients:70 - Saved model for client 10 at epoch 250 -> saved_models/FedMSE/FedMSE/wsn_ds/epoch_250_client_10.pt
2025-09-30 22:33:22.735 | INFO     | agents.servers.serverFedMSE:train_on_clients:70 - Saved model for client 11 at epoch 250 -> saved_models/FedMSE/FedMSE/wsn_ds/epoch_250_client_11.pt
2025-09-30 22:33:23.001 | INFO     | agents.servers.serverFedMSE:train_on_clients:70 - Saved model for client 12 at epoch 250 -> saved_models/FedMSE/FedMSE/wsn_ds/epoch_250_client_12.pt
2025-09-30 22:33:23.237 | INFO     | agents.servers.serverFedMSE:train_on_clients:70 - Saved model for client 13 at epoch 250 -> saved_models/FedMSE/FedMSE/wsn_ds/epoch_250_client_13.pt
2025-09-30 22:33:23.469 | INFO     | agents.servers.serverFedMSE:train_on_clients:70 - Saved model for client 14 at epoch 250 -> saved_models/FedMSE/FedMSE/wsn_ds/epoch_250_client_14.pt
2025-09-30 22:33:23.701 | INFO     | agents.servers.serverFedMSE:train_on_clients:70 - Saved model for client 15 at epoch 250 -> saved_models/FedMSE/FedMSE/wsn_ds/epoch_250_client_15.pt
2025-09-30 22:33:23.934 | INFO     | agents.servers.serverFedMSE:train_on_clients:70 - Saved model for client 16 at epoch 250 -> saved_models/FedMSE/FedMSE/wsn_ds/epoch_250_client_16.pt
2025-09-30 22:33:24.166 | INFO     | agents.servers.serverFedMSE:train_on_clients:70 - Saved model for client 17 at epoch 250 -> saved_models/FedMSE/FedMSE/wsn_ds/epoch_250_client_17.pt
2025-09-30 22:33:24.427 | INFO     | agents.servers.serverFedMSE:train_on_clients:70 - Saved model for client 18 at epoch 250 -> saved_models/FedMSE/FedMSE/wsn_ds/epoch_250_client_18.pt
2025-09-30 22:33:24.662 | INFO     | agents.servers.serverFedMSE:train_on_clients:70 - Saved model for client 19 at epoch 250 -> saved_models/FedMSE/FedMSE/wsn_ds/epoch_250_client_19.pt
2025-09-30 22:33:24.663 | INFO     | agents.servers.serverFedMSE:train_on_clients:76 - 20 clients still training at epoch #250
2025-09-30 22:33:38.262 | INFO     | agents.servers.serverFedMSE:train_on_clients:32 - Training FedMSE model epoch #251
2025-09-30 22:33:42.861 | INFO     | agents.servers.serverFedMSE:train_on_clients:76 - 20 clients still training at epoch #251
2025-09-30 22:33:56.301 | INFO     | agents.servers.serverFedMSE:train_on_clients:32 - Training FedMSE model epoch #252
2025-09-30 22:34:00.954 | INFO     | agents.servers.serverFedMSE:train_on_clients:76 - 20 clients still training at epoch #252
2025-09-30 22:34:14.463 | INFO     | agents.servers.serverFedMSE:train_on_clients:32 - Training FedMSE model epoch #253
2025-09-30 22:34:19.069 | INFO     | agents.servers.serverFedMSE:train_on_clients:76 - 20 clients still training at epoch #253
2025-09-30 22:34:32.788 | INFO     | agents.servers.serverFedMSE:train_on_clients:32 - Training FedMSE model epoch #254
2025-09-30 22:34:37.453 | INFO     | agents.servers.serverFedMSE:train_on_clients:76 - 20 clients still training at epoch #254
2025-09-30 22:34:50.939 | INFO     | agents.servers.serverFedMSE:train_on_clients:32 - Training FedMSE model epoch #255
2025-09-30 22:34:55.574 | INFO     | agents.servers.serverFedMSE:train_on_clients:76 - 20 clients still training at epoch #255
2025-09-30 22:35:09.088 | INFO     | agents.servers.serverFedMSE:train_on_clients:32 - Training FedMSE model epoch #256
2025-09-30 22:35:13.723 | INFO     | agents.servers.serverFedMSE:train_on_clients:76 - 20 clients still training at epoch #256
2025-09-30 22:35:27.287 | INFO     | agents.servers.serverFedMSE:train_on_clients:32 - Training FedMSE model epoch #257
2025-09-30 22:35:31.886 | INFO     | agents.servers.serverFedMSE:train_on_clients:76 - 20 clients still training at epoch #257
2025-09-30 22:35:45.654 | INFO     | agents.servers.serverFedMSE:train_on_clients:32 - Training FedMSE model epoch #258
2025-09-30 22:35:50.019 | INFO     | agents.servers.serverFedMSE:train_on_clients:54 - Client 18 gets new best val_loss at epoch #258: 0.000739
2025-09-30 22:35:50.247 | INFO     | agents.servers.serverFedMSE:train_on_clients:76 - 20 clients still training at epoch #258
2025-09-30 22:36:03.714 | INFO     | agents.servers.serverFedMSE:train_on_clients:32 - Training FedMSE model epoch #259
2025-09-30 22:36:08.078 | INFO     | agents.servers.serverFedMSE:train_on_clients:54 - Client 18 gets new best val_loss at epoch #259: 0.000723
2025-09-30 22:36:08.307 | INFO     | agents.servers.serverFedMSE:train_on_clients:54 - Client 19 gets new best val_loss at epoch #259: 0.000678
2025-09-30 22:36:08.309 | INFO     | agents.servers.serverFedMSE:train_on_clients:76 - 20 clients still training at epoch #259
2025-09-30 22:36:21.815 | INFO     | agents.servers.serverFedMSE:train_on_clients:32 - Training FedMSE model epoch #260
2025-09-30 22:36:22.047 | INFO     | agents.servers.serverFedMSE:train_on_clients:70 - Saved model for client 0 at epoch 260 -> saved_models/FedMSE/FedMSE/wsn_ds/epoch_260_client_0.pt
2025-09-30 22:36:22.278 | INFO     | agents.servers.serverFedMSE:train_on_clients:70 - Saved model for client 1 at epoch 260 -> saved_models/FedMSE/FedMSE/wsn_ds/epoch_260_client_1.pt
2025-09-30 22:36:22.510 | INFO     | agents.servers.serverFedMSE:train_on_clients:70 - Saved model for client 2 at epoch 260 -> saved_models/FedMSE/FedMSE/wsn_ds/epoch_260_client_2.pt
2025-09-30 22:36:22.741 | INFO     | agents.servers.serverFedMSE:train_on_clients:70 - Saved model for client 3 at epoch 260 -> saved_models/FedMSE/FedMSE/wsn_ds/epoch_260_client_3.pt
2025-09-30 22:36:22.974 | INFO     | agents.servers.serverFedMSE:train_on_clients:70 - Saved model for client 4 at epoch 260 -> saved_models/FedMSE/FedMSE/wsn_ds/epoch_260_client_4.pt
2025-09-30 22:36:23.205 | INFO     | agents.servers.serverFedMSE:train_on_clients:70 - Saved model for client 5 at epoch 260 -> saved_models/FedMSE/FedMSE/wsn_ds/epoch_260_client_5.pt
2025-09-30 22:36:23.436 | INFO     | agents.servers.serverFedMSE:train_on_clients:70 - Saved model for client 6 at epoch 260 -> saved_models/FedMSE/FedMSE/wsn_ds/epoch_260_client_6.pt
2025-09-30 22:36:23.670 | INFO     | agents.servers.serverFedMSE:train_on_clients:70 - Saved model for client 7 at epoch 260 -> saved_models/FedMSE/FedMSE/wsn_ds/epoch_260_client_7.pt
2025-09-30 22:36:23.903 | INFO     | agents.servers.serverFedMSE:train_on_clients:70 - Saved model for client 8 at epoch 260 -> saved_models/FedMSE/FedMSE/wsn_ds/epoch_260_client_8.pt
2025-09-30 22:36:24.137 | INFO     | agents.servers.serverFedMSE:train_on_clients:70 - Saved model for client 9 at epoch 260 -> saved_models/FedMSE/FedMSE/wsn_ds/epoch_260_client_9.pt
2025-09-30 22:36:24.370 | INFO     | agents.servers.serverFedMSE:train_on_clients:70 - Saved model for client 10 at epoch 260 -> saved_models/FedMSE/FedMSE/wsn_ds/epoch_260_client_10.pt
2025-09-30 22:36:24.601 | INFO     | agents.servers.serverFedMSE:train_on_clients:70 - Saved model for client 11 at epoch 260 -> saved_models/FedMSE/FedMSE/wsn_ds/epoch_260_client_11.pt
2025-09-30 22:36:24.831 | INFO     | agents.servers.serverFedMSE:train_on_clients:70 - Saved model for client 12 at epoch 260 -> saved_models/FedMSE/FedMSE/wsn_ds/epoch_260_client_12.pt
2025-09-30 22:36:25.067 | INFO     | agents.servers.serverFedMSE:train_on_clients:70 - Saved model for client 13 at epoch 260 -> saved_models/FedMSE/FedMSE/wsn_ds/epoch_260_client_13.pt
2025-09-30 22:36:25.296 | INFO     | agents.servers.serverFedMSE:train_on_clients:70 - Saved model for client 14 at epoch 260 -> saved_models/FedMSE/FedMSE/wsn_ds/epoch_260_client_14.pt
2025-09-30 22:36:25.528 | INFO     | agents.servers.serverFedMSE:train_on_clients:70 - Saved model for client 15 at epoch 260 -> saved_models/FedMSE/FedMSE/wsn_ds/epoch_260_client_15.pt
2025-09-30 22:36:25.759 | INFO     | agents.servers.serverFedMSE:train_on_clients:70 - Saved model for client 16 at epoch 260 -> saved_models/FedMSE/FedMSE/wsn_ds/epoch_260_client_16.pt
2025-09-30 22:36:25.988 | INFO     | agents.servers.serverFedMSE:train_on_clients:70 - Saved model for client 17 at epoch 260 -> saved_models/FedMSE/FedMSE/wsn_ds/epoch_260_client_17.pt
2025-09-30 22:36:26.221 | INFO     | agents.servers.serverFedMSE:train_on_clients:70 - Saved model for client 18 at epoch 260 -> saved_models/FedMSE/FedMSE/wsn_ds/epoch_260_client_18.pt
2025-09-30 22:36:26.451 | INFO     | agents.servers.serverFedMSE:train_on_clients:54 - Client 19 gets new best val_loss at epoch #260: 0.000674
2025-09-30 22:36:26.452 | INFO     | agents.servers.serverFedMSE:train_on_clients:70 - Saved model for client 19 at epoch 260 -> saved_models/FedMSE/FedMSE/wsn_ds/epoch_260_client_19.pt
2025-09-30 22:36:26.453 | INFO     | agents.servers.serverFedMSE:train_on_clients:76 - 20 clients still training at epoch #260
2025-09-30 22:36:39.945 | INFO     | agents.servers.serverFedMSE:train_on_clients:32 - Training FedMSE model epoch #261
2025-09-30 22:36:44.674 | INFO     | agents.servers.serverFedMSE:train_on_clients:54 - Client 19 gets new best val_loss at epoch #261: 0.000673
2025-09-30 22:36:44.676 | INFO     | agents.servers.serverFedMSE:train_on_clients:76 - 20 clients still training at epoch #261
2025-09-30 22:36:58.269 | INFO     | agents.servers.serverFedMSE:train_on_clients:32 - Training FedMSE model epoch #262
2025-09-30 22:37:02.552 | INFO     | agents.servers.serverFedMSE:train_on_clients:54 - Client 19 gets new best val_loss at epoch #262: 0.000670
2025-09-30 22:37:02.554 | INFO     | agents.servers.serverFedMSE:train_on_clients:76 - 20 clients still training at epoch #262
2025-09-30 22:37:16.070 | INFO     | agents.servers.serverFedMSE:train_on_clients:32 - Training FedMSE model epoch #263
2025-09-30 22:37:20.517 | INFO     | agents.servers.serverFedMSE:train_on_clients:54 - Client 19 gets new best val_loss at epoch #263: 0.000666
2025-09-30 22:37:20.518 | INFO     | agents.servers.serverFedMSE:train_on_clients:76 - 20 clients still training at epoch #263
2025-09-30 22:37:34.069 | INFO     | agents.servers.serverFedMSE:train_on_clients:32 - Training FedMSE model epoch #264
2025-09-30 22:37:38.698 | INFO     | agents.servers.serverFedMSE:train_on_clients:76 - 20 clients still training at epoch #264
2025-09-30 22:37:52.447 | INFO     | agents.servers.serverFedMSE:train_on_clients:32 - Training FedMSE model epoch #265
2025-09-30 22:37:57.058 | INFO     | agents.servers.serverFedMSE:train_on_clients:76 - 20 clients still training at epoch #265
2025-09-30 22:38:10.511 | INFO     | agents.servers.serverFedMSE:train_on_clients:32 - Training FedMSE model epoch #266
2025-09-30 22:38:14.886 | INFO     | agents.servers.serverFedMSE:train_on_clients:76 - 20 clients still training at epoch #266
2025-09-30 22:38:28.370 | INFO     | agents.servers.serverFedMSE:train_on_clients:32 - Training FedMSE model epoch #267
2025-09-30 22:38:32.704 | INFO     | agents.servers.serverFedMSE:train_on_clients:76 - 20 clients still training at epoch #267
2025-09-30 22:38:46.230 | INFO     | agents.servers.serverFedMSE:train_on_clients:32 - Training FedMSE model epoch #268
2025-09-30 22:38:47.092 | INFO     | agents.servers.serverFedMSE:train_on_clients:54 - Client 3 gets new best val_loss at epoch #268: 0.000750
2025-09-30 22:38:50.568 | INFO     | agents.servers.serverFedMSE:train_on_clients:76 - 20 clients still training at epoch #268
2025-09-30 22:39:04.328 | INFO     | agents.servers.serverFedMSE:train_on_clients:32 - Training FedMSE model epoch #269
2025-09-30 22:39:05.250 | INFO     | agents.servers.serverFedMSE:train_on_clients:54 - Client 3 gets new best val_loss at epoch #269: 0.000745
2025-09-30 22:39:08.005 | INFO     | agents.servers.serverFedMSE:train_on_clients:54 - Client 15 gets new best val_loss at epoch #269: 0.000817
2025-09-30 22:39:08.941 | INFO     | agents.servers.serverFedMSE:train_on_clients:76 - 20 clients still training at epoch #269
2025-09-30 22:39:22.444 | INFO     | agents.servers.serverFedMSE:train_on_clients:32 - Training FedMSE model epoch #270
2025-09-30 22:39:22.679 | INFO     | agents.servers.serverFedMSE:train_on_clients:70 - Saved model for client 0 at epoch 270 -> saved_models/FedMSE/FedMSE/wsn_ds/epoch_270_client_0.pt
2025-09-30 22:39:22.916 | INFO     | agents.servers.serverFedMSE:train_on_clients:70 - Saved model for client 1 at epoch 270 -> saved_models/FedMSE/FedMSE/wsn_ds/epoch_270_client_1.pt
2025-09-30 22:39:23.147 | INFO     | agents.servers.serverFedMSE:train_on_clients:70 - Saved model for client 2 at epoch 270 -> saved_models/FedMSE/FedMSE/wsn_ds/epoch_270_client_2.pt
2025-09-30 22:39:23.379 | INFO     | agents.servers.serverFedMSE:train_on_clients:54 - Client 3 gets new best val_loss at epoch #270: 0.000743
2025-09-30 22:39:23.380 | INFO     | agents.servers.serverFedMSE:train_on_clients:70 - Saved model for client 3 at epoch 270 -> saved_models/FedMSE/FedMSE/wsn_ds/epoch_270_client_3.pt
2025-09-30 22:39:23.610 | INFO     | agents.servers.serverFedMSE:train_on_clients:70 - Saved model for client 4 at epoch 270 -> saved_models/FedMSE/FedMSE/wsn_ds/epoch_270_client_4.pt
2025-09-30 22:39:23.839 | INFO     | agents.servers.serverFedMSE:train_on_clients:70 - Saved model for client 5 at epoch 270 -> saved_models/FedMSE/FedMSE/wsn_ds/epoch_270_client_5.pt
2025-09-30 22:39:24.069 | INFO     | agents.servers.serverFedMSE:train_on_clients:70 - Saved model for client 6 at epoch 270 -> saved_models/FedMSE/FedMSE/wsn_ds/epoch_270_client_6.pt
2025-09-30 22:39:24.299 | INFO     | agents.servers.serverFedMSE:train_on_clients:70 - Saved model for client 7 at epoch 270 -> saved_models/FedMSE/FedMSE/wsn_ds/epoch_270_client_7.pt
2025-09-30 22:39:24.531 | INFO     | agents.servers.serverFedMSE:train_on_clients:70 - Saved model for client 8 at epoch 270 -> saved_models/FedMSE/FedMSE/wsn_ds/epoch_270_client_8.pt
2025-09-30 22:39:24.761 | INFO     | agents.servers.serverFedMSE:train_on_clients:70 - Saved model for client 9 at epoch 270 -> saved_models/FedMSE/FedMSE/wsn_ds/epoch_270_client_9.pt
2025-09-30 22:39:24.992 | INFO     | agents.servers.serverFedMSE:train_on_clients:70 - Saved model for client 10 at epoch 270 -> saved_models/FedMSE/FedMSE/wsn_ds/epoch_270_client_10.pt
2025-09-30 22:39:25.220 | INFO     | agents.servers.serverFedMSE:train_on_clients:70 - Saved model for client 11 at epoch 270 -> saved_models/FedMSE/FedMSE/wsn_ds/epoch_270_client_11.pt
2025-09-30 22:39:25.450 | INFO     | agents.servers.serverFedMSE:train_on_clients:70 - Saved model for client 12 at epoch 270 -> saved_models/FedMSE/FedMSE/wsn_ds/epoch_270_client_12.pt
2025-09-30 22:39:25.682 | INFO     | agents.servers.serverFedMSE:train_on_clients:70 - Saved model for client 13 at epoch 270 -> saved_models/FedMSE/FedMSE/wsn_ds/epoch_270_client_13.pt
2025-09-30 22:39:25.910 | INFO     | agents.servers.serverFedMSE:train_on_clients:70 - Saved model for client 14 at epoch 270 -> saved_models/FedMSE/FedMSE/wsn_ds/epoch_270_client_14.pt
2025-09-30 22:39:26.127 | INFO     | agents.servers.serverFedMSE:train_on_clients:70 - Saved model for client 15 at epoch 270 -> saved_models/FedMSE/FedMSE/wsn_ds/epoch_270_client_15.pt
2025-09-30 22:39:26.345 | INFO     | agents.servers.serverFedMSE:train_on_clients:70 - Saved model for client 16 at epoch 270 -> saved_models/FedMSE/FedMSE/wsn_ds/epoch_270_client_16.pt
2025-09-30 22:39:26.562 | INFO     | agents.servers.serverFedMSE:train_on_clients:70 - Saved model for client 17 at epoch 270 -> saved_models/FedMSE/FedMSE/wsn_ds/epoch_270_client_17.pt
2025-09-30 22:39:26.780 | INFO     | agents.servers.serverFedMSE:train_on_clients:70 - Saved model for client 18 at epoch 270 -> saved_models/FedMSE/FedMSE/wsn_ds/epoch_270_client_18.pt
2025-09-30 22:39:26.996 | INFO     | agents.servers.serverFedMSE:train_on_clients:70 - Saved model for client 19 at epoch 270 -> saved_models/FedMSE/FedMSE/wsn_ds/epoch_270_client_19.pt
2025-09-30 22:39:26.997 | INFO     | agents.servers.serverFedMSE:train_on_clients:76 - 20 clients still training at epoch #270
2025-09-30 22:39:40.462 | INFO     | agents.servers.serverFedMSE:train_on_clients:32 - Training FedMSE model epoch #271
2025-09-30 22:39:41.364 | INFO     | agents.servers.serverFedMSE:train_on_clients:54 - Client 3 gets new best val_loss at epoch #271: 0.000740
2025-09-30 22:39:45.044 | INFO     | agents.servers.serverFedMSE:train_on_clients:76 - 20 clients still training at epoch #271
2025-09-30 22:39:58.548 | INFO     | agents.servers.serverFedMSE:train_on_clients:32 - Training FedMSE model epoch #272
2025-09-30 22:39:59.479 | INFO     | agents.servers.serverFedMSE:train_on_clients:54 - Client 3 gets new best val_loss at epoch #272: 0.000737
2025-09-30 22:40:03.188 | INFO     | agents.servers.serverFedMSE:train_on_clients:76 - 20 clients still training at epoch #272
2025-09-30 22:40:16.700 | INFO     | agents.servers.serverFedMSE:train_on_clients:32 - Training FedMSE model epoch #273
2025-09-30 22:40:17.606 | INFO     | agents.servers.serverFedMSE:train_on_clients:54 - Client 3 gets new best val_loss at epoch #273: 0.000736
2025-09-30 22:40:21.305 | INFO     | agents.servers.serverFedMSE:train_on_clients:76 - 20 clients still training at epoch #273
2025-09-30 22:40:34.735 | INFO     | agents.servers.serverFedMSE:train_on_clients:32 - Training FedMSE model epoch #274
2025-09-30 22:40:35.655 | INFO     | agents.servers.serverFedMSE:train_on_clients:54 - Client 3 gets new best val_loss at epoch #274: 0.000734
2025-09-30 22:40:39.338 | INFO     | agents.servers.serverFedMSE:train_on_clients:76 - 20 clients still training at epoch #274
2025-09-30 22:40:52.782 | INFO     | agents.servers.serverFedMSE:train_on_clients:32 - Training FedMSE model epoch #275
2025-09-30 22:40:53.705 | INFO     | agents.servers.serverFedMSE:train_on_clients:54 - Client 3 gets new best val_loss at epoch #275: 0.000733
2025-09-30 22:40:57.389 | INFO     | agents.servers.serverFedMSE:train_on_clients:76 - 20 clients still training at epoch #275
2025-09-30 22:41:11.000 | INFO     | agents.servers.serverFedMSE:train_on_clients:32 - Training FedMSE model epoch #276
2025-09-30 22:41:15.491 | INFO     | agents.servers.serverFedMSE:train_on_clients:76 - 20 clients still training at epoch #276
2025-09-30 22:41:28.966 | INFO     | agents.servers.serverFedMSE:train_on_clients:32 - Training FedMSE model epoch #277
2025-09-30 22:41:29.895 | INFO     | agents.servers.serverFedMSE:train_on_clients:54 - Client 3 gets new best val_loss at epoch #277: 0.000732
2025-09-30 22:41:33.609 | INFO     | agents.servers.serverFedMSE:train_on_clients:76 - 20 clients still training at epoch #277
2025-09-30 22:41:47.058 | INFO     | agents.servers.serverFedMSE:train_on_clients:32 - Training FedMSE model epoch #278
2025-09-30 22:41:51.657 | INFO     | agents.servers.serverFedMSE:train_on_clients:76 - 20 clients still training at epoch #278
2025-09-30 22:42:05.176 | INFO     | agents.servers.serverFedMSE:train_on_clients:32 - Training FedMSE model epoch #279
2025-09-30 22:42:09.784 | INFO     | agents.servers.serverFedMSE:train_on_clients:76 - 20 clients still training at epoch #279
2025-09-30 22:42:23.528 | INFO     | agents.servers.serverFedMSE:train_on_clients:32 - Training FedMSE model epoch #280
2025-09-30 22:42:23.760 | INFO     | agents.servers.serverFedMSE:train_on_clients:70 - Saved model for client 0 at epoch 280 -> saved_models/FedMSE/FedMSE/wsn_ds/epoch_280_client_0.pt
2025-09-30 22:42:23.992 | INFO     | agents.servers.serverFedMSE:train_on_clients:70 - Saved model for client 1 at epoch 280 -> saved_models/FedMSE/FedMSE/wsn_ds/epoch_280_client_1.pt
2025-09-30 22:42:24.222 | INFO     | agents.servers.serverFedMSE:train_on_clients:70 - Saved model for client 2 at epoch 280 -> saved_models/FedMSE/FedMSE/wsn_ds/epoch_280_client_2.pt
2025-09-30 22:42:24.453 | INFO     | agents.servers.serverFedMSE:train_on_clients:70 - Saved model for client 3 at epoch 280 -> saved_models/FedMSE/FedMSE/wsn_ds/epoch_280_client_3.pt
2025-09-30 22:42:24.683 | INFO     | agents.servers.serverFedMSE:train_on_clients:70 - Saved model for client 4 at epoch 280 -> saved_models/FedMSE/FedMSE/wsn_ds/epoch_280_client_4.pt
2025-09-30 22:42:24.914 | INFO     | agents.servers.serverFedMSE:train_on_clients:70 - Saved model for client 5 at epoch 280 -> saved_models/FedMSE/FedMSE/wsn_ds/epoch_280_client_5.pt
2025-09-30 22:42:25.144 | INFO     | agents.servers.serverFedMSE:train_on_clients:70 - Saved model for client 6 at epoch 280 -> saved_models/FedMSE/FedMSE/wsn_ds/epoch_280_client_6.pt
2025-09-30 22:42:25.373 | INFO     | agents.servers.serverFedMSE:train_on_clients:70 - Saved model for client 7 at epoch 280 -> saved_models/FedMSE/FedMSE/wsn_ds/epoch_280_client_7.pt
2025-09-30 22:42:25.606 | INFO     | agents.servers.serverFedMSE:train_on_clients:70 - Saved model for client 8 at epoch 280 -> saved_models/FedMSE/FedMSE/wsn_ds/epoch_280_client_8.pt
2025-09-30 22:42:25.841 | INFO     | agents.servers.serverFedMSE:train_on_clients:70 - Saved model for client 9 at epoch 280 -> saved_models/FedMSE/FedMSE/wsn_ds/epoch_280_client_9.pt
2025-09-30 22:42:26.071 | INFO     | agents.servers.serverFedMSE:train_on_clients:70 - Saved model for client 10 at epoch 280 -> saved_models/FedMSE/FedMSE/wsn_ds/epoch_280_client_10.pt
2025-09-30 22:42:26.302 | INFO     | agents.servers.serverFedMSE:train_on_clients:70 - Saved model for client 11 at epoch 280 -> saved_models/FedMSE/FedMSE/wsn_ds/epoch_280_client_11.pt
2025-09-30 22:42:26.532 | INFO     | agents.servers.serverFedMSE:train_on_clients:70 - Saved model for client 12 at epoch 280 -> saved_models/FedMSE/FedMSE/wsn_ds/epoch_280_client_12.pt
2025-09-30 22:42:26.765 | INFO     | agents.servers.serverFedMSE:train_on_clients:70 - Saved model for client 13 at epoch 280 -> saved_models/FedMSE/FedMSE/wsn_ds/epoch_280_client_13.pt
2025-09-30 22:42:26.995 | INFO     | agents.servers.serverFedMSE:train_on_clients:70 - Saved model for client 14 at epoch 280 -> saved_models/FedMSE/FedMSE/wsn_ds/epoch_280_client_14.pt
2025-09-30 22:42:27.225 | INFO     | agents.servers.serverFedMSE:train_on_clients:70 - Saved model for client 15 at epoch 280 -> saved_models/FedMSE/FedMSE/wsn_ds/epoch_280_client_15.pt
2025-09-30 22:42:27.453 | INFO     | agents.servers.serverFedMSE:train_on_clients:70 - Saved model for client 16 at epoch 280 -> saved_models/FedMSE/FedMSE/wsn_ds/epoch_280_client_16.pt
2025-09-30 22:42:27.683 | INFO     | agents.servers.serverFedMSE:train_on_clients:70 - Saved model for client 17 at epoch 280 -> saved_models/FedMSE/FedMSE/wsn_ds/epoch_280_client_17.pt
2025-09-30 22:42:27.912 | INFO     | agents.servers.serverFedMSE:train_on_clients:70 - Saved model for client 18 at epoch 280 -> saved_models/FedMSE/FedMSE/wsn_ds/epoch_280_client_18.pt
2025-09-30 22:42:28.143 | INFO     | agents.servers.serverFedMSE:train_on_clients:70 - Saved model for client 19 at epoch 280 -> saved_models/FedMSE/FedMSE/wsn_ds/epoch_280_client_19.pt
2025-09-30 22:42:28.144 | INFO     | agents.servers.serverFedMSE:train_on_clients:76 - 20 clients still training at epoch #280
2025-09-30 22:42:41.643 | INFO     | agents.servers.serverFedMSE:train_on_clients:32 - Training FedMSE model epoch #281
2025-09-30 22:42:46.262 | INFO     | agents.servers.serverFedMSE:train_on_clients:76 - 20 clients still training at epoch #281
2025-09-30 22:42:59.749 | INFO     | agents.servers.serverFedMSE:train_on_clients:32 - Training FedMSE model epoch #282
2025-09-30 22:43:04.362 | INFO     | agents.servers.serverFedMSE:train_on_clients:76 - 20 clients still training at epoch #282
2025-09-30 22:43:17.882 | INFO     | agents.servers.serverFedMSE:train_on_clients:32 - Training FedMSE model epoch #283
2025-09-30 22:43:22.552 | INFO     | agents.servers.serverFedMSE:train_on_clients:76 - 20 clients still training at epoch #283
2025-09-30 22:43:36.092 | INFO     | agents.servers.serverFedMSE:train_on_clients:32 - Training FedMSE model epoch #284
2025-09-30 22:43:38.622 | INFO     | agents.servers.serverFedMSE:train_on_clients:54 - Client 10 gets new best val_loss at epoch #284: 0.000701
2025-09-30 22:43:40.717 | INFO     | agents.servers.serverFedMSE:train_on_clients:76 - 20 clients still training at epoch #284
2025-09-30 22:43:54.215 | INFO     | agents.servers.serverFedMSE:train_on_clients:32 - Training FedMSE model epoch #285
2025-09-30 22:43:56.749 | INFO     | agents.servers.serverFedMSE:train_on_clients:54 - Client 10 gets new best val_loss at epoch #285: 0.000700
2025-09-30 22:43:58.384 | INFO     | agents.servers.serverFedMSE:train_on_clients:54 - Client 17 gets new best val_loss at epoch #285: 0.000930
2025-09-30 22:43:58.847 | INFO     | agents.servers.serverFedMSE:train_on_clients:76 - 20 clients still training at epoch #285
2025-09-30 22:44:12.341 | INFO     | agents.servers.serverFedMSE:train_on_clients:32 - Training FedMSE model epoch #286
2025-09-30 22:44:14.878 | INFO     | agents.servers.serverFedMSE:train_on_clients:54 - Client 10 gets new best val_loss at epoch #286: 0.000694
2025-09-30 22:44:16.501 | INFO     | agents.servers.serverFedMSE:train_on_clients:54 - Client 17 gets new best val_loss at epoch #286: 0.000921
2025-09-30 22:44:16.960 | INFO     | agents.servers.serverFedMSE:train_on_clients:76 - 20 clients still training at epoch #286
2025-09-30 22:44:30.623 | INFO     | agents.servers.serverFedMSE:train_on_clients:32 - Training FedMSE model epoch #287
2025-09-30 22:44:33.120 | INFO     | agents.servers.serverFedMSE:train_on_clients:54 - Client 10 gets new best val_loss at epoch #287: 0.000694
2025-09-30 22:44:34.705 | INFO     | agents.servers.serverFedMSE:train_on_clients:54 - Client 17 gets new best val_loss at epoch #287: 0.000921
2025-09-30 22:44:35.157 | INFO     | agents.servers.serverFedMSE:train_on_clients:76 - 20 clients still training at epoch #287
2025-09-30 22:44:48.602 | INFO     | agents.servers.serverFedMSE:train_on_clients:32 - Training FedMSE model epoch #288
2025-09-30 22:44:50.215 | INFO     | agents.servers.serverFedMSE:train_on_clients:54 - Client 6 gets new best val_loss at epoch #288: 0.000722
2025-09-30 22:44:53.210 | INFO     | agents.servers.serverFedMSE:train_on_clients:76 - 20 clients still training at epoch #288
2025-09-30 22:45:06.792 | INFO     | agents.servers.serverFedMSE:train_on_clients:32 - Training FedMSE model epoch #289
2025-09-30 22:45:08.401 | INFO     | agents.servers.serverFedMSE:train_on_clients:54 - Client 6 gets new best val_loss at epoch #289: 0.000715
2025-09-30 22:45:09.315 | INFO     | agents.servers.serverFedMSE:train_on_clients:54 - Client 10 gets new best val_loss at epoch #289: 0.000693
2025-09-30 22:45:11.374 | INFO     | agents.servers.serverFedMSE:train_on_clients:76 - 20 clients still training at epoch #289
2025-09-30 22:45:24.873 | INFO     | agents.servers.serverFedMSE:train_on_clients:32 - Training FedMSE model epoch #290
2025-09-30 22:45:25.107 | INFO     | agents.servers.serverFedMSE:train_on_clients:70 - Saved model for client 0 at epoch 290 -> saved_models/FedMSE/FedMSE/wsn_ds/epoch_290_client_0.pt
2025-09-30 22:45:25.340 | INFO     | agents.servers.serverFedMSE:train_on_clients:70 - Saved model for client 1 at epoch 290 -> saved_models/FedMSE/FedMSE/wsn_ds/epoch_290_client_1.pt
2025-09-30 22:45:25.572 | INFO     | agents.servers.serverFedMSE:train_on_clients:70 - Saved model for client 2 at epoch 290 -> saved_models/FedMSE/FedMSE/wsn_ds/epoch_290_client_2.pt
2025-09-30 22:45:25.805 | INFO     | agents.servers.serverFedMSE:train_on_clients:70 - Saved model for client 3 at epoch 290 -> saved_models/FedMSE/FedMSE/wsn_ds/epoch_290_client_3.pt
2025-09-30 22:45:26.039 | INFO     | agents.servers.serverFedMSE:train_on_clients:70 - Saved model for client 4 at epoch 290 -> saved_models/FedMSE/FedMSE/wsn_ds/epoch_290_client_4.pt
2025-09-30 22:45:26.271 | INFO     | agents.servers.serverFedMSE:train_on_clients:70 - Saved model for client 5 at epoch 290 -> saved_models/FedMSE/FedMSE/wsn_ds/epoch_290_client_5.pt
2025-09-30 22:45:26.505 | INFO     | agents.servers.serverFedMSE:train_on_clients:54 - Client 6 gets new best val_loss at epoch #290: 0.000712
2025-09-30 22:45:26.507 | INFO     | agents.servers.serverFedMSE:train_on_clients:70 - Saved model for client 6 at epoch 290 -> saved_models/FedMSE/FedMSE/wsn_ds/epoch_290_client_6.pt
2025-09-30 22:45:26.737 | INFO     | agents.servers.serverFedMSE:train_on_clients:70 - Saved model for client 7 at epoch 290 -> saved_models/FedMSE/FedMSE/wsn_ds/epoch_290_client_7.pt
2025-09-30 22:45:26.967 | INFO     | agents.servers.serverFedMSE:train_on_clients:70 - Saved model for client 8 at epoch 290 -> saved_models/FedMSE/FedMSE/wsn_ds/epoch_290_client_8.pt
2025-09-30 22:45:27.199 | INFO     | agents.servers.serverFedMSE:train_on_clients:70 - Saved model for client 9 at epoch 290 -> saved_models/FedMSE/FedMSE/wsn_ds/epoch_290_client_9.pt
2025-09-30 22:45:27.429 | INFO     | agents.servers.serverFedMSE:train_on_clients:70 - Saved model for client 10 at epoch 290 -> saved_models/FedMSE/FedMSE/wsn_ds/epoch_290_client_10.pt
2025-09-30 22:45:27.660 | INFO     | agents.servers.serverFedMSE:train_on_clients:70 - Saved model for client 11 at epoch 290 -> saved_models/FedMSE/FedMSE/wsn_ds/epoch_290_client_11.pt
2025-09-30 22:45:27.889 | INFO     | agents.servers.serverFedMSE:train_on_clients:70 - Saved model for client 12 at epoch 290 -> saved_models/FedMSE/FedMSE/wsn_ds/epoch_290_client_12.pt
2025-09-30 22:45:28.121 | INFO     | agents.servers.serverFedMSE:train_on_clients:70 - Saved model for client 13 at epoch 290 -> saved_models/FedMSE/FedMSE/wsn_ds/epoch_290_client_13.pt
2025-09-30 22:45:28.350 | INFO     | agents.servers.serverFedMSE:train_on_clients:70 - Saved model for client 14 at epoch 290 -> saved_models/FedMSE/FedMSE/wsn_ds/epoch_290_client_14.pt
2025-09-30 22:45:28.581 | INFO     | agents.servers.serverFedMSE:train_on_clients:70 - Saved model for client 15 at epoch 290 -> saved_models/FedMSE/FedMSE/wsn_ds/epoch_290_client_15.pt
2025-09-30 22:45:28.816 | INFO     | agents.servers.serverFedMSE:train_on_clients:70 - Saved model for client 16 at epoch 290 -> saved_models/FedMSE/FedMSE/wsn_ds/epoch_290_client_16.pt
2025-09-30 22:45:29.047 | INFO     | agents.servers.serverFedMSE:train_on_clients:70 - Saved model for client 17 at epoch 290 -> saved_models/FedMSE/FedMSE/wsn_ds/epoch_290_client_17.pt
2025-09-30 22:45:29.277 | INFO     | agents.servers.serverFedMSE:train_on_clients:70 - Saved model for client 18 at epoch 290 -> saved_models/FedMSE/FedMSE/wsn_ds/epoch_290_client_18.pt
2025-09-30 22:45:29.506 | INFO     | agents.servers.serverFedMSE:train_on_clients:70 - Saved model for client 19 at epoch 290 -> saved_models/FedMSE/FedMSE/wsn_ds/epoch_290_client_19.pt
2025-09-30 22:45:29.508 | INFO     | agents.servers.serverFedMSE:train_on_clients:76 - 20 clients still training at epoch #290
2025-09-30 22:45:43.210 | INFO     | agents.servers.serverFedMSE:train_on_clients:32 - Training FedMSE model epoch #291
2025-09-30 22:45:45.056 | INFO     | agents.servers.serverFedMSE:train_on_clients:54 - Client 7 gets new best val_loss at epoch #291: 0.000816
2025-09-30 22:45:47.808 | INFO     | agents.servers.serverFedMSE:train_on_clients:76 - 20 clients still training at epoch #291
2025-09-30 22:46:01.421 | INFO     | agents.servers.serverFedMSE:train_on_clients:32 - Training FedMSE model epoch #292
2025-09-30 22:46:03.022 | INFO     | agents.servers.serverFedMSE:train_on_clients:54 - Client 6 gets new best val_loss at epoch #292: 0.000712
2025-09-30 22:46:03.252 | INFO     | agents.servers.serverFedMSE:train_on_clients:54 - Client 7 gets new best val_loss at epoch #292: 0.000816
2025-09-30 22:46:06.003 | INFO     | agents.servers.serverFedMSE:train_on_clients:76 - 20 clients still training at epoch #292
2025-09-30 22:46:19.595 | INFO     | agents.servers.serverFedMSE:train_on_clients:32 - Training FedMSE model epoch #293
2025-09-30 22:46:20.986 | INFO     | agents.servers.serverFedMSE:train_on_clients:54 - Client 5 gets new best val_loss at epoch #293: 0.000770
2025-09-30 22:46:24.220 | INFO     | agents.servers.serverFedMSE:train_on_clients:76 - 20 clients still training at epoch #293
2025-09-30 22:46:37.896 | INFO     | agents.servers.serverFedMSE:train_on_clients:32 - Training FedMSE model epoch #294
2025-09-30 22:46:39.323 | INFO     | agents.servers.serverFedMSE:train_on_clients:54 - Client 5 gets new best val_loss at epoch #294: 0.000770
2025-09-30 22:46:42.568 | INFO     | agents.servers.serverFedMSE:train_on_clients:76 - 20 clients still training at epoch #294
2025-09-30 22:46:56.134 | INFO     | agents.servers.serverFedMSE:train_on_clients:32 - Training FedMSE model epoch #295
2025-09-30 22:46:57.976 | INFO     | agents.servers.serverFedMSE:train_on_clients:54 - Client 7 gets new best val_loss at epoch #295: 0.000815
2025-09-30 22:47:00.731 | INFO     | agents.servers.serverFedMSE:train_on_clients:76 - 20 clients still training at epoch #295
2025-09-30 22:47:14.321 | INFO     | agents.servers.serverFedMSE:train_on_clients:32 - Training FedMSE model epoch #296
2025-09-30 22:47:15.717 | INFO     | agents.servers.serverFedMSE:train_on_clients:54 - Client 5 gets new best val_loss at epoch #296: 0.000768
2025-09-30 22:47:16.182 | INFO     | agents.servers.serverFedMSE:train_on_clients:54 - Client 7 gets new best val_loss at epoch #296: 0.000812
2025-09-30 22:47:18.960 | INFO     | agents.servers.serverFedMSE:train_on_clients:76 - 20 clients still training at epoch #296
2025-09-30 22:47:32.581 | INFO     | agents.servers.serverFedMSE:train_on_clients:32 - Training FedMSE model epoch #297
2025-09-30 22:47:33.971 | INFO     | agents.servers.serverFedMSE:train_on_clients:54 - Client 5 gets new best val_loss at epoch #297: 0.000768
2025-09-30 22:47:37.211 | INFO     | agents.servers.serverFedMSE:train_on_clients:76 - 20 clients still training at epoch #297
2025-09-30 22:47:50.985 | INFO     | agents.servers.serverFedMSE:train_on_clients:32 - Training FedMSE model epoch #298
2025-09-30 22:47:52.372 | INFO     | agents.servers.serverFedMSE:train_on_clients:54 - Client 5 gets new best val_loss at epoch #298: 0.000766
2025-09-30 22:47:55.624 | INFO     | agents.servers.serverFedMSE:train_on_clients:76 - 20 clients still training at epoch #298
2025-09-30 22:48:09.115 | INFO     | agents.servers.serverFedMSE:train_on_clients:32 - Training FedMSE model epoch #299
2025-09-30 22:48:12.620 | INFO     | agents.servers.serverFedMSE:train_on_clients:54 - Client 14 gets new best val_loss at epoch #299: 0.000660
2025-09-30 22:48:13.792 | INFO     | agents.servers.serverFedMSE:train_on_clients:76 - 20 clients still training at epoch #299
2025-09-30 22:48:27.283 | INFO     | agents.servers.serverFedMSE:train_on_clients:32 - Training FedMSE model epoch #300
2025-09-30 22:48:27.518 | INFO     | agents.servers.serverFedMSE:train_on_clients:70 - Saved model for client 0 at epoch 300 -> saved_models/FedMSE/FedMSE/wsn_ds/epoch_300_client_0.pt
2025-09-30 22:48:27.752 | INFO     | agents.servers.serverFedMSE:train_on_clients:70 - Saved model for client 1 at epoch 300 -> saved_models/FedMSE/FedMSE/wsn_ds/epoch_300_client_1.pt
2025-09-30 22:48:27.986 | INFO     | agents.servers.serverFedMSE:train_on_clients:70 - Saved model for client 2 at epoch 300 -> saved_models/FedMSE/FedMSE/wsn_ds/epoch_300_client_2.pt
2025-09-30 22:48:28.218 | INFO     | agents.servers.serverFedMSE:train_on_clients:70 - Saved model for client 3 at epoch 300 -> saved_models/FedMSE/FedMSE/wsn_ds/epoch_300_client_3.pt
2025-09-30 22:48:28.451 | INFO     | agents.servers.serverFedMSE:train_on_clients:70 - Saved model for client 4 at epoch 300 -> saved_models/FedMSE/FedMSE/wsn_ds/epoch_300_client_4.pt
2025-09-30 22:48:28.686 | INFO     | agents.servers.serverFedMSE:train_on_clients:70 - Saved model for client 5 at epoch 300 -> saved_models/FedMSE/FedMSE/wsn_ds/epoch_300_client_5.pt
2025-09-30 22:48:28.923 | INFO     | agents.servers.serverFedMSE:train_on_clients:70 - Saved model for client 6 at epoch 300 -> saved_models/FedMSE/FedMSE/wsn_ds/epoch_300_client_6.pt
2025-09-30 22:48:29.155 | INFO     | agents.servers.serverFedMSE:train_on_clients:70 - Saved model for client 7 at epoch 300 -> saved_models/FedMSE/FedMSE/wsn_ds/epoch_300_client_7.pt
2025-09-30 22:48:29.387 | INFO     | agents.servers.serverFedMSE:train_on_clients:70 - Saved model for client 8 at epoch 300 -> saved_models/FedMSE/FedMSE/wsn_ds/epoch_300_client_8.pt
2025-09-30 22:48:29.619 | INFO     | agents.servers.serverFedMSE:train_on_clients:70 - Saved model for client 9 at epoch 300 -> saved_models/FedMSE/FedMSE/wsn_ds/epoch_300_client_9.pt
2025-09-30 22:48:29.852 | INFO     | agents.servers.serverFedMSE:train_on_clients:70 - Saved model for client 10 at epoch 300 -> saved_models/FedMSE/FedMSE/wsn_ds/epoch_300_client_10.pt
2025-09-30 22:48:30.085 | INFO     | agents.servers.serverFedMSE:train_on_clients:70 - Saved model for client 11 at epoch 300 -> saved_models/FedMSE/FedMSE/wsn_ds/epoch_300_client_11.pt
2025-09-30 22:48:30.318 | INFO     | agents.servers.serverFedMSE:train_on_clients:70 - Saved model for client 12 at epoch 300 -> saved_models/FedMSE/FedMSE/wsn_ds/epoch_300_client_12.pt
2025-09-30 22:48:30.548 | INFO     | agents.servers.serverFedMSE:train_on_clients:70 - Saved model for client 13 at epoch 300 -> saved_models/FedMSE/FedMSE/wsn_ds/epoch_300_client_13.pt
2025-09-30 22:48:30.779 | INFO     | agents.servers.serverFedMSE:train_on_clients:54 - Client 14 gets new best val_loss at epoch #300: 0.000659
2025-09-30 22:48:30.780 | INFO     | agents.servers.serverFedMSE:train_on_clients:70 - Saved model for client 14 at epoch 300 -> saved_models/FedMSE/FedMSE/wsn_ds/epoch_300_client_14.pt
2025-09-30 22:48:31.010 | INFO     | agents.servers.serverFedMSE:train_on_clients:70 - Saved model for client 15 at epoch 300 -> saved_models/FedMSE/FedMSE/wsn_ds/epoch_300_client_15.pt
2025-09-30 22:48:31.239 | INFO     | agents.servers.serverFedMSE:train_on_clients:70 - Saved model for client 16 at epoch 300 -> saved_models/FedMSE/FedMSE/wsn_ds/epoch_300_client_16.pt
2025-09-30 22:48:31.471 | INFO     | agents.servers.serverFedMSE:train_on_clients:70 - Saved model for client 17 at epoch 300 -> saved_models/FedMSE/FedMSE/wsn_ds/epoch_300_client_17.pt
2025-09-30 22:48:31.701 | INFO     | agents.servers.serverFedMSE:train_on_clients:70 - Saved model for client 18 at epoch 300 -> saved_models/FedMSE/FedMSE/wsn_ds/epoch_300_client_18.pt
2025-09-30 22:48:31.932 | INFO     | agents.servers.serverFedMSE:train_on_clients:70 - Saved model for client 19 at epoch 300 -> saved_models/FedMSE/FedMSE/wsn_ds/epoch_300_client_19.pt
2025-09-30 22:48:31.933 | INFO     | agents.servers.serverFedMSE:train_on_clients:76 - 20 clients still training at epoch #300
2025-09-30 22:48:45.401 | INFO     | agents.servers.serverFedMSE:train_on_clients:32 - Training FedMSE model epoch #301
2025-09-30 22:48:48.874 | INFO     | agents.servers.serverFedMSE:train_on_clients:54 - Client 14 gets new best val_loss at epoch #301: 0.000657
2025-09-30 22:48:50.076 | INFO     | agents.servers.serverFedMSE:train_on_clients:76 - 20 clients still training at epoch #301
2025-09-30 22:49:03.714 | INFO     | agents.servers.serverFedMSE:train_on_clients:32 - Training FedMSE model epoch #302
2025-09-30 22:49:08.347 | INFO     | agents.servers.serverFedMSE:train_on_clients:76 - 20 clients still training at epoch #302
2025-09-30 22:49:21.852 | INFO     | agents.servers.serverFedMSE:train_on_clients:32 - Training FedMSE model epoch #303
2025-09-30 22:49:23.470 | INFO     | agents.servers.serverFedMSE:train_on_clients:54 - Client 6 gets new best val_loss at epoch #303: 0.000710
2025-09-30 22:49:26.468 | INFO     | agents.servers.serverFedMSE:train_on_clients:76 - 20 clients still training at epoch #303
2025-09-30 22:49:39.985 | INFO     | agents.servers.serverFedMSE:train_on_clients:32 - Training FedMSE model epoch #304
2025-09-30 22:49:41.365 | INFO     | agents.servers.serverFedMSE:train_on_clients:54 - Client 5 gets new best val_loss at epoch #304: 0.000762
2025-09-30 22:49:44.594 | INFO     | agents.servers.serverFedMSE:train_on_clients:76 - 20 clients still training at epoch #304
2025-09-30 22:49:58.205 | INFO     | agents.servers.serverFedMSE:train_on_clients:32 - Training FedMSE model epoch #305
2025-09-30 22:49:59.582 | INFO     | agents.servers.serverFedMSE:train_on_clients:54 - Client 5 gets new best val_loss at epoch #305: 0.000760
2025-09-30 22:50:01.659 | INFO     | agents.servers.serverFedMSE:train_on_clients:54 - Client 14 gets new best val_loss at epoch #305: 0.000656
2025-09-30 22:50:02.803 | INFO     | agents.servers.serverFedMSE:train_on_clients:76 - 20 clients still training at epoch #305
2025-09-30 22:50:16.275 | INFO     | agents.servers.serverFedMSE:train_on_clients:32 - Training FedMSE model epoch #306
2025-09-30 22:50:20.900 | INFO     | agents.servers.serverFedMSE:train_on_clients:76 - 20 clients still training at epoch #306
2025-09-30 22:50:34.436 | INFO     | agents.servers.serverFedMSE:train_on_clients:32 - Training FedMSE model epoch #307
2025-09-30 22:50:39.047 | INFO     | agents.servers.serverFedMSE:train_on_clients:76 - 20 clients still training at epoch #307
2025-09-30 22:50:52.569 | INFO     | agents.servers.serverFedMSE:train_on_clients:32 - Training FedMSE model epoch #308
2025-09-30 22:50:56.268 | INFO     | agents.servers.serverFedMSE:train_on_clients:54 - Client 15 gets new best val_loss at epoch #308: 0.000780
2025-09-30 22:50:57.185 | INFO     | agents.servers.serverFedMSE:train_on_clients:76 - 20 clients still training at epoch #308
2025-09-30 22:51:10.894 | INFO     | agents.servers.serverFedMSE:train_on_clients:32 - Training FedMSE model epoch #309
2025-09-30 22:51:13.204 | INFO     | agents.servers.serverFedMSE:train_on_clients:54 - Client 9 gets new best val_loss at epoch #309: 0.000756
2025-09-30 22:51:14.584 | INFO     | agents.servers.serverFedMSE:train_on_clients:54 - Client 15 gets new best val_loss at epoch #309: 0.000779
2025-09-30 22:51:15.505 | INFO     | agents.servers.serverFedMSE:train_on_clients:76 - 20 clients still training at epoch #309
2025-09-30 22:51:28.998 | INFO     | agents.servers.serverFedMSE:train_on_clients:32 - Training FedMSE model epoch #310
2025-09-30 22:51:29.236 | INFO     | agents.servers.serverFedMSE:train_on_clients:70 - Saved model for client 0 at epoch 310 -> saved_models/FedMSE/FedMSE/wsn_ds/epoch_310_client_0.pt
2025-09-30 22:51:29.470 | INFO     | agents.servers.serverFedMSE:train_on_clients:54 - Client 1 gets new best val_loss at epoch #310: 0.000704
2025-09-30 22:51:29.472 | INFO     | agents.servers.serverFedMSE:train_on_clients:70 - Saved model for client 1 at epoch 310 -> saved_models/FedMSE/FedMSE/wsn_ds/epoch_310_client_1.pt
2025-09-30 22:51:29.705 | INFO     | agents.servers.serverFedMSE:train_on_clients:70 - Saved model for client 2 at epoch 310 -> saved_models/FedMSE/FedMSE/wsn_ds/epoch_310_client_2.pt
2025-09-30 22:51:29.936 | INFO     | agents.servers.serverFedMSE:train_on_clients:70 - Saved model for client 3 at epoch 310 -> saved_models/FedMSE/FedMSE/wsn_ds/epoch_310_client_3.pt
2025-09-30 22:51:30.167 | INFO     | agents.servers.serverFedMSE:train_on_clients:70 - Saved model for client 4 at epoch 310 -> saved_models/FedMSE/FedMSE/wsn_ds/epoch_310_client_4.pt
2025-09-30 22:51:30.397 | INFO     | agents.servers.serverFedMSE:train_on_clients:70 - Saved model for client 5 at epoch 310 -> saved_models/FedMSE/FedMSE/wsn_ds/epoch_310_client_5.pt
2025-09-30 22:51:30.628 | INFO     | agents.servers.serverFedMSE:train_on_clients:70 - Saved model for client 6 at epoch 310 -> saved_models/FedMSE/FedMSE/wsn_ds/epoch_310_client_6.pt
2025-09-30 22:51:30.859 | INFO     | agents.servers.serverFedMSE:train_on_clients:70 - Saved model for client 7 at epoch 310 -> saved_models/FedMSE/FedMSE/wsn_ds/epoch_310_client_7.pt
2025-09-30 22:51:31.091 | INFO     | agents.servers.serverFedMSE:train_on_clients:70 - Saved model for client 8 at epoch 310 -> saved_models/FedMSE/FedMSE/wsn_ds/epoch_310_client_8.pt
2025-09-30 22:51:31.323 | INFO     | agents.servers.serverFedMSE:train_on_clients:70 - Saved model for client 9 at epoch 310 -> saved_models/FedMSE/FedMSE/wsn_ds/epoch_310_client_9.pt
2025-09-30 22:51:31.561 | INFO     | agents.servers.serverFedMSE:train_on_clients:70 - Saved model for client 10 at epoch 310 -> saved_models/FedMSE/FedMSE/wsn_ds/epoch_310_client_10.pt
2025-09-30 22:51:31.793 | INFO     | agents.servers.serverFedMSE:train_on_clients:70 - Saved model for client 11 at epoch 310 -> saved_models/FedMSE/FedMSE/wsn_ds/epoch_310_client_11.pt
2025-09-30 22:51:32.023 | INFO     | agents.servers.serverFedMSE:train_on_clients:70 - Saved model for client 12 at epoch 310 -> saved_models/FedMSE/FedMSE/wsn_ds/epoch_310_client_12.pt
2025-09-30 22:51:32.257 | INFO     | agents.servers.serverFedMSE:train_on_clients:70 - Saved model for client 13 at epoch 310 -> saved_models/FedMSE/FedMSE/wsn_ds/epoch_310_client_13.pt
2025-09-30 22:51:32.494 | INFO     | agents.servers.serverFedMSE:train_on_clients:70 - Saved model for client 14 at epoch 310 -> saved_models/FedMSE/FedMSE/wsn_ds/epoch_310_client_14.pt
2025-09-30 22:51:32.729 | INFO     | agents.servers.serverFedMSE:train_on_clients:70 - Saved model for client 15 at epoch 310 -> saved_models/FedMSE/FedMSE/wsn_ds/epoch_310_client_15.pt
2025-09-30 22:51:32.967 | INFO     | agents.servers.serverFedMSE:train_on_clients:70 - Saved model for client 16 at epoch 310 -> saved_models/FedMSE/FedMSE/wsn_ds/epoch_310_client_16.pt
2025-09-30 22:51:33.197 | INFO     | agents.servers.serverFedMSE:train_on_clients:70 - Saved model for client 17 at epoch 310 -> saved_models/FedMSE/FedMSE/wsn_ds/epoch_310_client_17.pt
2025-09-30 22:51:33.428 | INFO     | agents.servers.serverFedMSE:train_on_clients:70 - Saved model for client 18 at epoch 310 -> saved_models/FedMSE/FedMSE/wsn_ds/epoch_310_client_18.pt
2025-09-30 22:51:33.657 | INFO     | agents.servers.serverFedMSE:train_on_clients:70 - Saved model for client 19 at epoch 310 -> saved_models/FedMSE/FedMSE/wsn_ds/epoch_310_client_19.pt
2025-09-30 22:51:33.658 | INFO     | agents.servers.serverFedMSE:train_on_clients:76 - 20 clients still training at epoch #310
2025-09-30 22:51:47.127 | INFO     | agents.servers.serverFedMSE:train_on_clients:32 - Training FedMSE model epoch #311
2025-09-30 22:51:49.425 | INFO     | agents.servers.serverFedMSE:train_on_clients:54 - Client 9 gets new best val_loss at epoch #311: 0.000755
2025-09-30 22:51:50.803 | INFO     | agents.servers.serverFedMSE:train_on_clients:54 - Client 15 gets new best val_loss at epoch #311: 0.000775
2025-09-30 22:51:51.723 | INFO     | agents.servers.serverFedMSE:train_on_clients:76 - 20 clients still training at epoch #311
2025-09-30 22:52:05.208 | INFO     | agents.servers.serverFedMSE:train_on_clients:32 - Training FedMSE model epoch #312
2025-09-30 22:52:08.979 | INFO     | agents.servers.serverFedMSE:train_on_clients:54 - Client 15 gets new best val_loss at epoch #312: 0.000772
2025-09-30 22:52:09.932 | INFO     | agents.servers.serverFedMSE:train_on_clients:76 - 20 clients still training at epoch #312
2025-09-30 22:52:23.456 | INFO     | agents.servers.serverFedMSE:train_on_clients:32 - Training FedMSE model epoch #313
2025-09-30 22:52:28.094 | INFO     | agents.servers.serverFedMSE:train_on_clients:76 - 20 clients still training at epoch #313
2025-09-30 22:52:41.551 | INFO     | agents.servers.serverFedMSE:train_on_clients:32 - Training FedMSE model epoch #314
2025-09-30 22:52:42.242 | INFO     | agents.servers.serverFedMSE:train_on_clients:54 - Client 2 gets new best val_loss at epoch #314: 0.000682
2025-09-30 22:52:46.166 | INFO     | agents.servers.serverFedMSE:train_on_clients:76 - 20 clients still training at epoch #314
2025-09-30 22:52:59.689 | INFO     | agents.servers.serverFedMSE:train_on_clients:32 - Training FedMSE model epoch #315
2025-09-30 22:53:00.379 | INFO     | agents.servers.serverFedMSE:train_on_clients:54 - Client 2 gets new best val_loss at epoch #315: 0.000652
2025-09-30 22:53:04.300 | INFO     | agents.servers.serverFedMSE:train_on_clients:76 - 20 clients still training at epoch #315
2025-09-30 22:53:17.927 | INFO     | agents.servers.serverFedMSE:train_on_clients:32 - Training FedMSE model epoch #316
2025-09-30 22:53:20.936 | INFO     | agents.servers.serverFedMSE:train_on_clients:54 - Client 12 gets new best val_loss at epoch #316: 0.000675
2025-09-30 22:53:21.174 | INFO     | agents.servers.serverFedMSE:train_on_clients:54 - Client 13 gets new best val_loss at epoch #316: 0.000717
2025-09-30 22:53:22.576 | INFO     | agents.servers.serverFedMSE:train_on_clients:76 - 20 clients still training at epoch #316
2025-09-30 22:53:36.087 | INFO     | agents.servers.serverFedMSE:train_on_clients:32 - Training FedMSE model epoch #317
2025-09-30 22:53:39.328 | INFO     | agents.servers.serverFedMSE:train_on_clients:54 - Client 13 gets new best val_loss at epoch #317: 0.000708
2025-09-30 22:53:40.721 | INFO     | agents.servers.serverFedMSE:train_on_clients:76 - 20 clients still training at epoch #317
2025-09-30 22:53:54.169 | INFO     | agents.servers.serverFedMSE:train_on_clients:32 - Training FedMSE model epoch #318
2025-09-30 22:53:57.400 | INFO     | agents.servers.serverFedMSE:train_on_clients:54 - Client 13 gets new best val_loss at epoch #318: 0.000707
2025-09-30 22:53:58.787 | INFO     | agents.servers.serverFedMSE:train_on_clients:76 - 20 clients still training at epoch #318
2025-09-30 22:54:12.296 | INFO     | agents.servers.serverFedMSE:train_on_clients:32 - Training FedMSE model epoch #319
2025-09-30 22:54:15.296 | INFO     | agents.servers.serverFedMSE:train_on_clients:54 - Client 12 gets new best val_loss at epoch #319: 0.000674
2025-09-30 22:54:16.924 | INFO     | agents.servers.serverFedMSE:train_on_clients:76 - 20 clients still training at epoch #319
2025-09-30 22:54:30.648 | INFO     | agents.servers.serverFedMSE:train_on_clients:32 - Training FedMSE model epoch #320
2025-09-30 22:54:30.884 | INFO     | agents.servers.serverFedMSE:train_on_clients:70 - Saved model for client 0 at epoch 320 -> saved_models/FedMSE/FedMSE/wsn_ds/epoch_320_client_0.pt
2025-09-30 22:54:31.120 | INFO     | agents.servers.serverFedMSE:train_on_clients:70 - Saved model for client 1 at epoch 320 -> saved_models/FedMSE/FedMSE/wsn_ds/epoch_320_client_1.pt
2025-09-30 22:54:31.351 | INFO     | agents.servers.serverFedMSE:train_on_clients:70 - Saved model for client 2 at epoch 320 -> saved_models/FedMSE/FedMSE/wsn_ds/epoch_320_client_2.pt
2025-09-30 22:54:31.582 | INFO     | agents.servers.serverFedMSE:train_on_clients:70 - Saved model for client 3 at epoch 320 -> saved_models/FedMSE/FedMSE/wsn_ds/epoch_320_client_3.pt
2025-09-30 22:54:31.811 | INFO     | agents.servers.serverFedMSE:train_on_clients:70 - Saved model for client 4 at epoch 320 -> saved_models/FedMSE/FedMSE/wsn_ds/epoch_320_client_4.pt
2025-09-30 22:54:32.042 | INFO     | agents.servers.serverFedMSE:train_on_clients:70 - Saved model for client 5 at epoch 320 -> saved_models/FedMSE/FedMSE/wsn_ds/epoch_320_client_5.pt
2025-09-30 22:54:32.273 | INFO     | agents.servers.serverFedMSE:train_on_clients:70 - Saved model for client 6 at epoch 320 -> saved_models/FedMSE/FedMSE/wsn_ds/epoch_320_client_6.pt
2025-09-30 22:54:32.504 | INFO     | agents.servers.serverFedMSE:train_on_clients:70 - Saved model for client 7 at epoch 320 -> saved_models/FedMSE/FedMSE/wsn_ds/epoch_320_client_7.pt
2025-09-30 22:54:32.735 | INFO     | agents.servers.serverFedMSE:train_on_clients:70 - Saved model for client 8 at epoch 320 -> saved_models/FedMSE/FedMSE/wsn_ds/epoch_320_client_8.pt
2025-09-30 22:54:32.967 | INFO     | agents.servers.serverFedMSE:train_on_clients:70 - Saved model for client 9 at epoch 320 -> saved_models/FedMSE/FedMSE/wsn_ds/epoch_320_client_9.pt
2025-09-30 22:54:33.198 | INFO     | agents.servers.serverFedMSE:train_on_clients:70 - Saved model for client 10 at epoch 320 -> saved_models/FedMSE/FedMSE/wsn_ds/epoch_320_client_10.pt
2025-09-30 22:54:33.429 | INFO     | agents.servers.serverFedMSE:train_on_clients:70 - Saved model for client 11 at epoch 320 -> saved_models/FedMSE/FedMSE/wsn_ds/epoch_320_client_11.pt
2025-09-30 22:54:33.658 | INFO     | agents.servers.serverFedMSE:train_on_clients:54 - Client 12 gets new best val_loss at epoch #320: 0.000673
2025-09-30 22:54:33.659 | INFO     | agents.servers.serverFedMSE:train_on_clients:70 - Saved model for client 12 at epoch 320 -> saved_models/FedMSE/FedMSE/wsn_ds/epoch_320_client_12.pt
2025-09-30 22:54:33.892 | INFO     | agents.servers.serverFedMSE:train_on_clients:70 - Saved model for client 13 at epoch 320 -> saved_models/FedMSE/FedMSE/wsn_ds/epoch_320_client_13.pt
2025-09-30 22:54:34.123 | INFO     | agents.servers.serverFedMSE:train_on_clients:70 - Saved model for client 14 at epoch 320 -> saved_models/FedMSE/FedMSE/wsn_ds/epoch_320_client_14.pt
2025-09-30 22:54:34.354 | INFO     | agents.servers.serverFedMSE:train_on_clients:70 - Saved model for client 15 at epoch 320 -> saved_models/FedMSE/FedMSE/wsn_ds/epoch_320_client_15.pt
2025-09-30 22:54:34.583 | INFO     | agents.servers.serverFedMSE:train_on_clients:70 - Saved model for client 16 at epoch 320 -> saved_models/FedMSE/FedMSE/wsn_ds/epoch_320_client_16.pt
2025-09-30 22:54:34.812 | INFO     | agents.servers.serverFedMSE:train_on_clients:70 - Saved model for client 17 at epoch 320 -> saved_models/FedMSE/FedMSE/wsn_ds/epoch_320_client_17.pt
2025-09-30 22:54:35.041 | INFO     | agents.servers.serverFedMSE:train_on_clients:70 - Saved model for client 18 at epoch 320 -> saved_models/FedMSE/FedMSE/wsn_ds/epoch_320_client_18.pt
2025-09-30 22:54:35.270 | INFO     | agents.servers.serverFedMSE:train_on_clients:70 - Saved model for client 19 at epoch 320 -> saved_models/FedMSE/FedMSE/wsn_ds/epoch_320_client_19.pt
2025-09-30 22:54:35.272 | INFO     | agents.servers.serverFedMSE:train_on_clients:76 - 20 clients still training at epoch #320
2025-09-30 22:54:48.792 | INFO     | agents.servers.serverFedMSE:train_on_clients:32 - Training FedMSE model epoch #321
2025-09-30 22:54:51.561 | INFO     | agents.servers.serverFedMSE:train_on_clients:54 - Client 11 gets new best val_loss at epoch #321: 0.000770
2025-09-30 22:54:51.795 | INFO     | agents.servers.serverFedMSE:train_on_clients:54 - Client 12 gets new best val_loss at epoch #321: 0.000672
2025-09-30 22:54:53.424 | INFO     | agents.servers.serverFedMSE:train_on_clients:76 - 20 clients still training at epoch #321
2025-09-30 22:55:06.939 | INFO     | agents.servers.serverFedMSE:train_on_clients:32 - Training FedMSE model epoch #322
2025-09-30 22:55:11.558 | INFO     | agents.servers.serverFedMSE:train_on_clients:76 - 20 clients still training at epoch #322
2025-09-30 22:55:25.107 | INFO     | agents.servers.serverFedMSE:train_on_clients:32 - Training FedMSE model epoch #323
2025-09-30 22:55:26.266 | INFO     | agents.servers.serverFedMSE:train_on_clients:54 - Client 4 gets new best val_loss at epoch #323: 0.000616
2025-09-30 22:55:29.798 | INFO     | agents.servers.serverFedMSE:train_on_clients:76 - 20 clients still training at epoch #323
2025-09-30 22:55:43.325 | INFO     | agents.servers.serverFedMSE:train_on_clients:32 - Training FedMSE model epoch #324
2025-09-30 22:55:46.078 | INFO     | agents.servers.serverFedMSE:train_on_clients:54 - Client 11 gets new best val_loss at epoch #324: 0.000770
2025-09-30 22:55:47.942 | INFO     | agents.servers.serverFedMSE:train_on_clients:76 - 20 clients still training at epoch #324
2025-09-30 22:56:01.418 | INFO     | agents.servers.serverFedMSE:train_on_clients:32 - Training FedMSE model epoch #325
2025-09-30 22:56:04.168 | INFO     | agents.servers.serverFedMSE:train_on_clients:54 - Client 11 gets new best val_loss at epoch #325: 0.000770
2025-09-30 22:56:06.017 | INFO     | agents.servers.serverFedMSE:train_on_clients:76 - 20 clients still training at epoch #325
2025-09-30 22:56:19.419 | INFO     | agents.servers.serverFedMSE:train_on_clients:32 - Training FedMSE model epoch #326
2025-09-30 22:56:22.179 | INFO     | agents.servers.serverFedMSE:train_on_clients:54 - Client 11 gets new best val_loss at epoch #326: 0.000769
2025-09-30 22:56:24.046 | INFO     | agents.servers.serverFedMSE:train_on_clients:76 - 20 clients still training at epoch #326
2025-09-30 22:56:37.723 | INFO     | agents.servers.serverFedMSE:train_on_clients:32 - Training FedMSE model epoch #327
2025-09-30 22:56:38.885 | INFO     | agents.servers.serverFedMSE:train_on_clients:54 - Client 4 gets new best val_loss at epoch #327: 0.000612
2025-09-30 22:56:40.951 | INFO     | agents.servers.serverFedMSE:train_on_clients:54 - Client 13 gets new best val_loss at epoch #327: 0.000706
2025-09-30 22:56:42.326 | INFO     | agents.servers.serverFedMSE:train_on_clients:76 - 20 clients still training at epoch #327
2025-09-30 22:56:55.844 | INFO     | agents.servers.serverFedMSE:train_on_clients:32 - Training FedMSE model epoch #328
2025-09-30 22:56:56.996 | INFO     | agents.servers.serverFedMSE:train_on_clients:54 - Client 4 gets new best val_loss at epoch #328: 0.000606
2025-09-30 22:57:00.457 | INFO     | agents.servers.serverFedMSE:train_on_clients:76 - 20 clients still training at epoch #328
2025-09-30 22:57:13.979 | INFO     | agents.servers.serverFedMSE:train_on_clients:32 - Training FedMSE model epoch #329
2025-09-30 22:57:18.590 | INFO     | agents.servers.serverFedMSE:train_on_clients:76 - 20 clients still training at epoch #329
2025-09-30 22:57:32.035 | INFO     | agents.servers.serverFedMSE:train_on_clients:32 - Training FedMSE model epoch #330
2025-09-30 22:57:32.266 | INFO     | agents.servers.serverFedMSE:train_on_clients:70 - Saved model for client 0 at epoch 330 -> saved_models/FedMSE/FedMSE/wsn_ds/epoch_330_client_0.pt
2025-09-30 22:57:32.496 | INFO     | agents.servers.serverFedMSE:train_on_clients:70 - Saved model for client 1 at epoch 330 -> saved_models/FedMSE/FedMSE/wsn_ds/epoch_330_client_1.pt
2025-09-30 22:57:32.730 | INFO     | agents.servers.serverFedMSE:train_on_clients:70 - Saved model for client 2 at epoch 330 -> saved_models/FedMSE/FedMSE/wsn_ds/epoch_330_client_2.pt
2025-09-30 22:57:32.960 | INFO     | agents.servers.serverFedMSE:train_on_clients:70 - Saved model for client 3 at epoch 330 -> saved_models/FedMSE/FedMSE/wsn_ds/epoch_330_client_3.pt
2025-09-30 22:57:33.190 | INFO     | agents.servers.serverFedMSE:train_on_clients:70 - Saved model for client 4 at epoch 330 -> saved_models/FedMSE/FedMSE/wsn_ds/epoch_330_client_4.pt
2025-09-30 22:57:33.422 | INFO     | agents.servers.serverFedMSE:train_on_clients:70 - Saved model for client 5 at epoch 330 -> saved_models/FedMSE/FedMSE/wsn_ds/epoch_330_client_5.pt
2025-09-30 22:57:33.654 | INFO     | agents.servers.serverFedMSE:train_on_clients:70 - Saved model for client 6 at epoch 330 -> saved_models/FedMSE/FedMSE/wsn_ds/epoch_330_client_6.pt
2025-09-30 22:57:33.884 | INFO     | agents.servers.serverFedMSE:train_on_clients:70 - Saved model for client 7 at epoch 330 -> saved_models/FedMSE/FedMSE/wsn_ds/epoch_330_client_7.pt
2025-09-30 22:57:34.114 | INFO     | agents.servers.serverFedMSE:train_on_clients:70 - Saved model for client 8 at epoch 330 -> saved_models/FedMSE/FedMSE/wsn_ds/epoch_330_client_8.pt
2025-09-30 22:57:34.346 | INFO     | agents.servers.serverFedMSE:train_on_clients:70 - Saved model for client 9 at epoch 330 -> saved_models/FedMSE/FedMSE/wsn_ds/epoch_330_client_9.pt
2025-09-30 22:57:34.579 | INFO     | agents.servers.serverFedMSE:train_on_clients:70 - Saved model for client 10 at epoch 330 -> saved_models/FedMSE/FedMSE/wsn_ds/epoch_330_client_10.pt
2025-09-30 22:57:34.811 | INFO     | agents.servers.serverFedMSE:train_on_clients:70 - Saved model for client 11 at epoch 330 -> saved_models/FedMSE/FedMSE/wsn_ds/epoch_330_client_11.pt
2025-09-30 22:57:35.042 | INFO     | agents.servers.serverFedMSE:train_on_clients:70 - Saved model for client 12 at epoch 330 -> saved_models/FedMSE/FedMSE/wsn_ds/epoch_330_client_12.pt
2025-09-30 22:57:35.275 | INFO     | agents.servers.serverFedMSE:train_on_clients:54 - Client 13 gets new best val_loss at epoch #330: 0.000703
2025-09-30 22:57:35.276 | INFO     | agents.servers.serverFedMSE:train_on_clients:70 - Saved model for client 13 at epoch 330 -> saved_models/FedMSE/FedMSE/wsn_ds/epoch_330_client_13.pt
2025-09-30 22:57:35.508 | INFO     | agents.servers.serverFedMSE:train_on_clients:70 - Saved model for client 14 at epoch 330 -> saved_models/FedMSE/FedMSE/wsn_ds/epoch_330_client_14.pt
2025-09-30 22:57:35.740 | INFO     | agents.servers.serverFedMSE:train_on_clients:70 - Saved model for client 15 at epoch 330 -> saved_models/FedMSE/FedMSE/wsn_ds/epoch_330_client_15.pt
2025-09-30 22:57:35.972 | INFO     | agents.servers.serverFedMSE:train_on_clients:70 - Saved model for client 16 at epoch 330 -> saved_models/FedMSE/FedMSE/wsn_ds/epoch_330_client_16.pt
2025-09-30 22:57:36.204 | INFO     | agents.servers.serverFedMSE:train_on_clients:70 - Saved model for client 17 at epoch 330 -> saved_models/FedMSE/FedMSE/wsn_ds/epoch_330_client_17.pt
2025-09-30 22:57:36.435 | INFO     | agents.servers.serverFedMSE:train_on_clients:70 - Saved model for client 18 at epoch 330 -> saved_models/FedMSE/FedMSE/wsn_ds/epoch_330_client_18.pt
2025-09-30 22:57:36.666 | INFO     | agents.servers.serverFedMSE:train_on_clients:70 - Saved model for client 19 at epoch 330 -> saved_models/FedMSE/FedMSE/wsn_ds/epoch_330_client_19.pt
2025-09-30 22:57:36.668 | INFO     | agents.servers.serverFedMSE:train_on_clients:76 - 20 clients still training at epoch #330
2025-09-30 22:57:50.368 | INFO     | agents.servers.serverFedMSE:train_on_clients:32 - Training FedMSE model epoch #331
2025-09-30 22:57:52.419 | INFO     | agents.servers.serverFedMSE:train_on_clients:54 - Client 8 gets new best val_loss at epoch #331: 0.000680
2025-09-30 22:57:54.937 | INFO     | agents.servers.serverFedMSE:train_on_clients:76 - 20 clients still training at epoch #331
2025-09-30 22:58:08.447 | INFO     | agents.servers.serverFedMSE:train_on_clients:32 - Training FedMSE model epoch #332
2025-09-30 22:58:10.512 | INFO     | agents.servers.serverFedMSE:train_on_clients:54 - Client 8 gets new best val_loss at epoch #332: 0.000676
2025-09-30 22:58:13.026 | INFO     | agents.servers.serverFedMSE:train_on_clients:76 - 20 clients still training at epoch #332
2025-09-30 22:58:26.592 | INFO     | agents.servers.serverFedMSE:train_on_clients:32 - Training FedMSE model epoch #333
2025-09-30 22:58:28.662 | INFO     | agents.servers.serverFedMSE:train_on_clients:54 - Client 8 gets new best val_loss at epoch #333: 0.000675
2025-09-30 22:58:31.191 | INFO     | agents.servers.serverFedMSE:train_on_clients:76 - 20 clients still training at epoch #333
2025-09-30 22:58:44.792 | INFO     | agents.servers.serverFedMSE:train_on_clients:32 - Training FedMSE model epoch #334
2025-09-30 22:58:49.339 | INFO     | agents.servers.serverFedMSE:train_on_clients:76 - 20 clients still training at epoch #334
2025-09-30 22:59:02.865 | INFO     | agents.servers.serverFedMSE:train_on_clients:32 - Training FedMSE model epoch #335
2025-09-30 22:59:07.147 | INFO     | agents.servers.serverFedMSE:train_on_clients:76 - 20 clients still training at epoch #335
2025-09-30 22:59:20.626 | INFO     | agents.servers.serverFedMSE:train_on_clients:32 - Training FedMSE model epoch #336
2025-09-30 22:59:25.077 | INFO     | agents.servers.serverFedMSE:train_on_clients:76 - 20 clients still training at epoch #336
2025-09-30 22:59:38.473 | INFO     | agents.servers.serverFedMSE:train_on_clients:32 - Training FedMSE model epoch #337
2025-09-30 22:59:42.937 | INFO     | agents.servers.serverFedMSE:train_on_clients:76 - 20 clients still training at epoch #337
2025-09-30 22:59:56.477 | INFO     | agents.servers.serverFedMSE:train_on_clients:32 - Training FedMSE model epoch #338
2025-09-30 23:00:01.120 | INFO     | agents.servers.serverFedMSE:train_on_clients:76 - 20 clients still training at epoch #338
2025-09-30 23:00:14.562 | INFO     | agents.servers.serverFedMSE:train_on_clients:32 - Training FedMSE model epoch #339
2025-09-30 23:00:19.145 | INFO     | agents.servers.serverFedMSE:train_on_clients:76 - 20 clients still training at epoch #339
2025-09-30 23:00:32.610 | INFO     | agents.servers.serverFedMSE:train_on_clients:32 - Training FedMSE model epoch #340
2025-09-30 23:00:32.845 | INFO     | agents.servers.serverFedMSE:train_on_clients:70 - Saved model for client 0 at epoch 340 -> saved_models/FedMSE/FedMSE/wsn_ds/epoch_340_client_0.pt
2025-09-30 23:00:33.078 | INFO     | agents.servers.serverFedMSE:train_on_clients:70 - Saved model for client 1 at epoch 340 -> saved_models/FedMSE/FedMSE/wsn_ds/epoch_340_client_1.pt
2025-09-30 23:00:33.309 | INFO     | agents.servers.serverFedMSE:train_on_clients:70 - Saved model for client 2 at epoch 340 -> saved_models/FedMSE/FedMSE/wsn_ds/epoch_340_client_2.pt
2025-09-30 23:00:33.541 | INFO     | agents.servers.serverFedMSE:train_on_clients:70 - Saved model for client 3 at epoch 340 -> saved_models/FedMSE/FedMSE/wsn_ds/epoch_340_client_3.pt
2025-09-30 23:00:33.774 | INFO     | agents.servers.serverFedMSE:train_on_clients:70 - Saved model for client 4 at epoch 340 -> saved_models/FedMSE/FedMSE/wsn_ds/epoch_340_client_4.pt
2025-09-30 23:00:34.010 | INFO     | agents.servers.serverFedMSE:train_on_clients:70 - Saved model for client 5 at epoch 340 -> saved_models/FedMSE/FedMSE/wsn_ds/epoch_340_client_5.pt
2025-09-30 23:00:34.240 | INFO     | agents.servers.serverFedMSE:train_on_clients:70 - Saved model for client 6 at epoch 340 -> saved_models/FedMSE/FedMSE/wsn_ds/epoch_340_client_6.pt
2025-09-30 23:00:34.469 | INFO     | agents.servers.serverFedMSE:train_on_clients:70 - Saved model for client 7 at epoch 340 -> saved_models/FedMSE/FedMSE/wsn_ds/epoch_340_client_7.pt
2025-09-30 23:00:34.700 | INFO     | agents.servers.serverFedMSE:train_on_clients:70 - Saved model for client 8 at epoch 340 -> saved_models/FedMSE/FedMSE/wsn_ds/epoch_340_client_8.pt
2025-09-30 23:00:34.930 | INFO     | agents.servers.serverFedMSE:train_on_clients:70 - Saved model for client 9 at epoch 340 -> saved_models/FedMSE/FedMSE/wsn_ds/epoch_340_client_9.pt
2025-09-30 23:00:35.160 | INFO     | agents.servers.serverFedMSE:train_on_clients:70 - Saved model for client 10 at epoch 340 -> saved_models/FedMSE/FedMSE/wsn_ds/epoch_340_client_10.pt
2025-09-30 23:00:35.395 | INFO     | agents.servers.serverFedMSE:train_on_clients:70 - Saved model for client 11 at epoch 340 -> saved_models/FedMSE/FedMSE/wsn_ds/epoch_340_client_11.pt
2025-09-30 23:00:35.625 | INFO     | agents.servers.serverFedMSE:train_on_clients:70 - Saved model for client 12 at epoch 340 -> saved_models/FedMSE/FedMSE/wsn_ds/epoch_340_client_12.pt
2025-09-30 23:00:35.855 | INFO     | agents.servers.serverFedMSE:train_on_clients:70 - Saved model for client 13 at epoch 340 -> saved_models/FedMSE/FedMSE/wsn_ds/epoch_340_client_13.pt
2025-09-30 23:00:36.086 | INFO     | agents.servers.serverFedMSE:train_on_clients:70 - Saved model for client 14 at epoch 340 -> saved_models/FedMSE/FedMSE/wsn_ds/epoch_340_client_14.pt
2025-09-30 23:00:36.315 | INFO     | agents.servers.serverFedMSE:train_on_clients:70 - Saved model for client 15 at epoch 340 -> saved_models/FedMSE/FedMSE/wsn_ds/epoch_340_client_15.pt
2025-09-30 23:00:36.546 | INFO     | agents.servers.serverFedMSE:train_on_clients:70 - Saved model for client 16 at epoch 340 -> saved_models/FedMSE/FedMSE/wsn_ds/epoch_340_client_16.pt
2025-09-30 23:00:36.775 | INFO     | agents.servers.serverFedMSE:train_on_clients:70 - Saved model for client 17 at epoch 340 -> saved_models/FedMSE/FedMSE/wsn_ds/epoch_340_client_17.pt
2025-09-30 23:00:37.007 | INFO     | agents.servers.serverFedMSE:train_on_clients:70 - Saved model for client 18 at epoch 340 -> saved_models/FedMSE/FedMSE/wsn_ds/epoch_340_client_18.pt
2025-09-30 23:00:37.238 | INFO     | agents.servers.serverFedMSE:train_on_clients:70 - Saved model for client 19 at epoch 340 -> saved_models/FedMSE/FedMSE/wsn_ds/epoch_340_client_19.pt
2025-09-30 23:00:37.240 | INFO     | agents.servers.serverFedMSE:train_on_clients:76 - 20 clients still training at epoch #340
2025-09-30 23:00:50.638 | INFO     | agents.servers.serverFedMSE:train_on_clients:32 - Training FedMSE model epoch #341
2025-09-30 23:00:55.246 | INFO     | agents.servers.serverFedMSE:train_on_clients:76 - 20 clients still training at epoch #341
2025-09-30 23:01:08.958 | INFO     | agents.servers.serverFedMSE:train_on_clients:32 - Training FedMSE model epoch #342
2025-09-30 23:01:13.398 | INFO     | agents.servers.serverFedMSE:train_on_clients:76 - 20 clients still training at epoch #342
2025-09-30 23:01:26.869 | INFO     | agents.servers.serverFedMSE:train_on_clients:32 - Training FedMSE model epoch #343
2025-09-30 23:01:31.399 | INFO     | agents.servers.serverFedMSE:train_on_clients:76 - 20 clients still training at epoch #343
2025-09-30 23:01:44.936 | INFO     | agents.servers.serverFedMSE:train_on_clients:32 - Training FedMSE model epoch #344
2025-09-30 23:01:49.543 | INFO     | agents.servers.serverFedMSE:train_on_clients:76 - 20 clients still training at epoch #344
2025-09-30 23:02:03.049 | INFO     | agents.servers.serverFedMSE:train_on_clients:32 - Training FedMSE model epoch #345
2025-09-30 23:02:07.719 | INFO     | agents.servers.serverFedMSE:train_on_clients:76 - 20 clients still training at epoch #345
2025-09-30 23:02:21.277 | INFO     | agents.servers.serverFedMSE:train_on_clients:32 - Training FedMSE model epoch #346
2025-09-30 23:02:25.910 | INFO     | agents.servers.serverFedMSE:train_on_clients:76 - 20 clients still training at epoch #346
2025-09-30 23:02:39.293 | INFO     | agents.servers.serverFedMSE:train_on_clients:32 - Training FedMSE model epoch #347
2025-09-30 23:02:43.919 | INFO     | agents.servers.serverFedMSE:train_on_clients:76 - 20 clients still training at epoch #347
2025-09-30 23:02:57.346 | INFO     | agents.servers.serverFedMSE:train_on_clients:32 - Training FedMSE model epoch #348
2025-09-30 23:03:01.986 | INFO     | agents.servers.serverFedMSE:train_on_clients:76 - 20 clients still training at epoch #348
2025-09-30 23:03:15.675 | INFO     | agents.servers.serverFedMSE:train_on_clients:32 - Training FedMSE model epoch #349
2025-09-30 23:03:20.304 | INFO     | agents.servers.serverFedMSE:train_on_clients:76 - 20 clients still training at epoch #349
2025-09-30 23:03:33.771 | INFO     | agents.servers.serverFedMSE:train_on_clients:32 - Training FedMSE model epoch #350
2025-09-30 23:03:34.005 | INFO     | agents.servers.serverFedMSE:train_on_clients:70 - Saved model for client 0 at epoch 350 -> saved_models/FedMSE/FedMSE/wsn_ds/epoch_350_client_0.pt
2025-09-30 23:03:34.236 | INFO     | agents.servers.serverFedMSE:train_on_clients:70 - Saved model for client 1 at epoch 350 -> saved_models/FedMSE/FedMSE/wsn_ds/epoch_350_client_1.pt
2025-09-30 23:03:34.468 | INFO     | agents.servers.serverFedMSE:train_on_clients:70 - Saved model for client 2 at epoch 350 -> saved_models/FedMSE/FedMSE/wsn_ds/epoch_350_client_2.pt
2025-09-30 23:03:34.698 | INFO     | agents.servers.serverFedMSE:train_on_clients:70 - Saved model for client 3 at epoch 350 -> saved_models/FedMSE/FedMSE/wsn_ds/epoch_350_client_3.pt
2025-09-30 23:03:34.928 | INFO     | agents.servers.serverFedMSE:train_on_clients:70 - Saved model for client 4 at epoch 350 -> saved_models/FedMSE/FedMSE/wsn_ds/epoch_350_client_4.pt
2025-09-30 23:03:35.158 | INFO     | agents.servers.serverFedMSE:train_on_clients:70 - Saved model for client 5 at epoch 350 -> saved_models/FedMSE/FedMSE/wsn_ds/epoch_350_client_5.pt
2025-09-30 23:03:35.389 | INFO     | agents.servers.serverFedMSE:train_on_clients:70 - Saved model for client 6 at epoch 350 -> saved_models/FedMSE/FedMSE/wsn_ds/epoch_350_client_6.pt
2025-09-30 23:03:35.621 | INFO     | agents.servers.serverFedMSE:train_on_clients:70 - Saved model for client 7 at epoch 350 -> saved_models/FedMSE/FedMSE/wsn_ds/epoch_350_client_7.pt
2025-09-30 23:03:35.852 | INFO     | agents.servers.serverFedMSE:train_on_clients:70 - Saved model for client 8 at epoch 350 -> saved_models/FedMSE/FedMSE/wsn_ds/epoch_350_client_8.pt
2025-09-30 23:03:36.083 | INFO     | agents.servers.serverFedMSE:train_on_clients:70 - Saved model for client 9 at epoch 350 -> saved_models/FedMSE/FedMSE/wsn_ds/epoch_350_client_9.pt
2025-09-30 23:03:36.312 | INFO     | agents.servers.serverFedMSE:train_on_clients:70 - Saved model for client 10 at epoch 350 -> saved_models/FedMSE/FedMSE/wsn_ds/epoch_350_client_10.pt
2025-09-30 23:03:36.544 | INFO     | agents.servers.serverFedMSE:train_on_clients:70 - Saved model for client 11 at epoch 350 -> saved_models/FedMSE/FedMSE/wsn_ds/epoch_350_client_11.pt
2025-09-30 23:03:36.774 | INFO     | agents.servers.serverFedMSE:train_on_clients:70 - Saved model for client 12 at epoch 350 -> saved_models/FedMSE/FedMSE/wsn_ds/epoch_350_client_12.pt
2025-09-30 23:03:37.005 | INFO     | agents.servers.serverFedMSE:train_on_clients:70 - Saved model for client 13 at epoch 350 -> saved_models/FedMSE/FedMSE/wsn_ds/epoch_350_client_13.pt
2025-09-30 23:03:37.237 | INFO     | agents.servers.serverFedMSE:train_on_clients:70 - Saved model for client 14 at epoch 350 -> saved_models/FedMSE/FedMSE/wsn_ds/epoch_350_client_14.pt
2025-09-30 23:03:37.469 | INFO     | agents.servers.serverFedMSE:train_on_clients:70 - Saved model for client 15 at epoch 350 -> saved_models/FedMSE/FedMSE/wsn_ds/epoch_350_client_15.pt
2025-09-30 23:03:37.699 | INFO     | agents.servers.serverFedMSE:train_on_clients:70 - Saved model for client 16 at epoch 350 -> saved_models/FedMSE/FedMSE/wsn_ds/epoch_350_client_16.pt
2025-09-30 23:03:37.928 | INFO     | agents.servers.serverFedMSE:train_on_clients:70 - Saved model for client 17 at epoch 350 -> saved_models/FedMSE/FedMSE/wsn_ds/epoch_350_client_17.pt
2025-09-30 23:03:38.159 | INFO     | agents.servers.serverFedMSE:train_on_clients:70 - Saved model for client 18 at epoch 350 -> saved_models/FedMSE/FedMSE/wsn_ds/epoch_350_client_18.pt
2025-09-30 23:03:38.390 | INFO     | agents.servers.serverFedMSE:train_on_clients:70 - Saved model for client 19 at epoch 350 -> saved_models/FedMSE/FedMSE/wsn_ds/epoch_350_client_19.pt
2025-09-30 23:03:38.391 | INFO     | agents.servers.serverFedMSE:train_on_clients:76 - 20 clients still training at epoch #350
2025-09-30 23:03:51.846 | INFO     | agents.servers.serverFedMSE:train_on_clients:32 - Training FedMSE model epoch #351
2025-09-30 23:03:52.079 | INFO     | agents.servers.serverFedMSE:train_on_clients:54 - Client 0 gets new best val_loss at epoch #351: 0.000676
2025-09-30 23:03:56.446 | INFO     | agents.servers.serverFedMSE:train_on_clients:76 - 20 clients still training at epoch #351
2025-09-30 23:04:09.983 | INFO     | agents.servers.serverFedMSE:train_on_clients:32 - Training FedMSE model epoch #352
2025-09-30 23:04:14.569 | INFO     | agents.servers.serverFedMSE:train_on_clients:76 - 20 clients still training at epoch #352
2025-09-30 23:04:28.332 | INFO     | agents.servers.serverFedMSE:train_on_clients:32 - Training FedMSE model epoch #353
2025-09-30 23:04:32.953 | INFO     | agents.servers.serverFedMSE:train_on_clients:76 - 20 clients still training at epoch #353
2025-09-30 23:04:46.427 | INFO     | agents.servers.serverFedMSE:train_on_clients:32 - Training FedMSE model epoch #354
2025-09-30 23:04:51.021 | INFO     | agents.servers.serverFedMSE:train_on_clients:76 - 20 clients still training at epoch #354
2025-09-30 23:05:04.492 | INFO     | agents.servers.serverFedMSE:train_on_clients:32 - Training FedMSE model epoch #355
2025-09-30 23:05:09.111 | INFO     | agents.servers.serverFedMSE:train_on_clients:76 - 20 clients still training at epoch #355
2025-09-30 23:05:22.647 | INFO     | agents.servers.serverFedMSE:train_on_clients:32 - Training FedMSE model epoch #356
2025-09-30 23:05:27.350 | INFO     | agents.servers.serverFedMSE:train_on_clients:76 - 20 clients still training at epoch #356
2025-09-30 23:05:40.841 | INFO     | agents.servers.serverFedMSE:train_on_clients:32 - Training FedMSE model epoch #357
2025-09-30 23:05:45.457 | INFO     | agents.servers.serverFedMSE:train_on_clients:76 - 20 clients still training at epoch #357
2025-09-30 23:05:58.949 | INFO     | agents.servers.serverFedMSE:train_on_clients:32 - Training FedMSE model epoch #358
2025-09-30 23:06:03.564 | INFO     | agents.servers.serverFedMSE:train_on_clients:76 - 20 clients still training at epoch #358
2025-09-30 23:06:17.060 | INFO     | agents.servers.serverFedMSE:train_on_clients:32 - Training FedMSE model epoch #359
2025-09-30 23:06:21.652 | INFO     | agents.servers.serverFedMSE:train_on_clients:76 - 20 clients still training at epoch #359
2025-09-30 23:06:35.338 | INFO     | agents.servers.serverFedMSE:train_on_clients:32 - Training FedMSE model epoch #360
2025-09-30 23:06:35.572 | INFO     | agents.servers.serverFedMSE:train_on_clients:70 - Saved model for client 0 at epoch 360 -> saved_models/FedMSE/FedMSE/wsn_ds/epoch_360_client_0.pt
2025-09-30 23:06:35.803 | INFO     | agents.servers.serverFedMSE:train_on_clients:70 - Saved model for client 1 at epoch 360 -> saved_models/FedMSE/FedMSE/wsn_ds/epoch_360_client_1.pt
2025-09-30 23:06:36.033 | INFO     | agents.servers.serverFedMSE:train_on_clients:70 - Saved model for client 2 at epoch 360 -> saved_models/FedMSE/FedMSE/wsn_ds/epoch_360_client_2.pt
2025-09-30 23:06:36.263 | INFO     | agents.servers.serverFedMSE:train_on_clients:70 - Saved model for client 3 at epoch 360 -> saved_models/FedMSE/FedMSE/wsn_ds/epoch_360_client_3.pt
2025-09-30 23:06:36.492 | INFO     | agents.servers.serverFedMSE:train_on_clients:70 - Saved model for client 4 at epoch 360 -> saved_models/FedMSE/FedMSE/wsn_ds/epoch_360_client_4.pt
2025-09-30 23:06:36.722 | INFO     | agents.servers.serverFedMSE:train_on_clients:70 - Saved model for client 5 at epoch 360 -> saved_models/FedMSE/FedMSE/wsn_ds/epoch_360_client_5.pt
2025-09-30 23:06:36.951 | INFO     | agents.servers.serverFedMSE:train_on_clients:70 - Saved model for client 6 at epoch 360 -> saved_models/FedMSE/FedMSE/wsn_ds/epoch_360_client_6.pt
2025-09-30 23:06:37.180 | INFO     | agents.servers.serverFedMSE:train_on_clients:70 - Saved model for client 7 at epoch 360 -> saved_models/FedMSE/FedMSE/wsn_ds/epoch_360_client_7.pt
2025-09-30 23:06:37.410 | INFO     | agents.servers.serverFedMSE:train_on_clients:70 - Saved model for client 8 at epoch 360 -> saved_models/FedMSE/FedMSE/wsn_ds/epoch_360_client_8.pt
2025-09-30 23:06:37.639 | INFO     | agents.servers.serverFedMSE:train_on_clients:70 - Saved model for client 9 at epoch 360 -> saved_models/FedMSE/FedMSE/wsn_ds/epoch_360_client_9.pt
2025-09-30 23:06:37.870 | INFO     | agents.servers.serverFedMSE:train_on_clients:70 - Saved model for client 10 at epoch 360 -> saved_models/FedMSE/FedMSE/wsn_ds/epoch_360_client_10.pt
2025-09-30 23:06:38.101 | INFO     | agents.servers.serverFedMSE:train_on_clients:70 - Saved model for client 11 at epoch 360 -> saved_models/FedMSE/FedMSE/wsn_ds/epoch_360_client_11.pt
2025-09-30 23:06:38.333 | INFO     | agents.servers.serverFedMSE:train_on_clients:70 - Saved model for client 12 at epoch 360 -> saved_models/FedMSE/FedMSE/wsn_ds/epoch_360_client_12.pt
2025-09-30 23:06:38.562 | INFO     | agents.servers.serverFedMSE:train_on_clients:70 - Saved model for client 13 at epoch 360 -> saved_models/FedMSE/FedMSE/wsn_ds/epoch_360_client_13.pt
2025-09-30 23:06:38.794 | INFO     | agents.servers.serverFedMSE:train_on_clients:70 - Saved model for client 14 at epoch 360 -> saved_models/FedMSE/FedMSE/wsn_ds/epoch_360_client_14.pt
2025-09-30 23:06:39.024 | INFO     | agents.servers.serverFedMSE:train_on_clients:70 - Saved model for client 15 at epoch 360 -> saved_models/FedMSE/FedMSE/wsn_ds/epoch_360_client_15.pt
2025-09-30 23:06:39.253 | INFO     | agents.servers.serverFedMSE:train_on_clients:70 - Saved model for client 16 at epoch 360 -> saved_models/FedMSE/FedMSE/wsn_ds/epoch_360_client_16.pt
2025-09-30 23:06:39.483 | INFO     | agents.servers.serverFedMSE:train_on_clients:70 - Saved model for client 17 at epoch 360 -> saved_models/FedMSE/FedMSE/wsn_ds/epoch_360_client_17.pt
2025-09-30 23:06:39.713 | INFO     | agents.servers.serverFedMSE:train_on_clients:70 - Saved model for client 18 at epoch 360 -> saved_models/FedMSE/FedMSE/wsn_ds/epoch_360_client_18.pt
2025-09-30 23:06:39.942 | INFO     | agents.servers.serverFedMSE:train_on_clients:70 - Saved model for client 19 at epoch 360 -> saved_models/FedMSE/FedMSE/wsn_ds/epoch_360_client_19.pt
2025-09-30 23:06:39.944 | INFO     | agents.servers.serverFedMSE:train_on_clients:76 - 20 clients still training at epoch #360
2025-09-30 23:06:53.438 | INFO     | agents.servers.serverFedMSE:train_on_clients:32 - Training FedMSE model epoch #361
2025-09-30 23:06:58.059 | INFO     | agents.servers.serverFedMSE:train_on_clients:76 - 20 clients still training at epoch #361
2025-09-30 23:07:11.523 | INFO     | agents.servers.serverFedMSE:train_on_clients:32 - Training FedMSE model epoch #362
2025-09-30 23:07:16.105 | INFO     | agents.servers.serverFedMSE:train_on_clients:76 - 20 clients still training at epoch #362
2025-09-30 23:07:29.631 | INFO     | agents.servers.serverFedMSE:train_on_clients:32 - Training FedMSE model epoch #363
2025-09-30 23:07:30.546 | INFO     | agents.servers.serverFedMSE:train_on_clients:54 - Client 3 gets new best val_loss at epoch #363: 0.000721
2025-09-30 23:07:34.223 | INFO     | agents.servers.serverFedMSE:train_on_clients:76 - 20 clients still training at epoch #363
2025-09-30 23:07:47.999 | INFO     | agents.servers.serverFedMSE:train_on_clients:32 - Training FedMSE model epoch #364
2025-09-30 23:07:48.925 | INFO     | agents.servers.serverFedMSE:train_on_clients:54 - Client 3 gets new best val_loss at epoch #364: 0.000719
2025-09-30 23:07:52.631 | INFO     | agents.servers.serverFedMSE:train_on_clients:76 - 20 clients still training at epoch #364
2025-09-30 23:08:06.164 | INFO     | agents.servers.serverFedMSE:train_on_clients:32 - Training FedMSE model epoch #365
2025-09-30 23:08:10.788 | INFO     | agents.servers.serverFedMSE:train_on_clients:76 - 20 clients still training at epoch #365
2025-09-30 23:08:24.303 | INFO     | agents.servers.serverFedMSE:train_on_clients:32 - Training FedMSE model epoch #366
2025-09-30 23:08:28.927 | INFO     | agents.servers.serverFedMSE:train_on_clients:76 - 20 clients still training at epoch #366
2025-09-30 23:08:42.516 | INFO     | agents.servers.serverFedMSE:train_on_clients:32 - Training FedMSE model epoch #367
2025-09-30 23:08:42.978 | INFO     | agents.servers.serverFedMSE:train_on_clients:54 - Client 1 gets new best val_loss at epoch #367: 0.000675
2025-09-30 23:08:43.445 | INFO     | agents.servers.serverFedMSE:train_on_clients:54 - Client 3 gets new best val_loss at epoch #367: 0.000717
2025-09-30 23:08:47.158 | INFO     | agents.servers.serverFedMSE:train_on_clients:76 - 20 clients still training at epoch #367
2025-09-30 23:09:00.657 | INFO     | agents.servers.serverFedMSE:train_on_clients:32 - Training FedMSE model epoch #368
2025-09-30 23:09:01.122 | INFO     | agents.servers.serverFedMSE:train_on_clients:54 - Client 1 gets new best val_loss at epoch #368: 0.000660
2025-09-30 23:09:01.586 | INFO     | agents.servers.serverFedMSE:train_on_clients:54 - Client 3 gets new best val_loss at epoch #368: 0.000716
2025-09-30 23:09:03.198 | INFO     | agents.servers.serverFedMSE:train_on_clients:54 - Client 10 gets new best val_loss at epoch #368: 0.000667
2025-09-30 23:09:05.264 | INFO     | agents.servers.serverFedMSE:train_on_clients:76 - 20 clients still training at epoch #368
2025-09-30 23:09:18.740 | INFO     | agents.servers.serverFedMSE:train_on_clients:32 - Training FedMSE model epoch #369
2025-09-30 23:09:19.204 | INFO     | agents.servers.serverFedMSE:train_on_clients:54 - Client 1 gets new best val_loss at epoch #369: 0.000660
2025-09-30 23:09:19.670 | INFO     | agents.servers.serverFedMSE:train_on_clients:54 - Client 3 gets new best val_loss at epoch #369: 0.000713
2025-09-30 23:09:21.256 | INFO     | agents.servers.serverFedMSE:train_on_clients:54 - Client 10 gets new best val_loss at epoch #369: 0.000662
2025-09-30 23:09:23.187 | INFO     | agents.servers.serverFedMSE:train_on_clients:76 - 20 clients still training at epoch #369
2025-09-30 23:09:36.636 | INFO     | agents.servers.serverFedMSE:train_on_clients:32 - Training FedMSE model epoch #370
2025-09-30 23:09:36.868 | INFO     | agents.servers.serverFedMSE:train_on_clients:70 - Saved model for client 0 at epoch 370 -> saved_models/FedMSE/FedMSE/wsn_ds/epoch_370_client_0.pt
2025-09-30 23:09:37.100 | INFO     | agents.servers.serverFedMSE:train_on_clients:54 - Client 1 gets new best val_loss at epoch #370: 0.000659
2025-09-30 23:09:37.102 | INFO     | agents.servers.serverFedMSE:train_on_clients:70 - Saved model for client 1 at epoch 370 -> saved_models/FedMSE/FedMSE/wsn_ds/epoch_370_client_1.pt
2025-09-30 23:09:37.333 | INFO     | agents.servers.serverFedMSE:train_on_clients:70 - Saved model for client 2 at epoch 370 -> saved_models/FedMSE/FedMSE/wsn_ds/epoch_370_client_2.pt
2025-09-30 23:09:37.564 | INFO     | agents.servers.serverFedMSE:train_on_clients:70 - Saved model for client 3 at epoch 370 -> saved_models/FedMSE/FedMSE/wsn_ds/epoch_370_client_3.pt
2025-09-30 23:09:37.794 | INFO     | agents.servers.serverFedMSE:train_on_clients:70 - Saved model for client 4 at epoch 370 -> saved_models/FedMSE/FedMSE/wsn_ds/epoch_370_client_4.pt
2025-09-30 23:09:38.026 | INFO     | agents.servers.serverFedMSE:train_on_clients:70 - Saved model for client 5 at epoch 370 -> saved_models/FedMSE/FedMSE/wsn_ds/epoch_370_client_5.pt
2025-09-30 23:09:38.257 | INFO     | agents.servers.serverFedMSE:train_on_clients:70 - Saved model for client 6 at epoch 370 -> saved_models/FedMSE/FedMSE/wsn_ds/epoch_370_client_6.pt
2025-09-30 23:09:38.489 | INFO     | agents.servers.serverFedMSE:train_on_clients:70 - Saved model for client 7 at epoch 370 -> saved_models/FedMSE/FedMSE/wsn_ds/epoch_370_client_7.pt
2025-09-30 23:09:38.719 | INFO     | agents.servers.serverFedMSE:train_on_clients:70 - Saved model for client 8 at epoch 370 -> saved_models/FedMSE/FedMSE/wsn_ds/epoch_370_client_8.pt
2025-09-30 23:09:38.950 | INFO     | agents.servers.serverFedMSE:train_on_clients:70 - Saved model for client 9 at epoch 370 -> saved_models/FedMSE/FedMSE/wsn_ds/epoch_370_client_9.pt
2025-09-30 23:09:39.180 | INFO     | agents.servers.serverFedMSE:train_on_clients:70 - Saved model for client 10 at epoch 370 -> saved_models/FedMSE/FedMSE/wsn_ds/epoch_370_client_10.pt
2025-09-30 23:09:39.411 | INFO     | agents.servers.serverFedMSE:train_on_clients:70 - Saved model for client 11 at epoch 370 -> saved_models/FedMSE/FedMSE/wsn_ds/epoch_370_client_11.pt
2025-09-30 23:09:39.641 | INFO     | agents.servers.serverFedMSE:train_on_clients:70 - Saved model for client 12 at epoch 370 -> saved_models/FedMSE/FedMSE/wsn_ds/epoch_370_client_12.pt
2025-09-30 23:09:39.872 | INFO     | agents.servers.serverFedMSE:train_on_clients:70 - Saved model for client 13 at epoch 370 -> saved_models/FedMSE/FedMSE/wsn_ds/epoch_370_client_13.pt
2025-09-30 23:09:40.102 | INFO     | agents.servers.serverFedMSE:train_on_clients:70 - Saved model for client 14 at epoch 370 -> saved_models/FedMSE/FedMSE/wsn_ds/epoch_370_client_14.pt
2025-09-30 23:09:40.336 | INFO     | agents.servers.serverFedMSE:train_on_clients:70 - Saved model for client 15 at epoch 370 -> saved_models/FedMSE/FedMSE/wsn_ds/epoch_370_client_15.pt
2025-09-30 23:09:40.566 | INFO     | agents.servers.serverFedMSE:train_on_clients:70 - Saved model for client 16 at epoch 370 -> saved_models/FedMSE/FedMSE/wsn_ds/epoch_370_client_16.pt
2025-09-30 23:09:40.799 | INFO     | agents.servers.serverFedMSE:train_on_clients:70 - Saved model for client 17 at epoch 370 -> saved_models/FedMSE/FedMSE/wsn_ds/epoch_370_client_17.pt
2025-09-30 23:09:41.029 | INFO     | agents.servers.serverFedMSE:train_on_clients:70 - Saved model for client 18 at epoch 370 -> saved_models/FedMSE/FedMSE/wsn_ds/epoch_370_client_18.pt
2025-09-30 23:09:41.259 | INFO     | agents.servers.serverFedMSE:train_on_clients:70 - Saved model for client 19 at epoch 370 -> saved_models/FedMSE/FedMSE/wsn_ds/epoch_370_client_19.pt
2025-09-30 23:09:41.261 | INFO     | agents.servers.serverFedMSE:train_on_clients:76 - 20 clients still training at epoch #370
2025-09-30 23:09:54.993 | INFO     | agents.servers.serverFedMSE:train_on_clients:32 - Training FedMSE model epoch #371
2025-09-30 23:09:55.910 | INFO     | agents.servers.serverFedMSE:train_on_clients:54 - Client 3 gets new best val_loss at epoch #371: 0.000712
2025-09-30 23:09:59.601 | INFO     | agents.servers.serverFedMSE:train_on_clients:76 - 20 clients still training at epoch #371
2025-09-30 23:10:13.119 | INFO     | agents.servers.serverFedMSE:train_on_clients:32 - Training FedMSE model epoch #372
2025-09-30 23:10:14.042 | INFO     | agents.servers.serverFedMSE:train_on_clients:54 - Client 3 gets new best val_loss at epoch #372: 0.000711
2025-09-30 23:10:17.729 | INFO     | agents.servers.serverFedMSE:train_on_clients:76 - 20 clients still training at epoch #372
2025-09-30 23:10:31.197 | INFO     | agents.servers.serverFedMSE:train_on_clients:32 - Training FedMSE model epoch #373
2025-09-30 23:10:35.803 | INFO     | agents.servers.serverFedMSE:train_on_clients:76 - 20 clients still training at epoch #373
2025-09-30 23:10:49.311 | INFO     | agents.servers.serverFedMSE:train_on_clients:32 - Training FedMSE model epoch #374
2025-09-30 23:10:50.228 | INFO     | agents.servers.serverFedMSE:train_on_clients:54 - Client 3 gets new best val_loss at epoch #374: 0.000710
2025-09-30 23:10:53.941 | INFO     | agents.servers.serverFedMSE:train_on_clients:76 - 20 clients still training at epoch #374
2025-09-30 23:11:07.683 | INFO     | agents.servers.serverFedMSE:train_on_clients:32 - Training FedMSE model epoch #375
2025-09-30 23:11:08.601 | INFO     | agents.servers.serverFedMSE:train_on_clients:54 - Client 3 gets new best val_loss at epoch #375: 0.000707
2025-09-30 23:11:12.281 | INFO     | agents.servers.serverFedMSE:train_on_clients:76 - 20 clients still training at epoch #375
2025-09-30 23:11:25.792 | INFO     | agents.servers.serverFedMSE:train_on_clients:32 - Training FedMSE model epoch #376
2025-09-30 23:11:30.435 | INFO     | agents.servers.serverFedMSE:train_on_clients:76 - 20 clients still training at epoch #376
2025-09-30 23:11:43.941 | INFO     | agents.servers.serverFedMSE:train_on_clients:32 - Training FedMSE model epoch #377
2025-09-30 23:11:48.545 | INFO     | agents.servers.serverFedMSE:train_on_clients:76 - 20 clients still training at epoch #377
2025-09-30 23:12:02.132 | INFO     | agents.servers.serverFedMSE:train_on_clients:32 - Training FedMSE model epoch #378
2025-09-30 23:12:06.809 | INFO     | agents.servers.serverFedMSE:train_on_clients:76 - 20 clients still training at epoch #378
2025-09-30 23:12:20.261 | INFO     | agents.servers.serverFedMSE:train_on_clients:32 - Training FedMSE model epoch #379
2025-09-30 23:12:24.199 | INFO     | agents.servers.serverFedMSE:train_on_clients:54 - Client 16 gets new best val_loss at epoch #379: 0.000660
2025-09-30 23:12:24.888 | INFO     | agents.servers.serverFedMSE:train_on_clients:76 - 20 clients still training at epoch #379
2025-09-30 23:12:38.396 | INFO     | agents.servers.serverFedMSE:train_on_clients:32 - Training FedMSE model epoch #380
2025-09-30 23:12:38.626 | INFO     | agents.servers.serverFedMSE:train_on_clients:70 - Saved model for client 0 at epoch 380 -> saved_models/FedMSE/FedMSE/wsn_ds/epoch_380_client_0.pt
2025-09-30 23:12:38.856 | INFO     | agents.servers.serverFedMSE:train_on_clients:70 - Saved model for client 1 at epoch 380 -> saved_models/FedMSE/FedMSE/wsn_ds/epoch_380_client_1.pt
2025-09-30 23:12:39.090 | INFO     | agents.servers.serverFedMSE:train_on_clients:70 - Saved model for client 2 at epoch 380 -> saved_models/FedMSE/FedMSE/wsn_ds/epoch_380_client_2.pt
2025-09-30 23:12:39.320 | INFO     | agents.servers.serverFedMSE:train_on_clients:70 - Saved model for client 3 at epoch 380 -> saved_models/FedMSE/FedMSE/wsn_ds/epoch_380_client_3.pt
2025-09-30 23:12:39.549 | INFO     | agents.servers.serverFedMSE:train_on_clients:70 - Saved model for client 4 at epoch 380 -> saved_models/FedMSE/FedMSE/wsn_ds/epoch_380_client_4.pt
2025-09-30 23:12:39.776 | INFO     | agents.servers.serverFedMSE:train_on_clients:70 - Saved model for client 5 at epoch 380 -> saved_models/FedMSE/FedMSE/wsn_ds/epoch_380_client_5.pt
2025-09-30 23:12:40.005 | INFO     | agents.servers.serverFedMSE:train_on_clients:70 - Saved model for client 6 at epoch 380 -> saved_models/FedMSE/FedMSE/wsn_ds/epoch_380_client_6.pt
2025-09-30 23:12:40.234 | INFO     | agents.servers.serverFedMSE:train_on_clients:70 - Saved model for client 7 at epoch 380 -> saved_models/FedMSE/FedMSE/wsn_ds/epoch_380_client_7.pt
2025-09-30 23:12:40.463 | INFO     | agents.servers.serverFedMSE:train_on_clients:70 - Saved model for client 8 at epoch 380 -> saved_models/FedMSE/FedMSE/wsn_ds/epoch_380_client_8.pt
2025-09-30 23:12:40.693 | INFO     | agents.servers.serverFedMSE:train_on_clients:70 - Saved model for client 9 at epoch 380 -> saved_models/FedMSE/FedMSE/wsn_ds/epoch_380_client_9.pt
2025-09-30 23:12:40.921 | INFO     | agents.servers.serverFedMSE:train_on_clients:70 - Saved model for client 10 at epoch 380 -> saved_models/FedMSE/FedMSE/wsn_ds/epoch_380_client_10.pt
2025-09-30 23:12:41.147 | INFO     | agents.servers.serverFedMSE:train_on_clients:70 - Saved model for client 11 at epoch 380 -> saved_models/FedMSE/FedMSE/wsn_ds/epoch_380_client_11.pt
2025-09-30 23:12:41.375 | INFO     | agents.servers.serverFedMSE:train_on_clients:70 - Saved model for client 12 at epoch 380 -> saved_models/FedMSE/FedMSE/wsn_ds/epoch_380_client_12.pt
2025-09-30 23:12:41.606 | INFO     | agents.servers.serverFedMSE:train_on_clients:70 - Saved model for client 13 at epoch 380 -> saved_models/FedMSE/FedMSE/wsn_ds/epoch_380_client_13.pt
2025-09-30 23:12:41.834 | INFO     | agents.servers.serverFedMSE:train_on_clients:70 - Saved model for client 14 at epoch 380 -> saved_models/FedMSE/FedMSE/wsn_ds/epoch_380_client_14.pt
2025-09-30 23:12:42.061 | INFO     | agents.servers.serverFedMSE:train_on_clients:70 - Saved model for client 15 at epoch 380 -> saved_models/FedMSE/FedMSE/wsn_ds/epoch_380_client_15.pt
2025-09-30 23:12:42.290 | INFO     | agents.servers.serverFedMSE:train_on_clients:70 - Saved model for client 16 at epoch 380 -> saved_models/FedMSE/FedMSE/wsn_ds/epoch_380_client_16.pt
2025-09-30 23:12:42.518 | INFO     | agents.servers.serverFedMSE:train_on_clients:70 - Saved model for client 17 at epoch 380 -> saved_models/FedMSE/FedMSE/wsn_ds/epoch_380_client_17.pt
2025-09-30 23:12:42.746 | INFO     | agents.servers.serverFedMSE:train_on_clients:70 - Saved model for client 18 at epoch 380 -> saved_models/FedMSE/FedMSE/wsn_ds/epoch_380_client_18.pt
2025-09-30 23:12:42.976 | INFO     | agents.servers.serverFedMSE:train_on_clients:70 - Saved model for client 19 at epoch 380 -> saved_models/FedMSE/FedMSE/wsn_ds/epoch_380_client_19.pt
2025-09-30 23:12:42.977 | INFO     | agents.servers.serverFedMSE:train_on_clients:76 - 20 clients still training at epoch #380
2025-09-30 23:12:56.472 | INFO     | agents.servers.serverFedMSE:train_on_clients:32 - Training FedMSE model epoch #381
2025-09-30 23:12:57.860 | INFO     | agents.servers.serverFedMSE:train_on_clients:54 - Client 5 gets new best val_loss at epoch #381: 0.000745
2025-09-30 23:13:00.404 | INFO     | agents.servers.serverFedMSE:train_on_clients:54 - Client 16 gets new best val_loss at epoch #381: 0.000660
2025-09-30 23:13:01.110 | INFO     | agents.servers.serverFedMSE:train_on_clients:76 - 20 clients still training at epoch #381
2025-09-30 23:13:14.866 | INFO     | agents.servers.serverFedMSE:train_on_clients:32 - Training FedMSE model epoch #382
2025-09-30 23:13:16.244 | INFO     | agents.servers.serverFedMSE:train_on_clients:54 - Client 5 gets new best val_loss at epoch #382: 0.000745
2025-09-30 23:13:19.463 | INFO     | agents.servers.serverFedMSE:train_on_clients:76 - 20 clients still training at epoch #382
2025-09-30 23:13:32.940 | INFO     | agents.servers.serverFedMSE:train_on_clients:32 - Training FedMSE model epoch #383
2025-09-30 23:13:34.320 | INFO     | agents.servers.serverFedMSE:train_on_clients:54 - Client 5 gets new best val_loss at epoch #383: 0.000741
2025-09-30 23:13:37.550 | INFO     | agents.servers.serverFedMSE:train_on_clients:76 - 20 clients still training at epoch #383
2025-09-30 23:13:51.017 | INFO     | agents.servers.serverFedMSE:train_on_clients:32 - Training FedMSE model epoch #384
2025-09-30 23:13:52.409 | INFO     | agents.servers.serverFedMSE:train_on_clients:54 - Client 5 gets new best val_loss at epoch #384: 0.000740
2025-09-30 23:13:55.632 | INFO     | agents.servers.serverFedMSE:train_on_clients:76 - 20 clients still training at epoch #384
2025-09-30 23:14:09.164 | INFO     | agents.servers.serverFedMSE:train_on_clients:32 - Training FedMSE model epoch #385
2025-09-30 23:14:13.830 | INFO     | agents.servers.serverFedMSE:train_on_clients:76 - 20 clients still training at epoch #385
2025-09-30 23:14:27.435 | INFO     | agents.servers.serverFedMSE:train_on_clients:32 - Training FedMSE model epoch #386
2025-09-30 23:14:31.595 | INFO     | agents.servers.serverFedMSE:train_on_clients:54 - Client 17 gets new best val_loss at epoch #386: 0.000892
2025-09-30 23:14:32.056 | INFO     | agents.servers.serverFedMSE:train_on_clients:76 - 20 clients still training at epoch #386
2025-09-30 23:14:45.513 | INFO     | agents.servers.serverFedMSE:train_on_clients:32 - Training FedMSE model epoch #387
2025-09-30 23:14:47.358 | INFO     | agents.servers.serverFedMSE:train_on_clients:54 - Client 7 gets new best val_loss at epoch #387: 0.000792
2025-09-30 23:14:50.119 | INFO     | agents.servers.serverFedMSE:train_on_clients:76 - 20 clients still training at epoch #387
2025-09-30 23:15:03.637 | INFO     | agents.servers.serverFedMSE:train_on_clients:32 - Training FedMSE model epoch #388
2025-09-30 23:15:05.254 | INFO     | agents.servers.serverFedMSE:train_on_clients:54 - Client 6 gets new best val_loss at epoch #388: 0.000709
2025-09-30 23:15:05.486 | INFO     | agents.servers.serverFedMSE:train_on_clients:54 - Client 7 gets new best val_loss at epoch #388: 0.000785
2025-09-30 23:15:08.250 | INFO     | agents.servers.serverFedMSE:train_on_clients:76 - 20 clients still training at epoch #388
2025-09-30 23:15:21.966 | INFO     | agents.servers.serverFedMSE:train_on_clients:32 - Training FedMSE model epoch #389
2025-09-30 23:15:23.605 | INFO     | agents.servers.serverFedMSE:train_on_clients:54 - Client 6 gets new best val_loss at epoch #389: 0.000700
2025-09-30 23:15:26.488 | INFO     | agents.servers.serverFedMSE:train_on_clients:76 - 20 clients still training at epoch #389
2025-09-30 23:15:40.018 | INFO     | agents.servers.serverFedMSE:train_on_clients:32 - Training FedMSE model epoch #390
2025-09-30 23:15:40.237 | INFO     | agents.servers.serverFedMSE:train_on_clients:70 - Saved model for client 0 at epoch 390 -> saved_models/FedMSE/FedMSE/wsn_ds/epoch_390_client_0.pt
2025-09-30 23:15:40.457 | INFO     | agents.servers.serverFedMSE:train_on_clients:70 - Saved model for client 1 at epoch 390 -> saved_models/FedMSE/FedMSE/wsn_ds/epoch_390_client_1.pt
2025-09-30 23:15:40.677 | INFO     | agents.servers.serverFedMSE:train_on_clients:70 - Saved model for client 2 at epoch 390 -> saved_models/FedMSE/FedMSE/wsn_ds/epoch_390_client_2.pt
2025-09-30 23:15:40.897 | INFO     | agents.servers.serverFedMSE:train_on_clients:70 - Saved model for client 3 at epoch 390 -> saved_models/FedMSE/FedMSE/wsn_ds/epoch_390_client_3.pt
2025-09-30 23:15:41.116 | INFO     | agents.servers.serverFedMSE:train_on_clients:70 - Saved model for client 4 at epoch 390 -> saved_models/FedMSE/FedMSE/wsn_ds/epoch_390_client_4.pt
2025-09-30 23:15:41.336 | INFO     | agents.servers.serverFedMSE:train_on_clients:70 - Saved model for client 5 at epoch 390 -> saved_models/FedMSE/FedMSE/wsn_ds/epoch_390_client_5.pt
2025-09-30 23:15:41.555 | INFO     | agents.servers.serverFedMSE:train_on_clients:70 - Saved model for client 6 at epoch 390 -> saved_models/FedMSE/FedMSE/wsn_ds/epoch_390_client_6.pt
2025-09-30 23:15:41.774 | INFO     | agents.servers.serverFedMSE:train_on_clients:70 - Saved model for client 7 at epoch 390 -> saved_models/FedMSE/FedMSE/wsn_ds/epoch_390_client_7.pt
2025-09-30 23:15:41.993 | INFO     | agents.servers.serverFedMSE:train_on_clients:70 - Saved model for client 8 at epoch 390 -> saved_models/FedMSE/FedMSE/wsn_ds/epoch_390_client_8.pt
2025-09-30 23:15:42.211 | INFO     | agents.servers.serverFedMSE:train_on_clients:70 - Saved model for client 9 at epoch 390 -> saved_models/FedMSE/FedMSE/wsn_ds/epoch_390_client_9.pt
2025-09-30 23:15:42.431 | INFO     | agents.servers.serverFedMSE:train_on_clients:70 - Saved model for client 10 at epoch 390 -> saved_models/FedMSE/FedMSE/wsn_ds/epoch_390_client_10.pt
2025-09-30 23:15:42.650 | INFO     | agents.servers.serverFedMSE:train_on_clients:70 - Saved model for client 11 at epoch 390 -> saved_models/FedMSE/FedMSE/wsn_ds/epoch_390_client_11.pt
2025-09-30 23:15:42.869 | INFO     | agents.servers.serverFedMSE:train_on_clients:70 - Saved model for client 12 at epoch 390 -> saved_models/FedMSE/FedMSE/wsn_ds/epoch_390_client_12.pt
2025-09-30 23:15:43.089 | INFO     | agents.servers.serverFedMSE:train_on_clients:70 - Saved model for client 13 at epoch 390 -> saved_models/FedMSE/FedMSE/wsn_ds/epoch_390_client_13.pt
2025-09-30 23:15:43.307 | INFO     | agents.servers.serverFedMSE:train_on_clients:70 - Saved model for client 14 at epoch 390 -> saved_models/FedMSE/FedMSE/wsn_ds/epoch_390_client_14.pt
2025-09-30 23:15:43.525 | INFO     | agents.servers.serverFedMSE:train_on_clients:70 - Saved model for client 15 at epoch 390 -> saved_models/FedMSE/FedMSE/wsn_ds/epoch_390_client_15.pt
2025-09-30 23:15:43.743 | INFO     | agents.servers.serverFedMSE:train_on_clients:70 - Saved model for client 16 at epoch 390 -> saved_models/FedMSE/FedMSE/wsn_ds/epoch_390_client_16.pt
2025-09-30 23:15:43.962 | INFO     | agents.servers.serverFedMSE:train_on_clients:70 - Saved model for client 17 at epoch 390 -> saved_models/FedMSE/FedMSE/wsn_ds/epoch_390_client_17.pt
2025-09-30 23:15:44.181 | INFO     | agents.servers.serverFedMSE:train_on_clients:70 - Saved model for client 18 at epoch 390 -> saved_models/FedMSE/FedMSE/wsn_ds/epoch_390_client_18.pt
2025-09-30 23:15:44.399 | INFO     | agents.servers.serverFedMSE:train_on_clients:70 - Saved model for client 19 at epoch 390 -> saved_models/FedMSE/FedMSE/wsn_ds/epoch_390_client_19.pt
2025-09-30 23:15:44.401 | INFO     | agents.servers.serverFedMSE:train_on_clients:76 - 20 clients still training at epoch #390
2025-09-30 23:15:57.854 | INFO     | agents.servers.serverFedMSE:train_on_clients:32 - Training FedMSE model epoch #391
2025-09-30 23:16:02.211 | INFO     | agents.servers.serverFedMSE:train_on_clients:76 - 20 clients still training at epoch #391
2025-09-30 23:16:15.656 | INFO     | agents.servers.serverFedMSE:train_on_clients:32 - Training FedMSE model epoch #392
2025-09-30 23:16:17.364 | INFO     | agents.servers.serverFedMSE:train_on_clients:54 - Client 7 gets new best val_loss at epoch #392: 0.000783
2025-09-30 23:16:19.978 | INFO     | agents.servers.serverFedMSE:train_on_clients:76 - 20 clients still training at epoch #392
2025-09-30 23:16:33.737 | INFO     | agents.servers.serverFedMSE:train_on_clients:32 - Training FedMSE model epoch #393
2025-09-30 23:16:35.438 | INFO     | agents.servers.serverFedMSE:train_on_clients:54 - Client 7 gets new best val_loss at epoch #393: 0.000783
2025-09-30 23:16:37.972 | INFO     | agents.servers.serverFedMSE:train_on_clients:76 - 20 clients still training at epoch #393
2025-09-30 23:16:51.479 | INFO     | agents.servers.serverFedMSE:train_on_clients:32 - Training FedMSE model epoch #394
2025-09-30 23:16:54.885 | INFO     | agents.servers.serverFedMSE:train_on_clients:54 - Client 15 gets new best val_loss at epoch #394: 0.000752
2025-09-30 23:16:55.745 | INFO     | agents.servers.serverFedMSE:train_on_clients:76 - 20 clients still training at epoch #394
2025-09-30 23:17:09.157 | INFO     | agents.servers.serverFedMSE:train_on_clients:32 - Training FedMSE model epoch #395
2025-09-30 23:17:12.723 | INFO     | agents.servers.serverFedMSE:train_on_clients:54 - Client 15 gets new best val_loss at epoch #395: 0.000752
2025-09-30 23:17:13.661 | INFO     | agents.servers.serverFedMSE:train_on_clients:76 - 20 clients still training at epoch #395
2025-09-30 23:17:27.060 | INFO     | agents.servers.serverFedMSE:train_on_clients:32 - Training FedMSE model epoch #396
2025-09-30 23:17:30.765 | INFO     | agents.servers.serverFedMSE:train_on_clients:54 - Client 15 gets new best val_loss at epoch #396: 0.000751
2025-09-30 23:17:31.680 | INFO     | agents.servers.serverFedMSE:train_on_clients:76 - 20 clients still training at epoch #396
2025-09-30 23:17:45.298 | INFO     | agents.servers.serverFedMSE:train_on_clients:32 - Training FedMSE model epoch #397
2025-09-30 23:17:47.045 | INFO     | agents.servers.serverFedMSE:train_on_clients:54 - Client 7 gets new best val_loss at epoch #397: 0.000782
2025-09-30 23:17:48.786 | INFO     | agents.servers.serverFedMSE:train_on_clients:54 - Client 15 gets new best val_loss at epoch #397: 0.000747
2025-09-30 23:17:49.641 | INFO     | agents.servers.serverFedMSE:train_on_clients:76 - 20 clients still training at epoch #397
2025-09-30 23:18:03.108 | INFO     | agents.servers.serverFedMSE:train_on_clients:32 - Training FedMSE model epoch #398
2025-09-30 23:18:06.595 | INFO     | agents.servers.serverFedMSE:train_on_clients:54 - Client 15 gets new best val_loss at epoch #398: 0.000745
2025-09-30 23:18:07.040 | INFO     | agents.servers.serverFedMSE:train_on_clients:54 - Client 17 gets new best val_loss at epoch #398: 0.000889
2025-09-30 23:18:07.465 | INFO     | agents.servers.serverFedMSE:train_on_clients:76 - 20 clients still training at epoch #398
2025-09-30 23:18:20.941 | INFO     | agents.servers.serverFedMSE:train_on_clients:32 - Training FedMSE model epoch #399
2025-09-30 23:18:25.222 | INFO     | agents.servers.serverFedMSE:train_on_clients:76 - 20 clients still training at epoch #399
2025-09-30 23:18:38.708 | INFO     | agents.servers.serverFedMSE:train_on_clients:32 - Training FedMSE model epoch #400
2025-09-30 23:18:38.930 | INFO     | agents.servers.serverFedMSE:train_on_clients:70 - Saved model for client 0 at epoch 400 -> saved_models/FedMSE/FedMSE/wsn_ds/epoch_400_client_0.pt
2025-09-30 23:18:39.149 | INFO     | agents.servers.serverFedMSE:train_on_clients:70 - Saved model for client 1 at epoch 400 -> saved_models/FedMSE/FedMSE/wsn_ds/epoch_400_client_1.pt
2025-09-30 23:18:39.369 | INFO     | agents.servers.serverFedMSE:train_on_clients:70 - Saved model for client 2 at epoch 400 -> saved_models/FedMSE/FedMSE/wsn_ds/epoch_400_client_2.pt
2025-09-30 23:18:39.628 | INFO     | agents.servers.serverFedMSE:train_on_clients:70 - Saved model for client 3 at epoch 400 -> saved_models/FedMSE/FedMSE/wsn_ds/epoch_400_client_3.pt
2025-09-30 23:18:39.858 | INFO     | agents.servers.serverFedMSE:train_on_clients:70 - Saved model for client 4 at epoch 400 -> saved_models/FedMSE/FedMSE/wsn_ds/epoch_400_client_4.pt
2025-09-30 23:18:40.090 | INFO     | agents.servers.serverFedMSE:train_on_clients:70 - Saved model for client 5 at epoch 400 -> saved_models/FedMSE/FedMSE/wsn_ds/epoch_400_client_5.pt
2025-09-30 23:18:40.322 | INFO     | agents.servers.serverFedMSE:train_on_clients:70 - Saved model for client 6 at epoch 400 -> saved_models/FedMSE/FedMSE/wsn_ds/epoch_400_client_6.pt
2025-09-30 23:18:40.553 | INFO     | agents.servers.serverFedMSE:train_on_clients:70 - Saved model for client 7 at epoch 400 -> saved_models/FedMSE/FedMSE/wsn_ds/epoch_400_client_7.pt
2025-09-30 23:18:40.784 | INFO     | agents.servers.serverFedMSE:train_on_clients:70 - Saved model for client 8 at epoch 400 -> saved_models/FedMSE/FedMSE/wsn_ds/epoch_400_client_8.pt
2025-09-30 23:18:41.018 | INFO     | agents.servers.serverFedMSE:train_on_clients:70 - Saved model for client 9 at epoch 400 -> saved_models/FedMSE/FedMSE/wsn_ds/epoch_400_client_9.pt
2025-09-30 23:18:41.248 | INFO     | agents.servers.serverFedMSE:train_on_clients:70 - Saved model for client 10 at epoch 400 -> saved_models/FedMSE/FedMSE/wsn_ds/epoch_400_client_10.pt
2025-09-30 23:18:41.478 | INFO     | agents.servers.serverFedMSE:train_on_clients:70 - Saved model for client 11 at epoch 400 -> saved_models/FedMSE/FedMSE/wsn_ds/epoch_400_client_11.pt
2025-09-30 23:18:41.709 | INFO     | agents.servers.serverFedMSE:train_on_clients:70 - Saved model for client 12 at epoch 400 -> saved_models/FedMSE/FedMSE/wsn_ds/epoch_400_client_12.pt
2025-09-30 23:18:41.940 | INFO     | agents.servers.serverFedMSE:train_on_clients:70 - Saved model for client 13 at epoch 400 -> saved_models/FedMSE/FedMSE/wsn_ds/epoch_400_client_13.pt
2025-09-30 23:18:42.171 | INFO     | agents.servers.serverFedMSE:train_on_clients:70 - Saved model for client 14 at epoch 400 -> saved_models/FedMSE/FedMSE/wsn_ds/epoch_400_client_14.pt
2025-09-30 23:18:42.402 | INFO     | agents.servers.serverFedMSE:train_on_clients:70 - Saved model for client 15 at epoch 400 -> saved_models/FedMSE/FedMSE/wsn_ds/epoch_400_client_15.pt
2025-09-30 23:18:42.636 | INFO     | agents.servers.serverFedMSE:train_on_clients:70 - Saved model for client 16 at epoch 400 -> saved_models/FedMSE/FedMSE/wsn_ds/epoch_400_client_16.pt
2025-09-30 23:18:42.870 | INFO     | agents.servers.serverFedMSE:train_on_clients:70 - Saved model for client 17 at epoch 400 -> saved_models/FedMSE/FedMSE/wsn_ds/epoch_400_client_17.pt
2025-09-30 23:18:43.102 | INFO     | agents.servers.serverFedMSE:train_on_clients:70 - Saved model for client 18 at epoch 400 -> saved_models/FedMSE/FedMSE/wsn_ds/epoch_400_client_18.pt
2025-09-30 23:18:43.337 | INFO     | agents.servers.serverFedMSE:train_on_clients:70 - Saved model for client 19 at epoch 400 -> saved_models/FedMSE/FedMSE/wsn_ds/epoch_400_client_19.pt
2025-09-30 23:18:43.339 | INFO     | agents.servers.serverFedMSE:train_on_clients:76 - 20 clients still training at epoch #400
2025-09-30 23:18:56.803 | INFO     | agents.servers.serverFedMSE:train_on_clients:32 - Training FedMSE model epoch #401
2025-09-30 23:19:01.419 | INFO     | agents.servers.serverFedMSE:train_on_clients:76 - 20 clients still training at epoch #401
2025-09-30 23:19:14.857 | INFO     | agents.servers.serverFedMSE:train_on_clients:32 - Training FedMSE model epoch #402
2025-09-30 23:19:19.473 | INFO     | agents.servers.serverFedMSE:train_on_clients:76 - 20 clients still training at epoch #402
2025-09-30 23:19:32.900 | INFO     | agents.servers.serverFedMSE:train_on_clients:32 - Training FedMSE model epoch #403
2025-09-30 23:19:37.287 | INFO     | agents.servers.serverFedMSE:train_on_clients:54 - Client 18 gets new best val_loss at epoch #403: 0.000685
2025-09-30 23:19:37.517 | INFO     | agents.servers.serverFedMSE:train_on_clients:54 - Client 19 gets new best val_loss at epoch #403: 0.000622
2025-09-30 23:19:37.519 | INFO     | agents.servers.serverFedMSE:train_on_clients:76 - 20 clients still training at epoch #403
2025-09-30 23:19:51.216 | INFO     | agents.servers.serverFedMSE:train_on_clients:32 - Training FedMSE model epoch #404
2025-09-30 23:19:51.449 | INFO     | agents.servers.serverFedMSE:train_on_clients:54 - Client 0 gets new best val_loss at epoch #404: 0.000665
2025-09-30 23:19:52.377 | INFO     | agents.servers.serverFedMSE:train_on_clients:54 - Client 4 gets new best val_loss at epoch #404: 0.000597
2025-09-30 23:19:53.532 | INFO     | agents.servers.serverFedMSE:train_on_clients:54 - Client 9 gets new best val_loss at epoch #404: 0.000749
2025-09-30 23:19:55.846 | INFO     | agents.servers.serverFedMSE:train_on_clients:76 - 20 clients still training at epoch #404
2025-09-30 23:20:09.270 | INFO     | agents.servers.serverFedMSE:train_on_clients:32 - Training FedMSE model epoch #405
2025-09-30 23:20:09.503 | INFO     | agents.servers.serverFedMSE:train_on_clients:54 - Client 0 gets new best val_loss at epoch #405: 0.000657
2025-09-30 23:20:10.428 | INFO     | agents.servers.serverFedMSE:train_on_clients:54 - Client 4 gets new best val_loss at epoch #405: 0.000591
2025-09-30 23:20:11.585 | INFO     | agents.servers.serverFedMSE:train_on_clients:54 - Client 9 gets new best val_loss at epoch #405: 0.000740
2025-09-30 23:20:13.906 | INFO     | agents.servers.serverFedMSE:train_on_clients:76 - 20 clients still training at epoch #405
2025-09-30 23:20:27.364 | INFO     | agents.servers.serverFedMSE:train_on_clients:32 - Training FedMSE model epoch #406
2025-09-30 23:20:27.598 | INFO     | agents.servers.serverFedMSE:train_on_clients:54 - Client 0 gets new best val_loss at epoch #406: 0.000653
2025-09-30 23:20:28.523 | INFO     | agents.servers.serverFedMSE:train_on_clients:54 - Client 4 gets new best val_loss at epoch #406: 0.000585
2025-09-30 23:20:29.675 | INFO     | agents.servers.serverFedMSE:train_on_clients:54 - Client 9 gets new best val_loss at epoch #406: 0.000736
2025-09-30 23:20:31.972 | INFO     | agents.servers.serverFedMSE:train_on_clients:76 - 20 clients still training at epoch #406
2025-09-30 23:20:45.432 | INFO     | agents.servers.serverFedMSE:train_on_clients:32 - Training FedMSE model epoch #407
2025-09-30 23:20:45.669 | INFO     | agents.servers.serverFedMSE:train_on_clients:54 - Client 0 gets new best val_loss at epoch #407: 0.000649
2025-09-30 23:20:46.591 | INFO     | agents.servers.serverFedMSE:train_on_clients:54 - Client 4 gets new best val_loss at epoch #407: 0.000580
2025-09-30 23:20:47.753 | INFO     | agents.servers.serverFedMSE:train_on_clients:54 - Client 9 gets new best val_loss at epoch #407: 0.000736
2025-09-30 23:20:49.844 | INFO     | agents.servers.serverFedMSE:train_on_clients:54 - Client 18 gets new best val_loss at epoch #407: 0.000685
2025-09-30 23:20:50.076 | INFO     | agents.servers.serverFedMSE:train_on_clients:76 - 20 clients still training at epoch #407
2025-09-30 23:21:03.738 | INFO     | agents.servers.serverFedMSE:train_on_clients:32 - Training FedMSE model epoch #408
2025-09-30 23:21:03.973 | INFO     | agents.servers.serverFedMSE:train_on_clients:54 - Client 0 gets new best val_loss at epoch #408: 0.000649
2025-09-30 23:21:06.065 | INFO     | agents.servers.serverFedMSE:train_on_clients:54 - Client 9 gets new best val_loss at epoch #408: 0.000733
2025-09-30 23:21:08.376 | INFO     | agents.servers.serverFedMSE:train_on_clients:76 - 20 clients still training at epoch #408
2025-09-30 23:21:21.828 | INFO     | agents.servers.serverFedMSE:train_on_clients:32 - Training FedMSE model epoch #409
2025-09-30 23:21:22.060 | INFO     | agents.servers.serverFedMSE:train_on_clients:54 - Client 0 gets new best val_loss at epoch #409: 0.000647
2025-09-30 23:21:24.117 | INFO     | agents.servers.serverFedMSE:train_on_clients:54 - Client 9 gets new best val_loss at epoch #409: 0.000732
2025-09-30 23:21:26.415 | INFO     | agents.servers.serverFedMSE:train_on_clients:76 - 20 clients still training at epoch #409
2025-09-30 23:21:39.878 | INFO     | agents.servers.serverFedMSE:train_on_clients:32 - Training FedMSE model epoch #410
2025-09-30 23:21:40.109 | INFO     | agents.servers.serverFedMSE:train_on_clients:54 - Client 0 gets new best val_loss at epoch #410: 0.000647
2025-09-30 23:21:40.111 | INFO     | agents.servers.serverFedMSE:train_on_clients:70 - Saved model for client 0 at epoch 410 -> saved_models/FedMSE/FedMSE/wsn_ds/epoch_410_client_0.pt
2025-09-30 23:21:40.342 | INFO     | agents.servers.serverFedMSE:train_on_clients:70 - Saved model for client 1 at epoch 410 -> saved_models/FedMSE/FedMSE/wsn_ds/epoch_410_client_1.pt
2025-09-30 23:21:40.572 | INFO     | agents.servers.serverFedMSE:train_on_clients:70 - Saved model for client 2 at epoch 410 -> saved_models/FedMSE/FedMSE/wsn_ds/epoch_410_client_2.pt
2025-09-30 23:21:40.802 | INFO     | agents.servers.serverFedMSE:train_on_clients:70 - Saved model for client 3 at epoch 410 -> saved_models/FedMSE/FedMSE/wsn_ds/epoch_410_client_3.pt
2025-09-30 23:21:41.032 | INFO     | agents.servers.serverFedMSE:train_on_clients:54 - Client 4 gets new best val_loss at epoch #410: 0.000579
2025-09-30 23:21:41.034 | INFO     | agents.servers.serverFedMSE:train_on_clients:70 - Saved model for client 4 at epoch 410 -> saved_models/FedMSE/FedMSE/wsn_ds/epoch_410_client_4.pt
2025-09-30 23:21:41.266 | INFO     | agents.servers.serverFedMSE:train_on_clients:70 - Saved model for client 5 at epoch 410 -> saved_models/FedMSE/FedMSE/wsn_ds/epoch_410_client_5.pt
2025-09-30 23:21:41.498 | INFO     | agents.servers.serverFedMSE:train_on_clients:70 - Saved model for client 6 at epoch 410 -> saved_models/FedMSE/FedMSE/wsn_ds/epoch_410_client_6.pt
2025-09-30 23:21:41.729 | INFO     | agents.servers.serverFedMSE:train_on_clients:70 - Saved model for client 7 at epoch 410 -> saved_models/FedMSE/FedMSE/wsn_ds/epoch_410_client_7.pt
2025-09-30 23:21:41.959 | INFO     | agents.servers.serverFedMSE:train_on_clients:70 - Saved model for client 8 at epoch 410 -> saved_models/FedMSE/FedMSE/wsn_ds/epoch_410_client_8.pt
2025-09-30 23:21:42.187 | INFO     | agents.servers.serverFedMSE:train_on_clients:70 - Saved model for client 9 at epoch 410 -> saved_models/FedMSE/FedMSE/wsn_ds/epoch_410_client_9.pt
2025-09-30 23:21:42.417 | INFO     | agents.servers.serverFedMSE:train_on_clients:70 - Saved model for client 10 at epoch 410 -> saved_models/FedMSE/FedMSE/wsn_ds/epoch_410_client_10.pt
2025-09-30 23:21:42.647 | INFO     | agents.servers.serverFedMSE:train_on_clients:70 - Saved model for client 11 at epoch 410 -> saved_models/FedMSE/FedMSE/wsn_ds/epoch_410_client_11.pt
2025-09-30 23:21:42.877 | INFO     | agents.servers.serverFedMSE:train_on_clients:70 - Saved model for client 12 at epoch 410 -> saved_models/FedMSE/FedMSE/wsn_ds/epoch_410_client_12.pt
2025-09-30 23:21:43.108 | INFO     | agents.servers.serverFedMSE:train_on_clients:70 - Saved model for client 13 at epoch 410 -> saved_models/FedMSE/FedMSE/wsn_ds/epoch_410_client_13.pt
2025-09-30 23:21:43.339 | INFO     | agents.servers.serverFedMSE:train_on_clients:70 - Saved model for client 14 at epoch 410 -> saved_models/FedMSE/FedMSE/wsn_ds/epoch_410_client_14.pt
2025-09-30 23:21:43.569 | INFO     | agents.servers.serverFedMSE:train_on_clients:70 - Saved model for client 15 at epoch 410 -> saved_models/FedMSE/FedMSE/wsn_ds/epoch_410_client_15.pt
2025-09-30 23:21:43.802 | INFO     | agents.servers.serverFedMSE:train_on_clients:70 - Saved model for client 16 at epoch 410 -> saved_models/FedMSE/FedMSE/wsn_ds/epoch_410_client_16.pt
2025-09-30 23:21:44.033 | INFO     | agents.servers.serverFedMSE:train_on_clients:70 - Saved model for client 17 at epoch 410 -> saved_models/FedMSE/FedMSE/wsn_ds/epoch_410_client_17.pt
2025-09-30 23:21:44.262 | INFO     | agents.servers.serverFedMSE:train_on_clients:70 - Saved model for client 18 at epoch 410 -> saved_models/FedMSE/FedMSE/wsn_ds/epoch_410_client_18.pt
2025-09-30 23:21:44.492 | INFO     | agents.servers.serverFedMSE:train_on_clients:70 - Saved model for client 19 at epoch 410 -> saved_models/FedMSE/FedMSE/wsn_ds/epoch_410_client_19.pt
2025-09-30 23:21:44.493 | INFO     | agents.servers.serverFedMSE:train_on_clients:76 - 20 clients still training at epoch #410
2025-09-30 23:21:58.056 | INFO     | agents.servers.serverFedMSE:train_on_clients:32 - Training FedMSE model epoch #411
2025-09-30 23:21:59.215 | INFO     | agents.servers.serverFedMSE:train_on_clients:54 - Client 4 gets new best val_loss at epoch #411: 0.000576
2025-09-30 23:22:00.359 | INFO     | agents.servers.serverFedMSE:train_on_clients:54 - Client 9 gets new best val_loss at epoch #411: 0.000732
2025-09-30 23:22:02.661 | INFO     | agents.servers.serverFedMSE:train_on_clients:76 - 20 clients still training at epoch #411
2025-09-30 23:22:16.180 | INFO     | agents.servers.serverFedMSE:train_on_clients:32 - Training FedMSE model epoch #412
2025-09-30 23:22:17.330 | INFO     | agents.servers.serverFedMSE:train_on_clients:54 - Client 4 gets new best val_loss at epoch #412: 0.000575
2025-09-30 23:22:18.471 | INFO     | agents.servers.serverFedMSE:train_on_clients:54 - Client 9 gets new best val_loss at epoch #412: 0.000731
2025-09-30 23:22:20.758 | INFO     | agents.servers.serverFedMSE:train_on_clients:76 - 20 clients still training at epoch #412
2025-09-30 23:22:34.220 | INFO     | agents.servers.serverFedMSE:train_on_clients:32 - Training FedMSE model epoch #413
2025-09-30 23:22:34.452 | INFO     | agents.servers.serverFedMSE:train_on_clients:54 - Client 0 gets new best val_loss at epoch #413: 0.000646
2025-09-30 23:22:35.379 | INFO     | agents.servers.serverFedMSE:train_on_clients:54 - Client 4 gets new best val_loss at epoch #413: 0.000574
2025-09-30 23:22:38.839 | INFO     | agents.servers.serverFedMSE:train_on_clients:76 - 20 clients still training at epoch #413
2025-09-30 23:22:52.366 | INFO     | agents.servers.serverFedMSE:train_on_clients:32 - Training FedMSE model epoch #414
2025-09-30 23:22:52.602 | INFO     | agents.servers.serverFedMSE:train_on_clients:54 - Client 0 gets new best val_loss at epoch #414: 0.000644
2025-09-30 23:22:56.992 | INFO     | agents.servers.serverFedMSE:train_on_clients:76 - 20 clients still training at epoch #414
2025-09-30 23:23:10.716 | INFO     | agents.servers.serverFedMSE:train_on_clients:32 - Training FedMSE model epoch #415
2025-09-30 23:23:15.310 | INFO     | agents.servers.serverFedMSE:train_on_clients:76 - 20 clients still training at epoch #415
2025-09-30 23:23:28.842 | INFO     | agents.servers.serverFedMSE:train_on_clients:32 - Training FedMSE model epoch #416
2025-09-30 23:23:33.475 | INFO     | agents.servers.serverFedMSE:train_on_clients:76 - 20 clients still training at epoch #416
2025-09-30 23:23:46.953 | INFO     | agents.servers.serverFedMSE:train_on_clients:32 - Training FedMSE model epoch #417
2025-09-30 23:23:51.574 | INFO     | agents.servers.serverFedMSE:train_on_clients:76 - 20 clients still training at epoch #417
2025-09-30 23:24:05.091 | INFO     | agents.servers.serverFedMSE:train_on_clients:32 - Training FedMSE model epoch #418
2025-09-30 23:24:09.769 | INFO     | agents.servers.serverFedMSE:train_on_clients:76 - 20 clients still training at epoch #418
2025-09-30 23:24:23.410 | INFO     | agents.servers.serverFedMSE:train_on_clients:32 - Training FedMSE model epoch #419
2025-09-30 23:24:28.056 | INFO     | agents.servers.serverFedMSE:train_on_clients:76 - 20 clients still training at epoch #419
2025-09-30 23:24:41.591 | INFO     | agents.servers.serverFedMSE:train_on_clients:32 - Training FedMSE model epoch #420
2025-09-30 23:24:41.825 | INFO     | agents.servers.serverFedMSE:train_on_clients:70 - Saved model for client 0 at epoch 420 -> saved_models/FedMSE/FedMSE/wsn_ds/epoch_420_client_0.pt
2025-09-30 23:24:42.066 | INFO     | agents.servers.serverFedMSE:train_on_clients:70 - Saved model for client 1 at epoch 420 -> saved_models/FedMSE/FedMSE/wsn_ds/epoch_420_client_1.pt
2025-09-30 23:24:42.300 | INFO     | agents.servers.serverFedMSE:train_on_clients:70 - Saved model for client 2 at epoch 420 -> saved_models/FedMSE/FedMSE/wsn_ds/epoch_420_client_2.pt
2025-09-30 23:24:42.530 | INFO     | agents.servers.serverFedMSE:train_on_clients:70 - Saved model for client 3 at epoch 420 -> saved_models/FedMSE/FedMSE/wsn_ds/epoch_420_client_3.pt
2025-09-30 23:24:42.763 | INFO     | agents.servers.serverFedMSE:train_on_clients:70 - Saved model for client 4 at epoch 420 -> saved_models/FedMSE/FedMSE/wsn_ds/epoch_420_client_4.pt
2025-09-30 23:24:43.000 | INFO     | agents.servers.serverFedMSE:train_on_clients:70 - Saved model for client 5 at epoch 420 -> saved_models/FedMSE/FedMSE/wsn_ds/epoch_420_client_5.pt
2025-09-30 23:24:43.232 | INFO     | agents.servers.serverFedMSE:train_on_clients:70 - Saved model for client 6 at epoch 420 -> saved_models/FedMSE/FedMSE/wsn_ds/epoch_420_client_6.pt
2025-09-30 23:24:43.465 | INFO     | agents.servers.serverFedMSE:train_on_clients:70 - Saved model for client 7 at epoch 420 -> saved_models/FedMSE/FedMSE/wsn_ds/epoch_420_client_7.pt
2025-09-30 23:24:43.699 | INFO     | agents.servers.serverFedMSE:train_on_clients:70 - Saved model for client 8 at epoch 420 -> saved_models/FedMSE/FedMSE/wsn_ds/epoch_420_client_8.pt
2025-09-30 23:24:43.931 | INFO     | agents.servers.serverFedMSE:train_on_clients:70 - Saved model for client 9 at epoch 420 -> saved_models/FedMSE/FedMSE/wsn_ds/epoch_420_client_9.pt
2025-09-30 23:24:44.165 | INFO     | agents.servers.serverFedMSE:train_on_clients:70 - Saved model for client 10 at epoch 420 -> saved_models/FedMSE/FedMSE/wsn_ds/epoch_420_client_10.pt
2025-09-30 23:24:44.394 | INFO     | agents.servers.serverFedMSE:train_on_clients:70 - Saved model for client 11 at epoch 420 -> saved_models/FedMSE/FedMSE/wsn_ds/epoch_420_client_11.pt
2025-09-30 23:24:44.623 | INFO     | agents.servers.serverFedMSE:train_on_clients:70 - Saved model for client 12 at epoch 420 -> saved_models/FedMSE/FedMSE/wsn_ds/epoch_420_client_12.pt
2025-09-30 23:24:44.854 | INFO     | agents.servers.serverFedMSE:train_on_clients:70 - Saved model for client 13 at epoch 420 -> saved_models/FedMSE/FedMSE/wsn_ds/epoch_420_client_13.pt
2025-09-30 23:24:45.088 | INFO     | agents.servers.serverFedMSE:train_on_clients:70 - Saved model for client 14 at epoch 420 -> saved_models/FedMSE/FedMSE/wsn_ds/epoch_420_client_14.pt
2025-09-30 23:24:45.320 | INFO     | agents.servers.serverFedMSE:train_on_clients:70 - Saved model for client 15 at epoch 420 -> saved_models/FedMSE/FedMSE/wsn_ds/epoch_420_client_15.pt
2025-09-30 23:24:45.551 | INFO     | agents.servers.serverFedMSE:train_on_clients:70 - Saved model for client 16 at epoch 420 -> saved_models/FedMSE/FedMSE/wsn_ds/epoch_420_client_16.pt
2025-09-30 23:24:45.782 | INFO     | agents.servers.serverFedMSE:train_on_clients:70 - Saved model for client 17 at epoch 420 -> saved_models/FedMSE/FedMSE/wsn_ds/epoch_420_client_17.pt
2025-09-30 23:24:46.016 | INFO     | agents.servers.serverFedMSE:train_on_clients:70 - Saved model for client 18 at epoch 420 -> saved_models/FedMSE/FedMSE/wsn_ds/epoch_420_client_18.pt
2025-09-30 23:24:46.249 | INFO     | agents.servers.serverFedMSE:train_on_clients:70 - Saved model for client 19 at epoch 420 -> saved_models/FedMSE/FedMSE/wsn_ds/epoch_420_client_19.pt
2025-09-30 23:24:46.250 | INFO     | agents.servers.serverFedMSE:train_on_clients:76 - 20 clients still training at epoch #420
2025-09-30 23:24:59.759 | INFO     | agents.servers.serverFedMSE:train_on_clients:32 - Training FedMSE model epoch #421
2025-09-30 23:25:04.405 | INFO     | agents.servers.serverFedMSE:train_on_clients:76 - 20 clients still training at epoch #421
2025-09-30 23:25:18.123 | INFO     | agents.servers.serverFedMSE:train_on_clients:32 - Training FedMSE model epoch #422
2025-09-30 23:25:21.147 | INFO     | agents.servers.serverFedMSE:train_on_clients:54 - Client 12 gets new best val_loss at epoch #422: 0.000649
2025-09-30 23:25:22.794 | INFO     | agents.servers.serverFedMSE:train_on_clients:76 - 20 clients still training at epoch #422
2025-09-30 23:25:36.255 | INFO     | agents.servers.serverFedMSE:train_on_clients:32 - Training FedMSE model epoch #423
2025-09-30 23:25:39.026 | INFO     | agents.servers.serverFedMSE:train_on_clients:54 - Client 11 gets new best val_loss at epoch #423: 0.000754
2025-09-30 23:25:40.877 | INFO     | agents.servers.serverFedMSE:train_on_clients:76 - 20 clients still training at epoch #423
2025-09-30 23:25:54.319 | INFO     | agents.servers.serverFedMSE:train_on_clients:32 - Training FedMSE model epoch #424
2025-09-30 23:25:57.081 | INFO     | agents.servers.serverFedMSE:train_on_clients:54 - Client 11 gets new best val_loss at epoch #424: 0.000754
2025-09-30 23:25:58.937 | INFO     | agents.servers.serverFedMSE:train_on_clients:76 - 20 clients still training at epoch #424
2025-09-30 23:26:12.338 | INFO     | agents.servers.serverFedMSE:train_on_clients:32 - Training FedMSE model epoch #425
2025-09-30 23:26:16.939 | INFO     | agents.servers.serverFedMSE:train_on_clients:76 - 20 clients still training at epoch #425
2025-09-30 23:26:30.621 | INFO     | agents.servers.serverFedMSE:train_on_clients:32 - Training FedMSE model epoch #426
2025-09-30 23:26:35.237 | INFO     | agents.servers.serverFedMSE:train_on_clients:76 - 20 clients still training at epoch #426
2025-09-30 23:26:48.781 | INFO     | agents.servers.serverFedMSE:train_on_clients:32 - Training FedMSE model epoch #427
2025-09-30 23:26:53.350 | INFO     | agents.servers.serverFedMSE:train_on_clients:76 - 20 clients still training at epoch #427
2025-09-30 23:27:06.819 | INFO     | agents.servers.serverFedMSE:train_on_clients:32 - Training FedMSE model epoch #428
2025-09-30 23:27:11.437 | INFO     | agents.servers.serverFedMSE:train_on_clients:76 - 20 clients still training at epoch #428
2025-09-30 23:27:25.060 | INFO     | agents.servers.serverFedMSE:train_on_clients:32 - Training FedMSE model epoch #429
2025-09-30 23:27:29.710 | INFO     | agents.servers.serverFedMSE:train_on_clients:76 - 20 clients still training at epoch #429
2025-09-30 23:27:43.195 | INFO     | agents.servers.serverFedMSE:train_on_clients:32 - Training FedMSE model epoch #430
2025-09-30 23:27:43.428 | INFO     | agents.servers.serverFedMSE:train_on_clients:70 - Saved model for client 0 at epoch 430 -> saved_models/FedMSE/FedMSE/wsn_ds/epoch_430_client_0.pt
2025-09-30 23:27:43.661 | INFO     | agents.servers.serverFedMSE:train_on_clients:70 - Saved model for client 1 at epoch 430 -> saved_models/FedMSE/FedMSE/wsn_ds/epoch_430_client_1.pt
2025-09-30 23:27:43.891 | INFO     | agents.servers.serverFedMSE:train_on_clients:70 - Saved model for client 2 at epoch 430 -> saved_models/FedMSE/FedMSE/wsn_ds/epoch_430_client_2.pt
2025-09-30 23:27:44.121 | INFO     | agents.servers.serverFedMSE:train_on_clients:70 - Saved model for client 3 at epoch 430 -> saved_models/FedMSE/FedMSE/wsn_ds/epoch_430_client_3.pt
2025-09-30 23:27:44.352 | INFO     | agents.servers.serverFedMSE:train_on_clients:70 - Saved model for client 4 at epoch 430 -> saved_models/FedMSE/FedMSE/wsn_ds/epoch_430_client_4.pt
2025-09-30 23:27:44.583 | INFO     | agents.servers.serverFedMSE:train_on_clients:70 - Saved model for client 5 at epoch 430 -> saved_models/FedMSE/FedMSE/wsn_ds/epoch_430_client_5.pt
2025-09-30 23:27:44.815 | INFO     | agents.servers.serverFedMSE:train_on_clients:70 - Saved model for client 6 at epoch 430 -> saved_models/FedMSE/FedMSE/wsn_ds/epoch_430_client_6.pt
2025-09-30 23:27:45.046 | INFO     | agents.servers.serverFedMSE:train_on_clients:70 - Saved model for client 7 at epoch 430 -> saved_models/FedMSE/FedMSE/wsn_ds/epoch_430_client_7.pt
2025-09-30 23:27:45.277 | INFO     | agents.servers.serverFedMSE:train_on_clients:70 - Saved model for client 8 at epoch 430 -> saved_models/FedMSE/FedMSE/wsn_ds/epoch_430_client_8.pt
2025-09-30 23:27:45.507 | INFO     | agents.servers.serverFedMSE:train_on_clients:70 - Saved model for client 9 at epoch 430 -> saved_models/FedMSE/FedMSE/wsn_ds/epoch_430_client_9.pt
2025-09-30 23:27:45.738 | INFO     | agents.servers.serverFedMSE:train_on_clients:70 - Saved model for client 10 at epoch 430 -> saved_models/FedMSE/FedMSE/wsn_ds/epoch_430_client_10.pt
2025-09-30 23:27:45.968 | INFO     | agents.servers.serverFedMSE:train_on_clients:70 - Saved model for client 11 at epoch 430 -> saved_models/FedMSE/FedMSE/wsn_ds/epoch_430_client_11.pt
2025-09-30 23:27:46.200 | INFO     | agents.servers.serverFedMSE:train_on_clients:70 - Saved model for client 12 at epoch 430 -> saved_models/FedMSE/FedMSE/wsn_ds/epoch_430_client_12.pt
2025-09-30 23:27:46.429 | INFO     | agents.servers.serverFedMSE:train_on_clients:70 - Saved model for client 13 at epoch 430 -> saved_models/FedMSE/FedMSE/wsn_ds/epoch_430_client_13.pt
2025-09-30 23:27:46.658 | INFO     | agents.servers.serverFedMSE:train_on_clients:70 - Saved model for client 14 at epoch 430 -> saved_models/FedMSE/FedMSE/wsn_ds/epoch_430_client_14.pt
2025-09-30 23:27:46.887 | INFO     | agents.servers.serverFedMSE:train_on_clients:70 - Saved model for client 15 at epoch 430 -> saved_models/FedMSE/FedMSE/wsn_ds/epoch_430_client_15.pt
2025-09-30 23:27:47.119 | INFO     | agents.servers.serverFedMSE:train_on_clients:70 - Saved model for client 16 at epoch 430 -> saved_models/FedMSE/FedMSE/wsn_ds/epoch_430_client_16.pt
2025-09-30 23:27:47.351 | INFO     | agents.servers.serverFedMSE:train_on_clients:70 - Saved model for client 17 at epoch 430 -> saved_models/FedMSE/FedMSE/wsn_ds/epoch_430_client_17.pt
2025-09-30 23:27:47.581 | INFO     | agents.servers.serverFedMSE:train_on_clients:70 - Saved model for client 18 at epoch 430 -> saved_models/FedMSE/FedMSE/wsn_ds/epoch_430_client_18.pt
2025-09-30 23:27:47.810 | INFO     | agents.servers.serverFedMSE:train_on_clients:70 - Saved model for client 19 at epoch 430 -> saved_models/FedMSE/FedMSE/wsn_ds/epoch_430_client_19.pt
2025-09-30 23:27:47.812 | INFO     | agents.servers.serverFedMSE:train_on_clients:76 - 20 clients still training at epoch #430
2025-09-30 23:28:01.271 | INFO     | agents.servers.serverFedMSE:train_on_clients:32 - Training FedMSE model epoch #431
2025-09-30 23:28:05.901 | INFO     | agents.servers.serverFedMSE:train_on_clients:76 - 20 clients still training at epoch #431
2025-09-30 23:28:19.354 | INFO     | agents.servers.serverFedMSE:train_on_clients:32 - Training FedMSE model epoch #432
2025-09-30 23:28:24.027 | INFO     | agents.servers.serverFedMSE:train_on_clients:76 - 20 clients still training at epoch #432
2025-09-30 23:28:37.697 | INFO     | agents.servers.serverFedMSE:train_on_clients:32 - Training FedMSE model epoch #433
2025-09-30 23:28:39.325 | INFO     | agents.servers.serverFedMSE:train_on_clients:54 - Client 6 gets new best val_loss at epoch #433: 0.000679
2025-09-30 23:28:42.335 | INFO     | agents.servers.serverFedMSE:train_on_clients:76 - 20 clients still training at epoch #433
2025-09-30 23:28:55.907 | INFO     | agents.servers.serverFedMSE:train_on_clients:32 - Training FedMSE model epoch #434
2025-09-30 23:28:57.516 | INFO     | agents.servers.serverFedMSE:train_on_clients:54 - Client 6 gets new best val_loss at epoch #434: 0.000676
2025-09-30 23:29:00.504 | INFO     | agents.servers.serverFedMSE:train_on_clients:76 - 20 clients still training at epoch #434
2025-09-30 23:29:14.001 | INFO     | agents.servers.serverFedMSE:train_on_clients:32 - Training FedMSE model epoch #435
2025-09-30 23:29:18.637 | INFO     | agents.servers.serverFedMSE:train_on_clients:76 - 20 clients still training at epoch #435
2025-09-30 23:29:32.124 | INFO     | agents.servers.serverFedMSE:train_on_clients:32 - Training FedMSE model epoch #436
2025-09-30 23:29:33.737 | INFO     | agents.servers.serverFedMSE:train_on_clients:54 - Client 6 gets new best val_loss at epoch #436: 0.000675
2025-09-30 23:29:36.725 | INFO     | agents.servers.serverFedMSE:train_on_clients:76 - 20 clients still training at epoch #436
2025-09-30 23:29:50.409 | INFO     | agents.servers.serverFedMSE:train_on_clients:32 - Training FedMSE model epoch #437
2025-09-30 23:29:52.019 | INFO     | agents.servers.serverFedMSE:train_on_clients:54 - Client 6 gets new best val_loss at epoch #437: 0.000673
2025-09-30 23:29:55.011 | INFO     | agents.servers.serverFedMSE:train_on_clients:76 - 20 clients still training at epoch #437
2025-09-30 23:30:08.628 | INFO     | agents.servers.serverFedMSE:train_on_clients:32 - Training FedMSE model epoch #438
2025-09-30 23:30:10.251 | INFO     | agents.servers.serverFedMSE:train_on_clients:54 - Client 6 gets new best val_loss at epoch #438: 0.000673
2025-09-30 23:30:13.265 | INFO     | agents.servers.serverFedMSE:train_on_clients:76 - 20 clients still training at epoch #438
2025-09-30 23:30:26.825 | INFO     | agents.servers.serverFedMSE:train_on_clients:32 - Training FedMSE model epoch #439
2025-09-30 23:30:31.417 | INFO     | agents.servers.serverFedMSE:train_on_clients:76 - 20 clients still training at epoch #439
2025-09-30 23:30:44.905 | INFO     | agents.servers.serverFedMSE:train_on_clients:32 - Training FedMSE model epoch #440
2025-09-30 23:30:45.140 | INFO     | agents.servers.serverFedMSE:train_on_clients:70 - Saved model for client 0 at epoch 440 -> saved_models/FedMSE/FedMSE/wsn_ds/epoch_440_client_0.pt
2025-09-30 23:30:45.378 | INFO     | agents.servers.serverFedMSE:train_on_clients:70 - Saved model for client 1 at epoch 440 -> saved_models/FedMSE/FedMSE/wsn_ds/epoch_440_client_1.pt
2025-09-30 23:30:45.610 | INFO     | agents.servers.serverFedMSE:train_on_clients:70 - Saved model for client 2 at epoch 440 -> saved_models/FedMSE/FedMSE/wsn_ds/epoch_440_client_2.pt
2025-09-30 23:30:45.843 | INFO     | agents.servers.serverFedMSE:train_on_clients:70 - Saved model for client 3 at epoch 440 -> saved_models/FedMSE/FedMSE/wsn_ds/epoch_440_client_3.pt
2025-09-30 23:30:46.081 | INFO     | agents.servers.serverFedMSE:train_on_clients:70 - Saved model for client 4 at epoch 440 -> saved_models/FedMSE/FedMSE/wsn_ds/epoch_440_client_4.pt
2025-09-30 23:30:46.316 | INFO     | agents.servers.serverFedMSE:train_on_clients:70 - Saved model for client 5 at epoch 440 -> saved_models/FedMSE/FedMSE/wsn_ds/epoch_440_client_5.pt
2025-09-30 23:30:46.577 | INFO     | agents.servers.serverFedMSE:train_on_clients:70 - Saved model for client 6 at epoch 440 -> saved_models/FedMSE/FedMSE/wsn_ds/epoch_440_client_6.pt
2025-09-30 23:30:46.800 | INFO     | agents.servers.serverFedMSE:train_on_clients:70 - Saved model for client 7 at epoch 440 -> saved_models/FedMSE/FedMSE/wsn_ds/epoch_440_client_7.pt
2025-09-30 23:30:47.030 | INFO     | agents.servers.serverFedMSE:train_on_clients:70 - Saved model for client 8 at epoch 440 -> saved_models/FedMSE/FedMSE/wsn_ds/epoch_440_client_8.pt
2025-09-30 23:30:47.262 | INFO     | agents.servers.serverFedMSE:train_on_clients:70 - Saved model for client 9 at epoch 440 -> saved_models/FedMSE/FedMSE/wsn_ds/epoch_440_client_9.pt
2025-09-30 23:30:47.495 | INFO     | agents.servers.serverFedMSE:train_on_clients:70 - Saved model for client 10 at epoch 440 -> saved_models/FedMSE/FedMSE/wsn_ds/epoch_440_client_10.pt
2025-09-30 23:30:47.730 | INFO     | agents.servers.serverFedMSE:train_on_clients:70 - Saved model for client 11 at epoch 440 -> saved_models/FedMSE/FedMSE/wsn_ds/epoch_440_client_11.pt
2025-09-30 23:30:47.992 | INFO     | agents.servers.serverFedMSE:train_on_clients:70 - Saved model for client 12 at epoch 440 -> saved_models/FedMSE/FedMSE/wsn_ds/epoch_440_client_12.pt
2025-09-30 23:30:48.225 | INFO     | agents.servers.serverFedMSE:train_on_clients:70 - Saved model for client 13 at epoch 440 -> saved_models/FedMSE/FedMSE/wsn_ds/epoch_440_client_13.pt
2025-09-30 23:30:48.458 | INFO     | agents.servers.serverFedMSE:train_on_clients:70 - Saved model for client 14 at epoch 440 -> saved_models/FedMSE/FedMSE/wsn_ds/epoch_440_client_14.pt
2025-09-30 23:30:48.690 | INFO     | agents.servers.serverFedMSE:train_on_clients:70 - Saved model for client 15 at epoch 440 -> saved_models/FedMSE/FedMSE/wsn_ds/epoch_440_client_15.pt
2025-09-30 23:30:48.927 | INFO     | agents.servers.serverFedMSE:train_on_clients:70 - Saved model for client 16 at epoch 440 -> saved_models/FedMSE/FedMSE/wsn_ds/epoch_440_client_16.pt
2025-09-30 23:30:49.157 | INFO     | agents.servers.serverFedMSE:train_on_clients:70 - Saved model for client 17 at epoch 440 -> saved_models/FedMSE/FedMSE/wsn_ds/epoch_440_client_17.pt
2025-09-30 23:30:49.389 | INFO     | agents.servers.serverFedMSE:train_on_clients:70 - Saved model for client 18 at epoch 440 -> saved_models/FedMSE/FedMSE/wsn_ds/epoch_440_client_18.pt
2025-09-30 23:30:49.619 | INFO     | agents.servers.serverFedMSE:train_on_clients:70 - Saved model for client 19 at epoch 440 -> saved_models/FedMSE/FedMSE/wsn_ds/epoch_440_client_19.pt
2025-09-30 23:30:49.621 | INFO     | agents.servers.serverFedMSE:train_on_clients:76 - 20 clients still training at epoch #440
2025-09-30 23:31:03.165 | INFO     | agents.servers.serverFedMSE:train_on_clients:32 - Training FedMSE model epoch #441
2025-09-30 23:31:07.777 | INFO     | agents.servers.serverFedMSE:train_on_clients:76 - 20 clients still training at epoch #441
2025-09-30 23:31:21.194 | INFO     | agents.servers.serverFedMSE:train_on_clients:32 - Training FedMSE model epoch #442
2025-09-30 23:31:24.677 | INFO     | agents.servers.serverFedMSE:train_on_clients:54 - Client 14 gets new best val_loss at epoch #442: 0.000647
2025-09-30 23:31:25.833 | INFO     | agents.servers.serverFedMSE:train_on_clients:76 - 20 clients still training at epoch #442
2025-09-30 23:31:39.310 | INFO     | agents.servers.serverFedMSE:train_on_clients:32 - Training FedMSE model epoch #443
2025-09-30 23:31:43.243 | INFO     | agents.servers.serverFedMSE:train_on_clients:54 - Client 16 gets new best val_loss at epoch #443: 0.000633
2025-09-30 23:31:43.933 | INFO     | agents.servers.serverFedMSE:train_on_clients:76 - 20 clients still training at epoch #443
2025-09-30 23:31:57.501 | INFO     | agents.servers.serverFedMSE:train_on_clients:32 - Training FedMSE model epoch #444
2025-09-30 23:32:02.122 | INFO     | agents.servers.serverFedMSE:train_on_clients:76 - 20 clients still training at epoch #444
2025-09-30 23:32:15.602 | INFO     | agents.servers.serverFedMSE:train_on_clients:32 - Training FedMSE model epoch #445
2025-09-30 23:32:20.214 | INFO     | agents.servers.serverFedMSE:train_on_clients:76 - 20 clients still training at epoch #445
2025-09-30 23:32:33.698 | INFO     | agents.servers.serverFedMSE:train_on_clients:32 - Training FedMSE model epoch #446
2025-09-30 23:32:38.327 | INFO     | agents.servers.serverFedMSE:train_on_clients:76 - 20 clients still training at epoch #446
2025-09-30 23:32:51.855 | INFO     | agents.servers.serverFedMSE:train_on_clients:32 - Training FedMSE model epoch #447
2025-09-30 23:32:56.481 | INFO     | agents.servers.serverFedMSE:train_on_clients:76 - 20 clients still training at epoch #447
2025-09-30 23:33:10.173 | INFO     | agents.servers.serverFedMSE:train_on_clients:32 - Training FedMSE model epoch #448
2025-09-30 23:33:14.801 | INFO     | agents.servers.serverFedMSE:train_on_clients:76 - 20 clients still training at epoch #448
2025-09-30 23:33:28.270 | INFO     | agents.servers.serverFedMSE:train_on_clients:32 - Training FedMSE model epoch #449
2025-09-30 23:33:32.899 | INFO     | agents.servers.serverFedMSE:train_on_clients:76 - 20 clients still training at epoch #449
2025-09-30 23:33:46.348 | INFO     | agents.servers.serverFedMSE:train_on_clients:32 - Training FedMSE model epoch #450
2025-09-30 23:33:46.583 | INFO     | agents.servers.serverFedMSE:train_on_clients:70 - Saved model for client 0 at epoch 450 -> saved_models/FedMSE/FedMSE/wsn_ds/epoch_450_client_0.pt
2025-09-30 23:33:46.817 | INFO     | agents.servers.serverFedMSE:train_on_clients:70 - Saved model for client 1 at epoch 450 -> saved_models/FedMSE/FedMSE/wsn_ds/epoch_450_client_1.pt
2025-09-30 23:33:47.052 | INFO     | agents.servers.serverFedMSE:train_on_clients:70 - Saved model for client 2 at epoch 450 -> saved_models/FedMSE/FedMSE/wsn_ds/epoch_450_client_2.pt
2025-09-30 23:33:47.287 | INFO     | agents.servers.serverFedMSE:train_on_clients:70 - Saved model for client 3 at epoch 450 -> saved_models/FedMSE/FedMSE/wsn_ds/epoch_450_client_3.pt
2025-09-30 23:33:47.520 | INFO     | agents.servers.serverFedMSE:train_on_clients:70 - Saved model for client 4 at epoch 450 -> saved_models/FedMSE/FedMSE/wsn_ds/epoch_450_client_4.pt
2025-09-30 23:33:47.754 | INFO     | agents.servers.serverFedMSE:train_on_clients:70 - Saved model for client 5 at epoch 450 -> saved_models/FedMSE/FedMSE/wsn_ds/epoch_450_client_5.pt
2025-09-30 23:33:47.987 | INFO     | agents.servers.serverFedMSE:train_on_clients:70 - Saved model for client 6 at epoch 450 -> saved_models/FedMSE/FedMSE/wsn_ds/epoch_450_client_6.pt
2025-09-30 23:33:48.220 | INFO     | agents.servers.serverFedMSE:train_on_clients:70 - Saved model for client 7 at epoch 450 -> saved_models/FedMSE/FedMSE/wsn_ds/epoch_450_client_7.pt
2025-09-30 23:33:48.451 | INFO     | agents.servers.serverFedMSE:train_on_clients:70 - Saved model for client 8 at epoch 450 -> saved_models/FedMSE/FedMSE/wsn_ds/epoch_450_client_8.pt
2025-09-30 23:33:48.688 | INFO     | agents.servers.serverFedMSE:train_on_clients:70 - Saved model for client 9 at epoch 450 -> saved_models/FedMSE/FedMSE/wsn_ds/epoch_450_client_9.pt
2025-09-30 23:33:48.919 | INFO     | agents.servers.serverFedMSE:train_on_clients:70 - Saved model for client 10 at epoch 450 -> saved_models/FedMSE/FedMSE/wsn_ds/epoch_450_client_10.pt
2025-09-30 23:33:49.153 | INFO     | agents.servers.serverFedMSE:train_on_clients:70 - Saved model for client 11 at epoch 450 -> saved_models/FedMSE/FedMSE/wsn_ds/epoch_450_client_11.pt
2025-09-30 23:33:49.384 | INFO     | agents.servers.serverFedMSE:train_on_clients:70 - Saved model for client 12 at epoch 450 -> saved_models/FedMSE/FedMSE/wsn_ds/epoch_450_client_12.pt
2025-09-30 23:33:49.616 | INFO     | agents.servers.serverFedMSE:train_on_clients:70 - Saved model for client 13 at epoch 450 -> saved_models/FedMSE/FedMSE/wsn_ds/epoch_450_client_13.pt
2025-09-30 23:33:49.849 | INFO     | agents.servers.serverFedMSE:train_on_clients:70 - Saved model for client 14 at epoch 450 -> saved_models/FedMSE/FedMSE/wsn_ds/epoch_450_client_14.pt
2025-09-30 23:33:50.078 | INFO     | agents.servers.serverFedMSE:train_on_clients:70 - Saved model for client 15 at epoch 450 -> saved_models/FedMSE/FedMSE/wsn_ds/epoch_450_client_15.pt
2025-09-30 23:33:50.307 | INFO     | agents.servers.serverFedMSE:train_on_clients:70 - Saved model for client 16 at epoch 450 -> saved_models/FedMSE/FedMSE/wsn_ds/epoch_450_client_16.pt
2025-09-30 23:33:50.539 | INFO     | agents.servers.serverFedMSE:train_on_clients:70 - Saved model for client 17 at epoch 450 -> saved_models/FedMSE/FedMSE/wsn_ds/epoch_450_client_17.pt
2025-09-30 23:33:50.770 | INFO     | agents.servers.serverFedMSE:train_on_clients:70 - Saved model for client 18 at epoch 450 -> saved_models/FedMSE/FedMSE/wsn_ds/epoch_450_client_18.pt
2025-09-30 23:33:51.001 | INFO     | agents.servers.serverFedMSE:train_on_clients:70 - Saved model for client 19 at epoch 450 -> saved_models/FedMSE/FedMSE/wsn_ds/epoch_450_client_19.pt
2025-09-30 23:33:51.002 | INFO     | agents.servers.serverFedMSE:train_on_clients:76 - 20 clients still training at epoch #450
2025-09-30 23:34:04.538 | INFO     | agents.servers.serverFedMSE:train_on_clients:32 - Training FedMSE model epoch #451
2025-09-30 23:34:06.135 | INFO     | agents.servers.serverFedMSE:train_on_clients:54 - Client 6 gets new best val_loss at epoch #451: 0.000672
2025-09-30 23:34:08.452 | INFO     | agents.servers.serverFedMSE:train_on_clients:54 - Client 16 gets new best val_loss at epoch #451: 0.000632
2025-09-30 23:34:09.142 | INFO     | agents.servers.serverFedMSE:train_on_clients:76 - 20 clients still training at epoch #451
2025-09-30 23:34:22.685 | INFO     | agents.servers.serverFedMSE:train_on_clients:32 - Training FedMSE model epoch #452
2025-09-30 23:34:23.386 | INFO     | agents.servers.serverFedMSE:train_on_clients:54 - Client 2 gets new best val_loss at epoch #452: 0.000624
2025-09-30 23:34:25.918 | INFO     | agents.servers.serverFedMSE:train_on_clients:54 - Client 13 gets new best val_loss at epoch #452: 0.000685
2025-09-30 23:34:27.329 | INFO     | agents.servers.serverFedMSE:train_on_clients:76 - 20 clients still training at epoch #452
2025-09-30 23:34:40.760 | INFO     | agents.servers.serverFedMSE:train_on_clients:32 - Training FedMSE model epoch #453
2025-09-30 23:34:41.456 | INFO     | agents.servers.serverFedMSE:train_on_clients:54 - Client 2 gets new best val_loss at epoch #453: 0.000618
2025-09-30 23:34:43.981 | INFO     | agents.servers.serverFedMSE:train_on_clients:54 - Client 13 gets new best val_loss at epoch #453: 0.000683
2025-09-30 23:34:45.370 | INFO     | agents.servers.serverFedMSE:train_on_clients:76 - 20 clients still training at epoch #453
2025-09-30 23:34:58.839 | INFO     | agents.servers.serverFedMSE:train_on_clients:32 - Training FedMSE model epoch #454
2025-09-30 23:35:02.081 | INFO     | agents.servers.serverFedMSE:train_on_clients:54 - Client 13 gets new best val_loss at epoch #454: 0.000682
2025-09-30 23:35:03.477 | INFO     | agents.servers.serverFedMSE:train_on_clients:76 - 20 clients still training at epoch #454
2025-09-30 23:35:17.204 | INFO     | agents.servers.serverFedMSE:train_on_clients:32 - Training FedMSE model epoch #455
2025-09-30 23:35:21.841 | INFO     | agents.servers.serverFedMSE:train_on_clients:76 - 20 clients still training at epoch #455
2025-09-30 23:35:35.269 | INFO     | agents.servers.serverFedMSE:train_on_clients:32 - Training FedMSE model epoch #456
2025-09-30 23:35:39.878 | INFO     | agents.servers.serverFedMSE:train_on_clients:76 - 20 clients still training at epoch #456
2025-09-30 23:35:53.329 | INFO     | agents.servers.serverFedMSE:train_on_clients:32 - Training FedMSE model epoch #457
2025-09-30 23:35:57.971 | INFO     | agents.servers.serverFedMSE:train_on_clients:76 - 20 clients still training at epoch #457
2025-09-30 23:36:11.407 | INFO     | agents.servers.serverFedMSE:train_on_clients:32 - Training FedMSE model epoch #458
2025-09-30 23:36:16.031 | INFO     | agents.servers.serverFedMSE:train_on_clients:76 - 20 clients still training at epoch #458
2025-09-30 23:36:29.759 | INFO     | agents.servers.serverFedMSE:train_on_clients:32 - Training FedMSE model epoch #459
2025-09-30 23:36:34.378 | INFO     | agents.servers.serverFedMSE:train_on_clients:76 - 20 clients still training at epoch #459
2025-09-30 23:36:47.822 | INFO     | agents.servers.serverFedMSE:train_on_clients:32 - Training FedMSE model epoch #460
2025-09-30 23:36:48.057 | INFO     | agents.servers.serverFedMSE:train_on_clients:70 - Saved model for client 0 at epoch 460 -> saved_models/FedMSE/FedMSE/wsn_ds/epoch_460_client_0.pt
2025-09-30 23:36:48.289 | INFO     | agents.servers.serverFedMSE:train_on_clients:70 - Saved model for client 1 at epoch 460 -> saved_models/FedMSE/FedMSE/wsn_ds/epoch_460_client_1.pt
2025-09-30 23:36:48.521 | INFO     | agents.servers.serverFedMSE:train_on_clients:70 - Saved model for client 2 at epoch 460 -> saved_models/FedMSE/FedMSE/wsn_ds/epoch_460_client_2.pt
2025-09-30 23:36:48.753 | INFO     | agents.servers.serverFedMSE:train_on_clients:70 - Saved model for client 3 at epoch 460 -> saved_models/FedMSE/FedMSE/wsn_ds/epoch_460_client_3.pt
2025-09-30 23:36:48.985 | INFO     | agents.servers.serverFedMSE:train_on_clients:70 - Saved model for client 4 at epoch 460 -> saved_models/FedMSE/FedMSE/wsn_ds/epoch_460_client_4.pt
2025-09-30 23:36:49.225 | INFO     | agents.servers.serverFedMSE:train_on_clients:70 - Saved model for client 5 at epoch 460 -> saved_models/FedMSE/FedMSE/wsn_ds/epoch_460_client_5.pt
2025-09-30 23:36:49.457 | INFO     | agents.servers.serverFedMSE:train_on_clients:70 - Saved model for client 6 at epoch 460 -> saved_models/FedMSE/FedMSE/wsn_ds/epoch_460_client_6.pt
2025-09-30 23:36:49.689 | INFO     | agents.servers.serverFedMSE:train_on_clients:70 - Saved model for client 7 at epoch 460 -> saved_models/FedMSE/FedMSE/wsn_ds/epoch_460_client_7.pt
2025-09-30 23:36:49.921 | INFO     | agents.servers.serverFedMSE:train_on_clients:70 - Saved model for client 8 at epoch 460 -> saved_models/FedMSE/FedMSE/wsn_ds/epoch_460_client_8.pt
2025-09-30 23:36:50.154 | INFO     | agents.servers.serverFedMSE:train_on_clients:70 - Saved model for client 9 at epoch 460 -> saved_models/FedMSE/FedMSE/wsn_ds/epoch_460_client_9.pt
2025-09-30 23:36:50.387 | INFO     | agents.servers.serverFedMSE:train_on_clients:70 - Saved model for client 10 at epoch 460 -> saved_models/FedMSE/FedMSE/wsn_ds/epoch_460_client_10.pt
2025-09-30 23:36:50.620 | INFO     | agents.servers.serverFedMSE:train_on_clients:70 - Saved model for client 11 at epoch 460 -> saved_models/FedMSE/FedMSE/wsn_ds/epoch_460_client_11.pt
2025-09-30 23:36:50.852 | INFO     | agents.servers.serverFedMSE:train_on_clients:70 - Saved model for client 12 at epoch 460 -> saved_models/FedMSE/FedMSE/wsn_ds/epoch_460_client_12.pt
2025-09-30 23:36:51.084 | INFO     | agents.servers.serverFedMSE:train_on_clients:70 - Saved model for client 13 at epoch 460 -> saved_models/FedMSE/FedMSE/wsn_ds/epoch_460_client_13.pt
2025-09-30 23:36:51.315 | INFO     | agents.servers.serverFedMSE:train_on_clients:70 - Saved model for client 14 at epoch 460 -> saved_models/FedMSE/FedMSE/wsn_ds/epoch_460_client_14.pt
2025-09-30 23:36:51.547 | INFO     | agents.servers.serverFedMSE:train_on_clients:70 - Saved model for client 15 at epoch 460 -> saved_models/FedMSE/FedMSE/wsn_ds/epoch_460_client_15.pt
2025-09-30 23:36:51.781 | INFO     | agents.servers.serverFedMSE:train_on_clients:70 - Saved model for client 16 at epoch 460 -> saved_models/FedMSE/FedMSE/wsn_ds/epoch_460_client_16.pt
2025-09-30 23:36:52.016 | INFO     | agents.servers.serverFedMSE:train_on_clients:70 - Saved model for client 17 at epoch 460 -> saved_models/FedMSE/FedMSE/wsn_ds/epoch_460_client_17.pt
2025-09-30 23:36:52.245 | INFO     | agents.servers.serverFedMSE:train_on_clients:70 - Saved model for client 18 at epoch 460 -> saved_models/FedMSE/FedMSE/wsn_ds/epoch_460_client_18.pt
2025-09-30 23:36:52.478 | INFO     | agents.servers.serverFedMSE:train_on_clients:70 - Saved model for client 19 at epoch 460 -> saved_models/FedMSE/FedMSE/wsn_ds/epoch_460_client_19.pt
2025-09-30 23:36:52.480 | INFO     | agents.servers.serverFedMSE:train_on_clients:76 - 20 clients still training at epoch #460
2025-09-30 23:37:05.963 | INFO     | agents.servers.serverFedMSE:train_on_clients:32 - Training FedMSE model epoch #461
2025-09-30 23:37:10.611 | INFO     | agents.servers.serverFedMSE:train_on_clients:76 - 20 clients still training at epoch #461
2025-09-30 23:37:24.141 | INFO     | agents.servers.serverFedMSE:train_on_clients:32 - Training FedMSE model epoch #462
2025-09-30 23:37:28.817 | INFO     | agents.servers.serverFedMSE:train_on_clients:76 - 20 clients still training at epoch #462
2025-09-30 23:37:42.345 | INFO     | agents.servers.serverFedMSE:train_on_clients:32 - Training FedMSE model epoch #463
2025-09-30 23:37:46.983 | INFO     | agents.servers.serverFedMSE:train_on_clients:76 - 20 clients still training at epoch #463
2025-09-30 23:38:00.513 | INFO     | agents.servers.serverFedMSE:train_on_clients:32 - Training FedMSE model epoch #464
2025-09-30 23:38:05.160 | INFO     | agents.servers.serverFedMSE:train_on_clients:76 - 20 clients still training at epoch #464
2025-09-30 23:38:18.723 | INFO     | agents.servers.serverFedMSE:train_on_clients:32 - Training FedMSE model epoch #465
2025-09-30 23:38:23.354 | INFO     | agents.servers.serverFedMSE:train_on_clients:76 - 20 clients still training at epoch #465
2025-09-30 23:38:37.133 | INFO     | agents.servers.serverFedMSE:train_on_clients:32 - Training FedMSE model epoch #466
2025-09-30 23:38:41.753 | INFO     | agents.servers.serverFedMSE:train_on_clients:76 - 20 clients still training at epoch #466
2025-09-30 23:38:55.265 | INFO     | agents.servers.serverFedMSE:train_on_clients:32 - Training FedMSE model epoch #467
2025-09-30 23:38:59.895 | INFO     | agents.servers.serverFedMSE:train_on_clients:76 - 20 clients still training at epoch #467
2025-09-30 23:39:13.306 | INFO     | agents.servers.serverFedMSE:train_on_clients:32 - Training FedMSE model epoch #468
2025-09-30 23:39:17.946 | INFO     | agents.servers.serverFedMSE:train_on_clients:76 - 20 clients still training at epoch #468
2025-09-30 23:39:31.384 | INFO     | agents.servers.serverFedMSE:train_on_clients:32 - Training FedMSE model epoch #469
2025-09-30 23:39:36.038 | INFO     | agents.servers.serverFedMSE:train_on_clients:76 - 20 clients still training at epoch #469
2025-09-30 23:39:49.716 | INFO     | agents.servers.serverFedMSE:train_on_clients:32 - Training FedMSE model epoch #470
2025-09-30 23:39:49.952 | INFO     | agents.servers.serverFedMSE:train_on_clients:70 - Saved model for client 0 at epoch 470 -> saved_models/FedMSE/FedMSE/wsn_ds/epoch_470_client_0.pt
2025-09-30 23:39:50.183 | INFO     | agents.servers.serverFedMSE:train_on_clients:70 - Saved model for client 1 at epoch 470 -> saved_models/FedMSE/FedMSE/wsn_ds/epoch_470_client_1.pt
2025-09-30 23:39:50.420 | INFO     | agents.servers.serverFedMSE:train_on_clients:70 - Saved model for client 2 at epoch 470 -> saved_models/FedMSE/FedMSE/wsn_ds/epoch_470_client_2.pt
2025-09-30 23:39:50.652 | INFO     | agents.servers.serverFedMSE:train_on_clients:70 - Saved model for client 3 at epoch 470 -> saved_models/FedMSE/FedMSE/wsn_ds/epoch_470_client_3.pt
2025-09-30 23:39:50.884 | INFO     | agents.servers.serverFedMSE:train_on_clients:70 - Saved model for client 4 at epoch 470 -> saved_models/FedMSE/FedMSE/wsn_ds/epoch_470_client_4.pt
2025-09-30 23:39:51.120 | INFO     | agents.servers.serverFedMSE:train_on_clients:54 - Client 5 gets new best val_loss at epoch #470: 0.000736
2025-09-30 23:39:51.121 | INFO     | agents.servers.serverFedMSE:train_on_clients:70 - Saved model for client 5 at epoch 470 -> saved_models/FedMSE/FedMSE/wsn_ds/epoch_470_client_5.pt
2025-09-30 23:39:51.350 | INFO     | agents.servers.serverFedMSE:train_on_clients:70 - Saved model for client 6 at epoch 470 -> saved_models/FedMSE/FedMSE/wsn_ds/epoch_470_client_6.pt
2025-09-30 23:39:51.582 | INFO     | agents.servers.serverFedMSE:train_on_clients:70 - Saved model for client 7 at epoch 470 -> saved_models/FedMSE/FedMSE/wsn_ds/epoch_470_client_7.pt
2025-09-30 23:39:51.813 | INFO     | agents.servers.serverFedMSE:train_on_clients:70 - Saved model for client 8 at epoch 470 -> saved_models/FedMSE/FedMSE/wsn_ds/epoch_470_client_8.pt
2025-09-30 23:39:52.046 | INFO     | agents.servers.serverFedMSE:train_on_clients:70 - Saved model for client 9 at epoch 470 -> saved_models/FedMSE/FedMSE/wsn_ds/epoch_470_client_9.pt
2025-09-30 23:39:52.276 | INFO     | agents.servers.serverFedMSE:train_on_clients:70 - Saved model for client 10 at epoch 470 -> saved_models/FedMSE/FedMSE/wsn_ds/epoch_470_client_10.pt
2025-09-30 23:39:52.505 | INFO     | agents.servers.serverFedMSE:train_on_clients:70 - Saved model for client 11 at epoch 470 -> saved_models/FedMSE/FedMSE/wsn_ds/epoch_470_client_11.pt
2025-09-30 23:39:52.736 | INFO     | agents.servers.serverFedMSE:train_on_clients:70 - Saved model for client 12 at epoch 470 -> saved_models/FedMSE/FedMSE/wsn_ds/epoch_470_client_12.pt
2025-09-30 23:39:52.972 | INFO     | agents.servers.serverFedMSE:train_on_clients:70 - Saved model for client 13 at epoch 470 -> saved_models/FedMSE/FedMSE/wsn_ds/epoch_470_client_13.pt
2025-09-30 23:39:53.202 | INFO     | agents.servers.serverFedMSE:train_on_clients:70 - Saved model for client 14 at epoch 470 -> saved_models/FedMSE/FedMSE/wsn_ds/epoch_470_client_14.pt
2025-09-30 23:39:53.433 | INFO     | agents.servers.serverFedMSE:train_on_clients:70 - Saved model for client 15 at epoch 470 -> saved_models/FedMSE/FedMSE/wsn_ds/epoch_470_client_15.pt
2025-09-30 23:39:53.665 | INFO     | agents.servers.serverFedMSE:train_on_clients:70 - Saved model for client 16 at epoch 470 -> saved_models/FedMSE/FedMSE/wsn_ds/epoch_470_client_16.pt
2025-09-30 23:39:53.896 | INFO     | agents.servers.serverFedMSE:train_on_clients:70 - Saved model for client 17 at epoch 470 -> saved_models/FedMSE/FedMSE/wsn_ds/epoch_470_client_17.pt
2025-09-30 23:39:54.129 | INFO     | agents.servers.serverFedMSE:train_on_clients:70 - Saved model for client 18 at epoch 470 -> saved_models/FedMSE/FedMSE/wsn_ds/epoch_470_client_18.pt
2025-09-30 23:39:54.360 | INFO     | agents.servers.serverFedMSE:train_on_clients:70 - Saved model for client 19 at epoch 470 -> saved_models/FedMSE/FedMSE/wsn_ds/epoch_470_client_19.pt
2025-09-30 23:39:54.362 | INFO     | agents.servers.serverFedMSE:train_on_clients:76 - 20 clients still training at epoch #470
2025-09-30 23:40:07.846 | INFO     | agents.servers.serverFedMSE:train_on_clients:32 - Training FedMSE model epoch #471
2025-09-30 23:40:09.237 | INFO     | agents.servers.serverFedMSE:train_on_clients:54 - Client 5 gets new best val_loss at epoch #471: 0.000731
2025-09-30 23:40:12.497 | INFO     | agents.servers.serverFedMSE:train_on_clients:76 - 20 clients still training at epoch #471
2025-09-30 23:40:26.040 | INFO     | agents.servers.serverFedMSE:train_on_clients:32 - Training FedMSE model epoch #472
2025-09-30 23:40:27.420 | INFO     | agents.servers.serverFedMSE:train_on_clients:54 - Client 5 gets new best val_loss at epoch #472: 0.000730
2025-09-30 23:40:30.639 | INFO     | agents.servers.serverFedMSE:train_on_clients:76 - 20 clients still training at epoch #472
2025-09-30 23:40:44.262 | INFO     | agents.servers.serverFedMSE:train_on_clients:32 - Training FedMSE model epoch #473
2025-09-30 23:40:48.915 | INFO     | agents.servers.serverFedMSE:train_on_clients:76 - 20 clients still training at epoch #473
2025-09-30 23:41:02.408 | INFO     | agents.servers.serverFedMSE:train_on_clients:32 - Training FedMSE model epoch #474
2025-09-30 23:41:07.052 | INFO     | agents.servers.serverFedMSE:train_on_clients:76 - 20 clients still training at epoch #474
2025-09-30 23:41:20.580 | INFO     | agents.servers.serverFedMSE:train_on_clients:32 - Training FedMSE model epoch #475
2025-09-30 23:41:21.978 | INFO     | agents.servers.serverFedMSE:train_on_clients:54 - Client 5 gets new best val_loss at epoch #475: 0.000729
2025-09-30 23:41:25.222 | INFO     | agents.servers.serverFedMSE:train_on_clients:76 - 20 clients still training at epoch #475
2025-09-30 23:41:38.797 | INFO     | agents.servers.serverFedMSE:train_on_clients:32 - Training FedMSE model epoch #476
2025-09-30 23:41:40.871 | INFO     | agents.servers.serverFedMSE:train_on_clients:54 - Client 8 gets new best val_loss at epoch #476: 0.000649
2025-09-30 23:41:43.395 | INFO     | agents.servers.serverFedMSE:train_on_clients:76 - 20 clients still training at epoch #476
2025-09-30 23:41:57.323 | INFO     | agents.servers.serverFedMSE:train_on_clients:32 - Training FedMSE model epoch #477
2025-09-30 23:42:01.963 | INFO     | agents.servers.serverFedMSE:train_on_clients:76 - 20 clients still training at epoch #477
2025-09-30 23:42:15.467 | INFO     | agents.servers.serverFedMSE:train_on_clients:32 - Training FedMSE model epoch #478
2025-09-30 23:42:19.643 | INFO     | agents.servers.serverFedMSE:train_on_clients:54 - Client 17 gets new best val_loss at epoch #478: 0.000871
2025-09-30 23:42:20.110 | INFO     | agents.servers.serverFedMSE:train_on_clients:76 - 20 clients still training at epoch #478
2025-09-30 23:42:33.553 | INFO     | agents.servers.serverFedMSE:train_on_clients:32 - Training FedMSE model epoch #479
2025-09-30 23:42:38.163 | INFO     | agents.servers.serverFedMSE:train_on_clients:76 - 20 clients still training at epoch #479
2025-09-30 23:42:51.649 | INFO     | agents.servers.serverFedMSE:train_on_clients:32 - Training FedMSE model epoch #480
2025-09-30 23:42:51.881 | INFO     | agents.servers.serverFedMSE:train_on_clients:70 - Saved model for client 0 at epoch 480 -> saved_models/FedMSE/FedMSE/wsn_ds/epoch_480_client_0.pt
2025-09-30 23:42:52.114 | INFO     | agents.servers.serverFedMSE:train_on_clients:70 - Saved model for client 1 at epoch 480 -> saved_models/FedMSE/FedMSE/wsn_ds/epoch_480_client_1.pt
2025-09-30 23:42:52.346 | INFO     | agents.servers.serverFedMSE:train_on_clients:70 - Saved model for client 2 at epoch 480 -> saved_models/FedMSE/FedMSE/wsn_ds/epoch_480_client_2.pt
2025-09-30 23:42:52.581 | INFO     | agents.servers.serverFedMSE:train_on_clients:70 - Saved model for client 3 at epoch 480 -> saved_models/FedMSE/FedMSE/wsn_ds/epoch_480_client_3.pt
2025-09-30 23:42:52.813 | INFO     | agents.servers.serverFedMSE:train_on_clients:70 - Saved model for client 4 at epoch 480 -> saved_models/FedMSE/FedMSE/wsn_ds/epoch_480_client_4.pt
2025-09-30 23:42:53.044 | INFO     | agents.servers.serverFedMSE:train_on_clients:70 - Saved model for client 5 at epoch 480 -> saved_models/FedMSE/FedMSE/wsn_ds/epoch_480_client_5.pt
2025-09-30 23:42:53.273 | INFO     | agents.servers.serverFedMSE:train_on_clients:70 - Saved model for client 6 at epoch 480 -> saved_models/FedMSE/FedMSE/wsn_ds/epoch_480_client_6.pt
2025-09-30 23:42:53.505 | INFO     | agents.servers.serverFedMSE:train_on_clients:70 - Saved model for client 7 at epoch 480 -> saved_models/FedMSE/FedMSE/wsn_ds/epoch_480_client_7.pt
2025-09-30 23:42:53.745 | INFO     | agents.servers.serverFedMSE:train_on_clients:70 - Saved model for client 8 at epoch 480 -> saved_models/FedMSE/FedMSE/wsn_ds/epoch_480_client_8.pt
2025-09-30 23:42:53.975 | INFO     | agents.servers.serverFedMSE:train_on_clients:70 - Saved model for client 9 at epoch 480 -> saved_models/FedMSE/FedMSE/wsn_ds/epoch_480_client_9.pt
2025-09-30 23:42:54.206 | INFO     | agents.servers.serverFedMSE:train_on_clients:70 - Saved model for client 10 at epoch 480 -> saved_models/FedMSE/FedMSE/wsn_ds/epoch_480_client_10.pt
2025-09-30 23:42:54.438 | INFO     | agents.servers.serverFedMSE:train_on_clients:70 - Saved model for client 11 at epoch 480 -> saved_models/FedMSE/FedMSE/wsn_ds/epoch_480_client_11.pt
2025-09-30 23:42:54.670 | INFO     | agents.servers.serverFedMSE:train_on_clients:70 - Saved model for client 12 at epoch 480 -> saved_models/FedMSE/FedMSE/wsn_ds/epoch_480_client_12.pt
2025-09-30 23:42:54.932 | INFO     | agents.servers.serverFedMSE:train_on_clients:70 - Saved model for client 13 at epoch 480 -> saved_models/FedMSE/FedMSE/wsn_ds/epoch_480_client_13.pt
2025-09-30 23:42:55.166 | INFO     | agents.servers.serverFedMSE:train_on_clients:70 - Saved model for client 14 at epoch 480 -> saved_models/FedMSE/FedMSE/wsn_ds/epoch_480_client_14.pt
2025-09-30 23:42:55.397 | INFO     | agents.servers.serverFedMSE:train_on_clients:70 - Saved model for client 15 at epoch 480 -> saved_models/FedMSE/FedMSE/wsn_ds/epoch_480_client_15.pt
2025-09-30 23:42:55.628 | INFO     | agents.servers.serverFedMSE:train_on_clients:70 - Saved model for client 16 at epoch 480 -> saved_models/FedMSE/FedMSE/wsn_ds/epoch_480_client_16.pt
2025-09-30 23:42:55.860 | INFO     | agents.servers.serverFedMSE:train_on_clients:70 - Saved model for client 17 at epoch 480 -> saved_models/FedMSE/FedMSE/wsn_ds/epoch_480_client_17.pt
2025-09-30 23:42:56.092 | INFO     | agents.servers.serverFedMSE:train_on_clients:70 - Saved model for client 18 at epoch 480 -> saved_models/FedMSE/FedMSE/wsn_ds/epoch_480_client_18.pt
2025-09-30 23:42:56.357 | INFO     | agents.servers.serverFedMSE:train_on_clients:70 - Saved model for client 19 at epoch 480 -> saved_models/FedMSE/FedMSE/wsn_ds/epoch_480_client_19.pt
2025-09-30 23:42:56.359 | INFO     | agents.servers.serverFedMSE:train_on_clients:76 - 20 clients still training at epoch #480
2025-09-30 23:43:09.958 | INFO     | agents.servers.serverFedMSE:train_on_clients:32 - Training FedMSE model epoch #481
2025-09-30 23:43:14.590 | INFO     | agents.servers.serverFedMSE:train_on_clients:76 - 20 clients still training at epoch #481
2025-09-30 23:43:28.109 | INFO     | agents.servers.serverFedMSE:train_on_clients:32 - Training FedMSE model epoch #482
2025-09-30 23:43:32.734 | INFO     | agents.servers.serverFedMSE:train_on_clients:76 - 20 clients still training at epoch #482
2025-09-30 23:43:46.196 | INFO     | agents.servers.serverFedMSE:train_on_clients:32 - Training FedMSE model epoch #483
2025-09-30 23:43:50.764 | INFO     | agents.servers.serverFedMSE:train_on_clients:76 - 20 clients still training at epoch #483
2025-09-30 23:44:04.403 | INFO     | agents.servers.serverFedMSE:train_on_clients:32 - Training FedMSE model epoch #484
2025-09-30 23:44:09.061 | INFO     | agents.servers.serverFedMSE:train_on_clients:76 - 20 clients still training at epoch #484
2025-09-30 23:44:22.517 | INFO     | agents.servers.serverFedMSE:train_on_clients:32 - Training FedMSE model epoch #485
2025-09-30 23:44:27.148 | INFO     | agents.servers.serverFedMSE:train_on_clients:76 - 20 clients still training at epoch #485
2025-09-30 23:44:40.624 | INFO     | agents.servers.serverFedMSE:train_on_clients:32 - Training FedMSE model epoch #486
2025-09-30 23:44:41.087 | INFO     | agents.servers.serverFedMSE:train_on_clients:54 - Client 1 gets new best val_loss at epoch #486: 0.000643
2025-09-30 23:44:44.332 | INFO     | agents.servers.serverFedMSE:train_on_clients:54 - Client 15 gets new best val_loss at epoch #486: 0.000733
2025-09-30 23:44:45.268 | INFO     | agents.servers.serverFedMSE:train_on_clients:76 - 20 clients still training at epoch #486
2025-09-30 23:44:58.760 | INFO     | agents.servers.serverFedMSE:train_on_clients:32 - Training FedMSE model epoch #487
2025-09-30 23:44:59.676 | INFO     | agents.servers.serverFedMSE:train_on_clients:54 - Client 3 gets new best val_loss at epoch #487: 0.000705
2025-09-30 23:45:00.596 | INFO     | agents.servers.serverFedMSE:train_on_clients:54 - Client 7 gets new best val_loss at epoch #487: 0.000778
2025-09-30 23:45:03.365 | INFO     | agents.servers.serverFedMSE:train_on_clients:76 - 20 clients still training at epoch #487
2025-09-30 23:45:17.171 | INFO     | agents.servers.serverFedMSE:train_on_clients:32 - Training FedMSE model epoch #488
2025-09-30 23:45:18.096 | INFO     | agents.servers.serverFedMSE:train_on_clients:54 - Client 3 gets new best val_loss at epoch #488: 0.000694
2025-09-30 23:45:19.017 | INFO     | agents.servers.serverFedMSE:train_on_clients:54 - Client 7 gets new best val_loss at epoch #488: 0.000774
2025-09-30 23:45:21.769 | INFO     | agents.servers.serverFedMSE:train_on_clients:76 - 20 clients still training at epoch #488
2025-09-30 23:45:35.235 | INFO     | agents.servers.serverFedMSE:train_on_clients:32 - Training FedMSE model epoch #489
2025-09-30 23:45:36.153 | INFO     | agents.servers.serverFedMSE:train_on_clients:54 - Client 3 gets new best val_loss at epoch #489: 0.000693
2025-09-30 23:45:37.070 | INFO     | agents.servers.serverFedMSE:train_on_clients:54 - Client 7 gets new best val_loss at epoch #489: 0.000772
2025-09-30 23:45:39.817 | INFO     | agents.servers.serverFedMSE:train_on_clients:76 - 20 clients still training at epoch #489
2025-09-30 23:45:53.378 | INFO     | agents.servers.serverFedMSE:train_on_clients:32 - Training FedMSE model epoch #490
2025-09-30 23:45:53.613 | INFO     | agents.servers.serverFedMSE:train_on_clients:70 - Saved model for client 0 at epoch 490 -> saved_models/FedMSE/FedMSE/wsn_ds/epoch_490_client_0.pt
2025-09-30 23:45:53.846 | INFO     | agents.servers.serverFedMSE:train_on_clients:54 - Client 1 gets new best val_loss at epoch #490: 0.000641
2025-09-30 23:45:53.847 | INFO     | agents.servers.serverFedMSE:train_on_clients:70 - Saved model for client 1 at epoch 490 -> saved_models/FedMSE/FedMSE/wsn_ds/epoch_490_client_1.pt
2025-09-30 23:45:54.080 | INFO     | agents.servers.serverFedMSE:train_on_clients:70 - Saved model for client 2 at epoch 490 -> saved_models/FedMSE/FedMSE/wsn_ds/epoch_490_client_2.pt
2025-09-30 23:45:54.312 | INFO     | agents.servers.serverFedMSE:train_on_clients:54 - Client 3 gets new best val_loss at epoch #490: 0.000693
2025-09-30 23:45:54.314 | INFO     | agents.servers.serverFedMSE:train_on_clients:70 - Saved model for client 3 at epoch 490 -> saved_models/FedMSE/FedMSE/wsn_ds/epoch_490_client_3.pt
2025-09-30 23:45:54.544 | INFO     | agents.servers.serverFedMSE:train_on_clients:70 - Saved model for client 4 at epoch 490 -> saved_models/FedMSE/FedMSE/wsn_ds/epoch_490_client_4.pt
2025-09-30 23:45:54.776 | INFO     | agents.servers.serverFedMSE:train_on_clients:70 - Saved model for client 5 at epoch 490 -> saved_models/FedMSE/FedMSE/wsn_ds/epoch_490_client_5.pt
2025-09-30 23:45:55.010 | INFO     | agents.servers.serverFedMSE:train_on_clients:70 - Saved model for client 6 at epoch 490 -> saved_models/FedMSE/FedMSE/wsn_ds/epoch_490_client_6.pt
2025-09-30 23:45:55.240 | INFO     | agents.servers.serverFedMSE:train_on_clients:70 - Saved model for client 7 at epoch 490 -> saved_models/FedMSE/FedMSE/wsn_ds/epoch_490_client_7.pt
2025-09-30 23:45:55.472 | INFO     | agents.servers.serverFedMSE:train_on_clients:70 - Saved model for client 8 at epoch 490 -> saved_models/FedMSE/FedMSE/wsn_ds/epoch_490_client_8.pt
2025-09-30 23:45:55.707 | INFO     | agents.servers.serverFedMSE:train_on_clients:70 - Saved model for client 9 at epoch 490 -> saved_models/FedMSE/FedMSE/wsn_ds/epoch_490_client_9.pt
2025-09-30 23:45:55.940 | INFO     | agents.servers.serverFedMSE:train_on_clients:70 - Saved model for client 10 at epoch 490 -> saved_models/FedMSE/FedMSE/wsn_ds/epoch_490_client_10.pt
2025-09-30 23:45:56.173 | INFO     | agents.servers.serverFedMSE:train_on_clients:70 - Saved model for client 11 at epoch 490 -> saved_models/FedMSE/FedMSE/wsn_ds/epoch_490_client_11.pt
2025-09-30 23:45:56.404 | INFO     | agents.servers.serverFedMSE:train_on_clients:70 - Saved model for client 12 at epoch 490 -> saved_models/FedMSE/FedMSE/wsn_ds/epoch_490_client_12.pt
2025-09-30 23:45:56.635 | INFO     | agents.servers.serverFedMSE:train_on_clients:70 - Saved model for client 13 at epoch 490 -> saved_models/FedMSE/FedMSE/wsn_ds/epoch_490_client_13.pt
2025-09-30 23:45:56.867 | INFO     | agents.servers.serverFedMSE:train_on_clients:70 - Saved model for client 14 at epoch 490 -> saved_models/FedMSE/FedMSE/wsn_ds/epoch_490_client_14.pt
2025-09-30 23:45:57.099 | INFO     | agents.servers.serverFedMSE:train_on_clients:70 - Saved model for client 15 at epoch 490 -> saved_models/FedMSE/FedMSE/wsn_ds/epoch_490_client_15.pt
2025-09-30 23:45:57.332 | INFO     | agents.servers.serverFedMSE:train_on_clients:70 - Saved model for client 16 at epoch 490 -> saved_models/FedMSE/FedMSE/wsn_ds/epoch_490_client_16.pt
2025-09-30 23:45:57.564 | INFO     | agents.servers.serverFedMSE:train_on_clients:70 - Saved model for client 17 at epoch 490 -> saved_models/FedMSE/FedMSE/wsn_ds/epoch_490_client_17.pt
2025-09-30 23:45:57.798 | INFO     | agents.servers.serverFedMSE:train_on_clients:70 - Saved model for client 18 at epoch 490 -> saved_models/FedMSE/FedMSE/wsn_ds/epoch_490_client_18.pt
2025-09-30 23:45:58.027 | INFO     | agents.servers.serverFedMSE:train_on_clients:70 - Saved model for client 19 at epoch 490 -> saved_models/FedMSE/FedMSE/wsn_ds/epoch_490_client_19.pt
2025-09-30 23:45:58.029 | INFO     | agents.servers.serverFedMSE:train_on_clients:76 - 20 clients still training at epoch #490
2025-09-30 23:46:11.500 | INFO     | agents.servers.serverFedMSE:train_on_clients:32 - Training FedMSE model epoch #491
2025-09-30 23:46:12.425 | INFO     | agents.servers.serverFedMSE:train_on_clients:54 - Client 3 gets new best val_loss at epoch #491: 0.000693
2025-09-30 23:46:12.659 | INFO     | agents.servers.serverFedMSE:train_on_clients:54 - Client 4 gets new best val_loss at epoch #491: 0.000570
2025-09-30 23:46:16.204 | INFO     | agents.servers.serverFedMSE:train_on_clients:76 - 20 clients still training at epoch #491
2025-09-30 23:46:29.761 | INFO     | agents.servers.serverFedMSE:train_on_clients:32 - Training FedMSE model epoch #492
2025-09-30 23:46:30.917 | INFO     | agents.servers.serverFedMSE:train_on_clients:54 - Client 4 gets new best val_loss at epoch #492: 0.000569
2025-09-30 23:46:34.390 | INFO     | agents.servers.serverFedMSE:train_on_clients:76 - 20 clients still training at epoch #492
2025-09-30 23:46:47.914 | INFO     | agents.servers.serverFedMSE:train_on_clients:32 - Training FedMSE model epoch #493
2025-09-30 23:46:48.837 | INFO     | agents.servers.serverFedMSE:train_on_clients:54 - Client 3 gets new best val_loss at epoch #493: 0.000692
2025-09-30 23:46:49.071 | INFO     | agents.servers.serverFedMSE:train_on_clients:54 - Client 4 gets new best val_loss at epoch #493: 0.000567
2025-09-30 23:46:52.304 | INFO     | agents.servers.serverFedMSE:train_on_clients:54 - Client 18 gets new best val_loss at epoch #493: 0.000669
2025-09-30 23:46:52.541 | INFO     | agents.servers.serverFedMSE:train_on_clients:76 - 20 clients still training at epoch #493
2025-09-30 23:47:06.040 | INFO     | agents.servers.serverFedMSE:train_on_clients:32 - Training FedMSE model epoch #494
2025-09-30 23:47:06.967 | INFO     | agents.servers.serverFedMSE:train_on_clients:54 - Client 3 gets new best val_loss at epoch #494: 0.000691
2025-09-30 23:47:10.457 | INFO     | agents.servers.serverFedMSE:train_on_clients:54 - Client 18 gets new best val_loss at epoch #494: 0.000668
2025-09-30 23:47:10.694 | INFO     | agents.servers.serverFedMSE:train_on_clients:76 - 20 clients still training at epoch #494
2025-09-30 23:47:24.369 | INFO     | agents.servers.serverFedMSE:train_on_clients:32 - Training FedMSE model epoch #495
2025-09-30 23:47:25.313 | INFO     | agents.servers.serverFedMSE:train_on_clients:54 - Client 3 gets new best val_loss at epoch #495: 0.000689
2025-09-30 23:47:28.064 | INFO     | agents.servers.serverFedMSE:train_on_clients:54 - Client 15 gets new best val_loss at epoch #495: 0.000732
2025-09-30 23:47:28.769 | INFO     | agents.servers.serverFedMSE:train_on_clients:54 - Client 18 gets new best val_loss at epoch #495: 0.000666
2025-09-30 23:47:29.006 | INFO     | agents.servers.serverFedMSE:train_on_clients:76 - 20 clients still training at epoch #495
2025-09-30 23:47:42.442 | INFO     | agents.servers.serverFedMSE:train_on_clients:32 - Training FedMSE model epoch #496
2025-09-30 23:47:43.368 | INFO     | agents.servers.serverFedMSE:train_on_clients:54 - Client 3 gets new best val_loss at epoch #496: 0.000689
2025-09-30 23:47:43.600 | INFO     | agents.servers.serverFedMSE:train_on_clients:54 - Client 4 gets new best val_loss at epoch #496: 0.000565
2025-09-30 23:47:46.136 | INFO     | agents.servers.serverFedMSE:train_on_clients:54 - Client 15 gets new best val_loss at epoch #496: 0.000729
2025-09-30 23:47:46.828 | INFO     | agents.servers.serverFedMSE:train_on_clients:54 - Client 18 gets new best val_loss at epoch #496: 0.000666
2025-09-30 23:47:47.060 | INFO     | agents.servers.serverFedMSE:train_on_clients:76 - 20 clients still training at epoch #496
2025-09-30 23:48:00.473 | INFO     | agents.servers.serverFedMSE:train_on_clients:32 - Training FedMSE model epoch #497
2025-09-30 23:48:01.399 | INFO     | agents.servers.serverFedMSE:train_on_clients:54 - Client 3 gets new best val_loss at epoch #497: 0.000687
2025-09-30 23:48:01.631 | INFO     | agents.servers.serverFedMSE:train_on_clients:54 - Client 4 gets new best val_loss at epoch #497: 0.000563
2025-09-30 23:48:05.099 | INFO     | agents.servers.serverFedMSE:train_on_clients:76 - 20 clients still training at epoch #497
2025-09-30 23:48:18.482 | INFO     | agents.servers.serverFedMSE:train_on_clients:32 - Training FedMSE model epoch #498
2025-09-30 23:48:19.406 | INFO     | agents.servers.serverFedMSE:train_on_clients:54 - Client 3 gets new best val_loss at epoch #498: 0.000686
2025-09-30 23:48:19.641 | INFO     | agents.servers.serverFedMSE:train_on_clients:54 - Client 4 gets new best val_loss at epoch #498: 0.000562
2025-09-30 23:48:23.130 | INFO     | agents.servers.serverFedMSE:train_on_clients:76 - 20 clients still training at epoch #498
2025-09-30 23:48:36.867 | INFO     | agents.servers.serverFedMSE:train_on_clients:32 - Training FedMSE model epoch #499
2025-09-30 23:48:41.476 | INFO     | agents.servers.serverFedMSE:train_on_clients:76 - 20 clients still training at epoch #499
2025-09-30 23:48:54.832 | INFO     | agents.servers.serverFedMSE:train_on_clients:32 - Training FedMSE model epoch #500
2025-09-30 23:48:55.063 | INFO     | agents.servers.serverFedMSE:train_on_clients:70 - Saved model for client 0 at epoch 500 -> saved_models/FedMSE/FedMSE/wsn_ds/epoch_500_client_0.pt
2025-09-30 23:48:55.294 | INFO     | agents.servers.serverFedMSE:train_on_clients:70 - Saved model for client 1 at epoch 500 -> saved_models/FedMSE/FedMSE/wsn_ds/epoch_500_client_1.pt
2025-09-30 23:48:55.523 | INFO     | agents.servers.serverFedMSE:train_on_clients:70 - Saved model for client 2 at epoch 500 -> saved_models/FedMSE/FedMSE/wsn_ds/epoch_500_client_2.pt
2025-09-30 23:48:55.751 | INFO     | agents.servers.serverFedMSE:train_on_clients:70 - Saved model for client 3 at epoch 500 -> saved_models/FedMSE/FedMSE/wsn_ds/epoch_500_client_3.pt
2025-09-30 23:48:55.981 | INFO     | agents.servers.serverFedMSE:train_on_clients:54 - Client 4 gets new best val_loss at epoch #500: 0.000561
2025-09-30 23:48:55.983 | INFO     | agents.servers.serverFedMSE:train_on_clients:70 - Saved model for client 4 at epoch 500 -> saved_models/FedMSE/FedMSE/wsn_ds/epoch_500_client_4.pt
2025-09-30 23:48:56.214 | INFO     | agents.servers.serverFedMSE:train_on_clients:70 - Saved model for client 5 at epoch 500 -> saved_models/FedMSE/FedMSE/wsn_ds/epoch_500_client_5.pt
2025-09-30 23:48:56.445 | INFO     | agents.servers.serverFedMSE:train_on_clients:70 - Saved model for client 6 at epoch 500 -> saved_models/FedMSE/FedMSE/wsn_ds/epoch_500_client_6.pt
2025-09-30 23:48:56.673 | INFO     | agents.servers.serverFedMSE:train_on_clients:70 - Saved model for client 7 at epoch 500 -> saved_models/FedMSE/FedMSE/wsn_ds/epoch_500_client_7.pt
2025-09-30 23:48:56.904 | INFO     | agents.servers.serverFedMSE:train_on_clients:70 - Saved model for client 8 at epoch 500 -> saved_models/FedMSE/FedMSE/wsn_ds/epoch_500_client_8.pt
2025-09-30 23:48:57.135 | INFO     | agents.servers.serverFedMSE:train_on_clients:70 - Saved model for client 9 at epoch 500 -> saved_models/FedMSE/FedMSE/wsn_ds/epoch_500_client_9.pt
2025-09-30 23:48:57.364 | INFO     | agents.servers.serverFedMSE:train_on_clients:70 - Saved model for client 10 at epoch 500 -> saved_models/FedMSE/FedMSE/wsn_ds/epoch_500_client_10.pt
2025-09-30 23:48:57.596 | INFO     | agents.servers.serverFedMSE:train_on_clients:70 - Saved model for client 11 at epoch 500 -> saved_models/FedMSE/FedMSE/wsn_ds/epoch_500_client_11.pt
2025-09-30 23:48:57.825 | INFO     | agents.servers.serverFedMSE:train_on_clients:70 - Saved model for client 12 at epoch 500 -> saved_models/FedMSE/FedMSE/wsn_ds/epoch_500_client_12.pt
2025-09-30 23:48:58.055 | INFO     | agents.servers.serverFedMSE:train_on_clients:70 - Saved model for client 13 at epoch 500 -> saved_models/FedMSE/FedMSE/wsn_ds/epoch_500_client_13.pt
2025-09-30 23:48:58.283 | INFO     | agents.servers.serverFedMSE:train_on_clients:54 - Client 14 gets new best val_loss at epoch #500: 0.000645
2025-09-30 23:48:58.285 | INFO     | agents.servers.serverFedMSE:train_on_clients:70 - Saved model for client 14 at epoch 500 -> saved_models/FedMSE/FedMSE/wsn_ds/epoch_500_client_14.pt
2025-09-30 23:48:58.515 | INFO     | agents.servers.serverFedMSE:train_on_clients:70 - Saved model for client 15 at epoch 500 -> saved_models/FedMSE/FedMSE/wsn_ds/epoch_500_client_15.pt
2025-09-30 23:48:58.746 | INFO     | agents.servers.serverFedMSE:train_on_clients:70 - Saved model for client 16 at epoch 500 -> saved_models/FedMSE/FedMSE/wsn_ds/epoch_500_client_16.pt
2025-09-30 23:48:58.975 | INFO     | agents.servers.serverFedMSE:train_on_clients:70 - Saved model for client 17 at epoch 500 -> saved_models/FedMSE/FedMSE/wsn_ds/epoch_500_client_17.pt
2025-09-30 23:48:59.204 | INFO     | agents.servers.serverFedMSE:train_on_clients:70 - Saved model for client 18 at epoch 500 -> saved_models/FedMSE/FedMSE/wsn_ds/epoch_500_client_18.pt
2025-09-30 23:48:59.432 | INFO     | agents.servers.serverFedMSE:train_on_clients:70 - Saved model for client 19 at epoch 500 -> saved_models/FedMSE/FedMSE/wsn_ds/epoch_500_client_19.pt
2025-09-30 23:48:59.433 | INFO     | agents.servers.serverFedMSE:train_on_clients:76 - 20 clients still training at epoch #500
2025-09-30 23:49:12.895 | INFO     | agents.servers.serverFedMSE:test_on_clients:174 - Testing FedMSE model at epoch #500
2025-09-30 23:49:12.895 | INFO     | agents.servers.serverFedMSE:test_on_clients:183 - Client 0 test params:  threshold_z (mean=0.000065, std=0.000009), best epoch 414
2025-09-30 23:49:14.535 | DEBUG    | agents.clients.clientFedMSE:test_with_thresholds:279 - Classification Report:
              precision    recall  f1-score   support

           0       1.00      0.72      0.83      3418
           1       0.25      0.99      0.40       329

    accuracy                           0.74      3747
   macro avg       0.62      0.85      0.62      3747
weighted avg       0.93      0.74      0.80      3747

2025-09-30 23:49:14.535 | DEBUG    | agents.clients.clientFedMSE:test_with_thresholds:283 - Confusion Matrix:
[[2449  969]
 [   4  325]]
2025-09-30 23:49:14.535 | DEBUG    | agents.clients.clientFedMSE:test_with_thresholds:284 - ROC AUC Score: 0.8521714114975073
2025-09-30 23:49:14.535 | DEBUG    | agents.clients.clientFedMSE:test_with_thresholds:285 - False Positive Rate (FPR): 0.2835
2025-09-30 23:49:55.921 | INFO     | agents.servers.serverFedMSE:test_on_clients:200 - [Client 0] Multiplier 0.0: ACC=0.7403, P=0.2512, R=0.9878, F1=0.4005, AUC=0.8522
2025-09-30 23:49:55.942 | INFO     | agents.servers.serverFedMSE:test_on_clients:183 - Client 1 test params:  threshold_z (mean=0.000071, std=0.000010), best epoch 490
2025-09-30 23:49:57.599 | DEBUG    | agents.clients.clientFedMSE:test_with_thresholds:279 - Classification Report:
              precision    recall  f1-score   support

           0       1.00      0.73      0.84      3383
           1       0.28      0.99      0.44       364

    accuracy                           0.76      3747
   macro avg       0.64      0.86      0.64      3747
weighted avg       0.93      0.76      0.80      3747

2025-09-30 23:49:57.599 | DEBUG    | agents.clients.clientFedMSE:test_with_thresholds:283 - Confusion Matrix:
[[2471  912]
 [   4  360]]
2025-09-30 23:49:57.600 | DEBUG    | agents.clients.clientFedMSE:test_with_thresholds:284 - ROC AUC Score: 0.8597138894212498
2025-09-30 23:49:57.600 | DEBUG    | agents.clients.clientFedMSE:test_with_thresholds:285 - False Positive Rate (FPR): 0.2696
2025-09-30 23:50:38.906 | INFO     | agents.servers.serverFedMSE:test_on_clients:200 - [Client 1] Multiplier 0.0: ACC=0.7555, P=0.2830, R=0.9890, F1=0.4401, AUC=0.8597
2025-09-30 23:50:38.926 | INFO     | agents.servers.serverFedMSE:test_on_clients:183 - Client 2 test params:  threshold_z (mean=0.000064, std=0.000008), best epoch 453
2025-09-30 23:50:40.627 | DEBUG    | agents.clients.clientFedMSE:test_with_thresholds:279 - Classification Report:
              precision    recall  f1-score   support

           0       1.00      0.72      0.84      3371
           1       0.28      0.99      0.44       376

    accuracy                           0.75      3747
   macro avg       0.64      0.85      0.64      3747
weighted avg       0.93      0.75      0.80      3747

2025-09-30 23:50:40.627 | DEBUG    | agents.clients.clientFedMSE:test_with_thresholds:283 - Confusion Matrix:
[[2427  944]
 [   4  372]]
2025-09-30 23:50:40.627 | DEBUG    | agents.clients.clientFedMSE:test_with_thresholds:284 - ROC AUC Score: 0.8546630521910918
2025-09-30 23:50:40.628 | DEBUG    | agents.clients.clientFedMSE:test_with_thresholds:285 - False Positive Rate (FPR): 0.2800
2025-09-30 23:51:21.991 | INFO     | agents.servers.serverFedMSE:test_on_clients:200 - [Client 2] Multiplier 0.0: ACC=0.7470, P=0.2827, R=0.9894, F1=0.4397, AUC=0.8547
2025-09-30 23:51:22.012 | INFO     | agents.servers.serverFedMSE:test_on_clients:183 - Client 3 test params:  threshold_z (mean=0.000064, std=0.000007), best epoch 498
2025-09-30 23:51:23.668 | DEBUG    | agents.clients.clientFedMSE:test_with_thresholds:279 - Classification Report:
              precision    recall  f1-score   support

           0       1.00      0.72      0.84      3421
           1       0.25      0.99      0.40       326

    accuracy                           0.74      3747
   macro avg       0.63      0.86      0.62      3747
weighted avg       0.93      0.74      0.80      3747

2025-09-30 23:51:23.669 | DEBUG    | agents.clients.clientFedMSE:test_with_thresholds:283 - Confusion Matrix:
[[2466  955]
 [   2  324]]
2025-09-30 23:51:23.669 | DEBUG    | agents.clients.clientFedMSE:test_with_thresholds:284 - ROC AUC Score: 0.8573534448901856
2025-09-30 23:51:23.669 | DEBUG    | agents.clients.clientFedMSE:test_with_thresholds:285 - False Positive Rate (FPR): 0.2792
2025-09-30 23:52:05.071 | INFO     | agents.servers.serverFedMSE:test_on_clients:200 - [Client 3] Multiplier 0.0: ACC=0.7446, P=0.2533, R=0.9939, F1=0.4037, AUC=0.8574
2025-09-30 23:52:05.091 | INFO     | agents.servers.serverFedMSE:test_on_clients:183 - Client 4 test params:  threshold_z (mean=0.000063, std=0.000007), best epoch 500
2025-09-30 23:52:06.749 | DEBUG    | agents.clients.clientFedMSE:test_with_thresholds:279 - Classification Report:
              precision    recall  f1-score   support

           0       1.00      0.71      0.83      3398
           1       0.26      0.99      0.42       349

    accuracy                           0.74      3747
   macro avg       0.63      0.85      0.62      3747
weighted avg       0.93      0.74      0.79      3747

2025-09-30 23:52:06.749 | DEBUG    | agents.clients.clientFedMSE:test_with_thresholds:283 - Confusion Matrix:
[[2425  973]
 [   2  347]]
2025-09-30 23:52:06.749 | DEBUG    | agents.clients.clientFedMSE:test_with_thresholds:284 - ROC AUC Score: 0.8539622161021737
2025-09-30 23:52:06.749 | DEBUG    | agents.clients.clientFedMSE:test_with_thresholds:285 - False Positive Rate (FPR): 0.2863
2025-09-30 23:52:47.870 | INFO     | agents.servers.serverFedMSE:test_on_clients:200 - [Client 4] Multiplier 0.0: ACC=0.7398, P=0.2629, R=0.9943, F1=0.4158, AUC=0.8540
2025-09-30 23:52:47.891 | INFO     | agents.servers.serverFedMSE:test_on_clients:183 - Client 5 test params:  threshold_z (mean=0.000069, std=0.000011), best epoch 475
2025-09-30 23:52:49.555 | DEBUG    | agents.clients.clientFedMSE:test_with_thresholds:279 - Classification Report:
              precision    recall  f1-score   support

           0       1.00      0.73      0.84      3409
           1       0.26      0.99      0.42       338

    accuracy                           0.75      3747
   macro avg       0.63      0.86      0.63      3747
weighted avg       0.93      0.75      0.80      3747

2025-09-30 23:52:49.556 | DEBUG    | agents.clients.clientFedMSE:test_with_thresholds:283 - Confusion Matrix:
[[2477  932]
 [   3  335]]
2025-09-30 23:52:49.556 | DEBUG    | agents.clients.clientFedMSE:test_with_thresholds:284 - ROC AUC Score: 0.8588651515914192
2025-09-30 23:52:49.556 | DEBUG    | agents.clients.clientFedMSE:test_with_thresholds:285 - False Positive Rate (FPR): 0.2734
2025-09-30 23:53:31.000 | INFO     | agents.servers.serverFedMSE:test_on_clients:200 - [Client 5] Multiplier 0.0: ACC=0.7505, P=0.2644, R=0.9911, F1=0.4174, AUC=0.8589
2025-09-30 23:53:31.020 | INFO     | agents.servers.serverFedMSE:test_on_clients:183 - Client 6 test params:  threshold_z (mean=0.000068, std=0.000010), best epoch 451
2025-09-30 23:53:32.656 | DEBUG    | agents.clients.clientFedMSE:test_with_thresholds:279 - Classification Report:
              precision    recall  f1-score   support

           0       1.00      0.73      0.85      3380
           1       0.29      0.99      0.45       367

    accuracy                           0.76      3747
   macro avg       0.64      0.86      0.65      3747
weighted avg       0.93      0.76      0.81      3747

2025-09-30 23:53:32.656 | DEBUG    | agents.clients.clientFedMSE:test_with_thresholds:283 - Confusion Matrix:
[[2475  905]
 [   2  365]]
2025-09-30 23:53:32.657 | DEBUG    | agents.clients.clientFedMSE:test_with_thresholds:284 - ROC AUC Score: 0.8633994647147027
2025-09-30 23:53:32.657 | DEBUG    | agents.clients.clientFedMSE:test_with_thresholds:285 - False Positive Rate (FPR): 0.2678
2025-09-30 23:54:13.961 | INFO     | agents.servers.serverFedMSE:test_on_clients:200 - [Client 6] Multiplier 0.0: ACC=0.7579, P=0.2874, R=0.9946, F1=0.4459, AUC=0.8634
2025-09-30 23:54:13.981 | INFO     | agents.servers.serverFedMSE:test_on_clients:183 - Client 7 test params:  threshold_z (mean=0.000067, std=0.000010), best epoch 489
2025-09-30 23:54:15.648 | DEBUG    | agents.clients.clientFedMSE:test_with_thresholds:279 - Classification Report:
              precision    recall  f1-score   support

           0       1.00      0.74      0.85      3421
           1       0.26      0.99      0.42       326

    accuracy                           0.76      3747
   macro avg       0.63      0.86      0.63      3747
weighted avg       0.93      0.76      0.81      3747

2025-09-30 23:54:15.649 | DEBUG    | agents.clients.clientFedMSE:test_with_thresholds:283 - Confusion Matrix:
[[2520  901]
 [   4  322]]
2025-09-30 23:54:15.649 | DEBUG    | agents.clients.clientFedMSE:test_with_thresholds:284 - ROC AUC Score: 0.862178389341903
2025-09-30 23:54:15.649 | DEBUG    | agents.clients.clientFedMSE:test_with_thresholds:285 - False Positive Rate (FPR): 0.2634
2025-09-30 23:54:56.754 | INFO     | agents.servers.serverFedMSE:test_on_clients:200 - [Client 7] Multiplier 0.0: ACC=0.7585, P=0.2633, R=0.9877, F1=0.4158, AUC=0.8622
2025-09-30 23:54:56.774 | INFO     | agents.servers.serverFedMSE:test_on_clients:183 - Client 8 test params:  threshold_z (mean=0.000068, std=0.000011), best epoch 476
2025-09-30 23:54:58.426 | DEBUG    | agents.clients.clientFedMSE:test_with_thresholds:279 - Classification Report:
              precision    recall  f1-score   support

           0       1.00      0.72      0.83      3409
           1       0.26      0.98      0.41       338

    accuracy                           0.74      3747
   macro avg       0.63      0.85      0.62      3747
weighted avg       0.93      0.74      0.80      3747

2025-09-30 23:54:58.426 | DEBUG    | agents.clients.clientFedMSE:test_with_thresholds:283 - Confusion Matrix:
[[2447  962]
 [   6  332]]
2025-09-30 23:54:58.426 | DEBUG    | agents.clients.clientFedMSE:test_with_thresholds:284 - ROC AUC Score: 0.8500271644324717
2025-09-30 23:54:58.426 | DEBUG    | agents.clients.clientFedMSE:test_with_thresholds:285 - False Positive Rate (FPR): 0.2822
2025-09-30 23:55:39.900 | INFO     | agents.servers.serverFedMSE:test_on_clients:200 - [Client 8] Multiplier 0.0: ACC=0.7417, P=0.2566, R=0.9822, F1=0.4069, AUC=0.8500
2025-09-30 23:55:39.921 | INFO     | agents.servers.serverFedMSE:test_on_clients:183 - Client 9 test params:  threshold_z (mean=0.000069, std=0.000009), best epoch 412
2025-09-30 23:55:41.581 | DEBUG    | agents.clients.clientFedMSE:test_with_thresholds:279 - Classification Report:
              precision    recall  f1-score   support

           0       1.00      0.71      0.83      3397
           1       0.26      0.98      0.41       350

    accuracy                           0.73      3747
   macro avg       0.63      0.84      0.62      3747
weighted avg       0.93      0.73      0.79      3747

2025-09-30 23:55:41.581 | DEBUG    | agents.clients.clientFedMSE:test_with_thresholds:283 - Confusion Matrix:
[[2402  995]
 [   6  344]]
2025-09-30 23:55:41.581 | DEBUG    | agents.clients.clientFedMSE:test_with_thresholds:284 - ROC AUC Score: 0.844975818999958
2025-09-30 23:55:41.581 | DEBUG    | agents.clients.clientFedMSE:test_with_thresholds:285 - False Positive Rate (FPR): 0.2929
2025-09-30 23:56:22.876 | INFO     | agents.servers.serverFedMSE:test_on_clients:200 - [Client 9] Multiplier 0.0: ACC=0.7329, P=0.2569, R=0.9829, F1=0.4073, AUC=0.8450
2025-09-30 23:56:22.896 | INFO     | agents.servers.serverFedMSE:test_on_clients:183 - Client 10 test params:  threshold_z (mean=0.000071, std=0.000011), best epoch 369
2025-09-30 23:56:24.565 | DEBUG    | agents.clients.clientFedMSE:test_with_thresholds:279 - Classification Report:
              precision    recall  f1-score   support

           0       1.00      0.74      0.85      3362
           1       0.30      0.98      0.46       385

    accuracy                           0.76      3747
   macro avg       0.65      0.86      0.65      3747
weighted avg       0.93      0.76      0.81      3747

2025-09-30 23:56:24.566 | DEBUG    | agents.clients.clientFedMSE:test_with_thresholds:283 - Confusion Matrix:
[[2473  889]
 [   7  378]]
2025-09-30 23:56:24.566 | DEBUG    | agents.clients.clientFedMSE:test_with_thresholds:284 - ROC AUC Score: 0.8586961224379427
2025-09-30 23:56:24.566 | DEBUG    | agents.clients.clientFedMSE:test_with_thresholds:285 - False Positive Rate (FPR): 0.2644
2025-09-30 23:57:05.674 | INFO     | agents.servers.serverFedMSE:test_on_clients:200 - [Client 10] Multiplier 0.0: ACC=0.7609, P=0.2983, R=0.9818, F1=0.4576, AUC=0.8587
2025-09-30 23:57:05.695 | INFO     | agents.servers.serverFedMSE:test_on_clients:183 - Client 11 test params:  threshold_z (mean=0.000073, std=0.000011), best epoch 424
2025-09-30 23:57:07.357 | DEBUG    | agents.clients.clientFedMSE:test_with_thresholds:279 - Classification Report:
              precision    recall  f1-score   support

           0       1.00      0.72      0.84      3391
           1       0.27      0.99      0.43       356

    accuracy                           0.75      3747
   macro avg       0.64      0.86      0.63      3747
weighted avg       0.93      0.75      0.80      3747

2025-09-30 23:57:07.357 | DEBUG    | agents.clients.clientFedMSE:test_with_thresholds:283 - Confusion Matrix:
[[2447  944]
 [   3  353]]
2025-09-30 23:57:07.357 | DEBUG    | agents.clients.clientFedMSE:test_with_thresholds:284 - ROC AUC Score: 0.8565945380866073
2025-09-30 23:57:07.357 | DEBUG    | agents.clients.clientFedMSE:test_with_thresholds:285 - False Positive Rate (FPR): 0.2784
2025-09-30 23:57:48.661 | INFO     | agents.servers.serverFedMSE:test_on_clients:200 - [Client 11] Multiplier 0.0: ACC=0.7473, P=0.2722, R=0.9916, F1=0.4271, AUC=0.8566
2025-09-30 23:57:48.681 | INFO     | agents.servers.serverFedMSE:test_on_clients:183 - Client 12 test params:  threshold_z (mean=0.000065, std=0.000010), best epoch 422
2025-09-30 23:57:50.335 | DEBUG    | agents.clients.clientFedMSE:test_with_thresholds:279 - Classification Report:
              precision    recall  f1-score   support

           0       1.00      0.72      0.84      3427
           1       0.25      0.99      0.40       320

    accuracy                           0.74      3747
   macro avg       0.62      0.85      0.62      3747
weighted avg       0.93      0.74      0.80      3747

2025-09-30 23:57:50.335 | DEBUG    | agents.clients.clientFedMSE:test_with_thresholds:283 - Confusion Matrix:
[[2468  959]
 [   4  316]]
2025-09-30 23:57:50.335 | DEBUG    | agents.clients.clientFedMSE:test_with_thresholds:284 - ROC AUC Score: 0.8538317041143858
2025-09-30 23:57:50.336 | DEBUG    | agents.clients.clientFedMSE:test_with_thresholds:285 - False Positive Rate (FPR): 0.2798
2025-09-30 23:58:31.755 | INFO     | agents.servers.serverFedMSE:test_on_clients:200 - [Client 12] Multiplier 0.0: ACC=0.7430, P=0.2478, R=0.9875, F1=0.3962, AUC=0.8538
2025-09-30 23:58:31.775 | INFO     | agents.servers.serverFedMSE:test_on_clients:183 - Client 13 test params:  threshold_z (mean=0.000065, std=0.000008), best epoch 454
2025-09-30 23:58:33.440 | DEBUG    | agents.clients.clientFedMSE:test_with_thresholds:279 - Classification Report:
              precision    recall  f1-score   support

           0       1.00      0.72      0.84      3402
           1       0.26      0.99      0.42       344

    accuracy                           0.75      3746
   macro avg       0.63      0.85      0.63      3746
weighted avg       0.93      0.75      0.80      3746

2025-09-30 23:58:33.441 | DEBUG    | agents.clients.clientFedMSE:test_with_thresholds:283 - Confusion Matrix:
[[2460  942]
 [   5  339]]
2025-09-30 23:58:33.441 | DEBUG    | agents.clients.clientFedMSE:test_with_thresholds:284 - ROC AUC Score: 0.8542845863582299
2025-09-30 23:58:33.442 | DEBUG    | agents.clients.clientFedMSE:test_with_thresholds:285 - False Positive Rate (FPR): 0.2769
2025-09-30 23:59:14.506 | INFO     | agents.servers.serverFedMSE:test_on_clients:200 - [Client 13] Multiplier 0.0: ACC=0.7472, P=0.2646, R=0.9855, F1=0.4172, AUC=0.8543
2025-09-30 23:59:14.527 | INFO     | agents.servers.serverFedMSE:test_on_clients:183 - Client 14 test params:  threshold_z (mean=0.000057, std=0.000007), best epoch 500
2025-09-30 23:59:16.171 | DEBUG    | agents.clients.clientFedMSE:test_with_thresholds:279 - Classification Report:
              precision    recall  f1-score   support

           0       1.00      0.73      0.84      3387
           1       0.28      1.00      0.44       359

    accuracy                           0.75      3746
   macro avg       0.64      0.86      0.64      3746
weighted avg       0.93      0.75      0.80      3746

2025-09-30 23:59:16.172 | DEBUG    | agents.clients.clientFedMSE:test_with_thresholds:283 - Confusion Matrix:
[[2466  921]
 [   1  358]]
2025-09-30 23:59:16.172 | DEBUG    | agents.clients.clientFedMSE:test_with_thresholds:284 - ROC AUC Score: 0.8626462148819055
2025-09-30 23:59:16.172 | DEBUG    | agents.clients.clientFedMSE:test_with_thresholds:285 - False Positive Rate (FPR): 0.2719
2025-09-30 23:59:57.627 | INFO     | agents.servers.serverFedMSE:test_on_clients:200 - [Client 14] Multiplier 0.0: ACC=0.7539, P=0.2799, R=0.9972, F1=0.4371, AUC=0.8626
2025-09-30 23:59:57.647 | INFO     | agents.servers.serverFedMSE:test_on_clients:183 - Client 15 test params:  threshold_z (mean=0.000067, std=0.000009), best epoch 496
2025-09-30 23:59:59.307 | DEBUG    | agents.clients.clientFedMSE:test_with_thresholds:279 - Classification Report:
              precision    recall  f1-score   support

           0       1.00      0.72      0.84      3397
           1       0.27      1.00      0.42       349

    accuracy                           0.75      3746
   macro avg       0.63      0.86      0.63      3746
weighted avg       0.93      0.75      0.80      3746

2025-09-30 23:59:59.308 | DEBUG    | agents.clients.clientFedMSE:test_with_thresholds:283 - Confusion Matrix:
[[2447  950]
 [   1  348]]
2025-09-30 23:59:59.308 | DEBUG    | agents.clients.clientFedMSE:test_with_thresholds:284 - ROC AUC Score: 0.8587380741308066
2025-09-30 23:59:59.308 | DEBUG    | agents.clients.clientFedMSE:test_with_thresholds:285 - False Positive Rate (FPR): 0.2797
2025-10-01 00:00:40.871 | INFO     | agents.servers.serverFedMSE:test_on_clients:200 - [Client 15] Multiplier 0.0: ACC=0.7461, P=0.2681, R=0.9971, F1=0.4226, AUC=0.8587
2025-10-01 00:00:40.892 | INFO     | agents.servers.serverFedMSE:test_on_clients:183 - Client 16 test params:  threshold_z (mean=0.000063, std=0.000007), best epoch 451
2025-10-01 00:00:42.552 | DEBUG    | agents.clients.clientFedMSE:test_with_thresholds:279 - Classification Report:
              precision    recall  f1-score   support

           0       1.00      0.72      0.83      3411
           1       0.25      0.98      0.40       335

    accuracy                           0.74      3746
   macro avg       0.63      0.85      0.62      3746
weighted avg       0.93      0.74      0.80      3746

2025-10-01 00:00:42.552 | DEBUG    | agents.clients.clientFedMSE:test_with_thresholds:283 - Confusion Matrix:
[[2442  969]
 [   6  329]]
2025-10-01 00:00:42.552 | DEBUG    | agents.clients.clientFedMSE:test_with_thresholds:284 - ROC AUC Score: 0.8490043187755156
2025-10-01 00:00:42.553 | DEBUG    | agents.clients.clientFedMSE:test_with_thresholds:285 - False Positive Rate (FPR): 0.2841
2025-10-01 00:01:23.659 | INFO     | agents.servers.serverFedMSE:test_on_clients:200 - [Client 16] Multiplier 0.0: ACC=0.7397, P=0.2535, R=0.9821, F1=0.4029, AUC=0.8490
2025-10-01 00:01:23.680 | INFO     | agents.servers.serverFedMSE:test_on_clients:183 - Client 17 test params:  threshold_z (mean=0.000066, std=0.000009), best epoch 478
2025-10-01 00:01:25.325 | DEBUG    | agents.clients.clientFedMSE:test_with_thresholds:279 - Classification Report:
              precision    recall  f1-score   support

           0       1.00      0.71      0.83      3417
           1       0.25      0.98      0.40       329

    accuracy                           0.74      3746
   macro avg       0.62      0.85      0.62      3746
weighted avg       0.93      0.74      0.79      3746

2025-10-01 00:01:25.325 | DEBUG    | agents.clients.clientFedMSE:test_with_thresholds:283 - Confusion Matrix:
[[2443  974]
 [   6  323]]
2025-10-01 00:01:25.326 | DEBUG    | agents.clients.clientFedMSE:test_with_thresholds:284 - ROC AUC Score: 0.8483587782524886
2025-10-01 00:01:25.326 | DEBUG    | agents.clients.clientFedMSE:test_with_thresholds:285 - False Positive Rate (FPR): 0.2850
2025-10-01 00:02:06.706 | INFO     | agents.servers.serverFedMSE:test_on_clients:200 - [Client 17] Multiplier 0.0: ACC=0.7384, P=0.2490, R=0.9818, F1=0.3973, AUC=0.8484
2025-10-01 00:02:06.727 | INFO     | agents.servers.serverFedMSE:test_on_clients:183 - Client 18 test params:  threshold_z (mean=0.000069, std=0.000012), best epoch 496
2025-10-01 00:02:08.390 | DEBUG    | agents.clients.clientFedMSE:test_with_thresholds:279 - Classification Report:
              precision    recall  f1-score   support

           0       1.00      0.72      0.84      3379
           1       0.28      0.99      0.44       367

    accuracy                           0.75      3746
   macro avg       0.64      0.86      0.64      3746
weighted avg       0.93      0.75      0.80      3746

2025-10-01 00:02:08.391 | DEBUG    | agents.clients.clientFedMSE:test_with_thresholds:283 - Confusion Matrix:
[[2437  942]
 [   2  365]]
2025-10-01 00:02:08.391 | DEBUG    | agents.clients.clientFedMSE:test_with_thresholds:284 - ROC AUC Score: 0.8578848521844732
2025-10-01 00:02:08.391 | DEBUG    | agents.clients.clientFedMSE:test_with_thresholds:285 - False Positive Rate (FPR): 0.2788
2025-10-01 00:02:49.567 | INFO     | agents.servers.serverFedMSE:test_on_clients:200 - [Client 18] Multiplier 0.0: ACC=0.7480, P=0.2793, R=0.9946, F1=0.4361, AUC=0.8579
2025-10-01 00:02:49.587 | INFO     | agents.servers.serverFedMSE:test_on_clients:183 - Client 19 test params:  threshold_z (mean=0.000067, std=0.000007), best epoch 403
2025-10-01 00:02:51.288 | DEBUG    | agents.clients.clientFedMSE:test_with_thresholds:279 - Classification Report:
              precision    recall  f1-score   support

           0       1.00      0.73      0.84      3416
           1       0.26      1.00      0.41       330

    accuracy                           0.75      3746
   macro avg       0.63      0.86      0.63      3746
weighted avg       0.93      0.75      0.80      3746

2025-10-01 00:02:51.289 | DEBUG    | agents.clients.clientFedMSE:test_with_thresholds:283 - Confusion Matrix:
[[2477  939]
 [   1  329]]
2025-10-01 00:02:51.289 | DEBUG    | agents.clients.clientFedMSE:test_with_thresholds:284 - ROC AUC Score: 0.8610433964942164
2025-10-01 00:02:51.289 | DEBUG    | agents.clients.clientFedMSE:test_with_thresholds:285 - False Positive Rate (FPR): 0.2749
2025-10-01 00:03:32.500 | INFO     | agents.servers.serverFedMSE:test_on_clients:200 - [Client 19] Multiplier 0.0: ACC=0.7491, P=0.2595, R=0.9970, F1=0.4118, AUC=0.8610
2025-10-01 00:03:32.521 | INFO     | agents.servers.serverFedMSE:_log_avg_auc:251 - 
====== AVERAGE AUC PER MULTIPLIER ======
Multiplier   All Clients          Benign Clients       Poisoned Clients    
---------------------------------------------------------------------------
0.0          0.855920             0.855920             0.000000            
0.2          0.857574             0.857574             0.000000            
0.4          0.859336             0.859336             0.000000            
0.6          0.861232             0.861232             0.000000            
0.8          0.862990             0.862990             0.000000            
1.0          0.864791             0.864791             0.000000            
1.2          0.866581             0.866581             0.000000            
1.4          0.868338             0.868338             0.000000            
1.6          0.870266             0.870266             0.000000            
1.8          0.872052             0.872052             0.000000            
2.0          0.874112             0.874112             0.000000            
2.2          0.876150             0.876150             0.000000            
2.4          0.878334             0.878334             0.000000            
2.6          0.880304             0.880304             0.000000            
2.8          0.882304             0.882304             0.000000            
3.0          0.884327             0.884327             0.000000            
3.2          0.886180             0.886180             0.000000            
3.4          0.888093             0.888093             0.000000            
3.6          0.889718             0.889718             0.000000            
3.8          0.891571             0.891571             0.000000            
4.0          0.893174             0.893174             0.000000            
4.2          0.894880             0.894880             0.000000            
4.4          0.896541             0.896541             0.000000            
4.6          0.898101             0.898101             0.000000            
4.8          0.899713             0.899713             0.000000            
5.0          0.901204             0.901204             0.000000            

